event,fold,type,type_group,population,n_windows,n_counties,model,seed,path_mse,mse_1h,mse_6h,mse_24h,mean_signed_error,oob_fraction
2018-01-16,0,winter,winter,all,2523,220,NET,9201,7.705806331329115e-05,1.7362770692839358e-05,5.47602031718552e-05,0.0001243064632601632,0.00021264693055548752,0.437875369579915
2018-01-16,0,winter,winter,all,2523,220,NET,9202,0.00011896555106743753,1.7654434440826234e-05,6.552306814551544e-05,0.00023173067523196166,0.0021109680274710866,0.3951838123997215
2018-01-16,0,winter,winter,all,2523,220,NET,9203,0.0001718584609576003,1.8234398938413234e-05,8.408429407885754e-05,0.0003126439923764619,0.008156952780359944,0.10489199878404423
2018-01-16,0,winter,winter,all,2523,220,NET,9204,0.00010382293904874967,1.7676417950596683e-05,5.7971473445513206e-05,0.00021391130982213171,-0.0018404293323824542,0.5828253249275976
2018-01-16,0,winter,winter,all,2523,220,NET,9205,7.290735090582055e-05,1.748827727893473e-05,5.622456436594519e-05,0.00011008118108572434,0.0010243363494865081,0.4102661416865962
2018-01-16,0,winter,winter,all,2523,220,ASYM,9201,4.693072643158687e-05,1.7293046455886415e-05,4.8826343556481654e-05,4.184271533237631e-05,-0.00012727523569297123,0.0
2018-01-16,0,winter,winter,all,2523,220,ASYM,9202,4.725353335522276e-05,1.7295824620900846e-05,4.893834880879526e-05,4.252768881459829e-05,-0.0001245567281018068,0.0
2018-01-16,0,winter,winter,all,2523,220,ASYM,9203,4.881680989069257e-05,1.730836156642548e-05,4.989550514889879e-05,4.5044085739297875e-05,-0.00011335535689774338,0.0
2018-01-16,0,winter,winter,all,2523,220,ASYM,9204,4.28372880534361e-05,1.7286059838196325e-05,4.565704558863186e-05,3.6418040572871515e-05,-0.00015084854499830937,0.0
2018-01-16,0,winter,winter,all,2523,220,ASYM,9205,4.936412073911978e-05,1.7297020247726988e-05,5.028551067621335e-05,4.5860343335857945e-05,-0.00011355267017176074,0.0
2018-01-16,0,winter,winter,all,2523,220,PERSISTENCE,0,5.0144499401784154e-05,1.730991654022137e-05,5.0705827773488985e-05,4.726531675864202e-05,-0.00012353222756227123,0.0
2018-01-16,0,winter,winter,affected,505,44,NET,9201,0.0002188647362181687,8.407327481595495e-05,0.0002143313527910773,0.00024201688102779709,-0.0014116828260836401,0.46952755262414353
2018-01-16,0,winter,winter,affected,505,44,NET,9202,0.0002653802819770742,8.436460928335584e-05,0.00023103475274550874,0.00037944451333881134,0.0007463911740986613,0.4422193967648514
2018-01-16,0,winter,winter,affected,505,44,NET,9203,0.00031683813714990174,8.452690822474251e-05,0.00024508792107882465,0.0004480068220363954,0.008410344168254966,0.06698762096489369
2018-01-16,0,winter,winter,affected,505,44,NET,9204,0.0002779391283413276,8.540595187277819e-05,0.00023002528613269186,0.0003897601160884464,-0.0028999480188084434,0.5773921469944198
2018-01-16,0,winter,winter,affected,505,44,NET,9205,0.00022448100124066353,8.488211486784823e-05,0.00022670614671164684,0.00023436287271132942,0.0005396940243352545,0.35558215458783643
2018-01-16,0,winter,winter,affected,505,44,ASYM,9201,0.0002340887466469795,8.623049563259155e-05,0.00024375043995544216,0.0002084349434108741,-0.0006120808170215139,0.0
2018-01-16,0,winter,winter,affected,505,44,ASYM,9202,0.0002356991215733879,8.624410988647782e-05,0.00024430886123987574,0.00021184796336818894,-0.0006037990892287878,0.0
2018-01-16,0,winter,winter,affected,505,44,ASYM,9203,0.0002435083952034749,8.630653942678247e-05,0.0002490919116681501,0.00022441608481379101,-0.0005571085732402637,0.0
2018-01-16,0,winter,winter,affected,505,44,ASYM,9204,0.00021363026415794134,8.619570827958874e-05,0.0002279075771918949,0.00018132480870732107,-0.000732314117949787,0.0
2018-01-16,0,winter,winter,affected,505,44,ASYM,9205,0.00024625457399698086,8.625025487885802e-05,0.00025104565397833446,0.0002285225144359218,-0.0005568937085040511,0.0
2018-01-16,0,winter,winter,affected,505,44,PERSISTENCE,0,0.00025014942117362307,8.631427036957968e-05,0.0002531432831028559,0.0002355409743699618,-0.0005527755926002885,0.0
2018-01-16,0,winter,winter,unaffected,2018,176,NET,9201,4.160639508707178e-05,6.851446620604567e-07,1.4867415767049644e-05,9.487885881825473e-05,0.0006187293697152694,0.4299623238188579
2018-01-16,0,winter,winter,unaffected,2018,176,NET,9202,8.236186834002836e-05,9.768907301938299e-07,2.4145146995517084e-05,0.00019480221570524926,0.0024521122408141926,0.383424916308439
2018-01-16,0,winter,winter,unaffected,2018,176,NET,9203,0.00013561354190952496,1.6612716168309135e-06,4.3833387328865763e-05,0.00027880328496147845,0.00809360493338619,0.11436809323883187
2018-01-16,0,winter,winter,unaffected,2018,176,NET,9204,6.029389172560518e-05,7.440344700513037e-07,1.4958020273718576e-05,0.00016994910825555304,-0.001575549660775957,0.5841836194108921
2018-01-16,0,winter,winter,unaffected,2018,176,NET,9205,3.501393832210982e-05,6.398178817063557e-07,1.3604168779519768e-05,7.90107581793231e-05,0.0011454969307743213,0.4239371384612862
2018-01-16,0,winter,winter,unaffected,2018,176,ASYM,9201,1.4122137773870626e-07,5.86841617101326e-08,9.531945674154841e-08,1.9465831275187384e-07,-6.07384036083556e-06,0.0
2018-01-16,0,winter,winter,unaffected,2018,176,ASYM,9202,1.421363006814703e-07,5.8753304506600924e-08,9.572070102513462e-08,1.976201762006224e-07,-4.746137820061538e-06,0.0
2018-01-16,0,winter,winter,unaffected,2018,176,ASYM,9203,1.4391356249698674e-07,5.881710133624038e-08,9.640351908594001e-08,2.0108597067458106e-07,-2.417052812113285e-06,0.0
2018-01-16,0,winter,winter,unaffected,2018,176,ASYM,9204,1.390440273097947e-07,5.8647727848213816e-08,9.441268781611255e-08,1.9134853925912381e-07,-5.482151760440033e-06,0.0
2018-01-16,0,winter,winter,unaffected,2018,176,ASYM,9205,1.415074246545208e-07,5.871158994423751e-08,9.547485068308262e-08,1.9480056084197859e-07,-2.71741058868817e-06,0.0
2018-01-16,0,winter,winter,unaffected,2018,176,PERSISTENCE,0,1.432689588244278e-07,5.882808288178926e-08,9.646394114724213e-08,1.9640235581206958e-07,-1.622138630276689e-05,0.0
2018-10-11,0,tropical,wind_tropical,all,2503,125,NET,9201,0.004631191573906975,0.0003903630659126904,0.0022098032013474172,0.008297261948076253,-0.004263487515263076,0.28652014652014657
2018-10-11,0,tropical,wind_tropical,all,2503,125,NET,9202,0.003768073582192441,0.0003865624642171885,0.0020883466711706152,0.006617459948941398,0.001955961229388171,0.2034927503052503
2018-10-11,0,tropical,wind_tropical,all,2503,125,NET,9203,0.003918065122332052,0.0003841209115577302,0.0021075234938096677,0.0065666215475941835,-0.0016963685917152857,0.259284188034188
2018-10-11,0,tropical,wind_tropical,all,2503,125,NET,9204,0.004062139920974692,0.00038948464317609084,0.0020661238547347925,0.007194661179450562,0.0029854703037920775,0.3079953449328449
2018-10-11,0,tropical,wind_tropical,all,2503,125,NET,9205,0.003858604660644222,0.0003868342037906093,0.0020254981601891438,0.0067189666689943,-0.002883430105709262,0.31451648351648354
2018-10-11,0,tropical,wind_tropical,all,2503,125,ASYM,9201,0.005859368341434504,0.00042041196652771977,0.003247055482373894,0.00912000038070319,-0.001950235174803194,0.0
2018-10-11,0,tropical,wind_tropical,all,2503,125,ASYM,9202,0.0043284487437297734,0.00040865323153414177,0.0031107373109660426,0.006363734155178349,-0.0017773151515498107,0.0
2018-10-11,0,tropical,wind_tropical,all,2503,125,ASYM,9203,0.005391957607865628,0.000392948050028664,0.004070848836681271,0.007561369234152993,-0.003452301235261797,0.0
2018-10-11,0,tropical,wind_tropical,all,2503,125,ASYM,9204,0.007066567944727122,0.00040567915573343883,0.004804035605509017,0.00994637250551305,0.002174966556550946,0.0
2018-10-11,0,tropical,wind_tropical,all,2503,125,ASYM,9205,0.006662118962243918,0.00045503818861517426,0.0036663918173326085,0.01003977601107492,-0.001316412660497141,0.0
2018-10-11,0,tropical,wind_tropical,all,2503,125,PERSISTENCE,0,0.0057355984806473,0.00040052988964238103,0.0027825263705054124,0.01060202956525994,-0.0010658960274335474,0.0
2018-10-11,0,tropical,wind_tropical,affected,2197,108,NET,9201,0.005325507972268865,0.00045010255943878774,0.002535000297129442,0.009547931973898546,-0.0058616315565883405,0.2788352015782571
2018-10-11,0,tropical,wind_tropical,affected,2197,108,NET,9202,0.0042794150897075755,0.00044592560461334985,0.002386808939527949,0.007514279023659551,0.000755801529497535,0.18174546646768872
2018-10-11,0,tropical,wind_tropical,affected,2197,108,NET,9203,0.0044318921390969915,0.00044240141701390445,0.0024005251348486237,0.007411964100251124,-0.0025500585667206014,0.22663280649391757
2018-10-11,0,tropical,wind_tropical,affected,2197,108,NET,9204,0.004571458159242122,0.0004485786134817009,0.002342392409380065,0.008084010853043158,0.0027761973718652792,0.2694074187129742
2018-10-11,0,tropical,wind_tropical,affected,2197,108,NET,9205,0.004393560427107663,0.00044618507245990785,0.0023146298312648607,0.007651007796807831,-0.004127217962675913,0.2808535985619319
2018-10-11,0,tropical,wind_tropical,affected,2197,108,ASYM,9201,0.006772135044912829,0.00048621576912618024,0.003755901944657242,0.010534124580446653,-0.0025273360986391904,0.0
2018-10-11,0,tropical,wind_tropical,affected,2197,108,ASYM,9202,0.0049872751345116555,0.0004724170518690458,0.0035958814955119535,0.007325177359054853,-0.00248164090516616,0.0
2018-10-11,0,tropical,wind_tropical,affected,2197,108,ASYM,9203,0.006232224059619833,0.0004541449401072906,0.0047076945949200465,0.008737859094675334,-0.004259872379075712,0.0
2018-10-11,0,tropical,wind_tropical,affected,2197,108,ASYM,9204,0.008149816069371995,0.00046880222529069744,0.005554643722720433,0.011467505063227882,0.0020665661109394748,0.0
2018-10-11,0,tropical,wind_tropical,affected,2197,108,ASYM,9205,0.007687004942514077,0.0005256935434023553,0.00423767430022446,0.011559116345237697,-0.0019367553374097998,0.0
2018-10-11,0,tropical,wind_tropical,affected,2197,108,PERSISTENCE,0,0.0066382286794771945,0.0004634830347068515,0.003220342282162599,0.0122705701306555,-0.0012355659787695423,0.0
2018-10-11,0,tropical,wind_tropical,unaffected,306,17,NET,9201,0.00022024033725496703,1.0841577629248439e-05,0.00014384518108514336,0.0003518288428522744,0.0058894275708033,0.33534214968038495
2018-10-11,0,tropical,wind_tropical,unaffected,306,17,NET,9202,0.0005195510638610033,9.431925229811391e-06,0.0001922334369004906,0.0009200211213201875,0.009580505205163983,0.3416519652732888
2018-10-11,0,tropical,wind_tropical,unaffected,306,17,NET,9203,0.0006537523099430268,1.3868288659681881e-05,0.00024610130367983186,0.0011962100365971414,0.0037270736024361335,0.46671649429002365
2018-10-11,0,tropical,wind_tropical,unaffected,306,17,NET,9204,0.0008264711131580712,1.4064125940450713e-05,0.00031100597816482756,0.0015446750178034787,0.00431496893015056,0.5531421703296703
2018-10-11,0,tropical,wind_tropical,unaffected,306,17,NET,9205,0.00046006214428824337,9.781626362124255e-06,0.00018866166159047187,0.0007977642099436368,0.005018280985608286,0.5283748114630468
2018-10-11,0,tropical,wind_tropical,unaffected,306,17,ASYM,9201,6.0615166395745e-05,2.3642794316179804e-06,1.4383839632617964e-05,0.00013615252350944622,0.0017160530472137248,0.0
2018-10-11,0,tropical,wind_tropical,unaffected,306,17,ASYM,9202,0.00014296343758604804,3.5654317594573706e-06,2.8644844439081223e-05,0.00025574203643349445,0.0026972249302481756,0.0
2018-10-11,0,tropical,wind_tropical,unaffected,306,17,ASYM,9203,5.379426730949862e-05,4.167807176213784e-06,2.5005196105526365e-05,8.719835554047442e-05,0.0016781507372030777,0.0
2018-10-11,0,tropical,wind_tropical,unaffected,306,17,ASYM,9204,0.00018475632933616956,4.662007957913811e-06,3.546639028355603e-05,0.00028270684473647367,0.0028636282110238312,0.0
2018-10-11,0,tropical,wind_tropical,unaffected,306,17,ASYM,9205,0.00015107861699820282,6.168875849553194e-06,3.7067808372615736e-05,0.00038749624109961616,0.002624587875183277,0.0
2018-10-11,0,tropical,wind_tropical,unaffected,306,17,PERSISTENCE,0,1.2419233750240827e-06,5.922621739802968e-07,1.1076376244666149e-06,1.889502746976504e-06,1.2007192818656152e-05,0.0
2019-02-20,1,winter,winter,all,5954,315,NET,9201,0.00019986800220346383,0.00018099402686147308,0.00013894372306730586,0.0004043152932989086,0.003220100194778586,0.36471716783640895
2019-02-20,1,winter,winter,all,5954,315,NET,9202,0.0002017426813161686,0.00018005885277168934,0.0001511289189511604,0.0003987566581694018,0.0003929545976182697,0.4991626172374919
2019-02-20,1,winter,winter,all,5954,315,NET,9203,0.0001761612464047332,0.00015360089094044435,0.00011789044806406819,0.0003995471210091384,0.002550151182705771,0.35570343740501054
2019-02-20,1,winter,winter,all,5954,315,NET,9204,0.0002134752640223324,0.00016746425263642383,0.00015154061307803496,0.00042965207733224574,-0.0004108938687565495,0.48873011237556174
2019-02-20,1,winter,winter,all,5954,315,NET,9205,0.00026124741033767593,0.00031477757060561395,0.0001920852013608834,0.0004925398468114042,0.007578193144428576,0.12469168614512059
2019-02-20,1,winter,winter,all,5954,315,ASYM,9201,0.00011658264940289291,1.1754282018181231e-05,5.40511319802421e-05,0.0003578568177719124,-0.00023542213542652223,0.0
2019-02-20,1,winter,winter,all,5954,315,ASYM,9202,0.00010628253423307694,1.1082179054045611e-05,5.2519788324494255e-05,0.00033548172124589254,-0.0003691446697158506,0.0
2019-02-20,1,winter,winter,all,5954,315,ASYM,9203,0.00011026772562908467,1.1428950660448948e-05,5.1661670840335985e-05,0.0003462915498617579,-0.0004707525090966041,0.0
2019-02-20,1,winter,winter,all,5954,315,ASYM,9204,0.00010993262984143942,1.165315667395196e-05,5.061542074044649e-05,0.00034713798418069437,-0.00031571559443292584,0.0
2019-02-20,1,winter,winter,all,5954,315,ASYM,9205,0.00010592032421307669,1.0053122115064488e-05,5.039921603198864e-05,0.00033670248705764425,-0.0003855269665423241,0.0
2019-02-20,1,winter,winter,all,5954,315,PERSISTENCE,0,0.0001321605286795755,1.3565872676660264e-05,6.218350287286502e-05,0.00038518639667643745,-0.0002753554804279471,0.0
2019-02-20,1,winter,winter,affected,3218,171,NET,9201,0.0002523947923921537,0.00018241419372679117,0.00015913275516439692,0.0006266519016951174,0.0025123707297581145,0.3610098472553323
2019-02-20,1,winter,winter,affected,3218,171,NET,9202,0.00027847317230954993,0.0001778962008478496,0.00019995508340309173,0.00066875111469375,-0.0004869791830794286,0.5059081859613245
2019-02-20,1,winter,winter,affected,3218,171,NET,9203,0.00024904227242606857,0.00015926353011914109,0.00015511773379851972,0.0006528323902380857,0.002030671945974448,0.3339279329061253
2019-02-20,1,winter,winter,affected,3218,171,NET,9204,0.00032669933249953356,0.0001940565567633486,0.0002365189756890154,0.0006705387931984924,-0.0011728465142477919,0.48060187213026095
2019-02-20,1,winter,winter,affected,3218,171,NET,9205,0.00029884343159728533,0.0002908239558545732,0.00020838416536650238,0.0006662867717355072,0.00623757738960221,0.12668783215003318
2019-02-20,1,winter,winter,affected,3218,171,ASYM,9201,0.0002138318873855301,2.1532463423317546e-05,9.904652539341932e-05,0.0006576540129086512,-0.0006110903103536858,0.0
2019-02-20,1,winter,winter,affected,3218,171,ASYM,9202,0.00019369654466342936,2.0296554638830737e-05,9.598584589943235e-05,0.0006141062008712658,-0.0009324288742120391,0.0
2019-02-20,1,winter,winter,affected,3218,171,ASYM,9203,0.000202577244675399,2.0947647337887973e-05,9.488749541992415e-05,0.000636917719347098,-0.0009264982074896802,0.0
2019-02-20,1,winter,winter,affected,3218,171,ASYM,9204,0.00020113445659252846,2.1348793827742672e-05,9.266052819830161e-05,0.0006370176235813399,-0.0007664375271461076,0.0
2019-02-20,1,winter,winter,affected,3218,171,ASYM,9205,0.00019309661125035623,1.838071343712649e-05,9.179859535416246e-05,0.0006172633071509556,-0.0009238734108584126,0.0
2019-02-20,1,winter,winter,affected,3218,171,PERSISTENCE,0,0.00024308986545078774,2.4881959543784823e-05,0.00011429587791552034,0.0007089851604812185,-0.0004855790432639926,0.0
2019-02-20,1,winter,winter,unaffected,2736,144,NET,9201,0.0001374924388543946,0.0001793075787089078,0.00011496924745201025,0.00014029057082841064,0.004060528934490397,0.3691196110264375
2019-02-20,1,winter,winter,unaffected,2736,144,NET,9202,0.00011062522326152829,0.000182627001931249,9.314784866449195e-05,7.813824104673826e-05,0.0014378759621967866,0.49115225437794074
2019-02-20,1,winter,winter,unaffected,2736,144,NET,9203,8.961502800439735e-05,0.00014687650691574202,7.368304625440697e-05,9.877086379976352e-05,0.0031670327763242178,0.3815618489974369
2019-02-20,1,winter,winter,unaffected,2736,144,NET,9204,7.902168270565613e-05,0.00013588589148570059,5.062880747749566e-05,0.00014359910224107813,0.0004939248977643007,0.4983823976668565
2019-02-20,1,winter,winter,unaffected,2736,144,NET,9205,0.00021660213509188964,0.00034322248812247475,0.00017273018160421084,0.00028621537346403176,0.009170174353284885,0.12232126276428687
2019-02-20,1,winter,winter,unaffected,2736,144,ASYM,9201,1.09917929851127e-06,1.4269159958186136e-07,6.191023020941783e-07,1.8476485470351319e-06,0.00021068382229948442,0.0
2019-02-20,1,winter,winter,unaffected,2736,144,ASYM,9202,2.4783968470334527e-06,1.4010804711327193e-07,9.038449542552732e-07,4.615151690761849e-06,0.0002997553231233734,0.0
2019-02-20,1,winter,winter,unaffected,2736,144,ASYM,9203,6.501717615864025e-07,1.254983559901007e-07,3.310041520750685e-07,1.172973597916319e-06,7.04455077451738e-05,0.0
2019-02-20,1,winter,winter,unaffected,2736,144,ASYM,9204,1.6304605745211597e-06,1.3958755382548396e-07,6.868556342435727e-07,2.905912392427761e-06,0.0002195167006639773,0.0
2019-02-20,1,winter,winter,unaffected,2736,144,ASYM,9205,2.398483356307206e-06,1.641074201158642e-07,1.2374530869072306e-06,3.5365131968371074e-06,0.00025375943608303117,0.0
2019-02-20,1,winter,winter,unaffected,2736,144,PERSISTENCE,0,4.319412637610101e-07,1.2801952194985246e-07,3.000575097118468e-07,6.753646582601546e-07,-2.5714999560143255e-05,0.0
2019-02-24,1,wind,wind_tropical,all,7833,442,NET,9201,0.0009724399063761522,0.00044750951706456116,0.0009906341297786512,0.0012213612904950423,-0.0030727439351355677,0.42324327180040594
2019-02-24,1,wind,wind_tropical,all,7833,442,NET,9202,0.0009986619636849264,0.00034458965031084024,0.0009395963525079272,0.001335451341436516,-0.0032168162230393864,0.31581383300337956
2019-02-24,1,wind,wind_tropical,all,7833,442,NET,9203,0.0010650751509697577,0.0003472354783423162,0.0010976505818538923,0.001324279098831441,-0.0044467306110014615,0.32966925484414766
2019-02-24,1,wind,wind_tropical,all,7833,442,NET,9204,0.0011017284376032962,0.00038533647273673855,0.0010995603532797812,0.0013736797658708806,-0.004155037301514356,0.37600287569327817
2019-02-24,1,wind,wind_tropical,all,7833,442,NET,9205,0.0011527558580706212,0.00042467334044352426,0.0011643016750103646,0.0014157027556308934,-0.0002458677779304731,0.2281306131050862
2019-02-24,1,wind,wind_tropical,all,7833,442,ASYM,9201,0.0011257139535438283,0.00019525792724669707,0.0011123236738608848,0.0013496647652682626,-0.005056872966514242,0.0
2019-02-24,1,wind,wind_tropical,all,7833,442,ASYM,9202,0.0011270222796306946,0.00025709487135176237,0.0011598346667502724,0.0013049719839339443,-0.00656658174392039,0.0
2019-02-24,1,wind,wind_tropical,all,7833,442,ASYM,9203,0.0011195076334231074,0.0002562075119656527,0.0011102193252547203,0.0013356144487138618,-0.005210870708691099,0.0
2019-02-24,1,wind,wind_tropical,all,7833,442,ASYM,9204,0.0010855572342436488,0.00018835671866789387,0.0010353957921750846,0.001334411628983421,-0.00625230959752872,0.0
2019-02-24,1,wind,wind_tropical,all,7833,442,ASYM,9205,0.0012185848380267233,0.00034697363619615363,0.001332002432277387,0.0013411684757950368,-0.00652709841949061,0.0
2019-02-24,1,wind,wind_tropical,all,7833,442,PERSISTENCE,0,0.0013186631824150113,0.00018375706297123055,0.0009624264241037357,0.00214045386333156,0.0006680029306956265,0.0
2019-02-24,1,wind,wind_tropical,affected,5134,289,NET,9201,0.001392410238973687,0.0004984478414047765,0.0014104275124497102,0.0017933401808283601,-0.005634687101402939,0.36616503854711835
2019-02-24,1,wind,wind_tropical,affected,5134,289,NET,9202,0.0014789284077777252,0.0004314484709261113,0.0013901896532782058,0.002009752684633229,-0.005879726373671143,0.27517971367879174
2019-02-24,1,wind,wind_tropical,affected,5134,289,NET,9203,0.0015968168203627862,0.00046823955348354905,0.0016512906308086093,0.0019824889305674704,-0.007570918634545614,0.27405636186880494
2019-02-24,1,wind,wind_tropical,affected,5134,289,NET,9204,0.0016103135748730827,0.0004810751273135041,0.0015742157304459896,0.0020425043106824777,-0.006943603805701749,0.32115768674597894
2019-02-24,1,wind,wind_tropical,affected,5134,289,NET,9205,0.001645954205325293,0.0004754540308414511,0.0016762915603225834,0.002027934341005425,-0.003968941041299566,0.20459122073923566
2019-02-24,1,wind,wind_tropical,affected,5134,289,ASYM,9201,0.001721244106945057,0.0002985275179097569,0.0017008844641842374,0.0020634806838046612,-0.007786074080960549,0.0
2019-02-24,1,wind,wind_tropical,affected,5134,289,ASYM,9202,0.0017215955940564972,0.00039308568372973445,0.0017732932285962086,0.001989904156290303,-0.01017275658640607,0.0
2019-02-24,1,wind,wind_tropical,affected,5134,289,ASYM,9203,0.00171180685330617,0.00039174491824432733,0.0016976851002159302,0.0020421515761194485,-0.007981622221856383,0.0
2019-02-24,1,wind,wind_tropical,affected,5134,289,ASYM,9204,0.0016598380420914925,0.0002879736721321851,0.0015831964786458545,0.0020403897086615835,-0.009588186753291515,0.0
2019-02-24,1,wind,wind_tropical,affected,5134,289,ASYM,9205,0.0018614161691223137,0.000530545479835425,0.002036655190962924,0.0020444089971694323,-0.010086999265862933,0.0
2019-02-24,1,wind,wind_tropical,affected,5134,289,PERSISTENCE,0,0.002016356034831366,0.0002809249150416087,0.0014716168332653372,0.003273095946156668,0.0010211274550671876,0.0
2019-02-24,1,wind,wind_tropical,unaffected,2699,153,NET,9201,0.0001791626114696975,0.0003512926821997097,0.00019769107362220648,0.00014095671986544272,0.0017664820455916912,0.5310577123899493
2019-02-24,1,wind,wind_tropical,unaffected,2699,153,NET,9202,9.149201373186196e-05,0.00018052298914866154,8.84756732751788e-05,6.17710265093919e-05,0.001813125172598375,0.39256716950537895
2019-02-24,1,wind,wind_tropical,unaffected,2699,153,NET,9203,6.067421989403776e-05,0.0001186722252977655,5.1886044939426296e-05,8.099386110782918e-05,0.0014545134334708293,0.4347158304642395
2019-02-24,1,wind,wind_tropical,unaffected,2699,153,NET,9204,0.00014106762276036645,0.00020449679186951476,0.0002029890852991644,0.00011034451456008691,0.0011122549841729417,0.47959934370484336
2019-02-24,1,wind,wind_tropical,unaffected,2699,153,NET,9205,0.00022115897992290795,0.0003287542585807737,0.000197209669420618,0.00025926531659011085,0.006786603941766705,0.2725939097961372
2019-02-24,1,wind,wind_tropical,unaffected,2699,153,ASYM,9201,8.236637859527703e-07,1.9314488313962242e-07,5.977365834405076e-07,1.3458080328436793e-06,9.828469410655648e-05,0.0
2019-02-24,1,wind,wind_tropical,unaffected,2699,153,ASYM,9202,3.93935238195556e-06,2.233368600372759e-07,1.0796054857266358e-06,1.1211213927488071e-05,0.0002450818474414527,0.0
2019-02-24,1,wind,wind_tropical,unaffected,2699,153,ASYM,9203,7.202180884331085e-07,1.9241121704516685e-07,5.617503279909582e-07,1.0443191699751773e-06,2.2771038398879873e-05,0.0
2019-02-24,1,wind,wind_tropical,unaffected,2699,153,ASYM,9204,8.045971977213869e-07,1.9136212423261374e-07,6.611621747412466e-07,8.974784802255271e-07,4.8791696689892016e-05,0.0
2019-02-24,1,wind,wind_tropical,unaffected,2699,153,ASYM,9205,4.347879290607542e-06,2.268204330853501e-07,9.916658713727988e-07,1.2825268754512045e-05,0.00019715873476821766,0.0
2019-02-24,1,wind,wind_tropical,unaffected,2699,153,PERSISTENCE,0,7.98905628564398e-07,2.1778683829396205e-07,6.223179095992708e-07,1.018817995246302e-06,9.899402160107728e-07,0.0
2019-11-27,2,wind,wind_tropical,all,4874,282,NET,9201,0.0002827920559754519,2.4283578886879263e-05,0.00011412544195688779,0.0005694630205636456,0.001313589400015853,0.5079040459263374
2019-11-27,2,wind,wind_tropical,all,4874,282,NET,9202,0.0002810456554793955,2.508935172121889e-05,0.0001281477231965636,0.00047150066040926685,-0.0014217950018033316,0.572639969549964
2019-11-27,2,wind,wind_tropical,all,4874,282,NET,9203,0.0003579767050851623,2.5677333939521758e-05,0.00012969327111942336,0.0007257890950905465,0.003469406263608073,0.4528056345181438
2019-11-27,2,wind,wind_tropical,all,4874,282,NET,9204,0.00027335438866804356,2.579110195945681e-05,0.0001255242610378021,0.0005021476748915066,-0.001191787429690461,0.5919070676072473
2019-11-27,2,wind,wind_tropical,all,4874,282,NET,9205,0.00024093953607166594,2.4574174860511056e-05,0.00011054203174448138,0.0004013424821313059,-0.0012100497963183153,0.5791358282635929
2019-11-27,2,wind,wind_tropical,all,4874,282,ASYM,9201,0.0001245179037648947,2.2891708004018716e-05,5.9431909883842506e-05,0.00018009502681085908,0.0011876578454737088,0.0
2019-11-27,2,wind,wind_tropical,all,4874,282,ASYM,9202,0.00010601699810028596,2.2950713680952127e-05,5.9153748358448894e-05,0.0001090519183233954,0.0007010982573170673,0.0
2019-11-27,2,wind,wind_tropical,all,4874,282,ASYM,9203,0.00010293013596038204,2.3263480609879518e-05,5.989926292185989e-05,0.00010800943273463787,0.0005271121430586937,0.0
2019-11-27,2,wind,wind_tropical,all,4874,282,ASYM,9204,0.00010912673430498654,2.2571481930344957e-05,5.426389258252239e-05,0.00014096606788762254,0.0016512547279490678,0.0
2019-11-27,2,wind,wind_tropical,all,4874,282,ASYM,9205,0.00011039004988139972,2.2938255364449756e-05,5.3736083395071964e-05,0.00017399185862823177,0.000987060947252746,0.0
2019-11-27,2,wind,wind_tropical,all,4874,282,PERSISTENCE,0,0.0001301077502536683,2.3361655073164728e-05,6.818822515636409e-05,0.00015002517673719584,-9.289522919554631e-05,0.0
2019-11-27,2,wind,wind_tropical,affected,3009,165,NET,9201,0.000265663835793875,3.8288196267498005e-05,0.00012639216670567554,0.0004124264851485675,0.0008256753436384657,0.486809953625145
2019-11-27,2,wind,wind_tropical,affected,3009,165,NET,9202,0.0002750854178989089,3.924044072403526e-05,0.00013536704528859151,0.0004096474864391716,-0.0022661067470528037,0.5556085183313054
2019-11-27,2,wind,wind_tropical,affected,3009,165,NET,9203,0.0003556580300537051,4.022619006504692e-05,0.00013896373526197002,0.0006628872495027261,0.003121419319028185,0.429415920613588
2019-11-27,2,wind,wind_tropical,affected,3009,165,NET,9204,0.0002641724037265382,4.109646237810673e-05,0.00013852432544379326,0.0004479638682762035,-0.0018455325157043804,0.579081635901313
2019-11-27,2,wind,wind_tropical,affected,3009,165,NET,9205,0.00027597019959567495,3.944565688969376e-05,0.00012995715823709876,0.00042404372825027056,-0.0019671879783218823,0.570099002871132
2019-11-27,2,wind,wind_tropical,affected,3009,165,ASYM,9201,0.0001869022365427091,3.874820997493748e-05,9.783678407412652e-05,0.00022887312165672342,0.0007683368034894506,0.0
2019-11-27,2,wind,wind_tropical,affected,3009,165,ASYM,9202,0.00017584227894761322,3.8914401502932166e-05,9.845026972632672e-05,0.00017273973072801067,0.0003983281449048049,0.0
2019-11-27,2,wind,wind_tropical,affected,3009,165,ASYM,9203,0.00016849946509137366,3.941384649026076e-05,9.980463806449063e-05,0.00016254344699247075,-3.900021061913356e-06,0.0
2019-11-27,2,wind,wind_tropical,affected,3009,165,ASYM,9204,0.00016841118850255966,3.8194495341791883e-05,8.911195491519987e-05,0.00019164195673952882,0.0011153366193934473,0.0
2019-11-27,2,wind,wind_tropical,affected,3009,165,ASYM,9205,0.0001713883150280442,3.882200108833617e-05,8.954036078840066e-05,0.00022920891448147465,0.0004620257619315108,0.0
2019-11-27,2,wind,wind_tropical,affected,3009,165,PERSISTENCE,0,0.00022142584843857192,3.962025964700997e-05,0.00011574144301776299,0.00025531262028190076,-0.00014849545388722298,0.0
2019-11-27,2,wind,wind_tropical,unaffected,1865,117,NET,9201,0.0003069472382828038,4.533477452673351e-06,9.682621474705888e-05,0.0007909248012772172,0.002001673325676272,0.5376521248126344
2019-11-27,2,wind,wind_tropical,unaffected,1865,117,NET,9202,0.00028945111873392783,5.132687742888117e-06,0.00011796662793857543,0.0005587294954952989,-0.0002310989508104863,0.5966586828070466
2019-11-27,2,wind,wind_tropical,unaffected,1865,117,NET,9203,0.00036124663141157636,5.1597163266016586e-06,0.00011661953963634469,0.0008144968260477292,0.0039601570828874015,0.4857911284861071
2019-11-27,2,wind,wind_tropical,unaffected,1865,117,NET,9204,0.0002863033417906794,4.206619317771013e-06,0.00010719083687550682,0.0005785607355028316,-0.00026983923146570236,0.609994214884847
2019-11-27,2,wind,wind_tropical,unaffected,1865,117,NET,9205,0.00019153731828139682,3.6015719988431237e-06,8.316172515232867e-05,0.0003693279042712275,-0.00014229082169790096,0.5918800692016786
2019-11-27,2,wind,wind_tropical,unaffected,1865,117,ASYM,9201,3.653999856541282e-05,5.299744552871205e-07,5.271189871903514e-06,0.00011130540587438376,0.0017790080328874058,0.0
2019-11-27,2,wind,wind_tropical,unaffected,1865,117,ASYM,9202,7.5454481873885766e-06,4.378205986725787e-07,3.735577198621176e-06,1.9235772624579012e-05,0.001128081749180514,0.0
2019-11-27,2,wind,wind_tropical,unaffected,1865,117,ASYM,9203,1.0460569237188712e-05,4.87323599085472e-07,3.6224518232781287e-06,3.110248955051462e-05,0.0012759754514339093,0.0
2019-11-27,2,wind,wind_tropical,unaffected,1865,117,ASYM,9204,2.5520452744306556e-05,5.390271193300517e-07,5.119189292849033e-06,6.950007078878032e-05,0.0024070366759121223,0.0
2019-11-27,2,wind,wind_tropical,unaffected,1865,117,ASYM,9205,2.4366855443824216e-05,5.381011384561008e-07,3.242871686531504e-06,9.612165165570972e-05,0.0017274951829621805,0.0
2019-11-27,2,wind,wind_tropical,unaffected,1865,117,PERSISTENCE,0,1.325816915983667e-06,4.3285375107529267e-07,1.1259948390066146e-06,1.5428845587657277e-06,-1.4484655912412489e-05,0.0
2020-02-06,1,flood,convective_flood,all,2716,160,NET,9201,0.0011214900381041,0.0002574976460928237,0.0010322912726219197,0.0013520103464908391,0.0017076548379206095,0.37952251866045283
2020-02-06,1,flood,convective_flood,all,2716,160,NET,9202,0.0011771824200892018,0.00024689693592601483,0.0009392384645440907,0.0015132781618949474,-0.00013616721659850793,0.5005809293764317
2020-02-06,1,flood,convective_flood,all,2716,160,NET,9203,0.0009700629468152369,0.00022224491278948367,0.0007032432090194199,0.0012995033152304375,-0.00033979030719435526,0.40096872937384853
2020-02-06,1,flood,convective_flood,all,2716,160,NET,9204,0.0010427917243008816,0.0002614463464156276,0.000724750666985304,0.0014599076443678085,-0.004419235981305397,0.654740546764843
2020-02-06,1,flood,convective_flood,all,2716,160,NET,9205,0.00100411329285736,0.00019428634697322863,0.0006957085283363912,0.001423677833477128,0.0021950257890782044,0.22256730118034057
2020-02-06,1,flood,convective_flood,all,2716,160,ASYM,9201,0.0008465261686480604,8.010717459349447e-05,0.0003152880659224968,0.0016943753885673685,-7.684578051758593e-05,0.0
2020-02-06,1,flood,convective_flood,all,2716,160,ASYM,9202,0.0009319863391722544,8.645071888520434e-05,0.00037626315660244493,0.00182087495799166,0.0010083079493136916,0.0
2020-02-06,1,flood,convective_flood,all,2716,160,ASYM,9203,0.0008714955560771396,0.00011592882101356466,0.0003231506744783001,0.0017157640890927838,2.6916986218307026e-05,0.0
2020-02-06,1,flood,convective_flood,all,2716,160,ASYM,9204,0.0008851357983296531,7.928795471032444e-05,0.00036442194585000756,0.0017233152170106683,0.0004586820444655493,0.0
2020-02-06,1,flood,convective_flood,all,2716,160,ASYM,9205,0.0008640954373564297,8.14819525655511e-05,0.0003435711253385675,0.0017085675753147598,-9.72673399297041e-05,0.0
2020-02-06,1,flood,convective_flood,all,2716,160,PERSISTENCE,0,0.0009585614004715721,7.714834305007668e-05,0.0004330765766821132,0.001843792292557969,9.03112065760587e-06,0.0
2020-02-06,1,flood,convective_flood,affected,1536,89,NET,9201,0.0019204171846967369,0.00035761220771663186,0.0017284922892532037,0.002373516669292374,0.0008466003677227992,0.34660531070846706
2020-02-06,1,flood,convective_flood,affected,1536,89,NET,9202,0.0019995682025908874,0.00034556048528623683,0.0015812933027305456,0.0026121338285807366,-0.0008338809570308672,0.46729331544252445
2020-02-06,1,flood,convective_flood,affected,1536,89,NET,9203,0.001690725783572695,0.00030814744359086927,0.0012160014899483588,0.002290151959342946,-0.002320358619609825,0.4015590942899119
2020-02-06,1,flood,convective_flood,affected,1536,89,NET,9204,0.0018178339340199278,0.0003581261026858708,0.001264745648575694,0.002563365434504212,-0.005364157356635025,0.6071720080054646
2020-02-06,1,flood,convective_flood,affected,1536,89,NET,9205,0.0017565680201484858,0.00027608372019169734,0.0012093585412005945,0.002503105012674751,0.0007947627016992824,0.20011491338184126
2020-02-06,1,flood,convective_flood,affected,1536,89,ASYM,9201,0.001514046090381166,0.000143860817224924,0.000564702674515255,0.0030267190346591213,-0.0006663519256743624,0.0
2020-02-06,1,flood,convective_flood,affected,1536,89,ASYM,9202,0.0016239128179338744,0.00015489201342891066,0.0006578747462332796,0.0031619301797659164,0.000520835563970702,0.0
2020-02-06,1,flood,convective_flood,affected,1536,89,ASYM,9203,0.0015451156337598993,0.00020820148220054385,0.0005759255446870955,0.0030312760606366258,-0.0008256601465504042,0.0
2020-02-06,1,flood,convective_flood,affected,1536,89,ASYM,9204,0.0015645903893827052,0.000142230053821118,0.0006464880265180999,0.003040631579798388,-0.00011230376411846739,0.0
2020-02-06,1,flood,convective_flood,affected,1536,89,ASYM,9205,0.0015358837199546873,0.00014613409262498203,0.0006084483965841621,0.0030400383317341515,-0.0008005019143845298,0.0
2020-02-06,1,flood,convective_flood,affected,1536,89,PERSISTENCE,0,0.0017226985517506924,0.00013858666100427928,0.0007780663231043492,0.003314056887329828,2.1883952382484786e-05,0.0
2020-02-06,1,flood,convective_flood,unaffected,1180,71,NET,9201,0.0001200179811076958,0.00013200192800100785,0.00015958858980242235,7.153058973961919e-05,0.002787004807605187,0.4207849342622378
2020-02-06,1,flood,convective_flood,unaffected,1180,71,NET,9202,0.00014630446737582135,0.00012322009236179283,0.00013440916033853462,0.00013583936844374693,0.0007384316974645906,0.5423076567020337
2020-02-06,1,flood,convective_flood,unaffected,1180,71,NET,9203,6.66968556685648e-05,0.00011456427558774672,6.0489870953567225e-05,5.770431063870067e-05,0.0021428939154109513,0.4002286944790651
2020-02-06,1,flood,convective_flood,unaffected,1180,71,NET,9204,7.125994028686584e-05,0.00014025622940081568,4.7855549217068236e-05,7.66999919433027e-05,-0.0032347570742020616,0.7143687150688526
2020-02-06,1,flood,convective_flood,unaffected,1180,71,NET,9205,6.0895395267075986e-05,9.175161153035943e-05,5.183738545027724e-05,7.059305955334823e-05,0.003950285152130657,0.25071184363198057
2020-02-06,1,flood,convective_flood,unaffected,1180,71,ASYM,9201,9.775844222054796e-06,1.9063664705459078e-07,2.6415847287574303e-06,2.4254480086156944e-05,0.0006621126267916126,0.0
2020-02-06,1,flood,convective_flood,unaffected,1180,71,ASYM,9202,6.46418798795203e-05,6.581102318259967e-07,2.3257079459567735e-05,0.00013983390534505656,0.0016193648830534952,0.0
2020-02-06,1,flood,convective_flood,unaffected,1180,71,ASYM,9203,2.7098557291708654e-05,2.6309079326677776e-07,6.292034357416001e-06,6.674204025613659e-05,0.0010956404343368323,0.0
2020-02-06,1,flood,convective_flood,unaffected,1180,71,ASYM,9204,3.3425113770194e-05,3.8870371228746673e-07,1.0846154590004522e-05,7.203132562887814e-05,0.0011744248186060773,0.0
2020-02-06,1,flood,convective_flood,unaffected,1180,71,ASYM,9205,2.199463240931808e-05,4.3912911077146516e-07,1.1541869833526215e-05,3.9540852479183934e-05,0.0007842520562178945,0.0
2020-02-06,1,flood,convective_flood,unaffected,1180,71,PERSISTENCE,0,6.993376005628842e-07,1.3411350185090902e-07,6.246410260707013e-07,7.845610833849928e-07,-7.080175448228233e-06,0.0
2020-08-04,3,tropical,wind_tropical,all,1615,87,NET,9201,0.0029592618198986914,0.00032131676662938106,0.0018399140023940615,0.004955191741359701,0.0005770653882204014,0.31874979877008275
2020-08-04,3,tropical,wind_tropical,all,1615,87,NET,9202,0.0033241856063856963,0.00033678755992285007,0.001944625668269709,0.0055155894437572475,-0.007065057476664692,0.4129907223720612
2020-08-04,3,tropical,wind_tropical,all,1615,87,NET,9203,0.003255577648026169,0.0003268429972189256,0.001988526351151699,0.005523073337736298,0.009428885868606296,0.11465892870558184
2020-08-04,3,tropical,wind_tropical,all,1615,87,NET,9204,0.0029997520121918713,0.0003179355500157693,0.0018661942725658209,0.004866449529593383,0.005724581707128306,0.18071216402859405
2020-08-04,3,tropical,wind_tropical,all,1615,87,NET,9205,0.0030708837050733074,0.00032450001819494785,0.0019178805847762407,0.005108299357339627,0.007172675635251226,0.12503952361964532
2020-08-04,3,tropical,wind_tropical,all,1615,87,ASYM,9201,0.0035495409063688375,0.00035049654510901137,0.0022042328274670953,0.006096103081296273,-0.0033931171400733255,0.0
2020-08-04,3,tropical,wind_tropical,all,1615,87,ASYM,9202,0.004046398437408529,0.000349438131755118,0.0024079743915280485,0.006998781824662138,-8.035946697111185e-05,0.0
2020-08-04,3,tropical,wind_tropical,all,1615,87,ASYM,9203,0.004005884344227581,0.0003388124273086949,0.0023200263161728685,0.007091737463006484,0.0008711601938710672,0.0
2020-08-04,3,tropical,wind_tropical,all,1615,87,ASYM,9204,0.0036887198255479577,0.00032107447887553696,0.002097950026295768,0.006594520940341774,-0.0004714092141370461,0.0
2020-08-04,3,tropical,wind_tropical,all,1615,87,ASYM,9205,0.003939179480680882,0.000347479663202069,0.0023789421921784656,0.006800481467079236,-0.0006872456392820521,0.0
2020-08-04,3,tropical,wind_tropical,all,1615,87,PERSISTENCE,0,0.004541346937332208,0.0003438781754097964,0.002504533774657708,0.008253027712674417,0.003670405151932897,0.0
2020-08-04,3,tropical,wind_tropical,affected,1410,74,NET,9201,0.0032317028501449353,0.0003722160619808402,0.002009385721221812,0.005502912353596692,-0.0008030348583787976,0.29250321750321745
2020-08-04,3,tropical,wind_tropical,affected,1410,74,NET,9202,0.0038188739713276095,0.0003919663595288681,0.002193216260620245,0.006352641917786461,-0.008581845086714907,0.3947983697983698
2020-08-04,3,tropical,wind_tropical,affected,1410,74,NET,9203,0.003495840816506866,0.0003764671574714599,0.0021649213603853116,0.006030403370626496,0.007629751245303931,0.11018339768339766
2020-08-04,3,tropical,wind_tropical,affected,1410,74,NET,9204,0.0032206409473989443,0.000366459098250491,0.002036707398576852,0.005226311833889302,0.003843064655192391,0.1789843414843415
2020-08-04,3,tropical,wind_tropical,affected,1410,74,NET,9205,0.003324515870253157,0.0003781519315307181,0.0021651942283198566,0.005463330532405846,0.00551622395840827,0.11596954096954097
2020-08-04,3,tropical,wind_tropical,affected,1410,74,ASYM,9201,0.0041660291526531565,0.00041188537770545184,0.002590042855795941,0.007132510186724876,-0.004338837357765022,0.0
2020-08-04,3,tropical,wind_tropical,affected,1410,74,ASYM,9202,0.004739340208697854,0.0004104531217531303,0.002823858716525245,0.008174573209771127,-0.000725697178663036,0.0
2020-08-04,3,tropical,wind_tropical,affected,1410,74,ASYM,9203,0.004703449030897618,0.0003979997961444334,0.0027226463373853887,0.00832882930972026,0.0007913550254917431,0.0
2020-08-04,3,tropical,wind_tropical,affected,1410,74,ASYM,9204,0.004330834158283721,0.0003769888113864949,0.0024629530562293093,0.007743193911363337,-0.0008175679934317101,0.0
2020-08-04,3,tropical,wind_tropical,affected,1410,74,ASYM,9205,0.0045833214637761325,0.00040832295760359687,0.0027933495255292526,0.00790307205600743,-0.001433509540838777,0.0
2020-08-04,3,tropical,wind_tropical,affected,1410,74,PERSISTENCE,0,0.005338735240691159,0.0004041562537824919,0.002944134768087994,0.009702399693988728,0.00427210834490641,0.0
2020-08-04,3,tropical,wind_tropical,unaffected,205,13,NET,9201,0.0014084436477277652,3.158231616722959e-05,0.0008752288336822488,0.0018373974870876083,0.00843302063809276,0.46815341521223874
2020-08-04,3,tropical,wind_tropical,unaffected,205,13,NET,9202,0.0005082672213317279,2.269285447320945e-05,0.0005295715271974225,0.0007508292069755696,0.001568964303621141,0.5165471908684579
2020-08-04,3,tropical,wind_tropical,unaffected,205,13,NET,9203,0.0018879257659052762,4.436700808911547e-05,0.000984431683206518,0.00263519468897671,0.019670113724327434,0.14013502837032246
2020-08-04,3,tropical,wind_tropical,unaffected,205,13,NET,9204,0.001742384227166999,4.172458314119957e-05,0.0008955810937337953,0.002818002566678155,0.016434755695071204,0.19054746158818558
2020-08-04,3,tropical,wind_tropical,unaffected,205,13,NET,9205,0.0016271313802033935,1.9096819206717166e-05,0.000510095229220276,0.0030873526685011466,0.01660170825728038,0.17666865562793163
2020-08-04,3,tropical,wind_tropical,unaffected,205,13,ASYM,9201,4.030011982732932e-05,1.0524210985046368e-06,8.083435441356963e-06,0.000196554942702684,0.0019902133298640243,0.0
2020-08-04,3,tropical,wind_tropical,unaffected,205,13,ASYM,9202,0.00010196066237699168,2.1220348433555824e-06,4.0632849236314395e-05,0.00030581547865712134,0.003593101353429073,0.0
2020-08-04,3,tropical,wind_tropical,unaffected,205,13,ASYM,9203,3.513151241351609e-05,1.8997123975680743e-06,2.818927234775368e-05,4.9830027866536494e-05,0.0013254357677226014,0.0
2020-08-04,3,tropical,wind_tropical,unaffected,205,13,ASYM,9204,3.360746997515639e-05,2.7928938131613076e-06,2.024047128945513e-05,5.592095144979552e-05,0.0014990330680018085,0.0
2020-08-04,3,tropical,wind_tropical,unaffected,205,13,ASYM,9205,0.00027252511536945934,1.1409104549109193e-06,2.0008140797064023e-05,0.0005241965762572046,0.0035607181080408476,0.0
2020-08-04,3,tropical,wind_tropical,unaffected,205,13,PERSISTENCE,0,2.3673643658718487e-06,7.568062113758561e-07,2.1896582083882947e-06,2.756434423740155e-06,0.0002453254380836716,0.0
2020-10-29,4,tropical,wind_tropical,all,2309,140,NET,9201,0.0034771548883516068,0.0005481791520096913,0.002773194797319386,0.0054475653923505086,-0.004168613795201049,0.2896227474575689
2020-10-29,4,tropical,wind_tropical,all,2309,140,NET,9202,0.003621639244339908,0.0005504097487933532,0.002844701328437029,0.0055309981580550565,-0.011154131717350415,0.36846197948876525
2020-10-29,4,tropical,wind_tropical,all,2309,140,NET,9203,0.003358516134902383,0.0005478658323537444,0.0027860149194152387,0.005140083747686588,-0.004881293282002408,0.23882837731052017
2020-10-29,4,tropical,wind_tropical,all,2309,140,NET,9204,0.0038362549043363544,0.0005605753352499957,0.003023136345776956,0.005690045494278145,-0.011513671107706442,0.3923479050711194
2020-10-29,4,tropical,wind_tropical,all,2309,140,NET,9205,0.0037382386159901873,0.0005491990885341558,0.0028444104085933617,0.005946708042762441,-0.008601355432051351,0.1885854720676149
2020-10-29,4,tropical,wind_tropical,all,2309,140,ASYM,9201,0.0054934171875067,0.0006214011506672926,0.004541956143177941,0.007758113653481443,-0.015641928612027668,0.0
2020-10-29,4,tropical,wind_tropical,all,2309,140,ASYM,9202,0.003978877985582316,0.0005568328546797296,0.003056471972653994,0.006135678914123071,0.005087727191521163,0.0
2020-10-29,4,tropical,wind_tropical,all,2309,140,ASYM,9203,0.005625830663463937,0.0006723146802667537,0.004583801090789872,0.007707374226472833,-0.01372043623165748,0.0
2020-10-29,4,tropical,wind_tropical,all,2309,140,ASYM,9204,0.004919521266466957,0.0005619312755356184,0.0039209529888879205,0.006882980096199936,-0.013050278132442712,0.0
2020-10-29,4,tropical,wind_tropical,all,2309,140,ASYM,9205,0.0068352563616882744,0.0008108735770502879,0.0058275789923625376,0.00894137278071062,-0.017526690924759506,0.0
2020-10-29,4,tropical,wind_tropical,all,2309,140,PERSISTENCE,0,0.004206633897026514,0.0005585666605035411,0.003100682202453565,0.006729503878709555,0.006157863554473245,0.0
2020-10-29,4,tropical,wind_tropical,affected,1907,114,NET,9201,0.004162076182116175,0.0006723434836399862,0.0033752889210357678,0.006434019460597274,-0.00682754924666718,0.26682558933107176
2020-10-29,4,tropical,wind_tropical,affected,1907,114,NET,9202,0.004402046960973629,0.0006752443082878153,0.003473893209701395,0.006696821501727427,-0.013580601490009782,0.3175791435659857
2020-10-29,4,tropical,wind_tropical,affected,1907,114,NET,9203,0.0040643856879292745,0.00067227627098864,0.003403561952995177,0.006177186191733655,-0.007512577547307235,0.21351840776182882
2020-10-29,4,tropical,wind_tropical,affected,1907,114,NET,9204,0.004635555855904773,0.000687306988717266,0.003681501288771454,0.006842788659716164,-0.014936390231735633,0.369651875901876
2020-10-29,4,tropical,wind_tropical,affected,1907,114,NET,9205,0.004552033819256547,0.0006739701140281706,0.003480463112699363,0.007210244099173297,-0.011755095885644473,0.16542091761390004
2020-10-29,4,tropical,wind_tropical,affected,1907,114,ASYM,9201,0.0067432456804702385,0.0007630091031971193,0.005575281748930437,0.00952316216045719,-0.019467118270405762,0.0
2020-10-29,4,tropical,wind_tropical,affected,1907,114,ASYM,9202,0.0048860819060693875,0.0006838025257181278,0.0037533354298818324,0.00753472156172191,0.006184070979611625,0.0
2020-10-29,4,tropical,wind_tropical,affected,1907,114,ASYM,9203,0.00689269668284547,0.0008249361420319401,0.005624057698492733,0.009425700984210732,-0.017380297901596717,0.0
2020-10-29,4,tropical,wind_tropical,affected,1907,114,ASYM,9204,0.006039148691520691,0.0006900380837758208,0.004813676053853218,0.00844912028657453,-0.016236808520122256,0.0
2020-10-29,4,tropical,wind_tropical,affected,1907,114,ASYM,9205,0.008387036610522747,0.000995605557750705,0.007151372935281843,0.010969170578915149,-0.021803598697193508,0.0
2020-10-29,4,tropical,wind_tropical,affected,1907,114,PERSISTENCE,0,0.005165799635322099,0.0006859315636868553,0.003807631267894018,0.008264039649007713,0.007568635650292154,0.0
2020-10-29,4,tropical,wind_tropical,unaffected,402,26,NET,9201,0.0004740384464608091,3.7663133230135885e-06,0.00013324363948602057,0.0011223437084993035,0.007489795491996607,0.3895795177045177
2020-10-29,4,tropical,wind_tropical,unaffected,402,26,NET,9202,0.00019985156371513162,3.058218702250247e-06,8.59369259701944e-05,0.00041931118964543706,-0.0005149950218439572,0.5915636446886446
2020-10-29,4,tropical,wind_tropical,unaffected,402,26,NET,9203,0.0002635496331690875,2.3739091084325575e-06,7.830869525704312e-05,0.0005927884160955965,0.006655876188949527,0.34980285917785914
2020-10-29,4,tropical,wind_tropical,unaffected,402,26,NET,9204,0.0003316276551517486,4.9057777396568905e-06,0.00013645928803185075,0.0006357100765883709,0.0034936358207292443,0.49186126373626377
2020-10-29,4,tropical,wind_tropical,unaffected,402,26,NET,9205,0.00017005964782230109,2.1261305988613695e-06,5.556393674397342e-05,0.000406588410807147,0.0052265834798569475,0.2901531339031339
2020-10-29,4,tropical,wind_tropical,unaffected,402,26,ASYM,9201,1.339994912810129e-05,5.047434211299903e-07,1.1220794878527206e-05,1.9054815203164038e-05,0.0011300568131686057,0.0
2020-10-29,4,tropical,wind_tropical,unaffected,402,26,ASYM,9202,1.137718831307624e-06,1.196816652153231e-07,9.937371165482006e-07,1.4149977281540222e-06,0.00028068135143220893,0.0
2020-10-29,4,tropical,wind_tropical,unaffected,402,26,ASYM,9203,7.11104246372139e-05,3.1282709886284616e-06,2.267596470810383e-05,0.0001731722886989643,0.0023266495519222467,0.0
2020-10-29,4,tropical,wind_tropical,unaffected,402,26,ASYM,9204,1.0385633539045252e-05,2.3219325165381912e-07,6.705704040074303e-06,1.6057723019023486e-05,0.0009214320289214407,0.0
2020-10-29,4,tropical,wind_tropical,unaffected,402,26,ASYM,9205,3.129680910636223e-05,8.948924407659005e-07,2.325170417789307e-05,5.025935781383841e-05,0.00122590469283573,0.0
2020-10-29,4,tropical,wind_tropical,unaffected,402,26,PERSISTENCE,0,1.0610444997224548e-06,1.2054654593271313e-07,9.8245398388747e-07,1.1547320176405796e-06,-2.7829481040444505e-05,0.0
2021-02-15,1,winter,winter,all,9179,497,NET,9201,0.004611328611337958,0.0006959638381184305,0.0036972647583939796,0.006499029014085872,-0.014901874545759046,0.4962839979387796
2021-02-15,1,winter,winter,all,9179,497,NET,9202,0.00444150758980044,0.0007311795430246101,0.0033033540738714763,0.006433656604585052,-0.01621199028782518,0.5987996786367895
2021-02-15,1,winter,winter,all,9179,497,NET,9203,0.004692099397853137,0.0007912437669940899,0.003734985007937623,0.006557968440116043,-0.014239156682663418,0.40445127493964633
2021-02-15,1,winter,winter,all,9179,497,NET,9204,0.004582374168394968,0.0007124155421504068,0.0034583711080762966,0.006629123055462919,-0.016473907890690722,0.5553154877083745
2021-02-15,1,winter,winter,all,9179,497,NET,9205,0.004301911719509533,0.000750146201464296,0.0031844787550660064,0.006246829848550124,-0.005358063177440369,0.04126283052043497
2021-02-15,1,winter,winter,all,9179,497,ASYM,9201,0.003593117599958056,0.0002541753634707124,0.0017623965052528349,0.0063602357220364355,-0.00618053272014751,0.0
2021-02-15,1,winter,winter,all,9179,497,ASYM,9202,0.00511662511614599,0.0003915632347756611,0.003340467535843817,0.007900108395481005,-0.012307684252257683,0.0
2021-02-15,1,winter,winter,all,9179,497,ASYM,9203,0.003943855777971503,0.00025841914905526533,0.0019989010781685497,0.006955082074153621,-0.007426274795287712,0.0
2021-02-15,1,winter,winter,all,9179,497,ASYM,9204,0.005056132722061863,0.00037484914364664136,0.0032400575575724073,0.007877927118760114,-0.011331133378952214,0.0
2021-02-15,1,winter,winter,all,9179,497,ASYM,9205,0.005545145963523827,0.0005348863119500071,0.003958918219698185,0.008170663751581344,-0.012285323539176852,0.0
2021-02-15,1,winter,winter,all,9179,497,PERSISTENCE,0,0.003191094722850511,0.0002439064944074751,0.0014796164176537159,0.005923396824527143,-0.0015880946072131265,0.0
2021-02-15,1,winter,winter,affected,4279,229,NET,9201,0.009935975123870901,0.0013514816426886303,0.00796193154936059,0.01403850167320997,-0.032919774678142937,0.40462743830647757
2021-02-15,1,winter,winter,affected,4279,229,NET,9202,0.009515338358283013,0.0013846775595253032,0.007076601021273467,0.013867122149627778,-0.03363370349210786,0.5047731915908772
2021-02-15,1,winter,winter,affected,4279,229,NET,9203,0.010099132270942003,0.001526931560696548,0.008041690313311485,0.014155064652667786,-0.03343058223690133,0.3335621175686678
2021-02-15,1,winter,winter,affected,4279,229,NET,9204,0.009869597645400007,0.0013887488317286462,0.00745431463170254,0.014321004925790167,-0.03501341858753891,0.4962968547302608
2021-02-15,1,winter,winter,affected,4279,229,NET,9205,0.00910474674081609,0.0011520662602693254,0.006693358067827388,0.013319787715948108,-0.023479762900407337,0.038531574967164486
2021-02-15,1,winter,winter,affected,4279,229,ASYM,9201,0.007797742459707455,0.0005514350516591267,0.00382459477640908,0.01380324331425324,-0.013412184251103871,0.0
2021-02-15,1,winter,winter,affected,4279,229,ASYM,9202,0.011104245093653514,0.0008496075458220571,0.007249505872496937,0.017145263824120526,-0.02668314979318906,0.0
2021-02-15,1,winter,winter,affected,4279,229,ASYM,9203,0.008558954630408445,0.0005606451272907047,0.004337880483712768,0.015094242976532876,-0.01610115124993672,0.0
2021-02-15,1,winter,winter,affected,4279,229,ASYM,9204,0.010972934231591283,0.0008133358384349929,0.007031571693339979,0.017097106433072138,-0.02456532071278445,0.0
2021-02-15,1,winter,winter,affected,4279,229,ASYM,9205,0.012034247597363113,0.0011606671794000265,0.008591726049463823,0.017732432991491135,-0.026644647769013336,0.0
2021-02-15,1,winter,winter,affected,4279,229,PERSISTENCE,0,0.006925206231816059,0.0005291445291833661,0.0032108546548567946,0.012855147329425812,-0.0034398963710966643,0.0
2021-02-15,1,winter,winter,unaffected,4900,268,NET,9201,6.153737488256785e-05,0.00013583854988493915,5.320246312773479e-05,5.671842102833875e-05,0.0004940177315391299,0.5746024761320526
2021-02-15,1,winter,winter,unaffected,4900,268,NET,9202,0.00010603279135823963,0.00017278011847737609,7.919903299440095e-05,8.192671721645455e-05,-0.001325526393120946,0.6791432067469161
2021-02-15,1,winter,winter,unaffected,4900,268,NET,9203,7.19108607734704e-05,0.00016261501789758645,5.5001743271151716e-05,6.641981073414308e-05,0.002159486794651815,0.46502447284246007
2021-02-15,1,winter,winter,unaffected,4900,268,NET,9204,6.456007796902173e-05,0.00013450388799586657,4.3926828559843754e-05,5.658220357881491e-05,-0.0006323110639062619,0.605745588275494
2021-02-15,1,winter,winter,unaffected,4900,268,NET,9205,0.00019799671996027402,0.00040671450942567024,0.00018621993931094486,0.00020314570066154805,0.010126523526139611,0.043596627243192215
2021-02-15,1,winter,winter,unaffected,4900,268,ASYM,9201,3.597906945777121e-07,1.7361498135840833e-07,2.942511678347126e-07,3.523689855093551e-07,-1.2483895915163865e-06,0.0
2021-02-15,1,winter,winter,unaffected,4900,268,ASYM,9202,3.3789655933748444e-07,1.7462570989745411e-07,2.817929573818812e-07,3.300628002212747e-07,-2.4170786312591577e-05,0.0
2021-02-15,1,winter,winter,unaffected,4900,268,ASYM,9203,3.5713167277314944e-07,1.7381690632650646e-07,2.9554134158632775e-07,3.51303090749587e-07,-1.378707844209826e-05,0.0
2021-02-15,1,winter,winter,unaffected,4900,268,ASYM,9204,3.582978744131302e-07,1.7207981629614965e-07,2.93613203848451e-07,3.447942173761561e-07,-2.2816589968701774e-05,0.0
2021-02-15,1,winter,winter,unaffected,4900,268,ASYM,9205,3.5389580294563074e-07,1.7057073338604465e-07,2.8764874172379897e-07,3.460055390176855e-07,-1.560246218969883e-05,0.0
2021-02-15,1,winter,winter,unaffected,4900,268,PERSISTENCE,0,3.800379508437544e-07,1.7697961762798012e-07,3.1210302869772663e-07,3.712065353675475e-07,-5.7714582230878495e-06,0.0
2021-05-04,2,convective,convective_flood,all,5547,339,NET,9201,0.0007823396041841127,0.0002231914744312028,0.0007142972424582602,0.0010238719026580076,0.0005623399854903238,0.42815147293236594
2021-05-04,2,convective,convective_flood,all,5547,339,NET,9202,0.000810797879848086,0.0002257392856591595,0.0007316253127513682,0.0010879457864523812,0.0023509727887774195,0.4128414403249416
2021-05-04,2,convective,convective_flood,all,5547,339,NET,9203,0.0008216737427869409,0.00022664988464443078,0.0007240256105766655,0.0011353678826322364,-0.0026256811236293467,0.5809477257957011
2021-05-04,2,convective,convective_flood,all,5547,339,NET,9204,0.0007795048036980947,0.00022312296369456503,0.0006977077500918207,0.0010502718745063976,0.001799511236993243,0.30881689027331716
2021-05-04,2,convective,convective_flood,all,5547,339,NET,9205,0.000911844974834818,0.00022701466839522043,0.0007573734011910221,0.001314118235469645,0.0007119441177020799,0.4570385186687174
2021-05-04,2,convective,convective_flood,all,5547,339,ASYM,9201,0.0007399464001307323,0.00022327155983817488,0.0006728945050316838,0.000944189622257852,-0.0015315116902087052,0.0
2021-05-04,2,convective,convective_flood,all,5547,339,ASYM,9202,0.0007276244317176468,0.00019153116810840162,0.0006754195284794771,0.0009106423178894402,-0.0017207310421800573,0.0
2021-05-04,2,convective,convective_flood,all,5547,339,ASYM,9203,0.0007210000612898289,0.00018070114154989894,0.0006481661167962307,0.0009196503866142219,-0.001860737124223104,0.0
2021-05-04,2,convective,convective_flood,all,5547,339,ASYM,9204,0.0008545248337741343,0.00023068032252504729,0.0007703023633757257,0.0011094694200591225,0.00019047822090364092,0.0
2021-05-04,2,convective,convective_flood,all,5547,339,ASYM,9205,0.0007770106901769402,0.000227717165702505,0.0007245866373983474,0.0009649421788772278,-0.0007605568949457796,0.0
2021-05-04,2,convective,convective_flood,all,5547,339,PERSISTENCE,0,0.0011081276611406596,0.0002457683220015486,0.0009088408935208321,0.0015757773278761095,0.0011161447591867737,0.0
2021-05-04,2,convective,convective_flood,affected,4054,250,NET,9201,0.0009716388181421973,0.0003011069373458147,0.0009358128543510478,0.0012345135208194197,-0.00017809976229772622,0.4171853378046103
2021-05-04,2,convective,convective_flood,affected,4054,250,NET,9202,0.0010164111942985979,0.00030437944992218064,0.0009554175700706641,0.0013298671223422299,0.001460134784971416,0.4133504605473645
2021-05-04,2,convective,convective_flood,affected,4054,250,NET,9203,0.0010556384267272135,0.00030609448437399656,0.0009592320835605595,0.0014228559727953193,-0.003109497010810417,0.5654516257220591
2021-05-04,2,convective,convective_flood,affected,4054,250,NET,9204,0.0010222778046799674,0.0003017977030035345,0.0009315320470166584,0.0013615522685147584,0.0014665359933240378,0.2879353052606149
2021-05-04,2,convective,convective_flood,affected,4054,250,NET,9205,0.0010912660333221543,0.00030503674066169567,0.0009680116471286244,0.0015226436136663636,-0.0006805907443582009,0.46749969449195455
2021-05-04,2,convective,convective_flood,affected,4054,250,ASYM,9201,0.0009781061415331245,0.00030252794710146277,0.0009094122591072915,0.0012143736771147173,-0.002394757966557797,0.0
2021-05-04,2,convective,convective_flood,affected,4054,250,ASYM,9202,0.000976597041862256,0.0002595352607314848,0.0009139271395468394,0.0012045939067666712,-0.00275278036290581,0.0
2021-05-04,2,convective,convective_flood,affected,4054,250,ASYM,9203,0.0009449722547545711,0.0002446788700570182,0.0008718625276432974,0.0011878807990492143,-0.0028544035690454476,0.0
2021-05-04,2,convective,convective_flood,affected,4054,250,ASYM,9204,0.0010924998987599816,0.0003123822094856367,0.0010346184385666617,0.0013293186072983927,-0.00031431151264664064,0.0
2021-05-04,2,convective,convective_flood,affected,4054,250,ASYM,9205,0.001049387110294147,0.0003086144118896052,0.0009816235460981526,0.0012952954337176444,-0.0013210260933260974,0.0
2021-05-04,2,convective,convective_flood,affected,4054,250,PERSISTENCE,0,0.001502221871423059,0.0003331268629949506,0.001232083411219849,0.002136333038727595,0.0015179439349635921,0.0
2021-05-04,2,convective,convective_flood,unaffected,1493,89,NET,9201,0.0002506002391333139,4.3278145586973605e-06,9.206237759087949e-05,0.00043218196400235544,0.0026422269174792286,0.45895522329123006
2021-05-04,2,convective,convective_flood,unaffected,1493,89,NET,9202,0.0002332323898185586,4.839947841684378e-06,0.00010299537646121035,0.0004083914721550531,0.004853326732052708,0.41141160823948375
2021-05-04,2,convective,convective_flood,unaffected,1493,89,NET,9203,0.0001644695744153889,3.490896640032579e-06,6.333327073426695e-05,0.00032781706756739606,-0.0012666477326712833,0.6244760967890772
2021-05-04,2,convective,convective_flood,unaffected,1493,89,NET,9204,9.755817172654184e-05,2.1265049615045767e-06,4.0897927269243e-05,0.0001758887452694287,0.0027348349551651672,0.36747302794944725
2021-05-04,2,convective,convective_flood,unaffected,1493,89,NET,9205,0.00040785323751084027,7.851544051188784e-06,0.00016569293507416174,0.0007283727910968403,0.004623558898770285,0.42765319332254575
2021-05-04,2,convective,convective_flood,unaffected,1493,89,ASYM,9201,7.09583624835629e-05,6.412585368046284e-07,8.518791336156964e-06,0.0001852456479408148,0.0008933374006595291,0.0
2021-05-04,2,convective,convective_flood,unaffected,1493,89,ASYM,9202,2.826316726649744e-05,5.084360210891801e-07,5.454328852054778e-06,8.493560756013961e-05,0.0011782839036787993,0.0
2021-05-04,2,convective,convective_flood,unaffected,1493,89,ASYM,9203,9.186468638886774e-05,9.884210242831241e-07,1.9805412169638966e-05,0.0001661941719091876,0.0009304607544913455,0.0
2021-05-04,2,convective,convective_flood,unaffected,1493,89,ASYM,9204,0.00018605555010602442,1.1806400514817954e-06,2.784147800792805e-05,0.0004919155233195996,0.0016084269106516227,0.0
2021-05-04,2,convective,convective_flood,unaffected,1493,89,ASYM,9205,1.1908386476920908e-05,4.777101207628328e-07,2.572848915748312e-06,3.698359786482182e-05,0.0008137947858978097,0.0
2021-05-04,2,convective,convective_flood,unaffected,1493,89,PERSISTENCE,0,1.1214524822347486e-06,3.791619077226799e-07,8.562932426950454e-07,1.1826344730602337e-06,-1.250461097282892e-05,0.0
2021-06-21,3,convective,convective_flood,all,5098,255,NET,9201,0.00041615977625640154,4.139073685504334e-05,0.000257742190247601,0.000519052211728641,0.004379784639008892,0.2999341150332925
2021-06-21,3,convective,convective_flood,all,5098,255,NET,9202,0.0003771542602473799,4.102113969772787e-05,0.00025447405188958283,0.00043935829525786453,0.00044293038156761725,0.45131077636791533
2021-06-21,3,convective,convective_flood,all,5098,255,NET,9203,0.0004494989490307318,4.178124723055331e-05,0.0002735286778487711,0.0005566768074918134,0.006560938108361826,0.21982411205046348
2021-06-21,3,convective,convective_flood,all,5098,255,NET,9204,0.0004453214339357855,4.1157438926184236e-05,0.0002572634464325659,0.0006418052538260829,0.004687194839359388,0.3144851915136055
2021-06-21,3,convective,convective_flood,all,5098,255,NET,9205,0.0004244205860906751,4.101555841136579e-05,0.00025656851559673126,0.0005614183904663392,0.006868796817195757,0.10999999743663617
2021-06-21,3,convective,convective_flood,all,5098,255,ASYM,9201,0.0003208266081899888,4.5745166389612724e-05,0.00023899311487501752,0.0002721276314034658,-0.0007560922680828719,0.0
2021-06-21,3,convective,convective_flood,all,5098,255,ASYM,9202,0.0003210889121091128,4.174026108197122e-05,0.00023999969039927433,0.000279035196138337,-0.0004603288844901881,0.0
2021-06-21,3,convective,convective_flood,all,5098,255,ASYM,9203,0.00032663905603440806,4.128396237220747e-05,0.00023352241935341544,0.0003007267928222284,-0.0010051245388784508,0.0
2021-06-21,3,convective,convective_flood,all,5098,255,ASYM,9204,0.0003377839893613353,4.3746034025259035e-05,0.00025499812704387844,0.0002930468492573995,-0.0007364550433358348,0.0
2021-06-21,3,convective,convective_flood,all,5098,255,ASYM,9205,0.00031790781725766744,4.564290240022399e-05,0.000228858971805541,0.0002739237585096282,-0.0010461973782126554,0.0
2021-06-21,3,convective,convective_flood,all,5098,255,PERSISTENCE,0,0.00046837154099637886,4.163231395958738e-05,0.00028381213540057024,0.0005630968639433959,9.978490899390366e-05,0.0
2021-06-21,3,convective,convective_flood,affected,3827,190,NET,9201,0.0004902565572381441,5.450455949910015e-05,0.00032386779266344956,0.0005601604671056018,0.004011866952922634,0.2903853395064492
2021-06-21,3,convective,convective_flood,affected,3827,190,NET,9202,0.00047013103080090885,5.427561094732244e-05,0.0003269264449044089,0.0005040707237377686,0.00016256856669653684,0.4381773797072396
2021-06-21,3,convective,convective_flood,affected,3827,190,NET,9203,0.0005335199154227852,5.5036947788173085e-05,0.00034518331245128467,0.000606049063641215,0.0062065162240817085,0.21588355107888266
2021-06-21,3,convective,convective_flood,affected,3827,190,NET,9204,0.0005245381266259278,5.438502743821752e-05,0.0003267922992248354,0.0006825918945934595,0.00427413813652502,0.3084270449366384
2021-06-21,3,convective,convective_flood,affected,3827,190,NET,9205,0.0005142087036631191,5.441922064724987e-05,0.00033140428647211083,0.0006093022920482114,0.006538632188794152,0.10246990703850731
2021-06-21,3,convective,convective_flood,affected,3827,190,ASYM,9201,0.00042884115157764265,6.125962170769184e-05,0.00032023717747352163,0.00035921704644623954,-0.0011747522976053618,0.0
2021-06-21,3,convective,convective_flood,affected,3827,190,ASYM,9202,0.0004275711036767621,5.5893690198205814e-05,0.000321516418155456,0.0003647917293050339,-0.000883212613423286,0.0
2021-06-21,3,convective,convective_flood,affected,3827,190,ASYM,9203,0.0004380568577356193,5.528776776914189e-05,0.0003130976489031791,0.00040325616883032077,-0.0013586437211203731,0.0
2021-06-21,3,convective,convective_flood,affected,3827,190,ASYM,9204,0.00045124396926345746,5.858358730440417e-05,0.0003417488522170374,0.0003864797665320619,-0.0011801196235284208,0.0
2021-06-21,3,convective,convective_flood,affected,3827,190,ASYM,9205,0.00042613297590328426,6.113957505441927e-05,0.000306831714305252,0.0003664883702301138,-0.0014853760628025495,0.0
2021-06-21,3,convective,convective_flood,affected,3827,190,PERSISTENCE,0,0.0006282165936265157,5.575131089268879e-05,0.00038055429897476255,0.0007553040449281993,0.00013787358416288186,0.0
2021-06-21,3,convective,convective_flood,unaffected,1271,65,NET,9201,0.0001995691856943847,3.058024510877284e-06,6.44519678012745e-05,0.0003988896190882938,0.005455236336799492,0.3278459204194498
2021-06-21,3,convective,convective_flood,unaffected,1271,65,NET,9202,0.00010537600786014118,2.2773006604514292e-06,4.269013384624505e-05,0.0002501988889319914,0.001262449532729237,0.48970070506835217
2021-06-21,3,convective,convective_flood,unaffected,1271,65,NET,9203,0.00020389920111549883,3.033814831357063e-06,6.407666901065447e-05,0.00041235790490125486,0.007596940539334479,0.231342674890469
2021-06-21,3,convective,convective_flood,unaffected,1271,65,NET,9204,0.00021376494761075394,2.492180198702328e-06,5.402526134747031e-05,0.0005225827654291356,0.00589459135533677,0.3321936199693552
2021-06-21,3,convective,convective_flood,unaffected,1271,65,NET,9205,0.00016196301164814604,1.8356226449354086e-06,3.7817800730236905e-05,0.00042145006276548224,0.007833893423292763,0.13201103090808974
2021-06-21,3,convective,convective_flood,unaffected,1271,65,ASYM,9201,5.091789056846384e-06,3.9522007522764494e-07,1.5104703563132298e-06,1.7558572047665734e-05,0.000467683202829022,0.0
2021-06-21,3,convective,convective_flood,unaffected,1271,65,ASYM,9202,9.833275219060985e-06,3.6869904990088434e-07,1.720024650435351e-06,2.8362253035684647e-05,0.0007757927846988674,0.0
2021-06-21,3,convective,convective_flood,unaffected,1271,65,ASYM,9203,9.562510616367705e-07,3.497619811683836e-07,9.179022079525218e-07,1.0255398754971565e-06,2.823922459793833e-05,0.0
2021-06-21,3,convective,convective_flood,unaffected,1271,65,ASYM,9204,6.131740416670504e-06,3.747244400655787e-07,1.4190842300291922e-06,1.9935244916078694e-05,0.0005604106526117236,0.0
2021-06-21,3,convective,convective_flood,unaffected,1271,65,ASYM,9205,1.5573535243259422e-06,3.449361802685676e-07,9.386475756165093e-07,3.3502780959009968e-06,0.0002375556998193421,0.0
2021-06-21,3,convective,convective_flood,unaffected,1271,65,PERSISTENCE,0,1.132156385210047e-06,3.6139984744477893e-07,1.0273495683156889e-06,1.260488757046833e-06,-1.1551218423109388e-05,0.0
2021-08-11,4,convective,convective_flood,all,4540,249,NET,9201,0.0010535933325627853,9.488983415738611e-05,0.0005692708804448599,0.002046188047999788,-0.001617172447261187,0.37470185582038956
2021-08-11,4,convective,convective_flood,all,4540,249,NET,9202,0.0011196565103940854,9.481417716602694e-05,0.0005842405011546261,0.002118216784056428,0.0009183140556479273,0.26967025323213234
2021-08-11,4,convective,convective_flood,all,4540,249,NET,9203,0.0011095593678742159,9.43410296088883e-05,0.0005811988657654052,0.002193514105707116,-0.002964278764218648,0.3992754141917552
2021-08-11,4,convective,convective_flood,all,4540,249,NET,9204,0.0012013420233723763,9.66238777578537e-05,0.0006260829224640323,0.0023012235832680686,-0.008356863978850304,0.5956182729860646
2021-08-11,4,convective,convective_flood,all,4540,249,NET,9205,0.00116887595659136,9.514486608832696e-05,0.000600849044800768,0.0023499107719780034,-0.00216736923607206,0.31498005179917427
2021-08-11,4,convective,convective_flood,all,4540,249,ASYM,9201,0.0011554197584745418,0.00010124707115049634,0.0006064086666534796,0.002202885590483583,-0.0008771840438303185,0.0
2021-08-11,4,convective,convective_flood,all,4540,249,ASYM,9202,0.0011376286427581502,9.651038348140425e-05,0.000612529611580235,0.0022327604430218617,0.000725510464718363,0.0
2021-08-11,4,convective,convective_flood,all,4540,249,ASYM,9203,0.0010765417678478416,9.274986222262734e-05,0.0005826907467727888,0.0020897697239124005,-0.0011104812972624145,0.0
2021-08-11,4,convective,convective_flood,all,4540,249,ASYM,9204,0.0011220261012474715,0.0001083659844804829,0.0006231396237591903,0.002066510741497587,-0.0032700267357286547,0.0
2021-08-11,4,convective,convective_flood,all,4540,249,ASYM,9205,0.0011418064896662032,9.573693717919026e-05,0.0005964520576802471,0.0022623495760208993,0.0007146769698996782,0.0
2021-08-11,4,convective,convective_flood,all,4540,249,PERSISTENCE,0,0.0011822975756881117,9.688389564572267e-05,0.0006228532597521931,0.0023490151568554387,0.0007770290896359276,0.0
2021-08-11,4,convective,convective_flood,affected,3369,187,NET,9201,0.0013518671476670098,0.0001255472075271509,0.0007419883730853277,0.0026089581763931668,-0.002766787313314887,0.34107725448858567
2021-08-11,4,convective,convective_flood,affected,3369,187,NET,9202,0.0014196012740566124,0.00012523012632119186,0.0007571144724963922,0.00267237148635532,-0.0007691421482678548,0.2606908071177082
2021-08-11,4,convective,convective_flood,affected,3369,187,NET,9203,0.001434222587797345,0.00012500564131730287,0.0007620187377670595,0.002824154530317042,-0.004348153974599017,0.37452905488308985
2021-08-11,4,convective,convective_flood,affected,3369,187,NET,9204,0.0015323944348759528,0.00012731675499993655,0.0008086228482950261,0.002935347744227563,-0.009713593285733105,0.5715991156830816
2021-08-11,4,convective,convective_flood,affected,3369,187,NET,9205,0.001510717625108184,0.00012600750894455423,0.0007872608680065059,0.0030237603950365594,-0.0040742692662798065,0.2929156345337628
2021-08-11,4,convective,convective_flood,affected,3369,187,ASYM,9201,0.00152121537673554,0.00013448452947521447,0.0008013081314623861,0.002899319048501052,-0.00208767694528191,0.0
2021-08-11,4,convective,convective_flood,affected,3369,187,ASYM,9202,0.0015143608928276245,0.00012838086231219313,0.0008152346305242346,0.0029725449299473584,0.0008742874767538136,0.0
2021-08-11,4,convective,convective_flood,affected,3369,187,ASYM,9203,0.001426377085426353,0.00012333947635087894,0.0007743243254708393,0.00276400982011768,-0.0020566920993406144,0.0
2021-08-11,4,convective,convective_flood,affected,3369,187,ASYM,9204,0.0014831925281489893,0.00014409116332617515,0.0008268912581584705,0.0027298793017633957,-0.004852505383596789,0.0
2021-08-11,4,convective,convective_flood,affected,3369,187,ASYM,9205,0.001488646953049027,0.00012703420528477693,0.0007850585419495994,0.002937426327300941,-0.00033552861816483093,0.0
2021-08-11,4,convective,convective_flood,affected,3369,187,PERSISTENCE,0,0.0015738655199828604,0.00012887801011802412,0.0008289833830782531,0.0031274402124038037,0.001044447676863009,0.0
2021-08-11,4,convective,convective_flood,unaffected,1171,62,NET,9201,0.0001539610192645604,2.423240284063266e-06,4.833263651312666e-05,0.000348800725264922,0.0018502143261588432,0.47611799209534655
2021-08-11,4,convective,convective_flood,unaffected,1171,62,NET,9202,0.000214984400637754,3.075749875448946e-06,6.283029726897725e-05,0.00044681469809041585,0.006007899702942301,0.29675342135144384
2021-08-11,4,convective,convective_flood,unaffected,1171,62,NET,9203,0.00013033320455768107,1.8526039722185481e-06,3.582280021202802e-05,0.0002914212121255648,0.0012096674348318233,0.47391362694531075
2021-08-11,4,convective,convective_flood,unaffected,1171,62,NET,9204,0.00020284523383739438,4.050199624474854e-06,7.551895261893734e-05,0.0003886232913418509,-0.004264793327445732,0.6680631506579648
2021-08-11,4,convective,convective_flood,unaffected,1171,62,NET,9205,0.0001378373757422297,2.059152957447901e-06,3.8606932873784144e-05,0.0003174933604949386,0.0035840873066513034,0.381529181293238
2021-08-11,4,convective,convective_flood,unaffected,1171,62,ASYM,9201,5.2132974364756835e-05,9.986081388464827e-07,1.8566732471777674e-05,0.00010235241872121746,0.0027738187395801245,0.0
2021-08-11,4,convective,convective_flood,unaffected,1171,62,ASYM,9202,1.3555659357032017e-06,3.8490700789575367e-07,1.1451189588170778e-06,1.4749743917337942e-06,0.0002767797993856327,0.0
2021-08-11,4,convective,convective_flood,unaffected,1171,62,ASYM,9203,2.1393309990072836e-05,4.876389648362012e-07,4.699146506088047e-06,5.617459503518736e-05,0.0017434125735218337,0.0
2021-08-11,4,convective,convective_flood,unaffected,1171,62,ASYM,9204,3.2701555592893074e-05,6.14235381378958e-07,8.598403877490364e-06,6.570556779264913e-05,0.0015029330570349123,0.0
2021-08-11,4,convective,convective_flood,unaffected,1171,62,ASYM,9205,9.569089849542811e-05,1.340338215565929e-06,2.759056480333002e-05,0.00022623098748270973,0.0038822325339006956,0.0
2021-08-11,4,convective,convective_flood,unaffected,1171,62,PERSISTENCE,0,1.2781307991104784e-06,3.855181244263756e-07,1.1382103655276498e-06,1.1847473789183095e-06,-2.953987506510746e-05,0.0
2021-12-11,0,convective,convective_flood,all,4611,247,NET,9201,0.0007399952491921191,0.00011700465917024285,0.0005129395889370722,0.0012355873785461445,-0.008783473827139,0.7117857441925045
2021-12-11,0,convective,convective_flood,all,4611,247,NET,9202,0.0006572843387520112,0.00011524247887207702,0.0004971452595701803,0.0010182406352026484,-0.0032368100109482194,0.49561525806813694
2021-12-11,0,convective,convective_flood,all,4611,247,NET,9203,0.0006693475336965966,0.00011494052911770127,0.0004981254111945042,0.0010451104961454627,-0.001970745258142393,0.41168959790377335
2021-12-11,0,convective,convective_flood,all,4611,247,NET,9204,0.0006635552794416262,0.00011531306120230065,0.0004989393354609497,0.0010467279440509198,-0.005680562889858119,0.7157473905928661
2021-12-11,0,convective,convective_flood,all,4611,247,NET,9205,0.0006571048303825011,0.00011515229884749132,0.0005000635186007912,0.001021891732177543,-0.003771880946363156,0.5172728886826699
2021-12-11,0,convective,convective_flood,all,4611,247,ASYM,9201,0.0006327678552106792,0.00011681971362894526,0.0004856424428662846,0.000925155690438357,-0.0017796318964677191,0.0
2021-12-11,0,convective,convective_flood,all,4611,247,ASYM,9202,0.0006264948892814107,0.00011708691321630737,0.0004965637169923059,0.0009236722212649609,-0.0015430555975371042,0.0
2021-12-11,0,convective,convective_flood,all,4611,247,ASYM,9203,0.0006405099343620911,0.00011791294266696577,0.0005056406670710155,0.000946890789130046,-0.0017878091504086996,0.0
2021-12-11,0,convective,convective_flood,all,4611,247,ASYM,9204,0.0006451790998667894,0.00011663840869862409,0.000499656954702896,0.0009447054482634722,-0.002034679708434356,0.0
2021-12-11,0,convective,convective_flood,all,4611,247,ASYM,9205,0.0006455680763811386,0.00011802931899591817,0.0004989603711849908,0.0009421496572598487,-0.0011716395522111246,0.0
2021-12-11,0,convective,convective_flood,all,4611,247,PERSISTENCE,0,0.0008120337892291832,0.00011825069605488494,0.0005764668904885153,0.0012317831054285023,2.2766749809152047e-06,0.0
2021-12-11,0,convective,convective_flood,affected,3344,178,NET,9201,0.000979869177781539,0.00016081084874882133,0.0006900909438240763,0.001618114418249876,-0.009913466260249991,0.6811836591416853
2021-12-11,0,convective,convective_flood,affected,3344,178,NET,9202,0.0008596598420442325,0.00015892650856419197,0.0006699753626977665,0.0013196600844996463,-0.004168124781884447,0.4736990317962354
2021-12-11,0,convective,convective_flood,affected,3344,178,NET,9203,0.0008823985985353094,0.00015822006643005909,0.000671520394488942,0.0013636159150245718,-0.00311595618400983,0.39036873831906793
2021-12-11,0,convective,convective_flood,affected,3344,178,NET,9204,0.0008516346133895607,0.00015872586694114653,0.0006641052905912135,0.0013317979887319921,-0.006542995573202288,0.6881961206506485
2021-12-11,0,convective,convective_flood,affected,3344,178,NET,9205,0.0008619235166665611,0.00015852700309363252,0.0006684350871729109,0.0013435491765370709,-0.004701517435733967,0.4954436573249514
2021-12-11,0,convective,convective_flood,affected,3344,178,ASYM,9201,0.0008752155218825512,0.00016196207684780213,0.0006733918221973336,0.0012755430800514152,-0.0027082885317243973,0.0
2021-12-11,0,convective,convective_flood,affected,3344,178,ASYM,9202,0.0008617795093530848,0.0001623201504111205,0.0006879703589729537,0.001261744846024814,-0.0026101820313039915,0.0
2021-12-11,0,convective,convective_flood,affected,3344,178,ASYM,9203,0.000880974027906102,0.00016347020862048743,0.0007006404004180337,0.0012934013727349811,-0.0029196070039673324,0.0
2021-12-11,0,convective,convective_flood,affected,3344,178,ASYM,9204,0.0008916235770327829,0.00016170839112173742,0.000692683997113278,0.0013019400390968318,-0.003121364533858655,0.0
2021-12-11,0,convective,convective_flood,affected,3344,178,ASYM,9205,0.0008927745548649737,0.00016363875975769864,0.0006918403544326433,0.0012984674493860472,-0.0018894914894095117,0.0
2021-12-11,0,convective,convective_flood,affected,3344,178,PERSISTENCE,0,0.0011263614212691194,0.00016394887391560475,0.000799587011919978,0.001708790313144572,-1.1425945488898752e-06,0.0
2021-12-11,0,convective,convective_flood,unaffected,1267,69,NET,9201,0.00012119004210636884,3.997387503765092e-06,5.5940441547410203e-05,0.00024877849351332895,-0.005868420883751219,0.7907302534540386
2021-12-11,0,convective,convective_flood,unaffected,1267,69,NET,9202,0.00013521419982425172,2.550344304012353e-06,5.12936891830733e-05,0.00024066582397271223,-0.0008342878482431682,0.5521527693202886
2021-12-11,0,convective,convective_flood,unaffected,1267,69,NET,9203,0.00011973754034455545,3.2918676452418944e-06,5.081661371030186e-05,0.00022345883584863017,0.0009835669853996904,0.46669123567301324
2021-12-11,0,convective,convective_flood,unaffected,1267,69,NET,9204,0.00017836511360492583,3.320605818031568e-06,7.285904541476243e-05,0.00031132985777221263,-0.0034557365473180867,0.7868216811684415
2021-12-11,0,convective,convective_flood,unaffected,1267,69,NET,9205,0.000128731987504781,3.2581342704894358e-06,6.571367503793211e-05,0.00019210875977180536,-0.0013736882636384577,0.5735859782721461
2021-12-11,0,convective,convective_flood,unaffected,1267,69,ASYM,9201,7.323149883240745e-06,3.655012672565108e-07,1.3034643021288424e-06,2.12577867988731e-05,0.000616033046658205,0.0
2021-12-11,0,convective,convective_flood,unaffected,1267,69,ASYM,9202,1.952876793709198e-05,3.982723369344444e-07,2.7900608683158303e-06,5.154284144968751e-05,0.0012098212895716766,0.0
2021-12-11,0,convective,convective_flood,unaffected,1267,69,ASYM,9203,2.0182272755802154e-05,3.884015115041011e-07,2.5978766975485125e-06,5.299392127963406e-05,0.0011319012544237163,0.0
2021-12-11,0,convective,convective_flood,unaffected,1267,69,ASYM,9204,9.423781960312681e-06,3.709178100127345e-07,1.7031351514753835e-06,2.3143750171616593e-05,0.0007686521600515172,0.0
2021-12-11,0,convective,convective_flood,unaffected,1267,69,ASYM,9205,7.847015944578797e-06,3.701819582815578e-07,1.385921647568259e-06,2.2953034093713718e-05,0.0006802103727354391,0.0
2021-12-11,0,convective,convective_flood,unaffected,1267,69,PERSISTENCE,0,1.1596080247103212e-06,3.6264302288313156e-07,8.816496943070033e-07,1.242772479799508e-06,1.1097399275195001e-05,0.0
2021-12-15,0,wind,wind_tropical,all,1405,69,NET,9201,0.0011519029877472757,0.0001789339111286194,0.0008439271007606079,0.0017921037367095703,0.00570670154404054,0.21969664072543552
2021-12-15,0,wind,wind_tropical,all,1405,69,NET,9202,0.0010553026510065286,0.00017826896877670166,0.0008322247099891261,0.0016620048880923114,-0.00996616397484434,0.6790996404364065
2021-12-15,0,wind,wind_tropical,all,1405,69,NET,9203,0.001077588925553723,0.00017897603016906399,0.0008376918664412928,0.0016581444992609094,-0.010776585372082223,0.694680224208018
2021-12-15,0,wind,wind_tropical,all,1405,69,NET,9204,0.0012545142437058359,0.00018047385341374425,0.0008459473627720895,0.002109985820869009,-0.015170229915504107,0.7613351024928542
2021-12-15,0,wind,wind_tropical,all,1405,69,NET,9205,0.0009988158601778184,0.000176760905663387,0.000802539390642112,0.001484627156701944,0.002565663271808495,0.3040827524225217
2021-12-15,0,wind,wind_tropical,all,1405,69,ASYM,9201,0.0010221536665567601,0.00020104734394662234,0.000864955851639991,0.001399653680997502,-0.002651942587822425,0.0
2021-12-15,0,wind,wind_tropical,all,1405,69,ASYM,9202,0.0009544775319506024,0.00019425004841429208,0.0008205636508994377,0.0012712887661986245,-0.0021517505565613365,0.0
2021-12-15,0,wind,wind_tropical,all,1405,69,ASYM,9203,0.0010390912156532073,0.0002805370255445102,0.0009399464460021622,0.001300103143276161,-0.0036622750975132783,0.0
2021-12-15,0,wind,wind_tropical,all,1405,69,ASYM,9204,0.0009648334114423441,0.0001912015509500732,0.0008170088573728524,0.0013221771697015231,-0.0026403497877653726,0.0
2021-12-15,0,wind,wind_tropical,all,1405,69,ASYM,9205,0.001008343326073209,0.00020233761738775176,0.0008616774551306638,0.0013609770652708603,-0.0029811257885497566,0.0
2021-12-15,0,wind,wind_tropical,all,1405,69,PERSISTENCE,0,0.0012737820455928652,0.00018035647570626096,0.000967610366181425,0.0019437875527675804,6.912475225414047e-05,0.0
2021-12-15,0,wind,wind_tropical,affected,1000,49,NET,9201,0.0014615396003748089,0.00024987455281515794,0.0011354479352908382,0.0021856770146970223,0.002452178693002604,0.261240011877767
2021-12-15,0,wind,wind_tropical,affected,1000,49,NET,9202,0.0013975371683303298,0.0002499864977119739,0.001146054226381849,0.002143760683785413,-0.010123421860568499,0.6202893855955081
2021-12-15,0,wind,wind_tropical,affected,1000,49,NET,9203,0.0013628901526940942,0.00025001244713873183,0.0011272926026732032,0.0020146607181314026,-0.010180274882101705,0.6343469927653602
2021-12-15,0,wind,wind_tropical,affected,1000,49,NET,9204,0.0015199553393522459,0.00025186742845839357,0.0011261425893983035,0.002397336395524645,-0.013863402591623494,0.6944646906381601
2021-12-15,0,wind,wind_tropical,affected,1000,49,NET,9205,0.0013258829142488548,0.0002477166413985601,0.0011025251675137813,0.001918504228267039,0.0007577215596702136,0.32582874419609115
2021-12-15,0,wind,wind_tropical,affected,1000,49,ASYM,9201,0.0014390330777472493,0.00028288980176193834,0.0012176026781364404,0.001970570849884235,-0.0037320685899604688,0.0
2021-12-15,0,wind,wind_tropical,affected,1000,49,ASYM,9202,0.001343200911326207,0.0002733169256478521,0.001155016883349841,0.0017878367406668745,-0.003139487094875317,0.0
2021-12-15,0,wind,wind_tropical,affected,1000,49,ASYM,9203,0.0014628388845981397,0.0003948092235521766,0.0013231875226609718,0.001830281562078281,-0.005167659541498975,0.0
2021-12-15,0,wind,wind_tropical,affected,1000,49,ASYM,9204,0.0013582697102805918,0.00026902267486323295,0.0011500854565341756,0.0018613300415628825,-0.003725804161152292,0.0
2021-12-15,0,wind,wind_tropical,affected,1000,49,ASYM,9205,0.0014196358726599816,0.0002847131941552091,0.0012130409864789934,0.0019161540095604902,-0.004192326632077482,0.0
2021-12-15,0,wind,wind_tropical,affected,1000,49,PERSISTENCE,0,0.001793250564521236,0.0002537628678125683,0.0013620771848574795,0.0027366347450720665,8.866145771422776e-05,0.0
2021-12-15,0,wind,wind_tropical,unaffected,405,20,NET,9201,0.00039329328680981794,5.129338996600045e-06,0.00012970105616154386,0.0008278492056403143,0.013680282529083484,0.11791538140222349
2021-12-15,0,wind,wind_tropical,unaffected,405,20,NET,9202,0.00021682808356321472,2.561022885284727e-06,6.334239482695542e-05,0.0004817031886442109,-0.009580882154820152,0.8231847647966068
2021-12-15,0,wind,wind_tropical,unaffected,405,20,NET,9203,0.00037860091905981424,4.936808593377794e-06,0.00012817006267311254,0.000784679763028201,-0.012237546072534494,0.8424966412425293
2021-12-15,0,wind,wind_tropical,unaffected,405,20,NET,9204,0.0006041835593721318,5.5595945543534334e-06,0.0001594690575378647,0.0014059769129627013,-0.018371956859011607,0.925167611536855
2021-12-15,0,wind,wind_tropical,unaffected,405,20,NET,9205,0.0001975015777037794,2.919353112212899e-06,6.757423730652212e-05,0.00042162833136746077,0.006995120466547285,0.2508050725772765
2021-12-15,0,wind,wind_tropical,unaffected,405,20,ASYM,9201,7.991091400614411e-07,5.33322299098069e-07,9.71126723689718e-07,9.066172250042903e-07,-5.633882584220149e-06,0.0
2021-12-15,0,wind,wind_tropical,unaffected,405,20,ASYM,9202,2.105252480370759e-06,5.361991920699438e-07,1.1532313959495636e-06,5.746228751410874e-06,0.00026820396230791327,0.0
2021-12-15,0,wind,wind_tropical,unaffected,405,20,ASYM,9203,9.094267381227314e-07,5.701404257279397e-07,1.0058081880787925e-06,1.166017210967018e-06,2.59167902516799e-05,0.0
2021-12-15,0,wind,wind_tropical,unaffected,405,20,ASYM,9204,9.144792886367059e-07,5.397973628318089e-07,9.711894276100793e-07,1.2526336411943124e-06,1.901342703258023e-05,0.0
2021-12-15,0,wind,wind_tropical,unaffected,405,20,ASYM,9205,6.765869356165409e-07,5.174543074812623e-07,8.368033272560427e-07,7.935517612665126e-07,-1.3683721906829907e-05,0.0
2021-12-15,0,wind,wind_tropical,unaffected,405,20,PERSISTENCE,0,1.084174218356438e-06,5.10815045808076e-07,1.1666604250912497e-06,1.3119316215888924e-06,2.1259823876926663e-05,0.0
2022-01-16,2,winter,winter,all,8628,428,NET,9201,0.00025617766392258337,4.086646517343011e-05,0.00014711835034977551,0.00039176684049411126,8.718836243642979e-05,0.4983546990446815
2022-01-16,2,winter,winter,all,8628,428,NET,9202,0.0002840264538880963,4.141212691316479e-05,0.00015815948496571115,0.0004512431925186859,-0.0005677103743043284,0.5498637836181645
2022-01-16,2,winter,winter,all,8628,428,NET,9203,0.00047200107505197754,4.40469298863492e-05,0.00022186136287833278,0.0008366292602130171,0.00788488620826277,0.31041420112316725
2022-01-16,2,winter,winter,all,8628,428,NET,9204,0.0002526042497291555,4.122037561453504e-05,0.0001577214140839111,0.0003768527149938957,-0.0017694106982065116,0.542193655146342
2022-01-16,2,winter,winter,all,8628,428,NET,9205,0.0003647851603283615,4.192920421107387e-05,0.0001733877563497438,0.0006455516166093472,0.001013963068423023,0.5237099782843065
2022-01-16,2,winter,winter,all,8628,428,ASYM,9201,0.0001751467661958299,3.997577200255674e-05,0.00011599647528471028,0.00024139571942588306,-0.0004871694992073996,0.0
2022-01-16,2,winter,winter,all,8628,428,ASYM,9202,0.00017781106446774722,3.985086231864225e-05,0.00011664339867951502,0.0002460689601167021,-0.0006198868240431235,0.0
2022-01-16,2,winter,winter,all,8628,428,ASYM,9203,0.0001700790647987815,3.937709478891415e-05,0.00011115609797823486,0.00024293836614104134,-0.00048457096834819024,0.0
2022-01-16,2,winter,winter,all,8628,428,ASYM,9204,0.00017349761997346452,3.904223325420564e-05,0.000113661463131615,0.00024571239457037175,-0.00039922655918921173,0.0
2022-01-16,2,winter,winter,all,8628,428,ASYM,9205,0.00016857875593717832,3.789523970647119e-05,0.00011029196983291982,0.00024015957663423192,-0.0006811221503654964,0.0
2022-01-16,2,winter,winter,all,8628,428,PERSISTENCE,0,0.00020650611455657892,4.09834592643709e-05,0.00012896487796530676,0.0003056306338890934,-6.314356114980168e-05,0.0
2022-01-16,2,winter,winter,affected,3990,193,NET,9201,0.000400926117252104,8.749433773764562e-05,0.0002626938026686489,0.0005640633086381024,-0.0018420987888908226,0.5050899445977166
2022-01-16,2,winter,winter,affected,3990,193,NET,9202,0.00041046516403896985,8.820405456046485e-05,0.00026337887796792756,0.000614914230658635,-0.0018228280707039898,0.5191765686098588
2022-01-16,2,winter,winter,affected,3990,193,NET,9203,0.0005719028250662095,8.970369430140816e-05,0.000309299502925113,0.0009645768390824902,0.006640403817590583,0.3017763216921248
2022-01-16,2,winter,winter,affected,3990,193,NET,9204,0.0004343168261184967,8.865074713819196e-05,0.0002817874436942392,0.0006245717872165532,-0.0038670930097080844,0.5412576137640904
2022-01-16,2,winter,winter,affected,3990,193,NET,9205,0.00047536132516789586,8.806529311132242e-05,0.00026780385490357024,0.0007869664106929774,-0.0007092686307650157,0.5196929821282152
2022-01-16,2,winter,winter,affected,3990,193,ASYM,9201,0.0003872189742541839,8.837208788748756e-05,0.00025634521230568334,0.000533226164541793,-0.0011861143675984502,0.0
2022-01-16,2,winter,winter,affected,3990,193,ASYM,9202,0.00039340327983784415,8.80975618326873e-05,0.00025779900061056733,0.0005444920893989516,-0.0013926094598840338,0.0
2022-01-16,2,winter,winter,affected,3990,193,ASYM,9203,0.0003713028428307755,8.69422091472754e-05,0.00024379666668338242,0.0005287127908171266,-0.001515705376628904,0.0
2022-01-16,2,winter,winter,affected,3990,193,ASYM,9204,0.00038341856823949887,8.63027860906018e-05,0.0002511271818266751,0.0005424777490884987,-0.0011535847676762475,0.0
2022-01-16,2,winter,winter,affected,3990,193,ASYM,9205,0.00037258536258160356,8.375910943839257e-05,0.00024363982105400232,0.000530487241111078,-0.0016356558097726816,0.0
2022-01-16,2,winter,winter,affected,3990,193,PERSISTENCE,0,0.00045693478659509644,9.060459247335128e-05,0.00028503686824904077,0.0006764490861684089,-0.00013445945353874754,0.0
2022-01-16,2,winter,winter,unaffected,4638,235,NET,9201,0.00013729914693280687,2.5720847270743967e-06,5.2198936317679535e-05,0.0002502637836779823,0.0016716667462924285,0.49282319950538045
2022-01-16,2,winter,winter,unaffected,4638,235,NET,9202,0.0001801853004450385,2.9830118666587584e-06,7.17452600745292e-05,0.00031682399949311066,0.00046308841465369117,0.5750664750930707
2022-01-16,2,winter,winter,unaffected,4638,235,NET,9203,0.00038995410589135317,6.550097834832692e-06,0.00015005046488246655,0.000731548908205322,0.008906950469538226,0.3175082893367468
2022-01-16,2,winter,winter,unaffected,4638,235,NET,9204,0.00010336796358812214,2.266921554680638e-06,5.582888763798214e-05,0.00017340683865784082,-4.663331046266728e-05,0.5429624040262339
2022-01-16,2,winter,winter,unaffected,4638,235,NET,9205,0.000273971544098446,4.038714178103799e-06,9.584602434596286e-05,0.0005294109559364085,0.0024292129320114975,0.5270090432125006
2022-01-16,2,winter,winter,unaffected,4638,235,ASYM,9201,9.768251096073112e-07,2.2901044599651924e-07,7.313423270600407e-07,1.7222049264336117e-06,8.685756291801648e-05,0.0
2022-01-16,2,winter,winter,unaffected,4638,235,ASYM,9202,7.502237595399471e-07,2.2697718583076202e-07,7.156064552890713e-07,9.810284083014492e-07,1.4732191775156042e-05,0.0
2022-01-16,2,winter,winter,unaffected,4638,235,ASYM,9203,4.818685393782248e-06,3.129795924728017e-07,2.2215032544328203e-06,8.238519492171387e-06,0.0003622755882398005,0.0
2022-01-16,2,winter,winter,unaffected,4638,235,ASYM,9204,1.094458206040567e-06,2.2824730771855933e-07,7.640856501400969e-07,1.985954476761146e-06,0.00022031018224907714,0.0
2022-01-16,2,winter,winter,unaffected,4638,235,ASYM,9205,1.032904522820548e-06,2.2831690536127527e-07,7.765005322009996e-07,1.7202607021837755e-06,0.00010281400395614922,0.0
2022-01-16,2,winter,winter,unaffected,4638,235,PERSISTENCE,0,8.349073079240717e-07,2.3078390550616533e-07,7.866050939847987e-07,1.0861177618257432e-06,-4.573487826114216e-06,0.0
2022-03-12,3,winter,winter,all,7550,382,NET,9201,0.0005075857276045111,5.306963211519324e-05,0.0002897056254928189,0.0007369311450769538,0.00587119521698209,0.42764483213912496
2022-03-12,3,winter,winter,all,7550,382,NET,9202,0.00023948977622186758,4.829949285728184e-05,0.00016338434352716286,0.0003396708311558161,0.003082531554934938,0.35332894861137276
2022-03-12,3,winter,winter,all,7550,382,NET,9203,0.0002549121210667246,4.9238669757347976e-05,0.00016768032184424426,0.0003636337733028696,0.0007409211973151397,0.506982852111288
2022-03-12,3,winter,winter,all,7550,382,NET,9204,0.00033255306548307965,4.848411475591067e-05,0.00016974984685619332,0.0006095134580165253,-0.0007158698758962652,0.5951004710376342
2022-03-12,3,winter,winter,all,7550,382,NET,9205,0.0002665885240313792,4.820943354823876e-05,0.00014683265907432203,0.0004506109364482211,0.0050871058014692015,0.28346168492120527
2022-03-12,3,winter,winter,all,7550,382,ASYM,9201,0.0002243515389641212,4.64013565258986e-05,0.0001212790218503737,0.0003299807739350101,0.0005350830513876753,0.0
2022-03-12,3,winter,winter,all,7550,382,ASYM,9202,0.00012424464584538525,4.696218681988383e-05,0.00010931883261395185,0.00013418054722955675,0.0002469547716936414,0.0
2022-03-12,3,winter,winter,all,7550,382,ASYM,9203,0.00012000804477024565,4.686943714907119e-05,0.00010766256599024003,0.00013002665681815105,0.00044797858300697877,0.0
2022-03-12,3,winter,winter,all,7550,382,ASYM,9204,0.0001305776108031467,4.688813691283462e-05,0.0001082471950624223,0.00015218146938540285,0.00011437660299468416,0.0
2022-03-12,3,winter,winter,all,7550,382,ASYM,9205,0.00011977913924216468,4.695870902303644e-05,0.0001070885908399591,0.00012818368137187844,0.00011762826793502924,0.0
2022-03-12,3,winter,winter,all,7550,382,PERSISTENCE,0,0.00012425409336745693,4.711464407208672e-05,0.00011026206816003696,0.00013483561088071253,-6.0175610152489784e-05,0.0
2022-03-12,3,winter,winter,affected,3249,160,NET,9201,0.0006459072885604429,0.00011322464301779488,0.0004128324414146525,0.0008776717047876779,0.005265791802514949,0.4347839446943308
2022-03-12,3,winter,winter,affected,3249,160,NET,9202,0.0003770194983090974,0.00011030124209479605,0.0002912587319120736,0.000471883150009967,0.0021877829118571515,0.3633070847529717
2022-03-12,3,winter,winter,affected,3249,160,NET,9203,0.00038134071437338145,0.0001120837226779494,0.000286763573175254,0.0004918574072159801,0.00019261282869565034,0.5039821761036145
2022-03-12,3,winter,winter,affected,3249,160,NET,9204,0.00047731904553428037,0.0001115436162779284,0.0002964128845667271,0.0007674383338562504,-0.001605858824319993,0.6156254886436413
2022-03-12,3,winter,winter,affected,3249,160,NET,9205,0.0003826841868470745,0.00011205344811516428,0.0002692746295065512,0.0005553064326653253,0.004577026432868094,0.2765968254622896
2022-03-12,3,winter,winter,affected,3249,160,ASYM,9201,0.00038590698775936794,0.00011039674958249096,0.00026327412928648964,0.0005082248997159749,0.00039929062531281255,0.0
2022-03-12,3,winter,winter,affected,3249,160,ASYM,9202,0.0002898940415170284,0.00011176823256280871,0.0002573134928931491,0.00030933476422861255,0.00011015813697926621,0.0
2022-03-12,3,winter,winter,affected,3249,160,ASYM,9203,0.0002819207824194381,0.00011158690134238946,0.0002555697553462939,0.00029978845924027704,0.0003076729566615806,0.0
2022-03-12,3,winter,winter,affected,3249,160,ASYM,9204,0.00029073696586632647,0.00011158079246945555,0.0002542723417066088,0.0003207884869006485,-7.861332486776356e-05,0.0
2022-03-12,3,winter,winter,affected,3249,160,ASYM,9205,0.0002838620270352704,0.00011181209254936969,0.00025473431046020166,0.0003018395189669628,-8.075538795292155e-05,0.0
2022-03-12,3,winter,winter,affected,3249,160,PERSISTENCE,0,0.0002957465421980993,0.00011218562791355017,0.00026244729170512914,0.000320906742023928,-0.00012959783447187136,0.0
2022-03-12,3,winter,winter,unaffected,4301,222,NET,9201,0.0004078945125011369,9.714669302507348e-06,0.00020096557798158745,0.0006354965074476031,0.006307522002183632,0.4224995257930307
2022-03-12,3,winter,winter,unaffected,4301,222,NET,9202,0.00014036925579863894,3.613547460875178e-06,7.12226221686686e-05,0.00024438267342309465,0.0037273954418378472,0.3461374991399502
2022-03-12,3,winter,winter,unaffected,4301,222,NET,9203,0.00016379241417904404,3.944937922680288e-06,8.18545551191922e-05,0.00027122034345558274,0.0011360983999237806,0.5091455014861878
2022-03-12,3,winter,winter,unaffected,4301,222,NET,9204,0.00022821722400473687,3.035825370672669e-06,7.846117102878157e-05,0.0004956937276815884,-7.443639955483983e-05,0.5803076655558272
2022-03-12,3,winter,winter,unaffected,4301,222,NET,9205,0.0001829159742543016,2.195729355859978e-06,5.8586193897940636e-05,0.00037515472295841627,0.005454730571632161,0.28840933137808134
2022-03-12,3,winter,winter,unaffected,4301,222,ASYM,9201,0.00010791517947205153,2.785507193455613e-07,1.89402056802e-05,0.00020151653913791836,0.0006329514665767653,0.0
2022-03-12,3,winter,winter,unaffected,4301,222,ASYM,9202,4.857694009966754e-06,2.551268249830029e-07,2.6560143947106157e-06,7.943273716723757e-06,0.00034554694085715506,0.0
2022-03-12,3,winter,winter,unaffected,4301,222,ASYM,9203,3.314179797854743e-06,2.2621971244540043e-07,1.062789877768768e-06,7.675808225627866e-06,0.0005490997551478062,0.0
2022-03-12,3,winter,winter,unaffected,4301,222,ASYM,9204,1.5147444991845891e-05,2.6279957472946153e-07,3.003846129675276e-06,3.066289820324382e-05,0.0002534684428955474,0.0
2022-03-12,3,winter,winter,unaffected,4301,222,ASYM,9205,1.5212020939803276e-06,2.175317067602332e-07,6.772613839284048e-07,3.026320942988801e-06,0.0002606074793858046,0.0
2022-03-12,3,winter,winter,unaffected,4301,222,PERSISTENCE,0,6.55932048074992e-07,2.16637699860801e-07,5.79024163574096e-07,7.302911378545479e-07,-1.014157460698955e-05,0.0
2022-04-13,1,convective,convective_flood,all,3794,202,NET,9201,0.0006023858264617109,0.0003876338385763474,0.0004691517841357489,0.0007432990484814346,0.006922041237660008,0.26636410615078854
2022-04-13,1,convective,convective_flood,all,3794,202,NET,9202,0.0005589175917570957,0.00027256001776694366,0.0004929068587339649,0.0006598858738801052,0.00442333586453471,0.32259755397936285
2022-04-13,1,convective,convective_flood,all,3794,202,NET,9203,0.0006187432037207398,0.00029104604976913054,0.0005420241516600037,0.0008368259692408123,0.003125037303601191,0.3759227240799387
2022-04-13,1,convective,convective_flood,all,3794,202,NET,9204,0.0006843132021988638,0.00027143123102123457,0.0007032631410260951,0.0006602467683365297,0.00311803931422353,0.3369550453210275
2022-04-13,1,convective,convective_flood,all,3794,202,NET,9205,0.00047702747648823026,0.00024091025546498667,0.00042386014623877334,0.0005498004209203928,0.0042033687317497995,0.2939938972098511
2022-04-13,1,convective,convective_flood,all,3794,202,ASYM,9201,0.0003937352062145001,0.00010541761020375548,0.0003083987488389714,0.0005092284178622071,0.0022583325184592743,0.0
2022-04-13,1,convective,convective_flood,all,3794,202,ASYM,9202,0.000351852354544934,0.00010488290436666382,0.0002877796763631016,0.0004459886118285194,0.002646844897861835,0.0
2022-04-13,1,convective,convective_flood,all,3794,202,ASYM,9203,0.0003616598913421548,0.00010469838999976702,0.00030302846775208674,0.00042016773327258115,0.0007252900873815423,0.0
2022-04-13,1,convective,convective_flood,all,3794,202,ASYM,9204,0.00046547938420689246,0.00010557794232876069,0.0003231455165121473,0.0006841361783792175,0.0034584024023639405,0.0
2022-04-13,1,convective,convective_flood,all,3794,202,ASYM,9205,0.00036202337080872406,0.00010424534044958298,0.0003006862717470348,0.00043174634609070936,0.0002782513716677407,0.0
2022-04-13,1,convective,convective_flood,all,3794,202,PERSISTENCE,0,0.0004811691434587815,0.00010719103780377117,0.0003410382427890594,0.0006651707768361659,-3.861248810215096e-05,0.0
2022-04-13,1,convective,convective_flood,affected,2572,133,NET,9201,0.0006979624884518036,0.0004287286347410378,0.0005430986978557827,0.0008479090913992163,0.0056583224893200475,0.24631367680561392
2022-04-13,1,convective,convective_flood,affected,2572,133,NET,9202,0.0007587727170276598,0.00032531447099267693,0.0006631480553310837,0.0009083004989902505,0.004272902616411043,0.29742116939510094
2022-04-13,1,convective,convective_flood,affected,2572,133,NET,9203,0.0007683552462679296,0.00032174648527303685,0.0006914901947398973,0.0009788206635708546,0.001020455034864687,0.3921103314912674
2022-04-13,1,convective,convective_flood,affected,2572,133,NET,9204,0.0008791559047103717,0.0003144211939530074,0.0009002486289001535,0.0008574358946075294,0.0021478008488669993,0.32519735697293073
2022-04-13,1,convective,convective_flood,affected,2572,133,NET,9205,0.0006059812592803159,0.0002747334769340062,0.0005376838236730003,0.0006882825812008251,0.002769828801445826,0.2988246626466354
2022-04-13,1,convective,convective_flood,affected,2572,133,ASYM,9201,0.0005532579320845649,0.00015960918844162408,0.0004562746250573739,0.0006758699577341894,0.001686254250798503,0.0
2022-04-13,1,convective,convective_flood,affected,2572,133,ASYM,9202,0.0004967238784395256,0.00015884529431895662,0.0004275953805728398,0.0005850586463525543,0.0021755988057052785,0.0
2022-04-13,1,convective,convective_flood,affected,2572,133,ASYM,9203,0.0005347643200152014,0.00015878885375445877,0.0004556876799620265,0.0006079538669050155,6.010178560339164e-05,0.0
2022-04-13,1,convective,convective_flood,affected,2572,133,ASYM,9204,0.000622984615718755,0.00015976135255717932,0.0004710668866498342,0.0008427905872972615,0.0030407209992127844,0.0
2022-04-13,1,convective,convective_flood,affected,2572,133,ASYM,9205,0.0005386170509481941,0.00015816093567285996,0.0004543407763605347,0.000624076733029006,-0.0003374211711860955,0.0
2022-04-13,1,convective,convective_flood,affected,2572,133,PERSISTENCE,0,0.0007304747167298728,0.00016270738825116773,0.0005176264893972829,0.0010098726361664932,-5.912025606455969e-05,0.0
2022-04-13,1,convective,convective_flood,unaffected,1222,69,NET,9201,0.00041815834755327123,0.00030842213002701653,0.0003266164287043796,0.0005416594005384636,0.009357904911996454,0.3050120351784439
2022-04-13,1,convective,convective_flood,unaffected,1222,69,NET,9202,0.00017368959667035606,0.00017087389778110991,0.00016476078413372146,0.00018105768345040511,0.004713301400773079,0.37112594745337485
2022-04-13,1,convective,convective_flood,unaffected,1222,69,NET,9203,0.00033036057098485215,0.00023186984800073146,0.00025392293818716545,0.0005631260511843537,0.007181695879571554,0.3447205242870878
2022-04-13,1,convective,convective_flood,unaffected,1222,69,NET,9204,0.00030874683358972555,0.00018856651986288973,0.00032356647599349024,0.0002801575829156168,0.004988209109765827,0.35961841561518504
2022-04-13,1,convective,convective_flood,unaffected,1222,69,NET,9205,0.00022846438791797837,0.00017571477060441277,0.000204460883938017,0.00028287103951028406,0.006966568887263257,0.28468242180271613
2022-04-13,1,convective,convective_flood,unaffected,1222,69,ASYM,9201,8.624937229104205e-05,9.61379687284174e-07,2.336263960639838e-05,0.00018802081202200894,0.0033610341068488776,0.0
2022-04-13,1,convective,convective_flood,unaffected,1222,69,ASYM,9202,7.260724326985159e-05,8.684425745631909e-07,1.8279840712446615e-05,0.0001779260815140753,0.0035551888146273716,0.0
2022-04-13,1,convective,convective_flood,unaffected,1222,69,ASYM,9203,2.7994833175268164e-05,4.3706131318723644e-07,8.772305086550715e-06,5.820315685064262e-05,0.002007464640084355,0.0
2022-04-13,1,convective,convective_flood,unaffected,1222,69,ASYM,9204,0.00016188234375649088,1.1374559464464575e-06,3.802171610182309e-05,0.00037832405684153883,0.004263498440321964,0.0
2022-04-13,1,convective,convective_flood,unaffected,1222,69,ASYM,9205,2.1632654018151494e-05,3.210771931215903e-07,4.5116469123176205e-06,6.102255677486236e-05,0.0014649825049947004,0.0
2022-04-13,1,convective,convective_flood,unaffected,1222,69,PERSISTENCE,0,6.236181681273724e-07,1.8126085444151852e-07,6.579993268316241e-07,7.454537791587334e-07,9.169776804630681e-07,0.0
2022-06-08,2,convective,convective_flood,all,3256,178,NET,9201,0.0006813878343991943,0.00011047299821700615,0.000545638350035904,0.0009882985512338963,0.004321315228433105,0.3601041935182237
2022-06-08,2,convective,convective_flood,all,3256,178,NET,9202,0.0009048524669854466,0.00011234656473592579,0.0006013565596711813,0.0015209904484202097,0.010634010991522362,0.2651734933252896
2022-06-08,2,convective,convective_flood,all,3256,178,NET,9203,0.000712869990278681,0.00011033681051262774,0.0005251624502431467,0.00119384564380086,0.003427302480000227,0.4643517533209283
2022-06-08,2,convective,convective_flood,all,3256,178,NET,9204,0.0006390768287318071,0.00010973188940317253,0.0005164277761050682,0.0010057539337756448,0.0044549029288787415,0.34043807931670145
2022-06-08,2,convective,convective_flood,all,3256,178,NET,9205,0.0007465790957696842,0.00011037501951302521,0.0005351628579938248,0.0012432042822254313,0.0059070526052678275,0.3848668325235445
2022-06-08,2,convective,convective_flood,all,3256,178,ASYM,9201,0.00048311555403528217,7.561815302350652e-05,0.00044013662019793266,0.0007813071270563219,0.0006332750639239628,0.0
2022-06-08,2,convective,convective_flood,all,3256,178,ASYM,9202,0.00058736035899774,7.702418167687599e-05,0.0004513261090855931,0.0009510977499630785,0.0018204741839030322,0.0
2022-06-08,2,convective,convective_flood,all,3256,178,ASYM,9203,0.0004149314808185344,7.961320364822813e-05,0.0004391616101665808,0.000535767912927778,-1.8335689553921863e-05,0.0
2022-06-08,2,convective,convective_flood,all,3256,178,ASYM,9204,0.0005022494178952195,9.597066371750383e-05,0.00046559689416536006,0.0007444599369063834,0.002479029083789853,0.0
2022-06-08,2,convective,convective_flood,all,3256,178,ASYM,9205,0.00044190327860749385,9.41598576906806e-05,0.0004335666685966653,0.0005734243769786938,0.000901333282663219,0.0
2022-06-08,2,convective,convective_flood,all,3256,178,PERSISTENCE,0,0.00059511444406947,0.00011480485657324734,0.0005382736671337713,0.0007710453751087166,3.83722752921997e-06,0.0
2022-06-08,2,convective,convective_flood,affected,2005,109,NET,9201,0.0009133969983170054,0.00017687842051579633,0.0008014295505789916,0.0012864784605766848,0.0038767047295749112,0.3491315824110972
2022-06-08,2,convective,convective_flood,affected,2005,109,NET,9202,0.0010756835971058787,0.0001772349039716035,0.000831788508451555,0.0016945287398750883,0.009758858087348407,0.26293371042284613
2022-06-08,2,convective,convective_flood,affected,2005,109,NET,9203,0.0009591974623037917,0.00017720451545321313,0.000789080129489895,0.0015043992846372402,0.0035382565621991987,0.43398747324085324
2022-06-08,2,convective,convective_flood,affected,2005,109,NET,9204,0.0008666766980063314,0.00017576732024329893,0.0007673533884601836,0.0012831589926864115,0.004093862443882711,0.32487686075928474
2022-06-08,2,convective,convective_flood,affected,2005,109,NET,9205,0.0009582833809156899,0.00017616046140853578,0.0007772611710644534,0.0015035185971003888,0.005638718319489862,0.3718594482265415
2022-06-08,2,convective,convective_flood,affected,2005,109,ASYM,9201,0.0006823292277798272,0.00012204521983105379,0.0006862168872174525,0.0009939664605790972,-4.8371857524748694e-05,0.0
2022-06-08,2,convective,convective_flood,affected,2005,109,ASYM,9202,0.0008906325117142441,0.00012542723316657598,0.0007247276524079506,0.0013628882337528973,0.001619733494228549,0.0
2022-06-08,2,convective,convective_flood,affected,2005,109,ASYM,9203,0.0006644805531408355,0.00012954183961349863,0.0007096089047065922,0.0008527106844699521,-0.0005534396181986178,0.0
2022-06-08,2,convective,convective_flood,affected,2005,109,ASYM,9204,0.0007339654790683533,0.00015580416504876505,0.0007367891869525625,0.001011399503515543,0.002275206647096646,0.0
2022-06-08,2,convective,convective_flood,affected,2005,109,ASYM,9205,0.000684823613689281,0.00015313595911084678,0.0006967927336701907,0.0008590708181110554,0.0001916979981165847,0.0
2022-06-08,2,convective,convective_flood,affected,2005,109,PERSISTENCE,0,0.0009712490632967775,0.00018729418692710638,0.0008784278047876705,0.00125846181521271,-1.0435847025287466e-06,0.0
2022-06-08,2,convective,convective_flood,unaffected,1251,69,NET,9201,0.00031488060444207253,5.5716789334100335e-06,0.0001415623955547946,0.0005172607234315205,0.005023670944020684,0.377437738600496
2022-06-08,2,convective,convective_flood,unaffected,1251,69,NET,9202,0.0006349887976647642,9.84179695782607e-06,0.0002373408724674025,0.0012468502488755463,0.01201649891260876,0.26871170109871484
2022-06-08,2,convective,convective_flood,unaffected,1251,69,NET,9203,0.0003237439837462594,4.705218649963866e-06,0.00010824901491132695,0.0007032609068274479,0.003252027190729386,0.5123185146068442
2022-06-08,2,convective,convective_flood,unaffected,1251,69,NET,9204,0.00027953500625465996,5.415049380364108e-06,0.00012003804064553803,0.0005675343479600858,0.005025242245756528,0.3650202941392873
2022-06-08,2,convective,convective_flood,unaffected,1251,69,NET,9205,0.0004121476887999072,6.453089562146171e-06,0.00015271769676631,0.0008319831181476007,0.006330942998743168,0.40541472945649143
2022-06-08,2,convective,convective_flood,unaffected,1251,69,ASYM,9201,0.00016841569261274018,2.276844588395596e-06,5.140112592072047e-05,0.0004453670204768655,0.0017100796209951158,0.0
2022-06-08,2,convective,convective_flood,unaffected,1251,69,ASYM,9202,0.00010827826267746544,5.61390193146982e-07,1.9430917460419904e-05,0.0003005881451356841,0.0021375862878815627,0.0
2022-06-08,2,convective,convective_flood,unaffected,1251,69,ASYM,9203,2.0716279613740025e-05,7.404308914964512e-07,1.1933275313519323e-05,3.509020136115555e-05,0.0008269734151166849,0.0
2022-06-08,2,convective,convective_flood,unaffected,1251,69,ASYM,9204,0.00013620520531737028,1.451074657975201e-06,3.7191678023257775e-05,0.00032277279545133396,0.002801009454797962,0.0
2022-06-08,2,convective,convective_flood,unaffected,1251,69,ASYM,9205,5.815956086959816e-05,9.947119689689294e-07,1.7745783190661515e-05,0.0001221857960594554,0.002022351340860076,0.0
2022-06-08,2,convective,convective_flood,unaffected,1251,69,PERSISTENCE,0,9.307702176362536e-07,2.927260142527052e-07,9.287250428287636e-07,1.0686798719726507e-06,1.1547496127199796e-05,0.0
2022-06-17,3,convective,convective_flood,all,6143,342,NET,9201,0.0012736007110229859,0.00030788300611470776,0.0008833247539538928,0.001450434045353633,-0.0027383361252784175,0.39465349185565696
2022-06-17,3,convective,convective_flood,all,6143,342,NET,9202,0.0011375337927377496,0.0003060710286148718,0.0008148095386363326,0.001285733188674089,-0.0031236131194595273,0.461036485562867
2022-06-17,3,convective,convective_flood,all,6143,342,NET,9203,0.0012188323120701013,0.00030781940435641654,0.000861126936598262,0.0014564523900875614,0.0029000599795485104,0.2531572950433166
2022-06-17,3,convective,convective_flood,all,6143,342,NET,9204,0.0012554387706332551,0.0003094843255353173,0.0008749291410089197,0.0015489046201848271,0.0032650081049147277,0.2670320301006723
2022-06-17,3,convective,convective_flood,all,6143,342,NET,9205,0.0012486030742295433,0.0003093425139302716,0.0008608079596029259,0.0015253499443502432,-3.1908619922271984e-05,0.2085792184357863
2022-06-17,3,convective,convective_flood,all,6143,342,ASYM,9201,0.0012258352661664196,0.0003278718738154449,0.0008975112135629302,0.001372145202797503,-0.005143330652602763,0.0
2022-06-17,3,convective,convective_flood,all,6143,342,ASYM,9202,0.0013101489346098343,0.0003275635208009235,0.0009737289898566321,0.0014711358628014231,-0.004675108411582937,0.0
2022-06-17,3,convective,convective_flood,all,6143,342,ASYM,9203,0.0013084466832857492,0.0003160790612583547,0.0009383154940684796,0.0015203202385350824,-0.004366316411411413,0.0
2022-06-17,3,convective,convective_flood,all,6143,342,ASYM,9204,0.0012977947224941347,0.00031006392782354343,0.000943612974652825,0.0014669333254286854,-0.005146556651968655,0.0
2022-06-17,3,convective,convective_flood,all,6143,342,ASYM,9205,0.0012597033866796022,0.00030994524816929317,0.000906250997451588,0.0014128509308757597,-0.0059370029330447875,0.0
2022-06-17,3,convective,convective_flood,all,6143,342,PERSISTENCE,0,0.0014988576309380981,0.00031835897291134684,0.0009784816902625331,0.0019720284319690055,-0.0013009358421430903,0.0
2022-06-17,3,convective,convective_flood,affected,5173,289,NET,9201,0.0014770732969057834,0.00036363374306450384,0.0010322664720119766,0.0016606619749985761,-0.0036035824437999943,0.3838909521994878
2022-06-17,3,convective,convective_flood,affected,5173,289,NET,9202,0.0013267156092988397,0.00036178036932887333,0.0009563963195364581,0.001481683904172256,-0.003641838640021213,0.43852890435888553
2022-06-17,3,convective,convective_flood,affected,5173,289,NET,9203,0.0014112855332400762,0.0003637982114486552,0.0010085319837191532,0.0016608632067495281,0.0023704051502902728,0.24365675462363087
2022-06-17,3,convective,convective_flood,affected,5173,289,NET,9204,0.0014397276613047315,0.00036561477713313264,0.0010208678525374223,0.0017344579907972244,0.002835652829180633,0.2550965671711049
2022-06-17,3,convective,convective_flood,affected,5173,289,NET,9205,0.0014593866504445765,0.00036577568254793477,0.0010128455533050624,0.001763683082748956,-0.0007751177304206166,0.19833544725604055
2022-06-17,3,convective,convective_flood,affected,5173,289,ASYM,9201,0.0014503261198514099,0.0003879326509611543,0.0010619419458175506,0.0016229599832921421,-0.006105232064610724,0.0
2022-06-17,3,convective,convective_flood,affected,5173,289,ASYM,9202,0.001549739555207553,0.00038756237370657354,0.0011520566674000001,0.0017392292583445759,-0.005586466556349944,0.0
2022-06-17,3,convective,convective_flood,affected,5173,289,ASYM,9203,0.0015482639062330647,0.0003739727356444099,0.0011102231700826574,0.0017989835597334947,-0.005160822110253314,0.0
2022-06-17,3,convective,convective_flood,affected,5173,289,ASYM,9204,0.0015354264914830902,0.0003668570108028112,0.0011164798004304822,0.00173508111800297,-0.006110304214879107,0.0
2022-06-17,3,convective,convective_flood,affected,5173,289,ASYM,9205,0.0014902208228401946,0.0003667189014772124,0.0010722624383534129,0.0016706528608404635,-0.0070331036798837185,0.0
2022-06-17,3,convective,convective_flood,affected,5173,289,PERSISTENCE,0,0.001773536523849226,0.0003766656033971703,0.001157704876032348,0.0023334453444340784,-0.001538354857431153,0.0
2022-06-17,3,convective,convective_flood,unaffected,970,53,NET,9201,0.00016409925215263665,3.88370463374411e-06,7.117085737302084e-05,0.00030409684408214875,0.0019797051209996088,0.45333979299967386
2022-06-17,3,convective,convective_flood,unaffected,970,53,NET,9202,0.00010595747224425632,2.2974537781465607e-06,4.276086542621345e-05,0.00021724721171238558,-0.0002978173563967537,0.5837665038260867
2022-06-17,3,convective,convective_flood,unaffected,970,53,NET,9203,0.00016941757776589946,2.5764751176055084e-06,5.735224569377884e-05,0.0003418349181006103,0.005788177822107584,0.30496212865254574
2022-06-17,3,convective,convective_flood,unaffected,970,53,NET,9204,0.0002505427441416197,3.414504558550576e-06,7.915012908934918e-05,0.0005371135992983612,0.005606209514106301,0.33211408267887904
2022-06-17,3,convective,convective_flood,unaffected,970,53,NET,9205,9.923602656643695e-05,1.6220284490517894e-06,3.1772778849764935e-05,0.0002257598123270742,0.0040206844543045515,0.26443676317062614
2022-06-17,3,convective,convective_flood,unaffected,970,53,ASYM,9201,1.7247621105264693e-06,3.706550397843204e-07,8.983527783012392e-07,4.4947959493756855e-06,0.00010175440532743828,0.0
2022-06-17,3,convective,convective_flood,unaffected,970,53,ASYM,9202,3.7019656901993947e-06,3.9996439086914525e-07,1.3384462710975272e-06,9.26810219819176e-06,0.00029437279290130754,0.0
2022-06-17,3,convective,convective_flood,unaffected,970,53,ASYM,9203,7.640902334052386e-07,3.946858325063382e-07,9.321286326800577e-07,8.164682267597445e-07,-3.4011751688602466e-05,0.0
2022-06-17,3,convective,convective_flood,unaffected,970,53,ASYM,9204,2.02903876190642e-06,3.8089044602627427e-07,9.99528431260289e-07,4.768947051925764e-06,0.00010859515333550586,0.0
2022-06-17,3,convective,convective_flood,unaffected,970,53,ASYM,9205,2.730951766182233e-06,3.681574902618799e-07,1.0188008359771335e-06,7.1007844644533475e-06,3.984830915239952e-05,0.0
2022-06-17,3,convective,convective_flood,unaffected,970,53,PERSISTENCE,0,1.0802714793068864e-06,4.2281799808267705e-07,1.2080923856185955e-06,1.2833809802103355e-06,-6.330268213845472e-06,0.0
2022-07-23,4,convective,convective_flood,all,3536,178,NET,9201,0.0005361151859741081,8.664019853893431e-05,0.0004653255345661012,0.0008041087012977336,0.0005211218797249866,0.3894980356232835
2022-07-23,4,convective,convective_flood,all,3536,178,NET,9202,0.0005107398282643585,8.669570164124362e-05,0.00045801039999026683,0.0007420780794358792,0.0022166828078394696,0.3018440696625594
2022-07-23,4,convective,convective_flood,all,3536,178,NET,9203,0.0005296683517004344,8.710326930308916e-05,0.00047411032437737595,0.0007324151075557957,-0.0004366459185413391,0.436296506501767
2022-07-23,4,convective,convective_flood,all,3536,178,NET,9204,0.0005896002027251725,8.745900292655474e-05,0.0004800869689334841,0.0008681161651327619,-0.005624389217864151,0.6522612974724281
2022-07-23,4,convective,convective_flood,all,3536,178,NET,9205,0.0004893889033631572,8.645143117020212e-05,0.00045757017005143807,0.000700112588868065,-0.0007613824644583659,0.4289045975899169
2022-07-23,4,convective,convective_flood,all,3536,178,ASYM,9201,0.0004906761748178877,9.138441065014406e-05,0.0004371215569371822,0.0006772968463291527,0.0005676932500100976,0.0
2022-07-23,4,convective,convective_flood,all,3536,178,ASYM,9202,0.0006518435330275597,8.97489007539358e-05,0.0005464681999868316,0.0009569302795317531,0.000253291419234627,0.0
2022-07-23,4,convective,convective_flood,all,3536,178,ASYM,9203,0.000549679989534323,8.563267982490134e-05,0.0004550093242776133,0.0008163238414337399,0.00198288432198989,0.0
2022-07-23,4,convective,convective_flood,all,3536,178,ASYM,9204,0.00047531170406040873,9.044481155000278e-05,0.0004308716040134408,0.000643831742644127,-0.00032235131125998514,0.0
2022-07-23,4,convective,convective_flood,all,3536,178,ASYM,9205,0.0005516856754298178,8.784660262518665e-05,0.0004438791069284319,0.0008365286586543275,0.0023846965260102093,0.0
2022-07-23,4,convective,convective_flood,all,3536,178,PERSISTENCE,0,0.0006722080580959101,8.9967013866719e-05,0.0005532090141438288,0.0010034277414814935,6.0875650204122696e-05,0.0
2022-07-23,4,convective,convective_flood,affected,2719,136,NET,9201,0.000663280139961289,0.00011286161526534368,0.0005960430125128229,0.000968436398025609,-0.00019927794147079746,0.3847153099207597
2022-07-23,4,convective,convective_flood,affected,2719,136,NET,9202,0.000625521877194949,0.00011262667950107474,0.0005830874527384268,0.0008851588992921683,0.0015819056406406495,0.2992857011428594
2022-07-23,4,convective,convective_flood,affected,2719,136,NET,9203,0.0006582263236777826,0.00011346479100009646,0.0006081327011366259,0.0008923789849600391,-0.0011928167784404412,0.4294997001068584
2022-07-23,4,convective,convective_flood,affected,2719,136,NET,9204,0.0007247957761573487,0.00011332184989141944,0.0006058034996181426,0.0010565947811200834,-0.006288556159505504,0.6438887926479838
2022-07-23,4,convective,convective_flood,affected,2719,136,NET,9205,0.0006115189866648053,0.00011266129745368501,0.0005893293914512562,0.0008530289002219955,-0.0016218475444075714,0.4245200794535786
2022-07-23,4,convective,convective_flood,affected,2719,136,ASYM,9201,0.0006277491629353948,0.0001190423439091523,0.0005637448275019422,0.0008656645989349015,4.511185990788086e-05,0.0
2022-07-23,4,convective,convective_flood,affected,2719,136,ASYM,9202,0.0008527003865904583,0.00011731550532221528,0.0007148749361136357,0.001251953028271216,0.0002448443783210595,0.0
2022-07-23,4,convective,convective_flood,affected,2719,136,ASYM,9203,0.00070529777233518,0.00011184621846314791,0.0005918204483386487,0.0010357892351971843,0.0018138282993391832,0.0
2022-07-23,4,convective,convective_flood,affected,2719,136,ASYM,9204,0.0006080318151792988,0.00011807225983301612,0.0005555775108954787,0.0008242262609620962,-0.0009416114305941689,0.0
2022-07-23,4,convective,convective_flood,affected,2719,136,ASYM,9205,0.0006859671908667392,0.00011443324134519353,0.0005677741047921945,0.001024818661219545,0.0019362295214045205,0.0
2022-07-23,4,convective,convective_flood,affected,2719,136,PERSISTENCE,0,0.0008793776593613521,0.0001176003906256469,0.0007236991800683582,0.0013128971992398331,8.732803958986772e-05,0.0
2022-07-23,4,convective,convective_flood,unaffected,817,42,NET,9201,0.0001243429540156176,1.7327539010373107e-06,4.204989169100216e-05,0.0002719999690360419,0.0028538451102637164,0.40498495694574127
2022-07-23,4,convective,convective_flood,unaffected,817,42,NET,9202,0.0001390646222033987,2.728725714171405e-06,5.299899109146377e-05,0.00027876875799646663,0.004272151730197553,0.31012831058349266
2022-07-23,4,convective,convective_flood,unaffected,817,42,NET,9203,0.00011338539482140235,1.7421514270654923e-06,4.01331043950431e-05,0.00021443683786586537,0.0020119073420843243,0.458305212923376
2022-07-23,4,convective,convective_flood,unaffected,817,42,NET,9204,0.00015182406018288832,3.71264132604055e-06,7.300486957363739e-05,0.00025780445622143497,-0.0034737534068350023,0.679372265475391
2022-07-23,4,convective,convective_flood,unaffected,817,42,NET,9205,9.392006219591513e-05,1.5813879665432249e-06,3.092126266154999e-05,0.00020495500924581396,0.0020248854134723945,0.4431020848885363
2022-07-23,4,convective,convective_flood,unaffected,817,42,ASYM,9201,4.682078472310262e-05,1.8253886685936158e-06,2.7103347489387553e-05,6.734412360577553e-05,0.0022598615608172756,0.0
2022-07-23,4,convective,convective_flood,unaffected,817,42,ASYM,9202,1.4499119667458378e-06,4.856097709356044e-07,1.1511496714658787e-06,1.6185217087315006e-06,0.0002806437421928457,0.0
2022-07-23,4,convective,convective_flood,unaffected,817,42,ASYM,9203,4.577478808392924e-05,7.507451867696048e-07,1.200187493711759e-05,0.0001056739949616349,0.002530303823906465,0.0
2022-07-23,4,convective,convective_flood,unaffected,817,42,ASYM,9204,4.555134424685958e-05,9.845028240548195e-07,2.7062000776365388e-05,5.9697111900226296e-05,0.0016828719322983239,0.0
2022-07-23,4,convective,convective_flood,unaffected,817,42,ASYM,9205,0.00011686933972930942,1.756534388973877e-06,4.2695304321962795e-05,0.00022682769796695607,0.0038368753980667246,0.0
2022-07-23,4,convective,convective_flood,unaffected,817,42,PERSISTENCE,0,1.3731587601926614e-06,4.875081711429788e-07,1.1456197215438699e-06,1.3361639782995278e-06,-2.4779705902099474e-05,0.0
2024-01-09,4,winter,winter,all,2520,120,NET,9201,0.001348921329543207,0.00011451334843106152,0.0006508659925922628,0.002566932973912892,0.01361176939568054,0.30415013227513227
2024-01-09,4,winter,winter,all,2520,120,NET,9202,0.0009527771161815658,0.00011260532577033708,0.0005919670619953535,0.0015923234869746352,0.00724460818461897,0.2934358465608466
2024-01-09,4,winter,winter,all,2520,120,NET,9203,0.0010733495203001057,0.00011241882002010661,0.0005995234905650855,0.0019346574626777921,0.01157000267207714,0.2466269841269841
2024-01-09,4,winter,winter,all,2520,120,NET,9204,0.0010785963646170102,0.0001153081058459956,0.0006454553269606586,0.0017885901574299715,0.011975111679915405,0.22721560846560845
2024-01-09,4,winter,winter,all,2520,120,NET,9205,0.000837173228520407,0.00011097818961367918,0.0005373628015914456,0.0014324965029472866,0.006150635636659946,0.2658564814814815
2024-01-09,4,winter,winter,all,2520,120,ASYM,9201,0.0006213854213290826,0.00011233433817450675,0.0005005548102002585,0.0009214914707822969,-0.0013766082404372147,0.0
2024-01-09,4,winter,winter,all,2520,120,ASYM,9202,0.0007741851876137574,0.00011363415783676509,0.0005824083372537863,0.0012125915780427812,-0.00018901583421083456,0.0
2024-01-09,4,winter,winter,all,2520,120,ASYM,9203,0.0006285050243653267,0.00011410257275092065,0.0005000223942018035,0.0009716952622827975,0.000996037384067569,0.0
2024-01-09,4,winter,winter,all,2520,120,ASYM,9204,0.000621434639137191,0.00011325704128066299,0.0004966376943232332,0.0008918331472432072,-0.000918798355274883,0.0
2024-01-09,4,winter,winter,all,2520,120,ASYM,9205,0.0006292264260333586,0.00011225331145127875,0.0005066293876677304,0.0009665975507590042,-0.0009386495124277217,0.0
2024-01-09,4,winter,winter,all,2520,120,PERSISTENCE,0,0.0007931638010856013,0.00011402630587107887,0.0005884716257966347,0.0012563714174198685,-0.00039525925702537854,0.0
2024-01-09,4,winter,winter,affected,2163,103,NET,9201,0.0013957198762789677,0.00013145736292730344,0.0007069978159154927,0.002625677169577941,0.013450822080267573,0.2975419941439359
2024-01-09,4,winter,winter,affected,2163,103,NET,9202,0.0009989419254310082,0.0001294788670186103,0.0006492707677811908,0.0016513889932626466,0.006834458697465703,0.28700493142240713
2024-01-09,4,winter,winter,affected,2163,103,NET,9203,0.001132394122040752,0.00012958492162883797,0.0006640789611859808,0.002009729075627908,0.01138904477393079,0.23848050547079674
2024-01-09,4,winter,winter,affected,2163,103,NET,9204,0.0011229883652227222,0.00013221177513875762,0.0007004067789370509,0.0018440673721459879,0.011655306570830503,0.22488056711357687
2024-01-09,4,winter,winter,affected,2163,103,NET,9205,0.0009121044759715989,0.00012813654937418757,0.0006033948726122246,0.0015350269873837718,0.005944956189098498,0.2570503929727231
2024-01-09,4,winter,winter,affected,2163,103,ASYM,9201,0.0007228664133914626,0.00013074855450408181,0.0005829224018961554,0.0010712880401657979,-0.0017135836404323032,0.0
2024-01-09,4,winter,winter,affected,2163,103,ASYM,9202,0.0009016500708085538,0.00013225991539834067,0.0006783228803721486,0.0014122799888522052,-0.0002693303595791324,0.0
2024-01-09,4,winter,winter,affected,2163,103,ASYM,9203,0.0007272331982622232,0.0001327918089449958,0.0005815399999112137,0.001121467665939823,0.0008044897919878165,0.0
2024-01-09,4,winter,winter,affected,2163,103,ASYM,9204,0.0007229236766404722,0.00013182165618826246,0.0005780514732127464,0.001036596172352097,-0.0011870293541216585,0.0
2024-01-09,4,winter,winter,affected,2163,103,ASYM,9205,0.0007324119160723714,0.0001306533168811478,0.0005899896920921783,0.0011249466094829773,-0.0011923786315215087,0.0
2024-01-09,4,winter,winter,affected,2163,103,PERSISTENCE,0,0.0009237712862813968,0.0001327166394955512,0.0006853877799845713,0.0014633149558829159,-0.0004596410151639083,0.0
2024-01-09,4,winter,winter,unaffected,357,17,NET,9201,0.0010653771934383029,1.185255471853695e-05,0.00031077318069269244,0.0022110122590011257,0.014586920777300281,0.344187675070028
2024-01-09,4,winter,winter,unaffected,357,17,NET,9202,0.0006730726836702383,1.0371517030799494e-05,0.00024477402105763313,0.0012344560077002123,0.009729631547959354,0.33239962651727356
2024-01-09,4,winter,winter,unaffected,357,17,NET,9203,0.00071560869798913,8.412439684852155e-06,0.00020839328621495484,0.001479811807744735,0.012666394643199142,0.29598506069094305
2024-01-09,4,winter,winter,unaffected,357,17,NET,9204,0.0008096330668294614,1.2891756601614182e-05,0.0003125141767507515,0.0014524635035623424,0.013912754399665089,0.24136321195144722
2024-01-09,4,winter,winter,unaffected,357,17,NET,9205,0.00038317802337494946,7.018715770598987e-06,0.00013728613599495987,0.0008112823913615218,0.0073968111130616665,0.3192110177404295
2024-01-09,4,winter,winter,unaffected,357,17,ASYM,9201,6.529998833485298e-06,7.658510011993322e-07,1.5041075721776265e-06,1.3900491576379035e-05,0.0006650662418859691,0.0
2024-01-09,4,winter,winter,unaffected,357,17,ASYM,9202,1.8979541394026691e-06,7.839796695717274e-07,1.2790465954730076e-06,2.714736079798651e-06,0.0002975957018441473,0.0
2024-01-09,4,winter,winter,unaffected,357,17,ASYM,9203,3.032844134295358e-05,8.67788751523999e-07,6.121606668317929e-06,6.42506989490533e-05,0.0021565904419625407,0.0
2024-01-09,4,winter,winter,unaffected,357,17,ASYM,9204,6.530470734958559e-06,7.773156640308525e-07,3.365975169124604e-06,1.4739524524638549e-05,0.0007063659318555803,0.0
2024-01-09,4,winter,winter,unaffected,357,17,ASYM,9205,4.043751091104726e-06,7.709256114840244e-07,1.5640138019564007e-06,7.188547901992738e-06,0.0005986504444346343,0.0
2024-01-09,4,winter,winter,unaffected,357,17,PERSISTENCE,0,1.836096664015976e-06,7.848727345698808e-07,1.2737504226673005e-06,2.537037320227067e-06,-5.181545950756645e-06,0.0
2024-01-12,4,winter,winter,all,5967,288,NET,9201,0.0007631593247876496,5.378904189677813e-05,0.0003763126168625987,0.001416384355445729,0.00810602102789239,0.2795535025352734
2024-01-12,4,winter,winter,all,5967,288,NET,9202,0.0006311801602449112,5.284647558819019e-05,0.00034736552941077377,0.0010920945310297062,0.00564757471380072,0.26986710482804227
2024-01-12,4,winter,winter,all,5967,288,NET,9203,0.0006891105485593219,5.313736433030736e-05,0.00035143582060248666,0.0012578625774321932,0.005757130022793128,0.3032062940917108
2024-01-12,4,winter,winter,all,5967,288,NET,9204,0.0015114506936394119,6.270336640739145e-05,0.0006275734011950856,0.0029159615839068117,0.020292347438244405,0.0964695629409171
2024-01-12,4,winter,winter,all,5967,288,NET,9205,0.0006872409586189533,5.2802106834439624e-05,0.0003489576661778658,0.0012589151722017327,0.004414634027634602,0.32092737268518523
2024-01-12,4,winter,winter,all,5967,288,ASYM,9201,0.00047576571570797304,5.1158910004059846e-05,0.0003097751771555059,0.000740180273094176,0.00047838204307842317,0.0
2024-01-12,4,winter,winter,all,5967,288,ASYM,9202,0.000545729881086384,5.2922927748899716e-05,0.00032319542875692165,0.0009238987678178395,0.0005479336544639605,0.0
2024-01-12,4,winter,winter,all,5967,288,ASYM,9203,0.00041246967012558474,5.026032601439802e-05,0.0002824814990560133,0.000597486198412401,-0.00022499738473956372,0.0
2024-01-12,4,winter,winter,all,5967,288,ASYM,9204,0.0007878975613903733,9.122418277698631e-05,0.0005490940301818758,0.001196885537898534,0.0024652272659310423,0.0
2024-01-12,4,winter,winter,all,5967,288,ASYM,9205,0.0004719675144592682,5.1384074424604766e-05,0.0003014835876348517,0.0007813144049821663,0.00041670252787607675,0.0
2024-01-12,4,winter,winter,all,5967,288,PERSISTENCE,0,0.0005664915102403172,5.31264078027538e-05,0.0003277058703009481,0.000978625479493876,0.00036456615319191963,0.0
2024-01-12,4,winter,winter,affected,3951,192,NET,9201,0.0008577873740611017,7.797031200871653e-05,0.0004849640090203139,0.001472911151124616,0.0062851869437762714,0.29082702959656087
2024-01-12,4,winter,winter,affected,3951,192,NET,9202,0.0007503128095872341,7.691880600656555e-05,0.00045898182746950954,0.0012134613348237964,0.004385019716884652,0.26725518766534395
2024-01-12,4,winter,winter,affected,3951,192,NET,9203,0.00079839404823884,7.741459468276308e-05,0.0004622589958771874,0.001349215470016735,0.004040127107292443,0.30791170634920634
2024-01-12,4,winter,winter,affected,3951,192,NET,9204,0.0013321107847693893,8.286797751072847e-05,0.0006395491290720217,0.0024129206573584613,0.016595081820331536,0.1078946552579365
2024-01-12,4,winter,winter,affected,3951,192,NET,9205,0.0007775448196598225,7.69002100238365e-05,0.0004570945674175766,0.001304414133175771,0.002365080549552177,0.33031839037698413
2024-01-12,4,winter,winter,affected,3951,192,ASYM,9201,0.0006618172053676612,7.613285632428266e-05,0.0004503832203698725,0.0009930671157870293,-0.0007385823728629427,0.0
2024-01-12,4,winter,winter,affected,3951,192,ASYM,9202,0.0008181566354990788,7.924501471873294e-05,0.000484405372375289,0.0013852309826674575,0.0006642743525348526,0.0
2024-01-12,4,winter,winter,affected,3951,192,ASYM,9203,0.0006082748366649412,7.515047105823685e-05,0.00042039761575251005,0.0008744486566725271,-0.0007755807175262464,0.0
2024-01-12,4,winter,winter,affected,3951,192,ASYM,9204,0.0010752616890818735,0.00013330037748812064,0.0007699950436620565,0.00160518214963402,0.0018279401067881932,0.0
2024-01-12,4,winter,winter,affected,3951,192,ASYM,9205,0.0007015194946665054,7.691881164321044e-05,0.00045062277932350544,0.0011588252427779447,0.0003694436127781522,0.0
2024-01-12,4,winter,winter,affected,3951,192,PERSISTENCE,0,0.0008493520380868702,7.955039105450858e-05,0.0004911774651563428,0.001467471162020365,0.0005431673773278749,0.0
2024-01-12,4,winter,winter,unaffected,2016,96,NET,9201,0.0005739032262407455,5.42650167290133e-06,0.00015900983254716833,0.0013033307640879534,0.011747689196124624,0.25700644841269843
2024-01-12,4,winter,winter,unaffected,2016,96,NET,9202,0.00039291486156026526,4.701814751439473e-06,0.0001241329332933022,0.0008493609234415254,0.008172684707632855,0.27509093915343913
2024-01-12,4,winter,winter,unaffected,2016,96,NET,9203,0.0004705435492002856,4.582903625395918e-06,0.00012978947005308535,0.0010751567922631094,0.009191135853794496,0.2937954695767196
2024-01-12,4,winter,winter,unaffected,2016,96,NET,9204,0.0018701305113794579,2.2374144200717447e-05,0.0006036219454412136,0.0039220434370035116,0.02768687867407014,0.07361937830687831
2024-01-12,4,winter,winter,unaffected,2016,96,NET,9205,0.0005066332365372149,4.605900455645882e-06,0.00013268386369844426,0.0011679172502536562,0.008513740983799452,0.3021453373015873
2024-01-12,4,winter,winter,unaffected,2016,96,ASYM,9201,0.00010366273638859654,1.2110173636141899e-06,2.855909072677265e-05,0.00023440658770846915,0.002912310874961155,0.0
2024-01-12,4,winter,winter,unaffected,2016,96,ASYM,9202,8.763722609946054e-07,2.787538092332806e-07,7.755415201869951e-07,1.2343381186038421e-06,0.00031525225832217606,0.0
2024-01-12,4,winter,winter,unaffected,2016,96,ASYM,9203,2.0859337046871568e-05,4.800359267203772e-07,6.649265663019902e-06,4.356128189214898e-05,0.0008761692808338021,0.0
2024-01-12,4,winter,winter,unaffected,2016,96,ASYM,9204,0.00021316930600737282,7.071793354717668e-06,0.00010729200322151494,0.0003802923144275619,0.0037398015842167397,0.0
2024-01-12,4,winter,winter,unaffected,2016,96,ASYM,9205,1.2863554044793675e-05,3.145999873934014e-07,3.205204257544135e-06,2.6292729390609497e-05,0.000511220358071926,0.0
2024-01-12,4,winter,winter,unaffected,2016,96,PERSISTENCE,0,7.704545472117952e-07,2.7844129924422564e-07,7.626805901585472e-07,9.341144408972484e-07,7.363704920008782e-06,0.0
2024-05-08,0,convective,convective_flood,all,3481,166,NET,9201,0.00032337559764252183,0.00011376788554724206,0.00023794783474752787,0.0005028963256784177,0.0015972339981566285,0.39046289323962513
2024-05-08,0,convective,convective_flood,all,3481,166,NET,9202,0.00043911023062097673,0.00011318529497685912,0.00026669615652373996,0.0006892260071172635,0.00843135523807634,0.15564340696117804
2024-05-08,0,convective,convective_flood,all,3481,166,NET,9203,0.00035634929145049964,0.00011231956163465918,0.0002381455093507359,0.0005306547914242637,0.004330854230671145,0.35196664634729397
2024-05-08,0,convective,convective_flood,all,3481,166,NET,9204,0.0005116118045144357,0.00011376228131566412,0.0003000592609496687,0.0008091265058743339,0.0060570291096409485,0.3604320556033659
2024-05-08,0,convective,convective_flood,all,3481,166,NET,9205,0.00030774467468441813,0.000112084935549649,0.00023730178517562264,0.00042933179136866035,0.002402630588718784,0.3406647423025435
2024-05-08,0,convective,convective_flood,all,3481,166,ASYM,9201,0.00035507607356889437,0.00011180847364468213,0.00021875627547539216,0.0005266197507321423,0.002321318541891939,0.0
2024-05-08,0,convective,convective_flood,all,3481,166,ASYM,9202,0.0002751902071034604,0.00011152948238017645,0.00019450656049401226,0.0003693448883645097,0.0021513488990065146,0.0
2024-05-08,0,convective,convective_flood,all,3481,166,ASYM,9203,0.0002970580951210128,0.00011065398060211096,0.00020174286915275357,0.0003941185441667736,0.001993726154863243,0.0
2024-05-08,0,convective,convective_flood,all,3481,166,ASYM,9204,0.00024304650967867325,0.00011021346991616495,0.00019101864559110487,0.00031015479516339155,0.0015789661992274815,0.0
2024-05-08,0,convective,convective_flood,all,3481,166,ASYM,9205,0.0003438069108470332,0.00011169558543023219,0.00020595539749491834,0.0005317388995175887,0.0026518105977368163,0.0
2024-05-08,0,convective,convective_flood,all,3481,166,PERSISTENCE,0,0.00027410967631239777,0.00011066349405068389,0.0002190253069841093,0.0003740575383325044,-2.3067617225834517e-05,0.0
2024-05-08,0,convective,convective_flood,affected,2478,118,NET,9201,0.0003923709704555176,0.00015793171427058974,0.00030489817771892406,0.0005740070618393345,0.0011725475240402146,0.3834745762711864
2024-05-08,0,convective,convective_flood,affected,2478,118,NET,9202,0.0005079447596064591,0.00015729236732016396,0.00033379913022043634,0.0007600122194638212,0.008414249822393543,0.13515603981705673
2024-05-08,0,convective,convective_flood,affected,2478,118,NET,9203,0.0004067702576600933,0.000155899414693069,0.0002963663512838674,0.0005708776637853315,0.0039200228418917096,0.3370829970406241
2024-05-08,0,convective,convective_flood,affected,2478,118,NET,9204,0.0005822722961356519,0.00015765249267488812,0.0003658862341059516,0.0008818139660474161,0.005957909962189209,0.34584342211460867
2024-05-08,0,convective,convective_flood,affected,2478,118,NET,9205,0.0003814006799102197,0.0001561147456481974,0.00030682315663320257,0.0005060104335288734,0.00210961215560211,0.3260021522733388
2024-05-08,0,convective,convective_flood,affected,2478,118,ASYM,9201,0.0004339700082283014,0.00015628260388651926,0.00028845306238255505,0.0006284213276290957,0.0021291752249455466,0.0
2024-05-08,0,convective,convective_flood,affected,2478,118,ASYM,9202,0.00035120196052799193,0.00015580847645938243,0.00026139578264634686,0.0004615639509806101,0.0019256650458705316,0.0
2024-05-08,0,convective,convective_flood,affected,2478,118,ASYM,9203,0.00038013552783683916,0.00015503248488328312,0.0002717380141814544,0.0004999170977073138,0.001784192821994852,0.0
2024-05-08,0,convective,convective_flood,affected,2478,118,ASYM,9204,0.0003236897564204056,0.00015470159459425925,0.0002625419081852377,0.0004054461963828432,0.0013748721304963458,0.0
2024-05-08,0,convective,convective_flood,affected,2478,118,ASYM,9205,0.00041721192162115457,0.0001560035731656149,0.0002703523339159791,0.0006314836887254322,0.0023928187636811375,0.0
2024-05-08,0,convective,convective_flood,affected,2478,118,PERSISTENCE,0,0.000385243703462434,0.00015556210916625547,0.00030775934001599486,0.0005258561820604281,-2.7685926690592297e-05,0.0
2024-05-08,0,convective,convective_flood,unaffected,1003,48,NET,9201,0.00015376197281057386,5.198473269012361e-06,7.33615749428456e-05,0.000328082432616164,0.002641254913692813,0.407642505787037
2024-05-08,0,convective,convective_flood,unaffected,1003,48,NET,9202,0.0002698920135316663,4.75540879956837e-06,0.00010173467951936123,0.000515209901765309,0.008473406051629877,0.20600818452380953
2024-05-08,0,convective,convective_flood,unaffected,1003,48,NET,9203,0.00023239774951858196,5.185756199401848e-06,9.501927293178796e-05,0.0004317735635366385,0.005340814728087259,0.3885556175595238
2024-05-08,0,convective,convective_flood,unaffected,1003,48,NET,9204,0.00033790476261227935,5.8655117242385064e-06,0.0001382346186071397,0.0006304364996155072,0.006300697013793141,0.39629577959656076
2024-05-08,0,convective,convective_flood,unaffected,1003,48,NET,9205,0.00012667366183765575,3.8449857240508625e-06,6.639508034240527e-05,0.00024083012939147015,0.003122967570130608,0.3767102761243386
2024-05-08,0,convective,convective_flood,unaffected,1003,48,ASYM,9201,0.00016112848419785222,2.4762368001659e-06,4.741834099528365e-05,0.00027635754086046516,0.0027936708627184863,0.0
2024-05-08,0,convective,convective_flood,unaffected,1003,48,ASYM,9202,8.832797993482039e-05,2.6769552687950534e-06,3.0070556036189546e-05,0.00014263969276659603,0.002706155037965806,0.0
2024-05-08,0,convective,convective_flood,unaffected,1003,48,ASYM,9203,9.28260730279395e-05,1.5568242442293618e-06,2.9671470957197077e-05,0.00013403043337961238,0.0025088289314980357,0.0
2024-05-08,0,convective,convective_flood,unaffected,1003,48,ASYM,9204,4.4798528105248036e-05,8.468300825165057e-07,1.5190625047194951e-05,7.589676716557299e-05,0.002080697451524858,0.0
2024-05-08,0,convective,convective_flood,unaffected,1003,48,ASYM,9205,0.00016335292602731819,2.7717822474163713e-06,4.764626212647749e-05,0.0002865329593816405,0.0032884988564570276,0.0
2024-05-08,0,convective,convective_flood,unaffected,1003,48,PERSISTENCE,0,9.051929018921384e-07,2.8773189157025426e-07,8.874757807241775e-07,8.858725013586683e-07,-1.1714273124971599e-05,0.0
2024-05-26,1,convective,convective_flood,all,4864,256,NET,9201,0.0034052368280761284,0.0005799554082049456,0.002455013599345677,0.00511914891986053,-0.006674317547608605,0.3335646244517544
2024-05-26,1,convective,convective_flood,all,4864,256,NET,9202,0.003392708294693661,0.0006163919146619066,0.002566788201077731,0.004999724065356844,-0.005603750429910473,0.18230879934210525
2024-05-26,1,convective,convective_flood,all,4864,256,NET,9203,0.0035059066929574254,0.0005940791974352108,0.002491666792749257,0.005105828334936659,-0.004308728643545649,0.26648163377192985
2024-05-26,1,convective,convective_flood,all,4864,256,NET,9204,0.0034787442368652863,0.0005700389027000099,0.0026683930399588377,0.005082021585867017,-0.008863295856606819,0.3036766721491228
2024-05-26,1,convective,convective_flood,all,4864,256,NET,9205,0.0033565660424576425,0.0005286868236475725,0.0025336318254457505,0.004957792157014383,-0.01057521169000862,0.42387095668859653
2024-05-26,1,convective,convective_flood,all,4864,256,ASYM,9201,0.0033785799151228734,0.00032510866749677514,0.0022072061051307394,0.00528872833089045,-0.005646125878051063,0.0
2024-05-26,1,convective,convective_flood,all,4864,256,ASYM,9202,0.003613621468798321,0.0003300827017682493,0.0024196024555371595,0.0055126992610702195,-0.006655767816018766,0.0
2024-05-26,1,convective,convective_flood,all,4864,256,ASYM,9203,0.0035701281625998634,0.00038551464501451293,0.0023827094948073004,0.005450398290450781,-0.009517321823135916,0.0
2024-05-26,1,convective,convective_flood,all,4864,256,ASYM,9204,0.0031326267541115756,0.00030535373328502636,0.0020341880220378613,0.004987755259386651,-0.0063129109718413675,0.0
2024-05-26,1,convective,convective_flood,all,4864,256,ASYM,9205,0.00357998471502515,0.0003270129769433321,0.002371232115468019,0.005453485005131633,-0.009257330514363216,0.0
2024-05-26,1,convective,convective_flood,all,4864,256,PERSISTENCE,0,0.0038270958367428954,0.0003212087773388251,0.0022077142878948208,0.006750332242061159,-2.421830445336801e-06,0.0
2024-05-26,1,convective,convective_flood,affected,3933,207,NET,9201,0.004177683064198896,0.0006728531558348801,0.0030133452186845784,0.006289253902315505,-0.009156513150922668,0.3063924908890584
2024-05-26,1,convective,convective_flood,affected,3933,207,NET,9202,0.004160496216496532,0.0007272669557445676,0.0031562149631660435,0.006105984453415232,-0.008094719885515496,0.1560301720484787
2024-05-26,1,convective,convective_flood,affected,3933,207,NET,9203,0.004214901418363675,0.0007001036785936785,0.0030475484940719728,0.006035606866400038,-0.006673730382601699,0.23182049326214085
2024-05-26,1,convective,convective_flood,affected,3933,207,NET,9204,0.004275810235931856,0.0006798141791457149,0.003283150518737127,0.006238134533448338,-0.011597188378264189,0.27267141283159585
2024-05-26,1,convective,convective_flood,affected,3933,207,NET,9205,0.0041208886859259745,0.0006241713444055097,0.0031110332279498786,0.006091679773261305,-0.013352346931694948,0.3931265361471311
2024-05-26,1,convective,convective_flood,affected,3933,207,ASYM,9201,0.0041699396699327014,0.0004018677179536463,0.002728009635763061,0.006518684636565869,-0.007482104545380097,0.0
2024-05-26,1,convective,convective_flood,affected,3933,207,ASYM,9202,0.004461464946252095,0.0004079752444225886,0.002990691084611443,0.006796883887911164,-0.008720612893090375,0.0
2024-05-26,1,convective,convective_flood,affected,3933,207,ASYM,9203,0.004412814284811133,0.0004765846852934992,0.002946186814142693,0.006732700526434984,-0.012010943554780345,0.0
2024-05-26,1,convective,convective_flood,affected,3933,207,ASYM,9204,0.0038634298168715884,0.00037744300265363023,0.002513972495374597,0.006139190806092855,-0.008323413609697204,0.0
2024-05-26,1,convective,convective_flood,affected,3933,207,ASYM,9205,0.0044232401089155235,0.0004042468998604557,0.0029320617630356855,0.006725373325306862,-0.011684067169680174,0.0
2024-05-26,1,convective,convective_flood,affected,3933,207,PERSISTENCE,0,0.004732693761730868,0.0003970807882012297,0.0027300474148438457,0.00834789822301635,4.455788871529723e-06,0.0
2024-05-26,1,convective,convective_flood,unaffected,931,49,NET,9201,0.00014204558567994775,0.000187509821278488,9.634737070991172e-05,0.0001760523613262533,0.0038116924500650948,0.44835302542069455
2024-05-26,1,convective,convective_flood,unaffected,931,49,NET,9202,0.00014919605360806025,0.00014800143498617561,7.676085919444934e-05,0.0003263383443754949,0.00491932461723728,0.29332259219477264
2024-05-26,1,convective,convective_flood,unaffected,931,49,NET,9203,0.0005107657101187769,0.00014617985866372568,0.00014335021777370045,0.0011779884163056473,0.005682197070425832,0.412907268170426
2024-05-26,1,convective,convective_flood,unaffected,931,49,NET,9204,0.00011154705713508113,0.00010629436751101154,7.135634389545097e-05,0.00019803423588062114,0.002686005204272279,0.43465807375581805
2024-05-26,1,convective,convective_flood,unaffected,931,49,NET,9205,0.00012769283433632027,0.00012531344003751055,9.440549241810628e-05,0.00016769549246106733,0.001156767800380552,0.5537504475474401
2024-05-26,1,convective,convective_flood,unaffected,931,49,ASYM,9201,3.5488706028297623e-05,8.408420973395483e-07,7.076904296236085e-06,9.279046813918653e-05,0.0021099472676042426,0.0
2024-05-26,1,convective,convective_flood,unaffected,931,49,ASYM,9202,3.191534975890934e-05,1.0264501468566241e-06,7.044369447839696e-06,8.767440890541466e-05,0.002067149142222525,0.0
2024-05-26,1,convective,convective_flood,unaffected,931,49,ASYM,9203,1.0209238156338146e-05,7.901891420604812e-07,2.3053090434988813e-06,3.3325579252211704e-05,0.001016957737076257,0.0
2024-05-26,1,convective,convective_flood,unaffected,931,49,ASYM,9204,4.5356672656013e-05,8.133504421483949e-07,7.3434101867552884e-06,0.0001235275416686071,0.002180436906447574,0.0
2024-05-26,1,convective,convective_flood,unaffected,931,49,ASYM,9205,1.76609081821442e-05,7.390576811977475e-07,2.0129920699166535e-06,8.040577500362182e-05,0.0009943937234043413,0.0
2024-05-26,1,convective,convective_flood,unaffected,931,49,PERSISTENCE,0,1.4066434263602444e-06,6.882416547890131e-07,1.1233230285316671e-06,1.4310572096310246e-06,-3.1476263069650544e-05,0.0
2024-06-26,2,convective,convective_flood,all,2940,140,NET,9201,0.00034467353966568696,8.882383011663668e-05,0.00032329681840980996,0.0005372518836708941,0.001936010263406487,0.36505102040816323
2024-06-26,2,convective,convective_flood,all,2940,140,NET,9202,0.00039401142026174,9.137588779572547e-05,0.00032777761896120625,0.0006567663910721626,0.0030744730586196992,0.3350198412698413
2024-06-26,2,convective,convective_flood,all,2940,140,NET,9203,0.00036024134872845526,9.065941664321486e-05,0.0003155787273317593,0.0006302251854602252,-0.001890873580263987,0.5234552154195011
2024-06-26,2,convective,convective_flood,all,2940,140,NET,9204,0.00030857706604878795,8.845433497442356e-05,0.0003048273110453926,0.0005032774564233654,0.0020371032701983023,0.31038832199546484
2024-06-26,2,convective,convective_flood,all,2940,140,NET,9205,0.000465680428892255,9.143429218134163e-05,0.00035335382883593114,0.0008149739618302666,0.00329085536384348,0.38391439909297054
2024-06-26,2,convective,convective_flood,all,2940,140,ASYM,9201,0.00028391757386249,5.9165498694779814e-05,0.00029577949797508703,0.0004524905459245442,-0.0007032618119559858,0.0
2024-06-26,2,convective,convective_flood,all,2940,140,ASYM,9202,0.0005486560835240168,8.374184406303067e-05,0.0004874464561232371,0.0006795653529662903,0.0020843419441442627,0.0
2024-06-26,2,convective,convective_flood,all,2940,140,ASYM,9203,0.00031061569713262466,5.753229466995443e-05,0.0003365127223861436,0.0004618677666383206,-0.0004807755970614423,0.0
2024-06-26,2,convective,convective_flood,all,2940,140,ASYM,9204,0.0003105781935305434,7.212812298237076e-05,0.00030607667359526297,0.0004902145385063784,0.000455073526753162,0.0
2024-06-26,2,convective,convective_flood,all,2940,140,ASYM,9205,0.0002921874178342765,8.292949912182737e-05,0.00029853128585169636,0.0004623802926920041,-0.00018740593356915219,0.0
2024-06-26,2,convective,convective_flood,all,2940,140,PERSISTENCE,0,0.0004121656606588465,9.973988760972181e-05,0.00034790092799021944,0.0006779420583654859,0.00040232769863666746,0.0
2024-06-26,2,convective,convective_flood,affected,2079,99,NET,9201,0.000433142740075767,0.00012416440215255544,0.00042958612489291353,0.0006824955835016539,0.001426237890207106,0.3563812730479397
2024-06-26,2,convective,convective_flood,affected,2079,99,NET,9202,0.00048348524034273846,0.00012755166879412422,0.0004298019704465045,0.0008056240233975209,0.0021843084288294553,0.3409291325957992
2024-06-26,2,convective,convective_flood,affected,2079,99,NET,9203,0.0004581748328471734,0.00012710372091575772,0.0004281449438046812,0.0007851656564215914,-0.0028032423612554575,0.5326278659611993
2024-06-26,2,convective,convective_flood,affected,2079,99,NET,9204,0.00040478913024955123,0.000124237117388142,0.000415648403838183,0.000655192102483573,0.0014814156529519697,0.30315055315055317
2024-06-26,2,convective,convective_flood,affected,2079,99,NET,9205,0.0005526520860848836,0.00012702552760977478,0.0004548847595207798,0.0009656427962853201,0.0023159387928027406,0.38345759179092515
2024-06-26,2,convective,convective_flood,affected,2079,99,ASYM,9201,0.0003822349585340438,8.332567386087118e-05,0.00041009326843648,0.0006124030538843466,-0.0013903938464064013,0.0
2024-06-26,2,convective,convective_flood,affected,2079,99,ASYM,9202,0.0006427775212143549,0.00011707719625743415,0.0006003122676785725,0.0008207043137562347,0.001635019594129467,0.0
2024-06-26,2,convective,convective_flood,affected,2079,99,ASYM,9203,0.00043148997386955386,8.098364405711245e-05,0.00046661341576378885,0.0006495794931473902,-0.0010101679659371093,0.0
2024-06-26,2,convective,convective_flood,affected,2079,99,ASYM,9204,0.00042217446483507867,0.00010169336352082652,0.00042535815396519154,0.0006674372987374138,-3.4609419946159444e-05,0.0
2024-06-26,2,convective,convective_flood,affected,2079,99,ASYM,9205,0.00041061168719800175,0.00011698841663552333,0.00042027105260905936,0.0006490615855210159,-0.0005679622692685537,0.0
2024-06-26,2,convective,convective_flood,affected,2079,99,PERSISTENCE,0,0.0005822803838738086,0.00014080693021605134,0.0004912668153445811,0.0009579708126829013,0.0005516182870329482,0.0
2024-06-26,2,convective,convective_flood,unaffected,861,41,NET,9201,0.0001310527874559814,3.4892781274670253e-06,6.664702958475512e-05,0.00018654148651857215,0.0031669240425952353,0.38598528842431284
2024-06-26,2,convective,convective_flood,unaffected,861,41,NET,9202,0.00017796487909054864,4.024611726421146e-06,8.142613610646178e-05,0.00029732966911580924,0.0052238949695766305,0.3207510646535037
2024-06-26,2,convective,convective_flood,unaffected,861,41,NET,9203,0.00012376781390520885,2.659755107074764e-06,4.377249731177708e-05,0.0002561006336266828,0.0003121632323739523,0.5013066202090593
2024-06-26,2,convective,convective_flood,unaffected,861,41,NET,9204,7.62601305396279e-05,2.0520067071521156e-06,3.723491625304483e-05,0.00013645916471701026,0.0033788855655004215,0.327864885791715
2024-06-26,2,convective,convective_flood,unaffected,861,41,NET,9205,0.0002556756956710301,5.494479805368844e-06,0.00010819377669446737,0.0004511638493656253,0.005644922206112583,0.38501742160278746
2024-06-26,2,convective,convective_flood,unaffected,861,41,ASYM,9201,4.651705965556743e-05,8.275147571446465e-07,1.9753564421967513e-05,6.636034377770408e-05,0.0009559106614730654,0.0
2024-06-26,2,convective,convective_flood,unaffected,861,41,ASYM,9202,0.0003213872461741756,3.2491643741051976e-06,0.00021491681358718308,0.000338766398863742,0.0031692910332043783,0.0
2024-06-26,2,convective,convective_flood,unaffected,861,41,ASYM,9203,1.8748541109308308e-05,9.058656619387599e-07,2.236714569378088e-05,8.612622140811165e-06,0.0007975132936383385,0.0
2024-06-26,2,convective,convective_flood,unaffected,861,41,ASYM,9204,4.1114026234226596e-05,7.388836334165903e-07,1.805553806787424e-05,6.228641014363433e-05,0.00163747869073445,0.0
2024-06-26,2,convective,convective_flood,unaffected,861,41,ASYM,9205,6.236133273086246e-06,6.896739058297204e-07,4.574288071722362e-06,1.1613268543902383e-05,0.0007314983892172074,0.0
2024-06-26,2,convective,convective_flood,unaffected,861,41,PERSISTENCE,0,1.4008411885719492e-06,5.780042432188353e-07,1.7247609638340163e-06,1.7750662331908594e-06,4.184554616759894e-05,0.0
2024-09-27,0,wind,wind_tropical,all,5658,270,NET,9201,0.007213653023793255,0.00042384471133285074,0.004023329994961712,0.013737594956961684,-0.01237862297724582,0.26296296296296295
2024-09-27,0,wind,wind_tropical,all,5658,270,NET,9202,0.006686638828294548,0.0004217473982762719,0.00399260817130549,0.011962030447629706,-0.0004969747703457833,0.07461542230060747
2024-09-27,0,wind,wind_tropical,all,5658,270,NET,9203,0.007462613136591393,0.0004330045592754828,0.004175593327769869,0.013867972427364256,-0.0098523260607918,0.14381491279639427
2024-09-27,0,wind,wind_tropical,all,5658,270,NET,9204,0.0067109799205266685,0.00042666447467103587,0.003950775007838724,0.012506147489835393,-0.0003201757098765994,0.09054477758181463
2024-09-27,0,wind,wind_tropical,all,5658,270,NET,9205,0.0076115336840084395,0.0004234940036784841,0.004178708426984972,0.014410504186160427,-0.015987123700141503,0.28252988438173626
2024-09-27,0,wind,wind_tropical,all,5658,270,ASYM,9201,0.015732345130898794,0.0007095511225179549,0.008162580888953263,0.026531914765668997,-0.009528048898111062,0.0
2024-09-27,0,wind,wind_tropical,all,5658,270,ASYM,9202,0.009476881698032286,0.0005859533729595544,0.004774188672401217,0.017864162984741062,-0.004583890701885003,0.0
2024-09-27,0,wind,wind_tropical,all,5658,270,ASYM,9203,0.010465203111514923,0.0005694768064398225,0.00541701960664998,0.019441295059325403,-0.015249341479217585,0.0
2024-09-27,0,wind,wind_tropical,all,5658,270,ASYM,9204,0.011415489426858048,0.0005204585926143174,0.004991882132148878,0.022599282037904716,-0.003961324151201933,0.0
2024-09-27,0,wind,wind_tropical,all,5658,270,ASYM,9205,0.013851266768168195,0.0007048191594820117,0.007372695493651458,0.02358570491550955,0.0027823330541030086,0.0
2024-09-27,0,wind,wind_tropical,all,5658,270,PERSISTENCE,0,0.00988764328596744,0.0004419592393272902,0.005022249613671643,0.018664453346743808,-0.003842793858283972,0.0
2024-09-27,0,wind,wind_tropical,affected,5103,243,NET,9201,0.007908421588415083,0.0004687204720063312,0.004422247299999179,0.015092605406908769,-0.015086186820600646,0.24994284407864656
2024-09-27,0,wind,wind_tropical,affected,5103,243,NET,9202,0.007284391531949825,0.00046689008481006167,0.004390552113653748,0.012999482165421936,-0.0026865282789166603,0.06740316153896402
2024-09-27,0,wind,wind_tropical,affected,5103,243,NET,9203,0.008143271803888618,0.00047878354547791705,0.004582906578367069,0.015156709999024472,-0.012856837179236214,0.13883173296753543
2024-09-27,0,wind,wind_tropical,affected,5103,243,NET,9204,0.007249707794390268,0.00047150400320769944,0.004320927822864899,0.013492956666063666,-0.002917969689079272,0.08768534848781763
2024-09-27,0,wind,wind_tropical,affected,5103,243,NET,9205,0.008365319699714702,0.00046923830652238475,0.0046102370912357755,0.015843862114897946,-0.018975518987415688,0.27323796459598926
2024-09-27,0,wind,wind_tropical,affected,5103,243,ASYM,9201,0.017342887914397927,0.0007868440350569112,0.009013655801064146,0.029258918243176515,-0.011493151359439143,0.0
2024-09-27,0,wind,wind_tropical,affected,5103,243,ASYM,9202,0.010458762512880127,0.0006503286574759485,0.005272147867044833,0.019727302816387182,-0.005840357614035796,0.0
2024-09-27,0,wind,wind_tropical,affected,5103,243,ASYM,9203,0.011608625664783018,0.0006323032911335436,0.006005121496683468,0.02156832526096058,-0.017341975253922105,0.0
2024-09-27,0,wind,wind_tropical,affected,5103,243,ASYM,9204,0.012558799895099566,0.0005772547920169586,0.005498238464298373,0.024886020644032815,-0.005363645616570078,0.0
2024-09-27,0,wind,wind_tropical,affected,5103,243,ASYM,9205,0.015145808082879878,0.0007781414959866335,0.008062975457733993,0.025862647857240198,0.0017916916184863244,0.0
2024-09-27,0,wind,wind_tropical,affected,5103,243,PERSISTENCE,0,0.01098611241518889,0.0004910242176973276,0.005580138884446947,0.02073806834363147,-0.004270302894096639,0.0
2024-09-27,0,wind,wind_tropical,unaffected,555,27,NET,9201,0.0009607359421968096,1.9962865271527293e-05,0.00043307424962450854,0.0015425009074379141,0.011989451612947618,0.3801440329218107
2024-09-27,0,wind,wind_tropical,unaffected,555,27,NET,9202,0.00130686449539707,1.546321947216473e-05,0.0004111126901711555,0.0026249649874996394,0.019209006806792123,0.1395257691553988
2024-09-27,0,wind,wind_tropical,unaffected,555,27,NET,9203,0.0013366851309163717,2.0993683453573626e-05,0.0005097740723950732,0.0022693342824222926,0.01718827400520793,0.18866353125612387
2024-09-27,0,wind,wind_tropical,unaffected,555,27,NET,9204,0.0018624290557542628,2.310871784106403e-05,0.0006193996726031403,0.003624864903780941,0.023059970102947462,0.1162796394277876
2024-09-27,0,wind,wind_tropical,unaffected,555,27,NET,9205,0.0008274595426520773,1.179527808337853e-05,0.0002949504487277457,0.0015102828275227835,0.010908433885326151,0.36615716245345875
2024-09-27,0,wind,wind_tropical,unaffected,555,27,ASYM,9201,0.001237460079406555,1.3914909667347417e-05,0.0005029066799553159,0.001988883468101298,0.0081578732538417,0.0
2024-09-27,0,wind,wind_tropical,unaffected,555,27,ASYM,9202,0.0006399543644016945,6.575812312006337e-06,0.0002925559206086713,0.001095904499925966,0.006724311507472137,0.0
2024-09-27,0,wind,wind_tropical,unaffected,555,27,ASYM,9203,0.00017440013210205457,4.038444196331521e-06,0.00012410259634858503,0.00029802324460880995,0.0035843624931231038,0.0
2024-09-27,0,wind,wind_tropical,unaffected,555,27,ASYM,9204,0.0011256952126843748,9.29279799054731e-06,0.00043467514280342765,0.0020186345827518243,0.008659569037111362,0.0
2024-09-27,0,wind,wind_tropical,unaffected,555,27,ASYM,9205,0.002200394935763026,4.4918130940414896e-05,0.0011601758169086532,0.0030932184399337487,0.011698105974653176,0.0
2024-09-27,0,wind,wind_tropical,unaffected,555,27,PERSISTENCE,0,1.4211229744078328e-06,3.744339969532581e-07,1.2461766939121101e-06,1.91837475480519e-06,4.787464030029655e-06,0.0
