event,t,origin_utc,n,status,g0,forcing_mean,u,r,b_net,mse_dual_fit_to_mean,mse_net_fit_to_mean,sigma2,mean_path_peak,S_plug,nu2_plug,S_hat,nu2_hat
2018-01-16,24,2018-01-15 00:00:00,41,OK,0.0008656175476193158,0.0020325203252032522,0.014616337046048528,0.07789230100985411,-19.999999999683407,3.8569377330895123e-07,3.80629232582751e-07,1.9001703134418162e-05,0.0020129895722985364,3.020564821989377e-06,3.0089954989168016e-05,4.1498412567996894e-07,8.347164365340823e-05
2018-01-16,30,2018-01-15 06:00:00,41,OK,1.1615069524497304e-05,0.03556910569105691,0.0011593726815727133,0.9995519088230879,-19.985688418906957,4.2055248072873335e-07,4.2053328760416296e-07,1.4116229906557102e-05,0.0020129895722985364,1.8097611315763477e-07,1.4585355454899886e-05,-9.330437978572624e-08,1.0743711508684371e-05
2018-01-16,36,2018-01-15 12:00:00,41,OK,2.8924688987748766e-06,0.12195121951219512,0.0006753033436988436,0.9926253354369576,-19.842110841583846,4.262074873991503e-07,4.262050801336318e-07,1.44401662648749e-05,0.0020129895722985364,6.791433279115121e-08,5.140434418795657e-06,4.4556048705490885e-07,9.195270148720445e-06
2018-01-16,42,2018-01-15 18:00:00,41,OK,0.0014659051919617555,0.14329268292682926,0.00031230091140618837,0.3979112573823606,-19.999999999999996,1.77959703426599e-07,1.76172378361257e-07,8.314334511648655e-06,0.0020129895722985364,1.0115259888125104e-06,2.0037217062191705e-05,1.073419258828646e-06,4.179896632822862e-05
2018-01-16,48,2018-01-16 00:00:00,41,OK,1.5962721129916883e-05,0.15345528455284552,0.00018357305636761744,0.20392725690661415,3.9532283992438155,9.471131752157829e-09,9.471932157817984e-09,7.426065144056924e-07,0.0004198412386378392,5.0684585574537614e-11,1.1324932969186566e-06,-1.257985750798195e-08,1.2476310326932114e-06
2018-01-16,54,2018-01-16 06:00:00,41,OK,0.00011904460314270877,0.12601626016260162,0.00017780830237796135,4.609920381034238e-17,19.99999999999802,4.00271511660652e-07,3.718871819455029e-07,1.485671835673344e-05,0.002154631664323656,2.019453424160605e-06,2.807709946897791e-05,1.0423830468257916e-06,2.378526704867462e-05
2018-01-16,60,2018-01-16 12:00:00,41,OK,0.0004198412386378392,0.044715447154471545,0.001522010424615277,3.272689248970999e-16,19.99999999999998,2.0998154918025143e-06,1.6018139887969962e-06,6.088180737465423e-05,0.006787994589966867,1.8520891342050563e-06,5.9736056429746386e-05,6.95221981682836e-07,6.1198853476155e-05
2018-01-16,66,2018-01-16 18:00:00,42,OK,6.285155265901984e-05,0.03571428571428572,0.01329743047553865,2.666115387224456e-16,12.934282883571587,1.75567802381582e-05,1.1231257223853203e-05,0.00038477313315563917,0.016718197767624305,3.1530471099808135e-08,0.0007896054068953445,-6.059107748198029e-06,0.0007772159324062855
2018-01-16,72,2018-01-17 00:00:00,42,OK,3.7117776607896024e-05,0.037698412698412696,0.1296015136883462,0.9999999999999999,-19.999998042320886,2.8845244059792926e-05,2.82394130536478e-05,0.00043818171171208943,0.016718197767624305,2.563344485062642e-07,0.0006308130070431876,-1.672453813684143e-05,0.0006281705525033674
2018-01-16,78,2018-01-17 06:00:00,42,OK,0.002103330910411188,0.03273809523809523,0.13336785316749789,0.9999999999999999,-19.99999345386034,2.8403595421649898e-05,2.7580983978665936e-05,0.0004250446008522908,0.016718197767624305,7.515886448086578e-06,0.0003962723693979845,-2.5662276633357344e-06,0.00037835815178338184
2018-01-16,84,2018-01-17 12:00:00,25,OK,0.007111807235367957,0.04666666666666667,0.09330499679184791,0.9999999999999011,-19.999999999909768,2.680946096672767e-05,2.617403106264007e-05,0.0005243295704341973,0.02121810102477811,2.525054949628339e-05,0.0004022997528872557,5.59815057991237e-05,0.0017188236604953715
2018-01-16,90,2018-01-17 18:00:00,24,OK,0.015119159493469004,0.026041666666666668,2.0832440735253204e-08,0.3766993750264878,19.99999268340327,6.193834554447901e-06,6.160536991496211e-06,9.157457721076553e-05,0.01097267759874534,7.030078852880603e-08,5.380831468155838e-05,1.3824047433618237e-07,8.437793750061358e-05
2018-01-16,144,2018-01-20 00:00:00,43,OK,0.00013470357513185326,0.0029069767441860465,0.10185671404226859,0.9999999999999999,-19.999999999999996,3.5059806901672924e-06,3.4806090379066317e-06,0.00011096942771375276,0.00531102776432003,1.8868748159103887e-08,3.544040661040712e-07,4.151384367779216e-06,8.305166483905957e-05
2018-10-11,24,2018-10-10 00:00:00,108,OK,0.00014859747466779884,0.1404320987654321,0.0040499997363740445,0.9999999999892685,-19.999999999958927,1.8660281358667683e-07,1.8641259386042514e-07,3.653046957900407e-05,0.0017667225179439612,9.25310124632641e-08,9.109103143232904e-05,-6.807601088615084e-07,8.64631983530713e-05
2018-10-11,30,2018-10-10 06:00:00,108,OK,0.0004162567170668914,0.18441358024691357,0.000765591828141842,1.503394292565539e-17,19.999999999999996,3.829908503683139e-06,2.8305296777150405e-06,0.00021237727083718854,0.010123269652831564,1.3097780863889728e-05,0.0006660802163672798,1.0936286098825445e-05,0.0006698739597835381
2018-10-11,36,2018-10-10 12:00:00,102,OK,0.00013171107502972336,0.24754901960784315,0.0258738652835974,0.9000977271297357,11.168382273648048,3.120797134764176e-05,7.368069913398398e-06,0.0010364975439063368,0.019649061725654737,0.00036378081137840464,0.0037833485103159785,0.0003191391409953253,0.0037730643592497988
2018-10-11,42,2018-10-10 18:00:00,102,OK,0.0014248437042458564,0.3909313725490196,0.0025392827640414364,1.9893011868826812e-16,-2.368445487831933,2.037925615616142e-05,1.9354214031722607e-05,0.001779868276827034,0.020662010933709292,0.0003419116848370958,0.0069011590038452935,0.00018791998669808618,0.00535741295301252
2018-10-11,48,2018-10-11 00:00:00,101,OK,0.0010604373905309446,0.5222772277227722,0.005820717146686534,6.782925513619555e-17,3.478934097791518,0.00022819846415207635,6.347048794467186e-05,0.005301852827565157,0.10604311242669542,0.0005516878656799476,0.0031933234742748617,0.0005189275260815771,0.003338524036033291
2018-10-11,54,2018-10-11 06:00:00,101,OK,0.010798834347153775,0.6002475247524752,0.0076779795500182485,1.5550198324817475e-15,0.6376920076601466,0.00044285545292874207,0.00027707215716223224,0.015094753882389275,0.12840034244052176,0.001216128319299159,0.010341704225384015,0.0012822696817708812,0.015345734791996224
2018-10-11,60,2018-10-11 12:00:00,101,OK,0.019248460726040154,0.5627062706270628,0.008713290512110857,5.753871662566008e-18,0.07659129242742826,0.0003538661119759804,0.0003434818200252311,0.02578786689598882,0.12840034244052176,0.0074532275545576045,0.04080344077732407,0.006397163086651746,0.03877766907109418
2018-10-11,66,2018-10-11 18:00:00,101,OK,0.018778064092795227,0.38861386138613857,0.02093297124484622,0.0346980902936211,-0.26695729018800346,6.099655196594597e-05,5.4767332803368434e-05,0.03349945067143622,0.13186468680149527,0.0006177276216990472,0.017322496249567734,0.00020821595081814051,0.018064520302385305
2018-10-11,72,2018-10-12 00:00:00,101,OK,0.10604311242669545,0.1963696369636964,0.01827599866963569,0.03506394879973426,1.08356425537201,3.664105176073056e-05,2.2671562579807667e-05,0.012665869387279274,0.13186468680149527,0.00024365975906747106,0.003431789796059344,0.0001817952123646598,0.003465791102847464
2018-10-11,78,2018-10-12 06:00:00,101,OK,0.12558666844068442,0.06600660066006601,0.03152235037930505,0.04254155481334824,0.0937905706064054,1.8593054731003417e-05,1.8399686745615627e-05,0.00468397024483006,0.13186468680149527,5.839958401215839e-06,0.001350278566844167,9.285808255299268e-07,0.0013157695816461907
2018-10-11,84,2018-10-12 12:00:00,107,OK,0.11752323449805467,0.014797507788161994,0.025790733955595675,0.03666997772069988,-0.45754517371202763,3.2061470937168355e-05,1.6083154847212592e-05,0.0022692710332573632,0.12449816726639469,0.0006166201093707704,0.0024984562925042756,0.0006187162515331041,0.002619199427348111
2018-10-11,90,2018-10-12 18:00:00,107,OK,0.10585601461862382,0.0,0.02,0.03629882491830816,-0.47124709493847267,5.566497183516768e-05,2.5363432091915488e-05,0.001617306207190676,0.09393130806959751,0.0011155021756155846,0.004374821695257714,0.001152780350210933,0.004663942302725979
2018-10-11,96,2018-10-13 00:00:00,108,OK,0.07065787934633355,0.0,0.2,0.019911802789576293,1.1554021387439273,8.311639585916896e-06,1.7146964033237187e-06,0.0006271611123271697,0.06898364651107522,0.00014413391661004366,0.0026492820244198518,0.00010652321246239278,0.0026046045457216753
2018-10-11,102,2018-10-13 06:00:00,108,OK,0.06447635479449895,0.0,0.05,0.025512154212546358,0.8686005258552796,9.703326653726717e-06,5.904276650584078e-06,0.0006538513714283975,0.0641400921139106,9.987830428011268e-05,0.001431585003717937,7.940625221383032e-05,0.0014289290091755943
2018-10-11,108,2018-10-13 12:00:00,106,OK,0.06026338818091702,0.0,0.2,0.029922368330233824,-0.63541578045685,7.986383306169887e-06,5.543899993976196e-06,0.0009618616270925801,0.05789661490124098,6.91375906785134e-05,0.0013470403555088592,6.464833160874319e-05,0.0014220095277126753
2018-10-11,114,2018-10-13 18:00:00,106,OK,0.05098966838184195,0.0,0.2,0.028366167905640175,-0.7128155859353845,9.874682897919075e-06,6.911526902697281e-06,0.0005050547371190352,0.04885188174324455,9.968838272923723e-05,0.000879624079990478,9.475175795405205e-05,0.000891924123785607
2018-10-11,120,2018-10-14 00:00:00,106,OK,0.038116232304675576,0.0,0.02,0.021996545730822152,4.10834915113367,1.1012266890689237e-05,2.7250941394749483e-06,0.0003198350939468178,0.04087921878784032,0.0001755213769062929,0.0022296817624358114,0.00014977170770525482,0.0021732018886010777
2018-10-11,126,2018-10-14 06:00:00,106,OK,0.04087921878784032,0.0,0.02,0.04399725890158372,0.9527368677472332,3.0339834532290243e-06,2.20767585440412e-06,0.0006002589998740332,0.035444011599487714,1.8550052197986388e-05,0.0026373221415666647,-1.9813641492994753e-05,0.002662695223081277
2018-10-11,132,2018-10-14 12:00:00,106,OK,0.03282280172740792,0.0,0.2,0.04587359458380838,-1.0369741854257,2.7640098356491295e-06,2.3369567685007203e-06,0.00013697077370203293,0.03171917307405537,1.1444689043841349e-05,0.0004129561497698493,8.294309188021181e-06,0.0004214527196477511
2018-10-11,138,2018-10-14 18:00:00,106,OK,0.02549518887333339,0.0220125786163522,0.007089216453113596,0.0417869655435879,-2.2941713878158674,5.349309866812066e-06,2.8568337544181583e-06,0.0001600130260511893,0.024040162559176664,0.00012170434699652376,0.0006263059387929598,0.00012232932295790094,0.0006775996863375995
2018-10-11,144,2018-10-15 00:00:00,105,OK,0.01576015091283832,0.022222222222222223,5.253106961570557e-13,0.017977389873585874,12.042964790765769,1.9252715882149086e-06,6.12067033999748e-07,4.711098055403079e-05,0.015342814000390833,1.8152776621350508e-06,4.568787312364821e-05,1.196997218280903e-06,4.487287918911469e-05
2019-02-20,24,2019-02-19 00:00:00,151,OK,0.00034368332277459927,0.031181015452538634,4.1957456980981015e-06,9.990412035091245e-05,17.924827292662222,4.848651618150824e-07,4.828976331623963e-07,9.067314468806156e-05,0.003598591662847566,8.778637180600022e-07,5.944174418061119e-05,-1.900364046291976e-07,7.553487328664874e-05
2019-02-20,30,2019-02-19 06:00:00,135,OK,4.140994376605006e-05,0.08703703703703704,0.0030799631233977233,0.9999999999995093,19.999996119588754,6.023105249010586e-08,5.98571684068478e-08,1.4605766310196327e-05,0.0013813297251549733,4.48550184815018e-07,8.638039620802533e-05,-2.0000464221723364e-07,8.592457191908868e-05
2019-02-20,36,2019-02-19 12:00:00,136,OK,0.0004919798302930295,0.24448529411764705,0.0027072182039158434,0.6451661167561995,19.9999999943223,7.357587601338369e-08,6.89512195629998e-08,7.993205733416733e-05,0.0034405045528394366,2.938433565220033e-07,3.5588090481341e-05,2.0440598816728383e-08,3.486202921965178e-05
2019-02-20,42,2019-02-19 18:00:00,139,OK,0.0002862307874114405,0.3911870503597123,0.0005079918118836838,1.4853532672686334e-14,19.99999998366185,1.5173172649816155e-07,1.4100686334838414e-07,0.00020546617292394376,0.00536242871483588,1.0800719540902947e-07,0.0002508516906097342,-2.643608032324517e-06,0.000295752601979637
2019-02-20,48,2019-02-20 00:00:00,138,OK,6.585492681183157e-05,0.44987922705314015,0.0007577236869734525,0.0465938797300355,19.999999999996835,2.925471195725236e-07,2.8419396795960696e-07,0.000303849523814488,0.006331230722812182,1.7241491814307022e-06,8.556535531344381e-05,-3.859998098153846e-06,0.0006145973413642432
2019-02-20,54,2019-02-20 06:00:00,141,OK,0.0013238203479800737,0.4379432624113475,0.00048520237642232377,4.1197058380204126e-14,19.999999942359725,4.6196466236844203e-07,4.2382883618063276e-07,0.0003001556194542896,0.007483391781726587,1.5050718652220068e-06,0.0003806141973821789,1.2502983623689274e-06,0.0003525482848581373
2019-02-20,60,2019-02-20 12:00:00,141,OK,0.0031636884055548193,0.29432624113475175,0.000523961647060616,0.004021100014345068,19.999999999999993,5.301727730496706e-07,4.96006529587216e-07,0.0005145442943391714,0.007483391781726587,2.988911078221349e-06,0.00033469770962732084,1.714266460919412e-07,0.0005327227609000232
2019-02-20,66,2019-02-20 18:00:00,141,OK,0.004966857790843224,0.15839243498817968,0.001662747326472548,0.054422588494523284,19.999999999992326,9.517464251912873e-07,5.802046567382585e-07,0.0004425948068650933,0.007483391781726587,1.4078356189663273e-05,0.00048538529343894124,5.055607529703141e-06,0.00039292167977160767
2019-02-20,72,2019-02-21 00:00:00,141,OK,0.006242124379758291,0.08421985815602838,0.003359732969961766,0.09777515734938687,19.999999999999996,1.96979301658513e-06,8.321850368222858e-07,0.0002145686427622508,0.007483391781726587,3.755654343763714e-05,0.0009057716969820405,2.4742301475669954e-05,0.000833056556319557
2019-02-20,78,2019-02-21 06:00:00,145,OK,0.006259768611586982,0.04655172413793104,2.187535157557443e-21,0.07999463017066893,19.999999999999996,1.0776890831029255e-06,4.5449323436382423e-07,5.3975450859301164e-05,0.006805922459814823,1.1404984749713456e-08,2.972131381749124e-05,-3.0354600818215254e-07,3.0765419535286924e-05
2019-02-20,84,2019-02-21 12:00:00,162,OK,0.004683164437908275,0.055298353909465026,0.0007576646131487118,0.16425585477821086,19.999999786995243,1.1943105904666506e-07,7.391054145435049e-08,1.5256494127935156e-05,0.004482243940097036,1.7338231532709598e-06,8.844082240394338e-05,8.877185931487353e-07,8.272879032990377e-05
2019-02-20,90,2019-02-21 18:00:00,162,OK,0.0020234739109304626,0.050668724279835396,0.0023073172868840527,0.28702131953412685,-19.999999999996426,1.0218767458694366e-07,9.582890082633719e-08,1.441081277469991e-05,0.0011486222591937487,1.131369165378959e-06,2.5526257951818396e-05,9.357830371673322e-07,2.725912091703959e-05
2019-02-20,96,2019-02-22 00:00:00,163,OK,0.000453739764404358,0.0488241308793456,0.0014797314588881432,0.146895409405167,19.982822417269954,5.137395577654108e-08,5.009546366686874e-08,1.2842184593200754e-05,0.0010740171659444652,5.598609686063778e-07,2.8734087574533694e-05,9.07716840029414e-08,2.8734619664063744e-05
2019-02-20,102,2019-02-22 06:00:00,163,OK,0.0002798382157252598,0.05598159509202454,0.0014057736703162757,0.1620956893582962,19.912619623116196,6.901783374145893e-08,6.732319959520332e-08,1.2268783242704195e-05,0.0010740171659444652,1.1602636458726052e-06,6.0117009782961144e-05,5.869891680363195e-07,3.998311529154862e-05
2019-02-20,108,2019-02-22 12:00:00,163,OK,0.0009222512876548739,0.053169734151329244,0.001445203771602938,0.18821710140125322,19.999999999905658,6.182381246287985e-08,6.07272443331881e-08,1.0177515796032561e-05,0.0010740171659444652,4.7423947226964196e-07,2.712110327567613e-05,9.156064800682635e-08,2.4828219432553484e-05
2019-02-20,114,2019-02-22 18:00:00,163,OK,0.0009021259601031855,0.10659509202453987,0.0021836982606010125,0.6537032478881769,-19.999999999999968,6.703852017519001e-08,6.661690596500393e-08,1.6984022035085794e-05,0.0010199583059680784,1.248113550364001e-07,7.52535368886813e-05,1.2913832363187288e-08,3.721131044513239e-05
2019-02-20,120,2019-02-23 00:00:00,169,OK,8.347308396336303e-05,0.14743589743589744,0.002402483869166829,0.6787452283807865,-19.99999999999998,1.0372288227180106e-07,1.0342564163614502e-07,2.6150737667464112e-05,0.00143242899662035,4.0189624632437524e-08,0.00012508726047122032,-1.2961125776544458e-07,9.692181880932308e-05
2019-02-20,126,2019-02-23 06:00:00,169,OK,0.00014386612966121515,0.22805719921104536,0.000834138635795324,0.25653689088941467,-19.99999829724577,1.5211959720004958e-07,1.5011095010944724e-07,2.9952805371144887e-05,0.00143242899662035,1.2109106245566977e-06,3.774016138741209e-05,1.1097428525818195e-06,5.569962398723988e-05
2019-02-20,132,2019-02-23 12:00:00,170,OK,0.0010026850719091025,0.3720588235294118,0.00023371217575105234,0.10223062854362212,-18.796432078719988,1.507144917973649e-07,1.5067537158476083e-07,3.6630474756385226e-05,0.00204144247342646,2.5343858816855753e-10,0.00016361593541954107,5.843003433235619e-07,0.00017369981231836321
2019-02-20,138,2019-02-23 18:00:00,163,OK,0.0014851564443487065,0.48057259713701433,0.0052160147996162965,0.9999999999999999,19.999999999999996,7.993062835029065e-06,7.941625099355874e-06,9.689007299701856e-05,0.013291912017172886,2.1812497902555662e-05,0.00022532719037202418,2.4335830538857533e-05,0.0002290587043622663
2019-02-20,144,2019-02-24 00:00:00,163,OK,0.0005401650021117784,0.6592535787321063,0.0018231418989175532,2.5250306381272204e-16,8.472220965537277,7.513466926465665e-05,1.7845267179702746e-05,0.0012047221946624243,0.04555366567854934,0.00011003697699797818,0.002725737117555971,8.74476029308936e-05,0.0027288857852156025
2019-02-24,24,2019-02-23 00:00:00,128,OK,0.0001685043284109287,0.13248697916666666,0.0003571443734827771,0.09293067802921007,19.99999992372826,4.307919569845511e-08,4.225515817762507e-08,1.25702858738221e-05,0.0011250533748226026,1.9436919810117132e-07,1.15686775125394e-05,-7.493588257129914e-08,1.9494338068281306e-05
2019-02-24,30,2019-02-23 06:00:00,128,OK,2.5327979328592278e-05,0.24348958333333334,0.0002825645446199131,1.1501169405077489e-12,19.999999999999996,1.2755738102502364e-07,1.2145136708069093e-07,2.8870972148247126e-05,0.0028463486396915266,1.231983008926256e-06,9.225735199295875e-05,1.1297359017643035e-06,7.825578968285604e-05
2019-02-24,36,2019-02-23 12:00:00,159,OK,6.211091466487575e-05,0.36215932914046123,0.0011477926614162212,0.13795711372276667,19.999999999999456,4.0368512324431715e-07,3.015559970770581e-07,0.00012269757097153173,0.005155561771748741,4.582745548966315e-06,0.0004367152255939686,4.981878986269716e-07,0.00040108917795770183
2019-02-24,42,2019-02-23 18:00:00,157,OK,0.00038315029206289895,0.5289278131634819,0.0010840033347601686,1.858353104499129e-13,19.999999999999996,1.2799466949599459e-05,2.9743650104115837e-06,0.0004909462237594333,0.029008948223817464,8.144564364325483e-05,0.0012985815556218955,6.300021816373189e-05,0.00128736268039149
2019-02-24,48,2019-02-24 00:00:00,156,OK,0.0009506208339676913,0.7411858974358975,0.002347871864084918,3.087059621503214e-15,3.7568769092886733,8.489029812793657e-05,3.4834199768323376e-05,0.003286872928366933,0.05263153557094837,3.127962040861831e-06,0.0032343326247990037,-1.7517256826808947e-05,0.0032247151066398918
2019-02-24,54,2019-02-24 06:00:00,277,OK,0.0015922387839915199,0.8426594464500602,0.0026598462253237553,7.451281280250724e-17,0.08512028525574297,6.972655940322606e-05,6.961312086110781e-05,0.00423058552852834,0.05289021486538986,0.001052608963228497,0.00994027336916522,0.0010015274653950908,0.009794143451222233
2019-02-24,60,2019-02-24 12:00:00,273,OK,0.00397959346190718,0.8731684981684982,0.006824871567503865,0.10706517263932813,-1.7759392909131317,4.0598464086769556e-05,3.4638247736341454e-05,0.005671645311120919,0.053597649526471544,0.0006816793327075316,0.008071733617369866,0.0005782989055910685,0.007835463066790052
2019-02-24,66,2019-02-24 18:00:00,273,OK,0.02346854281910851,0.8403540903540904,0.016418800526442043,0.28117558325487474,-3.954376180379681,1.072673722356043e-05,9.328766045792063e-06,0.0061242525167667415,0.05359352219840055,3.2139854225779046e-05,0.0028591265076178,3.467271560590595e-05,0.0032131591728673933
2019-02-24,72,2019-02-25 00:00:00,273,OK,0.053593522198400544,0.6923076923076924,0.018151085718048056,0.3226662605349785,-11.228082301464463,1.3730853404003996e-05,1.1467357109676901e-05,0.0042003420842789164,0.04846008170516901,9.340654886532248e-06,0.0037733827054704646,1.7224559188336297e-05,0.003926799647224077
2019-02-24,78,2019-02-25 06:00:00,273,OK,0.050006725323275165,0.48473748473748474,0.013723890001143288,0.23970699108803617,4.5091126722475225,1.383325838359087e-05,5.232952240307604e-06,0.002519721944386919,0.04887302373417557,4.350267182360407e-05,0.00243519562635071,4.517619037867814e-05,0.002203078040700445
2019-02-24,84,2019-02-25 12:00:00,273,OK,0.04802518850577928,0.2858669108669109,0.0029575526093874745,0.10536343484615013,-14.372144534250692,1.2245692483586543e-05,1.4425317384548586e-05,0.0006244925182700358,0.04887302373417557,0.0001251360363924367,0.0009419270691032683,0.00011930403399609559,0.0009419590562914374
2019-02-24,90,2019-02-25 18:00:00,276,OK,0.036997695295838566,0.11216787439613528,7.766308488476635e-20,0.08281664138113898,-3.8435423793859216,1.3597104401641026e-05,3.569277902818375e-06,0.00038513409798659695,0.033451502214394635,0.00010817556997799467,0.0010182532081765268,0.00010699471825689123,0.0010333304380127097
2019-02-24,96,2019-02-26 00:00:00,276,OK,0.01854393984191979,0.028079710144927536,7.75135463269276e-22,0.04520891659072587,-3.598883788686849,4.5191553744927165e-06,3.352560979795346e-06,0.00019308517360845523,0.015514210612067649,1.7074689859296593e-05,0.0002711977696008786,1.4664937460310266e-05,0.00025237584906908923
2019-02-24,102,2019-02-26 06:00:00,277,OK,0.011289472480344823,0.01338748495788207,1.319409004614081e-13,0.032351028517897305,19.999999999999964,3.800537901324198e-06,6.588107110382948e-07,0.00012515623653730672,0.011849301436686418,2.9590334481553887e-05,0.0002509770798329955,2.7480310856505285e-05,0.00024131958997412954
2019-02-24,108,2019-02-26 12:00:00,277,OK,0.011028289882220963,0.027978339350180504,5.0233630324268015e-11,0.05578104827649769,19.999999391856107,1.7257802329154268e-06,5.981453113443018e-07,0.00010999038591612974,0.011849301436686418,3.0200355733785225e-05,0.0008118054082691056,2.7343828127607293e-05,0.0008300942455266955
2019-02-24,114,2019-02-26 18:00:00,277,OK,0.010114190925656803,0.03459687123947052,0.006114824847725645,0.11958276481740701,-5.4082333547732535,7.131202634642319e-08,5.2481358178780624e-08,8.334965839534659e-05,0.009118800477084708,4.686653443643502e-07,0.00012668459676226193,3.064917370342342e-07,0.0001383454852619393
2019-02-24,120,2019-02-27 00:00:00,277,OK,0.004955459970350764,0.0440734055354994,0.0030730607614497052,0.0851672148262646,19.999996416928123,1.7409182283220925e-07,1.5677866787934219e-07,4.277859109497309e-05,0.0041493537726112,5.00218538291233e-07,3.0336236450862086e-05,3.034935024053008e-07,2.5704431940501084e-05
2019-02-24,126,2019-02-27 06:00:00,286,OK,0.0028496812500331714,0.047348484848484855,0.006718083993275473,0.1843137712489113,19.999999999999996,2.4851273509072185e-07,1.9389740900183325e-07,4.725741039740724e-05,0.003261027311789753,5.061327350735411e-06,6.303788375779713e-05,4.693438808524608e-06,6.700357163200023e-05
2019-02-24,132,2019-02-27 12:00:00,282,OK,0.0028006175500021016,0.030141843971631204,7.775998768760349e-09,0.058667010759841536,19.99999999680861,1.8704835637519474e-07,1.427897599064283e-07,7.060070990321397e-06,0.00325818750498347,3.456010231629761e-06,3.8692086635779864e-05,3.3098052187603833e-06,3.848091701192042e-05
2019-02-24,138,2019-02-27 18:00:00,279,OK,0.002626187608916611,0.020459976105137393,8.871185863190602e-18,0.09137253165279162,-19.999999999999996,1.1648659222229949e-07,8.63161467735682e-08,8.253938611659774e-06,0.0024617629359283853,3.0228410545938466e-07,1.5955231013334342e-05,2.9231274275821513e-07,1.650967212094816e-05
2019-02-24,144,2019-02-28 00:00:00,257,OK,0.0010347137213820373,0.010538261997405965,2.1931209053946235e-08,0.02356600574994521,-19.969287176766503,1.4763691607202147e-08,1.3699190130299292e-08,4.821443926127752e-06,0.000973153203654112,1.9688814904581695e-08,2.2472534826516642e-05,-3.818032202129359e-08,2.2225046391070813e-05
2019-11-27,24,2019-11-26 00:00:00,133,OK,9.546279029660298e-05,0.018483709273182956,0.0024906295233880766,0.9999999999999976,-19.990466519849832,7.103575227006134e-08,7.10158147511677e-08,7.652451442313166e-06,0.000928638521677345,1.4181676968627905e-07,1.4131977332901609e-05,6.829241901111327e-08,1.8513361685611905e-05
2019-11-27,30,2019-11-26 06:00:00,133,OK,0.0001383667812634252,0.1118421052631579,0.0009388831924134885,0.9982236989868281,-19.93202423235089,7.582514294760035e-08,7.580012614767273e-08,8.553253150354131e-06,0.000928638521677345,1.335666348326482e-08,4.730906300949048e-06,-2.6832943938543526e-08,1.4560032775839949e-05
2019-11-27,36,2019-11-26 12:00:00,143,OK,3.5933445079611285e-05,0.305944055944056,0.0005588828130165624,1.6736433698128586e-11,16.526343003437127,8.371276621715151e-07,8.263955516216299e-07,0.00016314111822345867,0.006412273088421848,1.8476338413483073e-06,0.0002678352129337316,-3.8137071020128697e-07,0.0002182958381236152
2019-11-27,42,2019-11-26 18:00:00,143,OK,7.372847508704336e-05,0.5154428904428904,0.0007658497891121429,2.5567705044427827e-14,17.134391284978495,1.9918382372246757e-06,1.0544461184106814e-06,0.00026254980754794344,0.011995128071950792,4.939500849093885e-07,0.00018456325895121486,-9.451327571435395e-07,0.00018118277357699557
2019-11-27,48,2019-11-27 00:00:00,144,OK,0.00010684019753289128,0.6956018518518517,0.0009209384569566273,9.45319334906999e-16,0.4663273970393491,6.39580011453716e-06,6.37745886684392e-06,0.0005060301424871296,0.018981871655132446,5.186192372702368e-05,0.0008089430951617658,4.49390555805723e-05,0.0008021316062700512
2019-11-27,54,2019-11-27 06:00:00,145,OK,0.00043412019486559146,0.7540229885057471,0.002364295265580554,0.16426152630601928,19.999999999999996,1.1025598326786776e-05,1.0438631562734697e-05,0.0005921978455846105,0.019231949818975268,1.3194537593276362e-05,0.000751730383656068,3.2019985382910765e-05,0.0010860957618232636
2019-11-27,60,2019-11-27 12:00:00,145,OK,0.003992322361235936,0.6410919540229885,0.004651588515523498,0.3058474404611351,-1.3865710111576512,8.875583646495487e-06,8.871544710615498e-06,0.0005442682957179685,0.019231949818975268,1.1866496746857987e-07,0.0009768281288195354,5.626566732137026e-07,0.0009724273897870714
2019-11-27,66,2019-11-27 18:00:00,145,OK,0.011576890324117534,0.481896551724138,0.016956581060667785,0.9757137143040152,-19.999999999999996,9.372156565875855e-06,8.54978559578864e-06,0.0005173241808545515,0.019231949818975268,5.588660187734771e-06,0.0019076362001495108,2.498314717799993e-05,0.0018294443846837362
2019-11-27,72,2019-11-28 00:00:00,146,OK,0.01069863425914374,0.3065068493150685,5.4281519489292795e-18,0.048314276093050015,4.93530501404707,2.4217153797192326e-06,2.3425676036710264e-06,0.00023080981673031498,0.010491851643664812,3.716079684430033e-05,0.000594630307697831,3.521714935109289e-05,0.0006494363093609241
2019-11-27,78,2019-11-28 06:00:00,147,OK,0.00630547601403703,0.15022675736961452,0.006140204758278549,0.2527454709465274,19.999999999999996,1.6900309900517765e-06,1.083332139943265e-06,0.00015585911022091448,0.009050059591424938,3.384346409334453e-05,0.0007464561422029546,2.8291567901336855e-05,0.0007126655561001474
2019-11-27,84,2019-11-28 12:00:00,145,OK,0.008718172231713462,0.07931034482758621,3.4786238648105375e-09,0.12335913408182979,10.471518152855701,1.3021766744836987e-07,5.746778464953816e-08,4.465669414622433e-05,0.007843216406113875,1.928724921730291e-06,0.00011521458792397987,1.252784504639959e-06,0.00010464030837407413
2019-11-27,90,2019-11-28 18:00:00,147,OK,0.004841428058113927,0.02806122448979592,3.5071919303787634e-10,0.1233939448404063,-19.999994107142953,1.1932057650239426e-07,8.868245167947054e-08,1.5370192987686907e-05,0.00414787110330631,1.5307188791440034e-06,2.6758713385674075e-05,1.0242228126371348e-06,2.6463222840213784e-05
2019-11-27,96,2019-11-29 00:00:00,147,OK,0.0019737176055022597,0.0053854875283446705,4.6148997709209716e-15,0.08325213143997742,-19.999998514917582,6.652153159695667e-08,5.267422122188457e-08,9.362526331342902e-06,0.0016702883321017348,1.2569735984149178e-06,2.8829990871568425e-05,1.6532144573488896e-06,5.167446670885169e-05
2019-11-27,102,2019-11-29 06:00:00,144,OK,0.000766550441527343,0.019965277777777776,5.239501535638439e-08,0.035534177684591925,19.9999999873169,3.515611004432323e-08,3.326400606298127e-08,3.706240248095516e-06,0.0010254407938085292,1.9788908511484125e-07,1.8833595377885872e-05,9.89978731215203e-08,1.7917588477536654e-05
2019-11-27,108,2019-11-29 12:00:00,144,OK,0.0007267163349459939,0.07494212962962964,0.00024243974529747172,0.06663006217867082,19.999999999992955,3.421649438686576e-08,3.326773715319867e-08,4.177608505111494e-06,0.0010254407938085292,4.615181815324196e-07,9.360483761559525e-06,2.7306143967737316e-07,7.544184836281849e-06
2019-11-27,114,2019-11-29 18:00:00,143,OK,0.0005334890351325904,0.14714452214452214,0.0006269263213827533,0.2226692072033318,-19.999999997918096,3.102655751572966e-08,3.04620220775738e-08,7.492284294176253e-06,0.0012470828808565215,8.295743739181023e-08,1.8946142284772087e-05,3.477603597336298e-08,1.6329133357558533e-05
2019-11-27,120,2019-11-30 00:00:00,134,OK,0.00035023467694313967,0.22388059701492535,0.0009383368984088428,0.4761400530335361,19.999996359877215,4.8716664890397756e-08,4.8649782450160006e-08,7.66523022607336e-06,0.001329120130773616,6.375362320664314e-09,1.8025437507532045e-05,5.624122339398018e-08,1.7530071931241982e-05
2019-11-27,126,2019-11-30 06:00:00,133,OK,0.00014325785486180584,0.29104010025062654,0.0009195204953388631,0.515029473672553,5.788650027229667,5.6064659463580834e-08,5.604790442600142e-08,9.30342387594386e-06,0.0013391135152155229,2.1487060959291063e-08,1.7016204229763873e-05,-7.267269925245646e-08,1.3334255722405856e-05
2019-11-27,132,2019-11-30 12:00:00,149,OK,0.0004409426742787965,0.308165548098434,0.0022234292809246376,0.9999999999999748,-19.999999999999996,2.9265743145720724e-07,2.9211002024349604e-07,4.490675663154124e-05,0.0026027238784519314,2.581808209771698e-07,6.746792928394668e-05,-1.6704603283149742e-07,4.444621272149443e-05
2019-11-27,138,2019-11-30 18:00:00,149,OK,0.00041164069490622383,0.34116331096196867,0.00011420070220885554,8.438607981026324e-11,-2.8321291793282444,2.5544207847681114e-07,2.553703825084582e-07,5.884310291302951e-05,0.0026027238784519314,2.0556290525452057e-06,0.00028715441694794505,2.426179054411332e-07,0.00021534122500305305
2019-11-27,144,2019-12-01 00:00:00,150,OK,0.00018291680537897324,0.36861111111111117,0.002233974544173653,0.9999999999993795,-19.999999999999996,3.352320081519114e-07,3.333937792993926e-07,5.4207860621359135e-05,0.0025858020810870593,8.218286780574821e-07,0.00012715357410390555,-3.557268983338055e-08,0.00014283858851542062
2020-02-06,24,2020-02-05 00:00:00,58,OK,0.00042784717825413685,0.18965517241379307,0.0004939052137810775,0.06510916539450669,-18.274470586594045,3.065709655741039e-07,3.0633087545885846e-07,3.361776896759328e-05,0.003290686469079787,8.500455198563379e-09,8.502210703755804e-05,-1.0553434590629283e-06,8.0192136709604e-05
2020-02-06,30,2020-02-05 06:00:00,58,OK,9.714411132023014e-05,0.29525862068965514,0.0010152383519343483,0.11455225679472614,-6.993643213840672,8.731180480341337e-07,8.718844466159732e-07,6.948958361818461e-05,0.00458312202672212,4.439943788182066e-08,0.00019039529115568178,-2.6742394093368246e-06,0.00017217443907067008
2020-02-06,36,2020-02-05 12:00:00,61,OK,0.00313867174395055,0.40095628415300544,0.0024741412730929745,0.48804357278822674,-19.999999999996195,8.943603354293061e-07,8.754774460626251e-07,8.397392655929644e-05,0.004357934157486811,1.287777318172539e-06,0.00023833715522386277,-3.5451580871473796e-06,0.00027660031944101894
2020-02-06,42,2020-02-05 18:00:00,64,OK,0.0006799335467482163,0.5553385416666666,0.0010903953482723112,0.06096760466886509,-5.196685100455768,2.7528901881415285e-06,2.7442052252212515e-06,0.00042593503677196,0.010887465019102038,1.8448195151289452e-07,0.0008131008058812402,-4.426694986628668e-06,0.000553154727121958
2020-02-06,48,2020-02-06 00:00:00,64,OK,0.0015507322107028475,0.552734375,0.0013514138567290775,0.08204013620087648,-7.7797748829734426,3.2606014232189054e-06,3.242826756740787e-06,0.000557214291039666,0.010887465019102038,3.5118450681421533e-07,0.0007396967163224965,-1.2975752352694725e-05,0.0010239123026357755
2020-02-06,54,2020-02-06 06:00:00,64,OK,0.0020596700557653303,0.4947916666666667,0.002153723772144079,0.1439375393656397,19.99999999999642,4.161616321560624e-06,3.942431960673925e-06,0.0005644300724128672,0.010887465019102038,2.0058924414429573e-06,0.0005533280925700986,1.8157788217071483e-05,0.0014076000084965634
2020-02-06,60,2020-02-06 12:00:00,75,OK,0.004998596434055971,0.5499999999999999,0.002217352095219707,0.14538334109784729,19.999999999999996,3.5622029788195658e-06,2.444262395287015e-06,0.00031558386176190313,0.011860057510328592,5.181535568408469e-05,0.0009186610513748141,2.507556820684791e-05,0.0007123509946068405
2020-02-06,66,2020-02-06 18:00:00,76,OK,0.009484196456882137,0.5307017543859649,0.0036427453666433678,0.17759116384920914,19.999999965468064,6.466495266886834e-06,3.4853345291110885e-06,0.0006083444151145906,0.01677113210526063,9.93482939520095e-05,0.00289157138790485,3.6584756988407044e-05,0.0026210010445244596
2020-02-06,72,2020-02-07 00:00:00,78,OK,0.009678438302067976,0.5459401709401709,0.0008769670431454385,6.94790628729087e-16,19.999999999999996,2.460787892489408e-05,3.689692690598887e-06,0.003973889653521527,0.027088255787429044,0.000539346920538238,0.015924085512923625,0.00020259695471050668,0.02327893709691188
2020-02-06,78,2020-02-07 06:00:00,78,OK,0.005502372117471738,0.47008547008547,0.0018428152358107852,0.00906589762583716,16.47048950372456,6.47068887707668e-06,4.506514203378502e-06,0.006650285742286633,0.027088255787429044,7.356215500237848e-05,0.008996998808526582,1.0265769932740399e-05,0.010172472582276803
2020-02-06,84,2020-02-07 12:00:00,78,OK,0.009967791435604754,0.31570512820512825,0.0027326950436762924,0.024717136077588946,1.0537979754970241,3.276498559812959e-06,3.246575269873218e-06,0.009522968474192208,0.027088255787429044,1.0851101564748376e-06,0.0007822931160584391,6.184318717619608e-05,0.0035674365957693243
2020-02-06,90,2020-02-07 18:00:00,78,OK,0.016248631977746505,0.15544871794871795,0.004027378257915555,0.025176390789292083,-1.2267433447612013,3.0632782609553404e-06,2.5666133386316634e-06,0.00495965722749548,0.027088255787429044,3.806937989632923e-05,0.0015489594578475215,5.166605210689734e-05,0.0025156269451694913
2020-02-06,96,2020-02-08 00:00:00,78,OK,0.02679643570260857,0.043269230769230775,1.7006663987500798e-16,0.031024607089786743,1.3997931790926568,6.56680642224961e-06,6.361207299458076e-06,0.0004711094307718021,0.0230978154545567,1.0067648971244232e-05,0.0002812532293712428,9.970804354825244e-05,0.0029682516251416406
2020-02-06,102,2020-02-08 06:00:00,78,OK,0.020483967294940196,0.03739316239316239,1.339519378723098e-16,0.03630060465260052,14.240352924700383,1.3379442974652212e-05,1.7677377361909972e-06,0.0005551585860757825,0.02007944134044612,9.75804192226288e-05,0.004015394077093642,4.190356220347788e-05,0.003759736985037663
2020-02-06,108,2020-02-08 12:00:00,87,OK,0.017464653928491048,0.035919540229885055,1.530300843192623e-11,0.06006529219328573,7.471957342418056,5.344368635304774e-06,3.493553013969457e-06,0.000344432379486589,0.017788200538518446,6.377696702200278e-05,0.002852760642282209,2.4594683381769862e-05,0.0025040970243261607
2020-02-06,114,2020-02-08 18:00:00,88,OK,0.01578997467818539,0.022253787878787876,5.894985315181075e-15,0.08998317284701866,-12.937645833119351,4.333358227091843e-06,1.8095182538027437e-06,0.00035833943580703635,0.015193435399704412,6.243897604422225e-05,0.0026292112063554625,3.890684399189696e-05,0.0027522244856050364
2020-02-06,120,2020-02-09 00:00:00,88,OK,0.0054605809486925954,0.023200757575757572,3.9783235651235655e-11,0.018930122138261073,19.999999999999932,5.602576406909854e-07,4.9194989738197e-07,2.8608096825809257e-05,0.005584184639103617,1.6310640798865843e-06,4.4486045521858046e-05,7.4012128527062484e-06,0.00021591269681951682
2020-02-06,126,2020-02-09 06:00:00,88,OK,0.004335886709265834,0.05729166666666666,8.640647167368477e-20,0.025847196138838825,19.999999999998796,1.2981776599150936e-06,9.218212356593586e-07,4.974810885976277e-05,0.005555432808989223,6.246436280764311e-06,0.00016190755305525175,3.2283554064829868e-06,0.00014243351130211954
2020-02-06,132,2020-02-09 12:00:00,69,OK,0.0057140645460233164,0.1497584541062802,4.761395932431076e-12,0.05035340282165227,19.999999999999996,1.234456088030691e-06,9.092782587570146e-07,4.645237133612926e-05,0.0070665966155625684,2.6329007113267303e-05,0.0006566115735269673,1.3130683673688559e-05,0.0005873453168764766
2020-02-06,138,2020-02-09 18:00:00,64,OK,0.006212582983042325,0.20833333333333334,0.0009512784701231937,0.15061144476553356,19.9999999999148,1.9887031686443126e-07,1.4633293514483453e-07,3.878826768325542e-05,0.005525110831920101,1.6611924567760652e-06,4.578535673265517e-05,3.845721749420517e-06,0.00013089240608817022
2020-02-06,144,2020-02-10 00:00:00,64,OK,0.002063592262743355,0.2942708333333333,8.150608734218745e-05,0.025737506002435476,-15.311712624786827,1.8726369124115348e-07,1.8630773646035343e-07,1.7658143870809766e-05,0.0024468607932161854,2.6354211676990683e-07,9.534733391632568e-06,1.0954231711020645e-06,0.00011667102792343247
2020-08-04,24,2020-08-03 00:00:00,63,OK,0.0015561681689584778,0.0925925925925926,0.0016630729806095305,0.30959184146028634,-19.99999999999787,1.285574786037954e-07,1.273322780478894e-07,9.401646906832458e-06,0.0015911515816832721,1.9093979185702404e-07,1.2824886443854299e-05,3.5129723844605304e-06,0.00016593193484926941
2020-08-04,30,2020-08-03 06:00:00,63,OK,0.00022232722664088127,0.10052910052910052,0.000573282963732838,0.036786511374043984,19.999999608044636,5.338634362600986e-08,5.283815925233886e-08,1.2371593916599215e-05,0.0015911515816832721,4.707300027116233e-08,1.4543332978430976e-05,-2.487941986318625e-07,1.67664813305623e-05
2020-08-04,36,2020-08-03 12:00:00,63,OK,0.00034605798966246275,0.2222222222222222,0.024107054621759376,0.577004165986457,19.999999999999883,3.034023977961649e-05,1.1631023836730535e-05,0.0013570093159623517,0.04473356015034382,0.0006372778280584832,0.004818249728349033,0.00047491285768382665,0.004422789471769337
2020-08-04,42,2020-08-03 18:00:00,63,OK,0.0007139690473808054,0.3558201058201058,0.010819818820011382,3.768922603628966e-17,6.131159063209826,7.277829803138581e-05,1.3731524365744554e-05,0.004802211170415068,0.10905074548208561,0.0009018113772048094,0.005959022336239797,0.000804396063254589,0.0059802125106587205
2020-08-04,48,2020-08-04 00:00:00,63,OK,0.0010153268340198742,0.4093915343915344,0.013314076248685287,0.004650019656729669,-0.04730036712404381,4.1351091663968026e-05,4.1102714629443424e-05,0.011023109048422625,0.1198540973172484,0.00027029427284284464,0.018470723046648863,-3.0943422372461345e-05,0.016077533358917907
2020-08-04,54,2020-08-04 06:00:00,63,OK,0.0012620869275119671,0.4259259259259259,0.01617412099333866,0.03099807385799219,-0.2696801102121334,4.295326451104516e-05,4.217814405648215e-05,0.01715599124165285,0.1198540973172484,4.692375025692563e-05,0.013361853865094144,-0.00017623192890744922,0.023097056097507306
2020-08-04,60,2020-08-04 12:00:00,74,OK,0.06168658150910553,0.25957207207207206,0.014798152794286045,0.034602818322506515,-0.12050063140102926,2.6027325794469067e-05,2.590606191712513e-05,0.020360627395999087,0.11144971909777444,3.9437220309460745e-06,0.012524165468000935,-0.00014317181994408438,0.011885926672246716
2020-08-04,66,2020-08-04 18:00:00,73,OK,0.10553996749867245,0.10901826484018264,0.00844671702196058,0.028788788658880297,-0.23983044457264804,8.26079084063436e-06,8.073242572237669e-06,0.01169147917807166,0.11297396432780402,3.311258226239512e-06,0.0030229435881248034,-3.422829137425646e-05,0.0029377241852638616
2020-08-04,72,2020-08-05 00:00:00,73,OK,0.10272236705506702,0.04737442922374429,1.2479420550245562e-24,0.02862138928918224,0.50106921234193,1.3845980415784895e-05,6.483282962455576e-06,0.0020443586628269687,0.09797509753970082,0.0002953595709545855,0.0020047111166933106,0.0002094851484147656,0.0021188627737544342
2020-08-04,78,2020-08-05 06:00:00,73,OK,0.08638928318519043,0.021118721461187217,4.148297816089809e-27,0.034208635718489686,1.1699276062619879,2.935745500354722e-05,2.642832924953331e-06,0.0014949040768159297,0.08351967045998822,0.00016978430888496784,0.0016117081945990757,0.00012911672319726068,0.0014573600474226092
2020-08-04,84,2020-08-05 12:00:00,73,OK,0.07758758904483146,0.024543378995433785,2.5841399581653046e-18,0.04500317853551409,0.057834698872340634,8.062826546174831e-06,8.019990179505703e-06,0.0014430192249938179,0.07727382676563484,1.2684446298923144e-05,0.0008848687260453987,-1.3104141374251831e-06,0.0008265523511879411
2020-08-04,90,2020-08-05 18:00:00,73,OK,0.060021644110421254,0.06050228310502282,0.007762225333495031,0.04905140208325153,-1.0608129560030464,9.861533346028394e-06,4.7006084686611e-06,0.0011733081160085464,0.05812760948455281,0.00014367087540938803,0.0012500229244750063,0.00014850133015412381,0.0015336792394779093
2020-08-04,96,2020-08-06 00:00:00,73,OK,0.043225595835290884,0.09018264840182648,0.0012287314919289017,0.034810558038090876,-0.9808715262736573,6.071938592740811e-06,4.756845672722397e-06,0.0007018492030770967,0.04184954940247966,0.00011370212341877145,0.0007470825904952211,0.00011746066699281988,0.0008834352888529419
2020-08-04,102,2020-08-06 06:00:00,65,OK,0.034743877274953205,0.0903846153846154,2.556172423585985e-13,0.022516817389448933,2.768661258862032,4.566967704150522e-06,1.446133127423927e-06,0.00024030865276443336,0.034318687259911,2.178273913481771e-05,0.0010465707623129072,5.454418511967541e-06,0.0010155010924563536
2020-08-04,108,2020-08-06 12:00:00,65,OK,0.03419439017730976,0.08782051282051283,2.6804606986723284e-20,0.03078595077724991,-1.1637123096117317,3.707972563657212e-06,2.494826728955919e-06,0.0004635443287904219,0.033779766250271855,1.5234702382716498e-07,0.0006358845262834134,5.466123654594996e-06,0.0008142123541289893
2020-08-04,114,2020-08-06 18:00:00,65,OK,0.02702636884510498,0.05705128205128205,2.2878917286410276e-18,0.022955738432436836,-1.0389942502960439,5.9245485515440885e-06,5.4978678201574245e-06,0.0004229254957461956,0.026464795015509367,6.2102047723398485e-06,0.0007412635484122618,-7.607310803553705e-06,0.0007474128693557784
2020-08-04,120,2020-08-07 00:00:00,65,OK,0.023139819208012655,0.042948717948717956,7.450184080997694e-14,0.02414130161140442,3.288331036961979,6.569926126163724e-06,5.955177850567709e-06,0.0003219181650973459,0.0233834950564299,2.319918045643899e-06,0.000546037309790789,-1.319190446976097e-06,0.0005883562246656784
2020-08-04,126,2020-08-07 06:00:00,65,OK,0.01857953311744396,0.05897435897435898,4.4337540717168564e-13,0.021517965117541255,19.999999997452715,7.4782609378986665e-06,5.816874063397714e-06,0.0003195369669811526,0.0233834950564299,8.480152909701269e-06,0.00013143854811227963,8.054117677608534e-06,0.00015434692634197416
2020-08-04,132,2020-08-07 12:00:00,65,OK,0.022849676037658966,0.06346153846153846,0.008505313166990446,0.09558074340095205,-4.267254673775971,1.978975525394262e-06,1.660129270821971e-06,0.0006761317705702518,0.0233834950564299,7.479325511273983e-06,0.00039609578896484436,7.179088378449722e-06,0.0005739396007480042
2020-08-04,138,2020-08-07 18:00:00,65,OK,0.01290710948996072,0.05512820512820513,0.003531265114924696,0.04942966114922659,7.1205089400518675,3.635269636191486e-07,2.615053524976017e-07,0.00012366531733198793,0.012733917253953045,3.8020969821942186e-06,9.780286491362554e-05,6.306667820025959e-06,0.00023148270015595383
2020-08-04,144,2020-08-08 00:00:00,65,OK,0.01263616789621867,0.03974358974358975,2.988107244786557e-20,0.03922992559195715,-3.665080359221797,3.1411918517478754e-07,2.6883334953473865e-07,9.430126264358593e-05,0.011878480700333352,1.0994060342540647e-06,0.0003852824766232497,-3.1169222057617966e-06,0.0003638219353406268
2020-10-29,24,2020-10-28 00:00:00,73,OK,2.4863272265776292e-05,0.13584474885844747,0.001298477872477199,0.5844625553837415,-19.720781041815968,7.124522190377163e-08,7.115384904902726e-08,6.880928801514397e-06,0.001282991567995988,7.580981441652611e-08,8.49307558382057e-06,2.4669776114285103e-08,9.742277351165844e-06
2020-10-29,30,2020-10-28 06:00:00,73,OK,6.095313512035741e-06,0.16210045662100458,0.0029370493691111012,0.9999999999999408,-19.99999999999946,3.2967128831303603e-07,3.287586644411739e-07,2.2649179934947512e-05,0.00188346082432955,1.030533267811443e-06,5.1794251867436825e-05,6.987500488806952e-07,7.239228590956911e-05
2020-10-29,36,2020-10-28 12:00:00,74,OK,0.0008161451825844205,0.2578828828828829,0.04037881157329266,0.4886234721736969,19.999999999999897,0.0003217155619856361,0.00012154568772928306,0.003145247347088096,0.09225903110816938,0.00685856126089474,0.027852382405631374,0.006418025691768683,0.027808950085149962
2020-10-29,42,2020-10-28 18:00:00,66,OK,0.00028084183158449987,0.4141414141414141,0.03275924989668931,0.1789371999119423,1.8754700848523118,0.0003147037085717808,0.00027459224849223866,0.011527708934673192,0.1209285217216193,0.0019581611073514636,0.007086275831912859,0.0015417041323828695,0.006167118084277315
2020-10-29,48,2020-10-29 00:00:00,66,OK,4.8301509755107676e-05,0.4501262626262626,0.03247148806624041,0.1713641833822857,-1.3307235911751385,0.00022389143023641964,0.00020047879754357299,0.01708634316690268,0.1209285217216193,0.000746234007837407,0.013092961877705181,0.0007100868422612044,0.01303714423976624
2020-10-29,54,2020-10-29 06:00:00,66,OK,0.002083692394026303,0.5214646464646465,0.03706678420227389,0.19722039028600172,-1.6239762882423976,0.00017303386544325478,0.00014575389337089314,0.021372833710172994,0.1209285217216193,0.0005465606985718609,0.012964585364205505,0.00043648009696392164,0.013110921854829798
2020-10-29,60,2020-10-29 12:00:00,106,OK,0.12310100406507074,0.3722484276729559,0.03771330306245815,0.10351494741448382,-1.0442185799153871,0.0001415835820354844,5.90603848849785e-05,0.028441327779615676,0.17630193399057587,0.0026605356475981785,0.007361411363243754,0.002864289288154453,0.008292831626674583
2020-10-29,66,2020-10-29 18:00:00,105,OK,0.17418003578064678,0.24682539682539684,2.717387693821004e-21,0.03077078622337211,-0.299214072642626,8.144147627843456e-05,3.389547887346629e-05,0.003458383549233944,0.1607500964668508,0.00040292314882169484,0.0015886298778975143,0.00039343914489575315,0.001596144131427659
2020-10-29,72,2020-10-30 00:00:00,105,OK,0.12846487069157214,0.15833333333333335,0.005680832524734626,0.028348043037921645,0.3083295706761736,5.4606939111737685e-06,4.104627997995186e-06,0.002514333273998405,0.12265156481334165,3.296676657274113e-05,0.002817598957981143,7.478673242890221e-07,0.002883511407477294
2020-10-29,78,2020-10-30 06:00:00,104,OK,0.11377370511542505,0.08493589743589743,0.012743680648393436,0.03406186483471247,0.3596192590344242,6.549989523497148e-06,6.247002619340817e-06,0.002790705587575014,0.11354224872272825,6.3926531380034684e-06,0.001889798635915978,-1.1527747625034102e-05,0.0019132182292973504
2020-10-29,84,2020-10-30 12:00:00,104,OK,0.10520421834100979,0.04326923076923076,5.330472863658659e-21,0.024518930706152395,-0.31454796657092243,9.578303784930224e-06,7.053772210000145e-06,0.0025970163387434033,0.10598932334492452,0.00013551043648315323,0.0006762955473642817,0.000143749898728019,0.0007629778047683416
2020-10-29,90,2020-10-30 18:00:00,112,OK,0.08708597187334767,0.0037202380952380946,2.753721676833916e-20,0.024324185745706706,-0.3471010563776612,1.6862828333245944e-05,9.398991988399564e-06,0.0012683821449435576,0.08510063648509936,6.217531410545458e-05,0.0004576964648803178,6.286839655144523e-05,0.0004882539266491762
2020-10-29,96,2020-10-31 00:00:00,112,OK,0.0692792652454332,0.0,0.05,0.016796475977639037,0.5559642597633865,4.030486346803846e-06,3.0263550550377405e-06,0.0005511284630542007,0.06471773646067576,2.0566560757971168e-05,0.0013547161866277876,1.5808306199690658e-06,0.0013158153056131651
2020-10-29,102,2020-10-31 06:00:00,112,OK,0.06284902930444382,0.0,0.02,0.019093268182685707,0.89383171026244,4.179117163449019e-06,1.5611752048800397e-06,0.00042093078566052196,0.06140221162153533,6.646098523722504e-05,0.0016847858607870554,4.9566457790894513e-05,0.0016778203799803194
2020-10-29,108,2020-10-31 12:00:00,110,OK,0.06033420581625652,0.0015151515151515152,0.12850792070076178,0.022845079314745328,-0.45537414440083884,3.2511080803284575e-06,2.2171310505389634e-06,0.0006789907287852044,0.05952700678590715,3.1035988699435795e-05,0.0006648842021047071,3.184756440370217e-05,0.000720082062327949
2020-10-29,114,2020-10-31 18:00:00,109,OK,0.0533896713718281,0.045107033639143736,0.0042014831962833375,0.020768687871282634,-0.45671271991418605,5.169636496364008e-06,3.684133077418272e-06,0.00044624985356694923,0.05309297591985327,0.00011159458794815997,0.0004973613086790195,0.0001131103707922308,0.0005209061188869915
2020-10-29,120,2020-11-01 00:00:00,109,OK,0.04317572547156174,0.10397553516819573,4.2470190089220505e-13,0.011314806010519225,1.7629454993713318,1.851853808606823e-06,9.429144239545347e-07,0.00018796585221776736,0.04216888529638322,4.991978177064475e-06,0.00021534642435486103,3.4001305908343512e-06,0.00021275688325653527
2020-10-29,126,2020-11-01 06:00:00,109,OK,0.03982540583811257,0.2419724770642202,1.2552352905018863e-11,0.014924707690000564,16.56489823923147,5.882927522352277e-06,7.230464366004789e-07,0.00024069236074297575,0.0399531862933919,1.9682166772602478e-05,0.00020216265874703807,1.7799053511892254e-05,0.00020369420078864806
2020-10-29,132,2020-11-01 12:00:00,96,OK,0.04490006744597818,0.2860243055555556,6.815595680718881e-14,0.024157898360664423,0.4520551605707709,2.1411858948961704e-06,1.925929408747281e-06,0.00028907698092853646,0.04515610049387847,5.952463404857278e-06,0.0005455329253292414,-7.975793510835162e-07,0.0005341323054979464
2020-10-29,138,2020-11-01 18:00:00,96,OK,0.039877064025071796,0.2703993055555556,4.936893555863329e-22,0.023910899371494283,-0.7375807190649905,3.457911737410917e-06,2.3448230041363558e-06,0.00029396112588960134,0.040465885037175624,3.909313205960112e-05,0.0010115742650087826,2.586915020149728e-05,0.00100772810211905
2021-02-15,24,2021-02-14 00:00:00,222,OK,0.009548030851272956,0.039602102102102105,0.0008701558169733562,0.003450923341188826,-0.381844240258254,5.240645426063791e-07,5.223542646923229e-07,0.0001878781065654386,0.010743743661849011,1.0658572514876104e-05,0.0004008433239926851,6.71093830612614e-06,0.00035211029252353446
2021-02-15,30,2021-02-14 06:00:00,215,OK,0.008831836044961287,0.0810077519379845,0.00047737908992321866,5.728404412942028e-18,0.4875959333670652,6.857717865875463e-07,4.904073951628087e-07,0.00021655759123795628,0.011093539967118513,4.124826937759721e-07,0.0001560079578039441,-6.338318119224469e-07,0.0002048987860089421
2021-02-15,36,2021-02-14 12:00:00,200,OK,0.009618929554532467,0.13604166666666664,0.008369219834601852,0.04509930082279362,19.999999999999865,2.2393277137473642e-05,5.903013478627904e-06,0.0010014718419892208,0.03492044129793379,0.0004098617854689824,0.003275687937828101,0.00038170370203700443,0.00311895326358863
2021-02-15,42,2021-02-14 18:00:00,196,OK,0.01217395041928646,0.19366496598639457,0.00656074816892915,3.2112379948667094e-16,9.469689421020712,6.524357607794584e-05,2.4953396905979342e-05,0.0031943552466673583,0.05130368122336864,0.0006575586184090811,0.0033826784733580685,0.0007530714978202883,0.0038666772855392093
2021-02-15,48,2021-02-15 00:00:00,193,OK,0.00964310001483018,0.2530224525043178,0.009766501653192289,1.902597842227992e-15,0.042810499914853195,2.9079773422988276e-05,2.904826719532378e-05,0.005227362513092454,0.06809647754492157,9.60501557747784e-05,0.008447291787375336,4.9372995378319625e-05,0.008464260155717366
2021-02-15,54,2021-02-15 06:00:00,194,OK,0.010351224548086008,0.29467353951890035,0.014445839229478768,4.719554181455094e-17,2.1086063843876044,6.170750216881255e-05,2.2203139593203025e-05,0.010886374191618177,0.11727533302748028,0.0009043807561081043,0.013931206315755848,0.0008347572804711375,0.014691008808146385
2021-02-15,60,2021-02-15 12:00:00,194,OK,0.03600715915057468,0.2452749140893471,0.014097868447390033,1.0126019521168613e-15,2.4329664982812074,9.669921196924923e-05,1.650226121776617e-05,0.014527063450709534,0.12168394843589976,0.0013166752425812476,0.029437197111772954,0.00124541440127243,0.029380860890735744
2021-02-15,66,2021-02-15 18:00:00,192,OK,0.05237253989438439,0.19900173611111113,0.016803760400129868,2.185782720996732e-19,4.227755838291972,7.807876232326385e-05,2.6366308478511437e-05,0.022667645483813014,0.12828286503333072,0.0010275203325598886,0.01230903695911793,0.0009427282922935063,0.01236354767132534
2021-02-15,72,2021-02-16 00:00:00,193,OK,0.06810239479428885,0.1204663212435233,0.037894186903548926,0.02321512252616619,3.652286589325113,0.00010526902374527637,4.428268161977932e-05,0.01941675421139513,0.1276181869761632,0.0008919302882164465,0.006360045563699298,0.0008000128728920137,0.006127890638552703
2021-02-15,78,2021-02-16 06:00:00,198,OK,0.1175784375343835,0.03851010101010101,2.754122376925127e-11,0.010581557616176806,1.5444910800047773,0.00012097065656483396,5.4329403586276304e-05,0.0033799973798614782,0.12663334459843567,0.0020257368269499475,0.011344562927048074,0.0019280870229971467,0.011305375456914303
2021-02-15,84,2021-02-16 12:00:00,202,OK,0.11836828236989165,0.0457920792079208,0.005965895735274192,0.023390089660688035,0.3045507757418781,4.466274817216439e-05,4.005485886892599e-05,0.004774675850766342,0.12439538514505054,0.00014867941072943343,0.010454518297106877,6.528885222800887e-05,0.010102606819915172
2021-02-15,90,2021-02-16 18:00:00,207,OK,0.1149799503217694,0.038446054750402574,0.05637249810307937,0.04645610788206806,-0.46510050500824196,3.3951708356213076e-05,1.6435516214391014e-05,0.005630681143329357,0.10605815663805859,0.0006996963910950174,0.00999668283136798,0.0006658226854438466,0.010258637500017573
2021-02-15,96,2021-02-17 00:00:00,210,OK,0.08569316120100909,0.06170634920634921,0.01127236486139682,0.018010204199342794,0.8277081413183448,5.999641417184666e-06,5.740302845055476e-06,0.002204421496835911,0.08633350230343736,3.822758572580635e-06,0.0019042132027760406,-8.286812710545785e-06,0.0018726407227300582
2021-02-15,102,2021-02-17 06:00:00,207,OK,0.08020650406411065,0.12681159420289856,0.011490478510746516,0.019408716752345036,-0.2555518536222814,7.233564462347699e-06,7.091629903372168e-06,0.004566815354881998,0.07659140036810826,4.09327574454987e-06,0.0038230075461411117,-7.4203394561014296e-06,0.003693531285392901
2021-02-15,108,2021-02-17 12:00:00,209,OK,0.07362765958252782,0.1891945773524721,0.00549372735257735,0.0107836279939821,-0.15556094907313606,7.717171305581356e-06,7.563534997002776e-06,0.00738284580483016,0.0770458182026621,2.9088874133026935e-05,0.008184592611070384,-1.851966550290235e-05,0.00668540270329884
2021-02-15,114,2021-02-17 18:00:00,207,OK,0.0704524623541009,0.20209339774557167,0.006881006860194959,0.01602961089691028,-0.25327827190411445,8.180767462492787e-06,7.892768931508145e-06,0.010685353368393305,0.0772801152782736,1.0166842028097425e-05,0.015863957112505062,-4.563001006039966e-05,0.013175046665843687
2021-02-15,120,2021-02-18 00:00:00,207,OK,0.06964085050141984,0.1708937198067633,0.008599966168881689,0.0222100430456924,0.7229971825505159,5.470997571207281e-06,5.2742929136429815e-06,0.006386021915290133,0.0772801152782736,3.0689883490616256e-06,0.003597875664054221,1.4731118799154023e-05,0.0037053686692319746
2021-02-15,126,2021-02-18 06:00:00,207,OK,0.07428189061379742,0.10487117552334944,0.010193699972511143,0.028459338978019583,1.2477658884179883,7.622902397348996e-06,4.8588221140937635e-06,0.0028132827918701613,0.0772801152782736,8.143702340460409e-05,0.0015425430355996206,6.502904074331606e-05,0.0014919595689569095
2021-02-15,132,2021-02-18 12:00:00,208,OK,0.07542118003272692,0.030849358974358976,0.014595392488749028,0.02678564170208455,-0.4551300055513875,1.0628415933176602e-05,9.0718407530096e-06,0.002169586755957303,0.07698246653910101,6.65502635711517e-05,0.0019503596859944273,6.394189428934659e-05,0.0019953763133583385
2021-02-15,138,2021-02-18 18:00:00,209,OK,0.07455854928693663,0.004984051036682615,2.3878781774490668e-17,0.022823389668855772,-0.38099380677264455,3.127548305984593e-05,2.229962659303895e-05,0.002358604963712949,0.07536219112241388,1.1299690982843564e-05,0.0007145935199490001,9.756771476262052e-06,0.0007130469750690468
2021-02-15,144,2021-02-19 00:00:00,209,OK,0.05825516561651909,0.001993620414673046,2.6879681876355135e-13,0.01133593914619693,-0.21519954588717144,1.0149921969403368e-05,9.933754817528828e-06,0.0008129295621939675,0.055654961618651994,3.631785321464788e-05,0.0006729872572271642,3.299834649014352e-05,0.0006717445184632703
2021-05-04,24,2021-05-03 00:00:00,187,OK,0.0007468674446440568,0.16354723707664884,0.0005221927916305264,0.051610297494282954,19.999999999999698,1.592123018371552e-07,1.49608925823279e-07,9.504566963690682e-05,0.0021185216629109925,8.147829425698269e-07,0.0005267569769397008,-8.661392766033255e-07,0.00016329552892543504
2021-05-04,30,2021-05-03 06:00:00,185,OK,0.0014232254401474612,0.15563063063063062,0.00016119990317342613,8.142106291140328e-16,19.99999999541412,9.810551164821786e-07,8.971489972194194e-07,0.0002471802703994259,0.0053064264743356545,9.713750623289137e-06,0.0006292922799491359,5.828262301270549e-06,0.0004885943298849774
2021-05-04,36,2021-05-03 12:00:00,182,OK,0.0004753157171090142,0.14262820512820515,0.003031021395890674,5.50020660704258e-17,17.816993219093757,3.8470094958479145e-05,9.663874065981722e-06,0.0008618722328536914,0.024807390996074624,0.0002028539023151297,0.0023530054805078046,0.00019653219376013334,0.0023435182791732645
2021-05-04,42,2021-05-03 18:00:00,181,OK,0.0008145032646983142,0.16758747697974216,0.006146874660894239,6.624913045654694e-18,1.9870460143763813,3.542063981369344e-05,3.36910687459264e-05,0.0017109171348989986,0.024944448404892714,0.00019279272333883794,0.00290368729700013,0.00017218405055866061,0.002896818822516019
2021-05-04,48,2021-05-04 00:00:00,171,OK,0.0023116835095681465,0.18250487329434695,0.009813733764967752,1.0178936360150423e-13,0.3483294004999248,5.228550174237901e-05,5.190430273007197e-05,0.003963478817745444,0.047365725646204865,0.00026858733182154884,0.017586289462458216,0.0001774794343820816,0.017800398505429377
2021-05-04,54,2021-05-04 06:00:00,168,OK,0.005842487055767391,0.1783234126984127,0.01653720668446731,0.0824430064687537,-2.1237458072986226,9.308852325659741e-05,8.612131476397404e-05,0.004675178989156898,0.04821127387509193,0.0003568629013644651,0.022759482030116664,0.00017965474828897496,0.022770299013844118
2021-05-04,60,2021-05-04 12:00:00,174,OK,0.027315456374088085,0.16091954022988506,0.009498822629855748,0.05748290918770008,3.302983827615579,5.4560910193244714e-05,5.0898541162294426e-05,0.004413792440907257,0.049444722325617974,0.0001948651944240885,0.006962561975269627,0.00015120270356064786,0.006961284567105932
2021-05-04,66,2021-05-04 18:00:00,174,OK,0.021945301357045754,0.11159003831417624,0.03249841300760448,0.11810306720649072,-0.009960693841150958,7.273330088008611e-05,7.273327209427419e-05,0.004199739442577711,0.04945946162343097,6.349849951223532e-10,0.0013439589047256127,4.0563216493807755e-05,0.0015908367922308556
2021-05-04,72,2021-05-05 00:00:00,172,OK,0.04357109914836633,0.09205426356589148,0.000530529709957286,0.06453635601456562,-2.310867938490638,1.1538584415429897e-05,6.6374776939173035e-06,0.000942410767152594,0.0331127532749908,0.00022772611019614516,0.00280548829886775,0.00024918190536452777,0.0029031162038294575
2021-05-04,78,2021-05-05 06:00:00,172,OK,0.023662619542014048,0.07315891472868218,1.0503786759675174e-10,0.04284334977958429,6.450894048786835,6.297848468065803e-06,9.195218177717296e-07,0.0004986248304657464,0.024063792622502907,4.934994476093667e-05,0.001216491163051187,3.706574066657198e-05,0.0012332369976506678
2021-05-04,84,2021-05-05 12:00:00,169,OK,0.023444788465574636,0.0631163708086785,0.00035723564940656966,0.07373409197358893,1.319128168598951,5.411209439390809e-07,3.8593646847185355e-07,0.0004787742307865771,0.02184504288630465,6.2458541741397145e-06,0.0009706871325171283,-1.9897282623843416e-06,0.0010200484620076242
2021-05-04,90,2021-05-05 18:00:00,200,OK,0.023617736001253338,0.02416666666666667,1.3970699866103858e-20,0.08041794090389237,-7.255840053825427,1.2562037408641601e-06,3.775000542114779e-07,0.00034112476307176734,0.02090899499281572,1.2980116772346083e-05,0.000779264202039574,1.0679164813497049e-05,0.000813457556148409
2021-05-04,96,2021-05-06 00:00:00,199,OK,0.01447124449557845,0.01277219430485762,0.008660504358202566,0.07814889674974283,-8.165937600727789,1.5776356739314735e-06,7.12361481544318e-07,0.0002863048068726665,0.01264810020643475,2.470256614573845e-05,0.0003405748659695021,2.5952640307262898e-05,0.00038177933601021553
2021-05-04,102,2021-05-06 06:00:00,191,OK,0.0073001130305425785,0.01156195462478185,7.373816940450535e-11,0.03969017320391039,19.99999999999992,1.1565449288457872e-06,7.306972485551173e-07,0.00020312756161452485,0.007052930879561601,5.102707447029663e-06,0.00023817533351174917,3.458260915885536e-06,0.00022755878011189527
2021-05-04,108,2021-05-06 12:00:00,207,OK,0.005704882629113096,0.013486312399355877,0.0005354299966946596,0.06182399956618088,19.99999999999986,9.487669104811606e-07,6.628780140562845e-07,0.00017284035664481292,0.006512950535886719,7.729765558170312e-06,0.0001485587287104207,6.728299128580921e-06,0.00014453740514763072
2021-05-04,114,2021-05-06 18:00:00,207,OK,0.004771744087435402,0.02818035426731079,0.0011183338756512312,0.09591959606484236,18.215909263647,6.603999620869647e-07,6.259022667783395e-07,0.000157061638141054,0.006512950535886719,7.04631202452062e-07,0.00034543820628241806,-1.195541325245863e-06,0.0003169075423868564
2021-05-04,120,2021-05-07 00:00:00,212,OK,0.006752604950766222,0.041863207547169816,0.0016345715803726133,0.3162296767051569,-19.99999999990266,3.747239105322382e-07,2.506690203172399e-07,0.00011832501257877327,0.0028705527080412118,6.996677039880214e-06,0.0007204421524389347,4.087740084750219e-06,0.002527691019239509
2021-05-04,126,2021-05-07 06:00:00,212,OK,0.0012421112544380017,0.04147012578616352,0.00011013481838939901,0.0806063272840133,19.615099385115,1.789687160963938e-08,1.7189949325860262e-08,4.68205639671851e-06,0.0011124369300054052,3.994961772683053e-08,9.37351279487339e-06,-2.3540687515958372e-08,9.602120216741629e-06
2021-05-04,132,2021-05-07 12:00:00,233,OK,0.0005340223398883288,0.04345493562231759,4.465666872982568e-05,0.04771103924975957,15.456087545331474,2.5060865592603786e-08,2.4905430242703062e-08,4.840447560317576e-06,0.0007847483209775582,5.7620566255306276e-08,6.880008157650122e-06,1.3592117175750276e-07,7.4747937933082605e-06
2021-05-04,138,2021-05-07 18:00:00,229,OK,0.0004281740141111186,0.06804949053857351,1.1905921887135085e-06,0.017591309942080417,-18.968773774903035,3.705472551672705e-08,3.73538112627469e-08,7.646011447577404e-06,0.0007800896818794917,2.411871605142476e-07,1.6251766333776324e-05,3.096205627886544e-07,2.154641187338355e-05
2021-05-04,144,2021-05-08 00:00:00,229,OK,0.00028428674071126275,0.09625181950509461,9.067655885191033e-05,4.162215451070213e-06,19.9943979508488,2.9004539503335107e-08,2.8042593852197728e-08,7.916570380225935e-06,0.0007901571308412136,1.238438963184248e-07,1.8760415095273417e-05,-9.081652145930902e-09,2.048395227295328e-05
2021-06-21,24,2021-06-20 00:00:00,175,OK,0.0017739925508441932,0.03071428571428571,0.0009914818583673893,0.11001221618713355,-19.999999999999993,1.0329571767590814e-07,9.438533745286947e-08,2.179538784427009e-05,0.0015605775778366152,6.159801224532714e-07,9.155570182434327e-05,1.3167572502394627e-06,8.105821965655065e-05
2021-06-21,30,2021-06-20 06:00:00,172,OK,0.0013711357909193004,0.03125,0.012397181692061474,0.25673358367006033,19.999999999999996,6.587964698979954e-07,6.226052891771532e-07,5.795737675183953e-05,0.004063857903913919,5.165684069364735e-06,0.00014020883916363987,6.588336556504486e-06,0.00017710437978904836
2021-06-21,36,2021-06-20 12:00:00,184,OK,0.0009321920411786986,0.05978260869565217,0.008977242997258708,3.616656023331319e-13,12.913601740468495,2.6515954835411003e-06,2.145383084283709e-06,0.0011199967837419841,0.014729001207618721,2.653041379588758e-06,0.0007717209003228232,6.766842727622119e-06,0.0010936143002320763
2021-06-21,42,2021-06-20 18:00:00,185,OK,0.0003133873075304861,0.18603603603603602,0.004155374267598731,2.8250025922247434e-18,-19.999999999999996,2.9467245912917424e-05,2.278880625251617e-05,0.0015824265542359096,0.014649384984874838,0.00019396420784714848,0.005219378097919772,0.00013530389590550752,0.004421458248277589
2021-06-21,48,2021-06-21 00:00:00,185,OK,0.0034255409523739704,0.2731981981981982,0.0026627074094321824,3.286388573673179e-21,1.4969693450103643,1.979351576130689e-05,1.9663164600097554e-05,0.0013626068704630796,0.0220095656011049,3.268871030061863e-05,0.010258352776564329,7.101377022270614e-05,0.012369935164880667
2021-06-21,54,2021-06-21 06:00:00,185,OK,0.008733703396405177,0.29121621621621624,0.0027797591871673564,0.049660360462832336,-3.615458308476408,1.5616632566384602e-05,1.4263566161123592e-05,0.0011225781037647769,0.0220095656011049,6.0418182490615945e-05,0.009137430029820533,4.3321369085466895e-05,0.009148974500225105
2021-06-21,60,2021-06-21 12:00:00,183,OK,0.012826081267969016,0.3007741347905282,0.003530729837745525,0.10408947283331615,19.53190633591154,1.1899361406731697e-05,7.1969990563074304e-06,0.0007065651670562844,0.02188405732094258,0.0001530202567124598,0.0023874527520117614,0.00010396427326643282,0.0021552510304813214
2021-06-21,66,2021-06-21 18:00:00,182,OK,0.009402845623030025,0.190018315018315,0.01314147032732218,0.24218413937039446,11.578321606480358,4.585917464067697e-06,1.0371925278436053e-06,0.0006545116737175905,0.022004299394134574,9.16883623311658e-05,0.0014406711838714384,7.349266638415988e-05,0.0013723703479186608
2021-06-21,72,2021-06-22 00:00:00,182,OK,0.0184155143382251,0.09890109890109892,0.006631541987084304,0.19654306762972465,1.5318880182149501,5.346396787199684e-07,5.268048267502535e-07,0.00019834242272386143,0.016614256716078836,1.4312243441292876e-07,0.00015365536390505967,-5.408276760818426e-07,0.00015955968194931045
2021-06-21,78,2021-06-22 06:00:00,183,OK,0.008572733691406233,0.06261384335154828,0.006014930625859075,0.17609445743605756,5.8169821847042495,3.189066549091e-07,3.0704302462452754e-07,9.09503063056163e-05,0.007529218310309382,1.7484110136854331e-07,0.00016280062912094073,-4.2599555721417086e-07,0.00018909475284153342
2021-06-21,84,2021-06-22 12:00:00,184,OK,0.006743774673427321,0.029211956521739125,0.0018940730663923122,0.13683157999916026,9.69214223592796,1.439842489838215e-07,1.3106796748354343e-07,3.94453700974354e-05,0.006765608544225489,6.871765539025739e-07,2.78065415146608e-05,4.225782655711983e-07,3.204468960840802e-05
2021-06-21,90,2021-06-22 18:00:00,184,OK,0.0035981904832100993,0.009510869565217392,0.003534132554086581,0.14595059261979074,7.368490244502854,8.985563991999567e-08,8.893850876988516e-08,1.8837833960328386e-05,0.0033951581119083863,2.025518101425082e-08,5.777254498361389e-05,-2.3401898292183113e-07,4.879630182108712e-05
2021-06-21,96,2021-06-23 00:00:00,186,OK,0.0020446146924529484,0.01904121863799283,0.001194088136516635,0.21116671705864903,-19.999967779824825,7.459762876943448e-08,6.953295197177726e-08,6.5985856784297995e-06,0.0017441764104582315,6.626394794024093e-07,1.1705630529815194e-05,8.292087537728908e-07,2.6510242800972106e-05
2021-06-21,102,2021-06-23 06:00:00,186,OK,0.000750917695361331,0.018369175627240143,0.0006299777404157079,0.1428011733420035,-19.751239831532352,2.055326377463731e-08,2.007288183185526e-08,2.614451009942965e-06,0.000636900044836464,2.3937544833164566e-07,5.562828603148128e-06,2.270590277304864e-07,1.133515068399219e-05
2021-06-21,108,2021-06-23 12:00:00,186,OK,0.00024311909466147202,0.01836917562724014,0.000507967976786624,2.4386777770325025e-14,19.99999999999999,5.083540383287589e-07,4.96046269500574e-07,8.183481507115226e-05,0.003388788976161756,4.001873358894262e-08,2.8462350448306903e-06,2.136203079072389e-07,0.00023141106696231576
2021-06-21,114,2021-06-23 18:00:00,186,OK,0.00026031405140790586,0.0396505376344086,0.008091279714288203,0.9999999999999715,-19.999999999994852,1.0820351098324813e-06,1.081240474560774e-06,0.0001438841469242349,0.003388788976161756,2.118423436143522e-08,2.240856079810565e-05,2.2710796446635495e-07,4.668548626661075e-05
2021-06-21,120,2021-06-24 00:00:00,187,OK,0.00022312301325580464,0.04434046345811052,0.008225490617304985,0.9999999999999999,-19.999999999838526,1.0562594900366007e-06,1.0545782803171357e-06,0.00014465917333180252,0.0033706671099790727,1.8248849125247055e-07,4.0380579491278927e-05,6.01327878367704e-08,5.226076004601116e-05
2021-06-21,126,2021-06-24 06:00:00,178,OK,5.6828956149018995e-05,0.05056179775280898,0.00848299431867122,0.9999999999731468,-19.999999999999993,1.1742213545097422e-06,1.1721873163207827e-06,0.0001539039559459236,0.0035407442215277503,2.459271851443419e-07,3.7219440880054995e-05,1.335015744009213e-06,0.00015846438358414788
2021-06-21,132,2021-06-24 12:00:00,178,OK,0.001949706857971742,0.07279962546816479,0.0007014947761593643,0.15267615858494543,19.999999999999996,1.825448595790488e-07,1.7971739432793857e-07,5.010923646783493e-05,0.0024853276161172916,1.1226822867176193e-07,0.00011456396563215614,6.574923903278575e-07,6.075308079999123e-05
2021-06-21,138,2021-06-24 18:00:00,178,OK,0.001243393929490291,0.0723314606741573,0.0046832051864706915,0.6448489726305929,-19.999999999999996,5.339561509435615e-08,5.2857854915798075e-08,1.64542044723854e-05,0.0011103698504337175,1.2487275869914095e-07,1.4170171489951125e-05,8.680965546971749e-07,3.460083022156315e-05
2021-06-21,144,2021-06-25 00:00:00,178,OK,0.0002592429173241288,0.08707865168539326,0.003218299262699333,0.5176721830337049,-19.999979238351703,7.323155273914142e-08,7.243333556814392e-08,1.6956601674265574e-05,0.0011103698504337175,5.251832564646633e-07,2.981633506865206e-05,3.8928496484414616e-07,3.0001314820378926e-05
2021-08-11,24,2021-08-10 00:00:00,156,OK,0.000627445031357681,0.09829059829059827,0.0019892983168915985,4.194927611701273e-14,7.358227387743179,9.490838419664519e-07,7.670293913770737e-07,0.0010296569329936297,0.006581606612004971,1.9216550859128582e-07,0.001387603957782824,-9.04568991143957e-06,0.001211307245966574
2021-08-11,30,2021-08-10 06:00:00,157,OK,0.0009040015918602902,0.0599787685774947,0.011112076163856927,2.016430819832745e-16,12.688345176462288,7.459426090095957e-05,9.800282483424985e-06,0.002114592125193105,0.03858575036579815,0.00020065372372540645,0.001367874833104928,0.00019492793481711351,0.0013546327273997842
2021-08-11,36,2021-08-10 12:00:00,162,OK,0.004074991969872442,0.05915637860082304,0.019794639271128307,1.881543247707367e-15,2.192729035783323,7.341148886189769e-05,5.699395217004498e-05,0.0025905184258150833,0.03739615388104954,0.0005502483733228436,0.003914963967725898,0.0004949512947511719,0.003517288205838253
2021-08-11,42,2021-08-10 18:00:00,156,OK,0.0037504416912125314,0.10283119658119659,0.019573499409601236,5.382814083311067e-16,-0.6402750696055471,9.574026728584064e-05,9.426158492864801e-05,0.004125341034642976,0.036237526619860065,0.001172172341584923,0.0115538835179977,0.001023811045616982,0.011270403944766203
2021-08-11,48,2021-08-11 00:00:00,141,OK,0.006151753780957187,0.14066193853427897,0.008408464505487585,4.5038859387879285e-18,-6.346129464019887,8.086753586759193e-05,7.322324775812005e-05,0.0034707366908504618,0.030274232171636523,0.0002218190159152198,0.0065700771682272755,0.00034031964613016153,0.010037127533527715
2021-08-11,54,2021-08-11 06:00:00,141,OK,0.021552169999982766,0.1501182033096927,0.014685232005387079,0.11948773861458194,-2.5745081277002284,2.9753513127832636e-06,2.135816945535404e-06,0.002391872695131053,0.03021097388966448,2.2323308923677278e-05,0.0069693212139242885,-6.201413487088488e-06,0.006618989298031555
2021-08-11,60,2021-08-11 12:00:00,150,OK,0.01719352323470791,0.15472222222222223,0.013398511636680939,0.11977506088008191,-5.470136192077752,8.231439653187176e-06,5.160696219282514e-06,0.0026000944867054397,0.030641641482554872,9.12579807645256e-05,0.00446667505075675,9.740281918416022e-05,0.004388564876970895
2021-08-11,66,2021-08-11 18:00:00,150,OK,0.024224792993795468,0.1075,0.0019121554436972445,0.03432179959130043,-3.73640606480679,1.9030112921557805e-05,1.559732805579009e-05,0.0015404201840296514,0.030641641482554872,0.00032981425870472756,0.0035504318244228457,0.0003291193031100695,0.004287086597510713
2021-08-11,72,2021-08-12 00:00:00,150,OK,0.02597907583182129,0.053333333333333344,2.077884443430796e-14,0.036015888498974975,-3.4958289466311614,2.1473767666077654e-05,1.6676399256841876e-05,0.0011108195615627376,0.02349746138799534,0.00037120834443390906,0.003952217871221826,0.00035290195855714753,0.0043618856281006455
2021-08-11,78,2021-08-12 06:00:00,144,OK,0.013354630144546,0.04340277777777778,0.003218534658283437,0.011097741805133168,19.999999999998543,1.352202192729439e-05,9.878530460963665e-06,0.0009293528808588459,0.024083389399615605,0.00012488233931845556,0.001823842059308872,0.00019988029798955137,0.0024425454678204616
2021-08-11,84,2021-08-12 12:00:00,148,OK,0.01755662786743908,0.030123873873873875,6.722644098684162e-11,0.032650030610130366,5.861969897979501,4.122967770144144e-06,2.8235053453278873e-06,0.0009940503988032292,0.02343635684674209,4.7034347113365846e-05,0.002654328561093029,7.60265510636553e-06,0.0020897705094083457
2021-08-11,90,2021-08-12 18:00:00,148,OK,0.016495496228992882,0.026182432432432432,1.9690538173457292e-19,0.04637476997034921,-4.963369710035383,4.859064547844938e-07,2.9413601841908503e-07,0.00024872192157971096,0.01611985685452978,2.9145244213248144e-06,0.00012661383286653835,2.547439229663382e-06,0.00019993065614839567
2021-08-11,96,2021-08-13 00:00:00,161,OK,0.014870683809382439,0.035455486542443064,0.004210807489220546,0.046288060651674186,-4.047153195361736,6.570170613097465e-07,2.656335411082839e-07,0.00023387973723382397,0.01432311286215606,1.284075222194171e-05,0.0003978170881855477,1.27041543022357e-05,0.0004643324970257939
2021-08-11,102,2021-08-13 06:00:00,166,OK,0.01902016954392175,0.03237951807228916,1.0270120158335509e-09,0.013361687663580145,4.788973110824313,2.0117050004004288e-07,7.083195227532775e-08,0.00013438005809980144,0.018745830207591695,3.0370887281393893e-06,0.00020002482954299013,1.1463273916171464e-06,0.0001901068875303604
2021-08-11,108,2021-08-13 12:00:00,167,OK,0.017730567196837733,0.03318363273453094,0.0025230794709286872,0.023843407680459,3.3118495899545253,2.6988508430822057e-07,1.1035858622128649e-07,0.0001550439308101554,0.01742622460185736,3.924574175209428e-06,0.00016680909307298624,2.1017508370094425e-06,0.00016119875003324388
2021-08-11,114,2021-08-13 18:00:00,177,OK,0.021506394394274066,0.03413370998116761,8.160302178958129e-20,0.020582386811604104,-1.3203562319046178,2.7896278302019225e-07,1.9948370186340018e-07,0.00021019648027133307,0.020980129868104703,3.5410688568904425e-06,0.00019171381044733819,3.3848994703589615e-06,0.00020858747730565357
2021-08-11,120,2021-08-14 00:00:00,180,OK,0.020604477959923078,0.01898148148148148,0.002061733286478651,0.02094367408584319,-1.11427449879673,2.8036987708122495e-07,1.9039670964390578e-07,0.00013765221099706302,0.020191333251954664,5.531375904654246e-06,0.0003485762228814444,4.246342905712615e-06,0.000348647774335912
2021-08-11,126,2021-08-14 06:00:00,178,OK,0.017579923781828773,0.021301498127340824,6.001498208246394e-13,0.017918983802579818,5.298135865954299,6.46879316691215e-07,1.5383946797771833e-07,8.432168213284571e-05,0.016992371636076097,8.561102233498524e-07,4.743888820501497e-05,4.341397590736904e-07,4.54727055040084e-05
2021-08-11,132,2021-08-14 12:00:00,179,OK,0.01609818412918296,0.028864059590316574,1.210078718582691e-11,0.022164860016249194,2.8638336238992887,4.6182467405914953e-07,3.184636008555353e-07,7.950134752572807e-05,0.01653657929142255,6.823258869136386e-07,8.216431630466499e-05,-9.802174647525716e-08,8.222628694875615e-05
2021-08-11,138,2021-08-14 18:00:00,179,OK,0.014873389087328047,0.025837988826815646,2.625835223712833e-19,0.025632725736437212,-2.673560730246428,3.294670041540214e-07,2.0994084978143424e-07,7.414848914402384e-05,0.014606264252234947,3.08963135048899e-06,0.00019732572020456277,2.05920899628564e-06,0.00019735200350191428
2021-08-11,144,2021-08-15 00:00:00,179,OK,0.01325559572200195,0.023044692737430168,4.685150989500349e-19,0.027655039974817032,-2.7948148302397833,5.596362629418276e-07,4.2403153340165246e-07,7.002750970877092e-05,0.011434716254549277,3.964086020067383e-06,0.00026909703852351255,3.1455910778676283e-06,0.0002788433721335179
2021-12-11,24,2021-12-10 00:00:00,141,OK,6.529100320306156e-05,0.051418439716312055,0.0008650177616455014,0.7156984406762195,-17.17956902420384,3.028703484408387e-08,3.028781250807335e-08,1.8336454483910518e-06,0.0007428440348288317,2.5896317208449655e-10,5.098427835692628e-06,-2.8389107708052077e-08,4.866676943385895e-06
2021-12-11,30,2021-12-10 06:00:00,149,OK,3.0197147242634696e-05,0.2321029082774049,0.0045931248682735595,1.3368512336143035e-14,14.722853522848947,4.920973624296122e-06,2.414762322139509e-06,0.0005611017571194829,0.03007234878950067,3.22662688137346e-07,5.470227278217339e-05,2.620615758702134e-06,0.00010112764960361594
2021-12-11,36,2021-12-10 12:00:00,149,OK,5.339040246044953e-05,0.4653243847874721,0.006173674453140543,0.05016903552066457,-1.0091618284259147,1.3846898199296611e-05,1.3218793375775002e-05,0.0025756238741926427,0.04602750345154907,0.0002262159894176381,0.0055610623913287865,0.00017097820857928225,0.005459030264634406
2021-12-11,42,2021-12-10 18:00:00,151,OK,5.2057629994903054e-05,0.673289183222958,0.010074645807730669,0.20766310393750304,-3.383313636435433,2.6810348373597208e-05,2.373927755539224e-05,0.003646529613417847,0.045562253291336216,0.000348759378973108,0.0057069093187751985,0.0002824947455455335,0.005668903999588663
2021-12-11,48,2021-12-11 00:00:00,151,OK,0.00047916758738108335,0.7185430463576159,0.011383929897629654,0.23384553630560656,-4.792505040656586,1.8838311336026968e-05,1.4045186537458183e-05,0.004532010244249318,0.045562253291336216,0.0001614311413809374,0.004497494611380299,0.00014869828216354405,0.00460392051425647
2021-12-11,54,2021-12-11 06:00:00,151,OK,0.029673568135180448,0.5444260485651214,0.0072987790653204114,0.1483240217655751,-6.761319444320085,2.5962112531750282e-05,9.402020527462496e-06,0.00325853907155349,0.045562253291336216,0.00047449123567890397,0.006623315441418245,0.00045733114836618875,0.006238954191646452
2021-12-11,60,2021-12-11 12:00:00,173,OK,0.04121285214082886,0.3075626204238921,0.0004800345125685327,0.05782350913579639,-3.562687243937137,3.882441303762225e-06,2.874475645194475e-06,0.0009464821849812707,0.03813388341555136,1.544794441415693e-05,0.0007800289404248905,2.1250954183173007e-05,0.0007412458143289213
2021-12-11,66,2021-12-11 18:00:00,173,OK,0.032176237922609596,0.0953757225433526,2.868320528056284e-20,0.05026200235701777,-2.3230657498125526,7.52704573298995e-06,3.375738399860796e-06,0.0005787455709534911,0.03314258111242068,8.816231524204413e-05,0.0005362921340826687,9.636710282296101e-05,0.0005814919047574974
2021-12-11,72,2021-12-12 00:00:00,176,OK,0.021109107616262817,0.009706439393939394,4.0414867002755046e-14,0.032391298462842666,-2.053899216340207,3.2969654507872567e-06,2.3243477315957546e-06,0.00032227397479712457,0.017785767718133418,1.2130153959635253e-05,0.00018187720235734897,1.0947498303208733e-05,0.0001829123503168397
2021-12-11,78,2021-12-12 06:00:00,175,OK,0.015346783376724528,0.0030952380952380953,0.02089231052244109,0.027757718070504103,7.307434710361092,9.203892127464091e-07,4.1287135992507435e-07,0.0002465381153424393,0.015546067623925937,1.6680539950696818e-05,0.00022405687890927014,1.3292641847643573e-05,0.00021799240905574432
2021-12-11,84,2021-12-12 12:00:00,172,OK,0.013736101959837628,0.0007267441860465116,0.03504369068743125,0.027812747198681157,4.724926853547981,9.557610806357703e-07,7.262427455926666e-07,0.0002217885591410981,0.015522327867182752,7.785033738665086e-06,0.0002681446220204695,3.610651917386767e-06,0.0002914957286101606
2021-12-11,90,2021-12-12 18:00:00,172,OK,0.013317297396733175,0.0,0.2,0.03156194554580177,-3.129912058837833,8.478827508388953e-07,4.703183452279515e-07,0.0002491850079341283,0.012852135815361968,1.643107939399388e-05,0.00023074841093510614,2.7198523942370514e-05,0.0004179885773726808
2021-12-11,96,2021-12-13 00:00:00,171,OK,0.010318278446082692,0.0,0.2,0.018204909298655255,-2.1136231185269425,5.968656301637479e-07,4.8774613314236e-07,0.0002112641830641878,0.010958139315054584,1.0161415117747573e-05,0.0004984274619896116,8.811578541066505e-06,0.0005897965541121551
2021-12-11,102,2021-12-13 06:00:00,171,OK,0.007882527645165827,0.0,0.02,0.010223353057189287,19.999999999099217,6.22075669262257e-07,2.279937285777345e-07,0.00016634301455092633,0.00808691599629398,1.0753818972731591e-05,0.0014668632195388976,8.063167884642144e-07,0.001448767857987747
2021-12-11,108,2021-12-13 12:00:00,170,OK,0.007818645929594314,0.0,0.2,0.022858232741858185,19.99999746806793,8.175865474934481e-07,2.583596911229605e-07,0.000222511705604507,0.008134486090389827,1.5344434989683434e-05,0.0005811700556177815,9.470389699923746e-06,0.0004934394678753658
2021-12-11,114,2021-12-13 18:00:00,170,OK,0.007659022841884874,0.0,0.02,0.03180273250533714,-3.990060065413805,5.546740634308714e-07,5.35463329761198e-07,0.0002557801870086774,0.007855787044968782,6.102475545965854e-07,0.0006250875588898915,-5.932863178536898e-07,0.0008293813372911233
2021-12-11,120,2021-12-14 00:00:00,170,OK,0.007339993258861627,0.00024509803921568627,1.744184754497018e-14,0.044050591178426614,-8.80903989484226,8.563342510082426e-07,6.336462530193935e-07,0.00030529516763197424,0.006272916332404473,1.4891028726145716e-05,0.002203030835167936,4.851732852350553e-06,0.002346674248016233
2021-12-11,126,2021-12-14 06:00:00,142,OK,0.003755445150597585,0.003227699530516432,3.420154575424093e-08,0.05056266149325833,19.999593163140986,5.200273231094614e-07,4.863174011426024e-07,0.00013059350895892,0.0037599707877178016,5.940857226956758e-08,0.0005824453460729164,-7.7972318081988e-06,0.0008357242785487003
2021-12-11,132,2021-12-14 12:00:00,139,OK,0.0023417412446515395,0.011091127098321343,6.63923811074437e-10,0.037176050259378667,19.999999999979867,5.600282587560607e-07,5.206871811742654e-07,4.330611272882238e-05,0.003559456822622302,8.207385632879678e-06,0.00015724682530617002,6.234813376124414e-06,0.0001331832004551247
2021-12-11,138,2021-12-14 18:00:00,139,OK,0.003497359840039705,0.09262589928057553,0.0007500689375377522,0.13920244223677428,-19.999996154789944,1.6800554416530366e-07,1.3085748997088395e-07,2.649570646048573e-05,0.0029381617976354485,1.977010331738524e-06,0.0001060975999046886,2.036579044918588e-06,0.00014374643333879398
2021-12-11,144,2021-12-15 00:00:00,139,OK,0.0009090734859749961,0.20893285371702638,6.266235198102004e-06,0.01994954916723698,-14.457538407433574,5.945549088766411e-08,5.896393321137457e-08,1.4542723902057883e-05,0.0013902282737743887,4.99418095829783e-07,1.5727258712409487e-05,6.92008913233326e-07,2.6879080107451886e-05
2021-12-15,24,2021-12-14 00:00:00,48,OK,0.0001338598283426561,0.046875,0.00016179027823154637,0.5329630154449552,-0.20506805375311288,1.7056280376831496e-09,1.7096267183367944e-09,5.1477983024145816e-08,0.00016405563161556202,5.182989306115955e-10,2.3715009458950584e-07,3.945460580074013e-09,5.8942047464939936e-08
2021-12-15,30,2021-12-14 06:00:00,48,OK,2.7807981025565118e-05,0.07725694444444443,0.00044149517948763155,0.9914105003996215,-19.96932458280509,2.20516138628407e-09,2.201527908681164e-09,1.2666412708721063e-07,0.00016405563161556202,8.987695825039758e-09,7.109261924453176e-08,5.3475784447438386e-09,7.020459008189617e-08
2021-12-15,36,2021-12-14 12:00:00,48,OK,1.0435815667246012e-06,0.20920138888888887,0.000412645744627846,0.9981091981578172,-8.300728886667034,8.387788151901657e-09,8.389465452054937e-09,6.096328588926392e-07,0.0005025117771429911,1.7508572223208098e-08,2.47013914440488e-06,-3.7269999143755426e-08,2.474628615855248e-06
2021-12-15,42,2021-12-14 18:00:00,49,OK,0.00013646532579557756,0.4243197278911564,0.00039936131961065076,5.817795944503864e-13,19.999999999999996,2.983565113651202e-06,2.679836932222006e-06,0.00014655869091785543,0.008818641301122374,1.6921192933540894e-05,7.511527177220507e-05,1.3220414817590592e-05,0.00010926940344828246
2021-12-15,48,2021-12-15 00:00:00,48,OK,9.447090632779703e-05,0.6015625,0.0017015877797599667,1.329225025268502e-19,19.999999999999996,0.00011268736491872299,1.1460682120095651e-05,0.0011405871634084304,0.06618890701767498,0.00038134554959986356,0.004266460190875427,0.00032115040453388054,0.0042614903135203405
2021-12-15,54,2021-12-15 06:00:00,47,OK,0.00013256049530580724,0.7384751773049646,0.0033389530502632267,9.87431015403329e-19,1.3915070145360995,0.00033977419213341914,0.00027341165170326415,0.004416124597009546,0.08430937884344239,0.000967205398637335,0.003896123209593037,0.0008585557935153808,0.003955192670834934
2021-12-15,60,2021-12-15 12:00:00,47,OK,0.00040512254938779654,0.6719858156028368,0.005094533072390768,0.0374307130127454,-0.687328599785431,0.0003358159834341238,0.00032969187330234186,0.005490519531183797,0.08430937884344239,0.0028806001155641564,0.011937337212553873,0.0024536767532412768,0.01240357110958106
2021-12-15,66,2021-12-15 18:00:00,47,OK,0.009179169850730102,0.4867021276595745,0.013045384195290378,0.12397539636257551,-0.4078624523679838,0.0002027149329054948,0.00020225348646817063,0.006129749271767182,0.08430937884344239,2.2700867756205568e-05,0.002810234264352655,5.433100333217758e-05,0.003113242671620816
2021-12-15,72,2021-12-16 00:00:00,47,OK,0.06758281755634253,0.29521276595744683,0.00910388602737292,0.11256008636092009,-1.4932891231914345,5.3817243410704756e-05,5.25246046886627e-05,0.002361087758111857,0.08430937884344239,6.951221300296731e-06,0.0030179445375819293,7.968264749064397e-05,0.003385259162140422
2021-12-15,78,2021-12-16 06:00:00,47,OK,0.049870746676505,0.1347517730496454,9.111808037577876e-21,0.052344709796690814,0.2904159186657279,4.084159496794138e-06,3.9149146134470775e-06,0.0009027100569756197,0.045112678351158494,2.4687355144034328e-05,0.0029181204320674974,-5.7798264129469874e-05,0.002970510445403468
2021-12-15,84,2021-12-16 12:00:00,47,OK,0.03390476741508896,0.06648936170212766,4.9369349333016103e-20,0.04607849486143067,0.5265132971692357,4.7114916835869025e-06,4.568729052976014e-06,0.0006237485285258071,0.03726645788516392,7.04159510284029e-05,0.000998774624785181,3.7938908924862053e-05,0.0010006272510450105
2021-12-15,90,2021-12-16 18:00:00,47,OK,0.026911185921179852,0.028368794326241134,2.153917648633029e-22,0.04755444784548307,-2.5828351470232507,4.156257710678849e-06,2.424308526039838e-06,0.0004967771191675885,0.023053020208267196,1.3419131594761625e-06,0.00020137536808721124,6.739859042041295e-06,0.00026587157611077957
2021-12-15,96,2021-12-17 00:00:00,47,OK,0.017925841042471056,0.011524822695035459,8.674852556573765e-12,0.03819467081431821,5.194387446557922,3.876256580014589e-06,3.0364637926738206e-06,0.00023980469334574677,0.017131911619605467,3.819423586484412e-06,0.00013986243267618257,1.3689499165672643e-05,0.00025704141380429455
2021-12-15,102,2021-12-17 06:00:00,48,OK,0.014052874592446503,0.013020833333333334,4.921408957593906e-22,0.05207212481308805,17.63393375055156,5.88614059317207e-06,1.829035977023976e-06,0.0002042208076160772,0.01569017997287764,5.260330604888348e-06,0.00013788664316126094,5.274794532701825e-07,0.0001225258591851543
2021-12-15,108,2021-12-17 12:00:00,48,OK,0.01154508704778874,0.013888888888888886,1.2610569743241471e-18,0.07903953167544024,19.99999999999477,4.179308613211773e-06,2.123173323099133e-06,0.00014836220087949771,0.01569017997287764,1.4186606525016175e-05,0.00016558238834978845,9.680481690664717e-06,0.00012873833130093107
2021-12-15,114,2021-12-17 18:00:00,47,OK,0.007142307157396745,0.012411347517730495,0.00981145476238477,0.1508201101858808,18.281337043172467,1.3242525151608543e-06,1.2462212177476915e-06,6.32483578619187e-05,0.009783109144643032,1.779602152842975e-06,9.491252048050851e-05,2.0256030973894126e-06,0.00018535878800539108
2021-12-15,120,2021-12-18 00:00:00,48,OK,0.0036281013011463348,0.0026041666666666665,3.9885620698669265e-09,0.1102264879167936,-19.99999999407003,1.7035842217960557e-07,1.0857185402629002e-07,4.477924122926448e-06,0.0033488398319989044,2.877927584369203e-06,4.569309168326361e-05,2.1015988057895716e-06,4.6043241209934384e-05
2021-12-15,126,2021-12-18 06:00:00,48,OK,0.001204606207326892,0.0008680555555555555,0.016024234713495664,0.06894911927017822,19.999951524050324,3.66831314788407e-08,3.276796827782343e-08,1.863270848692289e-06,0.0013307589978538055,4.863037499130745e-07,6.893979458583592e-06,2.2901561272461176e-07,5.250310517855925e-06
2021-12-15,132,2021-12-18 12:00:00,48,OK,0.0010104751161413884,0.0,0.2,0.0748799317184454,19.99999999947209,3.609808234522777e-08,3.3057758403807446e-08,8.798507995100644e-07,0.001033126747257948,5.024967993528556e-07,8.43893725130282e-06,3.0069749142984354e-07,8.04896553990079e-06
2021-12-15,138,2021-12-18 18:00:00,48,OK,0.0009612998310065969,0.00954861111111111,0.0025408170448727855,0.15772426140841322,3.23149005357855,1.1972141869884199e-08,1.1971426654405855e-08,8.175616579324101e-07,0.0009381064767258756,1.5856248020381468e-11,1.7215164416707516e-06,-8.386545454437251e-10,1.661353318844827e-06
2021-12-15,144,2021-12-19 00:00:00,48,OK,0.00024150300334177443,0.02951388888888889,0.002650737216359593,0.35082951603177365,-19.99013981120357,1.7690848546212816e-08,1.7320928495473964e-08,3.1422104280687904e-06,0.0009438422019478844,1.382060172289938e-07,1.681454325353377e-06,6.780831964996701e-08,7.764991445131507e-06
2022-01-16,24,2022-01-15 00:00:00,188,OK,0.0003979751096897468,0.0339095744680851,0.0010320642260815947,0.18397724624677844,-19.82222659278064,2.6894353461710482e-08,2.683878949975175e-08,6.020646200337749e-06,0.0005928561155242678,2.0124117495014587e-08,1.898202108995652e-05,2.2031804638164177e-07,4.264913519318459e-05
2022-01-16,30,2022-01-15 06:00:00,191,OK,5.552833840724484e-05,0.05671902268760907,0.00044315282012085896,0.0038732026064200314,-19.99994952974223,2.3314393992074527e-08,2.3120490202661373e-08,1.1706748657636391e-05,0.0007602131473552195,4.835981935449636e-08,1.1094012612194613e-05,1.3478744122674219e-08,1.1866822266012952e-05
2022-01-16,36,2022-01-15 12:00:00,191,OK,6.425389958536106e-05,0.12041884816753927,0.005551138512495668,0.941688385101056,19.996404645943496,1.771668795820735e-07,1.7135299494415437e-07,4.2062072791528926e-05,0.0034567765894298577,2.4709141810973444e-06,0.0002504581957859643,6.208220091952336e-07,0.00019746656347184702
2022-01-16,42,2022-01-15 18:00:00,191,OK,0.00040189908472212607,0.24323734729493895,0.0020827160220032795,8.352512603994027e-16,19.999999999999996,3.976576286074131e-06,1.5492222030200149e-06,0.0004088016570042514,0.01569447083265175,3.3573447250240314e-05,0.000335266306634606,4.3326646602647955e-05,0.0007184968877192068
2022-01-16,48,2022-01-16 00:00:00,191,OK,0.0003698798282283757,0.39179755671902267,0.00544804384335966,0.22437873286420654,19.999999999641503,5.520935629468164e-06,5.470740636115493e-06,0.0007407573801469853,0.016064406224487952,6.339799722372757e-07,0.00014426532311738932,3.886171538844539e-05,0.0005138769901092825
2022-01-16,54,2022-01-16 06:00:00,190,OK,0.00048668904086912157,0.5142543859649122,0.006123549593571968,0.259253069804634,-11.215075761524197,4.734315636474828e-06,3.768147926449798e-06,0.0009842292991635514,0.016147995321503978,6.855137245452275e-05,0.0010501979069626058,4.6394397835605676e-05,0.0011181449424304537
2022-01-16,60,2022-01-16 12:00:00,190,OK,0.0034749701504268576,0.5618421052631578,0.002959115499799583,0.07824802473698383,-4.7365499686861146,1.1732574191218163e-05,1.1560259175122708e-05,0.0011248905062491309,0.02203620853463232,2.749296079222592e-06,0.0009791159738557899,0.00018548587880983994,0.002210638086445239
2022-01-16,66,2022-01-16 18:00:00,191,OK,0.01569428793367224,0.5700261780104712,0.0001749954427603027,7.151672984671153e-17,3.727153978397222,6.544467541608161e-06,6.125725396948523e-06,0.0014926589975994935,0.02192083571507927,2.025110748362827e-05,0.0005545672766789348,1.9840061950902893e-05,0.0007112536595660968
2022-01-16,72,2022-01-17 00:00:00,191,OK,0.011661227547835693,0.5196335078534031,0.003978730983364566,0.12573601394175962,-8.010933901700282,1.659949803310873e-05,1.4549613090444224e-05,0.000880731289089089,0.02192083571507927,0.00031164705265972323,0.001411005994966051,0.0002875504521849669,0.001520109840685473
2022-01-16,78,2022-01-17 06:00:00,191,OK,0.014623834821463257,0.4275741710296684,0.016245532570328368,0.5290160394403574,-19.99999999999349,2.06856762025198e-05,1.7275309171131645e-05,0.0009117251809777882,0.02192083571507927,0.00012673553926181248,0.0006319278754224596,0.00019112596051066205,0.0009274883392989309
2022-01-16,84,2022-01-17 12:00:00,191,OK,0.019648690232046996,0.33638743455497383,1.931750195953661e-12,0.0612310947773994,3.4228357957896356,2.1051022189518924e-06,1.490569508648129e-06,0.0003160662179875864,0.018662306316507563,2.5001504077862493e-05,0.000911795829237215,1.350560221845069e-05,0.0008615498415375542
2022-01-16,90,2022-01-17 18:00:00,191,OK,0.015882002655499824,0.2087696335078534,2.9868737914424587e-18,0.07250486792094428,-7.641292553548514,3.322671617470049e-06,1.2862350693982888e-06,0.0002118695995530567,0.013939550477227863,1.9503445139631046e-06,0.0002990565877565178,-4.351843075495404e-08,0.0003674777648603292
2022-01-16,96,2022-01-18 00:00:00,191,OK,0.009006709797375105,0.09707678883071554,4.2136369290732353e-16,0.03917951389229282,-6.3495036040209305,1.9844193641219685e-06,1.5336773469447952e-06,0.0002584160319350664,0.007523127623018545,1.281433857873132e-06,8.200269715765289e-05,3.734390496491881e-06,0.0001371633322212671
2022-01-16,102,2022-01-18 06:00:00,191,OK,0.005151776926330953,0.04057591623036649,0.006160020798481224,0.08308110185894187,19.999999999999996,7.813970240837564e-07,5.795946333281977e-07,0.00011121986794037054,0.006775593501316059,5.770110064159464e-06,0.00019753671999237006,4.233433149673728e-06,0.000194411928875439
2022-01-16,108,2022-01-18 12:00:00,191,OK,0.0049201440543892435,0.019415357766143105,0.024302496619151077,0.16682107431025567,11.939743204632698,1.6817013738956194e-07,1.2847328210803236e-07,0.0001150104045283535,0.006746078048166518,1.052121212663921e-06,7.590130324973497e-05,4.453625775891487e-08,7.718054320433316e-05
2022-01-16,114,2022-01-18 18:00:00,190,OK,0.00678114787989364,0.017982456140350878,0.009423375883441455,0.14373717514833548,-8.2736009859703,6.555855790805408e-08,5.1248020292708854e-08,3.932307756914568e-05,0.006126457785797798,3.427421454924466e-07,7.493291943751032e-05,1.9850674205254805e-07,8.411482379777396e-05
2022-01-16,120,2022-01-19 00:00:00,190,OK,0.0025802103581874705,0.03508771929824562,0.0013270936030401778,0.050152637687215465,-19.999815169800264,2.864160455158291e-07,2.691705455584445e-07,5.816982615093633e-05,0.0029817135852526146,2.294481831662767e-06,6.328815325812626e-05,2.30389893232977e-06,7.147223081416048e-05
2022-01-16,126,2022-01-19 06:00:00,190,OK,0.0015373481391757185,0.10921052631578948,1.4432858437539205e-11,0.013833946970235681,19.99999999152229,3.0220258774828326e-07,2.924312987938572e-07,5.948639756486198e-05,0.0029817135852526146,1.650676516693168e-07,4.855779225849096e-05,-1.0361600244128902e-07,4.360649683657535e-05
2022-01-16,132,2022-01-19 12:00:00,187,OK,0.0014222247436980228,0.17624777183600715,2.8812758031118565e-11,0.024204714408183142,19.999999999981203,3.316225505364209e-07,3.2143990728687596e-07,6.341155581728047e-05,0.0030295485625561327,2.183497320348185e-06,0.00010397454155452379,1.2575491309011087e-06,9.140241530208401e-05
2022-01-16,138,2022-01-19 18:00:00,187,OK,0.0019289413419318272,0.19117647058823528,0.0002389044303471888,0.10568559613017216,-19.99999962830366,2.384927426759648e-07,2.3664197734128416e-07,6.457646341291163e-05,0.0030295485625561327,1.3389951572052925e-07,0.00011557399170931391,3.9512031884112907e-07,0.0001473978515309437
2022-01-16,144,2022-01-20 00:00:00,186,OK,0.0009468027075634567,0.17741935483870966,2.0000859884023077e-05,0.02624993291596815,-19.996726153681458,1.1548306389572217e-07,1.149420414454162e-07,3.4278203185072614e-05,0.0016552216448369812,1.9065213285405462e-07,8.166908294210898e-05,-1.1305123766323008e-07,7.438735463831193e-05
2022-03-12,24,2022-03-11 00:00:00,156,OK,6.585327827873372e-05,0.02163461538461538,0.0008407035392138463,7.382391420701948e-12,19.956999595578846,5.762861132174358e-08,5.7564663390239025e-08,4.663654551395661e-06,0.0009262090887492627,1.7312008699769188e-10,4.523418647651558e-06,-4.584781755020161e-09,5.352048379599357e-06
2022-03-12,30,2022-03-11 06:00:00,154,OK,0.00011289556621373633,0.1074134199134199,0.004635597859288207,0.9999999999999722,-19.999999999999996,1.6957459351305655e-07,1.329009292817212e-07,1.5801773136679874e-05,0.002493738804716038,8.374897085611743e-07,3.3111432320625833e-05,8.894075041569315e-08,3.3694736906800174e-05
2022-03-12,36,2022-03-11 12:00:00,154,OK,3.3703509649303424e-05,0.27408008658008653,0.004391509022467058,0.9999999999999868,-19.99999999999953,2.2295456397537324e-07,2.190610312350918e-07,4.2610104430593114e-05,0.0036922232864918473,2.2778861923614593e-07,5.0070376176477e-05,5.750209804423724e-07,4.9767503780307624e-05
2022-03-12,42,2022-03-11 18:00:00,152,OK,0.00010050526058398495,0.49506578947368424,0.0010522714670489638,5.115827089376535e-17,4.053020201036907,2.4489375426989335e-06,2.294373001200109e-06,0.0005718083010918975,0.013561449168846103,1.3439365826515246e-05,0.0007531991214400588,1.4461049025225732e-05,0.0007769875023177037
2022-03-12,48,2022-03-12 00:00:00,152,OK,0.00040123015165343534,0.6661184210526315,0.004281694321986467,0.44144140750903677,19.99999999999999,7.27321707022099e-06,6.479400335986492e-06,0.0008002924126321017,0.013561449168846103,6.405897667094037e-05,0.0027615807705442877,3.334546904640972e-05,0.001750177682970306
2022-03-12,54,2022-03-12 06:00:00,156,OK,0.003798466211100845,0.6485042735042734,0.009790449164466208,0.9999994665793032,19.999999999997836,5.090833162996422e-06,4.64692740818366e-06,0.0008246743311711557,0.013228763433946326,3.523418987180577e-05,0.003017974168488628,3.8014457144136076e-06,0.0019194494813200695
2022-03-12,60,2022-03-12 12:00:00,154,OK,0.0037383193416968843,0.5091991341991342,0.011412027867274717,0.9999999999999999,-1.8900235223486241,2.1243342191585623e-06,2.1225464325047976e-06,0.000833196317109324,0.013397662367170108,3.404514826589308e-06,0.0018856032343159844,-1.067636535124274e-06,0.0016057722802869617
2022-03-12,66,2022-03-12 18:00:00,154,OK,0.011066448644392407,0.31682900432900435,1.6499157580153507e-11,0.1283387100598411,-10.038013022963778,1.1228724908605084e-06,9.145642524591854e-07,0.00023739138767408534,0.01127084075611114,2.6740776227995376e-06,0.0004528039226962978,-3.529385424717126e-06,0.0004250765186315118
2022-03-12,72,2022-03-13 00:00:00,154,OK,0.003188746633453729,0.17857142857142858,0.0003032950085746504,0.056293781797377,-19.999999999999996,3.336297007627977e-07,2.565915857221962e-07,7.553318223557057e-05,0.0034349162909209814,4.254614950239024e-06,0.00017549571348807397,3.824576849731252e-06,0.000278939966895959
2022-03-12,78,2022-03-13 06:00:00,156,OK,0.0022003900602612443,0.10523504273504274,0.0008739128667481613,0.07481478033761428,19.999999734535145,1.581634297186305e-07,1.5694888432557806e-07,8.751561958654802e-05,0.0031935435576064468,3.0952072659081254e-08,2.8171785596387044e-05,-1.872989410845147e-07,8.250662827285313e-05
2022-03-12,84,2022-03-13 12:00:00,156,OK,0.0018563334322538256,0.0763888888888889,0.0007300909227364953,0.060548567885211665,-17.374549447013376,1.550934118769633e-07,1.5397044537623776e-07,7.542530502150085e-05,0.0031935435576064468,5.022270426758016e-08,1.4923790604618798e-05,-5.076481474707086e-07,0.00015868814049641199
2022-03-12,90,2022-03-13 18:00:00,158,OK,0.0016410194471529172,0.04746835443037975,0.0006089490663043984,0.04319554565355268,-19.99999999983172,2.1901483641348818e-07,2.066860015530437e-07,6.627182120946293e-05,0.0031532536147447247,1.0074646236043571e-06,0.00021215069891373768,1.2042475137104986e-06,0.00021453747417308233
2022-03-12,96,2022-03-14 00:00:00,158,OK,0.0013890273106954365,0.001318565400843882,2.078708936287241e-07,0.029105215409541762,19.997471706202784,1.0456053042333241e-07,1.0076338626342926e-07,3.9556686312359813e-05,0.0019371018351616552,2.9774875262644736e-07,4.2079010071735656e-05,-1.229217615938093e-07,7.054488687649707e-05
2022-03-12,102,2022-03-14 06:00:00,157,OK,0.0011500009356065729,0.004511677282377919,5.90534261955649e-08,0.03559914580499625,19.999999998129628,1.2461468643011738e-07,1.2074689419604602e-07,5.0332804948117755e-05,0.0019491690297415284,2.4833360428701785e-07,2.2368490355724704e-05,-1.9525846736270415e-06,0.00025191527891608567
2022-03-12,108,2022-03-14 12:00:00,158,OK,0.0011154748669811529,0.012921940928270042,0.00039410566176553957,0.06347933521622146,19.999999999823956,1.0691743729277425e-07,1.0616729307215755e-07,5.1157983635131386e-05,0.001937889637620628,5.370746548548461e-08,0.00014383904125319735,-3.363732100839436e-09,5.941074271159587e-05
2022-03-12,114,2022-03-14 18:00:00,158,OK,0.0019378896376206279,0.018196202531645573,0.006190338925777814,0.3007534327781834,-19.999999999999996,1.8754630157471316e-07,1.808048807569968e-07,2.002501569217099e-05,0.0013304297360513377,2.590063552139819e-06,7.112567096538051e-05,1.062523040355126e-06,0.00010529744180451587
2022-03-12,120,2022-03-15 00:00:00,158,OK,0.0002516713560853587,0.024261603375527425,0.0017946895907432541,0.04232115076367532,-19.99999999978106,8.324190218077708e-08,8.213659516143135e-08,1.534244320795427e-05,0.0013304297360513377,2.335517259256404e-07,4.596040533669713e-05,-2.071522401954564e-07,5.017986261711155e-05
2022-03-12,126,2022-03-15 06:00:00,154,OK,0.00038620720053165656,0.027326839826839828,0.0018408967066885266,0.05322731836354303,-19.999999986205047,7.411007742818656e-08,7.382574186408587e-08,2.9476077542429045e-05,0.0013628661267633998,1.3147683306228772e-07,4.581444789988789e-05,-8.230079994764908e-07,0.00012216210276509666
2022-03-12,132,2022-03-15 12:00:00,150,OK,0.0003971053205690526,0.024722222222222225,0.004397963982606163,0.15094854366702742,-12.661611194643283,1.3557201307415902e-07,1.355180920276422e-07,2.608350036882522e-05,0.0013965276408911549,4.4744735255721385e-09,0.0001296033028315136,2.1696412457129184e-07,5.854131725701555e-05
2022-03-12,138,2022-03-15 18:00:00,150,OK,0.0013965276408911549,0.02388888888888889,0.006325795973716251,0.28690633851880243,-19.999999999999996,1.5020070909194406e-07,1.453471340574605e-07,3.3081567068593014e-05,0.0015193233647650386,1.5016317408403237e-06,6.581517678963568e-05,2.2412709654646637e-06,9.959560107007598e-05
2022-03-12,144,2022-03-16 00:00:00,150,OK,0.0006793171815877888,0.022500000000000003,0.002774395051290506,0.07675425305738025,19.999732236785018,2.120791314301133e-07,2.115141089048939e-07,3.4312598833441296e-05,0.002062628092326294,2.2188872076753332e-07,7.773263786179109e-05,-1.5656281892459046e-07,4.977771968822418e-05
2022-04-13,24,2022-04-12 00:00:00,130,OK,0.0001441058314739408,0.3426282051282052,0.00010554539030963175,0.02096873458390345,-19.999996411074292,6.046031728023047e-08,5.9672739547101e-08,9.596550228114593e-06,0.0014805953582151326,8.905461615542107e-08,1.656172481327244e-05,3.023698420822038e-08,1.8462304783736413e-05
2022-04-13,30,2022-04-12 06:00:00,130,OK,0.00017803931918428304,0.4403846153846154,0.0013249332688108656,1.1761370499169659e-14,19.999999999999986,3.253427420982154e-05,1.2197524255840615e-05,0.0005616834299009906,0.024924430617623273,4.9198211102263605e-05,0.0009661082528480029,3.9967831915906015e-05,0.0009486367984260062
2022-04-13,36,2022-04-12 12:00:00,131,OK,0.00014268411891580452,0.5970101781170484,0.001517037650439754,4.075265348806607e-18,1.8765571246208268,3.091768063411279e-05,2.9476127925819965e-05,0.001094664546357142,0.024734862687110247,0.0002863621194869901,0.002270654387662836,0.00025889750580971997,0.0022822402071652212
2022-04-13,42,2022-04-12 18:00:00,131,OK,0.00044243594863389466,0.6809796437659031,0.003923485368021875,0.135673856959003,-6.162012073335235,3.451795833451272e-05,2.8452782068179512e-05,0.0014835767671111258,0.024734862687110247,0.000539139877543129,0.003380071649392065,0.0004900786659426231,0.003280659209195149
2022-04-13,48,2022-04-13 00:00:00,128,OK,0.0007377384341692468,0.7001953125,0.010989203412063834,0.4086479585602103,-19.724679535468226,3.7259532215364665e-05,2.4232433411287895e-05,0.0018897220005706604,0.026927914178089384,0.0007297911280785569,0.002442558006189577,0.0006141179043650561,0.002418924508092548
2022-04-13,54,2022-04-13 06:00:00,127,OK,0.023677466098797253,0.6076115485564304,2.725691659897766e-21,0.013756602537652613,-1.4144404150884422,1.722194849896545e-05,1.6611484292064673e-05,0.001330883957381342,0.027153144773808365,0.0001245377602522293,0.003543922765412459,8.401859652390732e-05,0.0034229246409130435
2022-04-13,60,2022-04-13 12:00:00,127,OK,0.020173518169628694,0.45144356955380577,0.0011994308501235658,0.04810013502479905,12.221741177988754,1.5483862878872166e-05,1.333279016805165e-05,0.0007811078556544939,0.027153144773808365,0.00013008979176220398,0.001673066117438554,8.836006219502879e-05,0.0013351892790408912
2022-04-13,66,2022-04-13 18:00:00,119,OK,0.015483609722095565,0.25630252100840334,0.005880487416145857,0.1085482396128261,-0.5606589925291264,8.027525460153528e-06,8.005517869993447e-06,0.0007906613089603418,0.02894671017433812,7.748918234395744e-07,0.0011304761702174166,-8.889013565735497e-06,0.0011180700395246267
2022-04-13,72,2022-04-14 00:00:00,118,OK,0.02816851176138482,0.1126412429378531,1.3438886077020435e-18,0.07634358232794057,-1.5112765350466226,2.600247520750946e-06,2.2115491742996343e-06,0.0005399125261321022,0.02919618006846677,6.41385756823699e-08,0.0013636797435854216,-1.8446999498633295e-05,0.0015658444607716093
2022-04-13,78,2022-04-14 06:00:00,118,OK,0.015429838263013605,0.06179378531073446,1.4508074480330127e-26,0.06735576306425325,10.304987783752926,2.5871603925401214e-06,7.041948488036191e-07,0.00016410474866728318,0.014450883396844662,5.173470762227702e-07,0.00017592566592593867,-6.265502188408105e-07,0.00017891447909368022
2022-04-13,84,2022-04-14 12:00:00,116,OK,0.012110554846706275,0.05244252873563218,8.297855829670138e-12,0.09455340861847936,19.99999999999999,1.212717147442526e-06,6.065660252390731e-07,0.000132225062883565,0.013484281739537756,1.2869548182745548e-05,0.00020886285077248876,9.626807113376405e-06,0.00020471063466629856
2022-04-13,90,2022-04-14 18:00:00,116,OK,0.007209627593645093,0.05603448275862069,0.008889925399875239,0.2347189206922905,19.999999986523985,1.7490083137974606e-06,1.681262863617624e-06,0.0002477972238371515,0.007133443944219398,1.2224112546034334e-06,4.188471949919897e-05,1.818622909560881e-06,0.0001190801858561815
2022-04-13,96,2022-04-15 00:00:00,119,OK,0.003161794642559292,0.06827731092436974,6.191548957999293e-15,0.03804014175461802,-17.969836054683434,1.6196743804819719e-06,1.5647169220243285e-06,0.00017341222274256285,0.004972217812750594,1.9097106869576574e-05,0.0005245833128892156,1.511761878856055e-05,0.000760258101647964
2022-04-13,102,2022-04-15 06:00:00,120,OK,0.0013479351301050359,0.09965277777777777,1.2944302133202403e-06,2.7815183009978026e-06,2.259271605846779,1.4263709115855173e-06,1.4212672300835018e-06,0.0001924532931140751,0.004930782664311006,3.2053520097486937e-07,0.00016478663652538477,-1.4522750049822796e-06,0.00011524961203096158
2022-04-13,108,2022-04-15 12:00:00,120,OK,0.0013687047765423954,0.10243055555555557,3.471384356861077e-10,0.006785306432304899,19.999988318909068,1.510598724453866e-06,1.509108918192569e-06,0.00022498587293702326,0.004930782664311006,6.089671256027949e-07,0.00016386335698850157,-1.554565054667764e-06,0.0002663233189217046
2022-04-13,114,2022-04-15 18:00:00,120,OK,0.0013935847979197821,0.12430555555555556,2.6122289520404375e-07,0.00649399370632325,-19.9900363001383,2.6708557284815243e-07,2.655227583888357e-07,8.614021096710614e-05,0.0021902164932926737,2.203452953068884e-06,0.00038724098868613607,6.611962424298108e-07,0.00020571753449678292
2022-04-13,120,2022-04-16 00:00:00,120,OK,0.00044954341900225504,0.11354166666666665,0.0013902061935753241,0.11688028083948722,-19.999937916815977,3.2639791204106967e-07,3.226289693924861e-07,8.0911106549417e-05,0.002179982047525937,9.570751030917842e-07,0.00013519715998048704,3.9004341220763457e-07,9.381745686899508e-05
2022-04-13,126,2022-04-16 06:00:00,121,OK,0.0012363906706136325,0.07196969696969698,0.004129460288701602,0.3435159902943071,-19.999965547342295,2.3663650843825344e-07,2.3457722767732053e-07,6.195911628415478e-05,0.0021619656669678716,9.741117505924128e-08,0.00010895814970370093,8.155114710277738e-07,0.0001885980193674502
2022-04-13,132,2022-04-16 12:00:00,127,OK,0.0018908287725330395,0.088254593175853,0.0026392506714460876,0.3703008566256008,19.99999932023573,9.629693843386518e-08,9.50518857777512e-08,4.5609766872682194e-05,0.0020303718013076257,6.976470287441114e-08,6.539128145292439e-05,-9.72041289865576e-07,0.0001084260604361356
2022-04-13,138,2022-04-16 18:00:00,117,OK,0.0017771251146454347,0.0641025641025641,0.0007281179295716534,0.21858392544438002,19.99997861367045,8.197854292678947e-08,7.776726899382626e-08,8.509034655723747e-06,0.0022024352743197743,6.404817619558622e-07,2.8471530687482906e-05,2.9837050698621235e-07,2.8772568067684792e-05
2022-04-13,144,2022-04-17 00:00:00,117,OK,0.00018656757673686479,0.07478632478632478,0.0004153989313346686,4.1857862040808094e-14,19.999999999999996,3.782511299048926e-07,3.671341770659393e-07,1.670971263370428e-05,0.00364293500062793,2.9100266469156473e-06,8.935644406865578e-05,2.094311902377075e-06,8.606439064444361e-05
2022-06-08,24,2022-06-07 00:00:00,89,OK,0.0003214747449076002,0.08146067415730336,0.003782356351371732,0.25512949656763034,-19.999385236297066,5.54962616452648e-07,5.521764190572922e-07,6.000992943505063e-05,0.003500096774909889,1.3112290555060358e-07,9.095267035111833e-05,5.106085505304487e-08,9.972717262032671e-05
2022-06-08,30,2022-06-07 06:00:00,90,OK,0.000894096188400977,0.06527777777777777,0.0042937126779138916,0.27883485215707865,-19.999999999997907,6.415797475676164e-08,6.304530749236193e-08,2.3126259672470103e-05,0.00260615921042141,3.061147487878023e-08,4.8170843500120094e-05,-6.902674935589772e-08,4.354516513942852e-05
2022-06-08,36,2022-06-07 12:00:00,107,OK,0.0016432830289391193,0.0630841121495327,0.055926290622362394,0.9999999999999999,-8.535831575158166,1.0267184643080612e-05,1.0246319006560312e-05,0.0005965848523295673,0.01726193589762824,2.346269596883671e-06,0.001092841310572851,-6.986042820556144e-06,0.0011053084387571848
2022-06-08,42,2022-06-07 18:00:00,107,OK,0.0008616461821215273,0.06503115264797507,0.05255734273540258,0.3714008641088267,17.669272678191927,1.190735737382648e-05,9.045037241267716e-06,0.0016773974407887097,0.030111723868432153,9.021358953983768e-05,0.002360859950689846,5.772538545681842e-05,0.0023287253670740107
2022-06-08,48,2022-06-08 00:00:00,107,OK,0.0006538895500406625,0.08099688473520249,0.0474455358488287,0.30587404464349816,0.6586487073693514,9.235975251684044e-06,9.228829121114463e-06,0.0022001962817936056,0.030111723868432153,2.1947126382048497e-07,0.002809542661494305,-1.6924271355869506e-05,0.0022933097157082833
2022-06-08,54,2022-06-08 06:00:00,106,OK,0.0005892758296893549,0.0919811320754717,0.052695246199412786,0.3671464394523899,-8.064836631266958,1.0248126287504115e-05,9.854911748734506e-06,0.0023626346063478024,0.030394466540450353,7.120767941657172e-06,0.0028959075508535703,-1.2391643041026216e-05,0.0026545755046949726
2022-06-08,60,2022-06-08 12:00:00,108,OK,0.017142688514638654,0.06905864197530864,0.02946291789096302,0.22209309808591793,-11.478731946190953,9.795579990968469e-06,9.585298547052125e-06,0.0010989238345082346,0.029838563538698234,1.160508432116874e-06,0.007313331190998858,5.501823219066808e-06,0.003061600048782972
2022-06-08,66,2022-06-08 18:00:00,100,OK,0.01143751804892732,0.06333333333333334,0.015617971476184137,0.13310690181823756,2.6677565428353267,5.238151889140373e-06,5.219523792119852e-06,0.0006344305569270682,0.016482711069277175,3.00327485107745e-07,0.00018779282776435938,5.0045096746754155e-05,0.0008569823596607646
2022-06-08,72,2022-06-09 00:00:00,100,OK,0.016175488081808142,0.05250000000000001,0.0008722214561247539,0.09874969614695697,-3.6610766732384334,7.870925565310661e-07,5.907149352567267e-07,0.0001334814028834812,0.016482711069277175,5.52274002276146e-06,0.0007016675757656006,3.1434949494702547e-06,0.000721699195977414
2022-06-08,78,2022-06-09 06:00:00,90,OK,0.008859688959676896,0.031018518518518518,1.23115663084444e-10,0.07397457773117735,6.807261577582196,3.573235732243993e-07,2.841009804506445e-07,3.4049276164736484e-05,0.007540922459214482,5.358127891855404e-10,5.302258244335603e-05,-5.368262341798145e-07,5.1400801738809425e-05
2022-06-08,84,2022-06-09 12:00:00,88,OK,0.006213241102319844,0.03409090909090909,4.759498828585605e-10,0.08618398815250099,8.963454152441843,2.020798798163913e-07,1.719369320507754e-07,2.183909847720208e-05,0.006088211707884916,1.413514466950298e-06,5.722701021818564e-05,2.214351296903966e-07,5.6101826191730736e-05
2022-06-08,90,2022-06-09 18:00:00,87,OK,0.0037859986330480125,0.020114942528735632,1.0655249119696171e-11,0.07127262950955471,-19.999999999999893,5.682538344624718e-07,4.1654703531719875e-07,2.900042262097982e-05,0.0036049520751407593,7.92717150086277e-06,9.750534344800204e-05,8.198317797763923e-06,0.00010037546151753866
2022-06-08,96,2022-06-10 00:00:00,87,OK,0.0015142651338521846,0.01867816091954023,0.012509916544062239,0.09073064411945468,19.999999999999996,1.3019594838866363e-06,1.2156350966434724e-06,0.00023857102824906013,0.006096040533492452,1.788365881112537e-05,0.0017223627496027443,-1.1982047505248478e-06,0.00017840504531066093
2022-06-08,102,2022-06-10 06:00:00,86,OK,0.0014306263175932015,0.018410852713178296,0.017583102006698596,0.22558894943116495,4.963852767861675,1.7625260245513693e-06,1.7620753169130914e-06,0.00025011613086745683,0.0061669247257423645,1.724718794345567e-08,0.0005466960759645708,1.0325126275667074e-07,0.0005388779421418883
2022-06-08,108,2022-06-10 12:00:00,86,OK,0.0007294292695439655,0.015019379844961241,0.01788568014346621,0.215129510617229,-19.736539594012644,1.8279843527739703e-06,1.8214948157394909e-06,0.00025273741328650984,0.0061669247257423645,2.4747643189371374e-07,0.000344048667308589,4.542050592091658e-06,0.00013734122663158695
2022-06-08,114,2022-06-10 18:00:00,86,OK,0.0018130584604771276,0.01308139534883721,0.01400824581289952,0.1965450757061795,-19.99999999947779,1.708897954916349e-06,1.7006792466661505e-06,0.00023743469735927394,0.0061669247257423645,2.1782087231621692e-07,5.519200580029697e-05,6.2000977941675655e-06,0.0006652517809679961
2022-06-08,120,2022-06-11 00:00:00,85,OK,0.0060900078100135716,0.00196078431372549,0.07318164023892673,0.8360303519725214,-19.999999999999996,7.384299281226375e-07,6.919207582811635e-07,3.692822232521649e-05,0.0021280407629148987,3.934274084143553e-06,4.021205015130975e-05,-1.248347578290005e-05,0.006972528979867566
2022-06-08,126,2022-06-11 06:00:00,85,OK,0.0008228481346612079,0.009313725490196078,1.5598340982328482e-09,0.0045563250285553586,19.999999997498467,1.4496995806995453e-07,1.4449804642493968e-07,5.569623288877529e-05,0.0021280407629148987,2.0488422021168296e-08,9.456656360208807e-05,-1.813885214793931e-06,0.00014388682839579437
2022-06-08,132,2022-06-11 12:00:00,103,OK,0.0009571464761628427,0.03438511326860841,1.4592027609313383e-09,0.03770946933926632,19.996012907879916,1.1547740332260675e-07,1.132573662096347e-07,3.3634594267970327e-05,0.0020525439693784013,7.493689591523749e-08,0.00010218546945680654,-7.783083575109673e-07,7.81887847145508e-05
2022-06-08,138,2022-06-11 18:00:00,104,OK,0.0008761531520381805,0.05448717948717949,3.184952378921112e-08,0.04705571451435244,19.999999530231886,1.1243818000598766e-07,1.1077555810314072e-07,2.8416527686379358e-05,0.00203280796967284,4.2971638288892445e-09,0.00014733987901330035,-8.761617051581706e-07,0.00010810460193026862
2022-06-08,144,2022-06-12 00:00:00,104,OK,0.0007362900787701101,0.0985576923076923,0.0007850094106292505,0.15818102127178935,-19.99997423963874,9.790283704098094e-08,9.768150345693311e-08,1.25482342417351e-05,0.001355704498612813,2.1417466673646562e-08,1.4352669294475965e-05,3.9122742177230516e-08,2.2820091253283675e-05
2022-06-17,24,2022-06-16 00:00:00,273,OK,0.0010383582372173277,0.015567765567765568,0.005251676888333821,1.8704757791464114e-11,3.304461802091131,6.968831272178664e-07,6.959833657787576e-07,0.00036262167165427797,0.00413878534768786,3.505138092066626e-07,0.0013053398836783334,1.7447350821245477e-06,0.000423599821981965
2022-06-17,30,2022-06-16 06:00:00,244,OK,0.0017699571508199255,0.01707650273224044,0.016012407211594637,9.311851083128091e-14,19.999999999999996,4.65098485298168e-06,3.1055814397557373e-06,0.0010574454986898541,0.011503624502035674,4.236473413330237e-05,0.004347307673201652,2.8927158592713136e-05,0.004069372066630808
2022-06-17,36,2022-06-16 12:00:00,250,OK,0.0014022960575466104,0.0155,0.023359753752267374,8.63465672325333e-14,19.999999996605084,3.4501468930513242e-06,3.1394345258268767e-06,0.0013642693288835638,0.0113045403317681,1.109918170891594e-05,0.0030843637352474806,3.6640787043341715e-06,0.002858481142581229
2022-06-17,42,2022-06-16 18:00:00,253,OK,0.003728891925648017,0.051712779973649536,0.020387620050281358,2.7337841853270374e-12,4.055091514859113,4.458133716719196e-06,4.098333367489471e-06,0.0033336726706375184,0.02935654955828361,9.612863412495118e-06,0.013537237526882172,-4.4345219107520264e-05,0.012228129825697421
2022-06-17,48,2022-06-17 00:00:00,253,OK,0.0031722288133097815,0.06719367588932806,0.03311347947105019,2.174862971193823e-18,1.0028780948937244,2.196197185361477e-05,1.6277851839045655e-05,0.0038305434532406465,0.06231478248895348,4.931330303394081e-08,0.014526826525058347,4.459435435763109e-06,0.014461424342735835
2022-06-17,54,2022-06-17 06:00:00,251,OK,0.009593300417966693,0.0645750332005312,0.038262159439145675,0.043492447839508,1.7022491822211878,3.4963987131987165e-05,3.2412655582467694e-05,0.004065323640768382,0.06277807792093448,6.146039715232003e-05,0.006913337350647693,4.689932281028373e-05,0.006929619703494201
2022-06-17,60,2022-06-17 12:00:00,251,OK,0.010005958590377286,0.06440903054448871,0.03859545759080915,0.048465195129469146,2.188793044570044,3.7923828520463935e-05,3.26822251757126e-05,0.00485689670694564,0.06336410790623986,0.00020717527498479327,0.004949126081608243,0.00019993690793437686,0.004948278481486883
2022-06-17,66,2022-06-17 18:00:00,250,OK,0.029591185404452804,0.07433333333333333,0.020640833476944235,0.02866121296585823,15.543255954778186,0.00016993230629539004,0.00010876157824579159,0.00424285246469363,0.06361756433786482,0.0015125599826581518,0.011085994928411315,0.0015385997118181685,0.010475310850916237
2022-06-17,72,2022-06-18 00:00:00,214,OK,0.049445326746239575,0.06483644859813084,0.003589899742434909,0.08002985957796147,-2.3354316709198812,8.403272336357315e-06,3.0397244345924866e-06,0.0009766188125660046,0.04271094807987154,0.00018346331879867192,0.0025786392052441274,0.00019089971798619837,0.0026421644940354777
2022-06-17,78,2022-06-18 06:00:00,214,OK,0.025971490817023483,0.06736760124610591,1.6394679214800815e-10,0.05014218712101025,3.3943121902237996,2.4984075298983366e-06,5.904022819552719e-07,0.0002876276604807623,0.02508620770600416,7.947784159319274e-06,0.00045452232775961324,4.620208897671385e-06,0.0004493884386929666
2022-06-17,84,2022-06-18 12:00:00,243,OK,0.019072190919370964,0.06069958847736625,1.6703423545405798e-19,0.06257033088779212,-0.28830595918558205,8.358281736281573e-07,8.32258892556551e-07,0.00016673019957772633,0.018487905453843476,2.4694518841136292e-06,0.000239366146730805,1.1947864969689552e-06,0.0002497207185462931
2022-06-17,90,2022-06-18 18:00:00,246,OK,0.013179735651787523,0.032859078590785906,2.2217260172184828e-14,0.058334888143162726,-6.93729770656783,1.323249226636525e-06,4.5794325944071384e-07,0.00012072047620188542,0.012400311774576914,6.464776243650458e-06,0.00013529083540566214,6.782013231940811e-06,0.00013914170514862166
2022-06-17,96,2022-06-19 00:00:00,243,OK,0.00862115586382747,0.012174211248285322,0.005435369726614609,0.052745725784381116,-7.187188350986402,4.84171251458415e-07,3.443702187855396e-07,9.688626511815942e-05,0.007597141888789759,7.280782144192123e-06,0.00013556904351288832,7.714874294667865e-06,0.0001592143441553993
2022-06-17,102,2022-06-19 06:00:00,243,OK,0.005799022248537641,0.00925925925925926,4.904542932973661e-10,0.03560258986288863,19.999999997198675,4.853706223019414e-07,1.278396222643104e-07,4.443609767686919e-05,0.005731428721909883,9.137381717542587e-06,0.0001705608190872621,8.304022285473499e-06,0.00017173617294308636
2022-06-17,108,2022-06-19 12:00:00,243,OK,0.005596741097794369,0.007716049382716049,0.006076571556973336,0.07388195418862842,7.243582941299066,1.635848861120939e-07,1.6125380243339623e-07,4.16029767624009e-05,0.005343762057500418,2.7736242902278033e-08,4.771483229809067e-05,-1.648906414850479e-07,4.3652949908878256e-05
2022-06-17,114,2022-06-19 18:00:00,241,OK,0.004342295078597098,0.0039764868603042874,5.164272541136693e-11,0.06016879790633827,-19.99999999999997,2.277463376510524e-07,1.64877058373217e-07,2.6376211531183323e-05,0.00406215317625648,2.108032704444561e-06,4.19817067631089e-05,2.915708784036057e-06,6.0800836652126865e-05
2022-06-17,120,2022-06-20 00:00:00,278,OK,0.00294209667841701,0.002547961630695444,5.839359405044133e-06,0.043087738807192,-3.6270792511854633,1.4827294645074494e-07,1.4804946786259374e-07,9.061395619960521e-06,0.002516785981408689,2.3401074393185113e-06,3.740669334228528e-05,2.1839986385948985e-06,3.778715200305405e-05
2022-06-17,126,2022-06-20 06:00:00,269,OK,0.0020055810709042853,0.0026332094175960346,4.734891012438438e-09,0.03963439898071076,19.999999999998774,1.8860510750639608e-07,1.5608961921782846e-07,1.0644430641537184e-05,0.002212160439408071,2.4756668359475044e-09,1.1678606385411809e-05,-6.58474590731604e-08,1.1846840450509651e-05
2022-06-17,132,2022-06-20 12:00:00,253,OK,0.0023103466884329964,0.0027997364953886695,3.525110870148448e-07,0.08297320401614362,19.99999999928064,6.000702369784265e-08,4.955762709530512e-08,7.982104165698047e-06,0.002346142531058961,8.053369257340056e-08,1.7401102446532524e-05,2.1919369068719746e-09,1.7345143591553552e-05
2022-06-17,138,2022-06-20 18:00:00,229,OK,0.0016304395158478762,0.002183406113537118,6.919335650699453e-10,0.08945844096502646,-19.999999989718923,9.070336926347464e-08,8.075879370185976e-08,5.9281535380878476e-06,0.0017936448211013152,2.9829376305767852e-09,6.8023240808204575e-06,-2.749668051719266e-08,6.447017054639662e-06
2022-06-17,144,2022-06-21 00:00:00,232,OK,0.000505713325928196,0.0,0.02,0.010933087601611205,19.999976312476388,3.508442400141188e-08,3.490513984461966e-08,5.733742096871109e-06,0.0009249021673554112,8.565507295404408e-08,8.512610813008951e-06,3.086461294383156e-08,8.915858579007688e-06
2022-07-23,24,2022-07-22 00:00:00,124,OK,0.0033596458573592457,0.0060483870967741925,0.002402029785405361,0.1309563217930168,19.99999999999938,5.595272953195883e-07,5.099923194551975e-07,5.7331964581577376e-05,0.004058507946727344,4.253770150113447e-06,0.00036758856992264794,5.281769327022568e-06,0.0004701865115708475
2022-07-23,30,2022-07-22 06:00:00,124,OK,0.0010764220077136664,0.006384408602150536,0.026380708199942253,0.8681893710742131,-19.94493325111115,1.687588881756695e-07,1.6851438307808872e-07,1.2688176130666324e-05,0.0014495275417111956,1.2017760401977658e-07,3.3691856403882577e-06,8.379334663804954e-08,5.603964267436583e-05
2022-07-23,36,2022-07-22 12:00:00,124,OK,0.0001871270524298517,0.007056451612903226,0.0053536592644797204,2.551794216199789e-11,19.9999999999999,5.72189726316442e-07,5.341028705313975e-07,3.339114689097474e-05,0.004257179952893642,1.0567201371852794e-06,0.00010019533686722202,2.6056139369085137e-07,9.548128425595011e-05
2022-07-23,42,2022-07-22 18:00:00,124,OK,0.0005676672318378284,0.008064516129032258,0.049676870719385716,6.058246371940068e-15,19.999999999999996,2.0573953318108693e-05,6.056695204577334e-06,0.00042279465942564337,0.01887042874431421,0.00028305045737933826,0.001826857535339369,0.0002708848983494731,0.001857018399035941
2022-07-23,48,2022-07-23 00:00:00,126,OK,0.0003284795696389795,0.01984126984126984,0.10829639061037644,0.018112292281111744,-3.5431093165127643,1.275098712416893e-05,8.402075837608837e-06,0.0014344998591005378,0.040747226714672805,0.0002684573752380181,0.006676881161735316,0.00020481389200556732,0.006870165282665162
2022-07-23,54,2022-07-23 06:00:00,126,OK,9.740802781838856e-05,0.028769841269841268,0.20652529577139966,0.2947035436308725,-7.718075323392859,2.9191354434514496e-05,1.6025576895635415e-05,0.002186156016497368,0.040747226714672805,0.00040424702817938867,0.004496007892309971,0.00038166419631456707,0.0044188304907684505
2022-07-23,60,2022-07-23 12:00:00,133,OK,0.004301448960779444,0.040726817042606514,0.1417920188614138,0.26009285745826605,-7.943249756506728,3.374328164493552e-05,2.3492644985254575e-05,0.002471835397124284,0.03975292352730668,0.0003273217813285225,0.0030983598112568097,0.0003276417158154925,0.0029873453050709145
2022-07-23,66,2022-07-23 18:00:00,133,OK,0.017958482968148743,0.09116541353383457,0.0019159975087927157,8.74840509517067e-17,-0.018495596924047734,8.050635835719183e-05,8.050559888246013e-05,0.0037909051453675837,0.03975292352730668,0.0013087176856078808,0.020386113279602956,0.0010364117189943546,0.01909872742101313
2022-07-23,72,2022-07-24 00:00:00,134,OK,0.03774482006344005,0.09577114427860696,0.0006345313254862955,0.06798296251669297,-2.286692759979299,6.8288067733366774e-06,4.35457289180197e-06,0.0006202517538740219,0.03464369506897047,0.00012094444048485063,0.002072866082183981,0.0001213737933924929,0.00211589509228667
2022-07-23,78,2022-07-24 06:00:00,131,OK,0.02072933945989062,0.09955470737913485,3.1792998505719232e-27,0.05063437209377292,10.69652665556983,8.237845489001962e-06,2.867922769909073e-07,0.00020734354784343644,0.020550507228523272,8.530832664263104e-05,0.0009284148790265775,7.318922158558768e-05,0.0009008630303262953
2022-07-23,84,2022-07-24 12:00:00,131,OK,0.019867455955678195,0.11736641221374045,0.0009142235924742241,0.10045191716501624,5.899970490512644,1.226516307186554e-06,2.868158324342505e-07,0.00015001043704929046,0.01854559083871768,2.145296531378476e-05,0.0007972730229554554,1.4604314028908655e-05,0.0008057248010611976
2022-07-23,90,2022-07-24 18:00:00,132,OK,0.012330258398610383,0.07386363636363637,0.002972586909295173,0.14520741608039503,8.503911156743785,2.7052609459254443e-07,1.06892585172771e-07,7.16759495692692e-05,0.011865341355102362,3.836130885822377e-06,0.0003063809845197708,1.8207875532338616e-06,0.00030332641104247613
2022-07-23,96,2022-07-25 00:00:00,132,OK,0.006175917714370696,0.06092171717171716,0.005963507525900968,0.23818421744946328,-19.99999996531339,1.8225739308289508e-07,1.5339148039131363e-07,6.234322746942408e-05,0.004808904044345059,7.843464286358823e-07,0.00014629940676364007,-1.1265089231387461e-07,0.00014810669363551015
2022-07-23,102,2022-07-25 06:00:00,132,OK,0.002550299838674088,0.04482323232323232,0.0058332318348602655,0.21813757900388261,-0.11895613800931981,1.5416532730324079e-07,1.5416608339786526e-07,3.9873612122824375e-05,0.0025866686164816646,4.2807783712541986e-13,8.243265714255576e-05,-8.01282604445999e-07,7.530499476648432e-05
2022-07-23,108,2022-07-25 12:00:00,131,OK,0.002606414178439541,0.022264631043257,0.003568478003416735,0.15797776358564916,-19.999999999999996,2.5012060643552946e-07,2.414502493772091e-07,3.788464968521583e-05,0.0025771894989624084,4.673884020154123e-07,6.998462410980076e-05,-4.75232083373726e-08,6.64723874811541e-05
2022-07-23,114,2022-07-25 18:00:00,131,OK,0.001566145221853426,0.024491094147582698,0.00150458439729822,0.10448442586120689,6.768267434597131,2.3784503681741654e-07,2.377530195745304e-07,4.141085179051725e-05,0.0025644293774764533,2.533810250411722e-09,0.00010761587793946237,-1.8663883899202037e-07,0.00010149830458817182
2022-07-23,120,2022-07-26 00:00:00,131,OK,0.0009229411199076034,0.030216284987277353,0.0004889952992464159,0.07944423200112882,-19.977617587137363,1.1595090320715481e-07,1.1403082775548849e-07,1.660602391150157e-05,0.0009811439533036902,1.1112810826381434e-06,1.6194322486431183e-05,6.925454204084242e-07,5.3430762100723235e-05
2022-07-23,126,2022-07-26 06:00:00,128,OK,5.863089339561115e-05,0.041666666666666664,0.0007427065011534021,7.587594969461433e-12,19.9999999931513,1.715592441129246e-07,1.7070498115794579e-07,1.8655761037858627e-05,0.0010086956516539905,9.310577271898605e-07,3.28565169250773e-05,3.8659265824256337e-07,4.355900029935781e-05
2022-07-23,132,2022-07-26 12:00:00,130,OK,0.00017788499112680376,0.047435897435897434,0.0009601706478922113,4.4280753458938043e-14,19.999999999999996,2.3480360832320302e-07,2.0013926695008703e-07,4.4753192359162944e-05,0.002431872678221145,1.4319459410122262e-07,5.030660820441783e-05,-2.229334664033821e-07,3.748566212386501e-05
2022-07-23,138,2022-07-26 18:00:00,131,OK,0.00047027041893827427,0.03816793893129771,0.0011527143489759323,3.134326274183372e-11,7.74033126817389,4.153872443003058e-07,4.128439095977025e-07,7.194464530660187e-05,0.0032915019166285253,1.4089205613969587e-06,0.00011314090330114256,-1.2953869063278207e-07,8.028533000787546e-05
2022-07-23,144,2022-07-27 00:00:00,131,OK,0.00021559499531770683,0.03848600508905853,0.0037545627876345447,0.096626072326425,-19.999996956965376,6.478999967586138e-07,6.36367908629146e-07,7.750226251707026e-05,0.0032915019166285253,5.70953350159036e-06,0.00012905057349465305,3.3573516904715997e-06,0.00010108817077982774
2024-01-09,24,2024-01-08 00:00:00,103,OK,0.00032495874574420595,0.04813915857605178,0.0014423716088451401,0.6602780690976314,19.999974227299706,3.0304888986069756e-08,3.03040282116465e-08,2.005911422429731e-06,0.0004930075095774798,8.558817473319791e-11,6.640535006382896e-07,-3.635743637803688e-08,9.482728684102323e-06
2024-01-09,30,2024-01-08 06:00:00,103,OK,3.971102814467552e-05,0.10194174757281553,0.00045977076119087517,1.8450200972719872e-13,19.99999999999656,4.828038523481096e-08,4.577490493844644e-08,5.9385462773918985e-06,0.0016155586272242862,3.02272418416893e-09,1.6197008825892715e-05,-2.129183989305307e-08,1.8116165461480963e-05
2024-01-09,36,2024-01-08 12:00:00,103,OK,0.0002759199505984745,0.2317961165048544,0.0048885496113437125,0.9999999999986778,19.999999999999996,2.3460235173130495e-07,2.0838704152230764e-07,2.713253604146773e-05,0.005042554784367032,2.9397853380630516e-06,6.615492943296492e-05,3.2397853657074454e-06,7.132675255921174e-05
2024-01-09,42,2024-01-08 18:00:00,103,OK,0.00010587767711822197,0.45469255663430425,0.0013069797255073807,8.577837106916658e-15,13.055692966176418,2.5493239898719226e-06,9.97229580451927e-07,0.00042806432317992697,0.01742489466588909,2.320186731767615e-06,0.0002410312765709641,4.814936219249891e-07,0.0002597035430347685
2024-01-09,48,2024-01-09 00:00:00,103,OK,0.0004242319729979194,0.6468446601941747,0.0016966194690921077,1.6943528389394513e-18,2.9262749019821697,4.703099161345609e-06,2.0647723189865065e-06,0.001291848794768574,0.030365727511943028,5.1971909755949915e-06,0.0017333253048495774,-5.432865040545848e-06,0.001532266426971343
2024-01-09,54,2024-01-09 06:00:00,103,OK,0.0016155586272242862,0.7855987055016181,0.0031718085579265872,0.11715023015038471,19.999999999901544,1.5901270392580463e-05,1.420615886101096e-05,0.0016677001166169457,0.030365727511943028,1.7361402224570382e-06,0.0013754302424573484,8.926225897483414e-05,0.0021496280359838854
2024-01-09,60,2024-01-09 12:00:00,103,OK,0.005042554784367033,0.7981391585760518,0.005410706861796264,0.22930079990535224,15.237291805364585,1.46534752844175e-05,1.1702530666072165e-05,0.0018168380157588249,0.030365727511943028,0.00010170301172300208,0.0019078305734336104,4.7805044448538926e-05,0.001885136106177742
2024-01-09,66,2024-01-09 18:00:00,103,OK,0.017424894665889094,0.6678802588996763,0.008305037041706743,0.3428689870179335,9.436174373461276,1.5165177404572613e-05,1.2966525439663915e-05,0.0014282553623453373,0.030365727511943028,8.767161404328525e-05,0.0024364928086465674,0.00012066078346476615,0.003018296590345119
2024-01-09,72,2024-01-10 00:00:00,103,OK,0.02896890161193443,0.4672330097087378,0.00519992050552295,0.2854653935460337,-1.779711080924577,2.4559343996966177e-06,2.277101273542971e-06,0.0005879345371985356,0.02407544597595273,5.291901327796577e-06,0.0003819608007403165,3.9980542477175255e-06,0.0004006196619168043
2024-01-09,78,2024-01-10 06:00:00,103,OK,0.014130340597127894,0.27063106796116504,0.005001531056969136,0.25696155767215656,16.21795682307891,1.9760879135151473e-06,5.509699741705116e-07,0.0002545900055761256,0.013994729197955831,3.579200087682319e-05,0.0009977514366874079,2.4477303309135637e-05,0.0008999632207085207
2024-01-09,84,2024-01-10 12:00:00,103,OK,0.012803645166507944,0.127831715210356,0.0026392407764386926,0.21903625740663935,6.160401388904324,6.696783916452123e-07,6.223604994712866e-07,0.0001128257616010664,0.012462749251636254,1.0871666162566395e-06,0.00011942075409459796,-1.2445447175910947e-07,0.00010559214289709528
2024-01-09,90,2024-01-10 18:00:00,103,OK,0.008265666514397132,0.03317152103559871,0.006783539972647651,0.35235501125789764,-19.999999999999996,6.7803949335459e-07,5.926900501328065e-07,4.5019283161354347e-05,0.007178348177656928,2.211889685149796e-06,0.00011442526910960403,2.8581515132701554e-06,0.0001553243728175889
2024-01-09,96,2024-01-11 00:00:00,103,OK,0.0015721306829119639,0.014967637540453072,0.001578177199747171,0.034095420758515245,-19.991209882116088,1.9124116934177694e-07,1.8111015290643823e-07,2.7745769334152912e-05,0.0016871193995906684,3.7872915698346027e-06,6.590734882962773e-05,2.747256507406675e-06,8.264490673703064e-05
2024-01-09,102,2024-01-11 06:00:00,103,OK,0.0008282031331607353,0.016990291262135918,2.1466806133263476e-05,0.0002890128451615011,0.6993007372242834,2.4030528098298633e-07,2.3974138025476907e-07,3.125083159314495e-05,0.0016871193995906684,3.8034086354169007e-06,0.00022430316453140382,1.0723833501153818e-06,0.00012667011145132994
2024-01-09,108,2024-01-11 12:00:00,103,OK,0.001250573718697133,0.02710355987055016,0.0007597202656501457,0.07197469377557789,19.999999999999996,1.3611654687514409e-07,1.2578998362566037e-07,7.067154365432352e-06,0.0016871193995906684,2.4763511479938814e-06,6.164430015641151e-05,1.3284723427649263e-06,4.0567569654980074e-05
2024-01-09,114,2024-01-11 18:00:00,103,OK,0.0012281599400063377,0.0663430420711974,0.004156526416827801,0.1870174237169887,-19.99999999999966,4.6406413496101357e-07,4.530791558967741e-07,6.531380616763489e-05,0.004334196740886041,8.932788454728433e-07,0.0002653895435135706,-7.311611373632815e-07,0.00018693289434695395
2024-01-09,120,2024-01-12 00:00:00,103,OK,0.0009962466378319029,0.2224919093851133,0.006302080788578124,0.7260707175937694,-19.99999979284448,6.874177670135213e-07,6.338507047462325e-07,0.00022587095575965122,0.007205607939615632,2.3593120725395436e-06,0.00029299266935391805,-2.4217549219388366e-06,0.000296589908661416
2024-01-09,126,2024-01-12 06:00:00,103,OK,0.00017370973762393621,0.38106796116504854,0.004612912134731501,0.47598252857808354,-19.999999999999996,7.229288015065475e-07,6.69279152614609e-07,0.0007264919718269905,0.007702304312766755,1.670907631897869e-06,0.00029043328227530924,-2.0627416205959723e-07,0.00033379257202268575
2024-01-09,132,2024-01-12 12:00:00,103,OK,0.00011254874430407265,0.45145631067961167,0.0024284615570878765,0.19910850911280886,-19.999999975487963,1.5242099969902656e-06,1.198818004862936e-06,0.0012563626538706588,0.007702304312766755,1.4181780457942016e-05,0.000212213805694535,1.5822107341934297e-05,0.002080923763352928
2024-01-09,138,2024-01-12 18:00:00,103,OK,0.002409773000563386,0.5805016181229773,0.0017252347335049182,0.13317253584344663,-19.999999999999996,6.741916990952821e-07,4.2834564287998307e-07,0.0017720725361024588,0.007702304312766755,1.122057396950296e-05,0.00033372707675961925,8.530924604536468e-06,0.0018620726840406065
2024-01-09,144,2024-01-13 00:00:00,103,OK,0.005844100234373012,0.4979773462783172,0.0017920027615126871,0.14415292514042755,-19.999994519311468,7.40439598682949e-07,6.001620348808321e-07,0.0017361085259740914,0.00817693183318017,4.145175241036485e-06,0.000468884377884912,3.6917433695567046e-06,0.00033183773152118523
2024-01-12,24,2024-01-11 00:00:00,183,OK,0.003045670858328194,0.06397996357012752,0.0011732352537973812,0.0852012526278928,-19.99990723718746,1.9734081216010633e-07,1.7189717771163145e-07,3.203975557740913e-05,0.002676583468429712,2.220474391629888e-06,3.971936239809328e-05,3.1408478526139613e-06,0.00013458078232106983
2024-01-12,30,2024-01-11 06:00:00,183,OK,0.0014584264883767978,0.0999544626593807,3.9790597789268274e-10,0.010995603560716046,19.99999999858919,2.260471882670048e-07,2.190827342665442e-07,3.967330315695778e-05,0.00236536346995446,1.944027302192808e-06,0.00012988924213270872,2.1401360101224242e-06,0.00018423531597907633
2024-01-12,36,2024-01-11 12:00:00,183,OK,0.0015813354824374883,0.18214936247723132,0.0012820851120765953,0.12360698555920172,19.999993938262048,3.214967463685501e-07,3.198037441390203e-07,4.869317573836265e-05,0.0036948777501634215,4.254417844628467e-08,0.00016703514131301134,1.8071933495165948e-07,0.00017429742900144173
2024-01-12,42,2024-01-11 18:00:00,183,OK,0.0022943435480224485,0.3310564663023679,0.0037321564366703986,0.23140993500731796,19.9999999998419,2.2835337853855303e-06,1.4389994448921963e-06,0.00023776454486518946,0.012359705720711016,2.9734218101822847e-05,0.0006625465964577621,3.17403734381688e-05,0.0007005698567973867
2024-01-12,48,2024-01-12 00:00:00,183,OK,0.001047434991732551,0.5521402550091075,0.0015372473153006702,5.5249136417271165e-15,4.987422963848842,3.6088800093825845e-06,2.8733509028115167e-06,0.0009301147592690653,0.023178204096044954,4.963492623214166e-08,0.0005564343172385671,3.4867125529101507e-06,0.0008132065259500781
2024-01-12,54,2024-01-12 06:00:00,183,OK,0.0016376782636217605,0.6791894353369763,0.002439517750225203,0.06549667866913639,19.99999999999997,3.80153057306171e-06,3.4002080263069586e-06,0.001797030300347218,0.023178204096044954,4.393062202173191e-06,0.002916654761536176,-9.320150442401452e-06,0.0031041938901517855
2024-01-12,60,2024-01-12 12:00:00,183,OK,0.00369487775016342,0.7445355191256832,0.003221680610242886,0.10157941907056468,5.380120791452989,3.0202843027541127e-06,2.941613464948554e-06,0.0025151472208974316,0.023178204096044954,3.846744604790593e-06,0.001951131750291292,-1.0252202891336825e-05,0.0019098631518707381
2024-01-12,66,2024-01-12 18:00:00,183,OK,0.012359705720711007,0.7083333333333334,0.0035019574590590048,0.10886697402532433,-1.6767015004602663,2.5057439069480186e-06,2.4969149429886793e-06,0.0027385993853100573,0.023178204096044954,2.41028631720435e-07,0.002343042427672893,-5.6578909994117e-07,0.0016865693324297846
2024-01-12,72,2024-01-13 00:00:00,183,OK,0.021443576976087314,0.5840163934426229,0.015609140052457993,0.49280061966067223,16.231321182219855,4.706122160688244e-06,9.939481294874134e-07,0.002653916400921321,0.02303537344582199,3.848034339050635e-06,0.0008424408726759173,1.8232254710135556e-05,0.0014985190043620192
2024-01-12,78,2024-01-13 06:00:00,192,OK,0.021458082379690033,0.48263888888888884,0.02714546472209582,0.7623890135856396,13.91074457925051,3.742075981890124e-06,2.689505577817889e-06,0.0029027206818458984,0.02416941545938785,6.531620374217683e-06,0.001334576294044461,-1.006727332983636e-06,0.001379809079397793
2024-01-12,84,2024-01-13 12:00:00,192,OK,0.02416941545938786,0.4014756944444444,0.007438051371082277,0.2574657462629799,7.006292338341886,4.049714846293147e-06,2.580767060650954e-06,0.0015298565658730362,0.02362204909326154,3.322685869583611e-05,0.0017594043959153376,1.8570558755467554e-05,0.0016843343028213505
2024-01-12,90,2024-01-13 18:00:00,192,OK,0.02060287825208392,0.35959201388888884,0.0022672299029406887,0.14732531308013574,-6.461167894257204,2.2603914559431763e-06,1.4943278861143818e-06,0.0005680515235431724,0.018546093666936363,1.6674150480780736e-05,0.0006819134397138015,2.1856173264250964e-05,0.0008850065784264116
2024-01-12,96,2024-01-14 00:00:00,192,OK,0.009946200304422656,0.30425347222222215,2.7178479042968735e-12,0.039370876032432105,6.86753354105098,1.0308469765410735e-06,8.991587770413899e-07,0.00022386704110089305,0.009665642769021461,2.3263378604089413e-06,0.00012359515700510222,2.4311176215030696e-06,0.00013716582846171895
2024-01-12,102,2024-01-14 06:00:00,192,OK,0.00720250694829426,0.2528211805555555,2.452186861207912e-12,0.04120688278130281,19.999999999997186,1.4301043721676524e-06,7.832058299245037e-07,0.00017953872691346345,0.009665642769021461,1.8262102290571977e-05,0.00046341302745251214,1.8319194838201283e-05,0.0005475570533956651
2024-01-12,108,2024-01-14 12:00:00,192,OK,0.006237336975274206,0.18185763888888887,8.32197199876908e-05,0.06520386343018311,4.83351348369195,1.0729411853160288e-07,9.617168848763863e-08,5.412874598892612e-05,0.00633118940589868,9.140470359166216e-07,0.00010142301208656486,5.154480773222321e-07,9.107723680376113e-05
2024-01-12,114,2024-01-14 18:00:00,192,OK,0.004125068453959016,0.0935329861111111,4.0552022101066805e-15,0.04730483382271713,-19.999809779726828,2.0800480141367446e-07,1.330615682976899e-07,2.8959689696208817e-05,0.004059748319774978,3.4565332908872807e-06,9.596489066265427e-05,4.1652403146338024e-06,0.00011656256234355853
2024-01-12,120,2024-01-15 00:00:00,192,OK,0.0029466201223694566,0.06488715277777778,9.274554523271578e-05,0.03824542673318898,-18.724206490440825,2.0204252862909594e-07,1.714540341034158e-07,3.045788850444166e-05,0.0026893067251520797,3.6363530769155724e-06,0.00011127336220709146,4.07683338189843e-06,0.0001329168638817137
2024-01-12,126,2024-01-15 06:00:00,192,OK,0.0018209818141603645,0.08702256944444446,1.3380863253212835e-10,0.02150787856052271,19.999999997344908,1.9640091138287671e-07,1.7691020824469927e-07,2.588524698873547e-05,0.0024593906096182796,1.365687319896443e-07,2.6672215733365415e-05,-1.4330186872827911e-08,3.1692649498217207e-05
2024-01-12,132,2024-01-15 12:00:00,192,OK,0.0017030147592825018,0.09092881944444443,3.887619088671106e-17,0.03767403062648678,19.999999999911868,1.698228226790854e-07,1.55141130407193e-07,2.3523102071674065e-05,0.0024593906096182796,7.655140256207482e-09,1.1619048964933765e-05,-4.606868503282988e-08,1.6965709258856088e-05
2024-01-12,138,2024-01-15 18:00:00,192,OK,0.0019252151438606156,0.09613715277777779,0.0008286288616543439,0.1537964648452828,-19.999999999999755,7.949579142813367e-08,7.196044678968898e-08,1.693743186483547e-05,0.0021585162938815724,5.408277898517178e-07,3.367623036253228e-05,4.614858696274939e-07,3.659452345801755e-05
2024-01-12,144,2024-01-16 00:00:00,192,OK,0.000725564446890605,0.09331597222222221,7.827718393042902e-05,0.01150995171095771,0.7580980134727895,1.477774549143187e-08,1.4778763094889551e-08,1.0447841138845403e-05,0.0010109798188039658,4.014560738853421e-09,5.2913823765318694e-05,-6.292571265818451e-08,3.9562926597600404e-05
2024-05-08,24,2024-05-07 00:00:00,118,OK,0.0006073085690024187,0.1786723163841808,0.00017212949201772689,1.1392974305396604e-16,19.999999978077312,1.785890213967549e-06,1.7681962772927645e-06,7.481210100757176e-05,0.004706776919906798,2.20946701910051e-06,4.892276719642152e-05,3.16748368067801e-06,0.00011495725289097599
2024-05-08,30,2024-05-07 06:00:00,118,OK,0.0019882377499132516,0.17478813559322035,0.0002762718007086373,2.034806964962627e-15,19.99999999946026,3.859262174146742e-06,3.136227442667739e-06,0.00038748340695186727,0.006804472253179187,2.5653029132603553e-05,0.001202128119059786,1.5916956476570037e-05,0.001570029770623939
2024-05-08,36,2024-05-07 12:00:00,118,OK,0.0022202168060296247,0.18043785310734464,0.008194028842731274,0.9999999999999994,15.014116766449746,1.9185849017701714e-05,3.4410505818021925e-06,0.0004258194240735697,0.009070230840942444,0.00018301974092554103,0.0025740217174475624,0.00015528204251989618,0.0026396423099092625
2024-05-08,42,2024-05-07 18:00:00,118,OK,0.00041544616248629317,0.1483050847457627,0.002441625866653001,1.2132370414216533e-16,1.2368531164462386,3.755028140920208e-06,3.7121419853849444e-06,0.0005923134545753288,0.009200771343641848,5.489777507527063e-05,0.0014930881715325653,3.736448118350431e-05,0.0015054809053937947
2024-05-08,48,2024-05-08 00:00:00,118,OK,0.0007863918374214773,0.13559322033898305,0.011072427364369777,0.16353263784778077,-19.999999999999094,1.0148551912379517e-05,9.218386916834894e-06,0.0008229115803142431,0.01688460551824917,5.3421682439227284e-06,0.001953967087837964,-2.1832609677871756e-06,0.0018910537662429603
2024-05-08,54,2024-05-08 06:00:00,118,OK,0.006804472253179187,0.1641949152542373,0.003148122139781209,0.024686801022025133,6.120763752067045,6.224570748911864e-06,5.9488492950322486e-06,0.0006648591340932698,0.01884238441019402,6.956792149711012e-06,0.001391897479943596,-6.5201936429725e-06,0.0012942158738019126
2024-05-08,60,2024-05-08 12:00:00,118,OK,0.006801396084619517,0.17337570621468923,0.006828945710434231,0.10239497792608138,-6.644290991085167,9.58841915709825e-06,9.056773779014362e-06,0.0007568710685883343,0.01884238441019402,2.788530964128592e-05,0.001407346396616182,3.3148262292188906e-05,0.001310485422024784
2024-05-08,66,2024-05-08 18:00:00,118,OK,0.006791772260163374,0.1917372881355932,0.008104678872802492,0.14315063826391808,-11.289833001687168,1.460887613593344e-05,1.4129764568145016e-05,0.0007477745275754148,0.01884238441019402,3.421148308004133e-05,0.0007382594548695845,7.203706359083103e-05,0.0010043050757853954
2024-05-08,72,2024-05-09 00:00:00,118,OK,0.016884605518249166,0.18855932203389827,2.1623824518453912e-07,0.06624907331529722,0.014189959602874672,1.0250512308579496e-06,1.025009804887295e-06,0.0004699507897018185,0.01884238441019402,2.190532218296601e-06,0.0011122487265927306,-5.700936081821244e-06,0.0011154810035243986
2024-05-08,78,2024-05-09 06:00:00,118,OK,0.010633352159204733,0.15112994350282485,7.144076970036754e-10,0.06551576735171963,10.845510999484612,7.488786223286265e-07,2.519730547831445e-07,0.00019915008462238586,0.010694299379704132,5.481137876811064e-06,0.0006514119691895528,-4.623365815485296e-06,0.0007272533332055853
2024-05-08,84,2024-05-09 12:00:00,118,OK,0.008038241095989372,0.10875706214689267,4.614802608301496e-08,0.0849441110433022,3.0452750619342885,2.0280474603534864e-07,1.9316821337979833e-07,5.7983477255256586e-05,0.00815212280588829,4.324887783345277e-07,0.0001976688602267194,-1.4530030481934902e-06,0.00017459205472854702
2024-05-08,90,2024-05-09 18:00:00,118,OK,0.0048107742657661256,0.06567796610169492,9.105515101823333e-14,0.08295802778286097,-19.99999996062739,1.9003565292668936e-07,1.256584027593835e-07,2.3020846459321153e-05,0.004930242231853812,1.4012581859705925e-06,4.324787177090729e-05,1.3431633218570501e-06,5.0085713608044285e-05
2024-05-08,96,2024-05-10 00:00:00,118,OK,0.0024521135307111214,0.02824858757062147,0.0014403451642529866,0.06394416923060678,-19.999982436706837,1.720010602231863e-07,1.581560185386253e-07,2.4982052873691362e-05,0.0023629597200440513,7.049142972285619e-07,5.6189211118097e-05,4.184862439727921e-07,6.35170638434681e-05
2024-05-08,102,2024-05-10 06:00:00,118,OK,0.001308694008350614,0.02365819209039548,4.490619890501608e-05,0.015125527308638968,19.99999980752512,1.93910474732278e-07,1.9053761180433905e-07,3.1623234676340845e-05,0.0023629597200440513,7.798081723506622e-07,5.179180124142894e-05,1.044640200514043e-06,9.134414091028882e-05
2024-05-08,108,2024-05-10 12:00:00,118,OK,0.0011525787038382748,0.026129943502824857,0.0022168128000296457,0.09858513809873454,19.999999999999577,1.2559805177809985e-07,1.2415234787114144e-07,1.7873744938992057e-05,0.0023629597200440513,1.251941055912333e-07,1.5058588902926944e-05,-4.503437649878998e-08,1.9091324965295213e-05
2024-05-08,114,2024-05-10 18:00:00,118,OK,0.0009747376444675229,0.04343220338983051,0.0006028000542770254,0.055848938089558216,19.99999999986168,1.5775498724744374e-07,1.5428027303985008e-07,1.7983457182892547e-05,0.0023629597200440513,5.3724347092493e-07,4.580264992195514e-05,-2.2967382948205546e-08,4.443777676779199e-05
2024-05-08,120,2024-05-11 00:00:00,118,OK,0.0007922047791137864,0.059322033898305086,0.00033364289612952024,0.055687365099516245,19.999999999722256,5.715879247346443e-08,5.7007102112931596e-08,8.778907875391743e-06,0.0014014030784933657,1.3573458374261078e-08,2.1155242755658308e-05,-1.6631783927799385e-07,1.8285264984662443e-05
2024-05-08,126,2024-05-11 06:00:00,118,OK,0.000361098564105432,0.059322033898305086,0.00020065724065289003,0.024506896318806422,-19.999999360802004,3.357963859859521e-08,3.317873363547498e-08,4.855006872487392e-06,0.0008410527011685571,1.570177110784187e-07,7.130436993095928e-06,2.236068788378727e-07,1.5436376210526645e-05
2024-05-08,132,2024-05-11 12:00:00,118,OK,0.00046284427406670007,0.0568502824858757,0.0003596961383569789,0.08088207678868618,19.99999999999392,2.3007206716386276e-08,2.295082782331295e-08,5.688155562400495e-06,0.0008410527011685571,6.237585494311736e-09,2.6315923354911107e-06,-6.781140868215646e-08,7.591139830834483e-06
2024-05-08,138,2024-05-11 18:00:00,118,OK,0.0003044403803189842,0.028954802259887006,0.00048487918946245074,0.04607212121492938,-19.90062511540167,5.494662878759733e-08,5.431547431781261e-08,8.112552529830118e-06,0.0011714067312328694,4.7093788445476644e-07,2.4063154677445165e-05,4.816816712903664e-07,2.8791457647408457e-05
2024-05-08,144,2024-05-12 00:00:00,118,OK,0.00041927634988458,0.00035310734463276836,0.039094556107802575,0.06309298666839082,-19.889174640919233,3.145537181174109e-08,3.1319871204845674e-08,6.396717361242335e-06,0.0011714067312328694,5.6844118663843643e-08,4.8282542700526485e-06,-6.608106864510353e-08,1.2335573254928923e-05
2024-05-26,36,2024-05-25 12:00:00,207,OK,0.0005505117359013771,0.036835748792270535,0.03171564830572113,0.1712710664510483,19.999999998880256,2.128016019478094e-06,1.3274110705065095e-06,0.0009141196078502612,0.017055736761858575,1.6066109374778496e-05,0.0021984961766942984,-1.14215595794427e-06,0.0015271607218596277
2024-05-26,42,2024-05-25 18:00:00,207,OK,0.00022594279335052088,0.08313204508856684,0.031137955501191705,1.6725178045618544e-14,2.57522952079387,2.950666449987556e-05,1.8425198149225737e-05,0.0045220540071394056,0.06275829507571357,2.875908916257211e-08,0.005781193315485826,-2.7791530474603696e-05,0.005839411584917297
2024-05-26,48,2024-05-26 00:00:00,207,OK,0.0003941312600041429,0.14392109500805153,0.0376981717576601,0.058306800740282785,-0.8693191739683844,4.72464742812354e-05,3.814367323105872e-05,0.008683473780620912,0.08469995187313692,0.0009168353240298206,0.018288553018849373,0.0006941210343756546,0.01826904779379998
2024-05-26,54,2024-05-26 06:00:00,207,OK,0.004883374376621274,0.18599033816425123,0.04190990964459452,0.08233120836155915,-0.834578287528364,5.111593848620832e-05,4.077853497981465e-05,0.012838872167662168,0.08685887974455624,0.0008386277672983458,0.021863255797213915,0.0006258567612172732,0.020234480400676453
2024-05-26,60,2024-05-26 12:00:00,207,OK,0.017055736761858578,0.20591787439613526,0.04924443782272384,0.10479981415229722,-1.0769821065691358,6.626428522679962e-05,5.638497633599928e-05,0.014152150741222379,0.08685887974455624,0.0011135552648469593,0.02379026353421468,0.0009146370125442552,0.021316867097338658
2024-05-26,66,2024-05-26 18:00:00,207,OK,0.06275829507571361,0.2127616747181965,0.030861732693385584,0.0737221721930185,9.24518900285873,7.23440719997576e-05,2.5653681661154216e-05,0.010542565978370647,0.08685887974455624,0.000253897573595204,0.006199796670677999,0.000787360566825751,0.00782029348560274
2024-05-26,72,2024-05-27 00:00:00,207,OK,0.08469995187313685,0.20048309178743962,3.404868621450261e-22,0.019259243064078713,2.2229785258750856,6.301689075127466e-05,6.206422869828311e-06,0.005580312033132472,0.08685887974455624,0.0001305762107185907,0.005460564235350156,8.468893119561502e-05,0.005322738810912546
2024-05-26,78,2024-05-27 06:00:00,207,OK,0.08685887974455621,0.15318035426731078,5.110564929425912e-15,0.03714140040701208,0.8791909391057681,2.181988407136504e-05,5.943006219278802e-06,0.0022293834134327344,0.08516148097549045,0.00036438891233586375,0.005390553494144341,0.00030139653325031077,0.0054221460064812045
2024-05-26,84,2024-05-27 12:00:00,207,OK,0.07682106867778397,0.10789049919484701,1.5040827219997857e-21,0.04551344751459899,-0.5872596919069272,1.2680676933161275e-05,8.726832704125316e-06,0.0014428513436789622,0.07528731105343929,4.9492292210316485e-06,0.0017565946018326742,-8.638978805690107e-06,0.0017589968953646948
2024-05-26,90,2024-05-27 18:00:00,207,OK,0.05755428657346438,0.08232689210950081,4.240791943956897e-19,0.0365078198310112,-0.8770463482345281,2.1696540522446043e-05,1.0843559527224137e-05,0.000832448667248078,0.055150750502462945,0.00020180548155538573,0.0014544588910068359,0.00020815090355474263,0.0015084536283965031
2024-05-26,96,2024-05-28 00:00:00,207,OK,0.04102673385656085,0.03804347826086956,2.475146738907313e-17,0.02428416672515402,0.6245665613101166,7.203050975991893e-06,7.016817784068577e-06,0.000609669154746148,0.037938651959294,7.558075094424233e-06,0.0006536760537175501,3.779645103971512e-06,0.000651983689126503
2024-05-26,102,2024-05-28 06:00:00,207,OK,0.03256850506107932,0.03804347826086957,2.4824871926317846e-11,0.027282869593443736,6.891171572798534,2.1079685192785176e-05,3.0067047323160193e-06,0.00045110806369073403,0.03421062376649883,0.0004146027034213273,0.0025689315757646573,0.0003963380677721103,0.002555621623494531
2024-05-26,108,2024-05-28 12:00:00,207,OK,0.03419990170698185,0.03804347826086956,0.00742121795559171,0.06799701901328167,-3.15794105059877,3.3612345069379993e-06,3.100276041359825e-06,0.00047796348088796566,0.03421062376649883,3.793915957589428e-06,0.0001730299367977004,4.111908404931727e-06,0.00020104922574635227
2024-05-26,114,2024-05-28 18:00:00,207,OK,0.02742306058128894,0.03884863123993559,0.005277627389810423,0.06439383315479665,-3.455870788516734,4.474272499346085e-06,2.4189538060655565e-06,0.00035985806359793904,0.025973221016475107,5.415483303226518e-05,0.001291566741686914,5.046530011332412e-05,0.001367591610090527
2024-05-26,120,2024-05-29 00:00:00,207,OK,0.01660491641004788,0.056159420289855065,0.0005448349073577259,0.038999591408289604,-3.059637383481354,1.7682506072545975e-06,1.4189370487507547e-06,0.00013606602174737547,0.01506792387540264,2.3091359660414945e-05,0.0002835234119101933,2.2779355538401888e-05,0.00029058202525607404
2024-05-26,126,2024-05-29 06:00:00,207,OK,0.011440608812699095,0.05636070853462157,5.446451217900949e-12,0.029902799363443384,16.02402189480401,1.7888762690812808e-06,2.922556563074079e-07,6.548199048072885e-05,0.011441275306092989,2.1066135337511476e-05,0.0002639366559338497,1.9688501214214587e-05,0.00026183938434183623
2024-05-26,132,2024-05-29 12:00:00,207,OK,0.01125512270487948,0.056159420289855065,4.7473478057524405e-07,0.047533992563110694,2.425051320563246,6.040776102275995e-07,5.684626248733496e-07,7.430776796455595e-05,0.011106453495962468,2.1594301451508896e-06,9.069453417904957e-05,1.2540485792720324e-06,9.850798039036882e-05
2024-05-26,138,2024-05-29 18:00:00,207,OK,0.00894853822572507,0.026972624798711754,5.213335797087517e-14,0.04320578190504916,-7.046239724738287,1.378197676881787e-06,9.207714532589343e-07,9.586357719443583e-05,0.008848829216207589,1.7297485489240637e-05,0.0002784445664406255,1.8306060234244815e-05,0.00030663986607637976
2024-05-26,144,2024-05-30 00:00:00,207,OK,0.005456539594762384,0.0036231884057971015,2.1838984283576455e-07,0.017700174921698692,-2.914457887906692,5.022283138680645e-07,5.019610367504511e-07,6.697451248511217e-05,0.005859776735731842,4.130544617955663e-06,0.0001231256844110971,3.759768244828351e-06,0.00012682519260726752
2024-06-26,24,2024-06-25 00:00:00,99,OK,0.002610280410536375,0.02356902356902357,0.004262202482405751,0.2455512108616915,19.999999999994,1.5796718039093185e-07,1.5370506208451885e-07,1.4858493813775377e-05,0.002167078576109196,2.281260416309732e-07,5.287367423873723e-05,1.0446474956637038e-06,3.474213330512092e-05
2024-06-26,30,2024-06-25 06:00:00,99,OK,0.0002523579587919247,0.030303030303030304,0.003431281075493884,1.7593230024409535e-11,19.99999999998645,1.2717240696036205e-06,9.357516171875943e-07,9.39354589094448e-05,0.005383427675408751,8.942121835046121e-09,0.00013886032094600567,-2.4876522167934827e-07,0.00015211380853168136
2024-06-26,36,2024-06-25 12:00:00,99,OK,0.0004386859324913648,0.05092592592592593,0.0346280613789896,0.8999575940178074,-19.99999999999174,2.1185905524510344e-06,2.096669277186272e-06,0.0001652814910528946,0.005383427675408751,1.0931585890112837e-06,4.551393208108944e-05,2.2897492087518405e-06,7.577644930478216e-05
2024-06-26,42,2024-06-25 18:00:00,99,OK,0.0007050726282964501,0.06102693602693602,0.005599342218033825,9.649417115096941e-12,19.99999999999999,4.872323964791806e-06,2.5766591274746687e-06,0.00043285945102157383,0.015636680259277818,1.7019871503764697e-06,0.0014215608871575582,-9.728285383799148e-06,0.001505287964669866
2024-06-26,48,2024-06-26 00:00:00,99,OK,0.0003404715119011184,0.08207070707070707,0.009384395984825517,5.3711233018398715e-12,5.055730069472257,8.388396672433263e-06,6.175085615719735e-06,0.0009012044395873458,0.023796920144662247,1.6695239518863806e-06,0.0034488086624841945,-3.939960518119656e-05,0.0033926794843012467
2024-06-26,54,2024-06-26 06:00:00,99,OK,0.00538342767540875,0.10816498316498317,0.005330696469437496,2.2822637546152483e-15,-0.1203752753568157,1.9950802060622823e-05,1.9948271271184395e-05,0.001536694335852417,0.023796920144662247,0.00010864001095621765,0.002907013384819566,5.853865945712824e-05,0.0035064594932515563
2024-06-26,60,2024-06-26 12:00:00,99,OK,0.0029039227636583004,0.09006734006734007,0.028288782397646938,0.17535340468468413,-9.609607427269548,1.6056328822419055e-05,1.2594287339115236e-05,0.001474463773211975,0.023796920144662247,0.00013315081735638376,0.002762891895105792,7.786719025319847e-05,0.0027838496819183344
2024-06-26,66,2024-06-26 18:00:00,99,OK,0.015636680259277818,0.07154882154882154,0.006668595709754487,0.05005007345192638,2.736161314825541,9.342825814313562e-06,9.33952441609608e-06,0.0017172887160218492,0.023796920144662247,3.662107384490647e-08,0.00013572332860554956,9.148925426239503e-06,0.001067239287600242
2024-06-26,72,2024-06-27 00:00:00,99,OK,0.023796920144662236,0.04545454545454545,2.2438784602611625e-21,0.05648834912253835,-4.842750117880618,1.1739827700705242e-05,1.0147678932129473e-05,0.0004983710949932758,0.02156810146899559,3.354054483397598e-05,0.0016567718639306627,1.524885753831535e-05,0.0016661835530569573
2024-06-26,78,2024-06-27 06:00:00,99,OK,0.017750589630547747,0.015151515151515152,3.65561421116704e-12,0.06174272162388246,3.4837946424614503,1.0447521426754357e-06,6.687106021043275e-07,8.632817108674574e-05,0.016138712590396176,1.1798484409725514e-05,0.00036895795942276015,7.350722366812309e-06,0.0003729565149813267
2024-06-26,84,2024-06-27 12:00:00,99,OK,0.013070635478533824,0.0281986531986532,0.00040553394758955274,0.0721098065479598,11.335180177537936,6.765662232103218e-07,2.0740929939798285e-07,7.796278584519654e-05,0.011781347675852542,1.0692379392270284e-05,0.0002135356698126243,6.746230650338091e-06,0.00020730675418974392
2024-06-26,90,2024-06-27 18:00:00,99,OK,0.009861320313500377,0.05345117845117845,0.0032298371817551796,0.11113410935326377,-0.8650897700223399,2.654600170972469e-07,2.650052681034793e-07,6.778872724693288e-05,0.008910196136502322,1.0335072251355177e-08,6.993037547605814e-05,-1.4544876962075652e-07,7.826195310141291e-05
2024-06-26,96,2024-06-28 00:00:00,99,OK,0.005309245082542063,0.05597643097643098,0.0029091913582699608,0.11554417639459222,-8.569062195761065,3.238508275516218e-07,3.2223345816348714e-07,4.656961889906191e-05,0.004283539302556109,4.414334925033912e-08,4.090281956026628e-05,-1.943459766386127e-07,3.579978197748723e-05
2024-06-26,102,2024-06-28 06:00:00,99,OK,0.0030953106916324627,0.059343434343434344,0.001891142229717703,0.09258307039104355,19.999999999999996,1.9752359865208182e-07,1.5809873127953246e-07,2.0444856497017078e-05,0.0038115800314940645,1.448314434914286e-06,3.064907798443404e-05,9.418633541406172e-07,3.24827664505763e-05
2024-06-26,108,2024-06-28 12:00:00,99,OK,0.003352406985106802,0.04545454545454545,3.499833454232563e-10,0.07280061572479492,0.5727999257463103,6.747353166222762e-08,6.746167381843356e-08,1.948974602744789e-05,0.0038115800314940645,1.439272590405573e-07,4.22641980296966e-05,-1.4682971384206035e-07,2.2379142314114395e-05
2024-06-26,114,2024-06-28 18:00:00,99,OK,0.0021321060539698025,0.04797979797979798,0.00048562094067839187,0.07833916809950252,-9.206523185970951,5.7386832653152667e-08,5.7078352883813146e-08,7.808087437643084e-06,0.0019525181567051954,6.4778301845585735e-09,3.611708763612557e-05,-2.650677380382585e-07,3.4220790268357455e-05
2024-06-26,120,2024-06-29 00:00:00,99,OK,0.0015165479422442167,0.058922558922558925,0.0005961706977394934,0.09514738548809024,-19.994881790294727,5.2339133394215337e-08,5.072570366401095e-08,7.904780787433796e-06,0.0016726396396106304,1.3640521754812177e-07,1.6517089474946076e-05,5.9260082396411084e-08,1.9065925380797788e-05
2024-06-26,126,2024-06-29 06:00:00,99,OK,0.0007337292319439252,0.05934343434343434,5.8187074191013485e-05,1.003451834192524e-13,19.21217369854884,9.60767113712021e-08,9.429294002591017e-08,1.67908738140794e-05,0.001701468779327086,4.856177332022372e-07,3.158254217460004e-05,1.9287486282740927e-07,3.131705244403592e-05
2024-06-26,132,2024-06-29 12:00:00,99,OK,0.0006455532331964094,0.06776094276094276,0.0008972506767489707,6.38668220227213e-15,19.99999999999999,1.4938586713569752e-06,1.24099633362135e-06,0.00014585252822624543,0.005007653733492712,2.355103294571697e-07,0.00013116776792241258,-8.036513203356375e-07,0.0001733739545700414
2024-06-26,138,2024-06-29 18:00:00,99,OK,0.000622718257990448,0.05092592592592593,0.002555773024621609,0.05679136822112961,-19.99999999893507,1.8007827616054185e-06,1.7774251345632522e-06,0.0001420169112237005,0.005007653733492712,8.18293617293565e-06,0.000293795325409189,6.750792333598868e-06,0.00036458843952833403
2024-06-26,144,2024-06-30 00:00:00,99,OK,0.0005353442431329737,0.06986531986531987,0.0008598541797134563,1.2119133916895282e-07,-19.999999871272426,2.335425470969227e-06,2.290665855188567e-06,0.0001441552117518204,0.005007653733492712,1.4273853770658926e-05,0.0009471991371764869,4.385663060004074e-06,0.0007785382063535282
2024-09-27,24,2024-09-26 00:00:00,243,OK,0.0007937547551298184,0.3501371742112483,0.0011273953877520156,0.1823085045083151,-19.999998900928333,1.4075422206759303e-06,1.3523942438336047e-06,0.00012216981073883868,0.00450318268386285,1.5210491409945928e-05,0.0006249138886755243,1.0889088198126828e-05,0.0005631506974877445
2024-09-27,30,2024-09-26 06:00:00,243,OK,0.0015341220349158495,0.4098079561042524,0.00648009238673454,0.9999999999997596,19.999999992431064,3.081608417607993e-06,3.0687048713696515e-06,0.00023211872930468827,0.008840477738603206,1.4350949013431755e-06,0.0015989248707714272,-3.587577867778102e-06,0.0015160676152603208
2024-09-27,36,2024-09-26 12:00:00,243,OK,0.003758516604293243,0.5389231824417009,0.02590033904341953,0.9359164307590551,15.051777080090739,0.00020306678930695935,2.3274180199759233e-05,0.002589596921111403,0.06919292456431993,0.0043548408510605974,0.02466435144636802,0.004231593072505163,0.024603778941784914
2024-09-27,42,2024-09-26 18:00:00,243,OK,0.0012197283141407462,0.6949588477366255,0.008110629936636285,1.143783992007699e-20,1.7145907755855752,0.001009785028052994,0.0002247907972892333,0.01350606720717379,0.19088669159438168,0.0009209493839584073,0.02264261830298611,0.0008217192841205872,0.0226411778887384
2024-09-27,48,2024-09-27 00:00:00,243,OK,0.0015516360572860465,0.7373113854595337,0.012296595084889662,1.1049333007883057e-14,0.15251434483902432,0.000618452992141585,0.0005302663138186054,0.02847503043156061,0.20254146831546704,0.007521866404588604,0.024623182837110544,0.00742167194562382,0.024609415970149214
2024-09-27,54,2024-09-27 06:00:00,243,OK,0.00884047773860321,0.6330589849108368,0.02025980765432925,0.035276573171251886,-0.1758451683359677,0.000202747678004978,0.0001911419804978769,0.041063652957045726,0.20254146831546704,0.0014757708942762934,0.015512166561033278,0.0013197136496571368,0.0159651916037258
2024-09-27,60,2024-09-27 12:00:00,243,OK,0.0691929245643199,0.4876543209876543,0.026726418840771753,0.04685919178223863,-0.2542844445037533,8.53839223177562e-05,4.938045845201774e-05,0.041530236068533975,0.20254146831546704,0.0016062300700275024,0.012156574512256052,0.0016014892657956325,0.012191461927750006
2024-09-27,66,2024-09-27 18:00:00,243,OK,0.1908866915943818,0.2827503429355281,0.007540417445467431,0.021277054768511577,-0.1436173493174308,2.249390469948871e-05,1.5444418121138068e-05,0.009246404721875205,0.20254146831546704,0.00029900522877264663,0.004821578095796783,0.0002959431810686703,0.00483734594503509
2024-09-27,72,2024-09-28 00:00:00,243,OK,0.1912126383751274,0.14060356652949244,0.03866037757378362,0.048240082192828014,-0.07327869779816437,2.1489616425525597e-05,2.0859656476146485e-05,0.012388714501086648,0.18515496775414977,1.2694620915369016e-05,0.007783238595022952,-1.3033342006663143e-05,0.007894482459121827
2024-09-27,78,2024-09-28 06:00:00,243,OK,0.16685382420025657,0.10545267489711933,0.02718703246987535,0.03814345348296178,-0.33186319662213054,2.6508215058810317e-05,2.3930905496630774e-05,0.007957949253262141,0.16493212944264798,0.00013103263809200515,0.0018061755601846547,0.0001233398149812686,0.0017970275949198999
2024-09-27,84,2024-09-28 12:00:00,243,OK,0.15948482582953488,0.05606995884773663,4.82382624358227e-19,0.02159908924368396,-0.19141789782660645,4.989680919888158e-05,4.612298613243779e-05,0.004213605155598744,0.15697193635495024,0.0004519724908564124,0.003126062981645938,0.00044615431767532163,0.003153943761304594
2024-09-27,90,2024-09-28 18:00:00,243,OK,0.14641048505986706,0.021947873799725653,6.785957814411751e-22,0.021454652620365767,-0.1795675027388913,9.413382066409614e-05,6.863318666597824e-05,0.004378879670710417,0.14323386153920714,0.00048010537478107313,0.0034104390567197764,0.00047710198141539607,0.003468642238244947
2024-09-27,96,2024-09-29 00:00:00,243,OK,0.1129109303113307,0.016117969821673527,1.5993071558818442e-13,0.010369355503548781,1.0010587823217103,2.272806145960321e-05,1.2439961051403175e-05,0.00210662563087601,0.10901285815795765,1.5161206782594136e-05,0.0010452902436375892,1.1226746849860026e-05,0.001041298240517357
2024-09-27,102,2024-09-29 06:00:00,243,OK,0.10901285815795762,0.021776406035665292,7.994552786010367e-12,0.01542478402355066,0.9962244531682941,2.207308479934013e-05,9.930615465813676e-06,0.0020587635419440898,0.10764956402378538,8.300797342600846e-05,0.0008888683858761137,7.835369397390197e-05,0.0008786254031130239
2024-09-27,108,2024-09-29 12:00:00,243,OK,0.10650492587465768,0.018861454046639234,1.7183319848922299e-18,0.019937928757519038,-0.2219378364427128,1.2023157314761161e-05,8.823564190036427e-06,0.0018881074087262891,0.10566330654882662,0.0001316401042105244,0.0016644011353047735,0.00013622637511226157,0.0016939594689444383
2024-09-27,114,2024-09-29 18:00:00,243,OK,0.09561368021026302,0.013717421124828532,3.0154455129952896e-18,0.01753572752823359,-0.2164605031239669,2.307454246091794e-05,1.700729629098532e-05,0.0012355903520762173,0.09231736382567507,0.00011964480140703817,0.0007056940345940729,0.00011800885855005187,0.0007018543264685855
2024-09-27,120,2024-09-30 00:00:00,243,OK,0.07854202042008938,0.010116598079561043,0.010071210955845292,0.012527985248650378,1.368096526870458,1.0035120801105204e-05,4.3752319690124635e-06,0.0010365459844498867,0.0756514699059448,0.00020310501708129412,0.001188687082170315,0.00019211724859413844,0.0011277848532626365
2024-09-27,126,2024-09-30 06:00:00,243,OK,0.0729125445711475,0.0042866941015089165,1.0849095257830563e-13,0.013291510786534663,1.3013758000699083,1.4693324697003893e-05,6.923512367565819e-06,0.0012256378346605515,0.07316062552103203,3.33928661540271e-05,0.0017045762728270823,2.407244419688101e-05,0.001662545801948059
2024-09-27,132,2024-09-30 12:00:00,243,OK,0.07285511574898018,0.004458161865569274,1.1004025246346902e-15,0.018934508678611475,-0.30640608931380364,7.815223507093612e-06,5.972408918002181e-06,0.0015614162963698997,0.07254194731324948,0.00012641511344801121,0.0019156898844774775,0.00012213123295928626,0.0019741834932011345
2024-09-27,138,2024-09-30 18:00:00,243,OK,0.06409994963066064,0.0042866941015089165,6.0523806808860965e-19,0.014807770180970663,-0.26585994035896937,8.08714212482435e-06,6.339439660324022e-06,0.0014423467196169899,0.06243201661478558,1.9281839039778536e-05,0.00022202179556905723,1.8829166856047336e-05,0.00022259558616281107
2024-09-27,144,2024-10-01 00:00:00,243,OK,0.05525510217812821,0.0018861454046639233,0.06660341233488061,0.013733241858616414,1.5893818682185488,4.1090016803454015e-06,2.619712550595286e-06,0.0005135951669234842,0.05396391527661063,6.148061655086229e-05,0.0006807431141764387,5.847898926973871e-05,0.0006766428894601671
