event,t,origin_utc,n,status,g0,forcing_mean,u,r,b_net,mse_dual_fit_to_mean,mse_net_fit_to_mean,sigma2,mean_path_peak,S_plug,nu2_plug,S_hat,nu2_hat,NET,ASYM,n_train_events,delta_cv,lam,net_better,w
2018-01-16,24,2018-01-15 00:00:00,41,OK,0.0008656175476193,0.0020325203252032,0.0146163370460485,0.0778923010098541,-19.999999999683407,3.8569377330895123e-07,3.80629232582751e-07,1.900170313441816e-05,0.0020129895722985,3.020564821989377e-06,3.0089954989168016e-05,4.14984125679969e-07,8.347164365340823e-05,9.570519087680219e-05,3.9606584226756e-05,14,2.606443666967424e-05,0.06960181332528903,0.0,0.07692307692307693
2018-01-16,30,2018-01-15 06:00:00,41,OK,1.1615069524497304e-05,0.0355691056910569,0.0011593726815727,0.999551908823088,-19.985688418906957,4.205524807287334e-07,4.20533287604163e-07,1.4116229906557102e-05,0.0020129895722985,1.8097611315763477e-07,1.4585355454899886e-05,-9.330437978572625e-08,1.0743711508684371e-05,6.450808571343627e-05,1.4184583543122303e-05,14,2.606443666967424e-05,0.0,0.0,0.07692307692307693
2018-01-16,36,2018-01-15 12:00:00,41,OK,2.8924688987748766e-06,0.1219512195121951,0.0006753033436988,0.9926253354369576,-19.84211084158385,4.262074873991503e-07,4.262050801336318e-07,1.44401662648749e-05,0.0020129895722985,6.791433279115121e-08,5.140434418795657e-06,4.455604870549089e-07,9.195270148720443e-06,0.00010764575775189433,1.451694417210124e-05,14,2.606443666967424e-05,0.6783755906983053,0.0,0.07692307692307693
2018-01-16,42,2018-01-15 18:00:00,41,OK,0.0014659051919617,0.1432926829268292,0.0003123009114061,0.3979112573823606,-19.999999999999996,1.77959703426599e-07,1.76172378361257e-07,8.314334511648655e-06,0.0020129895722985,1.0115259888125104e-06,2.0037217062191705e-05,1.073419258828646e-06,4.179896632822862e-05,0.00014288513170996928,5.0437642552652e-05,14,2.606443666967424e-05,0.359527302794856,0.0,0.07692307692307693
2018-01-16,48,2018-01-16 00:00:00,41,OK,1.5962721129916883e-05,0.1534552845528455,0.0001835730563676,0.2039272569066141,3.953228399243815,9.471131752157829e-09,9.471932157817984e-09,7.426065144056924e-07,0.0004198412386378,5.0684585574537614e-11,1.1324932969186566e-06,-1.257985750798195e-08,1.2476310326932114e-06,9.968652466544758e-05,7.505068075612606e-07,14,2.606443666967424e-05,0.0,0.0,0.07692307692307693
2018-01-16,54,2018-01-16 06:00:00,41,OK,0.0001190446031427,0.1260162601626016,0.0001778083023779,4.6099203810342375e-17,19.99999999999802,4.00271511660652e-07,3.718871819455029e-07,1.485671835673344e-05,0.0021546316643236,2.019453424160605e-06,2.807709946897791e-05,1.0423830468257916e-06,2.378526704867462e-05,0.00011702548670447768,1.5072153035554658e-05,14,2.606443666967424e-05,0.6135463026627764,0.0,0.07692307692307693
2018-01-16,60,2018-01-16 12:00:00,41,OK,0.0004198412386378,0.0447154471544715,0.0015220104246152,3.2726892489709994e-16,19.99999999999998,2.0998154918025143e-06,1.6018139887969962e-06,6.088180737465423e-05,0.0067879945899668,1.8520891342050565e-06,5.9736056429746386e-05,6.95221981682836e-07,6.1198853476155e-05,0.00012380218967801942,6.285872873744985e-05,14,2.606443666967424e-05,0.15904068770425622,0.0,0.07692307692307693
2018-01-16,66,2018-01-16 18:00:00,42,OK,6.285155265901984e-05,0.0357142857142857,0.0132974304755386,2.666115387224456e-16,12.934282883571589,1.75567802381582e-05,1.1231257223853204e-05,0.0003847731331556,0.0167181977676243,3.1530471099808135e-08,0.0007896054068953,-6.059107748198029e-06,0.0007772159324062,0.0004627724083853744,0.000432988498789835,14,2.606443666967424e-05,0.0,0.0,0.07692307692307693
2018-01-16,72,2018-01-17 00:00:00,42,OK,3.7117776607896024e-05,0.0376984126984126,0.1296015136883462,1.0,-19.99999804232089,2.8845244059792926e-05,2.82394130536478e-05,0.000438181711712,0.0167181977676243,2.563344485062642e-07,0.0006308130070431,-1.672453813684143e-05,0.0006281705525033,0.0005061553315246977,0.0004899656046001283,14,2.606443666967424e-05,0.0,0.0,0.07692307692307693
2018-01-16,78,2018-01-17 06:00:00,42,OK,0.0021033309104111,0.0327380952380952,0.1333678531674978,1.0,-19.99999345386034,2.8403595421649898e-05,2.7580983978665936e-05,0.0004250446008522,0.0167181977676243,7.515886448086578e-06,0.0003962723693979,-2.5662276633357344e-06,0.0003783581517833,0.0005173654488848891,0.0005174559332807261,14,2.606443666967424e-05,0.0,1.0,0.07692307692307693
2018-01-16,84,2018-01-17 12:00:00,25,OK,0.0071118072353679,0.0466666666666666,0.0933049967918479,0.9999999999999012,-19.999999999909768,2.680946096672767e-05,2.617403106264007e-05,0.0005243295704341,0.0212181010247781,2.525054949628339e-05,0.0004022997528872,5.59815057991237e-05,0.0017188236604953,0.0007597441083418446,0.0008461196714996508,14,2.606443666967424e-05,0.45597526913370934,1.0,0.07692307692307693
2018-01-16,90,2018-01-17 18:00:00,24,OK,0.015119159493469,0.0260416666666666,2.0832440735253204e-08,0.3766993750264878,19.99999268340327,6.193834554447901e-06,6.160536991496211e-06,9.157457721076551e-05,0.0109726775987453,7.030078852880603e-08,5.380831468155838e-05,1.3824047433618237e-07,8.437793750061358e-05,0.0007758598443286514,0.0014568581172971831,14,2.606443666967424e-05,0.022936880161268217,1.0,0.07692307692307693
2018-01-16,144,2018-01-20 00:00:00,43,OK,0.0001347035751318,0.002906976744186,0.1018567140422685,1.0,-19.999999999999996,3.5059806901672924e-06,3.4806090379066317e-06,0.0001109694277137,0.00531102776432,1.8868748159103887e-08,3.544040661040712e-07,4.151384367779216e-06,8.305166483905957e-05,0.00019520302768087256,0.00011195307610058421,14,2.606443666967424e-05,0.6997979060568478,0.0,0.07692307692307693
2018-10-11,24,2018-10-10 00:00:00,108,OK,0.0001485974746677,0.1404320987654321,0.004049999736374,0.9999999999892684,-19.999999999958927,1.8660281358667686e-07,1.8641259386042514e-07,3.653046957900407e-05,0.0017667225179439,9.25310124632641e-08,9.109103143232904e-05,-6.807601088615084e-07,8.64631983530713e-05,0.00019634698808890474,4.0870687699018865e-05,14,-0.0021653242927014,0.0,0.0,0.047619047619047616
2018-10-11,30,2018-10-10 06:00:00,108,OK,0.0004162567170668,0.1844135802469135,0.0007655918281418,1.5033942925655388e-17,19.999999999999996,3.829908503683139e-06,2.8305296777150405e-06,0.0002123772708371,0.0101232696528315,1.3097780863889728e-05,0.0006660802163672,1.0936286098825444e-05,0.0006698739597835,0.00038289845273437083,0.00018035606358516375,14,-0.0021653242927014,0.22856240811784945,0.0,0.047619047619047616
2018-10-11,36,2018-10-10 12:00:00,102,OK,0.0001317110750297,0.2475490196078431,0.0258738652835974,0.9000977271297357,11.168382273648048,3.120797134764176e-05,7.368069913398398e-06,0.0010364975439063,0.0196490617256547,0.0003637808113784,0.0037833485103159,0.0003191391409953,0.0037730643592497,0.0008351430164725316,0.002495841844461661,14,-0.0021653242927014,1.1841695631247282,1.0,0.047619047619047616
2018-10-11,42,2018-10-10 18:00:00,102,OK,0.0014248437042458,0.3909313725490196,0.0025392827640414,1.989301186882681e-16,-2.368445487831933,2.037925615616142e-05,1.9354214031722607e-05,0.001779868276827,0.0206620109337092,0.000341911684837,0.0069011590038452,0.000187919986698,0.0053574129530125,0.0020946784903236415,0.00920098807078824,14,-0.0021653242927014,0.49107280637992323,1.0,0.047619047619047616
2018-10-11,48,2018-10-11 00:00:00,101,OK,0.0010604373905309,0.5222772277227722,0.0058207171466865,6.782925513619555e-17,3.478934097791518,0.000228198464152,6.347048794467186e-05,0.0053018528275651,0.1060431124266954,0.0005516878656799,0.0031933234742748,0.0005189275260815,0.0033385240360332,0.005975641929519648,0.015400382479549488,14,-0.0021653242927014,2.1761069522725918,1.0,0.047619047619047616
2018-10-11,54,2018-10-11 06:00:00,101,OK,0.0107988343471537,0.6002475247524752,0.0076779795500182,1.5550198324817477e-15,0.6376920076601466,0.0004428554529287,0.0002770721571622,0.0150947538823892,0.1284003424405217,0.0012161283192991,0.010341704225384,0.0012822696817708,0.0153457347919962,0.014040662437291967,0.02688506283105108,14,-0.0021653242927014,1.169821829200008,1.0,0.047619047619047616
2018-10-11,60,2018-10-11 12:00:00,101,OK,0.0192484607260401,0.5627062706270628,0.0087132905121108,5.7538716625660086e-18,0.0765912924274282,0.0003538661119759,0.0003434818200252,0.0257878668959888,0.1284003424405217,0.0074532275545576,0.040803440777324,0.0063971630866517,0.0387776690710941,0.02127359914975567,0.02554196236252987,14,-0.0021653242927014,2.309583978576072,1.0,0.047619047619047616
2018-10-11,66,2018-10-11 18:00:00,101,OK,0.0187780640927952,0.3886138613861385,0.0209329712448462,0.0346980902936211,-0.2669572901880034,6.099655196594597e-05,5.4767332803368434e-05,0.0334994506714362,0.1318646868014952,0.000617727621699,0.0173224962495677,0.0002082159508181,0.0180645203023853,0.030877448370710936,0.03524762042748444,14,-0.0021653242927014,0.16136732460415737,1.0,0.047619047619047616
2018-10-11,72,2018-10-12 00:00:00,101,OK,0.1060431124266954,0.1963696369636964,0.0182759986696356,0.0350639487997342,1.08356425537201,3.664105176073056e-05,2.2671562579807667e-05,0.0126658693872792,0.1318646868014952,0.0002436597590674,0.0034317897960593,0.0001817952123646,0.0034657911028474,0.014511737438527197,0.018993824957026045,14,-0.0021653242927014,0.7343584473436346,1.0,0.047619047619047616
2018-10-11,78,2018-10-12 06:00:00,101,OK,0.1255866684406844,0.066006600660066,0.031522350379305,0.0425415548133482,0.0937905706064054,1.8593054731003417e-05,1.8399686745615627e-05,0.00468397024483,0.1318646868014952,5.839958401215839e-06,0.0013502785668441,9.285808255299268e-07,0.0013157695816461,0.002699539801331573,0.004061159384541036,14,-0.0021653242927014,0.009880249352743887,1.0,0.047619047619047616
2018-10-11,84,2018-10-12 12:00:00,107,OK,0.1175232344980546,0.0147975077881619,0.0257907339555956,0.0366699777206998,-0.4575451737120276,3.2061470937168355e-05,1.6083154847212592e-05,0.0022692710332573,0.1244981672663946,0.0006166201093707,0.0024984562925042,0.0006187162515331,0.0026191994273481,0.0018971855347810608,0.002367165569468317,14,-0.0021653242927014,3.307127907489493,1.0,0.047619047619047616
2018-10-11,90,2018-10-12 18:00:00,107,OK,0.1058560146186238,0.0,0.02,0.0362988249183081,-0.4712470949384726,5.566497183516768e-05,2.5363432091915488e-05,0.0016173062071906,0.0939313080695975,0.0011155021756155,0.0043748216952577,0.0011527803502109,0.0046639423027259,0.001979154874662665,0.002646039357625262,14,-0.0021653242927014,3.4603611827530547,1.0,0.047619047619047616
2018-10-11,96,2018-10-13 00:00:00,108,OK,0.0706578793463335,0.0,0.2,0.0199118027895762,1.1554021387439273,8.311639585916896e-06,1.7146964033237189e-06,0.0006271611123271,0.0689836465110752,0.00014413391661,0.0026492820244198,0.0001065232124623,0.0026046045457216,0.0010226828482377429,0.00154380906901471,14,-0.0021653242927014,0.5725725146728683,1.0,0.047619047619047616
2018-10-11,102,2018-10-13 06:00:00,108,OK,0.0644763547944989,0.0,0.05,0.0255121542125463,0.8686005258552796,9.703326653726715e-06,5.904276650584078e-06,0.0006538513714283,0.0641400921139106,9.987830428011268e-05,0.0014315850037179,7.940625221383032e-05,0.0014289290091755,0.000911591890513059,0.0008248563706367532,14,-0.0021653242927014,0.7779865366685182,0.0,0.047619047619047616
2018-10-11,108,2018-10-13 12:00:00,106,OK,0.060263388180917,0.0,0.2,0.0299223683302338,-0.63541578045685,7.986383306169887e-06,5.543899993976196e-06,0.0009618616270925,0.0578966149012409,6.91375906785134e-05,0.0013470403555088,6.464833160874319e-05,0.0014220095277126,0.0007416343432569688,0.0008754984741470227,14,-0.0021653242927014,0.6364771999652369,1.0,0.047619047619047616
2018-10-11,114,2018-10-13 18:00:00,106,OK,0.0509896683818419,0.0,0.2,0.0283661679056401,-0.7128155859353845,9.874682897919076e-06,6.911526902697281e-06,0.000505054737119,0.0488518817432445,9.968838272923724e-05,0.0008796240799904,9.475175795405204e-05,0.0008919241237856,0.00044515136611099907,0.0005033697413008726,14,-0.0021653242927014,1.4872617255003153,1.0,0.047619047619047616
2018-10-11,120,2018-10-14 00:00:00,106,OK,0.0381162323046755,0.0,0.02,0.0219965457308221,4.10834915113367,1.1012266890689235e-05,2.7250941394749483e-06,0.0003198350939468,0.0408792187878403,0.0001755213769062,0.0022296817624358,0.0001497717077052,0.002173201888601,0.00036655289440195655,0.00036101344977162764,14,-0.0021653242927014,0.9648454287064047,0.0,0.047619047619047616
2018-10-11,126,2018-10-14 06:00:00,106,OK,0.0408792187878403,0.0,0.02,0.0439972589015837,0.9527368677472332,3.0339834532290243e-06,2.20767585440412e-06,0.000600258999874,0.0354440115994877,1.8550052197986388e-05,0.0026373221415666,-1.9813641492994753e-05,0.0026626952230812,0.001371409972327356,0.002686405142522867,14,-0.0021653242927014,0.0,1.0,0.047619047619047616
2018-10-11,132,2018-10-14 12:00:00,106,OK,0.0328228017274079,0.0,0.2,0.0458735945838083,-1.0369741854257,2.7640098356491295e-06,2.3369567685007203e-06,0.000136970773702,0.0317191730740553,1.1444689043841349e-05,0.0004129561497698,8.294309188021181e-06,0.0004214527196477,0.0003485779824963735,0.0006654165694547307,14,-0.0021653242927014,0.2755239750958628,1.0,0.047619047619047616
2018-10-11,138,2018-10-14 18:00:00,106,OK,0.0254951888733333,0.0220125786163522,0.0070892164531135,0.0417869655435879,-2.2941713878158674,5.349309866812066e-06,2.8568337544181583e-06,0.0001600130260511,0.0240401625591766,0.0001217043469965,0.0006263059387929,0.0001223293229579,0.0006775996863375,0.00019303227194637752,0.0003247572829146073,14,-0.0021653242927014,2.5274665203395323,1.0,0.047619047619047616
2018-10-11,144,2018-10-15 00:00:00,105,OK,0.0157601509128383,0.0222222222222222,5.253106961570557e-13,0.0179773898735858,12.042964790765769,1.9252715882149086e-06,6.12067033999748e-07,4.711098055403079e-05,0.0153428140003908,1.8152776621350508e-06,4.568787312364821e-05,1.196997218280903e-06,4.487287918911469e-05,0.0001712459128312082,5.754655651662591e-05,14,-0.0021653242927014,0.373454107665055,0.0,0.047619047619047616
2019-02-20,24,2019-02-19 00:00:00,151,OK,0.0003436833227745,0.0311810154525386,4.1957456980981015e-06,9.990412035091243e-05,17.924827292662222,4.848651618150824e-07,4.828976331623963e-07,9.067314468806156e-05,0.0035985916628475,8.778637180600022e-07,5.944174418061119e-05,-1.900364046291976e-07,7.553487328664874e-05,9.388131291005958e-05,7.932809894657604e-05,15,8.022325133146959e-05,0.0,0.0,0.047619047619047616
2019-02-20,30,2019-02-19 06:00:00,135,OK,4.140994376605006e-05,0.087037037037037,0.0030799631233977,0.9999999999995092,19.99999611958875,6.023105249010587e-08,5.98571684068478e-08,1.4605766310196329e-05,0.0013813297251549,4.48550184815018e-07,8.638039620802533e-05,-2.0000464221723366e-07,8.592457191908868e-05,4.3785732774333916e-05,1.4665190462591946e-05,15,8.022325133146959e-05,0.0,0.0,0.047619047619047616
2019-02-20,36,2019-02-19 12:00:00,136,OK,0.000491979830293,0.244485294117647,0.0027072182039158,0.6451661167561995,19.9999999943223,7.35758760133837e-08,6.89512195629998e-08,7.993205733416733e-05,0.0034405045528394,2.938433565220033e-07,3.5588090481341e-05,2.0440598816728383e-08,3.486202921965178e-05,0.0001328109912607108,0.00010690274028424722,15,8.022325133146959e-05,0.008794926431823703,0.0,0.047619047619047616
2019-02-20,42,2019-02-19 18:00:00,139,OK,0.0002862307874114,0.3911870503597123,0.0005079918118836,1.4853532672686334e-14,19.99999998366185,1.5173172649816158e-07,1.4100686334838414e-07,0.0002054661729239,0.0053624287148358,1.0800719540902949e-07,0.0002508516906097,-2.643608032324517e-06,0.0002957526019796,0.00034827786642192083,0.0002091940430631844,15,8.022325133146959e-05,0.0,0.0,0.047619047619047616
2019-02-20,48,2019-02-20 00:00:00,138,OK,6.585492681183157e-05,0.4498792270531401,0.0007577236869734,0.0465938797300355,19.999999999996835,2.925471195725236e-07,2.8419396795960696e-07,0.0003038495238144,0.0063312307228121,1.7241491814307022e-06,8.556535531344381e-05,-3.859998098153846e-06,0.0006145973413642,0.0004836665930930344,0.0003105768500251311,15,8.022325133146959e-05,0.0,0.0,0.047619047619047616
2019-02-20,54,2019-02-20 06:00:00,141,OK,0.00132382034798,0.4379432624113475,0.0004852023764223,4.1197058380204126e-14,19.999999942359725,4.6196466236844203e-07,4.238288361806328e-07,0.0003001556194542,0.0074833917817265,1.5050718652220068e-06,0.0003806141973821,1.2502983623689274e-06,0.0003525482848581,0.0005641687702291132,0.00032044154917027797,15,8.022325133146959e-05,0.05319689881084672,0.0,0.047619047619047616
2019-02-20,60,2019-02-20 12:00:00,141,OK,0.0031636884055548,0.2943262411347517,0.0005239616470606,0.004021100014345,19.999999999999993,5.301727730496706e-07,4.96006529587216e-07,0.0005145442943391,0.0074833917817265,2.988911078221349e-06,0.0003346977096273,1.714266460919412e-07,0.0005327227609,0.0006358989421489533,0.0004622165671114726,15,8.022325133146959e-05,0.004826900369405856,0.0,0.047619047619047616
2019-02-20,66,2019-02-20 18:00:00,141,OK,0.0049668577908432,0.1583924349881796,0.0016627473264725,0.0544225884945232,19.99999999999233,9.517464251912872e-07,5.802046567382585e-07,0.000442594806865,0.0074833917817265,1.4078356189663273e-05,0.0004853852934389,5.055607529703141e-06,0.0003929216797716,0.0005699054776749154,0.0006746527034425839,15,8.022325133146959e-05,0.19300058217614371,1.0,0.047619047619047616
2019-02-20,72,2019-02-21 00:00:00,141,OK,0.0062421243797582,0.0842198581560283,0.0033597329699617,0.0977751573493868,19.999999999999996,1.96979301658513e-06,8.321850368222858e-07,0.0002145686427622,0.0074833917817265,3.755654343763714e-05,0.000905771696982,2.474230147566995e-05,0.0008330565563195,0.0007399073642577154,0.00028820344411500546,15,8.022325133146959e-05,0.44550939467393014,0.0,0.047619047619047616
2019-02-20,78,2019-02-21 06:00:00,145,OK,0.0062597686115869,0.046551724137931,2.187535157557443e-21,0.0799946301706689,19.999999999999996,1.0776890831029257e-06,4.544932343638243e-07,5.397545085930117e-05,0.0068059224598148,1.1404984749713456e-08,2.972131381749124e-05,-3.035460081821526e-07,3.0765419535286924e-05,0.0002293740545391739,0.00022614650185911114,15,8.022325133146959e-05,0.0,0.0,0.047619047619047616
2019-02-20,84,2019-02-21 12:00:00,162,OK,0.0046831644379082,0.055298353909465,0.0007576646131487,0.1642558547782108,19.999999786995243,1.1943105904666506e-07,7.391054145435049e-08,1.5256494127935156e-05,0.004482243940097,1.7338231532709598e-06,8.844082240394338e-05,8.877185931487353e-07,8.272879032990377e-05,0.0002422597450132872,4.322598177948891e-05,15,8.022325133146959e-05,0.16095701199220613,0.0,0.047619047619047616
2019-02-20,90,2019-02-21 18:00:00,162,OK,0.0020234739109304,0.0506687242798353,0.002307317286884,0.2870213195341268,-19.999999999996422,1.0218767458694367e-07,9.58289008263372e-08,1.441081277469991e-05,0.0011486222591937,1.131369165378959e-06,2.5526257951818396e-05,9.357830371673322e-07,2.725912091703959e-05,6.114741982817745e-05,1.9079369599657992e-05,15,8.022325133146959e-05,0.5149375726469468,0.0,0.047619047619047616
2019-02-20,96,2019-02-22 00:00:00,163,OK,0.0004537397644043,0.0488241308793456,0.0014797314588881,0.146895409405167,19.98282241726995,5.137395577654108e-08,5.0095463666868746e-08,1.2842184593200754e-05,0.0010740171659444,5.598609686063778e-07,2.8734087574533698e-05,9.07716840029414e-08,2.8734619664063744e-05,4.251195430939431e-05,1.3208106909857938e-05,15,8.022325133146959e-05,0.04738448867471672,0.0,0.047619047619047616
2019-02-20,102,2019-02-22 06:00:00,163,OK,0.0002798382157252,0.0559815950920245,0.0014057736703162,0.1620956893582962,19.912619623116196,6.901783374145894e-08,6.732319959520332e-08,1.2268783242704196e-05,0.0010740171659444,1.1602636458726052e-06,6.0117009782961144e-05,5.869891680363195e-07,3.998311529154862e-05,3.552504346135703e-05,1.2388718738945976e-05,15,8.022325133146959e-05,0.220213894198632,0.0,0.047619047619047616
2019-02-20,108,2019-02-22 12:00:00,163,OK,0.0009222512876548,0.0531697341513292,0.0014452037716029,0.1882171014012532,19.999999999905658,6.182381246287986e-08,6.07272443331881e-08,1.017751579603256e-05,0.0010740171659444,4.7423947226964196e-07,2.712110327567613e-05,9.156064800682637e-08,2.4828219432553484e-05,4.122858635989837e-05,1.1536122789672188e-05,15,8.022325133146959e-05,0.05531648066158347,0.0,0.047619047619047616
2019-02-20,114,2019-02-22 18:00:00,163,OK,0.0009021259601031,0.1065950920245398,0.002183698260601,0.6537032478881769,-19.999999999999968,6.703852017519001e-08,6.661690596500393e-08,1.6984022035085794e-05,0.001019958305968,1.248113550364001e-07,7.52535368886813e-05,1.2913832363187288e-08,3.721131044513239e-05,5.495471229304382e-05,2.225132082219884e-05,15,8.022325133146959e-05,0.005205607734063237,0.0,0.047619047619047616
2019-02-20,120,2019-02-23 00:00:00,169,OK,8.347308396336303e-05,0.1474358974358974,0.0024024838691668,0.6787452283807865,-19.99999999999998,1.0372288227180107e-07,1.0342564163614503e-07,2.6150737667464112e-05,0.0014324289966203,4.018962463243752e-08,0.0001250872604712,-1.296112577654446e-07,9.692181880932308e-05,7.544445201568767e-05,2.6000389025072334e-05,15,8.022325133146959e-05,0.0,0.0,0.047619047619047616
2019-02-20,126,2019-02-23 06:00:00,169,OK,0.0001438661296612,0.2280571992110453,0.0008341386357953,0.2565368908894146,-19.99999829724577,1.521195972000496e-07,1.5011095010944726e-07,2.9952805371144887e-05,0.0014324289966203,1.2109106245566975e-06,3.774016138741209e-05,1.1097428525818197e-06,5.569962398723988e-05,0.00010500638100227189,3.060461646842901e-05,15,8.022325133146959e-05,0.29885556844227046,0.0,0.047619047619047616
2019-02-20,132,2019-02-23 12:00:00,170,OK,0.0010026850719091,0.3720588235294118,0.000233712175751,0.1022306285436221,-18.796432078719988,1.507144917973649e-07,1.5067537158476086e-07,3.6630474756385226e-05,0.0020414424734264,2.5343858816855753e-10,0.0001636159354195,5.843003433235619e-07,0.0001736998123183,0.00011647931779843662,4.530524472040476e-05,15,8.022325133146959e-05,0.05045776983220177,0.0,0.047619047619047616
2019-02-20,138,2019-02-23 18:00:00,163,OK,0.0014851564443487,0.4805725971370143,0.0052160147996162,1.0,19.999999999999996,7.993062835029065e-06,7.941625099355874e-06,9.689007299701856e-05,0.0132919120171728,2.1812497902555666e-05,0.000225327190372,2.4335830538857533e-05,0.0002290587043622,0.0001684425584482197,0.00011783317866022407,15,8.022325133146959e-05,1.5936415038201126,0.0,0.047619047619047616
2019-02-20,144,2019-02-24 00:00:00,163,OK,0.0005401650021117,0.6592535787321063,0.0018231418989175,2.5250306381272204e-16,8.472220965537277,7.513466926465665e-05,1.7845267179702746e-05,0.0012047221946624,0.0455536656785493,0.0001100369769979,0.0027257371175559,8.74476029308936e-05,0.0027288857852156,0.0015040871721586275,0.0014544898174475727,15,8.022325133146959e-05,0.48067751720131807,0.0,0.047619047619047616
2019-02-24,24,2019-02-23 00:00:00,128,OK,0.0001685043284109,0.1324869791666666,0.0003571443734827,0.09293067802921,19.99999992372826,4.3079195698455114e-08,4.225515817762507e-08,1.25702858738221e-05,0.0011250533748226,1.9436919810117132e-07,1.15686775125394e-05,-7.493588257129914e-08,1.9494338068281302e-05,7.654221152963443e-05,1.2573543194006715e-05,15,-0.0001902955036417,0.0,0.0,0.047619047619047616
2019-02-24,30,2019-02-23 06:00:00,128,OK,2.532797932859228e-05,0.2434895833333333,0.0002825645446199,1.1501169405077489e-12,19.999999999999996,1.2755738102502364e-07,1.2145136708069093e-07,2.887097214824713e-05,0.0028463486396915,1.231983008926256e-06,9.225735199295875e-05,1.1297359017643035e-06,7.825578968285604e-05,9.602682756154077e-05,2.8358182293444857e-05,15,-0.0001902955036417,0.21654677047079907,0.0,0.047619047619047616
2019-02-24,36,2019-02-23 12:00:00,159,OK,6.211091466487575e-05,0.3621593291404612,0.0011477926614162,0.1379571137227666,19.999999999999456,4.0368512324431715e-07,3.015559970770581e-07,0.0001226975709715,0.0051555617717487,4.582745548966315e-06,0.0004367152255939,4.981878986269716e-07,0.0004010891779577,0.00019621699816391042,0.00012447597289558053,15,-0.0001902955036417,0.01863131415675513,0.0,0.047619047619047616
2019-02-24,42,2019-02-23 18:00:00,157,OK,0.0003831502920628,0.5289278131634819,0.0010840033347601,1.8583531044991291e-13,19.999999999999996,1.279946694959946e-05,2.9743650104115837e-06,0.0004909462237594,0.0290089482238174,8.144564364325483e-05,0.0012985815556218,6.300021816373189e-05,0.0012873626803914,0.0005570524120434288,0.0005264633045494166,15,-0.0001902955036417,0.7340614162969729,0.0,0.047619047619047616
2019-02-24,48,2019-02-24 00:00:00,156,OK,0.0009506208339676,0.7411858974358975,0.0023478718640849,3.087059621503214e-15,3.756876909288674,8.489029812793657e-05,3.4834199768323376e-05,0.0032868729283669,0.0526315355709483,3.127962040861831e-06,0.003234332624799,-1.7517256826808947e-05,0.0032247151066398,0.0036556268946265217,0.0036237125490644886,15,-0.0001902955036417,0.0,0.0,0.047619047619047616
2019-02-24,54,2019-02-24 06:00:00,277,OK,0.0015922387839915,0.8426594464500602,0.0026598462253237,7.451281280250724e-17,0.0851202852557429,6.972655940322606e-05,6.961312086110781e-05,0.0042305855285283,0.0528902148653898,0.0010526089632284,0.0099402733691652,0.001001527465395,0.0097941434512222,0.005018317319785356,0.005133167004147206,15,-0.0001902955036417,1.5338668517306948,1.0,0.047619047619047616
2019-02-24,60,2019-02-24 12:00:00,273,OK,0.0039795934619071,0.8731684981684982,0.0068248715675038,0.1070651726393281,-1.7759392909131315,4.059846408676955e-05,3.4638247736341454e-05,0.0056716453111209,0.0535976495264715,0.0006816793327075,0.0080717336173698,0.000578298905591,0.00783546306679,0.0067850731020928385,0.007130362784644858,15,-0.0001902955036417,1.107079889206692,1.0,0.047619047619047616
2019-02-24,66,2019-02-24 18:00:00,273,OK,0.0234685428191085,0.8403540903540904,0.016418800526442,0.2811755832548747,-3.954376180379681,1.072673722356043e-05,9.328766045792065e-06,0.0061242525167667,0.0535935221984005,3.2139854225779046e-05,0.0028591265076178,3.467271560590595e-05,0.0032131591728673,0.007635010287591407,0.008206553589792819,15,-0.0001902955036417,0.16186273574006613,1.0,0.047619047619047616
2019-02-24,72,2019-02-25 00:00:00,273,OK,0.0535935221984005,0.6923076923076924,0.018151085718048,0.3226662605349785,-11.228082301464465,1.3730853404003996e-05,1.14673571096769e-05,0.0042003420842789,0.048460081705169,9.340654886532248e-06,0.0037733827054704,1.7224559188336297e-05,0.003926799647224,0.0036065941568879266,0.005334872044984809,15,-0.0001902955036417,0.06579617271986225,1.0,0.047619047619047616
2019-02-24,78,2019-02-25 06:00:00,273,OK,0.0500067253232751,0.4847374847374847,0.0137238900011432,0.2397069910880361,4.5091126722475225,1.383325838359087e-05,5.232952240307604e-06,0.0025197219443869,0.0488730237341755,4.350267182360407e-05,0.0024351956263507,4.517619037867814e-05,0.0022030780407004,0.0017979341832611638,0.0025402822941070114,15,-0.0001902955036417,0.30758912901003577,1.0,0.047619047619047616
2019-02-24,84,2019-02-25 12:00:00,273,OK,0.0480251885057792,0.2858669108669109,0.0029575526093874,0.1053634348461501,-14.372144534250692,1.2245692483586544e-05,1.4425317384548586e-05,0.00062449251827,0.0488730237341755,0.0001251360363924,0.0009419270691032,0.000119304033996,0.0009419590562914,0.0009483844152757897,0.0013698093954124236,15,-0.0001902955036417,1.8998283396580988,1.0,0.047619047619047616
2019-02-24,90,2019-02-25 18:00:00,276,OK,0.0369976952958385,0.1121678743961352,7.766308488476635e-20,0.0828166413811389,-3.8435423793859216,1.3597104401641026e-05,3.569277902818375e-06,0.0003851340979865,0.0334515022143946,0.0001081755699779,0.0010182532081765,0.0001069947182568,0.0010333304380127,0.0006245396013262961,0.0007363725170768246,15,-0.0001902955036417,1.5531534878025872,1.0,0.047619047619047616
2019-02-24,96,2019-02-26 00:00:00,276,OK,0.0185439398419197,0.0280797101449275,7.75135463269276e-22,0.0452089165907258,-3.598883788686849,4.5191553744927165e-06,3.352560979795346e-06,0.0001930851736084,0.0155142106120676,1.7074689859296593e-05,0.0002711977696008,1.4664937460310266e-05,0.000252375849069,0.00033155522491577484,0.00027445739561806335,15,-0.0001902955036417,0.8716129642203312,0.0,0.047619047619047616
2019-02-24,102,2019-02-26 06:00:00,277,OK,0.0112894724803448,0.013387484957882,1.319409004614081e-13,0.0323510285178973,19.999999999999964,3.800537901324198e-06,6.588107110382948e-07,0.0001251562365373,0.0118493014366864,2.9590334481553887e-05,0.0002509770798329,2.7480310856505285e-05,0.0002413195899741,0.00021213510787345975,0.0001827214142967912,15,-0.0001902955036417,1.7081276447213416,0.0,0.047619047619047616
2019-02-24,108,2019-02-26 12:00:00,277,OK,0.0110282898822209,0.0279783393501805,5.0233630324268015e-11,0.0557810482764976,19.999999391856107,1.7257802329154268e-06,5.981453113443018e-07,0.0001099903859161,0.0118493014366864,3.0200355733785225e-05,0.0008118054082691,2.7343828127607293e-05,0.0008300942455266,0.000197002376478967,0.0001599887838137947,15,-0.0001902955036417,0.49410946302116737,0.0,0.047619047619047616
2019-02-24,114,2019-02-26 18:00:00,277,OK,0.0101141909256568,0.0345968712394705,0.0061148248477256,0.119582764817407,-5.4082333547732535,7.13120263464232e-08,5.2481358178780624e-08,8.334965839534659e-05,0.0091188004770847,4.686653443643502e-07,0.0001266845967622,3.064917370342342e-07,0.0001383454852619,0.00012185124197948259,0.00010485982850442822,15,-0.0001902955036417,0.03323112457779364,0.0,0.047619047619047616
2019-02-24,120,2019-02-27 00:00:00,277,OK,0.0049554599703507,0.0440734055354994,0.0030730607614497,0.0851672148262646,19.999996416928123,1.7409182283220925e-07,1.567786678793422e-07,4.277859109497309e-05,0.0041493537726112,5.00218538291233e-07,3.0336236450862086e-05,3.034935024053008e-07,2.5704431940501084e-05,6.854959009962052e-05,3.166215686922488e-05,15,-0.0001902955036417,0.1771057437338865,0.0,0.047619047619047616
2019-02-24,126,2019-02-27 06:00:00,286,OK,0.0028496812500331,0.0473484848484848,0.0067180839932754,0.1843137712489113,19.999999999999996,2.4851273509072185e-07,1.9389740900183325e-07,4.725741039740724e-05,0.0032610273117897,5.061327350735411e-06,6.303788375779713e-05,4.693438808524608e-06,6.700357163200023e-05,5.516313484770713e-05,1.612816003187032e-05,15,-0.0001902955036417,1.0507138711131936,0.0,0.047619047619047616
2019-02-24,132,2019-02-27 12:00:00,282,OK,0.0028006175500021,0.0301418439716312,7.775998768760349e-09,0.0586670107598415,19.99999999680861,1.8704835637519474e-07,1.427897599064283e-07,7.060070990321397e-06,0.0032581875049834,3.456010231629761e-06,3.8692086635779864e-05,3.3098052187603833e-06,3.848091701192042e-05,4.0214136687131237e-05,1.2518143644883964e-05,15,-0.0001902955036417,1.2901739910726746,0.0,0.047619047619047616
2019-02-24,138,2019-02-27 18:00:00,279,OK,0.0026261876089166,0.0204599761051373,8.871185863190602e-18,0.0913725316527916,-19.999999999999996,1.1648659222229949e-07,8.63161467735682e-08,8.253938611659774e-06,0.0024617629359283,3.0228410545938466e-07,1.5955231013334342e-05,2.9231274275821513e-07,1.650967212094816e-05,2.8308297684645943e-05,1.4606359183315075e-05,15,-0.0001902955036417,0.2655831750777018,0.0,0.047619047619047616
2019-02-24,144,2019-02-28 00:00:00,257,OK,0.001034713721382,0.0105382619974059,2.1931209053946235e-08,0.0235660057499452,-19.969287176766503,1.4763691607202147e-08,1.3699190130299292e-08,4.821443926127752e-06,0.0009731532036541,1.9688814904581698e-08,2.247253482651664e-05,-3.818032202129359e-08,2.2225046391070813e-05,2.3954390613047022e-05,4.834272556487256e-06,15,-0.0001902955036417,0.0,0.0,0.047619047619047616
2019-11-27,24,2019-11-26 00:00:00,133,OK,9.546279029660298e-05,0.0184837092731829,0.002490629523388,0.9999999999999976,-19.990466519849832,7.103575227006134e-08,7.10158147511677e-08,7.652451442313166e-06,0.0009286385216773,1.4181676968627905e-07,1.4131977332901607e-05,6.829241901111328e-08,1.8513361685611905e-05,3.6778949851809605e-05,7.956858263249986e-06,17,0.0001131012805912,0.06270990341485101,0.0,0.047619047619047616
2019-11-27,30,2019-11-26 06:00:00,133,OK,0.0001383667812634,0.1118421052631579,0.0009388831924134,0.998223698986828,-19.93202423235089,7.582514294760035e-08,7.580012614767274e-08,8.553253150354131e-06,0.0009286385216773,1.3356663483264821e-08,4.730906300949048e-06,-2.683294393854353e-08,1.4560032775839949e-05,8.695493140860474e-05,1.2189622289036003e-05,17,0.0001131012805912,0.0,0.0,0.047619047619047616
2019-11-27,36,2019-11-26 12:00:00,143,OK,3.5933445079611285e-05,0.305944055944056,0.0005588828130165,1.6736433698128586e-11,16.526343003437127,8.371276621715151e-07,8.263955516216299e-07,0.0001631411182234,0.0064122730884218,1.8476338413483073e-06,0.0002678352129337,-3.81370710201287e-07,0.0002182958381236,0.0004128417047389831,0.00019087628063185045,17,0.0001131012805912,0.0,0.0,0.047619047619047616
2019-11-27,42,2019-11-26 18:00:00,143,OK,7.372847508704336e-05,0.5154428904428904,0.0007658497891121,2.5567705044427827e-14,17.134391284978495,1.9918382372246757e-06,1.0544461184106814e-06,0.0002625498075479,0.0119951280719507,4.939500849093885e-07,0.0001845632589512,-9.451327571435396e-07,0.0001811827735769,0.0005840444577242665,0.00028862910923623675,17,0.0001131012805912,0.0,0.0,0.047619047619047616
2019-11-27,48,2019-11-27 00:00:00,144,OK,0.0001068401975328,0.6956018518518517,0.0009209384569566,9.453193349069989e-16,0.4663273970393491,6.39580011453716e-06,6.37745886684392e-06,0.0005060301424871,0.0189818716551324,5.186192372702368e-05,0.0008089430951617,4.49390555805723e-05,0.00080213160627,0.0006433136596263942,0.0005569609066453327,17,0.0001131012805912,0.9524172079719503,0.0,0.047619047619047616
2019-11-27,54,2019-11-27 06:00:00,145,OK,0.0004341201948655,0.7540229885057471,0.0023642952655805,0.1642615263060192,19.999999999999996,1.1025598326786776e-05,1.0438631562734695e-05,0.0005921978455846,0.0192319498189752,1.3194537593276362e-05,0.000751730383656,3.2019985382910765e-05,0.0010860957618232,0.0007709699237325346,0.0006508912142432861,17,0.0001131012805912,0.5011894628846671,0.0,0.047619047619047616
2019-11-27,60,2019-11-27 12:00:00,145,OK,0.0039923223612359,0.6410919540229885,0.0046515885155234,0.3058474404611351,-1.3865710111576512,8.875583646495487e-06,8.871544710615498e-06,0.0005442682957179,0.0192319498189752,1.186649674685799e-07,0.0009768281288195,5.626566732137026e-07,0.000972427389787,0.000716312660780884,0.0005731913775178497,17,0.0001131012805912,0.00983637806286811,0.0,0.047619047619047616
2019-11-27,66,2019-11-27 18:00:00,145,OK,0.0115768903241175,0.481896551724138,0.0169565810606677,0.9757137143040152,-19.999999999999996,9.372156565875855e-06,8.54978559578864e-06,0.0005173241808545,0.0192319498189752,5.588660187734771e-06,0.0019076362001495,2.498314717799993e-05,0.0018294443846837,0.0005515237566515578,0.0004831244519601128,17,0.0001131012805912,0.23215436641952317,0.0,0.047619047619047616
2019-11-27,72,2019-11-28 00:00:00,146,OK,0.0106986342591437,0.3065068493150685,5.4281519489292795e-18,0.04831427609305,4.93530501404707,2.4217153797192326e-06,2.3425676036710264e-06,0.0002308098167303,0.0104918516436648,3.716079684430033e-05,0.0005946303076978,3.521714935109289e-05,0.0006494363093609,0.00036781593089935664,0.00031827768266771056,17,0.0001131012805912,0.9218633611011708,0.0,0.047619047619047616
2019-11-27,78,2019-11-28 06:00:00,147,OK,0.006305476014037,0.1502267573696145,0.0061402047582785,0.2527454709465274,19.999999999999996,1.6900309900517765e-06,1.083332139943265e-06,0.0001558591102209,0.0090500595914249,3.384346409334453e-05,0.0007464561422029,2.8291567901336855e-05,0.0007126655561001,0.00018892289725773166,0.00011810184700090966,17,0.0001131012805912,0.6748700708290889,0.0,0.047619047619047616
2019-11-27,84,2019-11-28 12:00:00,145,OK,0.0087181722317134,0.0793103448275862,3.4786238648105375e-09,0.1233591340818297,10.4715181528557,1.302176674483699e-07,5.746778464953816e-08,4.465669414622433e-05,0.0078432164061138,1.928724921730291e-06,0.0001152145879239,1.252784504639959e-06,0.000104640308374,0.0001933827324373011,0.00014519641375093726,17,0.0001131012805912,0.2035289928882803,0.0,0.047619047619047616
2019-11-27,90,2019-11-28 18:00:00,147,OK,0.0048414280581139,0.0280612244897959,3.507191930378763e-10,0.1233939448404063,-19.999994107142953,1.1932057650239426e-07,8.868245167947054e-08,1.5370192987686907e-05,0.0041478711033063,1.5307188791440034e-06,2.6758713385674075e-05,1.0242228126371348e-06,2.6463222840213784e-05,0.00016248240375302405,1.867681898752254e-05,17,0.0001131012805912,0.657961727487408,0.0,0.047619047619047616
2019-11-27,96,2019-11-29 00:00:00,147,OK,0.0019737176055022,0.0053854875283446,4.6148997709209716e-15,0.0832521314399774,-19.999998514917586,6.652153159695667e-08,5.2674221221884575e-08,9.362526331342902e-06,0.0016702883321017,1.2569735984149178e-06,2.8829990871568425e-05,1.6532144573488896e-06,5.167446670885169e-05,0.000188903550010039,1.1318193217022621e-05,17,0.0001131012805912,0.543878777371434,0.0,0.047619047619047616
2019-11-27,102,2019-11-29 06:00:00,144,OK,0.0007665504415273,0.0199652777777777,5.2395015356384396e-08,0.0355341776845919,19.9999999873169,3.515611004432323e-08,3.3264006062981275e-08,3.706240248095516e-06,0.0010254407938085,1.9788908511484125e-07,1.8833595377885872e-05,9.89978731215203e-08,1.7917588477536654e-05,0.00010884021745718934,3.1278069031973478e-06,17,0.0001131012805912,0.09392803307073287,0.0,0.047619047619047616
2019-11-27,108,2019-11-29 12:00:00,144,OK,0.0007267163349459,0.0749421296296296,0.0002424397452974,0.0666300621786708,19.999999999992955,3.421649438686576e-08,3.326773715319867e-08,4.177608505111494e-06,0.0010254407938085,4.615181815324196e-07,9.360483761559525e-06,2.7306143967737316e-07,7.544184836281849e-06,8.345676822301643e-05,4.8538255829041415e-06,17,0.0001131012805912,0.615314255317633,0.0,0.047619047619047616
2019-11-27,114,2019-11-29 18:00:00,143,OK,0.0005334890351325,0.1471445221445221,0.0006269263213827,0.2226692072033318,-19.999999997918096,3.102655751572966e-08,3.04620220775738e-08,7.492284294176253e-06,0.0012470828808565,8.295743739181023e-08,1.8946142284772087e-05,3.477603597336298e-08,1.6329133357558533e-05,8.742883429908048e-05,1.1974064341660933e-05,17,0.0001131012805912,0.0362047757588749,0.0,0.047619047619047616
2019-11-27,120,2019-11-30 00:00:00,134,OK,0.0003502346769431,0.2238805970149253,0.0009383368984088,0.4761400530335361,19.999996359877215,4.871666489039776e-08,4.8649782450160006e-08,7.66523022607336e-06,0.0013291201307736,6.375362320664314e-09,1.8025437507532045e-05,5.6241223393980185e-08,1.7530071931241982e-05,0.00011998430650044095,1.4359308458188702e-05,17,0.0001131012805912,0.054540608928917544,0.0,0.047619047619047616
2019-11-27,126,2019-11-30 06:00:00,133,OK,0.0001432578548618,0.2910401002506265,0.0009195204953388,0.515029473672553,5.788650027229667,5.6064659463580834e-08,5.6047904426001426e-08,9.30342387594386e-06,0.0013391135152155,2.1487060959291066e-08,1.7016204229763873e-05,-7.267269925245646e-08,1.3334255722405856e-05,0.00015080668081054937,1.8907176949651096e-05,17,0.0001131012805912,0.0,0.0,0.047619047619047616
2019-11-27,132,2019-11-30 12:00:00,149,OK,0.0004409426742787,0.308165548098434,0.0022234292809246,0.9999999999999748,-19.999999999999996,2.926574314572073e-07,2.9211002024349604e-07,4.490675663154124e-05,0.0026027238784519,2.581808209771698e-07,6.746792928394668e-05,-1.6704603283149745e-07,4.444621272149443e-05,0.0001979114862209436,7.92917291820005e-05,17,0.0001131012805912,0.0,0.0,0.047619047619047616
2019-11-27,138,2019-11-30 18:00:00,149,OK,0.0004116406949062,0.3411633109619686,0.0001142007022088,8.438607981026324e-11,-2.8321291793282444,2.5544207847681114e-07,2.553703825084582e-07,5.884310291302951e-05,0.0026027238784519,2.0556290525452057e-06,0.0002871544169479,2.426179054411332e-07,0.000215341225003,0.00019448907556728962,0.00010073760581167293,17,0.0001131012805912,0.019153343222793516,0.0,0.047619047619047616
2019-11-27,144,2019-12-01 00:00:00,150,OK,0.0001829168053789,0.3686111111111111,0.0022339745441736,0.9999999999993796,-19.999999999999996,3.352320081519114e-07,3.333937792993926e-07,5.4207860621359135e-05,0.002585802081087,8.218286780574821e-07,0.0001271535741039,-3.557268983338055e-08,0.0001428385885154,0.00028231248294710245,0.00012613364484367009,17,0.0001131012805912,0.0,0.0,0.047619047619047616
2020-02-06,24,2020-02-05 00:00:00,58,OK,0.0004278471782541,0.189655172413793,0.000493905213781,0.0651091653945066,-18.274470586594045,3.065709655741039e-07,3.063308754588585e-07,3.361776896759328e-05,0.0032906864690797,8.500455198563379e-09,8.502210703755804e-05,-1.0553434590629285e-06,8.0192136709604e-05,6.755812064326181e-05,3.5213094246695676e-05,15,0.0002803128947232,0.0,0.0,0.047619047619047616
2020-02-06,30,2020-02-05 06:00:00,58,OK,9.714411132023014e-05,0.2952586206896551,0.0010152383519343,0.1145522567947261,-6.993643213840672,8.731180480341337e-07,8.718844466159732e-07,6.948958361818461e-05,0.0045831220267221,4.4399437881820666e-08,0.0001903952911556,-2.6742394093368246e-06,0.0001721744390706,0.00012095109913831305,7.332811240413208e-05,15,0.0002803128947232,0.0,0.0,0.047619047619047616
2020-02-06,36,2020-02-05 12:00:00,61,OK,0.0031386717439505,0.4009562841530054,0.0024741412730929,0.4880435727882267,-19.999999999996195,8.943603354293061e-07,8.754774460626251e-07,8.397392655929644e-05,0.0043579341574868,1.287777318172539e-06,0.0002383371552238,-3.5451580871473796e-06,0.000276600319441,0.0001435448209727448,0.0003626124435433125,15,0.0002803128947232,0.0,1.0,0.047619047619047616
2020-02-06,42,2020-02-05 18:00:00,64,OK,0.0006799335467482,0.5553385416666666,0.0010903953482723,0.060967604668865,-5.196685100455768,2.7528901881415285e-06,2.7442052252212515e-06,0.0004259350367719,0.010887465019102,1.8448195151289455e-07,0.0008131008058812,-4.426694986628668e-06,0.0005531547271219,0.0005005057380096894,0.00044003734312037294,15,0.0002803128947232,0.0,0.0,0.047619047619047616
2020-02-06,48,2020-02-06 00:00:00,64,OK,0.0015507322107028,0.552734375,0.001351413856729,0.0820401362008764,-7.779774882973443,3.2606014232189054e-06,3.242826756740787e-06,0.0005572142910396,0.010887465019102,3.5118450681421533e-07,0.0007396967163224,-1.2975752352694723e-05,0.0010239123026357,0.0006477609601181906,0.0005870083170091637,15,0.0002803128947232,0.0,0.0,0.047619047619047616
2020-02-06,54,2020-02-06 06:00:00,64,OK,0.0020596700557653,0.4947916666666667,0.002153723772144,0.1439375393656397,19.99999999999642,4.161616321560624e-06,3.942431960673925e-06,0.0005644300724128,0.010887465019102,2.0058924414429573e-06,0.00055332809257,1.8157788217071483e-05,0.0014076000084965,0.0006602651563768354,0.0006510990325306308,15,0.0002803128947232,0.1934973157232327,0.0,0.047619047619047616
2020-02-06,60,2020-02-06 12:00:00,75,OK,0.0049985964340559,0.5499999999999999,0.0022173520952197,0.1453833410978472,19.999999999999996,3.5622029788195658e-06,2.444262395287015e-06,0.0003155838617619,0.0118600575103285,5.181535568408469e-05,0.0009186610513748,2.507556820684791e-05,0.0007123509946068,0.0006056922110475015,0.0006411455481519048,15,0.0002803128947232,0.5280171235113317,1.0,0.047619047619047616
2020-02-06,66,2020-02-06 18:00:00,76,OK,0.0094841964568821,0.5307017543859649,0.0036427453666433,0.1775911638492091,19.999999965468064,6.466495266886834e-06,3.4853345291110885e-06,0.0006083444151145,0.0167711321052606,9.93482939520095e-05,0.0028915713879048,3.658475698840704e-05,0.0026210010445244,0.0008336100986871649,0.0008575287192845614,15,0.0002803128947232,0.20937471809580455,1.0,0.047619047619047616
2020-02-06,72,2020-02-07 00:00:00,78,OK,0.0096784383020679,0.5459401709401709,0.0008769670431454,6.94790628729087e-16,19.999999999999996,2.460787892489408e-05,3.689692690598887e-06,0.0039738896535215,0.027088255787429,0.0005393469205382,0.0159240855129236,0.0002025969547105,0.0232789370969118,0.004100106470282877,0.003969890373036842,15,0.0002803128947232,0.13054523529172,0.0,0.047619047619047616
2020-02-06,78,2020-02-07 06:00:00,78,OK,0.0055023721174717,0.47008547008547,0.0018428152358107,0.0090658976258371,16.47048950372456,6.47068887707668e-06,4.506514203378502e-06,0.0066502857422866,0.027088255787429,7.356215500237848e-05,0.0089969988085265,1.02657699327404e-05,0.0101724725822768,0.007547923970284587,0.006824429558876202,15,0.0002803128947232,0.015137573264084513,0.0,0.047619047619047616
2020-02-06,84,2020-02-07 12:00:00,78,OK,0.0099677914356047,0.3157051282051282,0.0027326950436762,0.0247171360775889,1.053797975497024,3.276498559812959e-06,3.246575269873218e-06,0.0095229684741922,0.027088255787429,1.0851101564748376e-06,0.0007822931160584,6.184318717619608e-05,0.0035674365957693,0.009579804242944655,0.009628105623436136,15,0.0002803128947232,0.26003203777834727,1.0,0.047619047619047616
2020-02-06,90,2020-02-07 18:00:00,78,OK,0.0162486319777465,0.1554487179487179,0.0040273782579155,0.025176390789292,-1.2267433447612013,3.0632782609553404e-06,2.5666133386316634e-06,0.0049596572274954,0.027088255787429,3.806937989632923e-05,0.0015489594578475,5.166605210689734e-05,0.0025156269451694,0.010506919928302917,0.0032029806914499605,15,0.0002803128947232,0.30807063149471586,0.0,0.047619047619047616
2020-02-06,96,2020-02-08 00:00:00,78,OK,0.0267964357026085,0.0432692307692307,1.7006663987500798e-16,0.0310246070897867,1.3997931790926568,6.56680642224961e-06,6.361207299458076e-06,0.0004711094307718,0.0230978154545567,1.0067648971244232e-05,0.0002812532293712,9.970804354825244e-05,0.0029682516251416,0.0030572127309871724,0.0018441309942504763,15,0.0002803128947232,0.5038725964320623,0.0,0.047619047619047616
2020-02-06,102,2020-02-08 06:00:00,78,OK,0.0204839672949401,0.0373931623931623,1.3395193787230982e-16,0.0363006046526005,14.240352924700383,1.3379442974652212e-05,1.7677377361909972e-06,0.0005551585860757,0.0200794413404461,9.75804192226288e-05,0.0040153940770936,4.190356220347788e-05,0.0037597369850376,0.001196499539034695,0.0023227378536658945,15,0.0002803128947232,0.16718016062123084,1.0,0.047619047619047616
2020-02-06,108,2020-02-08 12:00:00,87,OK,0.017464653928491,0.035919540229885,1.5303008431926228e-11,0.0600652921932857,7.471957342418056,5.344368635304774e-06,3.493553013969457e-06,0.0003444323794865,0.0177882005385184,6.377696702200278e-05,0.0028527606422822,2.4594683381769866e-05,0.0025040970243261,0.0010270091471795437,0.0033345255050738565,15,0.0002803128947232,0.14732665992677796,1.0,0.047619047619047616
2020-02-06,114,2020-02-08 18:00:00,88,OK,0.0157899746781853,0.0222537878787878,5.894985315181075e-15,0.0899831728470186,-12.937645833119351,4.333358227091843e-06,1.8095182538027435e-06,0.000358339435807,0.0151934353997044,6.243897604422225e-05,0.0026292112063554,3.890684399189696e-05,0.002752224485605,0.0011808412875550821,0.000679738043717214,15,0.0002803128947232,0.21204762290680865,0.0,0.047619047619047616
2020-02-06,120,2020-02-09 00:00:00,88,OK,0.0054605809486925,0.0232007575757575,3.9783235651235655e-11,0.018930122138261,19.999999999999932,5.602576406909854e-07,4.9194989738197e-07,2.8608096825809257e-05,0.0055841846391036,1.6310640798865845e-06,4.4486045521858046e-05,7.401212852706248e-06,0.0002159126968195,0.0002001515314580918,0.0003040319188784494,15,0.0002803128947232,0.5141809371377699,1.0,0.047619047619047616
2020-02-06,126,2020-02-09 06:00:00,88,OK,0.0043358867092658,0.0572916666666666,8.640647167368477e-20,0.0258471961388388,19.999999999998796,1.2981776599150936e-06,9.218212356593586e-07,4.974810885976277e-05,0.0055554328089892,6.246436280764311e-06,0.0001619075530552,3.2283554064829868e-06,0.0001424335113021,0.00015031044288071313,0.00012370174860278866,15,0.0002803128947232,0.33998551783600406,0.0,0.047619047619047616
2020-02-06,132,2020-02-09 12:00:00,69,OK,0.0057140645460233,0.1497584541062802,4.761395932431076e-12,0.0503534028216522,19.999999999999996,1.234456088030691e-06,9.092782587570146e-07,4.645237133612926e-05,0.0070665966155625,2.6329007113267303e-05,0.0006566115735269,1.313068367368856e-05,0.0005873453168764,0.00017164378277370712,0.00027014942128042636,15,0.0002803128947232,0.33533978980677975,1.0,0.047619047619047616
2020-02-06,138,2020-02-09 18:00:00,64,OK,0.0062125829830423,0.2083333333333333,0.0009512784701231,0.1506114447655335,19.9999999999148,1.988703168644313e-07,1.4633293514483453e-07,3.878826768325542e-05,0.0055251108319201,1.6611924567760652e-06,4.578535673265517e-05,3.845721749420517e-06,0.0001308924060881,9.615018100034758e-05,0.0005202960624849425,15,0.0002803128947232,0.4407117873781084,1.0,0.047619047619047616
2020-02-06,144,2020-02-10 00:00:00,64,OK,0.0020635922627433,0.2942708333333333,8.150608734218745e-05,0.0257375060024354,-15.311712624786828,1.872636912411535e-07,1.8630773646035346e-07,1.7658143870809766e-05,0.0024468607932161,2.635421167699069e-07,9.534733391632568e-06,1.0954231711020643e-06,0.0001166710279234,6.894999741751672e-05,4.154562744976387e-05,15,0.0002803128947232,0.1408348572819545,0.0,0.047619047619047616
2020-08-04,24,2020-08-03 00:00:00,63,OK,0.0015561681689584,0.0925925925925926,0.0016630729806095,0.3095918414602863,-19.99999999999787,1.285574786037954e-07,1.273322780478894e-07,9.401646906832458e-06,0.0015911515816832,1.9093979185702407e-07,1.28248864438543e-05,3.5129723844605304e-06,0.0001659319348492,0.00017847178646101153,3.3733324614846326e-05,17,-0.0010862799117353,0.35990980633175534,0.0,0.047619047619047616
2020-08-04,30,2020-08-03 06:00:00,63,OK,0.0002223272266408,0.1005291005291005,0.0005732829637328,0.0367865113740439,19.999999608044636,5.338634362600986e-08,5.2838159252338865e-08,1.2371593916599215e-05,0.0015911515816832,4.707300027116233e-08,1.4543332978430976e-05,-2.487941986318625e-07,1.67664813305623e-05,0.00023259864673325705,1.2845665015381878e-05,17,-0.0010862799117353,0.0,0.0,0.047619047619047616
2020-08-04,36,2020-08-03 12:00:00,63,OK,0.0003460579896624,0.2222222222222222,0.0241070546217593,0.577004165986457,19.999999999999883,3.034023977961649e-05,1.1631023836730535e-05,0.0013570093159623,0.0447335601503438,0.0006372778280584,0.004818249728349,0.0004749128576838,0.0044227894717693,0.0013455613804751636,0.001409547880811181,17,-0.0010862799117353,1.8254358775514714,1.0,0.047619047619047616
2020-08-04,42,2020-08-03 18:00:00,63,OK,0.0007139690473808,0.3558201058201058,0.0108198188200113,3.768922603628966e-17,6.131159063209826,7.277829803138581e-05,1.3731524365744554e-05,0.004802211170415,0.1090507454820856,0.0009018113772048,0.0059590223362397,0.0008043960632545,0.0059802125106587,0.004429453371402698,0.006014677596613055,17,-0.0010862799117353,2.286663400498501,1.0,0.047619047619047616
2020-08-04,48,2020-08-04 00:00:00,63,OK,0.0010153268340198,0.4093915343915344,0.0133140762486852,0.0046500196567296,-0.0473003671240438,4.1351091663968026e-05,4.1102714629443424e-05,0.0110231090484226,0.1198540973172484,0.0002702942728428,0.0184707230466488,-3.0943422372461345e-05,0.0160775333589179,0.011774819446471432,0.015005072627439617,17,-0.0010862799117353,0.0,1.0,0.047619047619047616
2020-08-04,54,2020-08-04 06:00:00,63,OK,0.0012620869275119,0.4259259259259259,0.0161741209933386,0.0309980738579921,-0.2696801102121334,4.295326451104516e-05,4.217814405648215e-05,0.0171559912416528,0.1198540973172484,4.692375025692563e-05,0.0133618538650941,-0.0001762319289074,0.0230970560975073,0.01851702258768696,0.02302802977448148,17,-0.0010862799117353,0.0,1.0,0.047619047619047616
2020-08-04,60,2020-08-04 12:00:00,74,OK,0.0616865815091055,0.259572072072072,0.014798152794286,0.0346028183225065,-0.1205006314010292,2.6027325794469067e-05,2.590606191712513e-05,0.020360627395999,0.1114497190977744,3.9437220309460745e-06,0.0125241654680009,-0.000143171819944,0.0118859266722467,0.01824845907486972,0.02409543765448206,17,-0.0010862799117353,0.0,1.0,0.047619047619047616
2020-08-04,66,2020-08-04 18:00:00,73,OK,0.1055399674986724,0.1090182648401826,0.0084467170219605,0.0287887886588802,-0.239830444572648,8.26079084063436e-06,8.073242572237669e-06,0.0116914791780716,0.112973964327804,3.311258226239512e-06,0.0030229435881248,-3.422829137425646e-05,0.0029377241852638,0.011828829439277032,0.014772211631143433,17,-0.0010862799117353,0.0,1.0,0.047619047619047616
2020-08-04,72,2020-08-05 00:00:00,73,OK,0.102722367055067,0.0473744292237442,1.2479420550245562e-24,0.0286213892891822,0.50106921234193,1.3845980415784895e-05,6.483282962455576e-06,0.0020443586628269,0.0979750975397008,0.0002953595709545,0.0020047111166933,0.0002094851484147,0.0021188627737544,0.002541039606013845,0.0026086359893101336,17,-0.0010862799117353,1.680735329895738,1.0,0.047619047619047616
2020-08-04,78,2020-08-05 06:00:00,73,OK,0.0863892831851904,0.0211187214611872,4.148297816089809e-27,0.0342086357184896,1.169927606261988,2.935745500354722e-05,2.642832924953331e-06,0.0014949040768159,0.0835196704599882,0.0001697843088849,0.001611708194599,0.0001291167231972,0.0014573600474226,0.0011186546986553289,0.0012527990794522763,17,-0.0010862799117353,1.5061372776304098,1.0,0.047619047619047616
2020-08-04,84,2020-08-05 12:00:00,73,OK,0.0775875890448314,0.0245433789954337,2.584139958165305e-18,0.045003178535514,0.0578346988723406,8.062826546174831e-06,8.019990179505703e-06,0.0014430192249938,0.0772738267656348,1.2684446298923144e-05,0.0008848687260453,-1.3104141374251831e-06,0.0008265523511879,0.0009367787615922998,0.0016630880057712765,17,-0.0010862799117353,0.0,1.0,0.047619047619047616
2020-08-04,90,2020-08-05 18:00:00,73,OK,0.0600216441104212,0.0605022831050228,0.007762225333495,0.0490514020832515,-1.0608129560030464,9.861533346028394e-06,4.7006084686611e-06,0.0011733081160085,0.0581276094845528,0.0001436708754093,0.001250022924475,0.0001485013301541,0.0015336792394779,0.000495713445484276,0.001635743909816814,17,-0.0010862799117353,1.6460564553766182,1.0,0.047619047619047616
2020-08-04,96,2020-08-06 00:00:00,73,OK,0.0432255958352908,0.0901826484018264,0.0012287314919289,0.0348105580380908,-0.9808715262736571,6.071938592740811e-06,4.756845672722397e-06,0.000701849203077,0.0418495494024796,0.0001137021234187,0.0007470825904952,0.0001174606669928,0.0008834352888529,0.0006904171128005235,0.001327303647787203,17,-0.0010862799117353,2.2603028926661892,1.0,0.047619047619047616
2020-08-04,102,2020-08-06 06:00:00,65,OK,0.0347438772749532,0.0903846153846154,2.556172423585985e-13,0.0225168173894489,2.768661258862032,4.566967704150522e-06,1.446133127423927e-06,0.0002403086527644,0.034318687259911,2.178273913481771e-05,0.0010465707623129,5.454418511967541e-06,0.0010155010924563,0.0004284874084400547,0.0003705970582823612,17,-0.0010862799117353,0.09130971437870554,0.0,0.047619047619047616
2020-08-04,108,2020-08-06 12:00:00,65,OK,0.0341943901773097,0.0878205128205128,2.6804606986723284e-20,0.0307859507772499,-1.1637123096117317,3.707972563657212e-06,2.494826728955919e-06,0.0004635443287904,0.0337797662502718,1.5234702382716498e-07,0.0006358845262834,5.466123654594996e-06,0.0008142123541289,0.0004807357347743218,0.0005057476330448527,17,-0.0010862799117353,0.11412760032059632,1.0,0.047619047619047616
2020-08-04,114,2020-08-06 18:00:00,65,OK,0.0270263688451049,0.057051282051282,2.2878917286410276e-18,0.0229557384324368,-1.038994250296044,5.9245485515440885e-06,5.4978678201574245e-06,0.0004229254957461,0.0264647950155093,6.2102047723398485e-06,0.0007412635484122,-7.607310803553705e-06,0.0007474128693557,0.0005284064310688814,0.0005873394357269621,17,-0.0010862799117353,0.0,1.0,0.047619047619047616
2020-08-04,120,2020-08-07 00:00:00,65,OK,0.0231398192080126,0.0429487179487179,7.450184080997695e-14,0.0241413016114044,3.288331036961979,6.569926126163724e-06,5.955177850567709e-06,0.0003219181650973,0.0233834950564299,2.319918045643899e-06,0.0005460373097907,-1.319190446976097e-06,0.0005883562246656,0.0003670113267602648,0.0005856808922144994,17,-0.0010862799117353,0.0,1.0,0.047619047619047616
2020-08-04,126,2020-08-07 06:00:00,65,OK,0.0185795331174439,0.0589743589743589,4.4337540717168564e-13,0.0215179651175412,19.999999997452715,7.478260937898667e-06,5.816874063397714e-06,0.0003195369669811,0.0233834950564299,8.480152909701269e-06,0.0001314385481122,8.054117677608534e-06,0.0001543469263419,0.0004091747561548908,0.0003551821967280481,17,-0.0010862799117353,0.8870924984670453,0.0,0.047619047619047616
2020-08-04,132,2020-08-07 12:00:00,65,OK,0.0228496760376589,0.0634615384615384,0.0085053131669904,0.095580743400952,-4.267254673775971,1.978975525394262e-06,1.660129270821971e-06,0.0006761317705702,0.0233834950564299,7.479325511273983e-06,0.0003960957889648,7.179088378449722e-06,0.000573939600748,0.0005576721776268433,0.00038670268882919393,17,-0.0010862799117353,0.21264345982501984,0.0,0.047619047619047616
2020-08-04,138,2020-08-07 18:00:00,65,OK,0.0129071094899607,0.0551282051282051,0.0035312651149246,0.0494296611492265,7.1205089400518675,3.635269636191486e-07,2.615053524976017e-07,0.0001236653173319,0.012733917253953,3.8020969821942186e-06,9.780286491362554e-05,6.306667820025959e-06,0.0002314827001559,0.00020571409881439885,0.00016642015856715365,17,-0.0010862799117353,0.46315924632050154,0.0,0.047619047619047616
2020-08-04,144,2020-08-08 00:00:00,65,OK,0.0126361678962186,0.0397435897435897,2.988107244786557e-20,0.0392299255919571,-3.665080359221797,3.1411918517478754e-07,2.6883334953473865e-07,9.430126264358592e-05,0.0118784807003333,1.0994060342540649e-06,0.0003852824766232,-3.1169222057617966e-06,0.0003638219353406,0.00014771172521468753,0.00016281447223835183,17,-0.0010862799117353,0.0,1.0,0.047619047619047616
2020-10-29,24,2020-10-28 00:00:00,73,OK,2.4863272265776292e-05,0.1358447488584474,0.0012984778724771,0.5844625553837415,-19.720781041815968,7.124522190377164e-08,7.115384904902727e-08,6.880928801514397e-06,0.0012829915679959,7.580981441652611e-08,8.49307558382057e-06,2.4669776114285103e-08,9.742277351165844e-06,0.0001386865605132182,8.163505677979643e-06,15,-0.0022264222130496,0.037983587243078605,0.0,0.05
2020-10-29,30,2020-10-28 06:00:00,73,OK,6.095313512035741e-06,0.1621004566210045,0.0029370493691111,0.9999999999999408,-19.99999999999946,3.296712883130361e-07,3.287586644411739e-07,2.2649179934947512e-05,0.0018834608243295,1.030533267811443e-06,5.1794251867436825e-05,6.987500488806952e-07,7.239228590956911e-05,0.00019276110747946658,2.3117986601881e-05,15,-0.0022264222130496,0.1447840830209918,0.0,0.05
2020-10-29,36,2020-10-28 12:00:00,74,OK,0.0008161451825844,0.2578828828828829,0.0403788115732926,0.4886234721736969,19.999999999999897,0.0003217155619856,0.0001215456877292,0.003145247347088,0.0922590311081693,0.0068585612608947,0.0278523824056313,0.0064180256917686,0.0278089500851499,0.0033289408495820374,0.0034793711862193,15,-0.0022264222130496,3.4618489760222126,1.0,0.05
2020-10-29,42,2020-10-28 18:00:00,66,OK,0.0002808418315844,0.4141414141414141,0.0327592498966893,0.1789371999119423,1.875470084852312,0.0003147037085717,0.0002745922484922,0.0115277089346731,0.1209285217216193,0.0019581611073514,0.0070862758319128,0.0015417041323828,0.0061671180842773,0.01436595071572828,0.01363851393745281,15,-0.0022264222130496,3.7498166355366602,0.0,0.05
2020-10-29,48,2020-10-29 00:00:00,66,OK,4.830150975510768e-05,0.4501262626262626,0.0324714880662404,0.1713641833822857,-1.3307235911751385,0.0002238914302364,0.0002004787975435,0.0170863431669026,0.1209285217216193,0.0007462340078374,0.0130929618777051,0.0007100868422612,0.0130371442397662,0.01984146431395718,0.018140885746067592,15,-0.0022264222130496,0.8169966089221555,0.0,0.05
2020-10-29,54,2020-10-29 06:00:00,66,OK,0.0020836923940263,0.5214646464646465,0.0370667842022738,0.1972203902860017,-1.6239762882423976,0.0001730338654432,0.0001457538933708,0.0213728337101729,0.1209285217216193,0.0005465606985718,0.0129645853642055,0.0004364800969639,0.0131109218548297,0.02360037785709183,0.024506272744940372,15,-0.0022264222130496,0.4993700311047688,1.0,0.05
2020-10-29,60,2020-10-29 12:00:00,106,OK,0.1231010040650707,0.3722484276729559,0.0377133030624581,0.1035149474144838,-1.0442185799153871,0.0001415835820354,5.90603848849785e-05,0.0284413277796156,0.1763019339905758,0.0026605356475981,0.0073614113632437,0.0028642892881544,0.0082928316266745,0.022721160302074012,0.03337488125462325,15,-0.0022264222130496,5.18090095837929,1.0,0.05
2020-10-29,66,2020-10-29 18:00:00,105,OK,0.1741800357806467,0.2468253968253968,2.7173876938210038e-21,0.0307707862233721,-0.299214072642626,8.144147627843456e-05,3.389547887346629e-05,0.0034583835492339,0.1607500964668508,0.0004029231488216,0.0015886298778975,0.0003934391448957,0.0015961441314276,0.004144392133151398,0.021921709155823248,15,-0.0022264222130496,3.6974024195152655,1.0,0.05
2020-10-29,72,2020-10-30 00:00:00,105,OK,0.1284648706915721,0.1583333333333333,0.0056808325247346,0.0283480430379216,0.3083295706761736,5.4606939111737685e-06,4.104627997995186e-06,0.0025143332739984,0.1226515648133416,3.296676657274113e-05,0.0028175989579811,7.478673242890221e-07,0.0028835114074772,0.0035120855432086316,0.00812321805735294,15,-0.0022264222130496,0.0038903989889708915,1.0,0.05
2020-10-29,78,2020-10-30 06:00:00,104,OK,0.113773705115425,0.0849358974358974,0.0127436806483934,0.0340618648347124,0.3596192590344242,6.549989523497148e-06,6.247002619340817e-06,0.002790705587575,0.1135422487227282,6.3926531380034684e-06,0.0018897986359159,-1.1527747625034102e-05,0.0019132182292973,0.0024803046666161586,0.00428181349335836,15,-0.0022264222130496,0.0,1.0,0.05
2020-10-29,84,2020-10-30 12:00:00,104,OK,0.1052042183410097,0.0432692307692307,5.330472863658659e-21,0.0245189307061523,-0.3145479665709224,9.578303784930224e-06,7.053772210000145e-06,0.0025970163387434,0.1059893233449245,0.0001355104364831,0.0006762955473642,0.000143749898728,0.0007629778047683,0.00262879482036901,0.004582944731482267,15,-0.0022264222130496,2.826095945968974,1.0,0.05
2020-10-29,90,2020-10-30 18:00:00,112,OK,0.0870859718733476,0.003720238095238,2.753721676833916e-20,0.0243241857457067,-0.3471010563776612,1.6862828333245944e-05,9.398991988399564e-06,0.0012683821449435,0.0851006364850993,6.217531410545458e-05,0.0004576964648803,6.286839655144523e-05,0.0004882539266491,0.0014577305374747483,0.001699309993069076,15,-0.0022264222130496,1.931425221182943,1.0,0.05
2020-10-29,96,2020-10-31 00:00:00,112,OK,0.0692792652454332,0.0,0.05,0.016796475977639,0.5559642597633865,4.030486346803846e-06,3.0263550550377405e-06,0.0005511284630542,0.0647177364606757,2.0566560757971168e-05,0.0013547161866277,1.5808306199690658e-06,0.0013158153056131,0.000673228765504986,0.0006505183285080534,15,-0.0022264222130496,0.0180211152723195,0.0,0.05
2020-10-29,102,2020-10-31 06:00:00,112,OK,0.0628490293044438,0.0,0.02,0.0190932681826857,0.89383171026244,4.179117163449019e-06,1.5611752048800395e-06,0.0004209307856605,0.0614022116215353,6.646098523722504e-05,0.001684785860787,4.9566457790894513e-05,0.0016778203799803,0.0004140776558883842,0.0006453580133532938,15,-0.0022264222130496,0.44313257589119726,1.0,0.05
2020-10-29,108,2020-10-31 12:00:00,110,OK,0.0603342058162565,0.0015151515151515,0.1285079207007617,0.0228450793147453,-0.4553741444008388,3.2511080803284575e-06,2.2171310505389634e-06,0.0006789907287852,0.0595270067859071,3.1035988699435795e-05,0.0006648842021047,3.184756440370217e-05,0.0007200820623279,0.0005659051027095891,0.0008293600779366725,15,-0.0022264222130496,0.6634153120148112,1.0,0.05
2020-10-29,114,2020-10-31 18:00:00,109,OK,0.0533896713718281,0.0451070336391437,0.0042014831962833,0.0207686878712826,-0.456712719914186,5.169636496364008e-06,3.684133077418272e-06,0.0004462498535669,0.0530929759198532,0.0001115945879481,0.000497361308679,0.0001131103707922,0.0005209061188869,0.00045190681563066004,0.0005833332228327378,15,-0.0022264222130496,3.257123501464149,1.0,0.05
2020-10-29,120,2020-11-01 00:00:00,109,OK,0.0431757254715617,0.1039755351681957,4.247019008922051e-13,0.0113148060105192,1.7629454993713318,1.851853808606823e-06,9.429144239545348e-07,0.0001879658522177,0.0421688852963832,4.991978177064475e-06,0.0002153464243548,3.4001305908343512e-06,0.0002127568832565,0.0003871707117401707,0.0006129785910645838,15,-0.0022264222130496,0.23971943037456153,1.0,0.05
2020-10-29,126,2020-11-01 06:00:00,109,OK,0.0398254058381125,0.2419724770642202,1.2552352905018864e-11,0.0149247076900005,16.56489823923147,5.882927522352277e-06,7.230464366004789e-07,0.0002406923607429,0.0399531862933919,1.968216677260248e-05,0.000202162658747,1.7799053511892254e-05,0.0002036942007886,0.0005079024182190626,0.0004944483831082461,15,-0.0022264222130496,1.310718722696822,0.0,0.05
2020-10-29,132,2020-11-01 12:00:00,96,OK,0.0449000674459781,0.2860243055555556,6.815595680718881e-14,0.0241578983606644,0.4520551605707709,2.1411858948961704e-06,1.925929408747281e-06,0.0002890769809285,0.0451561004938784,5.952463404857278e-06,0.0005455329253292,-7.975793510835162e-07,0.0005341323054979,0.0005982945887353883,0.0008695057226797209,15,-0.0022264222130496,0.0,1.0,0.05
2020-10-29,138,2020-11-01 18:00:00,96,OK,0.0398770640250717,0.2703993055555556,4.936893555863329e-22,0.0239108993714942,-0.7375807190649905,3.457911737410917e-06,2.344823004136356e-06,0.0002939611258896,0.0404658850371756,3.909313205960112e-05,0.0010115742650087,2.586915020149728e-05,0.001007728102119,0.0005184276682968387,0.0006849270107118183,15,-0.0022264222130496,0.38506145874716996,1.0,0.05
2021-02-15,24,2021-02-14 00:00:00,222,OK,0.0095480308512729,0.0396021021021021,0.0008701558169733,0.0034509233411888,-0.381844240258254,5.240645426063791e-07,5.223542646923229e-07,0.0001878781065654,0.010743743661849,1.0658572514876104e-05,0.0004008433239926,6.71093830612614e-06,0.0003521102925235,0.0004433547232583059,0.0007282633806115664,15,-0.0003886667746823,0.28588790708290285,1.0,0.047619047619047616
2021-02-15,30,2021-02-14 06:00:00,215,OK,0.0088318360449612,0.0810077519379845,0.0004773790899232,5.728404412942028e-18,0.4875959333670652,6.857717865875463e-07,4.904073951628087e-07,0.0002165575912379,0.0110935399671185,4.124826937759721e-07,0.0001560079578039,-6.338318119224469e-07,0.0002048987860089,0.0005320695903821039,0.0007603465198726144,15,-0.0003886667746823,0.0,1.0,0.047619047619047616
2021-02-15,36,2021-02-14 12:00:00,200,OK,0.0096189295545324,0.1360416666666666,0.0083692198346018,0.0450993008227936,19.999999999999865,2.239327713747364e-05,5.903013478627904e-06,0.0010014718419892,0.0349204412979337,0.0004098617854689,0.0032756879378281,0.000381703702037,0.0031189532635886,0.001370940521514676,0.0014252901119053724,15,-0.0003886667746823,1.8357298255785017,1.0,0.047619047619047616
2021-02-15,42,2021-02-14 18:00:00,196,OK,0.0121739504192864,0.1936649659863945,0.0065607481689291,3.2112379948667094e-16,9.469689421020712,6.524357607794584e-05,2.4953396905979345e-05,0.0031943552466673,0.0513036812233686,0.000657558618409,0.003382678473358,0.0007530714978202,0.0038666772855392,0.003907375657706799,0.003613013989619877,15,-0.0003886667746823,2.921390028991723,0.0,0.047619047619047616
2021-02-15,48,2021-02-15 00:00:00,193,OK,0.0096431000148301,0.2530224525043178,0.0097665016531922,1.902597842227992e-15,0.0428104999148531,2.9079773422988276e-05,2.904826719532378e-05,0.0052273625130924,0.0680964775449215,9.60501557747784e-05,0.0084472917873753,4.9372995378319625e-05,0.0084642601557173,0.007086770245991895,0.006454477132767389,15,-0.0003886667746823,0.08749671170900264,0.0,0.047619047619047616
2021-02-15,54,2021-02-15 06:00:00,194,OK,0.010351224548086,0.2946735395189003,0.0144458392294787,4.7195541814550935e-17,2.1086063843876044,6.170750216881255e-05,2.2203139593203025e-05,0.0108863741916181,0.1172753330274802,0.0009043807561081,0.0139312063157558,0.0008347572804711,0.0146910088081463,0.015471116369015474,0.01457567227388238,15,-0.0003886667746823,0.8523144578147207,0.0,0.047619047619047616
2021-02-15,60,2021-02-15 12:00:00,194,OK,0.0360071591505746,0.2452749140893471,0.01409786844739,1.0126019521168613e-15,2.4329664982812074,9.669921196924924e-05,1.650226121776617e-05,0.0145270634507095,0.1216839484358997,0.0013166752425812,0.0294371971117729,0.0012454144012724,0.0293808608907357,0.02438495904609824,0.019262216354823804,15,-0.0003886667746823,0.6358294295241879,0.0,0.047619047619047616
2021-02-15,66,2021-02-15 18:00:00,192,OK,0.0523725398943843,0.1990017361111111,0.0168037604001298,2.185782720996732e-19,4.227755838291972,7.807876232326385e-05,2.6366308478511437e-05,0.022667645483813,0.1282828650333307,0.0010275203325598,0.0123090369591179,0.0009427282922935,0.0123635476713253,0.03166146660615269,0.029628095299880055,15,-0.0003886667746823,1.1437594418954244,0.0,0.047619047619047616
2021-02-15,72,2021-02-16 00:00:00,193,OK,0.0681023947942888,0.1204663212435233,0.0378941869035489,0.0232151225261661,3.652286589325113,0.0001052690237452,4.428268161977932e-05,0.0194167542113951,0.1276181869761632,0.0008919302882164,0.0063600455636992,0.000800012872892,0.0061278906385527,0.03623376708857048,0.031133462781918482,15,-0.0003886667746823,1.9582910011289358,0.0,0.047619047619047616
2021-02-15,78,2021-02-16 06:00:00,198,OK,0.1175784375343835,0.038510101010101,2.7541223769251268e-11,0.0105815576161768,1.5444910800047773,0.0001209706565648,5.4329403586276304e-05,0.0033799973798614,0.1266333445984356,0.0020257368269499,0.011344562927048,0.0019280870229971,0.0113053754569143,0.01475229432134248,0.022560619288385403,15,-0.0003886667746823,2.558190610756621,1.0,0.047619047619047616
2021-02-15,84,2021-02-16 12:00:00,202,OK,0.1183682823698916,0.0457920792079208,0.0059658957352741,0.023390089660688,0.3045507757418781,4.466274817216439e-05,4.005485886892599e-05,0.0047746758507663,0.1243953851450505,0.0001486794107294,0.0104545182971068,6.528885222800887e-05,0.0101026068199151,0.01024586902853054,0.02364502447913846,15,-0.0003886667746823,0.09693862196929122,1.0,0.047619047619047616
2021-02-15,90,2021-02-16 18:00:00,207,OK,0.1149799503217694,0.0384460547504025,0.0563724981030793,0.046456107882068,-0.4651005050082419,3.3951708356213076e-05,1.6435516214391014e-05,0.0056306811433293,0.1060581566380585,0.000699696391095,0.0099966828313679,0.0006658226854438,0.0102586375000175,0.0063509975248740354,0.017543473014491995,15,-0.0003886667746823,0.97355426406674,1.0,0.047619047619047616
2021-02-15,96,2021-02-17 00:00:00,210,OK,0.085693161201009,0.0617063492063492,0.0112723648613968,0.0180102041993427,0.8277081413183448,5.999641417184666e-06,5.740302845055476e-06,0.0022044214968359,0.0863335023034373,3.822758572580635e-06,0.001904213202776,-8.286812710545785e-06,0.00187264072273,0.004017963118733943,0.008795023588032495,15,-0.0003886667746823,0.0,1.0,0.047619047619047616
2021-02-15,102,2021-02-17 06:00:00,207,OK,0.0802065040641106,0.1268115942028985,0.0114904785107465,0.019408716752345,-0.2555518536222814,7.233564462347699e-06,7.091629903372168e-06,0.0045668153548819,0.0765914003681082,4.09327574454987e-06,0.0038230075461411,-7.42033945610143e-06,0.0036935312853929,0.005863640329275717,0.005295588919742525,15,-0.0003886667746823,0.0,0.0,0.047619047619047616
2021-02-15,108,2021-02-17 12:00:00,209,OK,0.0736276595825278,0.1891945773524721,0.0054937273525773,0.0107836279939821,-0.155560949073136,7.717171305581356e-06,7.563534997002776e-06,0.0073828458048301,0.0770458182026621,2.9088874133026935e-05,0.0081845926110703,-1.851966550290235e-05,0.0066854027032988,0.009892189377987632,0.008683571271797667,15,-0.0003886667746823,0.0,0.0,0.047619047619047616
2021-02-15,114,2021-02-17 18:00:00,207,OK,0.0704524623541009,0.2020933977455716,0.0068810068601949,0.0160296108969102,-0.2532782719041144,8.180767462492787e-06,7.892768931508145e-06,0.0106853533683933,0.0772801152782736,1.0166842028097423e-05,0.015863957112505,-4.563001006039966e-05,0.0131750466658436,0.0135327144916973,0.012084159948241932,15,-0.0003886667746823,0.0,0.0,0.047619047619047616
2021-02-15,120,2021-02-18 00:00:00,207,OK,0.0696408505014198,0.1708937198067633,0.0085999661688816,0.0222100430456924,0.7229971825505159,5.470997571207281e-06,5.2742929136429815e-06,0.0063860219152901,0.0772801152782736,3.0689883490616256e-06,0.0035978756640542,1.4731118799154023e-05,0.0037053686692319,0.01426333012868125,0.008176221520803691,15,-0.0003886667746823,0.05963422312660602,0.0,0.047619047619047616
2021-02-15,126,2021-02-18 06:00:00,207,OK,0.0742818906137974,0.1048711755233494,0.0101936999725111,0.0284593389780195,1.2477658884179883,7.622902397348996e-06,4.8588221140937635e-06,0.0028132827918701,0.0772801152782736,8.143702340460409e-05,0.0015425430355996,6.502904074331606e-05,0.0014919595689569,0.007074099639583983,0.003107499695467723,15,-0.0003886667746823,0.6537949361668791,0.0,0.047619047619047616
2021-02-15,132,2021-02-18 12:00:00,208,OK,0.0754211800327269,0.0308493589743589,0.014595392488749,0.0267856417020845,-0.4551300055513875,1.0628415933176602e-05,9.0718407530096e-06,0.0021695867559573,0.076982466539101,6.65502635711517e-05,0.0019503596859944,6.394189428934659e-05,0.0019953763133583,0.005129032174813011,0.0030967706571011526,15,-0.0003886667746823,0.48067545350678564,0.0,0.047619047619047616
2021-02-15,138,2021-02-18 18:00:00,209,OK,0.0745585492869366,0.0049840510366826,2.3878781774490668e-17,0.0228233896688557,-0.3809938067726445,3.127548305984593e-05,2.229962659303895e-05,0.0023586049637129,0.0753621911224138,1.1299690982843564e-05,0.000714593519949,9.756771476262052e-06,0.000713046975069,0.0034715277742670956,0.0037246652192575638,15,-0.0003886667746823,0.20524814950623507,1.0,0.047619047619047616
2021-02-15,144,2021-02-19 00:00:00,209,OK,0.058255165616519,0.001993620414673,2.687968187635514e-13,0.0113359391461969,-0.2151995458871714,1.0149921969403368e-05,9.933754817528828e-06,0.0008129295621939,0.0556549616186519,3.631785321464788e-05,0.0006729872572271,3.299834649014352e-05,0.0006717445184632,0.002186889490836447,0.002128667028900761,15,-0.0003886667746823,0.7368503705613324,0.0,0.047619047619047616
2021-05-04,24,2021-05-03 00:00:00,187,OK,0.000746867444644,0.1635472370766488,0.0005221927916305,0.0516102974942829,19.999999999999694,1.592123018371552e-07,1.49608925823279e-07,9.504566963690682e-05,0.0021185216629109,8.147829425698269e-07,0.0005267569769397,-8.661392766033255e-07,0.0001632955289254,0.0004773190165444412,0.0003216952349852753,17,2.313396599321004e-05,0.0,0.0,0.047619047619047616
2021-05-04,30,2021-05-03 06:00:00,185,OK,0.0014232254401474,0.1556306306306306,0.0001611999031734,8.142106291140328e-16,19.99999999541412,9.810551164821786e-07,8.971489972194194e-07,0.0002471802703994,0.0053064264743356,9.713750623289137e-06,0.0006292922799491,5.828262301270549e-06,0.0004885943298849,0.00039123500013371767,0.00020725639641372805,17,2.313396599321004e-05,0.202786755926824,0.0,0.047619047619047616
2021-05-04,36,2021-05-03 12:00:00,182,OK,0.000475315717109,0.1426282051282051,0.0030310213958906,5.50020660704258e-17,17.816993219093757,3.8470094958479145e-05,9.663874065981722e-06,0.0008618722328536,0.0248073909960746,0.0002028539023151,0.0023530054805078,0.0001965321937601,0.0023435182791732,0.0011225999872514025,0.0009779432618721878,17,2.313396599321004e-05,1.4256544630411123,0.0,0.047619047619047616
2021-05-04,42,2021-05-03 18:00:00,181,OK,0.0008145032646983,0.1675874769797421,0.0061468746608942,6.624913045654695e-18,1.9870460143763813,3.542063981369344e-05,3.36910687459264e-05,0.0017109171348989,0.0249444484048927,0.0001927927233388,0.0029036872970001,0.0001721840505586,0.002896818822516,0.0019380521829654416,0.0018124504171094249,17,2.313396599321004e-05,1.0104632145940955,0.0,0.047619047619047616
2021-05-04,48,2021-05-04 00:00:00,171,OK,0.0023116835095681,0.1825048732943469,0.0098137337649677,1.0178936360150425e-13,0.3483294004999248,5.228550174237901e-05,5.190430273007197e-05,0.0039634788177454,0.0473657256462048,0.0002685873318215,0.0175862894624582,0.000177479434382,0.0178003985054293,0.0038552513790735578,0.00429485694253148,17,2.313396599321004e-05,0.16949903585437923,1.0,0.047619047619047616
2021-05-04,54,2021-05-04 06:00:00,168,OK,0.0058424870557673,0.1783234126984127,0.0165372066844673,0.0824430064687537,-2.1237458072986226,9.30885232565974e-05,8.612131476397404e-05,0.0046751789891568,0.0482112738750919,0.0003568629013644,0.0227594820301166,0.0001796547482889,0.0227702990138441,0.004896505756628941,0.005288519934327864,17,2.313396599321004e-05,0.1341278267384377,1.0,0.047619047619047616
2021-05-04,60,2021-05-04 12:00:00,174,OK,0.027315456374088,0.160919540229885,0.0094988226298557,0.0574829091877,3.302983827615579,5.4560910193244714e-05,5.0898541162294426e-05,0.0044137924409072,0.0494447223256179,0.000194865194424,0.0069625619752696,0.0001512027035606,0.0069612845671059,0.0046084446718775655,0.005123046769634632,17,2.313396599321004e-05,0.36924879822846296,1.0,0.047619047619047616
2021-05-04,66,2021-05-04 18:00:00,174,OK,0.0219453013570457,0.1115900383141762,0.0324984130076044,0.1181030672064907,-0.0099606938411509,7.273330088008611e-05,7.273327209427419e-05,0.0041997394425777,0.0494594616234309,6.349849951223532e-10,0.0013439589047256,4.056321649380775e-05,0.0015908367922308,0.004521387085087815,0.0046528702276242,17,2.313396599321004e-05,0.43346664080339403,1.0,0.047619047619047616
2021-05-04,72,2021-05-05 00:00:00,172,OK,0.0435710991483663,0.0920542635658914,0.0005305297099572,0.0645363560145656,-2.310867938490638,1.1538584415429895e-05,6.6374776939173035e-06,0.0009424107671525,0.0331127532749908,0.0002277261101961,0.0028054882988677,0.0002491819053645,0.0029031162038294,0.0012191632424403674,0.0016413126968322358,17,2.313396599321004e-05,1.4591535762877206,1.0,0.047619047619047616
2021-05-04,78,2021-05-05 06:00:00,172,OK,0.023662619542014,0.0731589147286821,1.0503786759675173e-10,0.0428433497795842,6.450894048786835,6.297848468065803e-06,9.195218177717296e-07,0.0004986248304657,0.0240637926225029,4.934994476093667e-05,0.0012164911630511,3.706574066657198e-05,0.0012332369976506,0.0006312197609314343,0.0004945167468859418,17,2.313396599321004e-05,0.510946065137634,0.0,0.047619047619047616
2021-05-04,84,2021-05-05 12:00:00,169,OK,0.0234447884655746,0.0631163708086785,0.0003572356494065,0.0737340919735889,1.319128168598951,5.411209439390809e-07,3.8593646847185355e-07,0.0004787742307865,0.0218450428863046,6.2458541741397145e-06,0.0009706871325171,-1.9897282623843416e-06,0.0010200484620076,0.0006629763990723339,0.0005741123659371525,17,2.313396599321004e-05,0.0,0.0,0.047619047619047616
2021-05-04,90,2021-05-05 18:00:00,200,OK,0.0236177360012533,0.0241666666666666,1.3970699866103858e-20,0.0804179409038923,-7.255840053825427,1.25620374086416e-06,3.775000542114779e-07,0.0003411247630717,0.0209089949928157,1.2980116772346085e-05,0.0007792642020395,1.0679164813497049e-05,0.0008134575561484,0.0008033494491907672,0.0005607861096017894,17,2.313396599321004e-05,0.22317796479639584,0.0,0.047619047619047616
2021-05-04,96,2021-05-06 00:00:00,199,OK,0.0144712444955784,0.0127721943048576,0.0086605043582025,0.0781488967497428,-8.165937600727789,1.5776356739314735e-06,7.12361481544318e-07,0.0002863048068726,0.0126481002064347,2.470256614573845e-05,0.0003405748659695,2.5952640307262895e-05,0.0003817793360102,0.0006643581014913341,0.0006922231638201338,17,2.313396599321004e-05,1.1556279861403547,1.0,0.047619047619047616
2021-05-04,102,2021-05-06 06:00:00,191,OK,0.0073001130305425,0.0115619546247818,7.373816940450535e-11,0.0396901732039103,19.99999999999992,1.1565449288457872e-06,7.306972485551173e-07,0.0002031275616145,0.0070529308795616,5.102707447029663e-06,0.0002381753335117,3.458260915885536e-06,0.0002275587801118,0.00036153434276543756,0.00023612083230167486,17,2.313396599321004e-05,0.25835274534856567,0.0,0.047619047619047616
2021-05-04,108,2021-05-06 12:00:00,207,OK,0.005704882629113,0.0134863123993558,0.0005354299966946,0.0618239995661808,19.99999999999986,9.487669104811606e-07,6.628780140562845e-07,0.0001728403566448,0.0065129505358867,7.729765558170312e-06,0.0001485587287104,6.728299128580921e-06,0.0001445374051476,0.0002851899654363105,0.000266698478286847,17,2.313396599321004e-05,0.7913597526472194,0.0,0.047619047619047616
2021-05-04,114,2021-05-06 18:00:00,207,OK,0.0047717440874354,0.0281803542673107,0.0011183338756512,0.0959195960648423,18.215909263647,6.603999620869647e-07,6.259022667783395e-07,0.000157061638141,0.0065129505358867,7.04631202452062e-07,0.0003454382062824,-1.195541325245863e-06,0.0003169075423868,0.00025686298793133896,0.00022351265929893672,17,2.313396599321004e-05,0.0,0.0,0.047619047619047616
2021-05-04,120,2021-05-07 00:00:00,212,OK,0.0067526049507662,0.0418632075471698,0.0016345715803726,0.3162296767051569,-19.99999999990266,3.747239105322382e-07,2.506690203172399e-07,0.0001183250125787,0.0028705527080412,6.996677039880214e-06,0.0007204421524389,4.087740084750219e-06,0.0025276910192395,0.0008206827051983582,0.0006351388307877112,17,2.313396599321004e-05,0.027492118661584464,0.0,0.047619047619047616
2021-05-04,126,2021-05-07 06:00:00,212,OK,0.001242111254438,0.0414701257861635,0.0001101348183893,0.0806063272840133,19.615099385115,1.789687160963938e-08,1.7189949325860262e-08,4.68205639671851e-06,0.0011124369300054,3.994961772683053e-08,9.37351279487339e-06,-2.3540687515958372e-08,9.602120216741629e-06,6.837660790393559e-05,7.488146035714213e-06,17,2.313396599321004e-05,0.0,0.0,0.047619047619047616
2021-05-04,132,2021-05-07 12:00:00,233,OK,0.0005340223398883,0.0434549356223175,4.465666872982568e-05,0.0477110392497595,15.456087545331474,2.5060865592603783e-08,2.4905430242703065e-08,4.840447560317576e-06,0.0007847483209775,5.7620566255306276e-08,6.880008157650122e-06,1.3592117175750278e-07,7.4747937933082605e-06,7.107136017163786e-05,6.040566909269934e-06,17,2.313396599321004e-05,0.3091269115605763,0.0,0.047619047619047616
2021-05-04,138,2021-05-07 18:00:00,229,OK,0.0004281740141111,0.0680494905385735,1.1905921887135085e-06,0.0175913099420804,-18.968773774903035,3.7054725516727055e-08,3.73538112627469e-08,7.646011447577404e-06,0.0007800896818794,2.411871605142476e-07,1.6251766333776324e-05,3.096205627886544e-07,2.154641187338355e-05,0.00010476136029016723,6.884458356680635e-06,17,2.313396599321004e-05,0.24428891447625337,0.0,0.047619047619047616
2021-05-04,144,2021-05-08 00:00:00,229,OK,0.0002842867407112,0.0962518195050946,9.067655885191032e-05,4.162215451070213e-06,19.9943979508488,2.9004539503335107e-08,2.8042593852197728e-08,7.916570380225935e-06,0.0007901571308412,1.238438963184248e-07,1.8760415095273417e-05,-9.081652145930902e-09,2.048395227295328e-05,7.201180316390563e-05,6.981052820956719e-06,17,2.313396599321004e-05,0.0,0.0,0.047619047619047616
2021-06-21,24,2021-06-20 00:00:00,175,OK,0.0017739925508441,0.0307142857142857,0.0009914818583673,0.1100122161871335,-19.999999999999993,1.0329571767590814e-07,9.438533745286949e-08,2.179538784427009e-05,0.0015605775778366,6.159801224532714e-07,9.155570182434328e-05,1.3167572502394627e-06,8.105821965655065e-05,0.00014291275032613621,4.2373221079528215e-05,17,7.216165511882386e-05,0.27615796829633243,0.0,0.047619047619047616
2021-06-21,30,2021-06-20 06:00:00,172,OK,0.0013711357909193,0.03125,0.0123971816920614,0.2567335836700603,19.999999999999996,6.587964698979954e-07,6.226052891771532e-07,5.795737675183953e-05,0.0040638579039139,5.165684069364735e-06,0.0001402088391636,6.588336556504486e-06,0.000177104379789,0.00021339750419237642,8.556551368367609e-05,17,7.216165511882386e-05,0.6324051477101456,0.0,0.047619047619047616
2021-06-21,36,2021-06-20 12:00:00,184,OK,0.0009321920411786,0.0597826086956521,0.0089772429972587,3.6166560233313193e-13,12.913601740468495,2.6515954835411003e-06,2.145383084283709e-06,0.0011199967837419,0.0147290012076187,2.653041379588758e-06,0.0007717209003228,6.766842727622119e-06,0.001093614300232,0.0010521200500620625,0.001121498751571838,17,7.216165511882386e-05,0.1051891204652062,1.0,0.047619047619047616
2021-06-21,42,2021-06-20 18:00:00,185,OK,0.0003133873075304,0.186036036036036,0.0041553742675987,2.8250025922247434e-18,-19.999999999999996,2.9467245912917424e-05,2.278880625251617e-05,0.0015824265542359,0.0146493849848748,0.0001939642078471,0.0052193780979197,0.0001353038959055,0.0044214582482775,0.0014334490283424127,0.0016007698857545532,17,7.216165511882386e-05,0.5202279658050808,1.0,0.047619047619047616
2021-06-21,48,2021-06-21 00:00:00,185,OK,0.0034255409523739,0.2731981981981982,0.0026627074094321,3.286388573673179e-21,1.4969693450103645,1.979351576130689e-05,1.966316460009755e-05,0.001362606870463,0.0220095656011049,3.268871030061863e-05,0.0102583527765643,7.101377022270614e-05,0.0123699351648806,0.0015636239104677044,0.0016102673595932632,17,7.216165511882386e-05,0.09759421352615125,1.0,0.047619047619047616
2021-06-21,54,2021-06-21 06:00:00,185,OK,0.0087337033964051,0.2912162162162162,0.0027797591871673,0.0496603604628323,-3.615458308476408,1.5616632566384602e-05,1.4263566161123592e-05,0.0011225781037647,0.0220095656011049,6.0418182490615945e-05,0.0091374300298205,4.3321369085466895e-05,0.0091489745002251,0.0013836027657609892,0.0011983248006050995,17,7.216165511882386e-05,0.08049681135681572,0.0,0.047619047619047616
2021-06-21,60,2021-06-21 12:00:00,183,OK,0.012826081267969,0.3007741347905282,0.0035307298377455,0.1040894728333161,19.53190633591154,1.1899361406731696e-05,7.1969990563074304e-06,0.0007065651670562,0.0218840573209425,0.0001530202567124,0.0023874527520117,0.0001039642732664,0.0021552510304813,0.0012891488085527785,0.000818189257858552,17,7.216165511882386e-05,0.8200402739787181,0.0,0.047619047619047616
2021-06-21,66,2021-06-21 18:00:00,182,OK,0.00940284562303,0.190018315018315,0.0131414703273221,0.2421841393703944,11.578321606480358,4.585917464067697e-06,1.037192527843605e-06,0.0006545116737175,0.0220042993941345,9.16883623311658e-05,0.0014406711838714,7.349266638415988e-05,0.0013723703479186,0.0010654791775167253,0.0009955056074110052,17,7.216165511882386e-05,0.9103776764235529,0.0,0.047619047619047616
2021-06-21,72,2021-06-22 00:00:00,182,OK,0.0184155143382251,0.0989010989010989,0.0066315419870843,0.1965430676297246,1.53188801821495,5.346396787199684e-07,5.268048267502535e-07,0.0001983424227238,0.0166142567160788,1.4312243441292876e-07,0.000153655363905,-5.408276760818426e-07,0.0001595596819493,0.000417908898641002,0.0002686746608027517,17,7.216165511882386e-05,0.0,0.0,0.047619047619047616
2021-06-21,78,2021-06-22 06:00:00,183,OK,0.0085727336914062,0.0626138433515482,0.006014930625859,0.1760944574360575,5.8169821847042495,3.189066549091e-07,3.0704302462452754e-07,9.09503063056163e-05,0.0075292183103093,1.7484110136854334e-07,0.0001628006291209,-4.259955572141709e-07,0.0001890947528415,0.00019745188343112222,0.0001014534526141761,17,7.216165511882386e-05,0.0,0.0,0.047619047619047616
2021-06-21,84,2021-06-22 12:00:00,184,OK,0.0067437746734273,0.0292119565217391,0.0018940730663923,0.1368315799991602,9.69214223592796,1.439842489838215e-07,1.3106796748354345e-07,3.94453700974354e-05,0.0067656085442254,6.871765539025739e-07,2.78065415146608e-05,4.225782655711983e-07,3.204468960840802e-05,0.00012532545923977118,6.737726096940295e-05,17,7.216165511882386e-05,0.22418162268064057,0.0,0.047619047619047616
2021-06-21,90,2021-06-22 18:00:00,184,OK,0.00359819048321,0.0095108695652173,0.0035341325540865,0.1459505926197907,7.368490244502854,8.985563991999567e-08,8.893850876988516e-08,1.8837833960328383e-05,0.0033951581119083,2.0255181014250823e-08,5.777254498361389e-05,-2.3401898292183113e-07,4.879630182108712e-05,8.119354179976501e-05,4.235716537367763e-05,17,7.216165511882386e-05,0.0,0.0,0.047619047619047616
2021-06-21,96,2021-06-23 00:00:00,186,OK,0.0020446146924529,0.0190412186379928,0.0011940881365166,0.211166717058649,-19.999967779824825,7.459762876943449e-08,6.953295197177726e-08,6.5985856784297995e-06,0.0017441764104582,6.626394794024093e-07,1.1705630529815194e-05,8.292087537728908e-07,2.6510242800972103e-05,9.295705772167458e-05,4.815645857654727e-05,17,7.216165511882386e-05,0.5317397098159448,0.0,0.047619047619047616
2021-06-21,102,2021-06-23 06:00:00,186,OK,0.0007509176953613,0.0183691756272401,0.0006299777404157,0.1428011733420035,-19.751239831532352,2.0553263774637313e-08,2.007288183185526e-08,2.614451009942965e-06,0.0006369000448364,2.393754483316457e-07,5.562828603148128e-06,2.270590277304864e-07,1.133515068399219e-05,5.9056177257719074e-05,1.1699854386154752e-05,17,7.216165511882386e-05,0.34053393545702676,0.0,0.047619047619047616
2021-06-21,108,2021-06-23 12:00:00,186,OK,0.0002431190946614,0.0183691756272401,0.0005079679767866,2.4386777770325022e-14,19.99999999999999,5.083540383287589e-07,4.96046269500574e-07,8.183481507115226e-05,0.0033887889761617,4.0018733588942624e-08,2.8462350448306903e-06,2.136203079072389e-07,0.0002314110669623,0.00012401708099913224,8.174241577798248e-05,17,7.216165511882386e-05,0.015693049092655058,0.0,0.047619047619047616
2021-06-21,114,2021-06-23 18:00:00,186,OK,0.0002603140514079,0.0396505376344086,0.0080912797142882,0.9999999999999716,-19.999999999994852,1.0820351098324813e-06,1.081240474560774e-06,0.0001438841469242,0.0033887889761617,2.118423436143522e-08,2.240856079810565e-05,2.2710796446635498e-07,4.668548626661075e-05,0.00019593751065068133,0.0001452069214582966,17,7.216165511882386e-05,0.08269883650519641,0.0,0.047619047619047616
2021-06-21,120,2021-06-24 00:00:00,187,OK,0.0002231230132558,0.0443404634581105,0.0082254906173049,1.0,-19.99999999983853,1.0562594900366009e-06,1.0545782803171355e-06,0.0001446591733318,0.003370667109979,1.8248849125247058e-07,4.0380579491278927e-05,6.01327878367704e-08,5.226076004601116e-05,0.00019764795416057386,0.00014721067199920297,17,7.216165511882386e-05,0.019560706586071192,0.0,0.047619047619047616
2021-06-21,126,2021-06-24 06:00:00,178,OK,5.6828956149018995e-05,0.0505617977528089,0.0084829943186712,0.9999999999731468,-19.999999999999993,1.1742213545097422e-06,1.1721873163207827e-06,0.0001539039559459,0.0035407442215277,2.459271851443419e-07,3.7219440880054995e-05,1.335015744009213e-06,0.0001584643835841,0.00023971257048410933,0.0001551437701325131,17,7.216165511882386e-05,0.14321999136236072,0.0,0.047619047619047616
2021-06-21,132,2021-06-24 12:00:00,178,OK,0.0019497068579717,0.0727996254681647,0.0007014947761593,0.1526761585849454,19.999999999999996,1.825448595790488e-07,1.7971739432793857e-07,5.010923646783493e-05,0.0024853276161172,1.1226822867176193e-07,0.0001145639656321,6.574923903278575e-07,6.075308079999123e-05,0.000313037407470833,0.00031253025023292427,17,7.216165511882386e-05,0.18398030994298467,0.0,0.047619047619047616
2021-06-21,138,2021-06-24 18:00:00,178,OK,0.0012433939294902,0.0723314606741573,0.0046832051864706,0.6448489726305929,-19.999999999999996,5.339561509435615e-08,5.2857854915798075e-08,1.64542044723854e-05,0.0011103698504337,1.2487275869914097e-07,1.4170171489951124e-05,8.680965546971749e-07,3.460083022156315e-05,0.00014843152088592774,4.733732795969249e-05,17,7.216165511882386e-05,0.42651119453934516,0.0,0.047619047619047616
2021-06-21,144,2021-06-25 00:00:00,178,OK,0.0002592429173241,0.0870786516853932,0.0032182992626993,0.5176721830337049,-19.999979238351703,7.323155273914143e-08,7.243333556814393e-08,1.6956601674265574e-05,0.0011103698504337,5.251832564646633e-07,2.981633506865206e-05,3.892849648441462e-07,3.0001314820378926e-05,0.00010404502558110841,1.7975106516012912e-05,17,7.216165511882386e-05,0.2205851457501855,0.0,0.047619047619047616
2021-08-11,24,2021-08-10 00:00:00,156,OK,0.0006274450313576,0.0982905982905982,0.0019892983168915,4.1949276117012733e-14,7.358227387743179,9.49083841966452e-07,7.670293913770737e-07,0.0010296569329936,0.0065816066120049,1.9216550859128584e-07,0.0013876039577828,-9.04568991143957e-06,0.0012113072459665,0.0011682776199119212,0.0010581487697671169,15,-3.699795333648595e-05,0.0,0.0,0.047619047619047616
2021-08-11,30,2021-08-10 06:00:00,157,OK,0.0009040015918602,0.0599787685774947,0.0111120761638569,2.016430819832745e-16,12.688345176462288,7.459426090095957e-05,9.800282483424984e-06,0.0021145921251931,0.0385857503657981,0.0002006537237254,0.0013678748331049,0.0001949279348171,0.0013546327273997,0.0023650746506113387,0.0023597341549356364,15,-3.699795333648595e-05,2.1584588672009573,0.0,0.047619047619047616
2021-08-11,36,2021-08-10 12:00:00,162,OK,0.0040749919698724,0.059156378600823,0.0197946392711283,1.881543247707367e-15,2.192729035783323,7.341148886189769e-05,5.699395217004498e-05,0.002590518425815,0.0373961538810495,0.0005502483733228,0.0039149639677258,0.0004949512947511,0.0035172882058382,0.0029451937020604224,0.0031392483587158373,15,-3.699795333648595e-05,2.110793596311859,1.0,0.047619047619047616
2021-08-11,42,2021-08-10 18:00:00,156,OK,0.0037504416912125,0.1028311965811965,0.0195734994096012,5.382814083311068e-16,-0.6402750696055471,9.574026728584064e-05,9.4261584928648e-05,0.0041253410346429,0.03623752661986,0.0011721723415849,0.0115538835179977,0.0010238110456169,0.0112704039447662,0.004361799322563747,0.004514208981583705,15,-3.699795333648595e-05,1.36261005013801,1.0,0.047619047619047616
2021-08-11,48,2021-08-11 00:00:00,141,OK,0.0061517537809571,0.1406619385342789,0.0084084645054875,4.503885938787929e-18,-6.346129464019887,8.086753586759193e-05,7.322324775812005e-05,0.0034707366908504,0.0302742321716365,0.0002218190159152,0.0065700771682272,0.0003403196461301,0.0100371275335277,0.00318013164601336,0.003415698423656504,15,-3.699795333648595e-05,0.5085911955287613,1.0,0.047619047619047616
2021-08-11,54,2021-08-11 06:00:00,141,OK,0.0215521699999827,0.1501182033096927,0.014685232005387,0.1194877386145819,-2.5745081277002284,2.9753513127832636e-06,2.135816945535404e-06,0.002391872695131,0.0302109738896644,2.232330892367728e-05,0.0069693212139242,-6.201413487088488e-06,0.0066189892980315,0.0026546899778052764,0.003480789993680533,15,-3.699795333648595e-05,0.0,1.0,0.047619047619047616
2021-08-11,60,2021-08-11 12:00:00,150,OK,0.0171935232347079,0.1547222222222222,0.0133985116366809,0.1197750608800819,-5.470136192077752,8.231439653187176e-06,5.160696219282514e-06,0.0026000944867054,0.0306416414825548,9.12579807645256e-05,0.0044666750507567,9.740281918416022e-05,0.0043885648769708,0.0032533317922388756,0.0038261797627191447,15,-3.699795333648595e-05,0.3329202891426514,1.0,0.047619047619047616
2021-08-11,66,2021-08-11 18:00:00,150,OK,0.0242247929937954,0.1075,0.0019121554436972,0.0343217995913004,-3.73640606480679,1.9030112921557805e-05,1.559732805579009e-05,0.0015404201840296,0.0306416414825548,0.0003298142587047,0.0035504318244228,0.00032911930311,0.0042870865975107,0.001634031647545611,0.0022400065334552,15,-3.699795333648595e-05,1.1515488279421626,1.0,0.047619047619047616
2021-08-11,72,2021-08-12 00:00:00,150,OK,0.0259790758318212,0.0533333333333333,2.0778844434307962e-14,0.0360158884989749,-3.4958289466311614,2.1473767666077657e-05,1.6676399256841876e-05,0.0011108195615627,0.0234974613879953,0.0003712083444339,0.0039522178712218,0.0003529019585571,0.0043618856281006,0.0012454010001117675,0.0013832335479909779,15,-3.699795333648595e-05,1.2135873862106712,1.0,0.047619047619047616
2021-08-11,78,2021-08-12 06:00:00,144,OK,0.013354630144546,0.0434027777777777,0.0032185346582834,0.0110977418051331,19.999999999998543,1.352202192729439e-05,9.878530460963664e-06,0.0009293528808588,0.0240833893996156,0.0001248823393184,0.0018238420593088,0.0001998802979895,0.0024425454678204,0.0013884403793383644,0.0011462077427391523,15,-3.699795333648595e-05,1.2274917741932316,0.0,0.047619047619047616
2021-08-11,84,2021-08-12 12:00:00,148,OK,0.017556627867439,0.0301238738738738,6.722644098684162e-11,0.0326500306101303,5.861969897979501,4.122967770144144e-06,2.8235053453278873e-06,0.0009940503988032,0.023436356846742,4.7034347113365846e-05,0.002654328561093,7.60265510636553e-06,0.0020897705094083,0.0012116826595693483,0.0014171814017076435,15,-3.699795333648595e-05,0.05457050239826205,1.0,0.047619047619047616
2021-08-11,90,2021-08-12 18:00:00,148,OK,0.0164954962289928,0.0261824324324324,1.9690538173457292e-19,0.0463747699703492,-4.963369710035383,4.859064547844938e-07,2.941360184190851e-07,0.0002487219215797,0.0161198568545297,2.9145244213248144e-06,0.0001266138328665,2.547439229663382e-06,0.0001999306561483,0.0003240885529954605,0.00037969021255025357,15,-3.699795333648595e-05,0.19112420866866464,1.0,0.047619047619047616
2021-08-11,96,2021-08-13 00:00:00,161,OK,0.0148706838093824,0.035455486542443,0.0042108074892205,0.0462880606516741,-4.047153195361736,6.570170613097465e-07,2.656335411082839e-07,0.0002338797372338,0.014323112862156,1.284075222194171e-05,0.0003978170881855,1.27041543022357e-05,0.0004643324970257,0.00025928289619552865,0.00022963864718047552,15,-3.699795333648595e-05,0.4104005551069328,0.0,0.047619047619047616
2021-08-11,102,2021-08-13 06:00:00,166,OK,0.0190201695439217,0.0323795180722891,1.0270120158335507e-09,0.0133616876635801,4.788973110824313,2.011705000400429e-07,7.083195227532776e-08,0.0001343800580998,0.0187458302075916,3.0370887281393893e-06,0.0002000248295429,1.1463273916171464e-06,0.0001901068875303,0.0005045537786842319,0.000378929660907324,15,-3.699795333648595e-05,0.09044864758788185,0.0,0.047619047619047616
2021-08-11,108,2021-08-13 12:00:00,167,OK,0.0177305671968377,0.0331836327345309,0.0025230794709286,0.023843407680459,3.3118495899545253,2.6988508430822057e-07,1.1035858622128649e-07,0.0001550439308101,0.0174262246018573,3.924574175209428e-06,0.0001668090930729,2.1017508370094425e-06,0.0001611987500332,0.0004772668423236631,0.00036425680471489214,15,-3.699795333648595e-05,0.19557386486339742,0.0,0.047619047619047616
2021-08-11,114,2021-08-13 18:00:00,177,OK,0.021506394394274,0.0341337099811676,8.16030217895813e-20,0.0205823868116041,-1.3203562319046178,2.7896278302019225e-07,1.9948370186340018e-07,0.0002101964802713,0.0209801298681047,3.5410688568904425e-06,0.0001917138104473,3.3848994703589615e-06,0.0002085874773056,0.0006167096839042063,0.0004683502030729217,15,-3.699795333648595e-05,0.24341582108017226,0.0,0.047619047619047616
2021-08-11,120,2021-08-14 00:00:00,180,OK,0.020604477959923,0.0189814814814814,0.0020617332864786,0.0209436740858431,-1.11427449879673,2.80369877081225e-07,1.9039670964390578e-07,0.000137652210997,0.0201913332519546,5.531375904654246e-06,0.0003485762228814,4.246342905712615e-06,0.0003486477743359,0.0004560207622884582,0.0002611499696357297,15,-3.699795333648595e-05,0.1826919552462796,0.0,0.047619047619047616
2021-08-11,126,2021-08-14 06:00:00,178,OK,0.0175799237818287,0.0213014981273408,6.001498208246395e-13,0.0179189838025798,5.298135865954299,6.46879316691215e-07,1.5383946797771833e-07,8.432168213284571e-05,0.016992371636076,8.561102233498524e-07,4.743888820501497e-05,4.341397590736904e-07,4.54727055040084e-05,0.0003151344472946708,0.00010108541121452605,15,-3.699795333648595e-05,0.1432089055165481,0.0,0.047619047619047616
2021-08-11,132,2021-08-14 12:00:00,179,OK,0.0160981841291829,0.0288640595903165,1.2100787185826909e-11,0.0221648600162491,2.8638336238992887,4.618246740591496e-07,3.184636008555353e-07,7.950134752572807e-05,0.0165365792914225,6.823258869136386e-07,8.216431630466499e-05,-9.802174647525717e-08,8.222628694875615e-05,0.00025424335214019344,0.00011917885166501656,15,-3.699795333648595e-05,0.0,0.0,0.047619047619047616
2021-08-11,138,2021-08-14 18:00:00,179,OK,0.014873389087328,0.0258379888268156,2.625835223712833e-19,0.0256327257364372,-2.673560730246428,3.294670041540214e-07,2.0994084978143426e-07,7.414848914402384e-05,0.0146062642522349,3.08963135048899e-06,0.0001973257202045,2.05920899628564e-06,0.0001973520035019,0.0001812804641331202,0.0001221902169949606,15,-3.699795333648595e-05,0.15651290281422062,0.0,0.047619047619047616
2021-08-11,144,2021-08-15 00:00:00,179,OK,0.0132555957220019,0.0230446927374301,4.68515098950035e-19,0.027655039974817,-2.7948148302397833,5.596362629418276e-07,4.240315334016525e-07,7.002750970877092e-05,0.0114347162545492,3.964086020067383e-06,0.0002690970385235,3.1455910778676283e-06,0.0002788433721335,0.0001294838457427766,0.00010356470234190463,15,-3.699795333648595e-05,0.16921279429021008,0.0,0.047619047619047616
2021-12-11,24,2021-12-10 00:00:00,141,OK,6.529100320306156e-05,0.051418439716312,0.0008650177616455,0.7156984406762195,-17.17956902420384,3.028703484408387e-08,3.028781250807335e-08,1.833645448391052e-06,0.0007428440348288,2.5896317208449655e-10,5.098427835692628e-06,-2.8389107708052077e-08,4.866676943385895e-06,0.0001287161769970708,2.174828414671853e-06,14,6.623711475541634e-06,0.0,0.0,0.047619047619047616
2021-12-11,30,2021-12-10 06:00:00,149,OK,3.0197147242634696e-05,0.2321029082774049,0.0045931248682735,1.3368512336143035e-14,14.722853522848949,4.920973624296122e-06,2.414762322139509e-06,0.0005611017571194,0.0300723487895006,3.22662688137346e-07,5.470227278217339e-05,2.620615758702134e-06,0.0001011276496036,0.0007406725706826433,0.0006210942138872843,14,6.623711475541634e-06,0.36279514816810116,0.0,0.047619047619047616
2021-12-11,36,2021-12-10 12:00:00,149,OK,5.339040246044953e-05,0.4653243847874721,0.0061736744531405,0.0501690355206645,-1.0091618284259147,1.3846898199296613e-05,1.3218793375775002e-05,0.0025756238741926,0.046027503451549,0.0002262159894176,0.0055610623913287,0.0001709782085792,0.0054590302646344,0.0026765283319947868,0.002730006217007394,14,6.623711475541634e-06,0.43848354086183283,1.0,0.047619047619047616
2021-12-11,42,2021-12-10 18:00:00,151,OK,5.2057629994903054e-05,0.673289183222958,0.0100746458077306,0.207663103937503,-3.383313636435433,2.6810348373597208e-05,2.373927755539224e-05,0.0036465296134178,0.0455622532913362,0.0003487593789731,0.0057069093187751,0.0002824947455455,0.0056689039995886,0.003644454191653154,0.0037693693480678804,14,6.623711475541634e-06,0.6976527452086003,1.0,0.047619047619047616
2021-12-11,48,2021-12-11 00:00:00,151,OK,0.000479167587381,0.7185430463576159,0.0113839298976296,0.2338455363056065,-4.792505040656586,1.8838311336026968e-05,1.4045186537458184e-05,0.0045320102442493,0.0455622532913362,0.0001614311413809,0.0044974946113802,0.0001486982821635,0.0046039205142564,0.004533524689184653,0.0051632511896476056,14,6.623711475541634e-06,0.4521746072380307,1.0,0.047619047619047616
2021-12-11,54,2021-12-11 06:00:00,151,OK,0.0296735681351804,0.5444260485651214,0.0072987790653204,0.1483240217655751,-6.761319444320085,2.596211253175028e-05,9.402020527462496e-06,0.0032585390715534,0.0455622532913362,0.0004744912356789,0.0066233154414182,0.0004573311483661,0.0062389541916464,0.0029236501717156416,0.0030679376309180892,14,6.623711475541634e-06,1.0262354683895838,1.0,0.047619047619047616
2021-12-11,60,2021-12-11 12:00:00,173,OK,0.0412128521408288,0.3075626204238921,0.0004800345125685,0.0578235091357963,-3.562687243937137,3.882441303762225e-06,2.874475645194475e-06,0.0009464821849812,0.0381338834155513,1.544794441415693e-05,0.0007800289404248,2.1250954183173007e-05,0.0007412458143289,0.0011793171049853063,0.0010318914371132539,14,6.623711475541634e-06,0.4013693606267188,0.0,0.047619047619047616
2021-12-11,66,2021-12-11 18:00:00,173,OK,0.0321762379226095,0.0953757225433526,2.8683205280562843e-20,0.0502620023570177,-2.3230657498125526,7.52704573298995e-06,3.375738399860796e-06,0.0005787455709534,0.0331425811124206,8.816231524204413e-05,0.0005362921340826,9.6367102822961e-05,0.0005814919047574,0.0007071555299558615,0.0004419253769608132,14,6.623711475541634e-06,2.32013451689292,0.0,0.047619047619047616
2021-12-11,72,2021-12-12 00:00:00,176,OK,0.0211091076162628,0.0097064393939393,4.0414867002755046e-14,0.0323912984628426,-2.053899216340207,3.2969654507872567e-06,2.3243477315957542e-06,0.0003222739747971,0.0177857677181334,1.2130153959635252e-05,0.0001818772023573,1.0947498303208733e-05,0.0001829123503168,0.0005118098279220769,0.00039309646295876465,14,6.623711475541634e-06,0.8379148591085885,0.0,0.047619047619047616
2021-12-11,78,2021-12-12 06:00:00,175,OK,0.0153467833767245,0.003095238095238,0.020892310522441,0.0277577180705041,7.307434710361092,9.203892127464092e-07,4.1287135992507435e-07,0.0002465381153424,0.0155460676239259,1.6680539950696818e-05,0.0002240568789092,1.3292641847643573e-05,0.0002179924090557,0.0003449826574838981,0.0002291003085387282,14,6.623711475541634e-06,0.8536856245276858,0.0,0.047619047619047616
2021-12-11,84,2021-12-12 12:00:00,172,OK,0.0137361019598376,0.0007267441860465,0.0350436906874312,0.0278127471986811,4.724926853547981,9.557610806357703e-07,7.262427455926666e-07,0.000221788559141,0.0155223278671827,7.785033738665086e-06,0.0002681446220204,3.610651917386767e-06,0.0002914957286101,0.000252061674251567,0.00023541435991974546,14,6.623711475541634e-06,0.17341292472600323,0.0,0.047619047619047616
2021-12-11,90,2021-12-12 18:00:00,172,OK,0.0133172973967331,0.0,0.2,0.0315619455458017,-3.129912058837833,8.478827508388953e-07,4.703183452279515e-07,0.0002491850079341,0.0128521358153619,1.643107939399388e-05,0.0002307484109351,2.719852394237051e-05,0.0004179885773726,0.00026648589540435185,0.00022629577507111978,14,6.623711475541634e-06,0.9109802415814725,0.0,0.047619047619047616
2021-12-11,96,2021-12-13 00:00:00,171,OK,0.0103182784460826,0.0,0.2,0.0182049092986552,-2.1136231185269425,5.968656301637479e-07,4.8774613314236e-07,0.0002112641830641,0.0109581393150545,1.0161415117747571e-05,0.0004984274619896,8.811578541066505e-06,0.0005897965541121,0.00029130381731779236,0.000227542095292932,14,6.623711475541634e-06,0.2091604278031848,0.0,0.047619047619047616
2021-12-11,102,2021-12-13 06:00:00,171,OK,0.0078825276451658,0.0,0.02,0.0102233530571892,19.999999999099217,6.22075669262257e-07,2.279937285777345e-07,0.0001663430145509,0.0080869159962939,1.0753818972731593e-05,0.0014668632195388,8.063167884642144e-07,0.0014487678579877,0.00022489502941422544,0.00018764615642266722,14,6.623711475541634e-06,0.0077917486754422735,0.0,0.047619047619047616
2021-12-11,108,2021-12-13 12:00:00,170,OK,0.0078186459295943,0.0,0.2,0.0228582327418581,19.99999746806793,8.175865474934481e-07,2.583596911229605e-07,0.0002225117056045,0.0081344860903898,1.5344434989683434e-05,0.0005811700556177,9.470389699923746e-06,0.0004934394678753,0.000270382188472736,0.0003203216496693713,14,6.623711475541634e-06,0.26869649557995817,1.0,0.047619047619047616
2021-12-11,114,2021-12-13 18:00:00,170,OK,0.0076590228418848,0.0,0.02,0.0318027325053371,-3.990060065413805,5.546740634308714e-07,5.35463329761198e-07,0.0002557801870086,0.0078557870449687,6.102475545965854e-07,0.0006250875588898,-5.932863178536898e-07,0.0008293813372911,0.00030757573638227675,0.00042891280148475155,14,6.623711475541634e-06,0.0,1.0,0.047619047619047616
2021-12-11,120,2021-12-14 00:00:00,170,OK,0.0073399932588616,0.0002450980392156,1.744184754497018e-14,0.0440505911784266,-8.80903989484226,8.563342510082426e-07,6.336462530193935e-07,0.0003052951676319,0.0062729163324044,1.4891028726145716e-05,0.0022030308351679,4.851732852350553e-06,0.0023466742480162,0.0004144498784337968,0.0005886518599126534,14,6.623711475541634e-06,0.02894490361852679,1.0,0.047619047619047616
2021-12-11,126,2021-12-14 06:00:00,142,OK,0.0037554451505975,0.0032276995305164,3.420154575424093e-08,0.0505626614932583,19.999593163140982,5.200273231094614e-07,4.863174011426024e-07,0.0001305935089589,0.0037599707877178,5.940857226956758e-08,0.0005824453460729,-7.7972318081988e-06,0.0008357242785487,0.00020405973119134972,0.00031955603529639317,14,6.623711475541634e-06,0.0,1.0,0.047619047619047616
2021-12-11,132,2021-12-14 12:00:00,139,OK,0.0023417412446515,0.0110911270983213,6.63923811074437e-10,0.0371760502593786,19.999999999979867,5.600282587560607e-07,5.206871811742654e-07,4.330611272882238e-05,0.0035594568226223,8.207385632879678e-06,0.0001572468253061,6.234813376124414e-06,0.0001331832004551,0.00012652245046553177,7.028737178556784e-05,14,6.623711475541634e-06,0.6553933751965133,0.0,0.047619047619047616
2021-12-11,138,2021-12-14 18:00:00,139,OK,0.0034973598400397,0.0926258992805755,0.0007500689375377,0.1392024422367742,-19.999996154789944,1.6800554416530368e-07,1.3085748997088398e-07,2.649570646048573e-05,0.0029381617976354,1.977010331738524e-06,0.0001060975999046,2.036579044918588e-06,0.0001437464333387,0.00014894122478146906,0.00014489114860726882,14,6.623711475541634e-06,0.1983500109646483,0.0,0.047619047619047616
2021-12-11,144,2021-12-15 00:00:00,139,OK,0.0009090734859749,0.2089328537170263,6.266235198102004e-06,0.0199495491672369,-14.457538407433574,5.9455490887664115e-08,5.896393321137458e-08,1.4542723902057885e-05,0.0013902282737743,4.99418095829783e-07,1.5727258712409487e-05,6.92008913233326e-07,2.687908010745189e-05,0.00012006576828007374,1.9201577260724147e-05,14,6.623711475541634e-06,0.3604336438054162,0.0,0.047619047619047616
2021-12-15,24,2021-12-14 00:00:00,48,OK,0.0001338598283426,0.046875,0.0001617902782315,0.5329630154449552,-0.2050680537531128,1.7056280376831494e-09,1.7096267183367942e-09,5.1477983024145816e-08,0.0001640556316155,5.182989306115955e-10,2.3715009458950587e-07,3.9454605800740135e-09,5.8942047464939936e-08,0.00014925827916033424,1.4507506475504754e-07,14,8.96534367763285e-06,0.9371314790836215,0.0,0.047619047619047616
2021-12-15,30,2021-12-14 06:00:00,48,OK,2.780798102556512e-05,0.0772569444444444,0.0004414951794876,0.9914105003996216,-19.96932458280509,2.2051613862840702e-09,2.201527908681164e-09,1.2666412708721066e-07,0.0001640556316155,8.987695825039758e-09,7.109261924453176e-08,5.347578444743838e-09,7.020459008189618e-08,0.00018957216022748693,1.685374416737649e-07,14,8.96534367763285e-06,1.0663989083773542,0.0,0.047619047619047616
2021-12-15,36,2021-12-14 12:00:00,48,OK,1.0435815667246012e-06,0.2092013888888888,0.0004126457446278,0.9981091981578172,-8.300728886667034,8.387788151901657e-09,8.389465452054937e-09,6.096328588926392e-07,0.0005025117771429,1.7508572223208098e-08,2.47013914440488e-06,-3.7269999143755426e-08,2.474628615855248e-06,0.0002474405371693012,9.594423322359913e-07,14,8.96534367763285e-06,0.0,0.0,0.047619047619047616
2021-12-15,42,2021-12-14 18:00:00,49,OK,0.0001364653257955,0.4243197278911564,0.0003993613196106,5.817795944503864e-13,19.999999999999996,2.983565113651202e-06,2.679836932222006e-06,0.0001465586909178,0.0088186413011223,1.6921192933540894e-05,7.511527177220507e-05,1.3220414817590592e-05,0.0001092694034482,0.00038241047593444725,0.00014944916049771802,14,8.96534367763285e-06,1.6938484297117045,0.0,0.047619047619047616
2021-12-15,48,2021-12-15 00:00:00,48,OK,9.447090632779704e-05,0.6015625,0.0017015877797599,1.329225025268502e-19,19.999999999999996,0.0001126873649187,1.1460682120095653e-05,0.0011405871634084,0.0661889070176749,0.0003813455495998,0.0042664601908754,0.0003211504045338,0.0042614903135203,0.0014527299020570224,0.0013489877556640691,14,8.96534367763285e-06,1.055054765514436,0.0,0.047619047619047616
2021-12-15,54,2021-12-15 06:00:00,47,OK,0.0001325604953058,0.7384751773049646,0.0033389530502632,9.87431015403329e-19,1.3915070145360997,0.0003397741921334,0.0002734116517032,0.0044161245970095,0.0843093788434423,0.0009672053986373,0.003896123209593,0.0008585557935153,0.0039551926708349,0.005819929496995488,0.0056535214109257855,14,8.96534367763285e-06,3.0389875056774285,0.0,0.047619047619047616
2021-12-15,60,2021-12-15 12:00:00,47,OK,0.0004051225493877,0.6719858156028368,0.0050945330723907,0.0374307130127454,-0.687328599785431,0.0003358159834341,0.0003296918733023,0.0054905195311837,0.0843093788434423,0.0028806001155641,0.0119373372125538,0.0024536767532412,0.012403571109581,0.006088558227479981,0.007194439567611652,14,8.96534367763285e-06,2.769482614474019,1.0,0.047619047619047616
2021-12-15,66,2021-12-15 18:00:00,47,OK,0.0091791698507301,0.4867021276595745,0.0130453841952903,0.1239753963625755,-0.4078624523679838,0.0002027149329054,0.0002022534864681,0.0061297492717671,0.0843093788434423,2.2700867756205568e-05,0.0028102342643526,5.433100333217758e-05,0.0031132426716208,0.0070896877508125865,0.00801852341787746,14,8.96534367763285e-06,0.2443221190510307,1.0,0.047619047619047616
2021-12-15,72,2021-12-16 00:00:00,47,OK,0.0675828175563425,0.2952127659574468,0.0091038860273729,0.11256008636092,-1.4932891231914345,5.381724341070475e-05,5.25246046886627e-05,0.0023610877581118,0.0843093788434423,6.951221300296731e-06,0.0030179445375819,7.968264749064397e-05,0.0033852591621404,0.002982064097790152,0.0036780560438571205,14,8.96534367763285e-06,0.329533725909387,1.0,0.047619047619047616
2021-12-15,78,2021-12-16 06:00:00,47,OK,0.049870746676505,0.1347517730496454,9.111808037577876e-21,0.0523447097966908,0.2904159186657279,4.084159496794138e-06,3.9149146134470775e-06,0.0009027100569756,0.0451126783511584,2.4687355144034328e-05,0.0029181204320674,-5.7798264129469874e-05,0.0029705104454034,0.0019203404341961554,0.0013772211196792015,14,8.96534367763285e-06,0.0,0.0,0.047619047619047616
2021-12-15,84,2021-12-16 12:00:00,47,OK,0.0339047674150889,0.0664893617021276,4.9369349333016103e-20,0.0460784948614306,0.5265132971692357,4.7114916835869025e-06,4.568729052976014e-06,0.0006237485285258,0.0372664578851639,7.04159510284029e-05,0.0009987746247851,3.7938908924862053e-05,0.001000627251045,0.0010329224500972714,0.0007813205286601275,14,8.96534367763285e-06,0.5308117727089388,0.0,0.047619047619047616
2021-12-15,90,2021-12-16 18:00:00,47,OK,0.0269111859211798,0.0283687943262411,2.153917648633029e-22,0.047554447845483,-2.5828351470232507,4.156257710678849e-06,2.424308526039838e-06,0.0004967771191675,0.0230530202082671,1.3419131594761623e-06,0.0002013753680872,6.739859042041295e-06,0.0002658715761107,0.0008381076963753126,0.0006864748533865144,14,8.96534367763285e-06,0.3549007681411217,0.0,0.047619047619047616
2021-12-15,96,2021-12-17 00:00:00,47,OK,0.017925841042471,0.0115248226950354,8.674852556573765e-12,0.0381946708143182,5.194387446557922,3.876256580014589e-06,3.0364637926738206e-06,0.0002398046933457,0.0171319116196054,3.819423586484412e-06,0.0001398624326761,1.3689499165672643e-05,0.0002570414138042,0.0004241445619762405,0.0003295458982500749,14,8.96534367763285e-06,0.7456113218604054,0.0,0.047619047619047616
2021-12-15,102,2021-12-17 06:00:00,48,OK,0.0140528745924465,0.0130208333333333,4.921408957593906e-22,0.052072124813088,17.63393375055156,5.88614059317207e-06,1.829035977023976e-06,0.000204220807616,0.0156901799728776,5.260330604888348e-06,0.0001378866431612,5.274794532701825e-07,0.0001225258591851,0.0004151007072346413,0.000509912495788197,14,8.96534367763285e-06,0.060270643233168095,1.0,0.047619047619047616
2021-12-15,108,2021-12-17 12:00:00,48,OK,0.0115450870477887,0.0138888888888888,1.2610569743241473e-18,0.0790395316754402,19.99999999999477,4.179308613211773e-06,2.123173323099133e-06,0.0001483622008794,0.0156901799728776,1.4186606525016176e-05,0.0001655823883497,9.680481690664715e-06,0.0001287383313009,0.0004925222823918814,0.0006853750618532627,14,8.96534367763285e-06,1.052730311942132,1.0,0.047619047619047616
2021-12-15,114,2021-12-17 18:00:00,47,OK,0.0071423071573967,0.0124113475177304,0.0098114547623847,0.1508201101858808,18.281337043172467,1.3242525151608545e-06,1.2462212177476917e-06,6.32483578619187e-05,0.009783109144643,1.779602152842975e-06,9.491252048050852e-05,2.0256030973894126e-06,0.0001853587880053,0.0002985290198552624,0.0002119275792298956,14,8.96534367763285e-06,0.15299217085213632,0.0,0.047619047619047616
2021-12-15,120,2021-12-18 00:00:00,48,OK,0.0036281013011463,0.0026041666666666,3.988562069866926e-09,0.1102264879167936,-19.99999999407003,1.7035842217960557e-07,1.0857185402629002e-07,4.477924122926448e-06,0.0033488398319989,2.877927584369203e-06,4.569309168326361e-05,2.1015988057895716e-06,4.6043241209934384e-05,0.0001911539707173402,5.013849936386214e-05,14,8.96534367763285e-06,0.6390163356854593,0.0,0.047619047619047616
2021-12-15,126,2021-12-18 06:00:00,48,OK,0.0012046062073268,0.0008680555555555,0.0160242347134956,0.0689491192701782,19.999951524050324,3.66831314788407e-08,3.2767968277823434e-08,1.863270848692289e-06,0.0013307589978538,4.863037499130745e-07,6.893979458583592e-06,2.290156127246118e-07,5.250310517855925e-06,0.00018789890688578875,4.324588790047805e-06,14,8.96534367763285e-06,0.6106721816243912,0.0,0.047619047619047616
2021-12-15,132,2021-12-18 12:00:00,48,OK,0.0010104751161413,0.0,0.2,0.0748799317184454,19.99999999947209,3.6098082345227776e-08,3.3057758403807446e-08,8.798507995100644e-07,0.0010331267472579,5.024967993528556e-07,8.43893725130282e-06,3.0069749142984354e-07,8.04896553990079e-06,0.00019748377300489106,1.642862493739198e-06,14,8.96534367763285e-06,0.5230193692778188,0.0,0.047619047619047616
2021-12-15,138,2021-12-18 18:00:00,48,OK,0.0009612998310065,0.0095486111111111,0.0025408170448727,0.1577242614084132,3.23149005357855,1.19721418698842e-08,1.1971426654405856e-08,8.175616579324101e-07,0.0009381064767258,1.5856248020381468e-11,1.7215164416707516e-06,-8.38654545443725e-10,1.661353318844827e-06,0.00022196829121631412,3.5832845067070264e-06,14,8.96534367763285e-06,0.0,0.0,0.047619047619047616
2021-12-15,144,2021-12-19 00:00:00,48,OK,0.0002415030033417,0.0295138888888888,0.0026507372163595,0.3508295160317736,-19.99013981120357,1.7690848546212816e-08,1.7320928495473964e-08,3.1422104280687904e-06,0.0009438422019478,1.382060172289938e-07,1.681454325353377e-06,6.780831964996701e-08,7.764991445131507e-06,0.0001600822573070626,3.2624132064799227e-06,14,8.96534367763285e-06,0.12225595891605784,0.0,0.047619047619047616
2022-01-16,24,2022-01-15 00:00:00,188,OK,0.0003979751096897,0.0339095744680851,0.0010320642260815,0.1839772462467784,-19.82222659278064,2.689435346171048e-08,2.6838789499751754e-08,6.020646200337749e-06,0.0005928561155242,2.0124117495014587e-08,1.898202108995652e-05,2.2031804638164177e-07,4.264913519318459e-05,8.859200816291371e-05,2.2494381273096654e-05,17,7.700864597995398e-05,0.08781905592042187,0.0,0.047619047619047616
2022-01-16,30,2022-01-15 06:00:00,191,OK,5.552833840724484e-05,0.056719022687609,0.0004431528201208,0.00387320260642,-19.99994952974223,2.3314393992074527e-08,2.3120490202661373e-08,1.1706748657636393e-05,0.0007602131473552,4.835981935449637e-08,1.1094012612194611e-05,1.347874412267422e-08,1.1866822266012952e-05,9.609590963142274e-05,1.2131987655375732e-05,17,7.700864597995398e-05,0.01930918361706014,0.0,0.047619047619047616
2022-01-16,36,2022-01-15 12:00:00,191,OK,6.425389958536106e-05,0.1204188481675392,0.0055511385124956,0.941688385101056,19.996404645943496,1.771668795820735e-07,1.7135299494415437e-07,4.2062072791528926e-05,0.0034567765894298,2.4709141810973444e-06,0.0002504581957859,6.208220091952336e-07,0.0001974665634718,0.00013757959797532063,4.3934967852799875e-05,17,7.700864597995398e-05,0.05344689232831144,0.0,0.047619047619047616
2022-01-16,42,2022-01-15 18:00:00,191,OK,0.0004018990847221,0.2432373472949389,0.0020827160220032,8.352512603994027e-16,19.999999999999996,3.976576286074131e-06,1.5492222030200149e-06,0.0004088016570042,0.0156944708326517,3.3573447250240314e-05,0.0003352663066346,4.332664660264795e-05,0.0007184968877192,0.0004919413924203884,0.000416295108695356,17,7.700864597995398e-05,1.0251303865534234,0.0,0.047619047619047616
2022-01-16,48,2022-01-16 00:00:00,191,OK,0.0003698798282283,0.3917975567190226,0.0054480438433596,0.2243787328642065,19.999999999641503,5.520935629468164e-06,5.470740636115493e-06,0.0007407573801469,0.0160644062244879,6.339799722372757e-07,0.0001442653231173,3.886171538844539e-05,0.0005138769901092,0.0007720072898049092,0.0007865151162931058,17,7.700864597995398e-05,1.2856173253898413,1.0,0.047619047619047616
2022-01-16,54,2022-01-16 06:00:00,190,OK,0.0004866890408691,0.5142543859649122,0.0061235495935719,0.259253069804634,-11.215075761524195,4.734315636474828e-06,3.768147926449798e-06,0.0009842292991635,0.0161479953215039,6.855137245452275e-05,0.0010501979069626,4.639439783560568e-05,0.0011181449424304,0.001071065312719758,0.0010821409814175066,17,7.700864597995398e-05,0.7053689850717992,1.0,0.047619047619047616
2022-01-16,60,2022-01-16 12:00:00,190,OK,0.0034749701504268,0.5618421052631578,0.0029591154997995,0.0782480247369838,-4.7365499686861146,1.1732574191218165e-05,1.1560259175122708e-05,0.0011248905062491,0.0220362085346323,2.749296079222592e-06,0.0009791159738557,0.0001854858788098,0.0022106380864452,0.001372529656721289,0.0012939992829295848,17,7.700864597995398e-05,1.4264026115813357,0.0,0.047619047619047616
2022-01-16,66,2022-01-16 18:00:00,191,OK,0.0156942879336722,0.5700261780104712,0.0001749954427603,7.151672984671153e-17,3.727153978397222,6.544467541608161e-06,6.125725396948523e-06,0.0014926589975994,0.0219208357150792,2.025110748362827e-05,0.0005545672766789,1.9840061950902893e-05,0.000711253659566,0.0014617217136929598,0.0014352932050317418,17,7.700864597995398e-05,0.4742064221801751,0.0,0.047619047619047616
2022-01-16,72,2022-01-17 00:00:00,191,OK,0.0116612275478356,0.5196335078534031,0.0039787309833645,0.1257360139417596,-8.010933901700282,1.659949803310873e-05,1.4549613090444224e-05,0.000880731289089,0.0219208357150792,0.0003116470526597,0.001411005994966,0.0002875504521849,0.0015201098406854,0.001135444223362921,0.0009236394212456323,17,7.700864597995398e-05,3.2157924094085177,0.0,0.047619047619047616
2022-01-16,78,2022-01-17 06:00:00,191,OK,0.0146238348214632,0.4275741710296684,0.0162455325703283,0.5290160394403574,-19.99999999999349,2.06856762025198e-05,1.7275309171131645e-05,0.0009117251809777,0.0219208357150792,0.0001267355392618,0.0006319278754224,0.0001911259605106,0.0009274883392989,0.0007917848005025284,0.0005536991106563716,17,7.700864597995398e-05,3.5031613778953457,0.0,0.047619047619047616
2022-01-16,84,2022-01-17 12:00:00,191,OK,0.0196486902320469,0.3363874345549738,1.931750195953661e-12,0.0612310947773994,3.4228357957896356,2.1051022189518924e-06,1.490569508648129e-06,0.0003160662179875,0.0186623063165075,2.5001504077862493e-05,0.0009117958292372,1.350560221845069e-05,0.0008615498415375,0.000505829062670146,0.0004928448639995956,17,7.700864597995398e-05,0.2664909522865582,0.0,0.047619047619047616
2022-01-16,90,2022-01-17 18:00:00,191,OK,0.0158820026554998,0.2087696335078534,2.986873791442459e-18,0.0725048679209442,-7.641292553548514,3.322671617470049e-06,1.2862350693982888e-06,0.000211869599553,0.0139395504772278,1.9503445139631046e-06,0.0002990565877565,-4.3518430754954045e-08,0.0003674777648603,0.0003755200354141861,0.00025228542882638243,17,7.700864597995398e-05,0.0,0.0,0.047619047619047616
2022-01-16,96,2022-01-18 00:00:00,191,OK,0.0090067097973751,0.0970767888307155,4.213636929073235e-16,0.0391795138922928,-6.3495036040209305,1.9844193641219685e-06,1.5336773469447952e-06,0.000258416031935,0.0075231276230185,1.281433857873132e-06,8.200269715765289e-05,3.734390496491881e-06,0.0001371633322212,0.00034908788314223267,0.0002473681033470098,17,7.700864597995398e-05,0.46283972117257866,0.0,0.047619047619047616
2022-01-16,102,2022-01-18 06:00:00,191,OK,0.0051517769263309,0.0405759162303664,0.0061600207984812,0.0830811018589418,19.999999999999996,7.813970240837564e-07,5.795946333281977e-07,0.0001112198679403,0.006775593501316,5.770110064159464e-06,0.0001975367199923,4.233433149673728e-06,0.0001944119288754,0.00015556986763313086,6.250516971444923e-05,17,7.700864597995398e-05,0.3701849159193231,0.0,0.047619047619047616
2022-01-16,108,2022-01-18 12:00:00,191,OK,0.0049201440543892,0.0194153577661431,0.024302496619151,0.1668210743102556,11.939743204632698,1.6817013738956196e-07,1.2847328210803236e-07,0.0001150104045283,0.0067460780481665,1.052121212663921e-06,7.590130324973497e-05,4.4536257758914874e-08,7.718054320433316e-05,0.00011142987151967402,5.663104757927173e-05,17,7.700864597995398e-05,0.009809679363063177,0.0,0.047619047619047616
2022-01-16,114,2022-01-18 18:00:00,190,OK,0.0067811478798936,0.0179824561403508,0.0094233758834414,0.1437371751483354,-8.2736009859703,6.555855790805408e-08,5.1248020292708854e-08,3.932307756914568e-05,0.0061264577857977,3.427421454924466e-07,7.493291943751032e-05,1.9850674205254805e-07,8.411482379777396e-05,0.00016645862693040218,8.815242982127096e-05,17,7.700864597995398e-05,0.04011914264965296,0.0,0.047619047619047616
2022-01-16,120,2022-01-19 00:00:00,190,OK,0.0025802103581874,0.0350877192982456,0.0013270936030401,0.0501526376872154,-19.999815169800264,2.864160455158291e-07,2.691705455584445e-07,5.816982615093633e-05,0.0029817135852526,2.294481831662767e-06,6.328815325812626e-05,2.30389893232977e-06,7.147223081416048e-05,0.00013830141048076685,6.865809120784276e-05,17,7.700864597995398e-05,0.547992995369696,0.0,0.047619047619047616
2022-01-16,126,2022-01-19 06:00:00,190,OK,0.0015373481391757,0.1092105263157894,1.4432858437539204e-11,0.0138339469702356,19.99999999152229,3.022025877482833e-07,2.924312987938572e-07,5.948639756486198e-05,0.0029817135852526,1.650676516693168e-07,4.855779225849096e-05,-1.0361600244128902e-07,4.360649683657535e-05,0.00011915509146565212,5.711310649956926e-05,17,7.700864597995398e-05,0.0,0.0,0.047619047619047616
2022-01-16,132,2022-01-19 12:00:00,187,OK,0.001422224743698,0.1762477718360071,2.8812758031118565e-11,0.0242047144081831,19.999999999981203,3.316225505364209e-07,3.21439907286876e-07,6.341155581728047e-05,0.0030295485625561,2.183497320348185e-06,0.0001039745415545,1.2575491309011087e-06,9.1402415302084e-05,0.00012767569020262642,6.62671473170039e-05,17,7.700864597995398e-05,0.2338924540961383,0.0,0.047619047619047616
2022-01-16,138,2022-01-19 18:00:00,187,OK,0.0019289413419318,0.1911764705882352,0.0002389044303471,0.1056855961301721,-19.99999962830366,2.384927426759648e-07,2.366419773412842e-07,6.457646341291163e-05,0.0030295485625561,1.3389951572052925e-07,0.0001155739917093,3.9512031884112907e-07,0.0001473978515309,0.0001480014015492448,0.00010010879895469403,17,7.700864597995398e-05,0.04557085025687131,0.0,0.047619047619047616
2022-01-16,144,2022-01-20 00:00:00,186,OK,0.0009468027075634,0.1774193548387096,2.0000859884023077e-05,0.0262499329159681,-19.996726153681458,1.1548306389572217e-07,1.149420414454162e-07,3.4278203185072614e-05,0.0016552216448369,1.9065213285405465e-07,8.166908294210898e-05,-1.1305123766323009e-07,7.438735463831193e-05,0.00010149908237312313,4.278555813442055e-05,17,7.700864597995398e-05,0.0,0.0,0.047619047619047616
2022-03-12,24,2022-03-11 00:00:00,156,OK,6.585327827873372e-05,0.0216346153846153,0.0008407035392138,7.382391420701948e-12,19.956999595578846,5.7628611321743583e-08,5.7564663390239025e-08,4.663654551395661e-06,0.0009262090887492,1.7312008699769188e-10,4.523418647651558e-06,-4.584781755020161e-09,5.352048379599357e-06,4.415413512079269e-05,5.576992900029944e-06,17,0.0001463899858053,0.0,0.0,0.047619047619047616
2022-03-12,30,2022-03-11 06:00:00,154,OK,0.0001128955662137,0.1074134199134199,0.0046355978592882,0.9999999999999722,-19.999999999999996,1.6957459351305658e-07,1.329009292817212e-07,1.5801773136679874e-05,0.002493738804716,8.374897085611743e-07,3.3111432320625833e-05,8.894075041569315e-08,3.3694736906800174e-05,8.621897808399146e-05,1.737026104823479e-05,17,0.0001463899858053,0.0448732619948618,0.0,0.047619047619047616
2022-03-12,36,2022-03-11 12:00:00,154,OK,3.3703509649303424e-05,0.2740800865800865,0.004391509022467,0.9999999999999868,-19.99999999999953,2.2295456397537327e-07,2.190610312350918e-07,4.2610104430593114e-05,0.0036922232864918,2.2778861923614593e-07,5.0070376176477e-05,5.750209804423724e-07,4.9767503780307624e-05,0.00015348243198619118,4.493457083202883e-05,17,0.0001463899858053,0.19642047370252708,0.0,0.047619047619047616
2022-03-12,42,2022-03-11 18:00:00,152,OK,0.0001005052605839,0.4950657894736842,0.0010522714670489,5.115827089376535e-17,4.053020201036907,2.4489375426989335e-06,2.294373001200109e-06,0.0005718083010918,0.0135614491688461,1.3439365826515246e-05,0.00075319912144,1.4461049025225732e-05,0.0007769875023177,0.0008247540155412336,0.0005987319978344649,17,0.0001463899858053,0.3163986971418719,0.0,0.047619047619047616
2022-03-12,48,2022-03-12 00:00:00,152,OK,0.0004012301516534,0.6661184210526315,0.0042816943219864,0.4414414075090367,19.99999999999999,7.27321707022099e-06,6.479400335986492e-06,0.0008002924126321,0.0135614491688461,6.405897667094037e-05,0.0027615807705442,3.334546904640972e-05,0.0017501776829703,0.001164654155605783,0.0008444094482369812,17,0.0001463899858053,0.323894527569853,0.0,0.047619047619047616
2022-03-12,54,2022-03-12 06:00:00,156,OK,0.0037984662111008,0.6485042735042734,0.0097904491644662,0.9999994665793032,19.999999999997836,5.090833162996422e-06,4.64692740818366e-06,0.0008246743311711,0.0132287634339463,3.523418987180577e-05,0.0030179741684886,3.801445714413608e-06,0.00191944948132,0.001656407216163957,0.0013846276153272876,17,0.0001463899858053,0.03366828758659967,0.0,0.047619047619047616
2022-03-12,60,2022-03-12 12:00:00,154,OK,0.0037383193416968,0.5091991341991342,0.0114120278672747,1.0,-1.890023522348624,2.1243342191585623e-06,2.1225464325047976e-06,0.0008331963171093,0.0133976623671701,3.404514826589308e-06,0.0018856032343159,-1.067636535124274e-06,0.0016057722802869,0.0022322336177139045,0.0011037776482714116,17,0.0001463899858053,0.0,0.0,0.047619047619047616
2022-03-12,66,2022-03-12 18:00:00,154,OK,0.0110664486443924,0.3168290043290043,1.6499157580153507e-11,0.1283387100598411,-10.038013022963778,1.1228724908605084e-06,9.145642524591854e-07,0.000237391387674,0.0112708407561111,2.6740776227995376e-06,0.0004528039226962,-3.529385424717126e-06,0.0004250765186315,0.0017639455250510778,0.0018139107765468637,17,0.0001463899858053,0.0,1.0,0.047619047619047616
2022-03-12,72,2022-03-13 00:00:00,154,OK,0.0031887466334537,0.1785714285714285,0.0003032950085746,0.056293781797377,-19.999999999999996,3.336297007627977e-07,2.565915857221962e-07,7.553318223557057e-05,0.0034349162909209,4.254614950239024e-06,0.000175495713488,3.824576849731252e-06,0.0002789399668959,0.00026953133503106397,4.5174141543157266e-05,17,0.0001463899858053,0.23308888707832906,0.0,0.047619047619047616
2022-03-12,78,2022-03-13 06:00:00,156,OK,0.0022003900602612,0.1052350427350427,0.0008739128667481,0.0748147803376142,19.999999734535145,1.581634297186305e-07,1.5694888432557806e-07,8.751561958654802e-05,0.0031935435576064,3.0952072659081254e-08,2.8171785596387044e-05,-1.872989410845147e-07,8.250662827285313e-05,0.00017773499602429083,3.9544516485898415e-05,17,0.0001463899858053,0.0,0.0,0.047619047619047616
2022-03-12,84,2022-03-13 12:00:00,156,OK,0.0018563334322538,0.0763888888888889,0.0007300909227364,0.0605485678852116,-17.374549447013376,1.550934118769633e-07,1.5397044537623776e-07,7.542530502150085e-05,0.0031935435576064,5.022270426758017e-08,1.4923790604618798e-05,-5.076481474707086e-07,0.0001586881404964,0.00015764436434292096,4.192548492245534e-05,17,0.0001463899858053,0.0,0.0,0.047619047619047616
2022-03-12,90,2022-03-13 18:00:00,158,OK,0.0016410194471529,0.0474683544303797,0.0006089490663043,0.0431955456535526,-19.99999999983172,2.1901483641348818e-07,2.066860015530437e-07,6.627182120946293e-05,0.0031532536147447,1.0074646236043571e-06,0.0002121506989137,1.2042475137104986e-06,0.000214537474173,0.00021538985850582193,6.674720308655398e-05,17,0.0001463899858053,0.09542485671556838,0.0,0.047619047619047616
2022-03-12,96,2022-03-14 00:00:00,158,OK,0.0013890273106954,0.0013185654008438,2.078708936287241e-07,0.0291052154095417,19.997471706202784,1.0456053042333241e-07,1.0076338626342927e-07,3.9556686312359813e-05,0.0019371018351616,2.977487526264474e-07,4.2079010071735656e-05,-1.229217615938093e-07,7.054488687649707e-05,0.00011955523652332537,6.291200795415509e-05,17,0.0001463899858053,0.0,0.0,0.047619047619047616
2022-03-12,102,2022-03-14 06:00:00,157,OK,0.0011500009356065,0.0045116772823779,5.90534261955649e-08,0.0355991458049962,19.999999998129628,1.2461468643011738e-07,1.2074689419604604e-07,5.033280494811775e-05,0.0019491690297415,2.4833360428701785e-07,2.2368490355724704e-05,-1.9525846736270415e-06,0.000251915278916,0.00011029466241499141,9.159597421193124e-05,17,0.0001463899858053,0.0,0.0,0.047619047619047616
2022-03-12,108,2022-03-14 12:00:00,158,OK,0.0011154748669811,0.01292194092827,0.0003941056617655,0.0634793352162214,19.999999999823956,1.0691743729277425e-07,1.0616729307215756e-07,5.1157983635131386e-05,0.0019378896376206,5.3707465485484615e-08,0.0001438390412531,-3.363732100839436e-09,5.941074271159587e-05,0.0001240930613889126,0.0001358268183650416,17,0.0001463899858053,0.0,1.0,0.047619047619047616
2022-03-12,114,2022-03-14 18:00:00,158,OK,0.0019378896376206,0.0181962025316455,0.0061903389257778,0.3007534327781834,-19.999999999999996,1.875463015747132e-07,1.808048807569968e-07,2.002501569217099e-05,0.0013304297360513,2.590063552139819e-06,7.112567096538051e-05,1.062523040355126e-06,0.0001052974418045,0.00015607037323629882,0.0001450784318379068,17,0.0001463899858053,0.1715416004082371,0.0,0.047619047619047616
2022-03-12,120,2022-03-15 00:00:00,158,OK,0.0002516713560853,0.0242616033755274,0.0017946895907432,0.0423211507636753,-19.99999999978106,8.324190218077708e-08,8.213659516143135e-08,1.534244320795427e-05,0.0013304297360513,2.335517259256404e-07,4.596040533669713e-05,-2.071522401954564e-07,5.017986261711155e-05,6.707159963220306e-05,1.580084199382435e-05,17,0.0001463899858053,0.0,0.0,0.047619047619047616
2022-03-12,126,2022-03-15 06:00:00,154,OK,0.0003862072005316,0.0273268398268398,0.0018408967066885,0.053227318363543,-19.999999986205047,7.411007742818657e-08,7.382574186408588e-08,2.9476077542429045e-05,0.0013628661267633,1.3147683306228774e-07,4.581444789988789e-05,-8.230079994764908e-07,0.000122162102765,9.987998196882273e-05,3.580000761393359e-05,17,0.0001463899858053,0.0,0.0,0.047619047619047616
2022-03-12,132,2022-03-15 12:00:00,150,OK,0.000397105320569,0.0247222222222222,0.0043979639826061,0.1509485436670274,-12.661611194643283,1.3557201307415904e-07,1.355180920276422e-07,2.608350036882522e-05,0.0013965276408911,4.474473525572138e-09,0.0001296033028315,2.1696412457129186e-07,5.854131725701555e-05,9.597815572417369e-05,2.725032603276719e-05,17,0.0001463899858053,0.06300490474990035,0.0,0.047619047619047616
2022-03-12,138,2022-03-15 18:00:00,150,OK,0.0013965276408911,0.0238888888888888,0.0063257959737162,0.2869063385188024,-19.999999999999996,1.5020070909194406e-07,1.453471340574605e-07,3.3081567068593014e-05,0.001519323364765,1.5016317408403237e-06,6.581517678963568e-05,2.2412709654646637e-06,9.959560107007598e-05,9.09492084921387e-05,5.037444994145805e-05,17,0.0001463899858053,0.38256314539525493,0.0,0.047619047619047616
2022-03-12,144,2022-03-16 00:00:00,150,OK,0.0006793171815877,0.0225,0.0027743950512905,0.0767542530573802,19.999732236785015,2.120791314301133e-07,2.115141089048939e-07,3.4312598833441296e-05,0.0020626280923262,2.2188872076753335e-07,7.773263786179109e-05,-1.5656281892459049e-07,4.977771968822418e-05,7.503119220524687e-05,4.473784333680757e-05,17,0.0001463899858053,0.0,0.0,0.047619047619047616
2022-04-13,24,2022-04-12 00:00:00,130,OK,0.0001441058314739,0.3426282051282052,0.0001055453903096,0.0209687345839034,-19.999996411074292,6.046031728023047e-08,5.9672739547101e-08,9.596550228114593e-06,0.0014805953582151,8.905461615542108e-08,1.656172481327244e-05,3.023698420822038e-08,1.8462304783736413e-05,0.000290510882336178,2.5486556555028107e-05,15,0.0001927759637063,0.024566529934163236,0.0,0.047619047619047616
2022-04-13,30,2022-04-12 06:00:00,130,OK,0.0001780393191842,0.4403846153846154,0.0013249332688108,1.176137049916966e-14,19.999999999999982,3.253427420982154e-05,1.2197524255840617e-05,0.0005616834299009,0.0249244306176232,4.9198211102263605e-05,0.000966108252848,3.9967831915906015e-05,0.000948636798426,0.0007792745765870793,0.0006030508826080469,15,0.0001927759637063,0.6319778863030862,0.0,0.047619047619047616
2022-04-13,36,2022-04-12 12:00:00,131,OK,0.0001426841189158,0.5970101781170484,0.0015170376504397,4.075265348806607e-18,1.8765571246208268,3.091768063411279e-05,2.9476127925819965e-05,0.0010946645463571,0.0247348626871102,0.0002863621194869,0.0022706543876628,0.0002588975058097,0.0022822402071652,0.0013037010306934302,0.0011761143247061006,15,0.0001927759637063,1.7016011614172724,0.0,0.047619047619047616
2022-04-13,42,2022-04-12 18:00:00,131,OK,0.0004424359486338,0.6809796437659031,0.0039234853680218,0.135673856959003,-6.162012073335235,3.451795833451272e-05,2.8452782068179512e-05,0.0014835767671111,0.0247348626871102,0.0005391398775431,0.003380071649392,0.0004900786659426,0.0032806592091951,0.001752545136239807,0.0015812722615359959,15,0.0001927759637063,2.240763066317574,0.0,0.047619047619047616
2022-04-13,48,2022-04-13 00:00:00,128,OK,0.0007377384341692,0.7001953125,0.0109892034120638,0.4086479585602103,-19.724679535468223,3.7259532215364665e-05,2.4232433411287895e-05,0.0018897220005706,0.0269279141780893,0.0007297911280785,0.0024425580061895,0.000614117904365,0.0024189245080925,0.002026150959453124,0.0018573458021833881,15,0.0001927759637063,3.808208373042264,0.0,0.047619047619047616
2022-04-13,54,2022-04-13 06:00:00,127,OK,0.0236774660987972,0.6076115485564304,2.725691659897766e-21,0.0137566025376526,-1.4144404150884422,1.722194849896545e-05,1.6611484292064673e-05,0.0013308839573813,0.0271531447738083,0.0001245377602522,0.0035439227654124,8.401859652390732e-05,0.003422924640913,0.0014813925742330474,0.0011023916944209694,15,0.0001927759637063,0.3681877575670069,0.0,0.047619047619047616
2022-04-13,60,2022-04-13 12:00:00,127,OK,0.0201735181696286,0.4514435695538057,0.0011994308501235,0.048100135024799,12.221741177988754,1.5483862878872166e-05,1.333279016805165e-05,0.0007811078556544,0.0271531447738083,0.0001300897917622,0.0016730661174385,8.836006219502879e-05,0.0013351892790408,0.0011721807853362826,0.0009321569339994501,15,0.0001927759637063,0.9926689449435961,0.0,0.047619047619047616
2022-04-13,66,2022-04-13 18:00:00,119,OK,0.0154836097220955,0.2563025210084033,0.0058804874161458,0.1085482396128261,-0.5606589925291264,8.027525460153528e-06,8.005517869993447e-06,0.0007906613089603,0.0289467101743381,7.748918234395744e-07,0.0011304761702174,-8.889013565735497e-06,0.0011180700395246,0.0014955714575802367,0.0010039969262406348,15,0.0001927759637063,0.0,0.0,0.047619047619047616
2022-04-13,72,2022-04-14 00:00:00,118,OK,0.0281685117613848,0.1126412429378531,1.3438886077020437e-18,0.0763435823279405,-1.5112765350466226,2.600247520750946e-06,2.2115491742996343e-06,0.0005399125261321,0.0291961800684667,6.41385756823699e-08,0.0013636797435854,-1.8446999498633295e-05,0.0015658444607716,0.002472861287988539,0.0011450049847613328,15,0.0001927759637063,0.0,0.0,0.047619047619047616
2022-04-13,78,2022-04-14 06:00:00,118,OK,0.0154298382630136,0.0617937853107344,1.4508074480330127e-26,0.0673557630642532,10.304987783752926,2.5871603925401214e-06,7.041948488036191e-07,0.0001641047486672,0.0144508833968446,5.173470762227702e-07,0.0001759256659259,-6.265502188408105e-07,0.0001789144790936,0.0007791466409324581,0.0003726683407613276,15,0.0001927759637063,0.0,0.0,0.047619047619047616
2022-04-13,84,2022-04-14 12:00:00,116,OK,0.0121105548467062,0.0524425287356321,8.297855829670138e-12,0.0945534086184793,19.99999999999999,1.212717147442526e-06,6.065660252390731e-07,0.0001322250628835,0.0134842817395377,1.2869548182745548e-05,0.0002088628507724,9.626807113376403e-06,0.0002047106346662,0.00035938527630014524,0.00029830680787230776,15,0.0001927759637063,0.7053962142030741,0.0,0.047619047619047616
2022-04-13,90,2022-04-14 18:00:00,116,OK,0.007209627593645,0.0560344827586206,0.0088899253998752,0.2347189206922905,19.999999986523985,1.7490083137974606e-06,1.681262863617624e-06,0.0002477972238371,0.0071334439442193,1.2224112546034334e-06,4.188471949919897e-05,1.818622909560881e-06,0.0001190801858561,0.0003292477874996218,0.00025929436499156386,15,0.0001927759637063,0.22908381816248063,0.0,0.047619047619047616
2022-04-13,96,2022-04-15 00:00:00,119,OK,0.0031617946425592,0.0682773109243697,6.191548957999293e-15,0.038040141754618,-17.969836054683434,1.619674380481972e-06,1.5647169220243285e-06,0.0001734122227425,0.0049722178127505,1.9097106869576577e-05,0.0005245833128892,1.511761878856055e-05,0.0007602581016479,0.0001969494760610925,0.00018375220650522682,15,0.0001927759637063,0.2982727593916915,0.0,0.047619047619047616
2022-04-13,102,2022-04-15 06:00:00,120,OK,0.001347935130105,0.0996527777777777,1.2944302133202403e-06,2.7815183009978026e-06,2.259271605846779,1.4263709115855173e-06,1.4212672300835018e-06,0.000192453293114,0.004930782664311,3.2053520097486937e-07,0.0001647866365253,-1.4522750049822796e-06,0.0001152496120309,0.00021645290409883354,0.00017924483811101587,15,0.0001927759637063,0.0,0.0,0.047619047619047616
2022-04-13,108,2022-04-15 12:00:00,120,OK,0.0013687047765423,0.1024305555555555,3.4713843568610766e-10,0.0067853064323048,19.999988318909068,1.510598724453866e-06,1.509108918192569e-06,0.000224985872937,0.004930782664311,6.089671256027949e-07,0.0001638633569885,-1.554565054667764e-06,0.0002663233189217,0.0002502568141097811,0.00019931306169399047,15,0.0001927759637063,0.0,0.0,0.047619047619047616
2022-04-13,114,2022-04-15 18:00:00,120,OK,0.0013935847979197,0.1243055555555555,2.612228952040438e-07,0.0064939937063232,-19.9900363001383,2.670855728481525e-07,2.655227583888357e-07,8.614021096710614e-05,0.0021902164932926,2.203452953068884e-06,0.0003872409886861,6.611962424298108e-07,0.0002057175344967,0.00010480536731059569,6.983018818259313e-05,15,0.0001927759637063,0.04821146462168134,0.0,0.047619047619047616
2022-04-13,120,2022-04-16 00:00:00,120,OK,0.0004495434190022,0.1135416666666666,0.0013902061935753,0.1168802808394872,-19.999937916815977,3.263979120410697e-07,3.226289693924861e-07,8.0911106549417e-05,0.0021799820475259,9.570751030917842e-07,0.0001351971599804,3.9004341220763457e-07,9.381745686899508e-05,0.00011315224479509899,8.228036420445765e-05,15,0.0001927759637063,0.062362073950525614,0.0,0.047619047619047616
2022-04-13,126,2022-04-16 06:00:00,121,OK,0.0012363906706136,0.0719696969696969,0.0041294602887016,0.3435159902943071,-19.999965547342295,2.3663650843825346e-07,2.3457722767732055e-07,6.195911628415478e-05,0.0021619656669678,9.741117505924128e-08,0.0001089581497037,8.155114710277738e-07,0.0001885980193674,0.00010327852120960989,7.770909802933225e-05,15,0.0001927759637063,0.0648610844718716,0.0,0.047619047619047616
2022-04-13,132,2022-04-16 12:00:00,127,OK,0.001890828772533,0.088254593175853,0.002639250671446,0.3703008566256008,19.99999932023573,9.629693843386518e-08,9.50518857777512e-08,4.5609766872682194e-05,0.0020303718013076,6.976470287441115e-08,6.539128145292439e-05,-9.72041289865576e-07,0.0001084260604361,9.133981009776058e-05,9.708860517066112e-05,15,0.0001927759637063,0.0,1.0,0.047619047619047616
2022-04-13,138,2022-04-16 18:00:00,117,OK,0.0017771251146454,0.0641025641025641,0.0007281179295716,0.21858392544438,19.99997861367045,8.197854292678948e-08,7.776726899382626e-08,8.509034655723747e-06,0.0022024352743197,6.404817619558622e-07,2.8471530687482903e-05,2.983705069862124e-07,2.8772568067684792e-05,0.0001107172995311618,6.281356504553499e-05,15,0.0001927759637063,0.1555494662229959,0.0,0.047619047619047616
2022-04-13,144,2022-04-17 00:00:00,117,OK,0.0001865675767368,0.0747863247863247,0.0004153989313346,4.1857862040808094e-14,19.999999999999996,3.782511299048926e-07,3.671341770659393e-07,1.670971263370428e-05,0.0036429350006279,2.9100266469156473e-06,8.935644406865578e-05,2.094311902377075e-06,8.606439064444361e-05,0.00010898943044603115,1.9941010298340652e-05,15,0.0001927759637063,0.36501366361192356,0.0,0.047619047619047616
2022-06-08,24,2022-06-07 00:00:00,89,OK,0.0003214747449076,0.0814606741573033,0.0037823563513717,0.2551294965676303,-19.999385236297066,5.54962616452648e-07,5.521764190572922e-07,6.000992943505063e-05,0.0035000967749098,1.3112290555060358e-07,9.095267035111832e-05,5.1060855053044876e-08,9.972717262032673e-05,0.0002467164269543236,0.00013651125906925758,17,0.0002234013502512,0.008704092506527527,0.0,0.047619047619047616
2022-06-08,30,2022-06-07 06:00:00,90,OK,0.0008940961884009,0.0652777777777777,0.0042937126779138,0.2788348521570786,-19.999999999997907,6.415797475676165e-08,6.304530749236193e-08,2.3126259672470103e-05,0.0026061592104214,3.061147487878023e-08,4.8170843500120094e-05,-6.902674935589773e-08,4.354516513942852e-05,0.0003289474900068957,2.8332132905635088e-05,17,0.0002234013502512,0.0,0.0,0.047619047619047616
2022-06-08,36,2022-06-07 12:00:00,107,OK,0.0016432830289391,0.0630841121495327,0.0559262906223623,1.0,-8.535831575158166,1.0267184643080612e-05,1.0246319006560312e-05,0.0005965848523295,0.0172619358976282,2.346269596883671e-06,0.0010928413105728,-6.986042820556144e-06,0.0011053084387571,0.0007419232230056788,0.0005827594321746756,17,0.0002234013502512,0.0,0.0,0.047619047619047616
2022-06-08,42,2022-06-07 18:00:00,107,OK,0.0008616461821215,0.065031152647975,0.0525573427354025,0.3714008641088267,17.669272678191927,1.190735737382648e-05,9.045037241267716e-06,0.0016773974407887,0.0301117238684321,9.021358953983768e-05,0.0023608599506898,5.772538545681842e-05,0.002328725367074,0.0018218005483029139,0.0017346152909549464,17,0.0002234013502512,0.4214028698450337,0.0,0.047619047619047616
2022-06-08,48,2022-06-08 00:00:00,107,OK,0.0006538895500406,0.0809968847352024,0.0474455358488287,0.3058740446434981,0.6586487073693514,9.235975251684044e-06,9.228829121114464e-06,0.0022001962817936,0.0301117238684321,2.1947126382048497e-07,0.0028095426614943,-1.6924271355869506e-05,0.0022933097157082,0.002224908172409963,0.0023139806213987465,17,0.0002234013502512,0.0,1.0,0.047619047619047616
2022-06-08,54,2022-06-08 06:00:00,106,OK,0.0005892758296893,0.0919811320754717,0.0526952461994127,0.3671464394523899,-8.064836631266958,1.0248126287504116e-05,9.854911748734506e-06,0.0023626346063478,0.0303944665404503,7.120767941657172e-06,0.0028959075508535,-1.2391643041026216e-05,0.0026545755046949,0.0024603202735478977,0.00249012043839981,17,0.0002234013502512,0.0,1.0,0.047619047619047616
2022-06-08,60,2022-06-08 12:00:00,108,OK,0.0171426885146386,0.0690586419753086,0.029462917890963,0.2220930980859179,-11.478731946190951,9.795579990968467e-06,9.585298547052123e-06,0.0010989238345082,0.0298385635386982,1.160508432116874e-06,0.0073133311909988,5.501823219066808e-06,0.0030616000487829,0.0018165740735450028,0.0018577431576930678,17,0.0002234013502512,0.030549710358581224,1.0,0.047619047619047616
2022-06-08,66,2022-06-08 18:00:00,100,OK,0.0114375180489273,0.0633333333333333,0.0156179714761841,0.1331069018182375,2.6677565428353267,5.238151889140373e-06,5.219523792119852e-06,0.000634430556927,0.0164827110692771,3.00327485107745e-07,0.0001877928277643,5.0045096746754155e-05,0.0008569823596607,0.001683477128634667,0.00204693815832495,17,0.0002234013502512,0.9927469744320754,1.0,0.047619047619047616
2022-06-08,72,2022-06-09 00:00:00,100,OK,0.0161754880818081,0.0525,0.0008722214561247,0.0987496961469569,-3.6610766732384334,7.870925565310661e-07,5.907149352567267e-07,0.0001334814028834,0.0164827110692771,5.52274002276146e-06,0.0007016675757656,3.1434949494702547e-06,0.0007216991959774,0.00048282592084228853,0.000345935346894931,17,0.0002234013502512,0.07404665882801924,0.0,0.047619047619047616
2022-06-08,78,2022-06-09 06:00:00,90,OK,0.0088596889596768,0.0310185185185185,1.23115663084444e-10,0.0739745777311773,6.807261577582196,3.573235732243993e-07,2.841009804506445e-07,3.4049276164736484e-05,0.0075409224592144,5.358127891855403e-10,5.302258244335603e-05,-5.368262341798145e-07,5.1400801738809425e-05,0.00024053913609122348,0.00013921183041571162,17,0.0002234013502512,0.0,0.0,0.047619047619047616
2022-06-08,84,2022-06-09 12:00:00,88,OK,0.0062132411023198,0.034090909090909,4.759498828585605e-10,0.0861839881525009,8.963454152441843,2.020798798163913e-07,1.719369320507754e-07,2.183909847720208e-05,0.0060882117078849,1.413514466950298e-06,5.722701021818564e-05,2.214351296903966e-07,5.6101826191730736e-05,0.0007746453377908153,0.0004347252276059109,17,0.0002234013502512,0.06709937020359606,0.0,0.047619047619047616
2022-06-08,90,2022-06-09 18:00:00,87,OK,0.003785998633048,0.0201149425287356,1.0655249119696171e-11,0.0712726295095547,-19.999999999999893,5.682538344624718e-07,4.1654703531719875e-07,2.900042262097982e-05,0.0036049520751407,7.92717150086277e-06,9.750534344800204e-05,8.198317797763923e-06,0.0001003754615175,0.0003167507037259364,0.0002959156412471853,17,0.0002234013502512,1.388500739672195,0.0,0.047619047619047616
2022-06-08,96,2022-06-10 00:00:00,87,OK,0.0015142651338521,0.0186781609195402,0.0125099165440622,0.0907306441194546,19.999999999999996,1.3019594838866365e-06,1.2156350966434724e-06,0.000238571028249,0.0060960405334924,1.788365881112537e-05,0.0017223627496027,-1.1982047505248478e-06,0.0001784050453106,0.00035268464064991726,0.0002587306685267024,17,0.0002234013502512,0.0,0.0,0.047619047619047616
2022-06-08,102,2022-06-10 06:00:00,86,OK,0.0014306263175932,0.0184108527131782,0.0175831020066985,0.2255889494311649,4.963852767861675,1.7625260245513691e-06,1.7620753169130914e-06,0.0002501161308674,0.0061669247257423,1.7247187943455673e-08,0.0005466960759645,1.0325126275667074e-07,0.0005388779421418,0.00035324826062024827,0.0002693078076323365,17,0.0002234013502512,0.0032572709506107815,0.0,0.047619047619047616
2022-06-08,108,2022-06-10 12:00:00,86,OK,0.0007294292695439,0.0150193798449612,0.0178856801434662,0.215129510617229,-19.736539594012644,1.8279843527739703e-06,1.8214948157394909e-06,0.0002527374132865,0.0061669247257423,2.474764318937138e-07,0.0003440486673085,4.542050592091658e-06,0.0001373412266315,0.0004476493879183053,0.00036040368868520676,17,0.0002234013502512,0.5622118133015751,0.0,0.047619047619047616
2022-06-08,114,2022-06-10 18:00:00,86,OK,0.0018130584604771,0.0130813953488372,0.0140082458128995,0.1965450757061795,-19.99999999947779,1.708897954916349e-06,1.7006792466661503e-06,0.0002374346973592,0.0061669247257423,2.1782087231621695e-07,5.519200580029697e-05,6.2000977941675655e-06,0.0006652517809679,0.000427152007435221,0.00024400880828131892,17,0.0002234013502512,0.1584387528395576,0.0,0.047619047619047616
2022-06-08,120,2022-06-11 00:00:00,85,OK,0.0060900078100135,0.0019607843137254,0.0731816402389267,0.8360303519725214,-19.999999999999996,7.384299281226375e-07,6.919207582811635e-07,3.692822232521649e-05,0.0021280407629148,3.934274084143553e-06,4.021205015130975e-05,-1.248347578290005e-05,0.0069725289798675,0.0011255503016891076,0.0003095209386354981,17,0.0002234013502512,0.0,0.0,0.047619047619047616
2022-06-08,126,2022-06-11 06:00:00,85,OK,0.0008228481346612,0.009313725490196,1.559834098232848e-09,0.0045563250285553,19.999999997498467,1.4496995806995453e-07,1.4449804642493968e-07,5.569623288877529e-05,0.0021280407629148,2.0488422021168296e-08,9.456656360208808e-05,-1.813885214793931e-06,0.0001438868283957,0.0004732158775141628,5.963797932396547e-05,17,0.0002234013502512,0.0,0.0,0.047619047619047616
2022-06-08,132,2022-06-11 12:00:00,103,OK,0.0009571464761628,0.0343851132686084,1.4592027609313383e-09,0.0377094693392663,19.996012907879916,1.1547740332260677e-07,1.132573662096347e-07,3.3634594267970327e-05,0.0020525439693784,7.493689591523749e-08,0.0001021854694568,-7.783083575109673e-07,7.81887847145508e-05,0.001145354966513839,0.0006612451431771185,17,0.0002234013502512,0.0,0.0,0.047619047619047616
2022-06-08,138,2022-06-11 18:00:00,104,OK,0.0008761531520381,0.0544871794871794,3.1849523789211124e-08,0.0470557145143524,19.99999953023189,1.1243818000598767e-07,1.1077555810314072e-07,2.841652768637936e-05,0.0020328079696728,4.2971638288892445e-09,0.0001473398790133,-8.761617051581706e-07,0.0001081046019302,0.0009732679532800271,0.0003778257922600742,17,0.0002234013502512,0.0,0.0,0.047619047619047616
2022-06-08,144,2022-06-12 00:00:00,104,OK,0.0007362900787701,0.0985576923076923,0.0007850094106292,0.1581810212717893,-19.99997423963874,9.790283704098095e-08,9.768150345693313e-08,1.25482342417351e-05,0.0013557044986128,2.141746667364656e-08,1.4352669294475964e-05,3.912274217723051e-08,2.2820091253283675e-05,0.0013810140364054213,0.00039838631773831366,17,0.0002234013502512,0.029144783411732267,0.0,0.047619047619047616
2022-06-17,24,2022-06-16 00:00:00,273,OK,0.0010383582372173,0.0155677655677655,0.0052516768883338,1.870475779146411e-11,3.304461802091131,6.968831272178664e-07,6.959833657787576e-07,0.0003626216716542,0.0041387853476878,3.505138092066626e-07,0.0013053398836783,1.7447350821245475e-06,0.0004235998219819,0.000681763409553686,0.00038064575719350715,17,-9.195762888426105e-05,0.07002008701831955,0.0,0.047619047619047616
2022-06-17,30,2022-06-16 06:00:00,244,OK,0.0017699571508199,0.0170765027322404,0.0160124072115946,9.311851083128092e-14,19.999999999999996,4.65098485298168e-06,3.1055814397557373e-06,0.0010574454986898,0.0115036245020356,4.236473413330237e-05,0.0043473076732016,2.8927158592713136e-05,0.0040693720666308,0.0013122313039438038,0.0010548104020254969,17,-9.195762888426105e-05,0.12084461386772949,0.0,0.047619047619047616
2022-06-17,36,2022-06-16 12:00:00,250,OK,0.0014022960575466,0.0155,0.0233597537522673,8.63465672325333e-14,19.999999996605084,3.450146893051324e-06,3.1394345258268767e-06,0.0013642693288835,0.0113045403317681,1.109918170891594e-05,0.0030843637352474,3.664078704334171e-06,0.0028584811425812,0.0016182276274991738,0.0013844537145632717,17,-9.195762888426105e-05,0.02179106135975199,0.0,0.047619047619047616
2022-06-17,42,2022-06-16 18:00:00,253,OK,0.003728891925648,0.0517127799736495,0.0203876200502813,2.733784185327038e-12,4.055091514859113,4.458133716719196e-06,4.098333367489471e-06,0.0033336726706375,0.0293565495582836,9.612863412495118e-06,0.0135372375268821,-4.4345219107520264e-05,0.0122281298256974,0.0025037627849734804,0.0027821798013913154,17,-9.195762888426105e-05,0.0,1.0,0.047619047619047616
2022-06-17,48,2022-06-17 00:00:00,253,OK,0.0031722288133097,0.067193675889328,0.0331134794710501,2.1748629711938233e-18,1.0028780948937244,2.196197185361477e-05,1.6277851839045655e-05,0.0038305434532406,0.0623147824889534,4.9313303033940816e-08,0.0145268265250583,4.459435435763109e-06,0.0144614243427358,0.004364052539343083,0.004520681909425349,17,-9.195762888426105e-05,0.005242250044758115,1.0,0.047619047619047616
2022-06-17,54,2022-06-17 06:00:00,251,OK,0.0095933004179666,0.0645750332005312,0.0382621594391456,0.043492447839508,1.7022491822211878,3.4963987131987165e-05,3.2412655582467694e-05,0.0040653236407683,0.0627780779209344,6.146039715232003e-05,0.0069133373506476,4.689932281028373e-05,0.0069296197034942,0.004503535300843684,0.00510907139025594,17,-9.195762888426105e-05,0.1150551576983074,1.0,0.047619047619047616
2022-06-17,60,2022-06-17 12:00:00,251,OK,0.0100059585903772,0.0644090305444887,0.0385954575908091,0.0484651951294691,2.188793044570044,3.7923828520463935e-05,3.26822251757126e-05,0.0048568967069456,0.0633641079062398,0.0002071752749847,0.0049491260816082,0.0001999369079343,0.0049482784814868,0.00539635052997783,0.006007675060984123,17,-9.195762888426105e-05,0.6868908950051315,1.0,0.047619047619047616
2022-06-17,66,2022-06-17 18:00:00,250,OK,0.0295911854044528,0.0743333333333333,0.0206408334769442,0.0286612129658582,15.543255954778186,0.0001699323062953,0.0001087615782457,0.0042428524646936,0.0636175643378648,0.0015125599826581,0.0110859949284113,0.0015385997118181,0.0104753108509162,0.004322284684147227,0.0054429088131445055,17,-9.195762888426105e-05,2.4969373676027957,1.0,0.047619047619047616
2022-06-17,72,2022-06-18 00:00:00,214,OK,0.0494453267462395,0.0648364485981308,0.0035898997424349,0.0800298595779614,-2.3354316709198812,8.403272336357315e-06,3.039724434592486e-06,0.000976618812566,0.0427109480798715,0.0001834633187986,0.0025786392052441,0.0001908997179861,0.0026421644940354,0.0010994140377306842,0.001361234975232795,17,-9.195762888426105e-05,1.228271446796688,1.0,0.047619047619047616
2022-06-17,78,2022-06-18 06:00:00,214,OK,0.0259714908170234,0.0673676012461059,1.6394679214800815e-10,0.0501421871210102,3.3943121902237996,2.4984075298983366e-06,5.904022819552719e-07,0.0002876276604807,0.0250862077060041,7.947784159319274e-06,0.0004545223277596,4.620208897671385e-06,0.0004493884386929,0.00041175096206338117,0.0003644235599019369,17,-9.195762888426105e-05,0.17477875374112173,0.0,0.047619047619047616
2022-06-17,84,2022-06-18 12:00:00,243,OK,0.0190721909193709,0.0606995884773662,1.6703423545405798e-19,0.0625703308877921,-0.288305959185582,8.358281736281573e-07,8.32258892556551e-07,0.0001667301995777,0.0184879054538434,2.4694518841136292e-06,0.0002393661467308,1.1947864969689552e-06,0.0002497207185462,0.000268905780074069,0.00022519898101445865,17,-9.195762888426105e-05,0.08133634472429446,0.0,0.047619047619047616
2022-06-17,90,2022-06-18 18:00:00,246,OK,0.0131797356517875,0.0328590785907859,2.2217260172184828e-14,0.0583348881431627,-6.93729770656783,1.323249226636525e-06,4.579432594407139e-07,0.0001207204762018,0.0124003117745769,6.464776243650458e-06,0.0001352908354056,6.782013231940811e-06,0.0001391417051486,0.00017808215365823867,0.00012709350172719147,17,-9.195762888426105e-05,0.8286101195889638,0.0,0.047619047619047616
2022-06-17,96,2022-06-19 00:00:00,243,OK,0.0086211558638274,0.0121742112482853,0.0054353697266146,0.0527457257843811,-7.187188350986402,4.84171251458415e-07,3.443702187855396e-07,9.688626511815942e-05,0.0075971418887897,7.280782144192123e-06,0.0001355690435128,7.714874294667865e-06,0.0001592143441553,0.00014352592650766047,0.00010588164850468269,17,-9.195762888426105e-05,0.8237502952712933,0.0,0.047619047619047616
2022-06-17,102,2022-06-19 06:00:00,243,OK,0.0057990222485376,0.0092592592592592,4.904542932973661e-10,0.0356025898628886,19.999999997198675,4.853706223019414e-07,1.278396222643104e-07,4.443609767686919e-05,0.0057314287219098,9.137381717542589e-06,0.0001705608190872,8.304022285473499e-06,0.000171736172943,0.0001059821943307963,5.2022836016914216e-05,17,-9.195762888426105e-05,0.8220072477095661,0.0,0.047619047619047616
2022-06-17,108,2022-06-19 12:00:00,243,OK,0.0055967410977943,0.007716049382716,0.0060765715569733,0.0738819541886284,7.243582941299066,1.635848861120939e-07,1.6125380243339626e-07,4.16029767624009e-05,0.0053437620575004,2.7736242902278033e-08,4.771483229809067e-05,-1.648906414850479e-07,4.3652949908878256e-05,0.00010552949244705634,6.350305582089205e-05,17,-9.195762888426105e-05,0.0,0.0,0.047619047619047616
2022-06-17,114,2022-06-19 18:00:00,241,OK,0.004342295078597,0.0039764868603042,5.164272541136693e-11,0.0601687979063382,-19.99999999999997,2.277463376510524e-07,1.64877058373217e-07,2.6376211531183323e-05,0.0040621531762564,2.108032704444561e-06,4.19817067631089e-05,2.915708784036057e-06,6.0800836652126865e-05,9.502629340504677e-05,5.237691288144896e-05,17,-9.195762888426105e-05,0.8152363036089746,0.0,0.047619047619047616
2022-06-17,120,2022-06-20 00:00:00,278,OK,0.002942096678417,0.0025479616306954,5.839359405044133e-06,0.043087738807192,-3.6270792511854633,1.4827294645074494e-07,1.4804946786259374e-07,9.06139561996052e-06,0.0025167859814086,2.3401074393185113e-06,3.740669334228528e-05,2.1839986385948985e-06,3.778715200305405e-05,5.9534998365269155e-05,1.8771602218406816e-05,17,-9.195762888426105e-05,0.9825555747919954,0.0,0.047619047619047616
2022-06-17,126,2022-06-20 06:00:00,269,OK,0.0020055810709042,0.002633209417596,4.734891012438438e-09,0.0396343989807107,19.999999999998774,1.8860510750639608e-07,1.5608961921782848e-07,1.0644430641537184e-05,0.002212160439408,2.475666835947504e-09,1.1678606385411809e-05,-6.58474590731604e-08,1.1846840450509653e-05,5.94293286147451e-05,1.4690679718121354e-05,17,-9.195762888426105e-05,0.0,0.0,0.047619047619047616
2022-06-17,132,2022-06-20 12:00:00,253,OK,0.0023103466884329,0.0027997364953886,3.525110870148448e-07,0.0829732040161436,19.99999999928064,6.000702369784266e-08,4.9557627095305126e-08,7.982104165698047e-06,0.0023461425310589,8.053369257340056e-08,1.7401102446532524e-05,2.191936906871974e-09,1.7345143591553552e-05,8.241158651008364e-05,1.5154076587366553e-05,17,-9.195762888426105e-05,0.0021483204921387473,0.0,0.047619047619047616
2022-06-17,138,2022-06-20 18:00:00,229,OK,0.0016304395158478,0.0021834061135371,6.919335650699452e-10,0.0894584409650264,-19.999999989718923,9.070336926347464e-08,8.075879370185976e-08,5.928153538087848e-06,0.0017936448211013,2.982937630576785e-09,6.8023240808204575e-06,-2.749668051719266e-08,6.447017054639662e-06,6.948263845642493e-05,9.371950111833808e-06,17,-9.195762888426105e-05,0.0,0.0,0.047619047619047616
2022-06-17,144,2022-06-21 00:00:00,232,OK,0.0005057133259281,0.0,0.02,0.0109330876016112,19.999976312476388,3.5084424001411886e-08,3.4905139844619666e-08,5.733742096871109e-06,0.0009249021673554,8.565507295404409e-08,8.512610813008951e-06,3.086461294383156e-08,8.915858579007688e-06,3.9185300659539744e-05,4.553820652153596e-06,17,-9.195762888426105e-05,0.058850016001883936,0.0,0.047619047619047616
2022-07-23,24,2022-07-22 00:00:00,124,OK,0.0033596458573592,0.0060483870967741,0.0024020297854053,0.1309563217930168,19.99999999999938,5.595272953195883e-07,5.099923194551975e-07,5.7331964581577376e-05,0.0040585079467273,4.253770150113447e-06,0.0003675885699226,5.281769327022568e-06,0.0004701865115708,0.00021972836916946259,0.0002828103654661081,15,-3.928064485017929e-05,0.16850023970415132,1.0,0.047619047619047616
2022-07-23,30,2022-07-22 06:00:00,124,OK,0.0010764220077136,0.0063844086021505,0.0263807081999422,0.8681893710742131,-19.94493325111115,1.687588881756695e-07,1.6851438307808874e-07,1.2688176130666324e-05,0.0014495275417111,1.2017760401977658e-07,3.3691856403882577e-06,8.379334663804955e-08,5.603964267436583e-05,0.00011488213201658346,6.398324960786057e-05,15,-3.928064485017929e-05,0.022428768985454043,0.0,0.047619047619047616
2022-07-23,36,2022-07-22 12:00:00,124,OK,0.0001871270524298,0.0070564516129032,0.0053536592644797,2.551794216199789e-11,19.9999999999999,5.72189726316442e-07,5.341028705313975e-07,3.339114689097474e-05,0.0042571799528936,1.0567201371852794e-06,0.0001001953368672,2.6056139369085137e-07,9.548128425595012e-05,0.00014215852859210496,3.50200178817109e-05,15,-3.928064485017929e-05,0.04093389543112695,0.0,0.047619047619047616
2022-07-23,42,2022-07-22 18:00:00,124,OK,0.0005676672318378,0.0080645161290322,0.0496768707193857,6.058246371940068e-15,19.999999999999996,2.0573953318108693e-05,6.056695204577334e-06,0.0004227946594256,0.0188704287443142,0.0002830504573793,0.0018268575353393,0.0002708848983494,0.0018570183990359,0.0005397770272233618,0.00045079854252633655,15,-3.928064485017929e-05,2.188063121695785,0.0,0.047619047619047616
2022-07-23,48,2022-07-23 00:00:00,126,OK,0.0003284795696389,0.0198412698412698,0.1082963906103764,0.0181122922811117,-3.5431093165127643,1.275098712416893e-05,8.402075837608837e-06,0.0014344998591005,0.0407472267146728,0.000268457375238,0.0066768811617353,0.0002048138920055,0.0068701652826651,0.001698969216312601,0.001670531265040195,15,-3.928064485017929e-05,0.4471811453844262,0.0,0.047619047619047616
2022-07-23,54,2022-07-23 06:00:00,126,OK,9.740802781838856e-05,0.0287698412698412,0.2065252957713996,0.2947035436308725,-7.718075323392859,2.9191354434514496e-05,1.6025576895635415e-05,0.0021861560164973,0.0407472267146728,0.0004042470281793,0.0044960078923099,0.0003816641963145,0.0044188304907684,0.002573136865171568,0.0025812945495137995,15,-3.928064485017929e-05,1.2955832898948731,1.0,0.047619047619047616
2022-07-23,60,2022-07-23 12:00:00,133,OK,0.0043014489607794,0.0407268170426065,0.1417920188614138,0.260092857458266,-7.943249756506728,3.374328164493552e-05,2.3492644985254575e-05,0.0024718353971242,0.0397529235273066,0.0003273217813285,0.0030983598112568,0.0003276417158154,0.0029873453050709,0.002830777958380332,0.002928817753238693,15,-3.928064485017929e-05,1.6451481952516898,1.0,0.047619047619047616
2022-07-23,66,2022-07-23 18:00:00,133,OK,0.0179584829681487,0.0911654135338345,0.0019159975087927,8.74840509517067e-17,-0.0184955969240477,8.050635835719183e-05,8.050559888246013e-05,0.0037909051453675,0.0397529235273066,0.0013087176856078,0.0203861132796029,0.0010364117189943,0.0190987274210131,0.002981716880177623,0.0033348248329070325,15,-3.928064485017929e-05,0.8139901388304043,1.0,0.047619047619047616
2022-07-23,72,2022-07-24 00:00:00,134,OK,0.03774482006344,0.0957711442786069,0.0006345313254862,0.0679829625166929,-2.286692759979299,6.8288067733366774e-06,4.35457289180197e-06,0.000620251753874,0.0346436950689704,0.0001209444404848,0.0020728660821839,0.0001213737933924,0.0021158950922866,0.0008704358650911915,0.0013555231035704233,15,-3.928064485017929e-05,0.8604428960220856,1.0,0.047619047619047616
2022-07-23,78,2022-07-24 06:00:00,131,OK,0.0207293394598906,0.0995547073791348,3.1792998505719232e-27,0.0506343720937729,10.69652665556983,8.237845489001962e-06,2.867922769909073e-07,0.0002073435478434,0.0205505072285232,8.530832664263104e-05,0.0009284148790265,7.318922158558768e-05,0.0009008630303262,0.00032544704888726536,0.000547333726837713,15,-3.928064485017929e-05,1.2186517670575192,1.0,0.047619047619047616
2022-07-23,84,2022-07-24 12:00:00,131,OK,0.0198674559556781,0.1173664122137404,0.0009142235924742,0.1004519171650162,5.899970490512644,1.226516307186554e-06,2.868158324342505e-07,0.0001500104370492,0.0185455908387176,2.145296531378476e-05,0.0007972730229554,1.4604314028908655e-05,0.0008057248010611,0.00036441548945258907,0.0007050581180386386,15,-3.928064485017929e-05,0.271885276641767,1.0,0.047619047619047616
2022-07-23,90,2022-07-24 18:00:00,132,OK,0.0123302583986103,0.0738636363636363,0.0029725869092951,0.145207416080395,8.503911156743785,2.705260945925445e-07,1.06892585172771e-07,7.16759495692692e-05,0.0118653413551023,3.836130885822377e-06,0.0003063809845197,1.8207875532338616e-06,0.0003033264110424,0.0002751237297127431,0.0004181201800350499,15,-3.928064485017929e-05,0.09004099974232109,1.0,0.047619047619047616
2022-07-23,96,2022-07-25 00:00:00,132,OK,0.0061759177143706,0.0609217171717171,0.0059635075259009,0.2381842174494632,-19.99999996531339,1.822573930828951e-07,1.5339148039131365e-07,6.234322746942408e-05,0.004808904044345,7.843464286358823e-07,0.0001462994067636,-1.1265089231387461e-07,0.0001481066936355,0.0002611963062465437,0.00023186727650393804,15,-3.928064485017929e-05,0.0,0.0,0.047619047619047616
2022-07-23,102,2022-07-25 06:00:00,132,OK,0.002550299838674,0.0448232323232323,0.0058332318348602,0.2181375790038826,-0.1189561380093198,1.541653273032408e-07,1.5416608339786526e-07,3.9873612122824375e-05,0.0025866686164816,4.2807783712541986e-13,8.243265714255576e-05,-8.01282604445999e-07,7.530499476648432e-05,0.0001383837293153663,5.369462259208946e-05,15,-3.928064485017929e-05,0.0,0.0,0.047619047619047616
2022-07-23,108,2022-07-25 12:00:00,131,OK,0.0026064141784395,0.022264631043257,0.0035684780034167,0.1579777635856491,-19.999999999999996,2.5012060643552946e-07,2.414502493772091e-07,3.788464968521583e-05,0.0025771894989624,4.673884020154123e-07,6.998462410980076e-05,-4.75232083373726e-08,6.64723874811541e-05,0.0001366721838344086,5.689077047685092e-05,15,-3.928064485017929e-05,0.0,0.0,0.047619047619047616
2022-07-23,114,2022-07-25 18:00:00,131,OK,0.0015661452218534,0.0244910941475826,0.0015045843972982,0.1044844258612068,6.768267434597131,2.3784503681741657e-07,2.377530195745304e-07,4.141085179051725e-05,0.0025644293774764,2.533810250411722e-09,0.0001076158779394,-1.8663883899202037e-07,0.0001014983045881,0.00011215900800094291,5.676011331148714e-05,15,-3.928064485017929e-05,0.0,0.0,0.047619047619047616
2022-07-23,120,2022-07-26 00:00:00,131,OK,0.0009229411199076,0.0302162849872773,0.0004889952992464,0.0794442320011288,-19.977617587137363,1.1595090320715481e-07,1.1403082775548849e-07,1.660602391150157e-05,0.0009811439533036,1.1112810826381434e-06,1.6194322486431183e-05,6.925454204084242e-07,5.3430762100723235e-05,7.895763601720866e-05,2.3797613055599296e-05,15,-3.928064485017929e-05,0.19442322919788094,0.0,0.047619047619047616
2022-07-23,126,2022-07-26 06:00:00,128,OK,5.863089339561115e-05,0.0416666666666666,0.0007427065011534,7.587594969461433e-12,19.9999999931513,1.715592441129246e-07,1.707049811579458e-07,1.8655761037858627e-05,0.0010086956516539,9.310577271898604e-07,3.28565169250773e-05,3.8659265824256337e-07,4.355900029935781e-05,8.46531843438143e-05,2.8476212456156973e-05,15,-3.928064485017929e-05,0.13312724887591013,0.0,0.047619047619047616
2022-07-23,132,2022-07-26 12:00:00,130,OK,0.0001778849911268,0.0474358974358974,0.0009601706478922,4.428075345893804e-14,19.999999999999996,2.3480360832320305e-07,2.0013926695008705e-07,4.4753192359162944e-05,0.0024318726782211,1.4319459410122262e-07,5.030660820441783e-05,-2.229334664033821e-07,3.748566212386501e-05,0.00013832510051610858,5.0685706893684064e-05,15,-3.928064485017929e-05,0.0,0.0,0.047619047619047616
2022-07-23,138,2022-07-26 18:00:00,131,OK,0.0004702704189382,0.0381679389312977,0.0011527143489759,3.134326274183372e-11,7.74033126817389,4.153872443003058e-07,4.128439095977025e-07,7.194464530660187e-05,0.0032915019166285,1.4089205613969587e-06,0.0001131409033011,-1.295386906327821e-07,8.028533000787546e-05,0.00015638806024092836,7.972271051155613e-05,15,-3.928064485017929e-05,0.0,0.0,0.047619047619047616
2022-07-23,144,2022-07-27 00:00:00,131,OK,0.0002155949953177,0.0384860050890585,0.0037545627876345,0.096626072326425,-19.999996956965376,6.478999967586138e-07,6.36367908629146e-07,7.750226251707026e-05,0.0032915019166285,5.70953350159036e-06,0.0001290505734946,3.3573516904715997e-06,0.0001010881707798,0.00015851708141114226,8.009670707802922e-05,15,-3.928064485017929e-05,0.4981816860330137,0.0,0.047619047619047616
2024-01-09,24,2024-01-08 00:00:00,103,OK,0.0003249587457442,0.0481391585760517,0.0014423716088451,0.6602780690976314,19.999974227299703,3.0304888986069756e-08,3.03040282116465e-08,2.005911422429731e-06,0.0004930075095774,8.558817473319791e-11,6.640535006382896e-07,-3.6357436378036885e-08,9.482728684102324e-06,6.341765726869161e-05,6.72529144976774e-06,15,0.0003510126979539,0.0,0.0,0.047619047619047616
2024-01-09,30,2024-01-08 06:00:00,103,OK,3.971102814467552e-05,0.1019417475728155,0.0004597707611908,1.8450200972719875e-13,19.99999999999656,4.8280385234810966e-08,4.5774904938446444e-08,5.9385462773918985e-06,0.0016155586272242,3.0227241841689304e-09,1.6197008825892715e-05,-2.1291839893053072e-08,1.8116165461480963e-05,9.757294727347333e-05,5.866300522013534e-06,15,0.0003510126979539,0.0,0.0,0.047619047619047616
2024-01-09,36,2024-01-08 12:00:00,103,OK,0.0002759199505984,0.2317961165048544,0.0048885496113437,0.9999999999986778,19.999999999999996,2.3460235173130498e-07,2.0838704152230766e-07,2.713253604146773e-05,0.005042554784367,2.9397853380630516e-06,6.615492943296492e-05,3.2397853657074458e-06,7.132675255921174e-05,0.00023249018049727567,3.446963149525472e-05,15,0.0003510126979539,0.6813261327896455,0.0,0.047619047619047616
2024-01-09,42,2024-01-08 18:00:00,103,OK,0.0001058776771182,0.4546925566343042,0.0013069797255073,8.577837106916658e-15,13.055692966176418,2.5493239898719226e-06,9.97229580451927e-07,0.0004280643231799,0.017424894665889,2.320186731767615e-06,0.0002410312765709,4.814936219249891e-07,0.0002597035430347,0.000830072586630159,0.0004379251182387638,15,0.0003510126979539,0.027810187895318098,0.0,0.047619047619047616
2024-01-09,48,2024-01-09 00:00:00,103,OK,0.0004242319729979,0.6468446601941747,0.0016966194690921,1.6943528389394513e-18,2.9262749019821697,4.703099161345609e-06,2.0647723189865065e-06,0.0012918487947685,0.030365727511943,5.1971909755949915e-06,0.0017333253048495,-5.432865040545848e-06,0.0015322664269713,0.0018752760665832614,0.0013747450423351603,15,0.0003510126979539,0.0,0.0,0.047619047619047616
2024-01-09,54,2024-01-09 06:00:00,103,OK,0.0016155586272242,0.7855987055016181,0.0031718085579265,0.1171502301503847,19.999999999901544,1.5901270392580463e-05,1.420615886101096e-05,0.0016677001166169,0.030365727511943,1.7361402224570382e-06,0.0013754302424573,8.926225897483414e-05,0.0021496280359838,0.0026465595967297725,0.0018346204220156892,15,0.0003510126979539,0.6228677065098545,0.0,0.047619047619047616
2024-01-09,60,2024-01-09 12:00:00,103,OK,0.005042554784367,0.7981391585760518,0.0054107068617962,0.2293007999053522,15.237291805364585,1.46534752844175e-05,1.1702530666072163e-05,0.0018168380157588,0.030365727511943,0.000101703011723,0.0019078305734336,4.7805044448538926e-05,0.0018851361061777,0.0032955928824257756,0.0018232065901972693,15,0.0003510126979539,0.3803840287065668,0.0,0.047619047619047616
2024-01-09,66,2024-01-09 18:00:00,103,OK,0.017424894665889,0.6678802588996763,0.0083050370417067,0.3428689870179335,9.436174373461276,1.5165177404572613e-05,1.2966525439663915e-05,0.0014282553623453,0.030365727511943,8.767161404328525e-05,0.0024364928086465,0.0001206607834647,0.0030182965903451,0.0024098039036867555,0.0018792853996388481,15,0.0003510126979539,0.5996467536556975,0.0,0.047619047619047616
2024-01-09,72,2024-01-10 00:00:00,103,OK,0.0289689016119344,0.4672330097087378,0.0051999205055229,0.2854653935460337,-1.779711080924577,2.4559343996966177e-06,2.277101273542971e-06,0.0005879345371985,0.0240754459759527,5.291901327796577e-06,0.0003819608007403,3.9980542477175255e-06,0.0004006196619168,0.0018675975716574515,0.002773481076247905,15,0.0003510126979539,0.14969513335622933,1.0,0.047619047619047616
2024-01-09,78,2024-01-10 06:00:00,103,OK,0.0141303405971278,0.270631067961165,0.0050015310569691,0.2569615576721565,16.21795682307891,1.9760879135151473e-06,5.509699741705116e-07,0.0002545900055761,0.0139947291979558,3.579200087682319e-05,0.0009977514366874,2.4477303309135637e-05,0.0008999632207085,0.0005756151837513419,0.0004518935903857165,15,0.0003510126979539,0.4079717272756842,0.0,0.047619047619047616
2024-01-09,84,2024-01-10 12:00:00,103,OK,0.0128036451665079,0.127831715210356,0.0026392407764386,0.2190362574066393,6.160401388904324,6.696783916452123e-07,6.223604994712866e-07,0.000112825761601,0.0124627492516362,1.0871666162566395e-06,0.0001194207540945,-1.244544717591095e-07,0.000105592142897,0.00042238161360117567,0.0003168007528171653,15,0.0003510126979539,0.0,0.0,0.047619047619047616
2024-01-09,90,2024-01-10 18:00:00,103,OK,0.0082656665143971,0.0331715210355987,0.0067835399726476,0.3523550112578976,-19.999999999999996,6.7803949335459e-07,5.926900501328065e-07,4.5019283161354347e-05,0.0071783481776569,2.211889685149796e-06,0.0001144252691096,2.858151513270155e-06,0.0001553243728175,0.0002597339125644802,0.0001471650391656105,15,0.0003510126979539,0.27601767785295067,0.0,0.047619047619047616
2024-01-09,96,2024-01-11 00:00:00,103,OK,0.0015721306829119,0.014967637540453,0.0015781771997471,0.0340954207585152,-19.991209882116088,1.9124116934177696e-07,1.8111015290643826e-07,2.7745769334152912e-05,0.0016871193995906,3.7872915698346023e-06,6.590734882962773e-05,2.747256507406675e-06,8.264490673703064e-05,8.753033847703053e-05,2.9744444064736373e-05,15,0.0003510126979539,0.49862537496984927,0.0,0.047619047619047616
2024-01-09,102,2024-01-11 06:00:00,103,OK,0.0008282031331607,0.0169902912621359,2.1466806133263476e-05,0.0002890128451615,0.6993007372242834,2.4030528098298633e-07,2.397413802547691e-07,3.125083159314495e-05,0.0016871193995906,3.8034086354169007e-06,0.0002243031645314,1.0723833501153818e-06,0.0001266701114513,9.77270633485916e-05,2.839523668890539e-05,15,0.0003510126979539,0.1269893115860651,0.0,0.047619047619047616
2024-01-09,108,2024-01-11 12:00:00,103,OK,0.0012505737186971,0.0271035598705501,0.0007597202656501,0.0719746937755778,19.999999999999996,1.3611654687514409e-07,1.2578998362566037e-07,7.067154365432352e-06,0.0016871193995906,2.4763511479938814e-06,6.164430015641151e-05,1.3284723427649263e-06,4.0567569654980074e-05,5.569635180395731e-05,1.3253493526657609e-05,15,0.0003510126979539,0.49120727001765674,0.0,0.047619047619047616
2024-01-09,114,2024-01-11 18:00:00,103,OK,0.0012281599400063,0.0663430420711974,0.0041565264168278,0.1870174237169887,-19.99999999999966,4.640641349610136e-07,4.530791558967741e-07,6.531380616763489e-05,0.004334196740886,8.932788454728433e-07,0.0002653895435135,-7.311611373632815e-07,0.0001869328943469,0.00013013253919628317,7.611026028177916e-05,15,0.0003510126979539,0.0,0.0,0.047619047619047616
2024-01-09,120,2024-01-12 00:00:00,103,OK,0.0009962466378319,0.2224919093851133,0.0063020807885781,0.7260707175937694,-19.99999979284448,6.874177670135213e-07,6.338507047462325e-07,0.0002258709557596,0.0072056079396156,2.3593120725395436e-06,0.0002929926693539,-2.4217549219388366e-06,0.0002965899086614,0.0003524671835829996,0.00025501223059013985,15,0.0003510126979539,0.0,0.0,0.047619047619047616
2024-01-09,126,2024-01-12 06:00:00,103,OK,0.0001737097376239,0.3810679611650485,0.0046129121347315,0.4759825285780835,-19.999999999999996,7.229288015065475e-07,6.69279152614609e-07,0.0007264919718269,0.0077023043127667,1.670907631897869e-06,0.0002904332822753,-2.0627416205959725e-07,0.0003337925720226,0.0011333447011763506,0.0007334534660963367,15,0.0003510126979539,0.0,0.0,0.047619047619047616
2024-01-09,132,2024-01-12 12:00:00,103,OK,0.000112548744304,0.4514563106796116,0.0024284615570878,0.1991085091128088,-19.999999975487963,1.5242099969902656e-06,1.198818004862936e-06,0.0012563626538706,0.0077023043127667,1.4181780457942016e-05,0.0002122138056945,1.5822107341934297e-05,0.0020809237633529,0.00221187296925733,0.0012699119392179338,15,0.0003510126979539,0.11405108361423705,0.0,0.047619047619047616
2024-01-09,138,2024-01-12 18:00:00,103,OK,0.0024097730005633,0.5805016181229773,0.0017252347335049,0.1331725358434466,-19.999999999999996,6.741916990952821e-07,4.2834564287998307e-07,0.0017720725361024,0.0077023043127667,1.122057396950296e-05,0.0003337270767596,8.530924604536468e-06,0.0018620726840406,0.0031079340771247807,0.0014695476854586075,15,0.0003510126979539,0.06872119985691007,0.0,0.047619047619047616
2024-01-09,144,2024-01-13 00:00:00,103,OK,0.005844100234373,0.4979773462783172,0.0017920027615126,0.1441529251404275,-19.999994519311468,7.40439598682949e-07,6.001620348808321e-07,0.001736108525974,0.0081769318331801,4.145175241036485e-06,0.0004688843778849,3.6917433695567046e-06,0.0003318377315211,0.0016082054861322693,0.0010281451453010907,15,0.0003510126979539,0.16687719714546523,0.0,0.047619047619047616
2024-01-12,24,2024-01-11 00:00:00,183,OK,0.0030456708583281,0.0639799635701275,0.0011732352537973,0.0852012526278928,-19.99990723718746,1.9734081216010633e-07,1.7189717771163145e-07,3.203975557740913e-05,0.0026765834684297,2.220474391629888e-06,3.971936239809328e-05,3.1408478526139613e-06,0.000134580782321,0.0001372393321171749,4.6600002398169426e-05,15,0.0001302239950072,0.3500701732944076,0.0,0.047619047619047616
2024-01-12,30,2024-01-11 06:00:00,183,OK,0.0014584264883767,0.0999544626593807,3.979059778926827e-10,0.010995603560716,19.99999999858919,2.260471882670048e-07,2.190827342665442e-07,3.967330315695778e-05,0.0023653634699544,1.944027302192808e-06,0.0001298892421327,2.140136010122424e-06,0.000184235315979,0.00010958752968500942,3.094113292693849e-05,15,0.0001302239950072,0.17424476942029668,0.0,0.047619047619047616
2024-01-12,36,2024-01-11 12:00:00,183,OK,0.0015813354824374,0.1821493624772313,0.0012820851120765,0.1236069855592017,19.999993938262048,3.214967463685501e-07,3.198037441390203e-07,4.869317573836265e-05,0.0036948777501634,4.254417844628467e-08,0.000167035141313,1.807193349516595e-07,0.0001742974290014,0.00015022684561835463,7.082940462224337e-05,15,0.0001302239950072,0.01555266787241663,0.0,0.047619047619047616
2024-01-12,42,2024-01-11 18:00:00,183,OK,0.0022943435480224,0.3310564663023679,0.0037321564366703,0.2314099350073179,19.9999999998419,2.2835337853855303e-06,1.4389994448921963e-06,0.0002377645448651,0.012359705720711,2.9734218101822847e-05,0.0006625465964577,3.17403734381688e-05,0.0007005698567973,0.000455423825616517,0.00032732914299291597,15,0.0001302239950072,0.6795976117914625,0.0,0.047619047619047616
2024-01-12,48,2024-01-12 00:00:00,183,OK,0.0010474349917325,0.5521402550091075,0.0015372473153006,5.524913641727117e-15,4.987422963848842,3.608880009382585e-06,2.8733509028115167e-06,0.000930114759269,0.0231782040960449,4.9634926232141665e-08,0.0005564343172385,3.4867125529101507e-06,0.00081320652595,0.0010978824739252384,0.0009772456511241642,15,0.0001302239950072,0.06431415221681087,0.0,0.047619047619047616
2024-01-12,54,2024-01-12 06:00:00,183,OK,0.0016376782636217,0.6791894353369763,0.0024395177502252,0.0654966786691363,19.99999999999997,3.80153057306171e-06,3.4002080263069586e-06,0.0017970303003472,0.0231782040960449,4.393062202173191e-06,0.0029166547615361,-9.320150442401452e-06,0.0031041938901517,0.0020583551752626906,0.0019331016447864877,15,0.0001302239950072,0.0,0.0,0.047619047619047616
2024-01-12,60,2024-01-12 12:00:00,183,OK,0.0036948777501634,0.7445355191256832,0.0032216806102428,0.1015794190705646,5.380120791452989,3.0202843027541127e-06,2.941613464948554e-06,0.0025151472208974,0.0231782040960449,3.846744604790593e-06,0.0019511317502912,-1.0252202891336825e-05,0.0019098631518707,0.002711237082187517,0.0027522038585579517,15,0.0001302239950072,0.0,1.0,0.047619047619047616
2024-01-12,66,2024-01-12 18:00:00,183,OK,0.012359705720711,0.7083333333333334,0.003501957459059,0.1088669740253243,-1.6767015004602663,2.5057439069480186e-06,2.4969149429886793e-06,0.00273859938531,0.0231782040960449,2.41028631720435e-07,0.0023430424276728,-5.6578909994117e-07,0.0016865693324297,0.0029174494480821074,0.002732670666785085,15,0.0001302239950072,0.0,0.0,0.047619047619047616
2024-01-12,72,2024-01-13 00:00:00,183,OK,0.0214435769760873,0.5840163934426229,0.0156091400524579,0.4928006196606722,16.231321182219855,4.706122160688244e-06,9.939481294874134e-07,0.0026539164009213,0.0230353734458219,3.848034339050635e-06,0.0008424408726759,1.8232254710135556e-05,0.001498519004362,0.0021789667438227287,0.00360115752572813,15,0.0001302239950072,0.1825027376069015,1.0,0.047619047619047616
2024-01-12,78,2024-01-13 06:00:00,192,OK,0.02145808237969,0.4826388888888888,0.0271454647220958,0.7623890135856396,13.91074457925051,3.742075981890124e-06,2.689505577817889e-06,0.0029027206818458,0.0241694154593878,6.531620374217683e-06,0.0013345762940444,-1.006727332983636e-06,0.0013798090793977,0.001179153728167805,0.0006974725158292004,15,0.0001302239950072,0.0,0.0,0.047619047619047616
2024-01-12,84,2024-01-13 12:00:00,192,OK,0.0241694154593878,0.4014756944444444,0.0074380513710822,0.2574657462629799,7.006292338341886,4.049714846293147e-06,2.580767060650954e-06,0.001529856565873,0.0236220490932615,3.322685869583611e-05,0.0017594043959153,1.857055875546755e-05,0.0016843343028213,0.0012037443221805963,0.0009339102367780265,15,0.0001302239950072,0.16538188462077946,0.0,0.047619047619047616
2024-01-12,90,2024-01-13 18:00:00,192,OK,0.0206028782520839,0.3595920138888888,0.0022672299029406,0.1473253130801357,-6.461167894257204,2.2603914559431763e-06,1.4943278861143818e-06,0.0005680515235431,0.0185460936669363,1.6674150480780736e-05,0.0006819134397138,2.1856173264250964e-05,0.0008850065784264,0.0012620464539287654,0.001067922109480557,15,0.0001302239950072,0.3704408610687281,0.0,0.047619047619047616
2024-01-12,96,2024-01-14 00:00:00,192,OK,0.0099462003044226,0.3042534722222221,2.717847904296874e-12,0.0393708760324321,6.86753354105098,1.0308469765410735e-06,8.991587770413899e-07,0.0002238670411008,0.0096656427690214,2.3263378604089413e-06,0.0001235951570051,2.4311176215030696e-06,0.0001371658284617,0.0009162906295015117,0.00042879059512264346,15,0.0001302239950072,0.26585895868903264,0.0,0.047619047619047616
2024-01-12,102,2024-01-14 06:00:00,192,OK,0.0072025069482942,0.2528211805555555,2.452186861207912e-12,0.0412068827813028,19.999999999997183,1.4301043721676524e-06,7.832058299245037e-07,0.0001795387269134,0.0096656427690214,1.8262102290571977e-05,0.0004634130274525,1.8319194838201283e-05,0.0005475570533956,0.0008669443394538333,0.0004059577011767395,15,0.0001302239950072,0.5018434533332365,0.0,0.047619047619047616
2024-01-12,108,2024-01-14 12:00:00,192,OK,0.0062373369752742,0.1818576388888888,8.32197199876908e-05,0.0652038634301831,4.83351348369195,1.0729411853160289e-07,9.617168848763864e-08,5.412874598892612e-05,0.0063311894058986,9.140470359166216e-07,0.0001014230120865,5.154480773222321e-07,9.107723680376113e-05,0.00036221875488880737,0.00016251257643921336,15,0.0001302239950072,0.08489191625886251,0.0,0.047619047619047616
2024-01-12,114,2024-01-14 18:00:00,192,OK,0.004125068453959,0.0935329861111111,4.055202210106681e-15,0.0473048338227171,-19.999809779726828,2.080048014136745e-07,1.330615682976899e-07,2.8959689696208817e-05,0.0040597483197749,3.4565332908872807e-06,9.596489066265428e-05,4.1652403146338024e-06,0.0001165625623435,0.0002064004153250218,6.286859873352815e-05,15,0.0001302239950072,0.5360091908016562,0.0,0.047619047619047616
2024-01-12,120,2024-01-15 00:00:00,192,OK,0.0029466201223694,0.0648871527777777,9.274554523271578e-05,0.0382454267331889,-18.724206490440825,2.0204252862909594e-07,1.714540341034158e-07,3.045788850444166e-05,0.002689306725152,3.636353076915573e-06,0.000111273362207,4.07683338189843e-06,0.0001329168638817,0.0001985332133927451,4.8584555896272435e-05,15,0.0001302239950072,0.4600808275382123,0.0,0.047619047619047616
2024-01-12,126,2024-01-15 06:00:00,192,OK,0.0018209818141603,0.0870225694444444,1.3380863253212835e-10,0.0215078785605227,19.999999997344908,1.9640091138287674e-07,1.769102082446993e-07,2.588524698873547e-05,0.0024593906096182,1.365687319896443e-07,2.6672215733365415e-05,-1.4330186872827913e-08,3.1692649498217207e-05,0.00021158304024785008,3.492833127107352e-05,15,0.0001302239950072,0.0,0.0,0.047619047619047616
2024-01-12,132,2024-01-15 12:00:00,192,OK,0.0017030147592825,0.0909288194444444,3.8876190886711056e-17,0.0376740306264867,19.999999999911868,1.698228226790854e-07,1.55141130407193e-07,2.3523102071674065e-05,0.0024593906096182,7.655140256207482e-09,1.1619048964933763e-05,-4.606868503282988e-08,1.6965709258856088e-05,0.00027799386185471274,4.221481680188798e-05,15,0.0001302239950072,0.0,0.0,0.047619047619047616
2024-01-12,138,2024-01-15 18:00:00,192,OK,0.0019252151438606,0.0961371527777777,0.0008286288616543,0.1537964648452828,-19.999999999999755,7.949579142813367e-08,7.196044678968898e-08,1.693743186483547e-05,0.0021585162938815,5.408277898517178e-07,3.367623036253228e-05,4.614858696274939e-07,3.659452345801755e-05,0.00033933802418301557,5.215128576165556e-05,15,0.0001302239950072,0.1891618578488633,0.0,0.047619047619047616
2024-01-12,144,2024-01-16 00:00:00,192,OK,0.0007255644468906,0.0933159722222222,7.827718393042902e-05,0.0115099517109577,0.7580980134727895,1.4777745491431871e-08,1.4778763094889553e-08,1.0447841138845404e-05,0.0010109798188039,4.014560738853421e-09,5.2913823765318694e-05,-6.292571265818452e-08,3.95629265976004e-05,0.00038413460906945953,1.6658061095117964e-05,15,0.0001302239950072,0.0,0.0,0.047619047619047616
2024-05-08,24,2024-05-07 00:00:00,118,OK,0.0006073085690024,0.1786723163841808,0.0001721294920177,1.1392974305396604e-16,19.999999978077312,1.785890213967549e-06,1.7681962772927645e-06,7.481210100757176e-05,0.0047067769199067,2.20946701910051e-06,4.892276719642152e-05,3.16748368067801e-06,0.0001149572528909,0.00030633556697000586,7.381435284731354e-05,14,7.29099578266498e-05,0.3857500976608885,0.0,0.047619047619047616
2024-05-08,30,2024-05-07 06:00:00,118,OK,0.0019882377499132,0.1747881355932203,0.0002762718007086,2.034806964962627e-15,19.99999999946026,3.859262174146742e-06,3.136227442667739e-06,0.0003874834069518,0.0068044722531791,2.5653029132603553e-05,0.0012021281190597,1.5916956476570037e-05,0.0015700297706239,0.0005488885254232265,0.0003576586338888519,14,7.29099578266498e-05,0.14193195240076828,0.0,0.047619047619047616
2024-05-08,36,2024-05-07 12:00:00,118,OK,0.0022202168060296,0.1804378531073446,0.0081940288427312,0.9999999999999994,15.014116766449746,1.918584901770171e-05,3.4410505818021925e-06,0.0004258194240735,0.0090702308409424,0.0001830197409255,0.0025740217174475,0.0001552820425198,0.0026396423099092,0.0006368483787150783,0.0005289408712265914,14,7.29099578266498e-05,0.8235769623468343,0.0,0.047619047619047616
2024-05-08,42,2024-05-07 18:00:00,118,OK,0.0004154461624862,0.1483050847457627,0.002441625866653,1.213237041421653e-16,1.2368531164462386,3.755028140920208e-06,3.712141985384944e-06,0.0005923134545753,0.0092007713436418,5.489777507527063e-05,0.0014930881715325,3.736448118350431e-05,0.0015054809053937,0.0006757245208508624,0.0006095825904758313,14,7.29099578266498e-05,0.3474655405425173,0.0,0.047619047619047616
2024-05-08,48,2024-05-08 00:00:00,118,OK,0.0007863918374214,0.135593220338983,0.0110724273643697,0.1635326378477807,-19.999999999999098,1.0148551912379515e-05,9.218386916834894e-06,0.0008229115803142,0.0168846055182491,5.342168243922728e-06,0.0019539670878379,-2.1832609677871756e-06,0.0018910537662429,0.0009285259141062216,0.0008544492427283371,14,7.29099578266498e-05,0.0,0.0,0.047619047619047616
2024-05-08,54,2024-05-08 06:00:00,118,OK,0.0068044722531791,0.1641949152542373,0.0031481221397812,0.0246868010220251,6.120763752067045,6.224570748911864e-06,5.9488492950322486e-06,0.0006648591340932,0.018842384410194,6.956792149711012e-06,0.0013918974799435,-6.5201936429725e-06,0.0012942158738019,0.000721280082042298,0.000735055820943446,14,7.29099578266498e-05,0.0,1.0,0.047619047619047616
2024-05-08,60,2024-05-08 12:00:00,118,OK,0.0068013960846195,0.1733757062146892,0.0068289457104342,0.1023949779260813,-6.644290991085167,9.58841915709825e-06,9.056773779014362e-06,0.0007568710685883,0.018842384410194,2.788530964128592e-05,0.0014073463966161,3.3148262292188906e-05,0.0013104854220247,0.0009113931360738235,0.0009039624054960475,14,7.29099578266498e-05,0.3541250167999944,0.0,0.047619047619047616
2024-05-08,66,2024-05-08 18:00:00,118,OK,0.0067917722601633,0.1917372881355932,0.0081046788728024,0.143150638263918,-11.289833001687168,1.460887613593344e-05,1.4129764568145016e-05,0.0007477745275754,0.018842384410194,3.421148308004133e-05,0.0007382594548695,7.203706359083103e-05,0.0010043050757853,0.0013006547737828935,0.0017329099882307107,14,7.29099578266498e-05,1.0041957514583302,1.0,0.047619047619047616
2024-05-08,72,2024-05-09 00:00:00,118,OK,0.0168846055182491,0.1885593220338982,2.1623824518453915e-07,0.0662490733152972,0.0141899596028746,1.0250512308579496e-06,1.025009804887295e-06,0.0004699507897018,0.018842384410194,2.190532218296601e-06,0.0011122487265927,-5.700936081821244e-06,0.0011154810035243,0.001628754434557844,0.0015899925517751288,14,7.29099578266498e-05,0.0,0.0,0.047619047619047616
2024-05-08,78,2024-05-09 06:00:00,118,OK,0.0106333521592047,0.1511299435028248,7.144076970036753e-10,0.0655157673517196,10.845510999484612,7.488786223286265e-07,2.519730547831445e-07,0.0001991500846223,0.0106942993797041,5.481137876811064e-06,0.0006514119691895,-4.623365815485296e-06,0.0007272533332055,0.0008032667229687912,0.00036349503747637273,14,7.29099578266498e-05,0.0,0.0,0.047619047619047616
2024-05-08,84,2024-05-09 12:00:00,118,OK,0.0080382410959893,0.1087570621468926,4.6148026083014965e-08,0.0849441110433022,3.0452750619342885,2.0280474603534864e-07,1.9316821337979833e-07,5.7983477255256586e-05,0.0081521228058882,4.324887783345277e-07,0.0001976688602267,-1.4530030481934902e-06,0.0001745920547285,0.00031370415375490387,9.10814646421063e-05,14,7.29099578266498e-05,0.0,0.0,0.047619047619047616
2024-05-08,90,2024-05-09 18:00:00,118,OK,0.0048107742657661,0.0656779661016949,9.105515101823333e-14,0.0829580277828609,-19.99999996062739,1.9003565292668938e-07,1.256584027593835e-07,2.3020846459321153e-05,0.0049302422318538,1.4012581859705925e-06,4.324787177090729e-05,1.34316332185705e-06,5.008571360804429e-05,0.00015477940691180955,3.2361498729863455e-05,14,7.29099578266498e-05,0.3754421201453848,0.0,0.047619047619047616
2024-05-08,96,2024-05-10 00:00:00,118,OK,0.0024521135307111,0.0282485875706214,0.0014403451642529,0.0639441692306067,-19.999982436706837,1.720010602231863e-07,1.581560185386253e-07,2.498205287369136e-05,0.002362959720044,7.049142972285619e-07,5.6189211118097e-05,4.184862439727921e-07,6.35170638434681e-05,7.447137566368438e-05,3.710794422619419e-05,14,7.29099578266498e-05,0.09223989682611236,0.0,0.047619047619047616
2024-05-08,102,2024-05-10 06:00:00,118,OK,0.0013086940083506,0.0236581920903954,4.490619890501608e-05,0.0151255273086389,19.99999980752512,1.93910474732278e-07,1.9053761180433905e-07,3.1623234676340845e-05,0.002362959720044,7.798081723506622e-07,5.179180124142894e-05,1.044640200514043e-06,9.134414091028882e-05,7.80435529473704e-05,2.5370554640323896e-05,14,7.29099578266498e-05,0.1601083841990491,0.0,0.047619047619047616
2024-05-08,108,2024-05-10 12:00:00,118,OK,0.0011525787038382,0.0261299435028248,0.0022168128000296,0.0985851380987345,19.999999999999577,1.2559805177809985e-07,1.2415234787114144e-07,1.7873744938992057e-05,0.002362959720044,1.251941055912333e-07,1.5058588902926944e-05,-4.503437649878998e-08,1.9091324965295213e-05,9.598283081019294e-05,2.1592979760553052e-05,14,7.29099578266498e-05,0.0,0.0,0.047619047619047616
2024-05-08,114,2024-05-10 18:00:00,118,OK,0.0009747376444675,0.0434322033898305,0.000602800054277,0.0558489380895582,19.99999999986168,1.5775498724744377e-07,1.5428027303985008e-07,1.7983457182892547e-05,0.002362959720044,5.3724347092493e-07,4.580264992195514e-05,-2.2967382948205543e-08,4.443777676779199e-05,9.695023938678534e-05,1.806031834884327e-05,14,7.29099578266498e-05,0.0,0.0,0.047619047619047616
2024-05-08,120,2024-05-11 00:00:00,118,OK,0.0007922047791137,0.059322033898305,0.0003336428961295,0.0556873650995162,19.999999999722256,5.7158792473464434e-08,5.70071021129316e-08,8.778907875391743e-06,0.0014014030784933,1.3573458374261078e-08,2.1155242755658308e-05,-1.6631783927799385e-07,1.8285264984662443e-05,4.880591289743757e-05,8.109834158431603e-06,14,7.29099578266498e-05,0.0,0.0,0.047619047619047616
2024-05-08,126,2024-05-11 06:00:00,118,OK,0.0003610985641054,0.059322033898305,0.0002006572406528,0.0245068963188064,-19.999999360802004,3.357963859859521e-08,3.317873363547498e-08,4.855006872487392e-06,0.0008410527011685,1.570177110784187e-07,7.130436993095928e-06,2.236068788378727e-07,1.5436376210526645e-05,6.884771222988237e-05,4.629129201263257e-06,14,7.29099578266498e-05,0.20279994870787188,0.0,0.047619047619047616
2024-05-08,132,2024-05-11 12:00:00,118,OK,0.0004628442740667,0.0568502824858757,0.0003596961383569,0.0808820767886861,19.99999999999392,2.3007206716386276e-08,2.2950827823312954e-08,5.688155562400495e-06,0.0008410527011685,6.237585494311736e-09,2.6315923354911107e-06,-6.781140868215647e-08,7.591139830834483e-06,4.8854849360729654e-05,4.659844394045408e-06,14,7.29099578266498e-05,0.0,0.0,0.047619047619047616
2024-05-08,138,2024-05-11 18:00:00,118,OK,0.0003044403803189,0.028954802259887,0.0004848791894624,0.0460721212149293,-19.90062511540167,5.4946628787597336e-08,5.431547431781262e-08,8.112552529830118e-06,0.0011714067312328,4.7093788445476644e-07,2.4063154677445165e-05,4.816816712903664e-07,2.8791457647408457e-05,5.016920530553365e-05,7.4591004994435646e-06,14,7.29099578266498e-05,0.23422028438605716,0.0,0.047619047619047616
2024-05-08,144,2024-05-12 00:00:00,118,OK,0.0004192763498845,0.0003531073446327,0.0390945561078025,0.0630929866683908,-19.889174640919233,3.145537181174109e-08,3.1319871204845674e-08,6.396717361242335e-06,0.0011714067312328,5.6844118663843643e-08,4.8282542700526485e-06,-6.608106864510354e-08,1.2335573254928925e-05,4.490635306597894e-05,5.784369776010316e-06,14,7.29099578266498e-05,0.0,0.0,0.047619047619047616
2024-05-26,36,2024-05-25 12:00:00,207,OK,0.0005505117359013,0.0368357487922705,0.0317156483057211,0.1712710664510483,19.999999998880256,2.128016019478094e-06,1.3274110705065095e-06,0.0009141196078502,0.0170557367618585,1.6066109374778496e-05,0.0021984961766942,-1.14215595794427e-06,0.0015271607218596,0.0014589095973713791,0.0009213621173850993,15,-7.622184117322145e-05,0.0,0.0,0.05263157894736842
2024-05-26,42,2024-05-25 18:00:00,207,OK,0.0002259427933505,0.0831320450885668,0.0311379555011917,1.6725178045618544e-14,2.57522952079387,2.950666449987556e-05,1.8425198149225737e-05,0.0045220540071394,0.0627582950757135,2.8759089162572114e-08,0.0057811933154858,-2.7791530474603696e-05,0.0058394115849172,0.004597235026642905,0.005057993749766502,15,-7.622184117322145e-05,0.0,1.0,0.05263157894736842
2024-05-26,48,2024-05-26 00:00:00,207,OK,0.0003941312600041,0.1439210950080515,0.0376981717576601,0.0583068007402827,-0.8693191739683844,4.72464742812354e-05,3.814367323105872e-05,0.0086834737806209,0.0846999518731369,0.0009168353240298,0.0182885530188493,0.0006941210343756,0.0182690477937999,0.00971809753805784,0.010051133657749112,15,-7.622184117322145e-05,0.5699156098966216,1.0,0.05263157894736842
2024-05-26,54,2024-05-26 06:00:00,207,OK,0.0048833743766212,0.1859903381642512,0.0419099096445945,0.0823312083615591,-0.834578287528364,5.111593848620832e-05,4.077853497981465e-05,0.0128388721676621,0.0868588797445562,0.0008386277672983,0.0218632557972139,0.0006258567612172,0.0202344804006764,0.014861746136210024,0.015277809004788232,15,-7.622184117322145e-05,0.4639531745991452,1.0,0.05263157894736842
2024-05-26,60,2024-05-26 12:00:00,207,OK,0.0170557367618585,0.2059178743961352,0.0492444378227238,0.1047998141522972,-1.0769821065691358,6.626428522679962e-05,5.638497633599928e-05,0.0141521507412223,0.0868588797445562,0.0011135552648469,0.0237902635342146,0.0009146370125442,0.0213168670973386,0.017004198021740687,0.017558492494510598,15,-7.622184117322145e-05,0.6436009159092557,1.0,0.05263157894736842
2024-05-26,66,2024-05-26 18:00:00,207,OK,0.0627582950757136,0.2127616747181965,0.0308617326933855,0.0737221721930185,9.24518900285873,7.23440719997576e-05,2.5653681661154216e-05,0.0105425659783706,0.0868588797445562,0.0002538975735952,0.0061997966706779,0.0007873605668257,0.0078202934856027,0.013387134802985694,0.014717269071230379,15,-7.622184117322145e-05,1.5102257382192463,1.0,0.05263157894736842
2024-05-26,72,2024-05-27 00:00:00,207,OK,0.0846999518731368,0.2004830917874396,3.404868621450261e-22,0.0192592430640787,2.2229785258750856,6.301689075127466e-05,6.206422869828311e-06,0.0055803120331324,0.0868588797445562,0.0001305762107185,0.0054605642353501,8.468893119561502e-05,0.0053227388109125,0.008129922231641348,0.007708563379822092,15,-7.622184117322145e-05,0.2386617140277162,0.0,0.05263157894736842
2024-05-26,78,2024-05-27 06:00:00,207,OK,0.0868588797445562,0.1531803542673107,5.110564929425912e-15,0.037141400407012,0.8791909391057681,2.181988407136504e-05,5.943006219278802e-06,0.0022293834134327,0.0851614809754904,0.0003643889123358,0.0053905534941443,0.0003013965332503,0.0054221460064812,0.0031574874142036792,0.003908209602589682,15,-7.622184117322145e-05,0.8337931131604571,1.0,0.05263157894736842
2024-05-26,84,2024-05-27 12:00:00,207,OK,0.0768210686777839,0.107890499194847,1.5040827219997857e-21,0.0455134475145989,-0.5872596919069272,1.2680676933161276e-05,8.726832704125316e-06,0.0014428513436789,0.0752873110534392,4.9492292210316485e-06,0.0017565946018326,-8.638978805690107e-06,0.0017589968953646,0.0018141582980040628,0.001245292232593817,15,-7.622184117322145e-05,0.0,0.0,0.05263157894736842
2024-05-26,90,2024-05-27 18:00:00,207,OK,0.0575542865734643,0.0823268921095008,4.2407919439568973e-19,0.0365078198310112,-0.8770463482345281,2.1696540522446043e-05,1.0843559527224135e-05,0.000832448667248,0.0551507505024629,0.0002018054815553,0.0014544588910068,0.0002081509035547,0.0015084536283965,0.0015762703319012882,0.0011705618417704876,15,-7.622184117322145e-05,2.0698439080553603,0.0,0.05263157894736842
2024-05-26,96,2024-05-28 00:00:00,207,OK,0.0410267338565608,0.0380434782608695,2.4751467389073127e-17,0.024284166725154,0.6245665613101166,7.203050975991893e-06,7.016817784068577e-06,0.0006096691547461,0.037938651959294,7.558075094424233e-06,0.0006536760537175,3.779645103971512e-06,0.0006519836891265,0.0009117652882717989,0.0007404333895309637,15,-7.622184117322145e-05,0.08695720077833512,0.0,0.05263157894736842
2024-05-26,102,2024-05-28 06:00:00,207,OK,0.0325685050610793,0.0380434782608695,2.482487192631785e-11,0.0272828695934437,6.891171572798534,2.1079685192785176e-05,3.0067047323160193e-06,0.0004511080636907,0.0342106237664988,0.0004146027034213,0.0025689315757646,0.0003963380677721,0.0025556216234945,0.0006822506543643494,0.0006207073334036418,15,-7.622184117322145e-05,2.3262719965768417,0.0,0.05263157894736842
2024-05-26,108,2024-05-28 12:00:00,207,OK,0.0341999017069818,0.0380434782608695,0.0074212179555917,0.0679970190132816,-3.15794105059877,3.3612345069379993e-06,3.100276041359825e-06,0.0004779634808879,0.0342106237664988,3.793915957589428e-06,0.0001730299367977,4.111908404931727e-06,0.0002010492257463,0.0007430223696857953,0.0008143550472687771,15,-7.622184117322145e-05,0.30678370356823426,1.0,0.05263157894736842
2024-05-26,114,2024-05-28 18:00:00,207,OK,0.0274230605812889,0.0388486312399355,0.0052776273898104,0.0643938331547966,-3.455870788516734,4.474272499346085e-06,2.4189538060655565e-06,0.0003598580635979,0.0259732210164751,5.415483303226518e-05,0.0012915667416869,5.046530011332412e-05,0.0013675916100905,0.0005942665844585497,0.0006905722992042802,15,-7.622184117322145e-05,0.5535128294986899,1.0,0.05263157894736842
2024-05-26,120,2024-05-29 00:00:00,207,OK,0.0166049164100478,0.056159420289855,0.0005448349073577,0.0389995914082896,-3.059637383481354,1.7682506072545975e-06,1.4189370487507547e-06,0.0001360660217473,0.0150679238754026,2.3091359660414945e-05,0.0002835234119101,2.2779355538401888e-05,0.000290582025256,0.00037910746122195315,0.00019867170762491134,15,-7.622184117322145e-05,1.175882550804725,0.0,0.05263157894736842
2024-05-26,126,2024-05-29 06:00:00,207,OK,0.011440608812699,0.0563607085346215,5.446451217900949e-12,0.0299027993634433,16.02402189480401,1.7888762690812808e-06,2.922556563074079e-07,6.548199048072885e-05,0.0114412753060929,2.1066135337511476e-05,0.0002639366559338,1.9688501214214587e-05,0.0002618393843418,0.0001408995590563156,7.07093214322601e-05,15,-7.622184117322145e-05,1.1278957096374167,0.0,0.05263157894736842
2024-05-26,132,2024-05-29 12:00:00,207,OK,0.0112551227048794,0.056159420289855,4.747347805752441e-07,0.0475339925631106,2.425051320563246,6.040776102275995e-07,5.684626248733496e-07,7.430776796455595e-05,0.0111064534959624,2.1594301451508896e-06,9.069453417904955e-05,1.2540485792720324e-06,9.850798039036882e-05,0.0001721190125196688,0.0001145471939201762,15,-7.622184117322145e-05,0.19095639373111767,0.0,0.05263157894736842
2024-05-26,138,2024-05-29 18:00:00,207,OK,0.008948538225725,0.0269726247987117,5.2133357970875176e-14,0.0432057819050491,-7.046239724738287,1.378197676881787e-06,9.207714532589344e-07,9.586357719443584e-05,0.0088488292162075,1.7297485489240637e-05,0.0002784445664406,1.8306060234244815e-05,0.0003066398660763,0.00014964255381911832,0.00011287326217323814,15,-7.622184117322145e-05,0.8954833793377238,0.0,0.05263157894736842
2024-05-26,144,2024-05-30 00:00:00,207,OK,0.0054565395947623,0.0036231884057971,2.1838984283576457e-07,0.0177001749216986,-2.914457887906692,5.022283138680645e-07,5.019610367504511e-07,6.697451248511217e-05,0.0058597767357318,4.130544617955663e-06,0.000123125684411,3.759768244828351e-06,0.0001268251926072,0.0001309296773279017,7.782083501129707e-05,15,-7.622184117322145e-05,0.4446791880466151,0.0,0.05263157894736842
2024-06-26,24,2024-06-25 00:00:00,99,OK,0.0026102804105363,0.0235690235690235,0.0042622024824057,0.2455512108616915,19.999999999994,1.5796718039093185e-07,1.5370506208451885e-07,1.4858493813775375e-05,0.0021670785761091,2.281260416309732e-07,5.287367423873723e-05,1.0446474956637038e-06,3.474213330512092e-05,0.00016818331541495481,8.649224661064323e-05,17,8.591084789816154e-06,0.5111662910943158,0.0,0.047619047619047616
2024-06-26,30,2024-06-25 06:00:00,99,OK,0.0002523579587919,0.0303030303030303,0.0034312810754938,1.7593230024409535e-11,19.99999999998645,1.2717240696036205e-06,9.357516171875944e-07,9.39354589094448e-05,0.0053834276754087,8.942121835046121e-09,0.000138860320946,-2.487652216793483e-07,0.0001521138085316,0.00016799760234073425,9.560989615568674e-05,17,8.591084789816154e-06,0.0,0.0,0.047619047619047616
2024-06-26,36,2024-06-25 12:00:00,99,OK,0.0004386859324913,0.0509259259259259,0.0346280613789896,0.8999575940178074,-19.99999999999174,2.1185905524510344e-06,2.096669277186272e-06,0.0001652814910528,0.0053834276754087,1.0931585890112835e-06,4.551393208108944e-05,2.2897492087518405e-06,7.577644930478216e-05,0.0002688209008156734,0.00017877912707015844,17,8.591084789816154e-06,0.5136917459964007,0.0,0.047619047619047616
2024-06-26,42,2024-06-25 18:00:00,99,OK,0.0007050726282964,0.061026936026936,0.0055993422180338,9.64941711509694e-12,19.99999999999999,4.872323964791806e-06,2.5766591274746687e-06,0.0004328594510215,0.0156366802592778,1.7019871503764697e-06,0.0014215608871575,-9.728285383799148e-06,0.0015052879646698,0.0005105799955187399,0.0004412418793019824,17,8.591084789816154e-06,0.0,0.0,0.047619047619047616
2024-06-26,48,2024-06-26 00:00:00,99,OK,0.0003404715119011,0.082070707070707,0.0093843959848255,5.3711233018398715e-12,5.055730069472257,8.388396672433263e-06,6.175085615719735e-06,0.0009012044395873,0.0237969201446622,1.6695239518863806e-06,0.0034488086624841,-3.939960518119656e-05,0.0033926794843012,0.001092815800494747,0.000981684682262588,17,8.591084789816154e-06,0.0,0.0,0.047619047619047616
2024-06-26,54,2024-06-26 06:00:00,99,OK,0.0053834276754087,0.1081649831649831,0.0053306964694374,2.2822637546152483e-15,-0.1203752753568157,1.9950802060622823e-05,1.9948271271184395e-05,0.0015366943358524,0.0237969201446622,0.0001086400109562,0.0029070133848195,5.853865945712824e-05,0.0035064594932515,0.001488568431185023,0.0013453938267892736,17,8.591084789816154e-06,0.28380684638919984,0.0,0.047619047619047616
2024-06-26,60,2024-06-26 12:00:00,99,OK,0.0029039227636583,0.09006734006734,0.0282887823976469,0.1753534046846841,-9.609607427269548,1.6056328822419055e-05,1.2594287339115236e-05,0.0014744637732119,0.0237969201446622,0.0001331508173563,0.0027628918951057,7.786719025319847e-05,0.0027838496819183,0.0016224167960649963,0.0016604777770190225,17,8.591084789816154e-06,0.475507798751622,1.0,0.047619047619047616
2024-06-26,66,2024-06-26 18:00:00,99,OK,0.0156366802592778,0.0715488215488215,0.0066685957097544,0.0500500734519263,2.736161314825541,9.342825814313562e-06,9.33952441609608e-06,0.0017172887160218,0.0237969201446622,3.662107384490647e-08,0.0001357233286055,9.148925426239505e-06,0.0010672392876002,0.00161377867177101,0.0018340108950277375,17,8.591084789816154e-06,0.14573276495077414,1.0,0.047619047619047616
2024-06-26,72,2024-06-27 00:00:00,99,OK,0.0237969201446622,0.0454545454545454,2.2438784602611625e-21,0.0564883491225383,-4.842750117880618,1.1739827700705242e-05,1.0147678932129471e-05,0.0004983710949932,0.0215681014689955,3.354054483397598e-05,0.0016567718639306,1.524885753831535e-05,0.0016661835530569,0.0006650820602120746,0.0005582457510470032,17,8.591084789816154e-06,0.15558344557882467,0.0,0.047619047619047616
2024-06-26,78,2024-06-27 06:00:00,99,OK,0.0177505896305477,0.0151515151515151,3.65561421116704e-12,0.0617427216238824,3.4837946424614503,1.0447521426754357e-06,6.687106021043275e-07,8.632817108674574e-05,0.0161387125903961,1.1798484409725514e-05,0.0003689579594227,7.350722366812309e-06,0.0003729565149813,0.00019088409551270926,0.00014673602073307093,17,8.591084789816154e-06,0.33505857979736553,0.0,0.047619047619047616
2024-06-26,84,2024-06-27 12:00:00,99,OK,0.0130706354785338,0.0281986531986532,0.0004055339475895,0.0721098065479598,11.335180177537936,6.765662232103218e-07,2.0740929939798285e-07,7.796278584519654e-05,0.0117813476758525,1.0692379392270284e-05,0.0002135356698126,6.746230650338091e-06,0.0002073067541897,0.00014472582900891342,8.615778933123909e-05,17,8.591084789816154e-06,0.5532184491721964,0.0,0.047619047619047616
2024-06-26,90,2024-06-27 18:00:00,99,OK,0.0098613203135003,0.0534511784511784,0.0032298371817551,0.1111341093532637,-0.8650897700223399,2.654600170972469e-07,2.650052681034793e-07,6.778872724693288e-05,0.0089101961365023,1.0335072251355177e-08,6.993037547605814e-05,-1.4544876962075654e-07,7.826195310141291e-05,0.00015030952713978693,9.40512643945368e-05,17,8.591084789816154e-06,0.0,0.0,0.047619047619047616
2024-06-26,96,2024-06-28 00:00:00,99,OK,0.005309245082542,0.0559764309764309,0.0029091913582699,0.1155441763945922,-8.569062195761065,3.238508275516218e-07,3.2223345816348714e-07,4.656961889906191e-05,0.0042835393025561,4.414334925033912e-08,4.090281956026628e-05,-1.943459766386127e-07,3.579978197748723e-05,0.0001458939856452721,0.0007404736173920228,17,8.591084789816154e-06,0.0,1.0,0.047619047619047616
2024-06-26,102,2024-06-28 06:00:00,99,OK,0.0030953106916324,0.0593434343434343,0.0018911422297177,0.0925830703910435,19.999999999999996,1.9752359865208187e-07,1.5809873127953246e-07,2.044485649701708e-05,0.003811580031494,1.448314434914286e-06,3.064907798443404e-05,9.418633541406172e-07,3.24827664505763e-05,0.00011437384617975169,0.0005543270010101279,17,8.591084789816154e-06,0.49292836694660347,1.0,0.047619047619047616
2024-06-26,108,2024-06-28 12:00:00,99,OK,0.0033524069851068,0.0454545454545454,3.4998334542325625e-10,0.0728006157247949,0.5727999257463103,6.747353166222762e-08,6.746167381843357e-08,1.948974602744789e-05,0.003811580031494,1.439272590405573e-07,4.22641980296966e-05,-1.4682971384206038e-07,2.2379142314114395e-05,0.00014772387414346667,6.793230586891377e-05,17,8.591084789816154e-06,0.0,0.0,0.047619047619047616
2024-06-26,114,2024-06-28 18:00:00,99,OK,0.0021321060539698,0.0479797979797979,0.0004856209406783,0.0783391680995025,-9.206523185970951,5.7386832653152667e-08,5.7078352883813146e-08,7.808087437643084e-06,0.0019525181567051,6.477830184558573e-09,3.611708763612557e-05,-2.650677380382585e-07,3.4220790268357455e-05,0.00011490957838928637,2.8130798480327515e-05,17,8.591084789816154e-06,0.0,0.0,0.047619047619047616
2024-06-26,120,2024-06-29 00:00:00,99,OK,0.0015165479422442,0.0589225589225589,0.0005961706977394,0.0951473854880902,-19.994881790294727,5.2339133394215337e-08,5.0725703664010953e-08,7.904780787433796e-06,0.0016726396396106,1.3640521754812177e-07,1.6517089474946076e-05,5.926008239641109e-08,1.9065925380797788e-05,0.00011056041950984583,5.8240383746211455e-05,17,8.591084789816154e-06,0.05283884105376869,0.0,0.047619047619047616
2024-06-26,126,2024-06-29 06:00:00,99,OK,0.0007337292319439,0.0593434343434343,5.8187074191013485e-05,1.0034518341925241e-13,19.21217369854884,9.60767113712021e-08,9.429294002591017e-08,1.67908738140794e-05,0.001701468779327,4.856177332022372e-07,3.158254217460004e-05,1.928748628274093e-07,3.131705244403592e-05,0.00015961089243742992,6.543231914870565e-05,17,8.591084789816154e-06,0.10469927442646004,0.0,0.047619047619047616
2024-06-26,132,2024-06-29 12:00:00,99,OK,0.0006455532331964,0.0677609427609427,0.0008972506767489,6.38668220227213e-15,19.99999999999999,1.4938586713569752e-06,1.24099633362135e-06,0.0001458525282262,0.0050076537334927,2.355103294571697e-07,0.0001311677679224,-8.036513203356375e-07,0.00017337395457,0.0003390560405912492,0.0001842988214641473,17,8.591084789816154e-06,0.0,0.0,0.047619047619047616
2024-06-26,138,2024-06-29 18:00:00,99,OK,0.0006227182579904,0.0509259259259259,0.0025557730246216,0.0567913682211296,-19.99999999893507,1.8007827616054183e-06,1.7774251345632522e-06,0.0001420169112237,0.0050076537334927,8.18293617293565e-06,0.0002937953254091,6.750792333598868e-06,0.0003645884395283,0.0003129313533794128,0.00020144888418871995,17,8.591084789816154e-06,0.3147753939199507,0.0,0.047619047619047616
2024-06-26,144,2024-06-30 00:00:00,99,OK,0.0005353442431329,0.0698653198653198,0.0008598541797134,1.2119133916895282e-07,-19.999999871272426,2.335425470969227e-06,2.290665855188567e-06,0.0001441552117518,0.0050076537334927,1.4273853770658926e-05,0.0009471991371764,4.385663060004074e-06,0.0007785382063535,0.00026620190856540106,0.00020584685669221959,17,8.591084789816154e-06,0.09576443572278137,0.0,0.047619047619047616
2024-09-27,24,2024-09-26 00:00:00,243,OK,0.0007937547551298,0.3501371742112483,0.001127395387752,0.1823085045083151,-19.999998900928333,1.4075422206759303e-06,1.3523942438336049e-06,0.0001221698107388,0.0045031826838628,1.5210491409945928e-05,0.0006249138886755,1.0889088198126828e-05,0.0005631506974877,0.0004542667881376614,0.00015745636201461416,14,-0.0056327543303364,0.2707041569048314,0.0,0.047619047619047616
2024-09-27,30,2024-09-26 06:00:00,243,OK,0.0015341220349158,0.4098079561042524,0.0064800923867345,0.9999999999997596,19.999999992431064,3.081608417607993e-06,3.0687048713696515e-06,0.0002321187293046,0.0088404777386032,1.4350949013431757e-06,0.0015989248707714,-3.587577867778102e-06,0.0015160676152603,0.0005474995329117745,0.000890524860937707,14,-0.0056327543303364,0.0,1.0,0.047619047619047616
2024-09-27,36,2024-09-26 12:00:00,243,OK,0.0037585166042932,0.5389231824417009,0.0259003390434195,0.9359164307590552,15.05177708009074,0.0002030667893069,2.3274180199759233e-05,0.0025895969211114,0.0691929245643199,0.0043548408510605,0.024664351446368,0.0042315930725051,0.0246037789417849,0.002281808395831237,0.014282768724137005,14,-0.0056327543303364,2.4078538160843035,1.0,0.047619047619047616
2024-09-27,42,2024-09-26 18:00:00,243,OK,0.0012197283141407,0.6949588477366255,0.0081106299366362,1.143783992007699e-20,1.7145907755855752,0.0010097850280529,0.0002247907972892,0.0135060672071737,0.1908866915943816,0.0009209493839584,0.0226426183029861,0.0008217192841205,0.0226411778887384,0.011269836877809915,0.042101280496806656,14,-0.0056327543303364,0.5081038643050926,1.0,0.047619047619047616
2024-09-27,48,2024-09-27 00:00:00,243,OK,0.001551636057286,0.7373113854595337,0.0122965950848896,1.1049333007883057e-14,0.1525143448390243,0.0006184529921415,0.0005302663138186,0.0284750304315606,0.202541468315467,0.0075218664045886,0.0246231828371105,0.0074216719456238,0.0246094159701492,0.022154772884572193,0.04491187346977061,14,-0.0056327543303364,4.222099677813007,1.0,0.047619047619047616
2024-09-27,54,2024-09-27 06:00:00,243,OK,0.0088404777386032,0.6330589849108368,0.0202598076543292,0.0352765731712518,-0.1758451683359677,0.0002027476780049,0.0001911419804978,0.0410636529570457,0.202541468315467,0.0014757708942762,0.0155121665610332,0.0013197136496571,0.0159651916037258,0.033896686075894904,0.052154624380520334,14,-0.0056327543303364,1.1572671067027882,1.0,0.047619047619047616
2024-09-27,60,2024-09-27 12:00:00,243,OK,0.0691929245643199,0.4876543209876543,0.0267264188407717,0.0468591917822386,-0.2542844445037533,8.53839223177562e-05,4.938045845201774e-05,0.0415302360685339,0.202541468315467,0.0016062300700275,0.012156574512256,0.0016014892657956,0.01219146192775,0.03987726055360444,0.05345948865982525,14,-0.0056327543303364,1.8390616198459708,1.0,0.047619047619047616
2024-09-27,66,2024-09-27 18:00:00,243,OK,0.1908866915943818,0.2827503429355281,0.0075404174454674,0.0212770547685115,-0.1436173493174308,2.249390469948871e-05,1.5444418121138068e-05,0.0092464047218752,0.202541468315467,0.0002990052287726,0.0048215780957967,0.0002959431810686,0.004837345945035,0.013035313727566599,0.01722555490303644,14,-0.0056327543303364,0.8565036658610163,1.0,0.047619047619047616
2024-09-27,72,2024-09-28 00:00:00,243,OK,0.1912126383751274,0.1406035665294924,0.0386603775737836,0.048240082192828,-0.0732786977981643,2.1489616425525597e-05,2.0859656476146485e-05,0.0123887145010866,0.1851549677541497,1.2694620915369016e-05,0.0077832385950229,-1.3033342006663143e-05,0.0078944824591218,0.005557833025077295,0.00954474293903684,14,-0.0056327543303364,0.0,1.0,0.047619047619047616
2024-09-27,78,2024-09-28 06:00:00,243,OK,0.1668538242002565,0.1054526748971193,0.0271870324698753,0.0381434534829617,-0.3318631966221305,2.6508215058810317e-05,2.3930905496630777e-05,0.0079579492532621,0.1649321294426479,0.000131032638092,0.0018061755601846,0.0001233398149812,0.0017970275949198,0.004663629131229713,0.005470115989162822,14,-0.0056327543303364,0.9608964351011337,1.0,0.047619047619047616
2024-09-27,84,2024-09-28 12:00:00,243,OK,0.1594848258295348,0.0560699588477366,4.82382624358227e-19,0.0215990892436839,-0.1914178978266064,4.989680919888158e-05,4.612298613243779e-05,0.0042136051555987,0.1569719363549502,0.0004519724908564,0.0031260629816459,0.0004461543176753,0.0031539437613045,0.004745314002593792,0.007868164952687426,14,-0.0056327543303364,1.9804286062699896,1.0,0.047619047619047616
2024-09-27,90,2024-09-28 18:00:00,243,OK,0.146410485059867,0.0219478737997256,6.785957814411751e-22,0.0214546526203657,-0.1795675027388913,9.413382066409614e-05,6.863318666597824e-05,0.0043788796707104,0.1432338615392071,0.000480105374781,0.0034104390567197,0.0004771019814153,0.0034686422382449,0.004719952362822792,0.006769798776276032,14,-0.0056327543303364,1.9256606132992047,1.0,0.047619047619047616
2024-09-27,96,2024-09-29 00:00:00,243,OK,0.1129109303113307,0.0161179698216735,1.5993071558818444e-13,0.0103693555035487,1.0010587823217103,2.272806145960321e-05,1.2439961051403176e-05,0.002106625630876,0.1090128581579576,1.5161206782594136e-05,0.0010452902436375,1.1226746849860026e-05,0.0010412982405173,0.0035849733049905263,0.004653990909791099,14,-0.0056327543303364,0.15094086380090171,1.0,0.047619047619047616
2024-09-27,102,2024-09-29 06:00:00,243,OK,0.1090128581579576,0.0217764060356652,7.994552786010367e-12,0.0154247840235506,0.996224453168294,2.207308479934013e-05,9.930615465813676e-06,0.002058763541944,0.1076495640237853,8.300797342600846e-05,0.0008888683858761,7.835369397390197e-05,0.000878625403113,0.0028439246252259997,0.0024939605815437332,14,-0.0056327543303364,1.2484862283153777,0.0,0.047619047619047616
2024-09-27,108,2024-09-29 12:00:00,243,OK,0.1065049258746576,0.0188614540466392,1.71833198489223e-18,0.019937928757519,-0.2219378364427128,1.202315731476116e-05,8.823564190036427e-06,0.0018881074087262,0.1056633065488266,0.0001316401042105,0.0016644011353047,0.0001362263751122,0.0016939594689444,0.0022088405645323797,0.003162432570007426,14,-0.0056327543303364,1.1258647485581592,1.0,0.047619047619047616
2024-09-27,114,2024-09-29 18:00:00,243,OK,0.095613680210263,0.0137174211248285,3.0154455129952896e-18,0.0175357275282335,-0.2164605031239669,2.307454246091794e-05,1.700729629098532e-05,0.0012355903520762,0.092317363825675,0.000119644801407,0.000705694034594,0.00011800885855,0.0007018543264685,0.002338477608807406,0.0036086859252843257,14,-0.0056327543303364,2.3539414909828142,1.0,0.047619047619047616
2024-09-27,120,2024-09-30 00:00:00,243,OK,0.0785420204200893,0.010116598079561,0.0100712109558452,0.0125279852486503,1.368096526870458,1.0035120801105204e-05,4.3752319690124635e-06,0.0010365459844498,0.0756514699059448,0.0002031050170812,0.0011886870821703,0.0001921172485941,0.0011277848532626,0.002071264703898994,0.002704385260918616,14,-0.0056327543303364,2.3848888132665214,1.0,0.047619047619047616
2024-09-27,126,2024-09-30 06:00:00,243,OK,0.0729125445711475,0.0042866941015089,1.0849095257830566e-13,0.0132915107865346,1.3013758000699085,1.4693324697003893e-05,6.923512367565819e-06,0.0012256378346605,0.073160625521032,3.33928661540271e-05,0.001704576272827,2.407244419688101e-05,0.001662545801948,0.0020857313891007186,0.002283977726134277,14,-0.0056327543303364,0.20270973489058502,1.0,0.047619047619047616
2024-09-27,132,2024-09-30 12:00:00,243,OK,0.0728551157489801,0.0044581618655692,1.1004025246346902e-15,0.0189345086786114,-0.3064060893138036,7.815223507093612e-06,5.972408918002181e-06,0.0015614162963698,0.0725419473132494,0.000126415113448,0.0019156898844774,0.0001221312329592,0.0019741834932011,0.002077451344037092,0.003153185437055737,14,-0.0056327543303364,0.8660984489624782,1.0,0.047619047619047616
2024-09-27,138,2024-09-30 18:00:00,243,OK,0.0640999496306606,0.0042866941015089,6.0523806808860965e-19,0.0148077701809706,-0.2658599403589693,8.08714212482435e-06,6.339439660324022e-06,0.0014423467196169,0.0624320166147855,1.9281839039778536e-05,0.000222021795569,1.8829166856047336e-05,0.0002225955861628,0.0019336882906602945,0.003075473065643243,14,-0.0056327543303364,1.1842478124964577,1.0,0.047619047619047616
2024-09-27,144,2024-10-01 00:00:00,243,OK,0.0552551021781282,0.0018861454046639,0.0666034123348806,0.0137332418586164,1.5893818682185488,4.1090016803454015e-06,2.619712550595286e-06,0.0005135951669234,0.0539639152766106,6.148061655086229e-05,0.0006807431141764,5.847898926973871e-05,0.0006766428894601,0.0012461469677999448,0.001910027103580006,14,-0.0056327543303364,1.2099526390199644,1.0,0.047619047619047616
