anchor_unit,partner_unit,kind,weather_distance,geography_distance,common_observed_hours,same_merged_group,true_peak_difference,true_peak_hour_difference,true_trajectory_RMS_difference,crk_predicted_peak_difference,crk_peak_lag_difference,crk_trajectory_RMS_difference,crk_contrast_reproduction_RMSE,host_predicted_peak_difference,host_peak_lag_difference,host_trajectory_RMS_difference,host_contrast_reproduction_RMSE,crk_closed_predicted_peak_difference,crk_closed_peak_lag_difference,crk_closed_trajectory_RMS_difference,crk_closed_contrast_reproduction_RMSE,weather_control_0p001_predicted_peak_difference,weather_control_0p001_peak_lag_difference,weather_control_0p001_trajectory_RMS_difference,weather_control_0p001_contrast_reproduction_RMSE
8,18,near_weather_far_geo,1.1914954770783943,1.7332721603309258,144,True,-0.005826888082083315,24.0,0.0006824447520435982,0.0017091197660192847,-123.0,0.0006501010079242496,0.000976997687991367,0.00966525764670223,-32.0,0.003424955791479177,0.0035126139969465166,0.008377806632779539,-11.0,0.002616238274540483,0.002718498411277545,0.0017237731954082847,-123.0,0.0006578260664213028,0.0009821374677310645
18,8,near_weather_far_geo,1.1914954770783943,1.7332721603309258,144,True,0.005826888082083315,-24.0,0.0006824447520435982,-0.0017091197660192847,123.0,0.0006501010079242496,0.000976997687991367,-0.00966525764670223,32.0,0.003424955791479177,0.0035126139969465166,-0.008377806632779539,11.0,0.002616238274540483,0.002718498411277545,-0.0017237731954082847,123.0,0.0006578260664213028,0.0009821374677310645
47,53,near_weather_far_geo,0.9822647360833023,2.329874113742511,144,True,0.013289938680827618,69.0,0.001792993158505456,0.00027842866256833076,-61.0,0.00012391830546566924,0.0017816966723123314,0.000678299693390727,15.0,0.0004060550594619745,0.0017507252624503207,0.0004260960267856717,-60.0,0.00046136145263541936,0.0017594347964008034,0.000296160695143044,-61.0,0.00012717648289013842,0.0017818703627284058
53,47,near_weather_far_geo,0.9822647360833023,2.329874113742511,144,True,-0.013289938680827618,-69.0,0.001792993158505456,-0.00027842866256833076,61.0,0.00012391830546566924,0.0017816966723123314,-0.000678299693390727,-15.0,0.0004060550594619745,0.0017507252624503207,-0.0004260960267856717,60.0,0.00046136145263541936,0.0017594347964008034,-0.000296160695143044,61.0,0.00012717648289013842,0.0017818703627284058
80,76,near_weather_far_geo,1.1005519761179645,2.0845889612626545,144,True,0.012766338884830475,45.0,0.0036809200534960334,0.011424530879594386,-23.0,0.0019864162292642235,0.004605313682605393,-0.0003292656037956476,32.0,0.0005585863601600879,0.003644418221493781,-0.0002549795899540186,22.0,0.0004696513484716512,0.003686578669000376,0.013546731323003769,-23.0,0.002326823929582831,0.0048259444892565185
231,320,near_weather_far_geo,1.0554941679496814,3.0071588604313035,144,True,-0.05191914376337081,68.0,0.019091622067181208,1.1835363693535328e-06,-44.0,0.0001413368247982192,0.019037118899208005,-0.0007432607235386968,-138.0,0.00028840534048456317,0.019082297438433357,-0.0013964356621727347,-115.0,0.0005651520944135604,0.019008640842982656,-4.216830711811781e-05,-44.0,0.00014810434380201773,0.019031011435999272
296,231,near_weather_far_geo,0.9810379553872464,2.0116696063154476,144,True,0.018053226289339364,-90.0,0.0022017928736698567,-0.000310970819555223,39.0,0.0001183802117567669,0.0022005706582905074,6.73238537274301e-05,37.0,0.000178232867233176,0.0021827502096902576,-0.0001238307449966669,69.0,0.00014546446496717133,0.002191575407571772,-0.0003194999590050429,39.0,0.00011975225437439294,0.002200994287694008
320,231,near_weather_far_geo,1.0554941679496814,3.0071588604313035,144,True,0.05191914376337081,-68.0,0.019091622067181208,-1.1835363693535328e-06,44.0,0.0001413368247982192,0.019037118899208005,0.0007432607235386968,138.0,0.00028840534048456317,0.019082297438433357,0.0013964356621727347,115.0,0.0005651520944135604,0.019008640842982656,4.216830711811781e-05,44.0,0.00014810434380201773,0.019031011435999272
361,320,near_weather_far_geo,1.0706198587695543,2.7559576574939375,144,True,-0.030462734401226044,3.0,0.018292297062955487,-0.00037093833088874817,-26.0,0.00013926357273347085,0.018228502686932314,-0.0007636685622856021,-125.0,0.00030099951581780024,0.01831398931944322,-0.001727549999486655,-72.0,0.0005999962913694134,0.01820294080418656,-0.000422680692281574,-26.0,0.00014767390763755755,0.018221930418644814
507,534,near_weather_far_geo,1.228742379188294,2.4388257874156576,144,True,-0.256729319691658,53.0,0.15079198779242378,-0.44308562867809087,-45.0,0.16700002486366536,0.036393927270679576,-0.03537854505702853,-56.0,0.016204878191238992,0.13492106674877172,-0.01922813570126891,-41.0,0.007313699421727031,0.1442449974752346,-0.4862957400036976,-45.0,0.1848451996061187,0.04481272274624059
513,607,near_weather_far_geo,1.1825114668493466,2.3729770137083563,144,True,0.09549118590075523,27.0,0.03025162757242461,0.07074803835712373,-18.0,0.026362832742590048,0.010218595026599522,0.03368977643549442,-19.0,0.014647201743848785,0.016635961064914016,0.020943393697962165,21.0,0.007630777532888833,0.02285938318506035,0.09369399817660451,-18.0,0.032844571172125955,0.011291544284532917
558,613,near_weather_far_geo,1.1349863352987457,2.6899979755268646,144,True,-0.09166394732892513,-26.0,0.016180238182699473,-0.00028225069399923086,-108.0,0.00037768983768922675,0.01618778630785594,0.0024319803342223167,83.0,0.0013118179128186447,0.01635935810886602,0.002837534761056304,52.0,0.0011611309678448876,0.016291571708481285,-0.0003884006291627884,-108.0,0.00038734900401167223,0.01618462345811187
599,558,near_weather_far_geo,1.0121146613813536,2.0687352671496084,144,True,-0.023191419895738363,40.0,0.003294054865057904,-0.0006934880511835217,70.0,0.0005105938643563793,0.0031897552540631497,-0.0031472754199057817,-66.0,0.0013922946634519952,0.0031999276218520854,-0.004252804763382301,-67.0,0.0012247607220695353,0.003348814967829056,-0.0006911274394951761,70.0,0.0005156557171754838,0.003188359041089994
767,797,near_weather_far_geo,1.2207483496915834,1.9309876774118493,144,True,0.7776499269530177,-64.0,0.5424233723442307,0.6233730036765337,-41.0,0.37741331421277663,0.2104810001770412,0.05160373612307012,60.0,0.03650325054862053,0.5079427715049483,0.10575021058320999,64.0,0.03533949611829698,0.5122207577858847,0.6229794258251786,-41.0,0.3784348205227326,0.20970135310754223
785,848,near_weather_far_geo,1.2089406788873618,1.9217156422400319,144,True,-0.019044825108721852,-7.0,0.0036272798892939915,0.06754317600280046,40.0,0.023962951780965355,0.025100376314994552,0.018914418295025826,6.0,0.008062803799241479,0.010346068237619781,0.017361614853143692,4.0,0.010321517227958139,0.01211617086836167,0.06313359271734953,42.0,0.023661306856590538,0.02487358783659065
802,888,near_weather_far_geo,0.8775886609380463,2.482161964180004,144,True,-0.030594888143241405,18.0,0.018457336720067132,-0.02763297501951456,32.0,0.003973152213586085,0.017702693423776766,-0.01838016789406538,15.0,0.006048568978742087,0.020922934210153572,-0.017537623643875122,14.0,0.005920333788257979,0.020447510243468386,-0.027642193250358105,32.0,0.00397518879818329,0.01771011763100291
1070,1169,near_weather_far_geo,1.2228826689993213,2.5216177304391563,144,True,-0.024840502068400383,-107.0,0.005854412543204193,-0.001415851409547031,1.0,0.0006715313264508385,0.005882844433106011,-0.003484872169792652,17.0,0.0017402739526238594,0.00594697600977965,-0.0038355106953531504,13.0,0.0020574253770270856,0.005708859551457023,-0.0014308092650026083,1.0,0.0006843954806090261,0.005880467640659756
1095,1121,near_weather_far_geo,0.8714786948380729,2.0116696063154476,144,True,0.012886292533949018,3.0,0.002402880210374307,-0.003442009910941124,6.0,0.0025520017194716276,0.0034175366285355926,-0.0206495625898242,4.0,0.00892777639239342,0.010035688585393207,-0.044774191454052925,2.0,0.015467375836450959,0.017002628865037808,-0.0030276114121079445,6.0,0.0024827990270368324,0.0033003531357115963
1121,1162,near_weather_far_geo,1.123388742634573,3.1996740661728267,144,True,-0.01934589189477265,-19.0,0.004601017221829067,0.007553557166829705,-56.0,0.003811533313069216,0.007368057047895776,0.026734394021332264,-54.0,0.012504321607369992,0.014721384733969885,0.052914767526090145,-44.0,0.01958042147536909,0.021079553197578642,0.007702074479311705,-55.0,0.0037453565547217616,0.007290842623100834
1162,1121,near_weather_far_geo,1.123388742634573,3.1996740661728267,144,True,0.01934589189477265,19.0,0.004601017221829067,-0.007553557166829705,56.0,0.003811533313069216,0.007368057047895776,-0.026734394021332264,54.0,0.012504321607369992,0.014721384733969885,-0.052914767526090145,44.0,0.01958042147536909,0.021079553197578642,-0.007702074479311705,55.0,0.0037453565547217616,0.007290842623100834
1257,1254,near_weather_far_geo,1.231039083945112,2.088281542561124,144,True,0.16552289575338364,10.0,0.12288188004822675,0.24506668001413345,-1.0,0.10775437258553819,0.04641841308720042,0.017652500420808792,-13.0,0.020300830909437174,0.10598879361329677,0.15209356881678104,-18.0,0.0514662639886428,0.09478621702926396,0.3225266560912132,-1.0,0.1503598809923082,0.05589338924381294
1273,1285,near_weather_far_geo,1.0793714982023144,2.8186821524636305,143,True,-0.534509215503931,22.0,0.21760170369464404,-0.5950097669265233,-6.0,0.19934645885318644,0.10450385869427904,-0.04269121086690575,2.0,0.017272500797438164,0.20109220633191305,-0.03612188738770783,-21.0,0.011203990870892341,0.2070759603648587,-0.5941019367892295,-6.0,0.20263365303481434,0.09817505090859517
1285,1274,near_weather_far_geo,0.910982842637667,2.9915217606577227,144,True,0.5402792459353805,-1.0,0.21794290219067342,0.5931666838005185,4.0,0.19826997867449112,0.10586707100252248,0.03392965905368328,-4.0,0.01528780792580422,0.20361371391971594,0.033141902182251215,-22.0,0.009927672846416748,0.2087052305410036,0.5922981943003833,4.0,0.2015572128561974,0.09945198721746287
1292,1285,near_weather_far_geo,1.0420697098469973,2.224897688260179,144,True,-0.4595016688108444,-6.0,0.21692253611070358,-0.595023543050047,15.0,0.1986935932747815,0.10434063592009678,-0.04166070814244449,30.0,0.01693770931522888,0.20074979694471312,-0.034593887627124786,29.0,0.010718127339537779,0.20698002692188913,-0.59414449572796,15.0,0.20198854805709462,0.09794951704932096
1417,1413,near_weather_far_geo,0.820202280450339,1.9372944877132774,144,True,-0.0291953906416893,-4.0,0.01271747354419475,0.011151500046253204,5.0,0.0024357135197596237,0.01359273707529785,0.01610898389481008,7.0,0.0040115089638278305,0.014268996052343476,0.011682511307299137,7.0,0.0029296894241046256,0.013891499257994669,0.011141323717311025,5.0,0.002440767667710239,0.013594256944524716
1422,1435,near_weather_far_geo,1.196339586109869,2.451055577738865,144,True,-0.9830394708551466,100.0,0.193965253318203,-0.589468800695613,2.0,0.132003440932364,0.08018731380787814,-0.04145555279683322,-1.0,0.020544149992849266,0.1842731597482755,-0.0701568964868784,2.0,0.02241664529063178,0.17937641252102457,-0.6002832220401615,2.0,0.14098479612010933,0.07907311075998066
1435,1413,near_weather_far_geo,1.1745052075572788,2.7357470159026955,144,True,0.8868212550878525,2.0,0.19204174817409106,0.5900152716785669,2.0,0.1317588759762711,0.08144027962303985,0.0405377687420696,6.0,0.01971007977657556,0.1828383634300392,0.06615464109927416,2.0,0.021182805761583157,0.1782662054667475,0.6008150877896696,2.0,0.14072950699940442,0.08089884028980361
1469,1485,near_weather_far_geo,0.8827584060458,2.6052431885196676,144,True,0.024179210886359215,-11.0,0.005844562376440865,-0.0028272762428969145,53.0,0.001031379957780663,0.00595294373268927,0.0009142816998064518,13.0,0.0008404249694049611,0.00582588483304873,0.0002762062940746546,-13.0,0.0005752657728828202,0.0059454222103071976,-0.002958746626973152,53.0,0.0010520623171014626,0.005954179301398584
1478,1521,near_weather_far_geo,0.891954604011777,1.7918958487824765,144,True,0.0013642419362440705,-7.0,0.00035991715494435175,0.0020533300703391433,-2.0,0.0007913089797996439,0.0008596843693260906,8.177617564797401e-05,23.0,0.0007809719329555618,0.0007471177057468103,-0.000490234000608325,9.0,0.0005409063641783363,0.0006190660303135528,0.0024639477487653494,14.0,0.000979157044995985,0.0010316276162344613
1485,1521,near_weather_far_geo,1.0662248672714238,2.624139825314982,144,True,0.016156374826096,-6.0,0.0036872217132126552,0.0033760591177269816,5.0,0.001081738210293545,0.003371723671000293,0.00014992477372288704,47.0,0.0010258640369770783,0.004035159363865373,-7.079425267875195e-05,31.0,0.0007248866001015935,0.0037792286430782885,0.0034918400924652815,5.0,0.0010995235276708858,0.0033645510665335095
1521,1485,near_weather_far_geo,1.0662248672714238,2.624139825314982,144,True,-0.016156374826096,6.0,0.0036872217132126552,-0.0033760591177269816,-5.0,0.001081738210293545,0.003371723671000293,-0.00014992477372288704,-47.0,0.0010258640369770783,0.004035159363865373,7.079425267875195e-05,-31.0,0.0007248866001015935,0.0037792286430782885,-0.0034918400924652815,-5.0,0.0010995235276708858,0.0033645510665335095
1531,1533,near_weather_far_geo,0.3782246572385778,2.4496777426016467,144,True,0.0466846521012485,-12.0,0.00626113575410897,2.979306736961007e-05,84.0,4.900325451405139e-05,0.006252416707012873,4.208087921142578e-05,12.0,0.00012036641695700497,0.006208844653202541,0.000291595293674618,-3.0,0.0001325442905252133,0.006210078087260235,2.7927279006689787e-05,84.0,5.040700856032882e-05,0.006252260859875206
1533,1531,near_weather_far_geo,0.3782246572385778,2.4496777426016467,144,True,-0.0466846521012485,12.0,0.00626113575410897,-2.979306736961007e-05,-84.0,4.900325451405139e-05,0.006252416707012873,-4.208087921142578e-05,-12.0,0.00012036641695700497,0.006208844653202541,-0.000291595293674618,3.0,0.0001325442905252133,0.006210078087260235,-2.7927279006689787e-05,-84.0,5.040700856032882e-05,0.006252260859875206
1534,1533,near_weather_far_geo,0.6531746992164079,2.1150025916637247,144,True,0.0017681880854070187,-22.0,0.0008481833412145026,0.0015760785317979753,64.0,0.0004094148917076998,0.0009391320701776082,8.052913472056389e-06,18.0,0.00016317617337502995,0.0008839525410271769,0.0002838543732650578,-15.0,0.00013378850208615057,0.0008663628329596412,0.001649221288971603,64.0,0.0004268030556925476,0.000946064715239646
1546,1567,near_weather_far_geo,0.9654363123948081,1.8215580034940706,144,True,0.015569002367556095,-72.0,0.0031416750529101385,0.020497837103903294,66.0,0.004957022005548034,0.005319380987805129,0.013773035258054733,67.0,0.009849258039776897,0.00962293633896507,0.02114975545555353,66.0,0.0048201274511646365,0.005311972524373493,0.02051502140238881,66.0,0.005107855192404285,0.005415105464285617
1556,1567,near_weather_far_geo,0.9451687553987365,2.5451642293891408,144,True,-0.0026129044126719236,-63.0,0.0006094257892948178,-0.004732712986879051,67.0,0.0011534741518613204,0.0011534670921537224,-0.023560599656775594,70.0,0.0053692363157752665,0.005260879058470047,-0.0028749164193868637,70.0,0.0010748044185419712,0.0010186484933364644,-0.00473954132758081,67.0,0.0011632069796133628,0.0011643781848104757
1567,1556,near_weather_far_geo,0.9451687553987365,2.5451642293891408,144,True,0.0026129044126719236,63.0,0.0006094257892948178,0.004732712986879051,-67.0,0.0011534741518613204,0.0011534670921537224,0.023560599656775594,-70.0,0.0053692363157752665,0.005260879058470047,0.0028749164193868637,-70.0,0.0010748044185419712,0.0010186484933364644,0.00473954132758081,-67.0,0.0011632069796133628,0.0011643781848104757
1653,1739,near_weather_far_geo,1.2237398934315722,2.6765522271070026,144,True,0.252783925163385,-108.0,0.025821646901731287,0.0007546596461907029,74.0,0.0004141310911857017,0.025785910700882656,-0.0006988419918343425,90.0,0.0005228843562148255,0.02583889717892061,0.004027542425319552,118.0,0.0013448239374295428,0.025782357029085136,0.0006379738915711641,74.0,0.00041663037859875437,0.025786951207160187
1708,1653,near_weather_far_geo,1.0773543379736956,2.569939096365415,144,True,-0.25130473414901644,78.0,0.025821503616109534,-0.0014323399373097345,-43.0,0.0004445740857485025,0.025779644469888174,-0.0009372127242386341,-43.0,0.00041985114097737355,0.025793890240307652,-0.0041924528777599335,-73.0,0.001505870418731434,0.025766084863064326,-0.0014340896159410477,-43.0,0.00044373909976570987,0.025779587037882027
1733,1755,near_weather_far_geo,1.2340631072444492,1.99980174757849,144,True,0.022934183478355408,2.0,0.019149813696265783,-0.006307733943685889,-21.0,0.0029725704740648923,0.01717521888803032,-0.04451304581016302,22.0,0.017181425164161497,0.017282933533703068,-0.039780406979843974,-38.0,0.010791661633137746,0.0140352158402719,-0.010343441739678383,-21.0,0.00419762546125415,0.01636418828001038
1758,1708,near_weather_far_geo,1.1809031564070835,1.8132428955732636,144,True,-0.0011183985916431993,-22.0,0.0002206634885965846,0.00045941599819343537,55.0,0.00025380269489623595,0.00039480571239519527,0.00030304002575576305,61.0,0.0002474547602017463,0.0003968248763734841,-0.00042438076343387365,63.0,0.0005717731199460254,0.0006815307785680008,0.00046242872485890985,55.0,0.0002544216387513307,0.0003953633659779531
1802,1811,near_weather_far_geo,1.2272067377892508,1.7498586888864465,144,True,0.012987522000912577,-121.0,0.0013460986677308257,0.0035535278730094433,177.0,0.0010167987299654025,0.0016000072283084417,0.0012987643713131547,165.0,0.00045425204353900735,0.0013080093648523852,0.0018723198445513844,174.0,0.0006890201454433616,0.0013192368365687647,0.004164170124568045,177.0,0.0011417589136758634,0.0016727512803862156
1821,1812,near_weather_far_geo,0.6433492533322742,1.9859844880329813,144,True,-0.43005463294684887,64.0,0.05101824491409774,0.00020385626703500748,-64.0,8.593550273254109e-05,0.051046106838933625,-0.0002686599618755281,-117.0,0.00019921396761008413,0.05104145796352092,0.0001683242153376341,-141.0,0.00039884600790375324,0.05108687775339442,0.0002061548293568194,-64.0,8.63025211338076e-05,0.051046389714835765
1842,1850,near_weather_far_geo,1.0886242875325,2.7426336635080615,144,True,0.02707269287930103,-99.0,0.0032743883033067786,0.008922255656216294,108.0,0.0034406316572234393,0.004123860350507268,0.009280344878789037,100.0,0.0031917570247505236,0.004144074456102739,0.00862074177712202,98.0,0.003980600159778562,0.004556923499963328,0.008915365440770984,108.0,0.003437778375411719,0.004121833066923358
1867,1926,near_weather_far_geo,1.1343298738170364,2.6492019506951356,144,True,5.122163565829396e-05,39.0,5.570516418336783e-06,-0.0011226206552237272,-28.0,0.00035280318555385516,0.00035478697245726467,-0.0018277171475347131,-14.0,0.000610764179002011,0.0006127766703390902,-0.007459527812898159,-11.0,0.001814870370154757,0.0018175451895471497,-0.0011213290272280574,-28.0,0.0003524166233394004,0.00035440123174189776
1898,1842,near_weather_far_geo,1.0729669722003163,1.857468442943156,144,True,-0.025647666188888252,19.0,0.0032808393372501642,-0.008910861681215465,-28.0,0.0034186534990549846,0.004140797514784332,-0.007862724596634507,-22.0,0.0029656842611928413,0.004055697635927242,-0.006485414924100041,-23.0,0.0037751160417031538,0.004420109674664036,-0.008904112270101905,-28.0,0.00341605131586364,0.004138915526292484
1916,1913,near_weather_far_geo,1.1614980529976842,1.9423986848086632,144,True,0.15140105271711946,-36.0,0.037703090878117455,0.0066572693176567554,141.0,0.0014937728648065447,0.03779403202175888,0.0010953843593597412,30.0,0.003745737289626341,0.03712710042511968,0.007779544219374657,9.0,0.006756979335951924,0.03784153989696152,0.00586961058434099,141.0,0.0013995458263254717,0.037789523401405956
1967,1953,near_weather_far_geo,1.2114827100208372,1.9920068019058392,144,True,0.010377219412475824,-14.0,0.002743388534916174,0.0027591772377490997,-29.0,0.009776688654398392,0.009577578086313878,-0.00011909566819667816,-31.0,0.007070480354179882,0.006572735757190073,0.003969409503042698,-32.0,0.005401819042232114,0.0054382369421090695,0.012455467134714127,-45.0,0.010546640566660393,0.01016198208629288
1988,2020,near_weather_far_geo,0.8673146116830345,2.12559236182366,144,True,0.005817769488203339,95.0,0.000572460400605579,0.00864183867815882,-95.0,0.0019497147383568413,0.001989481503565541,0.018063993309624493,-95.0,0.0031219861277437502,0.0031546190696942907,0.009016672614961863,-95.0,0.0022243474859605567,0.002219744093919069,0.00864218466449529,-95.0,0.0019505243473947657,0.0019900589749886704
1995,1988,near_weather_far_geo,1.177256514577057,2.064072510222874,144,True,-0.0059718843549489975,-101.0,0.0005721742048061396,0.006016310304403305,99.0,0.004756262902548042,0.004851582322159587,0.01411161758005619,100.0,0.009569173905288724,0.009641446803386093,0.02226306963711977,99.0,0.008026375350822386,0.00808790801819271,0.006021589040756226,99.0,0.004757295467221174,0.0048524357771952105
2011,1977,near_weather_far_geo,1.0192066830858555,2.157466049882575,144,True,0.012864304473623633,10.0,0.0012563536471371058,0.005981085821986198,-8.0,0.0014102861652191814,0.0015739348623947152,0.01276552677154541,-13.0,0.004915287424433638,0.004637701630402893,-0.0043870918452739716,-9.0,0.0015555578755161925,0.0021387113806649156,0.005985496216453612,-8.0,0.0014266344531029492,0.001578317820355651
2112,2108,near_weather_far_geo,1.1844423106909967,1.8002074671222337,144,True,-0.0006560244946740568,-10.0,0.0001465641433484785,0.018216747674159706,15.0,0.00521267777714673,0.005265197097262016,0.03379691019654274,15.0,0.009455607891264548,0.009508141926784727,0.05918582668527961,13.0,0.013244650687100602,0.013277520807928796,0.018320055678486824,15.0,0.00523228249259562,0.00528470682379873
2171,2471,near_weather_far_geo,1.2119250323852102,2.2198777465206554,144,True,0.009394569089636207,63.0,0.0035445086281457863,-0.0010581407696008682,-41.0,0.002027675576394001,0.0033824459483331984,0.007732357596978545,-107.0,0.004021817583015037,0.0031239664996441483,0.015930630266666412,-128.0,0.007973711181085872,0.0067271054388447,-0.0008023623377084732,-41.0,0.002145944393904342,0.0033949982185823026
2386,2472,near_weather_far_geo,1.1381071791291413,2.3498605780904636,144,True,-0.0017168256890727207,70.0,0.0003858780193897906,-0.0027984713669866323,-87.0,0.0011037441285241887,0.0009736749237338594,0.001749628223478794,-86.0,0.0017870990686486103,0.0018160693353632478,-4.8047397285699844e-05,-87.0,0.0014906513225892899,0.0014152513273323947,-0.0027920870925299823,-87.0,0.0011035917719151925,0.0009734362504556823
2294,2331,near_weather_far_geo,1.2297429311828332,1.8504248155240655,144,True,0.1179159888997674,31.0,0.029291386794872615,0.0003031184314750135,-47.0,9.607489918578538e-05,0.029234085911986438,0.01731598167680204,-55.0,0.0032192152691170326,0.02753488889155703,0.007513295626267791,-48.0,0.0016986661455110155,0.02807007506438939,0.0003043267352040857,-47.0,9.667889806533205e-05,0.029233048152314946
2552,2547,near_weather_far_geo,1.1616469099864746,2.1065914988389256,144,True,-0.10507522802072344,-105.0,0.010975202985183287,-0.001889955485239625,213.0,0.0009189224248687629,0.011032742360540054,-0.006362711079418659,211.0,0.003045523062928231,0.011288470044913434,-0.0013649528846144676,108.0,0.0023249170460418974,0.011247907063114902,-0.002502900781109929,213.0,0.0009550141387510347,0.011032841622733262
2586,2536,near_weather_far_geo,1.1242593125880762,2.7426336635080615,144,True,0.012233648565597832,-28.0,0.0014487710105764628,0.014322605216875672,-42.0,0.005112766167599246,0.005279846410227095,0.016576583264395595,-43.0,0.005227070758256523,0.005392377520257927,0.013965808786451817,-42.0,0.004735655625214373,0.00491351740350915,0.014322385657578707,-42.0,0.00511265509520801,0.005279961962046067
2642,2649,near_weather_far_geo,1.2080306550583266,2.95657555316671,144,True,0.07554030930623412,-5.0,0.026433955124522516,-0.0023627218324691057,23.0,0.0012054291828851949,0.02678199209434999,0.0344912544824183,111.0,0.012726894721478327,0.022539577090193306,0.031310245394706726,106.0,0.011349218903853434,0.023689817554155754,-0.00277809239923954,23.0,0.0013515738133927744,0.026843611298528074
2716,2754,near_weather_far_geo,1.0197004437861845,1.9599734742212696,144,True,-0.0018247708212584257,-44.0,0.00024909649750245305,6.432135705836117e-05,29.0,0.00010666985681357023,0.0003065919179940175,0.00526121910661459,18.0,0.002254609929163595,0.002346235356796915,0.0030058249831199646,19.0,0.001503716716067958,0.0016194673386189676,6.262221722863615e-05,29.0,0.00010618949399681052,0.00030629127138183843
6661,6663,near_weather_far_geo,1.2261683008841138,2.2208907247754017,144,True,-0.19608399271965027,5.0,0.0811041828634556,-0.18942204862833023,2.0,0.05917476791595055,0.050889737398522684,-0.018436718732118607,25.0,0.028633712413646442,0.05965170112078697,-0.053725168108940125,-112.0,0.039526948796302364,0.05813672941392984,-0.1790580078959465,2.0,0.05464407683128526,0.05134848197822244
3020,3087,near_weather_far_geo,0.6447258393334996,1.752698821630522,144,True,-0.1289790314331185,77.0,0.0229994460219917,-0.016375240869820118,-137.0,0.00517058777149211,0.023275085759923746,-0.019754325971007347,-77.0,0.004473644948092256,0.020637432071801007,-0.024357525631785393,-77.0,0.00789561668683337,0.02169212633144432,-0.0213390551507473,-137.0,0.006734744383799028,0.023765056300034254
3028,3004,near_weather_far_geo,0.9219773805299867,2.529616926581241,144,True,0.0,0.0,0.0,-0.005997378844767809,-5.0,0.0027771992358387,0.0027771992358387,-0.0021024085581302643,3.0,0.00439316920465582,0.00439316920465582,-0.021934692282229662,4.0,0.006903234476883976,0.006903234476883976,-0.007682977244257927,-5.0,0.003197015155892263,0.003197015155892263
3037,3017,near_weather_far_geo,1.0259921639542784,2.5082277028433775,144,True,-0.09665962401777506,117.0,0.01538608549964441,-0.001363844145089388,-110.0,0.0015658747239874306,0.014415071508709932,-0.025314757134765387,-120.0,0.005427322019956826,0.012219753368723682,-0.02829596772789955,-122.0,0.007148518790134475,0.012830198819698923,0.00018364237621426582,-109.0,0.0017092534488183115,0.014446798559029887
3140,3215,near_weather_far_geo,1.219473570986742,2.7426336635080615,144,True,0.00047042686492204666,-46.0,0.000273434073163834,-9.116233559325337e-05,108.0,0.00011705912743800541,0.00030095184504374606,-0.0017902175895869732,93.0,0.0007521976938886495,0.0008366264126838102,-0.002028219634667039,41.0,0.0009208778133346425,0.000994157323273374,-9.17647557798773e-05,108.0,0.00011687519920539923,0.0003007939185896068
3178,3140,near_weather_far_geo,1.2012014859220286,2.569939096365415,144,True,0.05144755449146032,-21.0,0.004699637506485744,0.0002126125618815422,9.0,0.00015542660176804765,0.004664059319163579,0.01804178999736905,-36.0,0.005221219605650582,0.005002923302826445,0.020233582938089967,24.0,0.005669837645730984,0.005634633620048655,0.00018793056369759142,9.0,0.0001485159839199194,0.004665222064012507
3215,3140,near_weather_far_geo,1.219473570986742,2.7426336635080615,144,True,-0.00047042686492204666,46.0,0.000273434073163834,9.116233559325337e-05,-108.0,0.00011705912743800541,0.00030095184504374606,0.0017902175895869732,-93.0,0.0007521976938886495,0.0008366264126838102,0.002028219634667039,-41.0,0.0009208778133346425,0.000994157323273374,9.17647557798773e-05,-108.0,0.00011687519920539923,0.0003007939185896068
3769,3798,near_weather_far_geo,1.2342198329586027,2.410670535452582,144,True,0.15226091054501012,54.0,0.0385692259437735,0.01607433147728443,-64.0,0.006859159441738734,0.032812803501839856,0.014161109924316406,-64.0,0.006444136767819304,0.033520481807051375,0.015450533479452133,-64.0,0.006563590015768132,0.033224405561256894,0.016077328473329544,-64.0,0.00685965206725568,0.032812801672123484
3777,3737,near_weather_far_geo,1.2164667863536858,2.4384644267291438,144,True,-0.011556119192391634,73.0,0.0021289266514958652,-0.013648687396198511,-28.0,0.0020503702858105668,0.001807809012523791,-0.013802666333504021,-6.0,0.002355096225920466,0.0019698693294118944,-0.017772827530279756,-73.0,0.005114735865306841,0.004428631131926845,-0.013657004572451115,-28.0,0.00206664551452244,0.0018132564928129396
8221,8240,near_weather_far_geo,0.6900103194892241,1.7826886308902041,144,True,0.0256757619936252,113.0,0.0027945033073037786,0.0017598614795133471,-112.0,0.0004154057934451687,0.0028078016857674393,0.0028258292004466057,-113.0,0.0029722288636145284,0.004055630020136879,0.001971608027815819,-112.0,0.0012351051768101351,0.0029888096955072523,0.0021949694491922855,-112.0,0.0005018927208090081,0.002821706923831495
3889,3922,near_weather_far_geo,0.9373832478344906,2.10522934059018,144,True,0.0030946978949941695,-82.0,0.0002831604671472648,0.0013174850028008223,66.0,0.000591710612315263,0.0006151984590896938,0.0087688690982759,69.0,0.002189859303593136,0.0021646371193157258,0.0026203421875834465,83.0,0.0009993871234335603,0.000988530752568719,0.0013061941135674715,66.0,0.0005873865756036718,0.0006112411428146094
3910,3914,near_weather_far_geo,1.226272237556819,2.428398953150152,144,True,-0.016980323242023587,-56.0,0.002484675722572849,-0.0004561765817925334,82.0,0.0003342863298317496,0.002539212228499269,-8.270144462585449e-05,43.0,0.0022691696096643218,0.0034275351727005333,-0.003234931267797947,47.0,0.0022405631153707235,0.003394520592000023,-0.0005177274579182267,82.0,0.0003447644993131251,0.002541738222757149
3914,3910,near_weather_far_geo,1.226272237556819,2.428398953150152,144,True,0.016980323242023587,56.0,0.002484675722572849,0.0004561765817925334,-82.0,0.0003342863298317496,0.002539212228499269,8.270144462585449e-05,-43.0,0.0022691696096643218,0.0034275351727005333,0.003234931267797947,-47.0,0.0022405631153707235,0.003394520592000023,0.0005177274579182267,-82.0,0.0003447644993131251,0.002541738222757149
3922,3886,near_weather_far_geo,1.1451237241600474,2.9127159215921865,144,True,-0.018117521482054144,81.0,0.0017593023291684793,-0.0014717651065438986,-86.0,0.0007730748545338644,0.001911312208379424,-0.006236764136701822,-84.0,0.003418505762515678,0.0037098767392037715,-0.04060466028749943,-88.0,0.011829419402835882,0.011720233077048656,-0.0014606246259063482,-86.0,0.0007680232042434913,0.0019117043141196278
4009,4096,near_weather_far_geo,1.1268753369125324,2.288918580684029,144,True,-0.0068966299295425415,83.0,0.004858200758221705,-0.004550550831481814,-105.0,0.0017356813826632043,0.005018041597598851,0.0009023719467222691,-92.0,0.0010669355284397184,0.004899344508692146,0.00213925214484334,-178.0,0.0017049794325528357,0.0051033376038732555,-0.004559982102364302,-105.0,0.0018093740404524774,0.005040002001494134
4018,4103,near_weather_far_geo,1.0961110570687551,2.468322687067536,144,True,-0.004362759122159332,-54.0,0.001211973087403665,0.0002876229118555784,59.0,0.0007048029609617583,0.0013324087518513665,-0.002274762839078903,141.0,0.0020520367078318675,0.00214924187797076,-0.005552971619181335,55.0,0.0032457519622006233,0.003170421992477262,5.146278999745846e-05,59.0,0.0007009962016530816,0.0013310388020782962
4040,4009,near_weather_far_geo,1.1051783218653939,1.7809453099872512,144,True,-0.019162189215421677,-2.0,0.0037094548005972517,0.0030429440084844828,-59.0,0.0017743733692198065,0.0037828324100446396,-0.001750630559399724,12.0,0.0009402785424748047,0.00387250024955169,-0.003022695193067193,99.0,0.0015212861555034493,0.004134075839931929,0.003071631770581007,-59.0,0.0018683899810538938,0.0038153899704745716
4066,4064,near_weather_far_geo,1.1634414774206079,1.819804835304032,144,True,0.09270976111292839,-81.0,0.01891098034930546,0.021328565082512796,74.0,0.003853347386356481,0.016400499781696658,0.002206894219852984,81.0,0.0009254267863563649,0.01855347756123671,0.0057881324319168925,82.0,0.0017883153846145168,0.018632967373207316,0.02286822989117354,74.0,0.0041150254302967934,0.016234073942700742
4489,4417,near_weather_far_geo,1.0593994678742,2.1800912041067786,144,True,0.099958885461092,7.0,0.015852268303370824,-1.8563121557235718e-05,-5.0,0.00127415756015027,0.016011814672025095,-0.0071996357291936874,-5.0,0.0023348142833048936,0.01611924629382672,-0.0007964121177792549,20.0,0.0010755439780780417,0.016062981139400842,-8.622650057077408e-06,-5.0,0.001212549110367344,0.016008758779776037
4534,4606,near_weather_far_geo,1.0724883463395583,2.064633778867437,144,True,0.003946766257286072,0.0,0.001283716355772371,0.03928490588441491,-52.0,0.007982753909289623,0.008720193273479993,0.03406870365142822,9.0,0.017342058225582588,0.01774200195873836,0.015052678063511848,1.0,0.004875183350223518,0.005688842966198945,0.04319332086015493,-52.0,0.008901690393967111,0.009629740469123552
4631,4534,near_weather_far_geo,1.0958309830976942,1.726564443229906,144,True,-0.014203905826434493,65.0,0.0014384524497966576,-0.039565403130836785,2.0,0.008103241320264009,0.008210191766020888,-0.024112864397466183,-69.0,0.015309540992485427,0.01513153797788097,-0.009362111799418926,-69.0,0.0036383906640247723,0.0037600112229578568,-0.043458321888465434,2.0,0.009027530710135928,0.009122830336183439
6748,6822,near_weather_far_geo,0.9095267935120666,2.4376910433609535,144,True,-0.6140071023255587,-3.0,0.14568855911776765,-0.3144928552210331,10.0,0.10020783066643849,0.07317688969794602,-0.031121447682380676,-18.0,0.020891437037630637,0.13949931834578938,-0.017348265275359154,-4.0,0.010351470724012438,0.13982447217650873,-0.30876184813678265,10.0,0.09774176134681878,0.07346279967128948
6831,6703,near_weather_far_geo,0.9650493882979095,2.685659387760958,144,True,0.19265061803162098,4.0,0.13255727170101028,0.202956655761227,105.0,0.10461291161165455,0.04746754727100961,0.0610092468559742,17.0,0.03031148026699049,0.11034428225012538,0.04398103430867195,-10.0,0.018862815946858486,0.12049284751451216,0.23526557721197605,88.0,0.13078842848525835,0.043327791171864215
4731,4713,near_weather_far_geo,1.0943620938124623,1.9378579069884703,144,True,0.019993353867903352,29.0,0.001985354730726219,-0.00878247746732086,-20.0,0.0019460598380042762,0.0027984759565270146,-0.0009266214910894632,-128.0,0.0005069793474678603,0.0020321269607361326,-0.0011087525635957718,-32.0,0.000697719878804668,0.002065096139706457,-0.009264042600989342,-20.0,0.0020537666216736707,0.0028750094244119097
4773,4754,near_weather_far_geo,1.1450544812953096,2.227298606699039,144,True,-0.02595083462074399,16.0,0.0030921844424669285,-0.0024553696857765317,-2.0,0.0007427484661591011,0.0031667940390495857,-0.0010915291495621204,-16.0,0.0005262346916535624,0.003108411115793056,-0.002530843485146761,-18.0,0.0009796721054857126,0.003234316437976934,-0.0026259005535393953,-2.0,0.0007763511045571358,0.003173589801952982
4783,4716,near_weather_far_geo,1.1010013772526377,1.9554420746427916,144,True,0.00690940918866545,30.0,0.0011783356872998498,0.003736242011655122,-43.0,0.0008586171695025932,0.001282074644179001,0.002477535279467702,51.0,0.0007445369589012379,0.001158866316392166,0.0035864642122760415,51.0,0.0012026835677365682,0.0013941935133504175,0.004010735952761024,-43.0,0.0009067217890355406,0.0012994337415236123
4967,4954,near_weather_far_geo,1.0189186983304457,2.2729971995517357,144,True,-0.0026055302005261183,-7.0,0.0006925323588915496,-0.00012804102152585983,9.0,0.0007435359210935242,0.0009655121669228927,0.025237533263862133,0.0,0.0060927734386018425,0.006012932024791906,0.017518239095807076,14.0,0.005745006356790704,0.005796059931724296,-0.00010746903717517853,9.0,0.0008103519414748383,0.0010212770553352933
4990,4970,near_weather_far_geo,0.9354336183204885,2.5939914962703217,144,True,-0.0592126976698637,72.0,0.00700492559273299,0.005177619867026806,-78.0,0.003946784126189301,0.008100421902599995,0.0028619086369872093,-59.0,0.004915400566042955,0.008912171939688929,0.003546694293618202,-58.0,0.003401525582746819,0.008149417178575324,0.007110686041414738,-78.0,0.004188634002064766,0.008226055390548766
5036,4990,near_weather_far_geo,1.1537743394834807,2.4131924292819735,144,True,-0.004563898022752255,26.0,0.0006591745740775552,-0.012473021284677088,-26.0,0.005242715586239791,0.0051645781503226506,-0.01571456773672253,-56.0,0.005965320728076865,0.00592389795583615,-0.006160228047519922,-56.0,0.004907205285459599,0.004837487167881333,-0.014346221927553415,-26.0,0.005479271890861136,0.0053932636018190015
5040,4990,near_weather_far_geo,1.0923837080315182,1.8968770400115278,144,True,-0.003585377475246787,-73.0,0.0006832979282188545,-0.012012307066470385,78.0,0.005088303734189732,0.005030616935136107,-0.015146723948419094,64.0,0.005698489202598453,0.005685980976575878,-0.010665367124602199,62.0,0.004674167988017072,0.0046421736211066985,-0.01389944227412343,78.0,0.005346377181723162,0.005281678580274629
5250,5328,near_weather_far_geo,1.0198158376238593,2.0545326806660413,144,True,0.002112142974510789,20.0,0.0007543840683118547,-0.0015004375018179417,-57.0,0.0004038320899292189,0.0008867426688988163,0.0012081009335815907,-76.0,0.0007884590515204259,0.0010697125366305694,0.0014042943948879838,-74.0,0.0008968709026148811,0.0011222850575773335,-0.0014928902382962406,-57.0,0.0004122396795503605,0.0008878896423757905
5299,5314,near_weather_far_geo,1.2314398929264747,2.719802319201634,144,True,0.01798450294882059,43.0,0.0027624381510766593,-0.004701004130765796,-34.0,0.001010748274910618,0.0028970370436465828,-0.0030032768845558167,28.0,0.001010492652908059,0.002933390200692964,-0.0030028563924133778,27.0,0.0013878764454995172,0.003109267621242222,-0.004701236844994128,-34.0,0.001014083992117202,0.0028983949456068006
5322,5299,near_weather_far_geo,1.1786683563080063,2.008735993447326,144,True,-0.02314772829413414,-49.0,0.002671042302585465,0.0023270361125469208,91.0,0.0006622922505095297,0.0027993050526874405,-0.001668728596996516,-16.0,0.0005875787539587894,0.0027543027571734074,-0.0008057508384808898,6.0,0.0006101373342963031,0.002781216357784656,0.002726138918660581,91.0,0.000718171500948826,0.00281478754855848
5328,5300,near_weather_far_geo,1.1795336635130256,2.6071354550248484,144,True,-0.008380963234230876,23.0,0.0012529859845480998,-0.0058414500672370195,47.0,0.0010920289372275069,0.001210401650795634,-0.006423277081921697,47.0,0.0011010673796440083,0.001232627487355367,-0.006511869025416672,47.0,0.0010879102681574625,0.0012172280828339954,-0.005800559185445309,47.0,0.0010954594515220557,0.001212738070465981
5559,5613,near_weather_far_geo,1.2076782104698556,2.3227232473215675,144,True,0.04265042208135128,-20.0,0.006249781001147105,0.004855412989854813,20.0,0.0012351240760497078,0.006221741395347232,0.005992021528072655,-45.0,0.0014686192910674445,0.006313536900023271,0.005028857151046395,-44.0,0.001931086879551777,0.006380224677022595,0.004855036328081042,20.0,0.0012337064881956085,0.0062214803010029645
5576,5558,near_weather_far_geo,1.231768667725535,1.6806355754823004,144,True,-7.512373849749565e-05,76.0,0.0005802651548128088,-0.0001870973501354456,-76.0,0.0001248446470423959,0.0005818125581237094,-0.005957658402621746,-58.0,0.0041584715343143735,0.004191287678176318,-0.006842928938567638,-53.0,0.003621818587321839,0.003573452073960604,-0.0002644786727614701,-76.0,0.0001367470586458843,0.0005767366427287254
5619,5642,near_weather_far_geo,1.076683509527881,2.0236042533862166,144,True,0.0013548780989367515,128.0,0.00021170357136865482,-1.8720689695328474e-05,-112.0,5.141791530258419e-05,0.00022262102811996197,-0.00030780606903135777,-121.0,0.00012645483367756204,0.00025335916662492386,-0.00040153623558580875,-122.0,0.00020290159252625662,0.0003076425640294828,-2.0086707081645727e-05,-112.0,5.1579327695244504e-05,0.0002227369961648952
5634,5642,near_weather_far_geo,1.1376562089041373,2.569939096365415,144,True,-0.00033772447204682976,109.0,7.381926978321404e-05,0.0001329341030213982,-125.0,7.289349682235648e-05,0.00012997609483827603,-0.0002060194092337042,-113.0,9.406018051979923e-05,0.00010854197381135442,-0.00020069553283974528,-105.0,0.0001340491130015649,0.00014795605893871782,0.00013153121108189225,-125.0,7.282727600213808e-05,0.00012992471160290733
5642,5644,near_weather_far_geo,1.137699053015515,2.7426336635080615,144,True,-0.01233637219411321,-97.0,0.001322624481317394,5.683454219251871e-05,104.0,3.268681655511798e-05,0.0013229676152237304,0.00029163018916733563,85.0,0.00012163944126852151,0.0013232647744897364,0.0004548492725007236,85.0,0.0001924613447182354,0.0013331544925903134,5.7538869441486895e-05,104.0,3.2858073861717194e-05,0.0013230080779035194
5644,5642,near_weather_far_geo,1.137699053015515,2.7426336635080615,144,True,0.01233637219411321,97.0,0.001322624481317394,-5.683454219251871e-05,-104.0,3.268681655511798e-05,0.0013229676152237304,-0.00029163018916733563,-85.0,0.00012163944126852151,0.0013232647744897364,-0.0004548492725007236,-85.0,0.0001924613447182354,0.0013331544925903134,-5.7538869441486895e-05,-104.0,3.2858073861717194e-05,0.0013230080779035194
5714,5756,near_weather_far_geo,0.9728590521450351,2.10522934059018,144,True,0.004676153912441805,-19.0,0.0008035958099875765,0.004788143560290337,15.0,0.0007449106999552645,0.0010841547679187292,0.0017577645485289395,14.0,0.0005032826632051863,0.0009209300831482392,0.0026619917480275035,17.0,0.0005166936798580831,0.0009186824290554492,0.005185895366594195,15.0,0.0008038286174722539,0.0011258111177277336
5734,5756,near_weather_far_geo,0.9561619079166693,2.6481916713958533,144,True,0.004632665804820135,16.0,0.0006089892091200323,0.010093734599649906,-119.0,0.001869160804678117,0.0019361696788315218,0.002286995353642851,-74.0,0.0009404995355407926,0.001042964695156109,0.00480970845092088,-69.0,0.0018754449594117005,0.0019090660161895942,0.010580592090263963,-119.0,0.0019548369642380134,0.0020181028369129655
5756,5778,near_weather_far_geo,0.9831292983147697,2.9792543635869295,144,True,-0.0007066907419357449,-45.0,0.00014013034690634705,-0.0003215781762264669,72.0,0.0002616114848808697,0.0003179644485329353,-0.0042438258533366024,84.0,0.002078111020964585,0.0021058370402793547,-0.006029585492797196,97.0,0.00269302530404528,0.002722730689525603,-0.0003374801017343998,72.0,0.0002651811514702255,0.00032154682667261483
5778,5756,near_weather_far_geo,0.9831292983147697,2.9792543635869295,144,True,0.0007066907419357449,45.0,0.00014013034690634705,0.0003215781762264669,-72.0,0.0002616114848808697,0.0003179644485329353,0.0042438258533366024,-84.0,0.002078111020964585,0.0021058370402793547,0.006029585492797196,-97.0,0.00269302530404528,0.002722730689525603,0.0003374801017343998,-72.0,0.0002651811514702255,0.00032154682667261483
5836,5858,near_weather_far_geo,0.8116300689504488,2.468322687067536,144,True,-0.1007812545140041,60.0,0.012272426169330105,0.00011128012556582689,-28.0,0.0001523549145220856,0.01229594549937186,-0.00010949361603707075,-11.0,0.00032961751593899583,0.012314153992617377,5.9461628552526236e-05,-26.0,0.00016476807804576896,0.012293151125280819,6.846350152045488e-05,-28.0,0.0001534905620020166,0.012295753884404128
5838,5792,near_weather_far_geo,0.8292197269583076,1.9954033305886005,144,True,0.011503049434395507,-65.0,0.0010664326396083513,0.00019617832731455564,172.0,0.00013159048568068185,0.0010520054170077107,0.00014985186862759292,110.0,0.00021729741902571902,0.001062911994090589,-2.0176870748400688e-05,71.0,0.00014661862054003805,0.0010627256969947692,0.0002097746473737061,172.0,0.00013411592869581936,0.0010520475480579885
5852,5836,near_weather_far_geo,0.7420944292894831,2.10522934059018,144,True,0.0052392920915735886,-124.0,0.000740362155589982,-0.00018778897356241941,101.0,0.00012808021988957116,0.0007652603821196569,2.0843755919486284e-05,77.0,0.00028252811354702724,0.0006937298901017617,-0.0001319541479460895,95.0,0.00015262373964881768,0.0007519926215549937,-0.0001868458348326385,101.0,0.000128619831251727,0.0007645393390517189
5866,5815,near_weather_far_geo,0.6014236899648784,2.037206195252696,144,True,0.0010513681336306036,12.0,0.0002349920945984375,0.00018481165170669556,-8.0,0.00010813605714875945,0.0002093882970658852,0.00017181172734126449,-10.0,0.000127603108254546,0.00021320838753767033,0.00021179098985157907,-11.0,0.00015313632773356038,0.00021866629670103728,0.00023148817126639187,-8.0,0.00011489967968034739,0.00021108112775541438
5880,5943,near_weather_far_geo,1.0213724581541594,2.468322687067536,144,True,-0.001770477625541389,118.0,0.000381953638542319,-0.0017458367510698736,-209.0,0.0006422128257141533,0.0008825049619343654,0.0006074297707527876,-120.0,0.0011131527848995979,0.0013705753458303266,0.0021306313574314117,-117.0,0.0011099280379816136,0.0012991694054630123,-0.0017544825095683336,-209.0,0.0006475177853470428,0.0008868997907621728
5888,5880,near_weather_far_geo,0.5315610716976245,1.78302772322727,144,True,0.0009870673529803753,-42.0,0.0003785713753958065,-5.317205796018243e-05,41.0,9.127434340031488e-05,0.0003960190466475897,0.0026718461886048317,42.0,0.000493451039004621,0.0006663070924655064,-0.0011721346527338028,41.0,0.0005919951468585389,0.0006306839891344751,-4.8451649490743876e-05,41.0,0.00010272906816367352,0.00039956001038888786
5953,5871,near_weather_far_geo,0.8617232743759667,2.21527621766517,144,True,0.008744154591113329,-51.0,0.0012207398082294907,0.0015530744567513466,130.0,0.0005691075646669071,0.001321368652572627,0.0026293648406863213,51.0,0.0029356606807165826,0.003110848510614858,0.001364678144454956,137.0,0.0029123431910826883,0.003138810150616172,0.0022668225574307144,130.0,0.0007448154003340792,0.0014057847591398976
5988,6001,near_weather_far_geo,1.0284547499989176,2.1879334738051788,144,True,0.01710550137795508,-74.0,0.004032757267463541,-0.0003168221446685493,87.0,0.0001986493448518855,0.004047852090714933,-0.0006341214175336063,108.0,0.00046380655508676603,0.004100278518399001,-0.0006042595487087965,-3.0,0.00046030217666657373,0.004081200643398379,-0.00031452736584469676,87.0,0.00019574955926726295,0.0040470565739066655
5995,5988,near_weather_far_geo,1.0593382470630697,1.863400681981469,144,True,-0.017557824146933854,88.0,0.004017081064838984,0.0005882242694497108,-179.0,0.00023617537608767715,0.004023097434958754,0.0007075569010339677,-88.0,0.0005056107928455993,0.00406886656963498,0.0006157124880701303,-13.0,0.0004054158673433765,0.004044650087710397,0.0005866406136192381,-179.0,0.00023575450292625567,0.004022237704320967
6042,5988,near_weather_far_geo,1.0705698056393251,2.131328019781168,144,True,-0.012738721445202827,90.0,0.004148290040553352,4.609604366123676e-05,-77.0,0.00014455426613930897,0.004142177303714176,0.0007426483207382262,-76.0,0.00041108033322154647,0.004190912002698152,0.0003648148849606514,-73.0,0.0002935197494852609,0.004168531316391019,4.507304402068257e-05,-77.0,0.00014609031253393052,0.004141258229596847
6047,6072,near_weather_far_geo,1.0633414384020057,1.739596032064479,144,True,-0.0012711826129816473,-14.0,0.00037018249138132765,0.0012060180597472936,17.0,0.0001937471842188548,0.00041145647808376207,0.0021425284212455153,-4.0,0.0003787471824389232,0.0005126018765937612,0.000697940238751471,-91.0,0.00022000039959439743,0.00038864913439166395,0.001239773293491453,17.0,0.0001996000739821573,0.0004141667704536799
6055,6110,near_weather_far_geo,1.0493326707384916,2.0430995959466562,144,True,0.024156362225767225,-71.0,0.0032803819979982294,-0.0005437541985884309,122.0,0.0001714782178495206,0.003310290454757587,0.0004751645028591156,80.0,0.00033116493342425884,0.0033229867248076527,0.00017875630874186754,82.0,0.00025258662402393974,0.003346089600326194,-0.0006142056663520634,122.0,0.00018070776506093645,0.0033112266392059187
6351,6368,near_weather_far_geo,1.1982297141484626,2.4484183820065435,144,True,0.03326941860723309,20.0,0.0062343314082063785,0.04286477772984654,84.0,0.006850369804850004,0.004735761637712636,0.0027678661281242967,65.0,0.0017421405104033666,0.0060544181645879975,0.00913412484806031,-29.0,0.003590828121305757,0.006365801358358601,0.06484229397028685,84.0,0.010095001786541819,0.006789886592206867
6365,6236,near_weather_far_geo,0.9949232444242967,2.394555935719375,144,True,0.154059499502182,7.0,0.020522324652693633,0.01535502215847373,-8.0,0.0035134681888543753,0.019551500215662914,0.012061544926837087,-12.0,0.003133561308703288,0.01977829131247384,0.009339739568531513,-8.0,0.0032503742838061755,0.020065777338378284,0.01607482717372477,-8.0,0.003627914815082607,0.01954178492428244
6368,6351,near_weather_far_geo,1.1982297141484626,2.4484183820065435,144,True,-0.03326941860723309,-20.0,0.0062343314082063785,-0.04286477772984654,-84.0,0.006850369804850004,0.004735761637712636,-0.0027678661281242967,-65.0,0.0017421405104033666,0.0060544181645879975,-0.00913412484806031,29.0,0.003590828121305757,0.006365801358358601,-0.06484229397028685,-84.0,0.010095001786541819,0.006789886592206867
6446,6494,near_weather_far_geo,1.1420459613426712,2.5352281860029393,144,True,-0.0008346566319232807,-90.0,0.00020555931320780248,-2.1293177269399166e-05,155.0,0.0003652949332033557,0.00042861932436779113,-0.00022916635498404503,95.0,0.0008539168096999008,0.0008731855635990017,-0.00838897516950965,107.0,0.0022413248962142155,0.002235262886596348,-1.3727578334510326e-05,155.0,0.00037200391027997985,0.00043427508430198404
6473,6508,near_weather_far_geo,0.840963870637807,2.2892821606870304,144,True,0.028290703405218665,41.0,0.0030725653529489225,0.0005592544912360609,-80.0,0.0002713856951586348,0.00308511504851945,0.004748158622533083,-36.0,0.0014285887067238933,0.0033810044881549236,0.007807695423252881,-104.0,0.0023386501703751856,0.0038484268160498083,0.0005615973495878279,-80.0,0.00026880378901674427,0.0030849894459706226
6492,6446,near_weather_far_geo,1.0376553833454731,2.4993215837605245,144,True,0.0014429902512347326,-12.0,0.00027639059260207115,0.000934886047616601,-46.0,0.00042192042352761787,0.00047131016292570294,0.005988177843391895,7.0,0.0022979698877336643,0.002250111691347619,0.005230679642409086,1.0,0.0024623430722685853,0.0023701274881657445,0.0011175210820510983,-46.0,0.0004579502520935389,0.0005003836861330714
6508,6503,near_weather_far_geo,1.132534978597555,3.0237727916926502,144,True,-0.013485991839843336,40.0,0.004711549133876295,-0.0040175485773943365,-27.0,0.001339929786605879,0.0037691855862590773,-0.02002771431580186,-45.0,0.0046824704601910894,0.005161933250515437,-0.018088201177306473,15.0,0.005941236180671278,0.005604026174283237,-0.004460581170860678,-27.0,0.0014446304986105803,0.003699334728876858
6846,6866,near_weather_far_geo,0.7815017110057538,2.528595979770088,144,True,0.004442676203325391,-1.0,0.0012606412898673446,0.001813123730244115,-36.0,0.00027260515511982636,0.0012272062587827016,0.001700696040643379,-82.0,0.0002997939676591885,0.001261887870611024,0.0015243852976709604,-139.0,0.00030340774241555303,0.0012548380088948283,0.0018130587704945356,-36.0,0.0002725931365085731,0.0012271825591937738
6848,6850,near_weather_far_geo,0.8215323110382032,1.8803709870710321,144,True,0.0423342314970796,-20.0,0.006807584568040354,0.00037418821011669934,-120.0,9.46018105945697e-05,0.006802124257611985,0.00023766825324855745,-108.0,0.0001371370213654347,0.006838586738986186,-9.906245395541191e-05,-113.0,0.00018717396829424376,0.006849405316779792,0.0003738275554496795,-120.0,9.462198036338379e-05,0.0068021493229639286
6850,6866,near_weather_far_geo,1.0475593265661443,2.507743770734115,144,True,-0.002674216120794881,81.0,0.0004826500841065428,-5.5005832109600306e-05,22.0,9.481931136799881e-05,0.0004837645926842702,-1.621816772967577e-05,-36.0,0.0001573002101048885,0.0004787991887731975,0.00013899750774726272,-88.0,0.00016226482347842685,0.0004982935427154719,-5.4702453780919313e-05,22.0,9.479637030683003e-05,0.0004837458065139032
6866,6846,near_weather_far_geo,0.7815017110057538,2.528595979770088,144,True,-0.004442676203325391,1.0,0.0012606412898673446,-0.001813123730244115,36.0,0.00027260515511982636,0.0012272062587827016,-0.001700696040643379,82.0,0.0002997939676591885,0.001261887870611024,-0.0015243852976709604,139.0,0.00030340774241555303,0.0012548380088948283,-0.0018130587704945356,36.0,0.0002725931365085731,0.0012271825591937738
6981,7000,near_weather_far_geo,1.2128193546408033,2.3941539029309498,144,True,-0.011241876403801143,-6.0,0.0016337923562007078,-0.0007375129498541355,-3.0,0.000848806131561567,0.0017613871895920089,-0.038573481142520905,36.0,0.014990157267075772,0.014112142185884177,-0.018398872576653957,5.0,0.007154474306972275,0.0064697064172931085,-0.00016040261834859848,-3.0,0.0008650248902381502,0.0018323350690383215
7011,6997,near_weather_far_geo,1.090836486646208,2.531878753603553,143,True,0.0020959675312042236,-8.0,0.00111634534817042,0.004257587715983391,-12.0,0.0028247455454846505,0.0029365936673097655,-0.03400842193514109,-13.0,0.013251621355876361,0.013216824338277278,-0.020793370436877012,28.0,0.008906179168102492,0.00891378691228929,0.006811670958995819,-12.0,0.0029644998231124595,0.0030636464035040402
7230,7267,near_weather_far_geo,0.9711692230389131,2.519596892668337,144,True,0.025518813636153936,71.0,0.003941850437330035,-0.00017762184143066406,2.0,0.000491334719567842,0.00412221263277211,-0.0010405355133116245,-48.0,0.0011604623822621064,0.004416352671348154,-0.0010989014990627766,-68.0,0.0014439561180720614,0.0043741653293603655,-0.0001751519739627838,2.0,0.0005076039146990236,0.004124612333324183
7232,7293,near_weather_far_geo,0.674739514266325,2.3159584156966186,144,True,0.06635639537125826,-4.0,0.011391730617774383,0.0006671133451163769,71.0,0.0002858464169278993,0.011396681012864632,0.0017757844179868698,6.0,0.0007881271787510058,0.011613690487987787,0.002682184334844351,6.0,0.0010036578896190696,0.011572833143954755,0.0006616357713937759,71.0,0.00028968941250474606,0.011397779471167957
7293,7232,near_weather_far_geo,0.674739514266325,2.3159584156966186,144,True,-0.06635639537125826,4.0,0.011391730617774383,-0.0006671133451163769,-71.0,0.0002858464169278993,0.011396681012864632,-0.0017757844179868698,-6.0,0.0007881271787510058,0.011613690487987787,-0.002682184334844351,-6.0,0.0010036578896190696,0.011572833143954755,-0.0006616357713937759,-71.0,0.00028968941250474606,0.011397779471167957
7343,7424,near_weather_far_geo,1.2008656893298921,1.9695668212483308,86,True,-0.028965241290279664,97.0,0.0037298366583250475,-0.002204953460022807,-191.0,0.0009746332816354018,0.0038662648223996006,-0.0018289629369974136,-188.0,0.0015964713908875464,0.003968129743962343,-0.004283466376364231,-113.0,0.0036849401702473174,0.005151143856403938,-0.00220588780939579,-191.0,0.0009732278447771109,0.0038653372593844978
7396,7448,near_weather_far_geo,1.1654665556084098,2.2878765427692045,144,True,0.000562216155230999,43.0,0.0007044248426406449,0.002098376804497093,46.0,0.0007087643011146266,0.000884750272212283,0.0019124080426990986,60.0,0.0007653963650574662,0.000935875879409963,0.001235725823789835,87.0,0.0012197243261471914,0.001318884932734968,0.002100384037476033,46.0,0.0007088295206336885,0.0008845152958742244
7424,7448,near_weather_far_geo,1.1987654475663572,2.896477429046612,86,True,0.026285966858267784,-53.0,0.0037116197128741857,0.002803900686558336,145.0,0.0010775878267991576,0.0038340567063077377,0.002972015645354986,159.0,0.0017910334637877827,0.003932550294731883,0.006234204862266779,91.0,0.003820496163355859,0.0050380075443798925,0.002804399176966399,145.0,0.001077012984850384,0.003833520338608763
7448,7424,near_weather_far_geo,1.1987654475663572,2.896477429046612,86,True,-0.026285966858267784,53.0,0.0037116197128741857,-0.002803900686558336,-145.0,0.0010775878267991576,0.0038340567063077377,-0.002972015645354986,-159.0,0.0017910334637877827,0.003932550294731883,-0.006234204862266779,-91.0,0.003820496163355859,0.0050380075443798925,-0.002804399176966399,-145.0,0.001077012984850384,0.003833520338608763
7561,7565,near_weather_far_geo,1.15189960027527,2.038333439921675,144,True,-0.003793997224420309,-103.0,0.00143158268677806,0.002504450094420463,14.0,0.00036487533367102735,0.0012685461186143078,0.000734301982447505,15.0,0.0006487651736002683,0.0013915370232121622,-7.683038711547852e-05,13.0,0.0007737399028622604,0.0014457647283348213,0.0025042277411557734,14.0,0.0003648743032837216,0.0012685418905136615
7565,7561,near_weather_far_geo,1.15189960027527,2.038333439921675,144,True,0.003793997224420309,103.0,0.00143158268677806,-0.002504450094420463,-14.0,0.00036487533367102735,0.0012685461186143078,-0.000734301982447505,-15.0,0.0006487651736002683,0.0013915370232121622,7.683038711547852e-05,-13.0,0.0007737399028622604,0.0014457647283348213,-0.0025042277411557734,-14.0,0.0003648743032837216,0.0012685418905136615
7611,7651,near_weather_far_geo,0.8935563241955401,1.7521602123147542,144,True,-6.621499778702855e-06,-32.0,7.247918202038114e-05,-0.001371081336401403,41.0,0.000267160855449601,0.00027634257484345,-0.0016766277840361,39.0,0.000402425851229661,0.00041373487672697863,-0.0018715544138103724,40.0,0.0005340971156811012,0.0005397638587819552,-0.001539004035294056,47.0,0.00029532278290462225,0.0003035603775905469
7620,7651,near_weather_far_geo,0.995464701037782,2.038333439921675,144,True,0.0014861879462841898,15.0,0.00027579838414749805,-0.0012687803246080875,4.0,0.0002800335773587714,0.00039309745047953846,-0.0019077955512329936,-9.0,0.0005843578203833737,0.0006667655412767214,-0.0026717568980529904,-10.0,0.0007844717179291328,0.0008533163534501695,-0.0014317885506898165,4.0,0.0003071100706560947,0.0004129033941953631
7651,7620,near_weather_far_geo,0.995464701037782,2.038333439921675,144,True,-0.0014861879462841898,-15.0,0.00027579838414749805,0.0012687803246080875,-4.0,0.0002800335773587714,0.00039309745047953846,0.0019077955512329936,9.0,0.0005843578203833737,0.0006667655412767214,0.0026717568980529904,10.0,0.0007844717179291328,0.0008533163534501695,0.0014317885506898165,-4.0,0.0003071100706560947,0.0004129033941953631
7732,7777,near_weather_far_geo,0.9447894997633481,1.7521602123147542,144,True,-0.00048622710164636374,-72.0,0.000320494200572759,-9.319890523329377e-05,73.0,7.050015704886307e-05,0.00033312983106199276,-0.0004179994575679302,75.0,0.0001719091394990658,0.00038703517416432243,0.0001313542015850544,56.0,0.00014896532984986314,0.00035803594994542623,-0.00010589766316115856,114.0,7.709722898423924e-05,0.0003340035003997412
7743,7777,near_weather_far_geo,0.9983593002728322,2.038333439921675,144,True,-0.0011725815711542964,-131.0,0.0002141115267118942,5.103496368974447e-05,150.0,7.847969404806847e-05,0.00022554106935053568,-0.0006381412968039513,152.0,0.00035932938331572695,0.0004099325947260037,-0.0007949554128572345,148.0,0.0003943386793080854,0.00043956430279809474,3.845046740025282e-05,191.0,8.528907876278574e-05,0.0002291529711959018
7777,7753,near_weather_far_geo,1.0185980620004436,2.1215349984930088,144,True,0.0008900150423869491,65.0,0.00021878965906709126,2.490193583071232e-05,-41.0,0.0001223900146827225,0.00023736227448182808,-0.0010112675372511148,-41.0,0.000694117093824141,0.0007446310586037369,-0.0015613940777257085,-28.0,0.0008482923703736911,0.0009039763746525376,2.886285074055195e-05,-82.0,0.0001244339659772733,0.00023779666698594962
7834,7901,near_weather_far_geo,0.9741479437133711,2.347699977698681,144,True,0.003206787441740744,55.0,0.0003268347482508507,0.0004608734743669629,-63.0,0.00020600746156383172,0.0003284461500121173,0.0010860405745916069,-63.0,0.0004307197086427117,0.00044952852799065693,0.0011735649313777685,-62.0,0.00044136829053907406,0.0004718027619130891,0.0004457274917513132,-63.0,0.00020392224075539887,0.00032822691216827737
7843,7885,near_weather_far_geo,1.1382181008484007,2.3601545419032117,144,True,-0.0002283039502799511,100.0,0.0010697506573817278,-0.005312708264682442,-91.0,0.00083208688624779,0.0013393767269388281,-0.00818706420250237,-90.0,0.0013152457934681582,0.001682682244108122,-0.005051672924309969,-55.0,0.0008912012196411477,0.0013760671895246166,-0.005293981172144413,-91.0,0.0008316385334936722,0.0013391514349490989
7885,7843,near_weather_far_geo,1.1382181008484007,2.3601545419032117,144,True,0.0002283039502799511,-100.0,0.0010697506573817278,0.005312708264682442,91.0,0.00083208688624779,0.0013393767269388281,0.00818706420250237,90.0,0.0013152457934681582,0.001682682244108122,0.005051672924309969,55.0,0.0008912012196411477,0.0013760671895246166,0.005293981172144413,91.0,0.0008316385334936722,0.0013391514349490989
7942,7843,near_weather_far_geo,0.9086410477820515,1.8008773896169283,144,True,-0.006700627156533301,25.0,0.000646304290226357,-0.00034653523471206427,-12.0,0.00020869825600099734,0.0006494218918441828,-0.0004891359130851924,-53.0,0.0003440066104948503,0.0006901414670730919,-0.0005199304432608187,-49.0,0.0003412086715028845,0.0006929555765483508,-0.0003669543075375259,-12.0,0.00021684102127368781,0.0006513443985839719
7996,8026,near_weather_far_geo,1.0584779002461482,2.3050494762482328,144,True,0.007800777675583959,-7.0,0.0013068934330152946,0.0011483889538794756,26.0,0.000828251066315399,0.0015117323203331851,0.0020956271328032017,6.0,0.0013251102847225598,0.0018501682081851322,0.010254998691380024,23.0,0.003548384333277838,0.0037702271942663765,0.0011754354927688837,26.0,0.0008313122339448673,0.001514376065812745
8006,8026,near_weather_far_geo,1.0473932937451507,1.8088666585361777,144,True,0.0027280093636363745,-96.0,0.0006043922607124149,-0.00017073226626962423,131.0,0.0001531283215917451,0.0005852983710076035,0.0002486368175595999,95.0,0.00033485723790934027,0.0005926799419043506,0.0010224096477031708,100.0,0.0007519994374007012,0.0007701693781502285,-0.0001909250859171152,131.0,0.00015073610744779253,0.0005839030414114648
8026,7996,near_weather_far_geo,1.0584779002461482,2.3050494762482328,144,True,-0.007800777675583959,7.0,0.0013068934330152946,-0.0011483889538794756,-26.0,0.000828251066315399,0.0015117323203331851,-0.0020956271328032017,-6.0,0.0013251102847225598,0.0018501682081851322,-0.010254998691380024,-23.0,0.003548384333277838,0.0037702271942663765,-0.0011754354927688837,-26.0,0.0008313122339448673,0.001514376065812745
8073,8126,near_weather_far_geo,1.0393070010600598,1.7348051451918975,144,True,0.0030738969799131155,-62.0,0.000960986392640066,0.0004720590077340603,107.0,0.00020080841332899784,0.0009857539550200732,-0.0014649273362010717,23.0,0.0005404588731249817,0.0010831463526431292,-0.0017037659417837858,24.0,0.0004846014380823179,0.0010594947477056823,0.0005475278303492814,107.0,0.00021202200904991546,0.0009889081148700023
8111,8110,near_weather_far_geo,0.8532462549341068,1.6911069220669726,144,True,0.0063693097326904535,-34.0,0.0008193635068534215,1.4088203897699714e-05,31.0,8.712069657566673e-05,0.000795163043185251,0.0009353887289762497,-16.0,0.0004594559592573787,0.0007869391003341507,0.0017824077513068914,-15.0,0.0005680513122030228,0.0007326183225544208,1.2741948012262583e-05,31.0,8.78824479979293e-05,0.000794879926492179
8126,8073,near_weather_far_geo,1.0393070010600598,1.7348051451918975,144,True,-0.0030738969799131155,62.0,0.000960986392640066,-0.0004720590077340603,-107.0,0.00020080841332899784,0.0009857539550200732,0.0014649273362010717,-23.0,0.0005404588731249817,0.0010831463526431292,0.0017037659417837858,-24.0,0.0004846014380823179,0.0010594947477056823,-0.0005475278303492814,-107.0,0.00021202200904991546,0.0009889081148700023
8153,8198,near_weather_far_geo,0.8146421754454305,2.408447665042521,144,True,-0.0061193409928819165,19.0,0.0007606752778694467,-0.00033982162130996585,4.0,0.00020915990879133737,0.0006996233743346612,-0.0013076639734208584,4.0,0.0005049123860559184,0.0006563762381465146,-0.0015585123910568655,-19.0,0.0005392028815780804,0.0007757787805722029,-0.00034348724875599146,4.0,0.00021128739858659052,0.0006984840866660655
8168,8181,near_weather_far_geo,0.6949261594723309,2.300216304623632,144,True,-0.010365356305555906,35.0,0.0010231909426848137,-0.0007259361445903778,-10.0,0.0004265758396206232,0.0009479555280910962,-0.0016322258161380887,7.0,0.0007738492144864858,0.0010526584512062815,-0.0016571702435612679,-19.0,0.0007831453582933167,0.001044450018216001,-0.0007352500688284636,-9.0,0.0004300199398722469,0.0009468439105998174
8172,8153,near_weather_far_geo,1.165832020232963,2.195398002008803,144,True,0.002491569714038633,7.0,0.00045795834335681575,0.0021248566335998476,-33.0,0.0008282752410324594,0.0009264688257766466,0.002554409671574831,-11.0,0.0010458231204730464,0.0010719808286322068,0.00293696642620489,-9.0,0.001344550375950065,0.0013486785409765488,0.002123998827300966,-33.0,0.0008231856205059099,0.0009219964363948745
8192,8153,near_weather_far_geo,0.4825505719843264,1.8107079030886692,144,True,0.0014808461855864152,2.0,0.0003651766326142596,0.00046459230361506343,-32.0,0.00026950447708595153,0.000348957648368196,0.000915833399631083,-18.0,0.0004639726888123942,0.0004527229414008494,0.00057728256797418,-2.0,0.00036601313168130144,0.0003844378747939214,0.0005334487650543451,-32.0,0.00028345427385842453,0.0003545581340975498
9,6974,near_geo_far_weather,1.6968732176818129,0.7380116121431851,144,False,-0.12741808069404215,5.0,0.031489708983724524,-0.11455761489924043,50.0,0.02744069518279965,0.010070354585058896,-0.011425156611949205,59.0,0.004047883399509837,0.02826649336175451,-0.016625776886940002,10.0,0.004564904079649122,0.027400961973404154,-0.12506538280285895,50.0,0.029756645167689732,0.009771145000904256
18,2581,near_geo_far_weather,1.697995840941002,0.7395722351648766,144,False,-0.03643740015104413,78.0,0.01105077704680089,-0.019566670176573098,11.0,0.005269908484706193,0.006601638064175987,-0.034182910225354135,-77.0,0.007471702993169778,0.005646766947218603,-0.018376565887592733,-106.0,0.005566765457167548,0.0059649798339206925,-0.02427185035776347,11.0,0.006440330924787858,0.005913048985069848
27,6937,near_geo_far_weather,1.7562931201048744,0.5697484355336108,144,False,-0.14542397041805089,136.0,0.03045590067149046,-0.08550297480542213,-95.0,0.02007179298167319,0.015206096395133234,-0.012411723611876369,-105.0,0.004480400653417171,0.026917349750827258,-0.01411077450029552,-102.0,0.004097069109757182,0.02709569523227253,-0.09283803153084591,-96.0,0.0220205474657315,0.014446376161833583
50,6957,near_geo_far_weather,1.7733739240099182,0.7439540138559653,144,False,-0.01875661453232169,41.0,0.0038031606996934983,-0.007041822245810181,3.0,0.002324942331771932,0.002372821836569795,-0.0176544189453125,21.0,0.004543931774453983,0.0033377317277158737,-0.012632175348699093,8.0,0.0039766952800267185,0.0022865534444383114,-0.007516254670917988,3.0,0.002470672598613856,0.002329370016931082
53,3838,near_geo_far_weather,1.9751679278939394,0.772502092024137,144,False,0.002771563653368503,48.0,0.0004580592557301379,-0.01954251219285652,-16.0,0.009346576694530038,0.00941192330796531,-0.036742195254191756,-21.0,0.014926734073572494,0.0149794268550613,-0.051844660425558686,-20.0,0.016839261088247657,0.016911520633933766,-0.019536458479706198,-16.0,0.009342007326426214,0.009407271658478766
296,3838,near_geo_far_weather,2.025391418294299,0.7365964958690372,144,False,0.01866194308968261,-3.0,0.002196785049209544,-0.01955293701030314,-8.0,0.009387944989899144,0.010031050197560953,-0.037500281527172774,-13.0,0.015113843439369043,0.015533749118324591,-0.0526333317393437,19.0,0.016954360161753394,0.017476745196149644,-0.019548179901903495,-8.0,0.009382750611814662,0.010025950424694936
320,5521,near_geo_far_weather,2.02090241328269,0.7776200419089636,144,False,0.022529425099492073,26.0,0.01930412768906333,-0.013372354849707335,1.0,0.004601537571777547,0.01999774968511936,-0.041616919450461864,87.0,0.017707848553534106,0.02959966953818307,-0.03245189040899277,60.0,0.015408881958323012,0.02866820145796464,-0.016395924612879753,-10.0,0.0060799556723446,0.02044282256392013
513,3690,near_geo_far_weather,1.5780512984730852,0.0,144,False,0.0962240228545852,-44.0,0.030246797140684446,0.06433116551488638,56.0,0.025761718111020623,0.011032620305593226,0.02832112181931734,53.0,0.014032258892690988,0.017434504731364094,0.015369018539786339,51.0,0.00663501136212105,0.024043371341772847,0.08737405762076378,56.0,0.03225500730215397,0.011670924243758074
599,3838,near_geo_far_weather,1.90215679401064,0.6888884735377685,144,False,0.0015989740495570004,113.0,0.0002568754105626693,-0.01930371962953359,-20.0,0.009340365686152423,0.00935831330224276,-0.037478163838386536,-104.0,0.015075609981892843,0.015071131721905788,-0.052885838173097,-103.0,0.01697479500873992,0.016974979063462278,-0.019296597398351878,-20.0,0.009336074201812495,0.009354084023345621
767,2581,near_geo_far_weather,1.943463768593053,0.7395722351648766,144,False,0.7393748573958874,7.0,0.5362842251955764,0.6071921046823263,-28.0,0.3750477161182764,0.20768788206897218,0.018178172409534454,-21.0,0.03352011551533118,0.5054330548918742,0.08891749754548073,-20.0,0.0332765338018676,0.5091969019295267,0.6021981835365295,-28.0,0.37553485132500664,0.20743998746581774
831,2624,near_geo_far_weather,1.7014495215422687,0.7249490547293935,144,False,-2.1845102310180664e-05,54.0,0.004020237752019255,-0.007541436934843659,-65.0,0.0026713557324103123,0.005308439297283897,-0.039648301200941205,-67.0,0.014270609165092697,0.015688196421236037,-0.07022460177540779,-74.0,0.022028690436289276,0.02299204891179846,-0.007419660279992968,-65.0,0.002742083619311423,0.005353944362965394
1095,3838,near_geo_far_weather,1.9248970771165572,0.7365964958690372,144,False,0.01464931369991973,20.0,0.0024324983217031953,-0.013423101976513863,-1.0,0.008069749972692235,0.009121361981839136,-0.02371684741228819,-7.0,0.012301812252096318,0.013033313030819876,-0.03419621102511883,1.0,0.013916165205545283,0.014417591979382771,-0.012873261235654354,-1.0,0.00802114956899873,0.00905400339632526
1162,5521,near_geo_far_weather,2.023493052797425,0.7790431823048686,144,False,-0.008889522403478622,43.0,0.00592886105274827,-0.011663854354992509,53.0,0.004463664793596437,0.006866015905222939,-0.03459425363689661,42.0,0.01719702467144111,0.01827187132354581,-0.023675612173974514,38.0,0.014060857116604847,0.016416509553797577,-0.014757137279957533,41.0,0.00597729073604787,0.007778069904962251
1257,2510,near_geo_far_weather,1.5778263525146996,0.6915100642226161,144,False,0.2870784103870392,44.0,0.13440598593899794,0.3045600790064782,-142.0,0.11505685643196627,0.052809306248322085,0.05215335823595524,-159.0,0.030274453284720552,0.10664512643277592,0.16738940216600895,-164.0,0.05553415149059242,0.09626884825194464,0.3828786237863824,-142.0,0.15933725059445175,0.061570254277792655
1273,5521,near_geo_far_weather,1.9767018817668802,0.42682730281290415,143,False,-0.022827843204140663,50.0,0.004218295435522172,-0.013475228508468717,-1.0,0.0046216400117453475,0.0055294541631765925,-0.04187859466765076,-10.0,0.017697226012524384,0.017737388150861056,-0.03349124756641686,-37.0,0.0154486135746734,0.016405243516169305,-0.01651220698840916,-12.0,0.006106588140074513,0.006619636658694899
1292,3838,near_geo_far_weather,1.8907360665538406,0.6095285822056229,144,False,0.08217813895316795,15.0,0.008596058915978507,-0.019359799509402364,16.0,0.009324186547197112,0.014208408663942055,-0.036055517150089145,19.0,0.014765605738561375,0.01867059173440749,-0.05062442272901535,18.0,0.01641004466277226,0.020033163556991782,-0.01934535295004025,16.0,0.009318221205806608,0.014204395190032219
1401,6,near_geo_far_weather,1.752902815397507,0.784249495513831,144,False,0.9449903230415657,-15.0,0.6715834323296447,0.6342098442837596,24.0,0.38844107428930835,0.3224768331746753,0.04443773999810219,27.0,0.03431046812938532,0.6401780464143548,0.13235931051895022,27.0,0.04615077035386511,0.6334373093667279,0.6363538310397416,24.0,0.38999029250485573,0.32102916306916485
1417,3838,near_geo_far_weather,1.8681880128036705,0.7339970970494243,144,False,0.07319849805207923,8.0,0.010457510301221811,-0.007423613220453262,1.0,0.007520325336992359,0.01447979800022759,-0.019534006714820862,-2.0,0.011646165120120762,0.018689066613420388,-0.035421162843704224,-1.0,0.014184726241189582,0.02098186557074904,-0.007413788698613644,1.0,0.007504005473720783,0.014470653176763716
1478,2106,near_geo_far_weather,1.847200568474323,0.6974610551915024,144,False,0.0011527405586093664,-37.0,0.0005034748095269018,-0.012287492398172617,-37.0,0.004959695832837947,0.00467037306137561,-0.01813924266025424,-12.0,0.007994362844877,0.0077196582207313255,-0.015766344033181667,-10.0,0.006725810837478372,0.006561423784967514,-0.012482674792408943,-21.0,0.005109219721535018,0.004818671262412836
1532,2601,near_geo_far_weather,1.8158507211703925,0.337825018605442,144,False,0.12494222074747086,-110.0,0.020199672844829947,-0.006691816553939134,145.0,0.001563561244512729,0.020699329519602364,-0.03224026726093143,101.0,0.008090335846262765,0.024070433460746787,-0.016007527359761298,116.0,0.0037375268570977336,0.021304066861201024,-0.00725512410281226,145.0,0.0017082276527345661,0.020762037266598803
1546,3920,near_geo_far_weather,1.569955550062319,0.769448088154067,144,False,0.016956947278231382,-3.0,0.003167219911333403,0.025665771099738777,0.0,0.005584538952326637,0.005646665020766673,0.03258717805147171,30.0,0.014391900322440629,0.013654567738432917,0.020906834863126278,26.0,0.005799422300404717,0.005944666948039907,0.025689370464533567,0.0,0.00576322011015077,0.005781508831362598
1567,2230,near_geo_far_weather,1.6480465361988523,0.7019924879694225,143,False,-0.026370163075625896,55.0,0.005388361498269331,-0.025446654297411442,-71.0,0.007293719111897475,0.005389641664881419,-0.007270846515893936,-71.0,0.013147270467168026,0.01191384734676847,-0.041242689825594425,-72.0,0.014648660012687583,0.01225815177500029,-0.02715017506852746,-71.0,0.00757348668746841,0.005406385385729969
1597,515,near_geo_far_weather,1.7263808343660534,0.7378838918168564,144,False,-0.2541077843052335,-71.0,0.0457316980714543,-0.1006085475673899,9.0,0.0234857393181904,0.02806326963089218,-0.03922164090909064,9.0,0.02021275133614912,0.034995318109810714,-0.05548367043957114,11.0,0.016353748857051698,0.03299570829895007,-0.11968010268174112,9.0,0.02719060362569233,0.0263903039712256
1653,5642,near_geo_far_weather,1.5912792909495475,0.0,144,False,0.25238841006648727,-6.0,0.02581508366234439,0.0013573630712926388,-5.0,0.00041796957760317126,0.025780688849221186,0.0008165694889612496,14.0,0.0004271303471687577,0.025827591266623873,0.005136867635883391,42.0,0.0018032877613495917,0.025837370611271244,0.0013557180063799024,-5.0,0.0004169397024670236,0.025780720366707307
1733,4598,near_geo_far_weather,1.5871125133394846,0.7310661696095495,144,False,0.05655171722173691,77.0,0.010995643038450664,-0.05725941411219537,-48.0,0.022207314509719467,0.0231598944469085,-0.052444915287196636,17.0,0.03004842418039105,0.03161158001550814,-0.031324903247877955,-46.0,0.013397544355713886,0.016038962318772915,-0.0682657640427351,-48.0,0.026979062665627954,0.027494787048812787
1758,2106,near_geo_far_weather,1.7690492319323636,0.7161873475606022,144,False,-0.0010030115663539618,-39.0,0.0004848796918964052,-0.014955920982174575,12.0,0.005065042491450736,0.004676199453261456,-0.021555940969847143,17.0,0.00878423248372017,0.008433409479441616,-0.017215330502949655,47.0,0.007163067955169642,0.0069093575395257475,-0.015574282442685217,12.0,0.005175824589045276,0.004784442087730476
1802,5556,near_geo_far_weather,1.604315686955655,0.7105068733466127,144,False,0.008446636609733105,-20.0,0.0014658645464118492,0.0034157998161390424,69.0,0.0010880919409782999,0.0017725061611597573,-0.002861385466530919,34.0,0.0015856307056589544,0.0021792417835427456,-0.0071420802269130945,30.0,0.002823944310302227,0.0032016032525604096,0.004013238707557321,69.0,0.0012123522233896335,0.001845595579051272
1809,2350,near_geo_far_weather,1.8981005692372515,0.7429807836521145,144,False,0.011722990777343512,-32.0,0.0033543071323952635,-0.023357268888503313,20.0,0.007879343652351396,0.008648088115867794,-0.04643155261874199,-19.0,0.02102709367101791,0.02130452756617658,-0.04814428510144353,-20.0,0.02073629533941497,0.021027755964209464,-0.023947833920828998,19.0,0.008076266826757918,0.008828710233915262
1813,6636,near_geo_far_weather,1.832553907622031,0.6847815702280179,144,False,0.0015315348282456398,67.0,0.00017578331240859644,-0.005040613585151732,-149.0,0.00196445874865882,0.0019733077374573366,-0.0426594169693999,-152.0,0.014184936086554262,0.014207793611683632,-0.04456134303472936,-158.0,0.01613872657179307,0.016152134477521892,-0.005218436708673835,-120.0,0.0020337085616325954,0.0020424441657706394
1823,2106,near_geo_far_weather,1.903282148477107,0.6602770085289418,144,False,-0.00014003203250467777,-75.0,0.0005695677384646906,-0.015072169713675976,38.0,0.005084255759017296,0.004721336211080355,-0.019684629514813423,-7.0,0.008789436757596577,0.008476796692431248,-0.016625148244202137,23.0,0.007260621527416411,0.007051318718566808,-0.015678662050049752,38.0,0.005195536441390055,0.0048295656848898185
1826,5542,near_geo_far_weather,1.8143788010536102,0.6988586228497282,111,False,0.000725163146853447,120.0,0.00021963794352761336,-0.0031227361178025603,-173.0,0.0009073124907906005,0.0010316188238413608,-0.0366499163210392,-166.0,0.013341435805484508,0.013369721029278516,-0.03274401091039181,-168.0,0.011933022046490447,0.011966658585292205,-0.0028967096586711705,-173.0,0.0009951778839542686,0.0011270057286989626
1827,5516,near_geo_far_weather,2.163392825333554,0.7103638400794205,144,False,0.03866273909807205,-29.0,0.010167152795286138,-0.020735155208967626,-40.0,0.007231297267291588,0.013429433253689468,-0.0492759007611312,-9.0,0.029019144459307786,0.03163562119757431,-0.07142902095802128,-33.0,0.03125454068413558,0.033653065999782274,-0.021564997150562704,-40.0,0.007326966379505434,0.013469301731836745
1829,5542,near_geo_far_weather,1.8720047070955885,0.5410525084157125,111,False,0.003862916026264429,48.0,0.00047501130156379494,-0.0030064634047448635,-83.0,0.0008959293906334571,0.0010579613172598124,-0.038548270880710334,-83.0,0.013385927920318334,0.013519663304368379,-0.034408124862238765,-83.0,0.011941623223273865,0.01211276107317467,-0.002762986929155886,-83.0,0.0009822870519186294,0.0011407582857684347
1842,2253,near_geo_far_weather,1.7309499594904396,0.7482167749107693,144,False,0.021272878162562847,-116.0,0.003320792782774426,0.00757823558524251,138.0,0.002959403740842925,0.0038988778129741635,-0.012398768216371536,113.0,0.006144768916128233,0.007415007901019737,-0.02680781949311495,122.0,0.009699521935298617,0.010762762945389871,0.007361780619248748,138.0,0.002928585673425472,0.003875734520971601
1867,3178,near_geo_far_weather,1.6774330939168756,0.0,144,False,-0.05337294301716611,-12.0,0.004711922470607228,-0.00039003894198685884,5.0,0.00019499373907723064,0.00466148715005137,-0.018514346418669447,32.0,0.00535974709265008,0.005068767470864855,-0.020955136977136135,27.0,0.0059717781777333875,0.005773207548548741,-0.0003649116843007505,5.0,0.0001879188772898503,0.004662743428182001
1898,5516,near_geo_far_weather,1.969047741570549,0.7498796248194058,144,False,-0.04099857609253377,-52.0,0.005465273259282312,-0.020789280417375267,29.0,0.007181837291699833,0.008329681072385185,-0.04776231781579554,22.0,0.028547795534487847,0.028113525923856124,-0.0685659518931061,17.0,0.030669889945585636,0.03018702322939604,-0.021620038663968444,29.0,0.00727831952894841,0.008411176314976052
1916,6656,near_geo_far_weather,1.8244646263862307,0.6058411999448343,144,False,-0.15399719774723053,34.0,0.15238609498914332,-0.28572451416403055,29.0,0.14381065473802312,0.058779945549488066,-0.05009474512189627,-80.0,0.03977214402768196,0.1261084715190286,-0.11211950518190861,-132.0,0.07963990557495468,0.11702893002512745,-0.27867327630519867,29.0,0.14565918155707885,0.05236399258132736
1967,2601,near_geo_far_weather,1.7832364581191067,0.4672490397595761,144,False,-0.020713822916150093,-68.0,0.006322666927446798,0.016413571313023567,110.0,0.005211942347026054,0.007147676079347853,-0.016647232696413994,102.0,0.009429793527340984,0.010554298957177606,-0.0011055581271648407,99.0,0.004921255683118706,0.00729907724305363,0.023634349927306175,110.0,0.006812937040070686,0.008096864792463949
1995,2280,near_geo_far_weather,1.7628364361986928,0.0,144,False,-0.0035928143188357353,-29.0,0.0009207905140865818,0.013135484419763088,23.0,0.0059504533953601705,0.005971449200601389,0.008872553706169128,40.0,0.009424020954109383,0.009130204044101784,-0.006584055721759796,51.0,0.011100462363226517,0.010446961942369277,0.013090183259919286,18.0,0.005936932753709819,0.0059513927288231076
2112,2253,near_geo_far_weather,1.8649590679583292,0.0,144,False,-0.005905511789023876,-134.0,0.0005531402636902898,0.017998508643358946,169.0,0.005181649753490789,0.005236929769878329,0.01931510679423809,159.0,0.01062849266008118,0.010652914840756967,0.02884148806333542,168.0,0.014648575603836386,0.014673949620248542,0.01789307757280767,169.0,0.005202111604096305,0.005257201697744535
2171,5521,near_geo_far_weather,1.957498596851349,0.455915568177481,144,False,-0.020376959815621376,87.0,0.004673945257356825,-0.007081137970089912,-36.0,0.004011502970787812,0.005747919813351246,-0.03240259177982807,-30.0,0.015592597790887142,0.016474627149045767,-0.013672497123479843,-55.0,0.010387191745056765,0.011925860467638837,-0.009574979543685913,-47.0,0.005476634693118175,0.006784959884748832
2386,84,near_geo_far_weather,1.6630092481646532,0.7411332547277114,144,False,-0.0024570022214902565,82.0,0.0002418455043085018,-0.00015654508024454117,-104.0,0.00020545934069198787,0.0003010241027591278,0.004906748072244227,-103.0,0.0017835033770733078,0.0018703859074953699,0.0027597735170274973,-108.0,0.001206954081922863,0.0013020503462409297,-0.00015953247202560306,-104.0,0.0002066890982418655,0.000301251280052623
4287,515,near_geo_far_weather,1.8632508119576576,0.6705871032575869,144,False,-0.24540323577821255,24.0,0.045691340196966024,-0.10079687903635204,-87.0,0.023496049687764014,0.028030168338237155,-0.04240313696209341,-80.0,0.020251142653514426,0.034979518999647845,-0.05640440108254552,-80.0,0.016118672905200748,0.03306517993348346,-0.11984807753469795,-87.0,0.027203437574095237,0.026357910749908873
2253,5642,near_geo_far_weather,1.892015399291488,0.7482167749107693,144,False,0.005452538636745885,123.0,0.0005580575292863413,0.001641168026253581,-116.0,0.0006981128189362154,0.0009041553352967365,0.02201997529482469,-86.0,0.009261407898203221,0.009289994217880035,0.036216769949533045,-94.0,0.013083517931864866,0.013104614738521562,0.00184845260810107,-116.0,0.0007485053905039913,0.0009440668672146494
2294,3147,near_geo_far_weather,1.616192997707349,0.6965280193038607,144,False,0.05814698338508606,17.0,0.02612806440325807,0.0002227366785518825,-5.0,0.00013817539732327125,0.026032600828031504,0.006361871026456356,2.0,0.0041588084872182084,0.02393312779857409,-0.0008442169055342674,-6.0,0.0026640409642151074,0.02423957516351225,0.00020111771300435066,-14.0,0.00014200130364452375,0.026029699740863266
4847,515,near_geo_far_weather,1.9584166329788688,0.6950049666826729,144,False,-0.2544419905243558,19.0,0.0457304105066798,-0.10127893561730161,-78.0,0.023545920841833656,0.028015252483614094,-0.04194767167791724,-75.0,0.020423259017395664,0.03489587716454409,-0.056168985553085804,-77.0,0.016428665067450235,0.03290430445708133,-0.12035545095568523,-78.0,0.027247836353655547,0.02634429580133196
6895,3016,near_geo_far_weather,1.6200134834844815,0.7790208126797461,144,False,-0.02632279321551323,-4.0,0.010307389550563817,0.0021750773303210735,-82.0,0.0019684496537612705,0.010391611420316119,-0.01628295611590147,-17.0,0.005960182153774764,0.007935009359856401,-0.05214811582118273,-20.0,0.01546568746185394,0.015225669215094582,0.0027615269646048546,-82.0,0.001909997838119987,0.010235461550615138
2511,5542,near_geo_far_weather,1.9172561876200824,0.7832348033343273,111,False,0.005899650976061821,4.0,0.0009467621084691328,0.002008796902373433,60.0,0.001347816099012622,0.0014440136184820829,-0.03670679475180805,62.0,0.013227596857836381,0.013309126827883027,-0.02979961270466447,60.0,0.01150961172012105,0.011565707292649972,0.0022345148026943207,60.0,0.0013070474904839484,0.0014072078348315192
2586,2253,near_geo_far_weather,1.7783634062961773,0.7482167749107693,144,False,0.008177835494279861,-41.0,0.0015449447417147158,0.015908486675471067,41.0,0.004945419283438097,0.005125207707963449,-0.003673957660794258,29.0,0.006728598147167146,0.00712275699601621,-0.019232992082834244,38.0,0.008617820634777631,0.008940061820915739,0.015699552139267325,41.0,0.004898566095759597,0.005081046581414428
2716,5526,near_geo_far_weather,1.793701604958159,0.7299082672676356,111,False,-0.036774177104234695,-39.0,0.006842410910642139,-0.018023594078840688,17.0,0.0063388384830445335,0.007644899842536558,-0.0589810092933476,16.0,0.031976719088343056,0.029826166793773628,-0.07456838665530086,30.0,0.030653981879818434,0.027876358041572014,-0.019954502815380692,-17.0,0.00738152069577325,0.007983363546392237
6623,5538,near_geo_far_weather,2.639457982441375,0.0,111,False,-0.04949381458573043,53.0,0.03333934206029706,-0.0018619336187839508,79.0,0.013816646711803347,0.03601342090400253,-0.0036338381469249725,28.0,0.018931864430115172,0.04050593934454375,-0.003691062331199646,25.0,0.05166365372788607,0.0667333728396937,-0.006897598505020142,-41.0,0.014552173126026397,0.035660140362806174
6661,2286,near_geo_far_weather,1.8029599978752633,0.7697241130037537,144,False,-0.004354741424322128,-32.0,0.011000238289518254,0.008972898125648499,4.0,0.008630370374648269,0.008059891088018049,0.0012406930327415466,107.0,0.011715433592942989,0.012282326238604901,0.010780565440654755,7.0,0.01431482175147735,0.012888397993639686,0.00999782606959343,4.0,0.008922791377819763,0.008144421628479859
3020,515,near_geo_far_weather,1.8562555293041634,0.6638044021724729,144,False,-0.25428507148171775,15.0,0.04572594722146755,-0.09345002193003893,-80.0,0.023455429846742926,0.028204715288615175,-0.03513501025736332,-80.0,0.020086542958962568,0.035406991324060506,-0.047983964905142784,-76.0,0.01627930193711536,0.033458297439225355,-0.11081554368138313,-80.0,0.02718530842916271,0.026538260956855925
3140,2253,near_geo_far_weather,1.5836820901589372,0.7482167749107693,144,False,-0.003928901627659798,-62.0,0.000590806621267183,-0.001483085798099637,106.0,0.0006238705202363584,0.0008916096224295807,-0.021745060104876757,122.0,0.009073813742697459,0.009137531925963812,-0.03516729944385588,76.0,0.01270417777326327,0.012751030218195007,-0.0016923203074838966,106.0,0.0006746945039294065,0.0009298492856069621
3178,5634,near_geo_far_weather,1.7502259344976205,0.0,144,False,0.05330891597259324,-69.0,0.004712153322098171,0.00023776068701408803,124.0,0.00022469069115804415,0.004656633051221874,0.018522724596550688,113.0,0.005370661183463699,0.005074015659894325,0.021483748976606876,111.0,0.006153623866918408,0.005917863720433131,0.00021253165323287249,124.0,0.0002178079478742332,0.004657866297171899
3264,515,near_geo_far_weather,1.9114748640516386,0.6742025781679871,144,False,-0.2538326352951117,-70.0,0.0457312336041443,-0.097207838203758,50.0,0.022599165401966475,0.028733591305972823,-0.01666002720594406,50.0,0.019397535452857606,0.036132287409851006,-0.03912786766886711,51.0,0.014676059898287446,0.034668141537891085,-0.11621025810018182,50.0,0.026306364907993554,0.02701212224649861
3732,3926,near_geo_far_weather,1.65354352702518,0.7651659607238067,144,False,0.05448068957775831,59.0,0.00974079499596973,0.015046483254991472,-23.0,0.005818719130166533,0.008955673866466594,0.017221132293343544,-4.0,0.010401513782736904,0.011172394443287686,0.01558691542595625,4.0,0.008386826661822744,0.009670660609422559,0.01506359875202179,-23.0,0.0058171809862518995,0.008954133124907802
3769,3910,near_geo_far_weather,1.6408036385296814,0.0,144,False,0.14922481891699135,-5.0,0.038513709858502936,0.027227968093939126,37.0,0.009924797838255726,0.03159690665402171,0.018612466752529144,68.0,0.009292966178565032,0.0320958822031453,0.023174714297056198,64.0,0.009804956358191445,0.03187544586074122,0.02723074541427195,37.0,0.009928184575023277,0.03159651944978348
8221,5904,near_geo_far_weather,1.9164329146091852,0.7644680213253373,144,False,0.02562618460797239,99.0,0.00279474835432364,-0.015690281055867672,-82.0,0.005602016974813806,0.006522264656661131,-0.02135448157787323,-81.0,0.006632991732511489,0.007266320434053833,-0.03364407550543547,-80.0,0.009496873673696928,0.010045646679255484,-0.02241342980414629,-82.0,0.0066503031056626485,0.0074406424549571
3889,3697,near_geo_far_weather,1.671679006388647,0.7220835869081065,144,False,-0.10233113914728165,-46.0,0.0261106001004675,-0.013574873330071568,-11.0,0.00534177471013414,0.021724782032066323,-0.0003187684342265129,-11.0,0.0038870873909996376,0.02322879365435591,-0.010551276616752148,-7.0,0.005992650563270967,0.021711211855960713,-0.013582577463239431,-11.0,0.005341739497370438,0.021724584449651557
3910,3769,near_geo_far_weather,1.6408036385296814,0.0,144,False,-0.14922481891699135,5.0,0.038513709858502936,-0.027227968093939126,-37.0,0.009924797838255726,0.03159690665402171,-0.018612466752529144,-68.0,0.009292966178565032,0.0320958822031453,-0.023174714297056198,-64.0,0.009804956358191445,0.03187544586074122,-0.02723074541427195,-37.0,0.009928184575023277,0.03159651944978348
4040,2403,near_geo_far_weather,1.732707804086541,0.7848612934594131,144,False,0.009586563101038337,47.0,0.0025052860331508256,-0.013994598295539618,-67.0,0.005504155200780274,0.00646622814464457,-0.019367794739082456,19.0,0.006010594861084914,0.007151582876554526,-0.02401218074373901,20.0,0.007621383101465408,0.008837932192449773,-0.013708616606891155,-67.0,0.005490995518857351,0.006449839933003314
4383,2106,near_geo_far_weather,1.983851443222157,0.7663097192476079,144,False,0.026529049035161734,15.0,0.0024157112638224943,-0.008514481596648693,-100.0,0.004979583753701257,0.005739779317622296,-0.020421211374923587,-102.0,0.00857824399279934,0.009150232044230308,-0.014042471535503864,-71.0,0.007010370585396532,0.00757457330236471,-0.008274663239717484,-100.0,0.005108617122086056,0.005849192279742871
6615,2601,near_geo_far_weather,1.8221208121955526,0.4429596268802044,144,False,-0.027842707000672817,-113.0,0.005766835059361323,-0.005511838011443615,151.0,0.0014560927892605163,0.005974951324832584,-0.028905972372740507,144.0,0.007946170071773544,0.010145365126139064,-0.010208392515778542,139.0,0.0032874795006305347,0.0068255866403318325,-0.006093926844187081,151.0,0.0015923072537546875,0.006022663172341748
4631,3838,near_geo_far_weather,1.9288548226636533,0.757555565494156,144,False,0.001559675729367882,116.0,0.0003740443453632238,-0.019268477451987565,-27.0,0.009353217035370552,0.009429900004320396,-0.024333818815648556,-95.0,0.013241184980607133,0.013254919832116057,-0.04206970240920782,-102.0,0.015426585687659537,0.015448179644564637,-0.019264561880845577,-27.0,0.009348423036292547,0.00942463845723822
4682,515,near_geo_far_weather,1.759887564168107,0.7022112879503126,144,False,-0.2518209624104202,-68.0,0.04572492013896672,-0.10100927820894867,130.0,0.023553241031900925,0.028004339257186876,-0.042388038302306086,128.0,0.020371073376270428,0.03490425863688827,-0.05815559200709686,130.0,0.01639814964139255,0.03289340578286917,-0.1200800419319421,130.0,0.027256087965676704,0.02633540154340392
4731,2263,near_geo_far_weather,1.8478211443753403,0.6804124315771406,144,False,0.020557614392600954,7.0,0.0019835770395551437,-0.0015739427180960774,21.0,0.0006625565282389955,0.0022034485402536485,-0.0031987668480724096,6.0,0.0012365108995999526,0.002431782348321388,-0.004269227152690291,30.0,0.0017705290841033671,0.0027469616752834173,-0.0015744776464998722,21.0,0.0006609223458300176,0.0022028503199367612
4783,2624,near_geo_far_weather,1.690435132077478,0.6442048523209829,144,False,-0.0037733945064246655,61.0,0.0016798736330186407,-0.004022844135761261,29.0,0.0026060407083525285,0.0029989063127632116,-0.03888824279420078,28.0,0.014462588042647485,0.014519364777801733,-0.06885808426886797,24.0,0.021527462129713227,0.02149799410511438,-0.0036258557811379433,29.0,0.002669457806512319,0.003043836649292464
4990,3769,near_geo_far_weather,1.620021286042384,0.0,144,False,-0.14779762737452984,19.0,0.03848968824009717,-0.014322717674076557,-67.0,0.010607541585731373,0.032882246680691535,-0.009565310552716255,-52.0,0.009944014584330257,0.03384995812449899,-0.015132924541831017,-51.0,0.009828750327269742,0.03283743108525827,-0.012436863034963608,-67.0,0.010746015029565606,0.032926659267458455
5040,5617,near_geo_far_weather,1.7194549461138475,0.7043650157114213,144,False,0.0012443738523870707,5.0,0.00018986917372304513,-0.0029025995172560215,10.0,0.001515245789737657,0.001632369391612791,-0.016746691428124905,14.0,0.007203411370215939,0.007296789179094035,-0.02021337184123695,14.0,0.007255395833038635,0.007364177511938139,-0.0033023771829903126,10.0,0.0016309714024399403,0.0017482934713916967
5250,5904,near_geo_far_weather,1.8836362309119992,0.670907619463154,144,False,0.004517037144978531,3.0,0.0006358271606389119,-0.018233693903312087,10.0,0.005716231359482317,0.005873351693656927,-0.028280183440074325,-8.0,0.006634873476066426,0.006739379863364286,-0.04116107849404216,-5.0,0.010145668790574046,0.010301886368069058,-0.025316881656181067,10.0,0.006768561965354758,0.006905316904262091
5322,6,near_geo_far_weather,1.578258715053548,0.784249495513831,144,False,0.0037264052079990506,43.0,0.0007499538472938489,-0.000598289305344224,-4.0,0.0007450593884192047,0.0010482606916321967,-0.007329909771215171,-49.0,0.0011672241107603689,0.0012253682164044038,-0.0017282533226534724,-28.0,0.0006447116398136292,0.0009130422101347045,-0.00020239828154444695,-4.0,0.0007910146421903343,0.001087974184860399
5521,6631,near_geo_far_weather,2.14077734006838,0.5176134781146677,144,False,-0.08271890319883823,-121.0,0.014145212522158003,-0.030347004532814026,-3.0,0.016393583590621624,0.016897504089209887,-0.002114091068506241,37.0,0.023432765772249918,0.025682929989633067,-0.06954040378332138,62.0,0.04307209208909631,0.04235493066712678,-0.026826830580830574,8.0,0.01663946845586273,0.01714350870463288
5538,6623,near_geo_far_weather,2.639457982441375,0.0,111,False,0.04949381458573043,-53.0,0.03333934206029706,0.0018619336187839508,-79.0,0.013816646711803347,0.03601342090400253,0.0036338381469249725,-28.0,0.018931864430115172,0.04050593934454375,0.003691062331199646,-25.0,0.05166365372788607,0.0667333728396937,0.006897598505020142,41.0,0.014552173126026397,0.035660140362806174
5559,3134,near_geo_far_weather,1.5940603130033209,0.0,144,False,0.07330954911594745,-51.0,0.008659725191495575,0.004808557336218655,58.0,0.0012059052441419239,0.008581547782442137,0.00487178354524076,77.0,0.0012826522480762906,0.0087113521562894,0.00256552267819643,60.0,0.0016201836451856001,0.008721038431557814,0.004783766344189644,58.0,0.0012033341103263252,0.008579545397595792
5576,2070,near_geo_far_weather,1.5710654616726274,0.5738933550774361,144,False,-0.12386376922950149,57.0,0.010756253537369895,-0.0091411437606439,-80.0,0.0020957170894506916,0.010196326356989848,0.002610528841614723,-51.0,0.0022464940974547686,0.010688197955225569,-0.012004850432276726,-51.0,0.0032613825301153264,0.010389250110740824,-0.00922788749448955,-80.0,0.0021112827191934005,0.010194605012823025
5619,5503,near_geo_far_weather,1.749851277865356,0.7360610271308252,123,False,-0.02324942173436284,54.0,0.002282397498586323,-0.001405118207912892,-94.0,0.00047496944483627084,0.002199124780908896,-0.023740966513287276,-102.0,0.009413380914876514,0.009341876110363823,-0.029815179179422557,-104.0,0.009537137400805133,0.00941140182112218,-0.0015218209591694176,-94.0,0.0004762249741221279,0.00218258603714557
5634,3178,near_geo_far_weather,1.7502259344976205,0.0,144,False,-0.05330891597259324,69.0,0.004712153322098171,-0.00023776068701408803,-124.0,0.00022469069115804415,0.004656633051221874,-0.018522724596550688,-113.0,0.005370661183463699,0.005074015659894325,-0.021483748976606876,-111.0,0.006153623866918408,0.005917863720433131,-0.00021253165323287249,-124.0,0.0002178079478742332,0.004657866297171899
5642,2253,near_geo_far_weather,1.892015399291488,0.7482167749107693,144,False,-0.005452538636745885,-123.0,0.0005580575292863413,-0.001641168026253581,116.0,0.0006981128189362154,0.0009041553352967365,-0.02201997529482469,86.0,0.009261407898203221,0.009289994217880035,-0.036216769949533045,94.0,0.013083517931864866,0.013104614738521562,-0.00184845260810107,116.0,0.0007485053905039913,0.0009440668672146494
5714,4633,near_geo_far_weather,1.6396075414765972,0.7664976611204873,144,False,-0.6133471541106701,-26.0,0.26267233365729825,-0.42094831448048353,89.0,0.21687616390711278,0.0642594505839005,-0.05650089029222727,70.0,0.03036761429155155,0.23593153611857778,-0.013183568837121129,100.0,0.008273491264624155,0.2549020207596344,-0.4210605244152248,89.0,0.22216414184692965,0.06425669412391434
5888,3877,near_geo_far_weather,1.7854093090378527,0.7663881721819743,144,False,-0.015527907875366509,78.0,0.0016754401709823431,-0.018281187629327178,-91.0,0.008014568091027527,0.007763849558226288,-0.030173686798661947,-85.0,0.01413359043118348,0.013928727904742177,-0.05196512397378683,-79.0,0.015785076264613597,0.015427252223518829,-0.018273303809110075,-91.0,0.00800619826060466,0.007755157209417526
5904,4588,near_geo_far_weather,2.182330949373858,0.7379387280388853,144,False,-0.9114547541394131,4.0,0.326255566100146,-0.41244036704301834,-27.0,0.22222986861862273,0.13736813218935073,-0.02475833147764206,-47.0,0.029031321534861588,0.30230228402525766,0.016912762075662613,-19.0,0.01168845902131152,0.3187530223573621,-0.40601186268031597,-27.0,0.2253899228987513,0.13748240341973333
5953,569,near_geo_far_weather,1.6683616393916632,0.5482002809785287,144,False,-0.06845968496054411,-110.0,0.013620288211080297,-0.07053541298955679,142.0,0.012628951306616749,0.009739059365624537,-0.026922395452857018,22.0,0.013208515313618576,0.013561775085804556,-0.030559228733181953,130.0,0.010101145795323601,0.011272319551304496,-0.08834710787050426,142.0,0.015494546413130932,0.010994409602711258
5984,3838,near_geo_far_weather,1.9069432411956302,0.6447839229919576,144,False,0.001664893759880215,45.0,0.00023146653964706705,-0.01906195661285892,-7.0,0.009169982151414003,0.009206223241745208,-0.03631361143197864,-25.0,0.014681859379412729,0.014712743403338684,-0.05147275107447058,-24.0,0.016614499710743472,0.016646988826101265,-0.019050722126848996,-7.0,0.009164598557882256,0.009200787671514946
5988,4596,near_geo_far_weather,1.5890738132384663,0.7390834721163567,144,False,-0.5029395073652267,-21.0,0.18079572044871908,-0.4378081960603595,69.0,0.18408022759618473,0.03841906628603524,-0.05559992423513904,66.0,0.029084295520581224,0.15493029536506087,-0.023632114520296454,-9.0,0.010521099090685717,0.17061152408740757,-0.440095798636321,69.0,0.19168163455116569,0.04083829303554366
5995,2624,near_geo_far_weather,1.773605225924475,0.7487907786475538,144,False,-0.009597961907275021,36.0,0.0012061706530511356,-0.0072253309190273285,-75.0,0.0027146677387992267,0.0029101322154925792,-0.04101061692927033,13.0,0.014712919117866676,0.014653023703580162,-0.07223935937508941,9.0,0.02225718519397401,0.022217799547392735,-0.007102656178176403,-75.0,0.002767363601725918,0.0029595207437303323
6045,3838,near_geo_far_weather,1.851958213812653,0.6447839229919576,144,False,0.006660646118689328,-7.0,0.0008508892189187976,-0.01946189481532201,16.0,0.009318647048411823,0.009513104657791937,-0.037132752826437354,11.0,0.01494049268484268,0.015063209005284019,-0.052697026228997856,29.0,0.016938300109729666,0.017076236313134784,-0.019457121205050498,16.0,0.00931434294511736,0.009508896493335724
6047,6919,near_geo_far_weather,1.7521468073817905,0.615940367423968,144,False,-0.030298382102046162,40.0,0.0053894350937380535,-0.0024875930976122618,-29.0,0.0011411822560682557,0.0047806414469992505,-0.02203869493678212,-15.0,0.005619813744875897,0.004534515560544229,-0.026489499723538756,-26.0,0.006991314723959872,0.0070613290397350354,-0.0024864079896360636,-29.0,0.00118496920066477,0.004732203297776552
6082,4846,near_geo_far_weather,1.6389792173794817,0.7848162786584633,144,False,-0.005556367104873061,8.0,0.0008932818444266822,-0.0013076089671812952,-87.0,0.0006425166262532956,0.0010584484439348366,-0.004479874623939395,-50.0,0.0019950190039879235,0.002013513427639306,-0.009412904502823949,-58.0,0.0033543287251016933,0.0033252790000136753,-0.0012281312956474721,-87.0,0.0006336494578161464,0.0010532025179205643
6267,3838,near_geo_far_weather,1.8745979854332628,0.56468833543479,144,False,0.007766626600641757,15.0,0.0014267853526226761,-0.017020674655213952,6.0,0.00862394292461384,0.009405737929805806,-0.035041078459471464,-3.0,0.014413965962494361,0.015156031453006919,-0.05023276247084141,-1.0,0.016251967567567544,0.0168201836075876,-0.017009758157655597,6.0,0.008617856396059036,0.00939996466169828
6351,5521,near_geo_far_weather,2.0291319448899183,0.6615103076505685,144,False,0.0029372740536928177,134.0,0.007221645795201068,0.03020598739385605,3.0,0.007352760200336365,0.006243060538233008,-0.038782326970249414,-37.0,0.016200433669390092,0.017545749918752178,-0.023762721568346024,-134.0,0.012194159572363455,0.014536897927247194,0.04910820163786411,-8.0,0.010860519343706642,0.008410249127906584
6473,5904,near_geo_far_weather,1.8412354638552608,0.6812524658331841,144,False,0.028253082375158556,75.0,0.003073169030307986,-0.01802966883406043,-84.0,0.005711777114532143,0.006798085010490992,-0.025260360911488533,-82.0,0.006338587649151901,0.007124217592109056,-0.03494040388613939,-82.0,0.009696975832749284,0.010312087364075767,-0.025159441400319338,-84.0,0.006769444539634201,0.007690619462750821
6848,5479,near_geo_far_weather,1.6211503858572436,0.5982209604964932,144,False,0.04229210302582942,-32.0,0.006806479029247935,-0.0004559172666631639,7.0,0.0002305840251586151,0.006817800437014247,-0.0024441450368613005,-40.0,0.0010874757760722948,0.007069358709962753,-0.0061147979577071965,-39.0,0.0017032707065071375,0.007201811173043191,-0.0006113574490882456,7.0,0.00026043381601279864,0.006820040729422958
6866,2229,near_geo_far_weather,1.7951706398172644,0.7829773749297249,144,False,-0.0015303685795515776,-37.0,0.0005791349207212982,-0.0011759386688936502,-69.0,0.0006860714623157376,0.0009967327260731087,-0.003648051031632349,-23.0,0.0010101522881770443,0.0012707852591645524,-0.003794529242441058,34.0,0.0012919225870834392,0.0015122932063379047,-0.0011826961126644164,-69.0,0.000685306397111207,0.00099607532786486
6981,2286,near_geo_far_weather,1.5920936963059433,0.7697241130037537,144,False,-0.041164767812006176,-42.0,0.008617491333730474,-0.017950449138879776,7.0,0.00479382573993761,0.0059719368943230156,-0.025760188698768616,39.0,0.007671517328967108,0.007347393474536725,-0.016379683278501034,8.0,0.006940266601110886,0.006549860071446904,-0.01747920084744692,7.0,0.0048684125386720635,0.005970273768434942
6992,5506,near_geo_far_weather,1.6186502768752211,0.7068334940931861,144,False,-0.01364549994468689,-46.0,0.005565575241332508,0.0030372226610779762,3.0,0.001175359348230856,0.005040223159174667,-0.008332427125424147,32.0,0.0034696137897496796,0.006225874480995767,-0.0020072180777788162,19.0,0.006794376504710896,0.007701536951676878,0.0036855980288237333,2.0,0.0012909448991542988,0.004993752867283199
6998,5510,near_geo_far_weather,2.4030198924987114,0.0,111,False,-0.1233833129517734,-6.0,0.022369344277885565,-0.018009431660175323,-117.0,0.008925755604928056,0.017477549535693984,0.0014552362263202667,-20.0,0.03227885155137392,0.02978645580067204,0.0031154751777648926,-59.0,0.031758974376710915,0.03342893984239058,-0.024438530206680298,-117.0,0.010059805099011422,0.016978141777195137
7011,3258,near_geo_far_weather,1.7406276264831317,0.7109857345761597,143,False,-0.02309949044138193,-67.0,0.010109818648757863,-0.004236963577568531,-64.0,0.0047811367694645425,0.00848975648198935,-0.016247405670583248,-66.0,0.007251923268484331,0.010053419932173962,-0.026386729907244444,26.0,0.012446579193112118,0.0074228751290335805,-0.0032192859798669815,-64.0,0.005655312959564592,0.008090539483432293
7298,2624,near_geo_far_weather,1.7731220629193827,0.7249490547293935,144,False,0.0268776947632432,7.0,0.004455151714938492,-0.007365647470578551,35.0,0.002724755661649246,0.005234185794941831,-0.040254354709759355,-42.0,0.014452974074729955,0.01535683969018595,-0.07094187149778008,-23.0,0.021980598548047674,0.02252410171165051,-0.007242802646942437,35.0,0.0027774532395710605,0.005266496459194854
7343,515,near_geo_far_weather,1.9194694122836782,0.7212986644615396,144,False,-0.2543420447182143,37.0,0.045731664675596605,-0.100397635018453,-90.0,0.023464261172724064,0.028037796525647345,-0.04095499124377966,-89.0,0.020158401314691654,0.034874412638610526,-0.054082960821688175,-88.0,0.016213281410373596,0.03300914614226271,-0.1194691900163889,-90.0,0.027171410451648743,0.026362442288316103
7396,3852,near_geo_far_weather,1.5928030374812632,0.7418598872245719,144,False,0.002426006947644055,94.0,0.0005502930192788628,-0.0019990853033959866,13.0,0.0016595527964352965,0.0016672879985855803,-0.023580756038427353,10.0,0.005804029707566803,0.005786096837454913,-0.007573367096483707,33.0,0.0031613900792478006,0.003142206943630505,-0.0019841096363961697,13.0,0.0016565735173376622,0.0016641979815971012
7424,5521,near_geo_far_weather,1.9881266509950148,0.6463872007840226,86,False,-0.0014890674501657486,9.0,0.006013228781692105,-0.010627501644194126,107.0,0.005405765043010082,0.007668138262484095,-0.03899088967591524,97.0,0.02009974942853457,0.020841453715835793,-0.025497369468212128,18.0,0.013555562348374092,0.015545099753861001,-0.0137027557939291,96.0,0.007425384405509252,0.009317551570571788
7509,515,near_geo_far_weather,1.9860343577689241,0.6806774103928658,144,False,-0.25371670781169087,-31.0,0.04572853645088834,-0.10127260518493131,-50.0,0.023566759830283848,0.028004973787512984,-0.0424657769035548,76.0,0.020273224345739273,0.03494896781549796,-0.05838466068962589,78.0,0.016327428551661836,0.03295708569569167,-0.12034360854886472,-50.0,0.027268793785573776,0.026336436357060306
7513,4408,near_geo_far_weather,1.7305801188430456,0.7529200248137706,144,False,0.02384220529347658,18.0,0.00430227825314769,-0.003973031300120056,-46.0,0.0011949089399819026,0.004573098602955518,-0.01114342501387,33.0,0.002857411944170711,0.005383364551199247,-0.00781210558488965,-67.0,0.003444626737336496,0.0058069762115424365,-0.0039794580661691725,-46.0,0.0012140346401187754,0.00458055469064233
7561,4616,near_geo_far_weather,1.6997224886286142,0.7374450911443623,144,False,0.0005328245460987091,-33.0,0.0012151972522483705,-0.0012116485740989447,1.0,0.0008512229198866613,0.001194008519906211,-0.0048928395844995975,-5.0,0.0017730351998174675,0.0019032301512276275,-0.004319144180044532,1.0,0.002038904202571666,0.0021706737339351597,-0.0012307234574109316,1.0,0.0008506179600468969,0.0011930467938074867
7611,2270,near_geo_far_weather,1.7419241839853203,0.7154518036588052,144,False,-0.023439327778760344,49.0,0.0020015801268951808,-0.003050660714507103,-127.0,0.0009578912457359867,0.0022289169603060526,-0.002068877569399774,-126.0,0.0009454251436231663,0.0021861597549896767,-0.001568228006362915,-126.0,0.0010836764946057296,0.0022953557253875935,-0.0030552891548722982,-121.0,0.0009597475137026003,0.002229598851300873
7620,7561,near_geo_far_weather,1.5973270614725212,0.0,144,False,-0.002937807817943394,131.0,0.0011159533157812937,-0.002321452251635492,-103.0,0.00038496563052695706,0.0009815942474697768,-0.0021688175620511174,-115.0,0.00046549080640865105,0.0010315799039100103,-0.0016538560157641768,-115.0,0.0004355924452220694,0.0010828290425230747,-0.0023197236005216837,-103.0,0.00038494385581962806,0.0009815328443254668
7631,2601,near_geo_far_weather,1.8194307918692578,0.44533501975465734,144,False,-0.03563372763164807,-13.0,0.005706055573810452,-0.0067618623725138605,112.0,0.0015905792239605586,0.005763463543982986,-0.031064213253557682,-13.0,0.008054064456158633,0.009868742089245302,-0.013749800389632583,-23.0,0.003744886475540899,0.006757009084726332,-0.0073198003228753805,112.0,0.0017296140414444416,0.005804457049104126
7732,2270,near_geo_far_weather,1.7525944955734383,0.7154518036588052,144,False,-0.022729487041942775,26.0,0.0020127144531316902,-0.003132089099381119,-75.0,0.0009289577897308324,0.0022187790194889666,-0.0020342955831438303,-69.0,0.0009572888617177285,0.002188389265827952,-0.0019973773742094636,-90.0,0.0011219723445469983,0.002301999242695586,-0.00313338142586872,-75.0,0.0009304966131616278,0.002219430024444623
7757,2601,near_geo_far_weather,1.8666418905787074,0.44533501975465734,144,False,-0.03574983389262343,-135.0,0.00570721604910699,-0.006971144874114543,124.0,0.001641201503058632,0.005766691026896712,-0.03187521954532713,103.0,0.008085768090452762,0.009792830135158616,-0.015381943434476852,106.0,0.0037774576846354214,0.006674315028689268,-0.0075459558283910155,124.0,0.001783918162684106,0.005808915245895375
7817,2601,near_geo_far_weather,1.8590420727479775,0.6589390278567421,144,False,-0.035452624841127545,-123.0,0.0057072978356695414,-0.00664342287927866,129.0,0.001584166402030743,0.00575055237096869,-0.03268694394500926,109.0,0.008252049783099711,0.009934636833851027,-0.016190244466997683,106.0,0.0038621865933682917,0.006725380338319455,-0.007208073569927365,129.0,0.0017231928600382567,0.005790359384573165
7942,3838,near_geo_far_weather,1.9565471744337533,0.6957382433913343,144,False,-0.0004895276506431401,115.0,6.709221031089747e-05,-0.019490600971039385,-65.0,0.009289742008662992,0.00927489613064929,-0.037443901353981346,-110.0,0.014962695186926276,0.014948280189417245,-0.052408897841814905,-70.0,0.016704283507891726,0.016688425756509855,-0.01948604843346402,-65.0,0.009283827814351957,0.009268972308333122
7967,1401,near_geo_far_weather,1.6166686754421553,0.784249495513831,144,False,-0.9452446212526411,94.0,0.6716760055932143,-0.6369257654296234,-38.0,0.3885934563264353,0.32239650509055184,-0.05057898769155145,-41.0,0.034693191834307656,0.6399466909513353,-0.13494498666841537,-41.0,0.04634370899987349,0.6334119901775297,-0.6390727628022432,-38.0,0.39014977898307407,0.3209499894203924
7996,5521,near_geo_far_weather,1.9252762791799494,0.6463872007840226,144,False,-0.021432794630527496,101.0,0.0038727215327737964,-0.011876177974045277,-82.0,0.004063217538894329,0.0048803048740477945,-0.038923490792512894,-98.0,0.01613582124710472,0.015841073609709086,-0.022055568173527718,-98.0,0.012853474150704473,0.0134650644871614,-0.014918143162503839,-93.0,0.005472592311789739,0.005884669277725199
8006,3761,near_geo_far_weather,1.6051101068450573,0.7027343076067831,144,False,-0.27484687929973006,-46.0,0.08714030845636976,-0.010836346657015383,24.0,0.0035428493730324906,0.0839646183343426,-0.00741803995333612,7.0,0.0033386242147648466,0.08457938269710868,-0.009391000494360924,-7.0,0.005489074461386583,0.08294861354014478,-0.010851743398234248,24.0,0.0035502969306621525,0.08395923644283826
8015,3877,near_geo_far_weather,1.8635698588122,0.772138454785814,144,False,-0.014302790397778153,4.0,0.0016568953138617491,-0.01809478475479409,-16.0,0.007946083255933422,0.007808158993011677,-0.03450132207944989,-5.0,0.013992964623060702,0.01382373566255649,-0.05336363217793405,-5.0,0.01572338401997902,0.01548938062471768,-0.018093969381880015,-16.0,0.007943237672795561,0.007805356000977262
8026,3970,near_geo_far_weather,1.6434322841868598,0.7066777493357336,144,False,-0.0008044750429689884,16.0,0.0005274671313552419,-0.00629651709459722,-120.0,0.0017833075306743185,0.0017193088077619748,-0.003374694846570492,-89.0,0.0010735557390037051,0.0011889993869057492,-0.0007019841577857733,-103.0,0.00085682202931802,0.0010739970146545648,-0.006549989338964224,-120.0,0.0018803198510161327,0.0018051485081234534
8073,2759,near_geo_far_weather,1.7919031684433813,0.6124511495026448,144,False,-0.9318561875261366,-73.0,0.3053702717302498,-0.009985275566577911,148.0,0.002138782902023835,0.30528183724738084,-0.025296696927398443,105.0,0.00833203996799267,0.3045939307034158,-0.018084435956552625,107.0,0.006208901853786424,0.3045127525963628,-0.014196175266988575,148.0,0.0029499411856023327,0.3052678018854103
8075,3838,near_geo_far_weather,1.9231449411151265,0.6959985917159227,144,False,0.0020189991337247193,26.0,0.0004110353830386742,-0.019681354518979788,7.0,0.009422257963403808,0.009515294070178076,-0.03711213928181678,6.0,0.015137328675937334,0.015222249607010713,-0.052139092003926635,5.0,0.016924698616773804,0.017002496402858527,-0.019676330965012312,7.0,0.009417890266255438,0.009510887288295643
8111,4580,near_geo_far_weather,1.6093860885771176,0.7791067150252571,144,False,0.006699514575302601,15.0,0.000811398162786565,-0.0026221139705739915,-5.0,0.0005443908113565466,0.00097794451842838,-0.024976342916488647,-11.0,0.011835502061819022,0.012020501445185806,-0.01972511480562389,-5.0,0.006030929276688123,0.006134907336983874,-0.0033006445737555623,-5.0,0.0006506040183535276,0.001048138679700993
8126,2263,near_geo_far_weather,1.8166734574800476,0.7100521304568939,144,False,0.0030157846631482244,4.0,0.00030108862040766624,-0.0017418165225535631,-51.0,0.0006929073475645142,0.0008043479615404546,-0.0013523998204618692,71.0,0.001347304968220767,0.0013929583273925453,-0.0028419350273907185,79.0,0.00195285715956266,0.0019917285509660175,-0.0017422895471099764,-51.0,0.0006910963463011647,0.0008027467828036149
8172,515,near_geo_far_weather,1.8492380862307645,0.5548100731239787,144,False,-0.2518717010971159,-36.0,0.045719848595218895,-0.09873084584251046,-16.0,0.02302814189744134,0.028377850915418612,-0.03965223487466574,-18.0,0.019657944161940003,0.035179373663140015,-0.05508805881254375,-15.0,0.015636831015292143,0.033432905173258774,-0.11780296638607979,-16.0,0.02674679536574044,0.026671268941038002
8192,3838,near_geo_far_weather,1.8884197892839616,0.7217966528321915,144,False,0.0010037468164227903,21.0,0.0003864764084654287,-0.018696725135669112,-13.0,0.008841969092555482,0.009040127381002587,-0.036363097722642124,-26.0,0.014430064078389298,0.01458461798123828,-0.05180679261684418,-10.0,0.016357538353301834,0.016526692313055907,-0.018623557058162987,-13.0,0.008825493540781899,0.009023263849530947
8307,2106,near_geo_far_weather,1.754395108510789,0.6559128916300474,144,False,0.0006842056754976511,-89.0,0.000615837685397359,-0.014825838443357497,5.0,0.005130513302629358,0.004807365257392706,-0.02121683955192566,7.0,0.008809002719650537,0.008523848349379456,-0.01643394329585135,30.0,0.007391026050789768,0.007236404440284975,-0.0154451162670739,5.0,0.005242001805103106,0.004915801077162159
8308,5526,near_geo_far_weather,2.0794477202550223,0.5611176456491445,111,False,0.011426188051700592,-21.0,0.009563714234638542,-0.016549620893783867,-5.0,0.006087975809171039,0.010245413921069741,-0.06116125942207873,-12.0,0.03339824064769006,0.03204210075275579,-0.07338624587282538,-1.0,0.031340527624202745,0.029495016133227348,-0.018323837779462337,-39.0,0.007100687731983846,0.010468445199728685
8309,2601,near_geo_far_weather,1.860367519266928,0.7012792862193196,144,False,-0.0017048120498657227,-142.0,0.00657271986672013,0.04835848696529865,114.0,0.006917771832660778,0.0074275080964803465,0.02275550737977028,107.0,0.010633938222148807,0.011253846090251802,0.03885729983448982,105.0,0.007949756560197134,0.00848981253961927,0.04778365232050419,114.0,0.006953941674414734,0.007469655611428635
8310,5516,near_geo_far_weather,2.0923001930210248,0.7092687692609969,144,False,-0.037479568272829056,-73.0,0.005474451426143368,-0.020782989624422044,147.0,0.007165529601646995,0.00833830322972558,-0.04831955535337329,31.0,0.028832845129904916,0.028383585380753293,-0.07006319798529148,8.0,0.031044109700515615,0.03057079965560891,-0.021612772077787668,147.0,0.007261246547695645,0.00841877803525973
