event,fips,gain_seed0,gain_seed1,gain_seed2,gain_seed3,gain_seed4
2019-03-13,01001,0.00031472411481468256,8.614703611626245e-05,0.0003386480773372304,-0.00020364543962651327,-0.00019154508350035626
2019-03-13,01009,0.0028417050410752473,-0.007549216667572196,-0.007810120563952416,0.0011473874628627062,7.212357930370256e-05
2019-03-13,01015,8.65180643094607e-05,0.00015268208657135296,1.0539141238630765e-05,0.00013256114918942634,0.0006506602952400976
2019-03-13,01021,-0.0014193285419856136,-0.0011098686031411863,-0.002523726637937306,-0.0036433941713112997,-6.787393702927837e-05
2019-03-13,01037,-0.0009762771562444386,-0.005748489565063471,-0.0031039493421137834,-0.0041490892814561794,-0.007665960765271866
2019-03-13,01043,0.00013626348500416852,4.663063505602706e-05,-8.572445700663449e-05,-0.0001668281465241838,-0.0003707741664861759
2019-03-13,01047,0.00012607082469064806,0.0005464524826443804,0.00020813965051557097,-0.00016257656355114162,-0.0004185670745792784
2019-03-13,01051,-4.79507641840491e-05,-0.00040898206053662043,-0.0001752003036538394,0.00045129766911976895,0.0009089962700793916
2019-03-13,01055,0.001274966035591055,-0.0006407461638366675,-0.0013845093965894504,0.00032122877760027736,-0.0001075213651774553
2019-03-13,01065,-9.658343803844706e-05,0.001245185223913485,0.0007932922485626363,0.0021881674338398993,5.999046666841463e-05
2019-03-13,01075,0.00023666870665360606,0.00011578369348027705,-7.725857692519097e-05,-0.00048711828630883074,-0.0001904169935206066
2019-03-13,01079,0.00015219938883501166,4.1714427969198695e-08,-2.6110969721558443e-05,8.287050416423138e-05,0.00029615692543406207
2019-03-13,01091,0.00030315614130961885,4.142370961702585e-05,0.0002812337413430306,-0.00033948451071079487,-0.0001777102566504539
2019-03-13,01105,-0.003557629149898843,-0.0004423296871783385,-0.0029381591815164174,-0.004916199145024976,-0.00236123351926178
2019-03-13,01111,0.001223457940726074,0.0003500304433707684,0.0010764031721270041,7.930018572055593e-05,0.0006921754556339088
2019-03-13,01115,0.0001356106096492948,-0.00015071617271108194,-0.00016763623115932094,-5.4651689422226734e-05,0.0006996414649214644
2019-03-13,01125,-5.5961157920668175e-06,2.9779497629008652e-05,0.00012614317830962195,0.002691584219786173,0.0008332317165405246
2019-03-13,01127,0.002735721474758321,-0.0011741634765460654,-0.0022006777493818637,0.0013566465002747899,-0.0014402005535982827
2019-03-13,01133,0.00028114801638553025,3.30847865684953e-05,-0.0001859320181249579,-0.0004730716218721868,0.00042498928771399474
2019-03-13,05027,-0.0028176936898567373,-0.002097779610678526,-0.003632304707161629,0.004885359470320472,0.005696163825694961
2019-03-13,05031,-0.0008601081516300454,-0.0005778901990291865,0.0008803314367545455,0.014681199350011288,-0.0008577474164421909
2019-03-13,05073,0.0026665657022087036,-0.0005172564386893277,0.0027194135071374652,-0.0007913796543260157,0.0014711353599899434
2019-03-13,06073,-0.0003478055720086791,-3.563652796308945e-06,-0.00011121414202357196,-0.00013769702483801925,-0.00015571557325812923
2019-03-13,08009,-0.04242599372965897,-0.03173890209791622,0.008339340703265141,0.0009868651365090124,-0.029058123288521545
2019-03-13,08017,0.07542471516341376,0.08560625936405142,0.09280815308391599,0.19187735778057347,0.19613385699577446
2019-03-13,08039,0.004620081521031105,0.008465577070343462,-0.006728577770609957,0.003895618051603933,-0.010032776248546177
2019-03-13,08041,-0.017393432085094168,-0.021375323352165167,-0.016407135160223935,-0.012238909593290711,-0.01231648838093636
2019-03-13,08061,-0.005079606555607383,-0.02623600803921714,-0.017930978354028123,-0.0011992633277750527,-0.003973911051578315
2019-03-13,08063,0.19131122643619847,0.03431278861693787,0.17803356587391228,0.18685415955303153,0.3190697397713578
2019-03-13,08073,1.1754820907036851,0.0004221370183208825,-0.009308429902566487,0.012653731518231313,-0.00888906751315531
2019-03-13,08089,0.0015999404557903284,-0.0009099594786947116,-0.0021857821172128742,-0.0051395825159458505,0.0008163137789828005
2019-03-13,08101,1.5441567658671523e-05,-1.8134448787968105e-05,0.00025719886440377267,0.0016736507760320828,0.00116671841017244
2019-03-13,13115,6.45644341473885e-05,0.000532795780908375,0.0002335025154162828,-0.0004198999089089535,-0.0003619325321954504
2019-03-13,13233,-0.000328156001664158,-4.20929786199703e-05,-0.0011837601755299507,-0.000526867905227435,-0.0011752648363489576
2019-03-13,17003,-0.0031177779251583236,-0.0005095674444331698,0.0026444901424986823,-0.0035558866066231903,0.0250570786533246
2019-03-13,17025,-0.00016606132859589562,-0.0011511361333315139,0.0007720658370496012,-0.006118311040451675,-0.00979992928269472
2019-03-13,17047,-0.0003820469154472237,-0.0017081090372518815,-0.0029223285735091586,0.0038587157972136805,-0.0025088752841053905
2019-03-13,17055,-1.1383857254575712e-05,-0.00015872224641735704,0.0004241051698800277,0.0003443556360142443,-0.0019806551204532372
2019-03-13,17059,-0.0036034202955763208,-0.002969250174983182,-0.0022327029370905645,0.000184945909162142,0.0003076563659280638
2019-03-13,17065,0.002986004162227628,-0.0003897493510813515,0.0009845426704295848,-0.0026387681676896513,-0.006659558191827259
2019-03-13,17069,-0.0013308894503001878,-0.00345985716731579,-0.003557957138353794,0.0029693864637858752,-0.0010568362664017533
2019-03-13,17075,-0.0003849382654066997,0.0010278193520360107,-0.0016629892715118496,0.006322626485241719,0.022464988156630922
2019-03-13,17077,6.343282391501476e-06,0.00029794043615351956,0.0010906325364984397,-0.0002379728760619074,-0.002753714360284672
2019-03-13,17081,0.0004506958151893113,0.0002428194978060386,0.00018541872552099194,-0.0021631043770586503,-0.001295665425206329
2019-03-13,17087,-0.0003728133389413711,-0.00020408850293920228,-0.0015500986219082122,0.0007896941468601426,0.0011848625649625681
2019-03-13,17127,-0.0005748191056156315,-0.004228216324600069,-0.0046954809566757336,-0.009522264731360261,0.012680441490066191
2019-03-13,17145,0.0013036993033122384,0.00234845220928577,0.00045901538975237806,-0.0002320680794660017,0.0014597423561582886
2019-03-13,17151,-0.00017388210541689764,0.004631558438915204,-0.0033206592586213363,0.030691191896662626,-0.004380132833378486
2019-03-13,17153,-0.001340320862969764,-0.002112691532519511,-0.0011546730472204256,0.0077386506887648625,0.017816792871011882
2019-03-13,17165,-0.005296467401564035,-0.004515661188410269,-0.0026583627329251226,0.0007657818947958243,-0.001131816690307339
2019-03-13,17179,0.004260659034512315,0.006770182663961211,0.0006798553875487475,0.014473387379850024,0.00929344845046419
2019-03-13,17181,0.005691148427821088,-0.0019085901365740055,-0.00044872726666079013,-0.012808449572714924,-0.0016203804549819421
2019-03-13,17185,-0.002299202231708387,-0.0012091583125878637,-0.00407856670224142,-0.0037321689763321238,-0.0014386364538682911
2019-03-13,17191,0.0018671865801487752,-0.00014382550045781949,0.0006034698955868821,0.0005387520910241804,-0.008476522078098804
2019-03-13,17193,0.0005898963779496849,-0.0008774992317229762,0.0010110439393227998,-0.01430672634222687,-0.0039686651690369655
2019-03-13,17199,-0.0003228952053964699,0.0018201857917872037,-0.0006622363281621052,-0.0032263145970355097,-0.0012132577647052268
2019-03-13,18019,-0.0001341204346397085,0.004839403926387903,-0.0005342237861735316,-0.0034580865671358036,9.15220298693363e-05
2019-03-13,18037,-0.005374231016736642,-0.0017911649390271334,-0.0001913878971354331,0.0016348016604498328,-0.0012503897731467551
2019-03-13,18039,0.0016094179549800112,-7.559345962158785e-05,-0.0008682781419970188,0.003282358875830592,0.0002571740298742435
2019-03-13,18051,0.0006143225655332613,-0.00010520141072629594,-0.001893736902916214,1.0799699725953099e-05,-0.0051856575836541925
2019-03-13,18061,-0.016434473289813806,0.00022591938193722294,0.0037307615783276115,0.0005397486960055271,0.0008418555500925408
2019-03-13,18063,-0.001402143611319631,-0.002427317340196756,-0.0033986688560647127,0.002592044151647338,6.680602988868309e-05
2019-03-13,18071,9.371650585783368e-06,-0.0006667443999443757,-0.0019124349895600894,-0.0009686735363478556,0.0010603632014208105
2019-03-13,18083,-0.003039628288945037,-0.0034266094752964747,-0.003760104347802891,0.0006658957969902018,-0.0024621265663808973
2019-03-13,18089,-0.0008202517597496599,0.0003991916123172838,-0.0006007914261466461,0.003013853592861118,-0.0011648847969414802
2019-03-13,18091,0.000600013181730885,0.0006846662773454652,-0.0014075712767961917,0.0017559715128680382,0.005234390928179855
2019-03-13,18097,0.0009669212922420716,0.0003026276947450269,-0.003134188885254478,-0.0037050563872949942,-0.0038802319638895624
2019-03-13,18121,-0.0002173093069355687,-0.0004038352882951698,0.005962847232605888,-0.0028663038545439427,-0.0012911603216926928
2019-03-13,18125,0.0016733834011901563,-0.003211822878751436,-0.002725425354395461,-0.0067587818463385714,-0.008177248835440198
2019-03-13,18127,0.004316784950165855,-0.0007995244661631548,-0.0011509726584455872,0.01193643465398446,0.00444150669559969
2019-03-13,18129,0.0004282387021985676,0.0004869708003869058,0.0014644924137877761,-0.002436648779453097,-0.0014009653282874603
2019-03-13,18137,-0.019626764669993458,-0.015909585049920967,-0.010737813450462368,0.0024455116987109927,-0.009548349961769547
2019-03-13,18141,-1.742811761062794e-05,-0.00018332467830673815,-0.0006174610750270227,0.002613029592466766,0.009645671386903993
2019-03-13,18143,-0.00028749177504411305,0.001485575165115838,-0.0019093172885038803,0.001123654623522181,0.00021059780713484667
2019-03-13,18147,-0.003386469718401045,-0.0021250717929046786,0.004466750653289112,-0.008401296951972058,-0.006680032199877544
2019-03-13,18155,-0.003020507612895796,-0.0017161698342435814,-0.004552183734296398,-0.00036394447683473115,-0.003233563234693139
2019-03-13,18163,0.006186738773422271,-0.0005918682620099404,-0.0010652345839980426,-0.0016120934210132648,0.001988898263458485
2019-03-13,18173,-0.0008001936532271818,-0.0037357820352553316,-0.001760303988377886,0.0014003634326506913,0.00028917651141678515
2019-03-13,18175,-0.030298666704448425,-0.0073214525977160095,-0.005970695303741081,-0.003133198922877828,-0.016091271545625563
2019-03-13,20007,-0.019125466892596386,-0.003057183302791519,-0.010417560049161511,-0.012848861258512905,-0.0193374129132406
2019-03-13,20039,-0.00977510430902781,-0.0022900999379922016,-0.004145017148975139,-0.017858955219957562,-0.021602110331635616
2019-03-13,20051,0.0023734911671634846,0.003799635807891732,0.002631574557165922,-0.011150873872720186,-0.014510118591719492
2019-03-13,20063,-0.00226977866299536,-0.0011906103217364274,0.0032029087664022585,-0.007363817593387733,-0.0037669426025211186
2019-03-13,20065,-0.04006786223195935,0.0016835533975615782,0.010624688862089008,-0.0256962918742924,-0.02785837224718068
2019-03-13,20083,0.0004573930417064911,-0.004412570842796065,-0.0034654744492093976,-0.0034943165939438758,-0.006887868676510262
2019-03-13,20109,-0.016993593580296965,-0.006362915891991068,-0.006669334041984942,0.023940637951481304,-0.006460214199717634
2019-03-13,20129,0.11979022627371516,0.009131815430594756,0.005665094799490386,0.02836275365286389,-0.09327414287248754
2019-03-13,20137,-0.025297338832044013,0.0026132950804148587,-0.00646144918918954,0.003056653539102226,-0.012952041481089496
2019-03-13,20153,0.005090218845943649,-0.005472140063174683,-0.0005563540866530634,-0.01104057369270766,-0.007167650804826877
2019-03-13,20175,-0.015984482626269263,-0.04811745702212317,0.0015310349120511713,-0.016967620244127256,-0.0810088496802729
2019-03-13,20179,-0.00956767626795361,-0.027040266683822006,-0.015939337216548645,0.0005982399494265621,-0.004756211268458158
2019-03-13,20181,-0.1621838624669528,-0.012103014338812536,0.008173783976671352,0.08239304437979685,0.17643784131435636
2019-03-13,20193,0.00026235142612619604,-0.007412275343100956,-0.0018339413930431574,-0.030129499793391953,-0.005022590524256481
2019-03-13,20199,-0.28972027449004256,-0.005553994083674983,0.015977718196531245,0.000916628508375858,-0.008025994055048957
2019-03-13,21007,0.00413777319528541,0.0010156298616332826,0.015390485642472473,0.04934238815265546,0.06128525545002905
2019-03-13,21015,0.002350679314748084,0.0024281975203361335,-0.002324136703401046,-0.0016315105222024368,-0.00028007148396819257
2019-03-13,21023,-0.0010544254261601188,-0.000789812482979553,-0.0019454340014887356,0.0041803758430281526,0.02225317412767164
2019-03-13,21033,-0.004304489002372022,-0.0031868023400056216,-0.0045335405315768355,-0.004129524906829456,-0.008704768999741097
2019-03-13,21035,-0.01359774988379928,-0.004048306672408804,-0.00925241273746755,-0.019672902553144495,-0.01477506913874917
2019-03-13,21039,-0.003945813834162926,0.006787645651574192,0.0013476651183395583,0.004744275717406599,-0.0016889111288517222
2019-03-13,21041,0.00022014765348460016,0.005813610596310526,-0.0015935011660893495,-0.002294383297934908,-0.0002817873696641729
2019-03-13,21047,-0.01329025437578013,-0.0019235807018443932,-0.0030515713240994685,-0.010616668141359597,-0.007571318274991462
2019-03-13,21055,-5.0420758087685313e-05,-0.00217457643970987,-0.0036005416898709387,0.00227269279650065,-0.0018750683081208298
2019-03-13,21059,-0.0023558882289376297,-0.005294076302211651,-0.005950720251408739,-0.009523512283844453,-0.004536936781607661
2019-03-13,21061,0.0006390637803521948,0.0011826821695600787,0.0009123012213328868,-0.0003991537715615917,-0.000859666552633892
2019-03-13,21073,0.0004761386996332967,0.0005354709559843179,-0.0033159901729676875,-0.000860303320616462,-0.0007134496168409703
2019-03-13,21075,-0.0001840948827514701,-0.009151634784804945,-0.0038680204563837015,-0.003367090031139941,-0.004525038574331487
2019-03-13,21081,-0.0003479377242766252,0.0002549031888651283,-0.005161079899809599,-0.003266211506814593,-0.0018577278012275144
2019-03-13,21083,-0.0036741298166814637,-0.001898189499528715,-0.0038812674005342055,-0.0030833775688527756,-0.003504107206601041
2019-03-13,21091,0.002620223245004095,0.00131940853004015,0.0007073405509635377,0.00609925157700255,0.0034759252214819902
2019-03-13,21101,0.001675670213431922,-0.00040422441292665284,-0.0010526623783073327,-0.0004719055327988761,-0.0006005741848486151
2019-03-13,21105,0.008786993561514857,-0.0015367549363525558,-0.0017033421784752555,-0.0028355815320350716,0.0004335524407583372
2019-03-13,21107,-0.012545663445525712,-0.002874528741713773,-0.0035101223779160653,-0.017469506457603572,-0.00895851534623236
2019-03-13,21139,-0.000540649646073919,-0.001134092912968187,-0.00327776095940255,-0.00042572427681792334,-0.00456420020041546
2019-03-13,21143,0.0015602638160600452,0.0008637716487367442,0.007531601196148374,0.01633792575154283,0.010889315333659541
2019-03-13,21145,0.0013429270112123338,0.000877487131771975,0.0016247074816302352,0.0006569421528934243,-0.0024563336573633944
2019-03-13,21147,-0.005448695775192456,-0.001822443762234588,-0.0005759042096137321,0.007771337530564347,0.0010657566263778304
2019-03-13,21149,-0.010681961155524545,-0.0026098768315122017,-0.002773563689786507,-0.000489580378920185,0.0015745895422341599
2019-03-13,21157,-0.005271666497981823,-0.0019358358501049121,-0.0009320245779807779,-0.01065112962500007,-0.007054657788984223
2019-03-13,21177,-0.012176631130700173,-0.00878361060108776,-0.003092139215973547,-0.000435929857068933,-0.0040096057592217595
2019-03-13,21187,0.002854316760439732,-0.0008767427962715355,-0.002884943421119338,0.002786809454936608,-0.00012647172633668087
2019-03-13,21191,0.0019344541650288555,-0.0008655439433499293,-0.0017700083742311148,-0.000718531402295346,0.0010043710413773386
2019-03-13,21203,-0.014738962393362422,-0.0025965264161293025,-0.009226177209622603,0.007945181656517196,-0.001082542775525476
2019-03-13,21211,0.0012543001175093276,0.0015562130712742247,0.0011539480606085296,-0.0005989555309023793,3.965838363741538e-05
2019-03-13,21219,-0.0020745846389861678,-0.001957213972691791,-0.0033187893753318333,-0.006328177747796253,0.0007402003767900903
2019-03-13,21221,-0.0012828879568299832,-0.0040199093397641755,-0.00325885409266268,0.0004557168756280476,-0.00019583776765538102
2019-03-13,21223,-0.0003439345901129348,0.0013836763396327199,-0.0004197597481948464,-0.0007643713377315209,-0.00042969864013738045
2019-03-13,21225,0.004077864293064094,0.0007091679148547268,0.00138755241803383,-0.00325079617792233,-0.002616002393910289
2019-03-13,21227,-0.0013389218631158929,-0.0014601360109073517,-0.00021042545456385767,0.0017414161841393695,-0.0004617967729753053
2019-03-13,21229,0.0026276439956779626,-0.004114246324390359,-0.006054992846002968,0.0035121025891547454,-0.0017225088705306868
2019-03-13,21233,-0.001976990425770167,-0.0023234020150553134,-0.0030017256466696876,-0.004504925034459928,-0.005415519265903906
2019-03-13,22017,0.0016967311456478522,-0.00015646734669280855,0.002515714077288415,-0.0001266032376173766,0.0028431374842511387
2019-03-13,22027,0.0007436252367251472,0.0006847134638471638,0.0032102901920186863,-0.0004412894823449618,0.000668290412600009
2019-03-13,22111,0.0006015753407153102,-0.0007967717587136058,0.002436907448047597,-0.04086124369494104,-0.0030738428694696606
2019-03-13,24025,-0.0002093611955804372,7.29810623126706e-05,-7.007476823970779e-05,-0.000278362455296845,0.0001866723597733724
2019-03-13,26027,-0.0011610676075904866,-0.0005563662963208663,-0.00551249442268735,0.007322205134221299,0.005928382116709784
2019-03-13,26049,-0.000568412445711023,0.0003733204372903942,-0.00040311443293182655,-5.699465423374269e-05,0.006532956657339272
2019-03-13,26093,-0.0015298106320842325,0.001640313497230374,0.0014515803359189073,-0.004060399503399849,0.005020493963887645
2019-03-13,26099,-0.0008913208906033022,0.0007235445511553718,-0.0017004816094061351,0.004081259625373928,0.006312573608839695
2019-03-13,26155,-0.0022329625634525674,-0.0017373237477552594,-0.017937661470913246,0.019128155589338114,0.010954542715345267
2019-03-13,26157,0.000741315456473901,0.002072714581664514,0.000321321885164357,0.0016442032606277916,0.005073999086015437
2019-03-13,26159,-0.0010309510737105956,-0.001184345161582217,-0.0023102074908586566,0.0003148612649937182,0.0044314275339156625
2019-03-13,28011,-0.009509655048838519,-0.001754239931649324,-0.003122214228694847,0.0051136936899971955,-0.006436326473494613
2019-03-13,28019,0.0017425479006163407,0.00041496056058341977,-0.00016330973644498956,-0.000760741263035586,-0.00047754874627508465
2019-03-13,28025,-0.00011248074927064392,-4.844441902678964e-05,-5.635839219292728e-06,8.403284907568297e-05,0.00016721309201011387
2019-03-13,28061,0.000643307769970142,6.11929785032378e-05,0.0005235917067650926,0.00035098245499878096,0.00048572142571133895
2019-03-13,28075,0.0003234419878498653,3.9199928216349014e-05,0.0004294287774013165,-0.0008135683165074138,0.000177699953687011
2019-03-13,28087,-0.00026829591003126485,0.00023506459513213324,0.0004656298024562537,-0.0005225892225385499,7.902065281310339e-05
2019-03-13,28099,-4.222489777103329e-05,-0.0001360995433429327,0.0002444993378795041,0.005794817901381803,-0.00020649940505823106
2019-03-13,28105,-9.95529362147939e-05,-6.188287432605897e-05,-3.271529151300354e-05,0.00012427410371329702,-1.289779852006452e-06
2019-03-13,28107,0.0031730868702526008,0.0020883560167845516,-0.0013375274944075048,-0.0036754666873374266,0.010143423218691631
2019-03-13,29017,0.002938948203618112,4.906404258823386e-05,-0.00030321778200323446,-0.009976069555768104,-0.01660506128440722
2019-03-13,29031,0.0008907861219384066,-0.0004891175047394229,0.0011847696801660958,0.001681144724688805,-0.0021597991937372754
2019-03-13,29133,0.0032898823299542905,-0.004538270574028246,-0.0015555605907237834,-0.010395722822852227,0.042293676610305295
2019-03-13,29143,0.00156623475844489,-0.0023942170088064457,-0.003418662379453756,0.00602676411139096,0.021959616146781623
2019-03-13,29157,0.0008421027173159468,-0.0002145348904662274,-0.00032097224567561146,-0.02360125063530441,-0.01584427128292343
2019-03-13,29189,0.002830860439578178,0.0073935587484727896,-0.0002572746103624905,0.004847464212308041,0.0023822012443535188
2019-03-13,29207,0.0007418584075504619,-0.0006560660941478721,0.0009660881155782036,0.001124237419834354,0.0025358211078924083
2019-03-13,29510,-0.0003358324301553422,0.002601387504537545,-0.0006019081058332588,0.005977051471816731,0.001927982332712554
2019-03-13,32007,-7.442393301264465e-07,4.873206535128482e-06,2.9003568914800845e-06,4.893973893015893e-05,2.121087571168777e-05
2019-03-13,32023,-1.304899101132496e-05,3.202040617724614e-06,-1.1169578800024876e-05,1.0382607983478954e-05,-5.403192069226312e-06
2019-03-13,34013,-0.00010472226362662353,3.7780940199004704e-06,-6.836023655772106e-05,-4.9441363718732165e-05,-6.67793744111947e-05
2019-03-13,34027,-0.00018648443097555974,2.632853423307634e-06,-0.00012028033095473227,-9.438541223930801e-05,7.256120545916693e-05
2019-03-13,34031,1.5639176117850247e-05,-1.3758831672746078e-05,-0.00017236526540963162,1.7537556671702202e-05,0.0001878980548502085
2019-03-13,34035,-0.00022477064864659076,8.20424367710032e-06,2.0694748055345832e-05,0.00012547529137645378,7.204692288518958e-06
2019-03-13,35015,0.010245804594448358,0.00022156010957048982,-0.005144180922588875,-0.0062571725034414535,-0.0039853965547331175
2019-03-13,35025,-0.00029452051292325546,0.0031409457213669584,-0.025838930046149754,-0.009365690361684251,-0.01561167582914853
2019-03-13,35037,0.16723789886592827,0.04117000878562487,-0.015639565339494114,-0.001775613384662103,-0.03741789403659246
2019-03-13,35051,-0.026406577187771448,-2.695803322097165e-05,0.013342189231888799,0.00714650869373622,-0.024551890407512118
2019-03-13,36087,7.170618074197905e-05,-2.3689883505131383e-05,-0.0002929251038392448,0.00013006469427872267,0.00015707971613797235
2019-03-13,39011,-0.015833358284996255,0.00037128274059895165,-0.012062943500847223,-0.0015798882002925046,-0.008240687261709519
2019-03-13,39015,0.0027483885714024558,0.001557916473473941,0.0006207432685955165,0.0010133040993819224,0.004066807620562843
2019-03-13,39025,0.0002212185585634221,0.0021311576880080436,1.004169544296116e-05,0.0004629641594788396,0.0017253998292352554
2019-03-13,39027,0.02148395855588614,-0.004344744070846396,0.026772496219579667,-0.004671252310121332,0.023465059032214297
2019-03-13,39029,-0.0004322736177795523,-0.0001252082957473135,-0.0020503137786395493,-0.0016238402384719042,-0.00243986780973818
2019-03-13,39031,0.0012103761222365516,-0.0005818907059185318,-0.0024151741493150126,0.0023880882638050837,-0.00121693170680755
2019-03-13,39045,0.0010721309034558944,0.0004023168135097238,-0.00017524097991639988,0.00402400067264456,0.005247472131543872
2019-03-13,39047,0.0077535078017040016,0.0077095310824115415,-0.0026545847229375863,-0.0152809044929684,-0.01580796824148585
2019-03-13,39049,-0.0009080342649148501,-0.0002889222755033897,-0.0008659153999434012,0.00021700424117615654,-0.0008984693435218852
2019-03-13,39059,-0.00427303977233574,-0.0011518077592386775,-0.0037142526612718232,-0.0004622756826580827,-0.004300418893792219
2019-03-13,39061,0.0014408824148094631,5.897342387562203e-05,4.305815452669039e-05,0.002303967899828613,-6.280552862863363e-05
2019-03-13,39071,0.0004108217218109292,0.0013424905281058386,0.0014410219456279447,0.009438032508521446,0.0019244985629827543
2019-03-13,39075,0.0019530862526359514,0.0017581334590590545,0.0031545624679166612,-0.0026735345007704303,0.022330854285656246
2019-03-13,39087,0.00010729153492078966,-0.00017851246418533885,-0.00026779464206050054,0.000228373370284913,0.00026580812975917175
2019-03-13,39089,0.000858252673516538,0.0014958155575229195,-4.795353403441315e-05,-0.0016233930970982553,0.0037667150699251155
2019-03-13,39097,0.0014101563987790819,-0.002479329811918389,-0.0034858351307143418,0.0011366160758238264,-0.000894183374408497
2019-03-13,39119,-0.0004699492632459388,-0.004972908976864276,-0.0030345075686004502,0.006983542839007391,-0.000960462321474741
2019-03-13,39127,0.0015254389777757263,-0.00435558718796707,-0.0012558915328142496,-0.0011415040552702274,-0.0011177350436895987
2019-03-13,39129,0.0015985213045833337,0.0015558104887796109,-0.0003669374676259791,-0.0005424720666360769,-0.0016299875884111924
2019-03-13,39131,0.0013173497409708218,-0.0005609094065913145,-0.00033768536564106333,-0.0009447946126818624,0.0038331193806664943
2019-03-13,39151,0.003104372109641467,0.0016018761866815577,-0.0010929174866452325,0.001069815493944715,0.00046904551321903885
2019-03-13,39157,0.009954780336135848,0.0009245762379289932,-0.005346355842906677,-0.004856932229092103,-4.0231566274409256e-05
2019-03-13,40007,-0.003841257458829959,-0.016460646531919344,0.007124783288652216,0.004095286512372388,-0.065408314764001
2019-03-13,40009,0.00508981825121349,0.0007209279424365278,-0.021023855672958638,0.019647406765174055,-0.027144810455557476
2019-03-13,40011,-0.0013138722543871093,-0.014037149692035901,-0.020454463897834278,-0.016101463865944243,-0.01774759919275122
2019-03-13,40013,-0.0003212196786826053,-0.001005847663706894,-0.0007834622185576812,0.0005107477769513025,-0.0007532597380864642
2019-03-13,40019,0.0006511393244236347,1.8445915399997737e-05,-0.0014723004284767516,-0.0009081296047657359,0.0009259838974478273
2019-03-13,40025,0.14583872901267161,-0.021818891104474034,-0.0044789769462023525,0.010588645976971872,-0.2643494781188043
2019-03-13,40027,0.0010684414316625371,-0.002372036207173663,-0.0013380919196157859,0.000887032889821277,-0.003637828660972756
2019-03-13,40031,-0.00863954471201407,-0.0006296221014281591,-0.004207567815446533,-0.002484976004211866,-0.007581364397210834
2019-03-13,40039,-0.009504754788867574,-0.010046484522239493,-0.00397862999717967,0.0017816496820898479,-0.02436091205458225
2019-03-13,40043,0.010361922645968646,-0.004957451211244274,-0.036089920839187634,-0.01623847032979795,-0.017712996470489226
2019-03-13,40045,0.005402348906012242,0.03520497099463321,0.01329995834140503,0.016774552120406967,-0.009513435489154128
2019-03-13,40047,-0.015692014790724483,-0.007299364486593984,-0.006016732338531827,-0.0015273528302549352,-0.012236498677677768
2019-03-13,40055,-0.0151769503280573,-0.014795054874192089,-0.0013032950388165501,0.012207612752206571,-0.008191965675090049
2019-03-13,40057,-0.004393850943742405,-0.003393903860483218,0.00611962705481248,0.006615731064226188,-0.05141533852564393
2019-03-13,40059,-0.002905250564065511,-0.012611569111690313,-0.0003437929857771638,-0.004177321947869926,-0.02261766859459399
2019-03-13,40065,-0.0016027644102829999,-0.0033373410621424923,-0.006471086251119878,-0.003720499694875588,-0.014608587206511411
2019-03-13,40075,-0.012158557315554194,-0.0018610795395384537,-0.009036255919122278,-0.0028813695234136336,-0.023602335823810834
2019-03-13,40083,0.0029558299872973794,-0.0020623962094416535,-0.004541253597051428,-0.006979418180981521,-0.0007270188922474086
2019-03-13,40085,-0.0002569988672127309,-0.00011086007742399252,-0.0014186700322976194,-0.0014816549163485545,-0.0013316518393795766
2019-03-13,40103,0.007782120926744435,0.002949652682198489,0.0033888009273927155,0.009321115206502598,-0.005341270552583863
2019-03-13,40109,-0.0011386833406934515,-0.003968133606855597,-0.0037918915326924886,0.002883157163807432,-0.0006369465834242283
2019-03-13,40123,0.0014232791645382979,0.00036943138200531793,-0.0024676379161412505,-0.0019861438816375842,0.00685830544453793
2019-03-13,40129,-0.0019762791290814617,-0.014726091403096098,0.01844063139580808,0.031960480520163016,0.014013072257671105
2019-03-13,40139,0.03949516729000965,-0.07093345479801041,-0.03067183313827622,0.03402035009477909,-0.08955957434508285
2019-03-13,40149,-0.013678858465833638,0.004065391152373796,-0.027750360307152666,0.0018293328551643208,-0.030983776687206935
2019-03-13,40151,-0.01115790735149037,-0.005730997878610269,-0.0048548883149961706,0.0024740317012314824,-0.018656852883135833
2019-03-13,40153,-0.03784092178787066,0.0014278803170035027,-0.015233736780342108,0.0023867412536734203,-0.0186568562685814
2019-03-13,42073,-0.000997270194603797,-0.00010242293225883926,-0.0003944123236852305,-0.000929414573719894,-0.0009343993919411367
2019-03-13,42091,-7.736816178973059e-05,-3.061007324340966e-05,-0.00028632745636219967,0.0002478243647926156,2.125105725158923e-05
2019-03-13,47117,-0.0012335613669199792,8.576092018384215e-05,3.466038354837909e-05,-0.0009162787327984498,-0.00014735732225414164
2019-03-13,47157,-0.01204745954177269,-0.00538301581534587,-0.023246184308804888,-0.022547557563188898,-0.015158661779286809
2019-03-13,47161,-0.004149948482919417,-0.007762745597781007,-0.008109760009026183,-0.03925197560729652,-0.0038790935426221322
2019-03-13,47165,0.0055654632412360135,-0.00038078808154932926,-0.000192219983174116,0.0025759474184785473,0.0037802465979055113
2019-03-13,47189,-0.0012415191476476614,-0.0002493859142819031,-0.00023239800652207298,-0.00039072478992030523,-0.00015121669716029393
2019-03-13,48003,0.006882502103213705,0.0008008476275409094,-0.0023576517751346037,0.00259743364733643,0.0006099872675817044
2019-03-13,48011,-0.03031261443049088,-0.03516520349407781,-0.03199152205806827,0.0008963457404737585,-0.024414217361898388
2019-03-13,48017,0.014528590339112215,-0.008403182097416386,0.020909165521954515,-0.0046788488889030234,-0.00010199153610870176
2019-03-13,48045,0.011936546736309245,0.029292155565618254,0.010356920838339646,-0.007727736954212326,-0.05866228014915781
2019-03-13,48049,0.0010647597805231689,0.0017556365793433351,0.0018678286703939194,0.007821977322976452,0.009654539095131948
2019-03-13,48065,-0.019715283648782556,-0.011489062792778684,0.08689142661907899,-0.016673977140174955,0.7016022182747095
2019-03-13,48069,0.03262825127687449,0.0038190944004291016,-0.04386175666898892,0.0039043412745832506,-0.011315150327078194
2019-03-13,48075,0.05355010390763418,-0.0036566387618690455,-0.017356485294218824,0.0008326948557041379,-0.05055871104843256
2019-03-13,48079,0.0015691532761794441,-0.002834596225067529,-0.0021513262566253202,-0.002568476488086009,-0.027504585100312975
2019-03-13,48081,-0.0005252553812215592,-4.601463213727876e-05,-0.0008401754579210911,0.0005678683729967841,-0.002251625324655368
2019-03-13,48085,-0.00031094522341633705,-0.00034304752612215146,-0.001179818916323587,-0.0010321139481279443,-0.00026509722076779646
2019-03-13,48087,0.010711374274657409,-0.00405900417123426,-0.013324076386097084,0.004697828989741144,-0.04124603636872225
2019-03-13,48101,0.018683647294417675,-0.0025278103951938274,-0.016235843081900448,-0.0009590795040609335,-0.050066948388273476
2019-03-13,48103,0.010154434799835549,0.010374722640514311,0.020618751266107987,-0.01531156907122136,-0.002921957121499952
2019-03-13,48107,-0.002031839312180145,-0.0013461594078104343,0.0014901499988349762,0.0016997941792795956,-0.00636587464392158
2019-03-13,48109,-0.008031600220705391,0.012805247262365496,0.012894203734667417,0.01338586283393569,0.02230802065686309
2019-03-13,48111,-0.14870417209825948,-0.08593238381597251,-0.031004297327510314,0.013376657944165683,-0.826856567962186
2019-03-13,48113,-0.0001324181472924994,0.0006521560181238047,-0.00031648868539028237,-0.0010232091569943639,0.001971026187794509
2019-03-13,48115,-0.002779283862463797,-0.01126791300691916,-0.008956199688292244,0.008665556990261294,-0.003080716149474818
2019-03-13,48117,-0.016801752650374945,-0.01853298560537554,0.01773324793375828,-0.00607994170520125,-0.004696988809432322
2019-03-13,48121,0.00029188376601484677,-0.0005847935016689162,-0.0020287492195987665,-0.000236816416751281,-3.786682816007213e-05
2019-03-13,48129,-0.0029268768417464635,-0.008719896073802946,0.006191248580174429,0.010062033786700663,-0.010711787223596735
2019-03-13,48133,-0.006731372736578589,0.0049435424895381,0.0080510224399723,0.014873069209145107,0.02369104417451262
2019-03-13,48135,-0.002051234449718483,0.00218559253038598,0.004605159387459865,0.0010220009648660797,0.0068889006263868425
2019-03-13,48139,-0.0005530846369182646,4.124997474481149e-05,0.0008693466053438441,-0.00039554327921798764,0.0005259813919450344
2019-03-13,48141,-0.0012460863884944167,0.025991067227798904,-0.005631322031116929,-7.647871780396519e-05,-0.013944274935762134
2019-03-13,48147,4.432987178555484e-05,-0.0008186534524829924,-0.0004651887106680852,-8.285940387011488e-05,-0.0005135803322834454
2019-03-13,48153,0.005318279006411013,0.0018190639384539978,0.01595876195670414,-0.025188177698131965,-0.06161820314337273
2019-03-13,48165,-0.002665971367941545,-0.004434685677870243,-0.07857109034825671,0.000175025804864639,-0.010400234403462416
2019-03-13,48169,-0.019938670580771443,-0.016068751915092692,-0.011915813299020419,0.0008232880370267412,-0.00829127262888246
2019-03-13,48173,-8.889827726293008e-05,-0.00039302732941900054,-0.0007136057035712177,-0.0009287838878016021,-0.00030143554962557776
2019-03-13,48179,-0.007083652886499876,0.041115112626829896,0.06558000516635462,0.000665048007517783,0.0604508547304731
2019-03-13,48181,0.000753926821141025,-0.0005712830087081866,-0.0020210886599182467,-0.0023858457999589465,0.0007888702802971267
2019-03-13,48183,6.508930726678683e-05,3.56476691221342e-05,0.0008133891397558977,0.0002136317987729195,5.8652510824888215e-05
2019-03-13,48189,0.005525948205444858,-0.024838423324719038,-0.04384808326643441,-0.004611217052055198,-0.03522927561132449
2019-03-13,48191,0.0501778423909371,-0.001858901043090888,-0.009712261882243362,0.0019833181024771496,-0.02511929036131752
2019-03-13,48195,-0.22183416091429597,-0.1030591758551408,-0.3161318885989496,-0.36171969392633374,0.19276657410974263
2019-03-13,48203,-0.00015350934451770042,0.00023449791183597886,-3.287173194103368e-05,-0.014407204849017807,-0.0012217775009211581
2019-03-13,48205,-0.008756171996669698,-0.008275290754653677,-0.042553951831489696,-0.03920572315755988,0.115108584882161
2019-03-13,48207,-0.003678559554892669,-0.013587416856725962,-0.011694699807240265,0.019664714000978814,-0.0009848947071925199
2019-03-13,48211,-0.0002902511084787035,0.029156084716298408,0.009479999191489216,0.0009264075767241586,-0.02389166387448366
2019-03-13,48217,0.0011183383301120193,-0.0022390720718364803,-0.0034582623336595272,-0.002242750116742627,-0.0033713560986068604
2019-03-13,48219,0.00494607691629834,-0.012684264723416824,-0.01729788541373565,-0.00749322368779676,-0.026700555872525927
2019-03-13,48221,-0.0006435403498414568,-0.0017288206987357726,-0.00303988307730967,0.00042301788095134847,0.001104093530504382
2019-03-13,48227,-0.0025141203759267323,-8.65239136940265e-06,-0.004454814539914328,7.491699237217875e-05,-0.00705348491105
2019-03-13,48229,-0.0014220726129560391,-0.0004286255841254951,-0.0027493972399595824,0.0016492196459579854,-0.015024589571650596
2019-03-13,48233,0.055395281517543804,-0.1994547239807618,-0.8191458657003654,-0.18072354552141134,-0.46328283712767404
2019-03-13,48237,-0.0027732713920831445,-0.00041634425245641593,0.0018916235009664474,-0.004051428931075789,-0.0007585994502010349
2019-03-13,48243,0.003688816428503876,-0.0002911735088639905,-0.0006703371518894707,0.0003049308209015487,-0.0006760558402304335
2019-03-13,48251,-0.001843641341909192,0.0007791905454098743,0.0058455808594524445,0.004808531260871388,-0.002410238426739937
2019-03-13,48253,-0.0013855631436376636,0.0013795028873617998,0.01432813317177875,0.013784798002527104,0.019996934809104583
2019-03-13,48257,-7.618980985729966e-05,-0.0038812864518329624,0.0005134941622275402,0.0007668126608982031,-0.00027345246033191504
2019-03-13,48267,0.00426268093827438,0.006772803668583627,0.013544636571648068,0.014795270330712769,0.01902156047071766
2019-03-13,48279,-0.0010280925117408298,0.0035541212800669873,-0.009789351043261844,-0.00503075893560153,-0.016654499150690987
2019-03-13,48295,-0.006961977254439927,0.09262404201300882,0.05087071864271433,0.018213395108638147,-0.029846388781176417
2019-03-13,48301,-0.03753441879977404,0.01084233607127727,0.0007104223309495339,-0.06470259823616886,0.0375986417624784
2019-03-13,48303,0.00907000157209763,-0.009421689597273806,-0.021280636509320643,-0.024097274713626948,-0.025042210222112855
2019-03-13,48305,0.023939189928646076,0.03607589171619683,0.014266876393027227,-0.009374631691794685,0.03678189574306698
2019-03-13,48317,0.010110946452429062,0.003187739020462814,0.01820334232453998,0.005107342292065619,0.02183477754270069
2019-03-13,48329,-0.001347398116471609,-0.0012570971857312663,-0.0018871369172378354,-0.0006594812961533544,-0.004906865556324183
2019-03-13,48335,-0.0013192791581849517,0.0005939930121769926,0.0002171650567582943,-0.003057801746322206,0.001737542994384866
2019-03-13,48337,-0.0017140590267791939,-0.002442837373044543,-0.004060581071478119,0.0003338214248474851,-0.0014563576968940456
2019-03-13,48341,-0.8957729756000166,-0.15187214973508567,-0.5765383207995751,-0.4643712802136917,-1.0123723943339062
2019-03-13,48345,-0.1390183418354956,-0.025709747363992022,-0.0063650383147139805,-0.014167339509057006,-0.056037493659225134
2019-03-13,48349,-0.00034172095766342274,-0.00023252757125062553,-0.0019944214998719035,-0.01090932692685002,-0.002494879834458418
2019-03-13,48353,0.0003118670487315409,-0.0007025270399187572,-0.003057298752680165,0.005003331870323576,0.0002026604781827485
2019-03-13,48357,-0.01810233059524289,0.02188667473020972,0.2375546899296998,0.0024740131427272924,0.04594067389993619
2019-03-13,48359,-0.1434890133648015,-0.11429381144020806,-0.13683676686878982,0.025326845347234672,-0.16260440477598165
2019-03-13,48363,0.001123147861035359,-0.0004981439464658818,-0.0011249054736790524,0.00026584448379671135,0.000698939381991855
2019-03-13,48367,3.700731463480056e-05,-4.5980671730091625e-05,-0.0015539309380474256,-0.0002554526209773663,-0.0004082680257516681
2019-03-13,48369,-0.00828490724862952,0.0011931125480887372,0.012315978645759701,-0.0035709260684148314,0.0011515071156442992
2019-03-13,48371,0.0006330222721232948,0.0016790161459045334,0.001452734109793817,-0.00014552252386367415,0.002485020067146442
2019-03-13,48375,-0.28024406884826997,-0.22849275975083533,-0.20317378736135494,-0.06834918267371237,-0.21668871781442067
2019-03-13,48377,-0.0018953093730685738,0.0019308509861923617,0.006537318177532989,-0.0015936337335425155,0.005102276679105844
2019-03-13,48381,-0.004917372802739323,-0.016243314612659723,-0.028480739446904255,0.0011088347488903139,0.034241854306449035
2019-03-13,48383,0.0004960972109646195,-0.0018445388681316462,-0.0019491336283869952,-0.0035164876129855083,-0.0010398880172185015
2019-03-13,48389,-0.0018782240997167786,0.0012161497905084674,0.00111739484556188,-0.012619390703478237,0.0019005172346202304
2019-03-13,48393,-0.027096601860290503,-0.07867750590337408,-0.1076566211661909,-0.058038238634208095,-0.13348326337098532
2019-03-13,48399,-0.0003490379980481406,0.0037512630272519693,0.004351946013026672,0.003843327898562121,0.02097651574175456
2019-03-13,48401,-0.0006296281282505145,-0.0006122402006948635,-0.005423904011612274,0.003909815284292351,0.01772528701109606
2019-03-13,48415,-0.006007130334103425,0.005819367795449962,0.0029800888747291837,0.0052214635190314385,0.013872813102804554
2019-03-13,48421,0.25526382289410066,0.1081081282563379,0.5586019271507658,0.036237492094042575,0.8212963938935154
2019-03-13,48423,-0.00012048824405099965,-0.0009576942904512809,-0.0003141111079626108,-0.0003400984822522473,0.0010405623524332528
2019-03-13,48433,-0.008574917023694168,-0.002355596109145137,-0.008120735638121102,-0.0016110511950995186,-0.029827375964572068
2019-03-13,48437,0.0012290901769134444,0.021220529463441294,-0.030247650224560173,-0.05886161984700968,-0.05019512513101501
2019-03-13,48439,7.962929773156619e-05,0.0004541232762113607,3.262426520714854e-05,0.0039351824414677345,0.002769184647910509
2019-03-13,48445,0.009407728399056795,-0.02193545087651338,-0.0971461639929205,-0.005051788172389743,-0.047653006604495146
2019-03-13,48447,-0.00012960123026389825,8.649139874961076e-05,-0.0017989057409433795,0.0025488616942906384,0.01044243431237335
2019-03-13,48451,-0.0006309254062335729,-0.001211161061054576,-0.0014136531419400552,0.005009305470437122,-7.293845640481245e-05
2019-03-13,48459,-0.003162967863926003,-0.0038092586416836258,-0.00653299257411849,0.006056056218620591,0.0030022418951149293
2019-03-13,48467,-0.00012128473188732417,-0.00024667603042970816,-3.098310208308412e-05,-0.006018437237924722,-0.000836117441644094
2019-03-13,48475,-0.002964341489291488,0.0032429610290605343,0.005478136447282345,0.012724513252167752,0.013489635986265583
2019-03-13,48483,-0.01187961679195303,0.0022171282836439474,-0.015348728801967745,0.006844614345839297,-0.010702127889450887
2019-03-13,48495,-0.0004313185681165308,-0.0017249802841924297,-0.0030600628703334517,0.01688481819829972,0.0012836246543810933
2019-03-13,48501,0.0012771229537640264,0.0034442327892768645,-0.004978970292329652,-0.005471650543316112,-0.01654800835256008
2021-03-26,01009,0.0006724100627763195,0.004356070600236227,0.002247770259389146,-0.0010243614364599347,-0.01402445368236744
2021-03-26,01013,0.0001868745088725414,0.0015084663784733186,0.0024760549298908294,-0.00030779665827037825,0.002327282943939482
2021-03-26,01021,0.0012934974393944976,-0.0014500237110963432,-0.006381166795010343,0.008500944235420312,0.006547054637923683
2021-03-26,01023,0.00019830169882443138,0.00012945065165104533,0.0014214101880885694,-0.0003408538495579545,-5.305315495603385e-05
2021-03-26,01025,0.001471291604652847,0.0008507829673746001,0.0007101170620175594,-0.0007596926907524066,-0.0006622041642979054
2021-03-26,01027,0.0003339070248207859,0.0014810967564245735,0.0008070941638796088,0.002364324950310603,0.003519128209175021
2021-03-26,01031,-5.519038698935017e-05,5.297590347620273e-05,0.00010690084520700296,0.0002640874599391322,-0.00011791325559792237
2021-03-26,01035,-8.482070124085162e-05,0.001513517969998141,0.0027239995089550465,-0.00023994733941895975,0.00012689686338003499
2021-03-26,01037,0.0009605049263204032,-0.0039690762663380785,-0.002249982229334757,0.001151299298695646,0.0012903364470723405
2021-03-26,01041,0.0003891001788733225,0.00011083058834277242,0.00140184858358315,-0.0005499759074515753,-0.00023527532605414762
2021-03-26,01043,-0.0007221468914357793,0.00048437143486539797,-0.00019491687900832083,-0.0023698295701151256,-0.008816822474822641
2021-03-26,01045,-0.0005891896385244349,9.546733691423749e-05,0.00017720984195628058,-0.0004315313463534917,-6.00823790477238e-06
2021-03-26,01059,0.001545522627566642,0.0007051030423303297,0.0004309377321228009,-0.0022697212886693863,-0.0035595391268674623
2021-03-26,01069,-9.009724868626857e-05,6.464709158414701e-06,6.446497947761894e-05,-9.685319308749268e-05,-0.000192393630501754
2021-03-26,01071,0.0016213997311244161,0.005020231441442889,0.004809488024197424,-0.009284992915246284,-0.013300317762865978
2021-03-26,01073,0.000999228280698779,-0.00022551650225868976,-0.0020771835678757055,-0.000502374915569597,0.002525780687235615
2021-03-26,01089,0.0014749065554809956,0.0011648759683378562,0.0015548557993233496,-0.0007958807246704336,0.0006840902156975918
2021-03-26,01091,0.0003863431939866756,0.0002613464549416425,0.0005548922180090867,-2.0435161041927477e-05,7.61040455614754e-05
2021-03-26,01093,-6.845591196024499e-05,0.0013355353968437377,3.240648070493074e-05,-0.002943565364677003,-0.0010836175919542394
2021-03-26,01095,0.003832476559498043,0.0034465707959414962,0.004242010893948307,-0.002593560382197862,0.010745876833440287
2021-03-26,01099,0.0011447301157872405,0.0005197680507863572,0.001988675136042163,0.0004229403825977663,0.0020655655004829334
2021-03-26,01103,0.002970688689998708,0.0011559763023115807,0.00686129079974863,-0.0016194211462577683,0.006140896172990314
2021-03-26,01111,-0.005708551248385735,-0.0030610198835975683,-0.015908846638054752,-0.007937127885648439,-0.0030819812497812626
2021-03-26,01123,0.0005751248720086503,0.0008924045364658549,0.0010925471089627628,-0.005043888513525344,-0.0015696929759829727
2021-03-26,01133,-0.0002520700531509299,0.0004727958990695027,1.6453247373364455e-05,-0.0009858181547587799,-0.0077178149074325075
2021-03-26,05001,0.001036688629532538,-0.0029463606553242153,-0.0037254624330166543,-0.005536449877256172,0.00600668111340007
2021-03-26,05013,0.0005160417236107408,0.0022046771484947525,0.0006877960482628248,0.0032845360925137443,-0.0011171629985839444
2021-03-26,05037,0.0005707379437427801,9.295436129493507e-05,6.749116494728265e-05,-0.0006293799776887661,-6.130818483530455e-05
2021-03-26,05039,-0.0005784678278099482,-0.002407955964813503,-0.0008696686866738086,-0.0029452280522219605,0.000730737168059787
2021-03-26,05041,0.00398408815088304,0.000839519147282517,0.009585348899057065,0.009229139197156224,0.0042853434737800235
2021-03-26,05043,-0.000928768714035078,-0.0003702221315044418,9.7513525681213e-05,0.0017918114987603507,0.0007254337727994921
2021-03-26,05069,0.0015132429678709133,-0.0018356666480572117,-0.001861261071115828,0.001870182977031105,0.006191385472680666
2021-03-26,05073,5.8428005861886514e-05,0.0009625255122404229,0.0007677417283383434,0.003246965023147092,-0.0004900093193732009
2021-03-26,05079,-0.0021640493744421938,-0.0025168993976939016,-0.0020197898161392544,0.005242807897569708,-0.00016218280583678996
2021-03-26,05091,-0.006695545763827554,-0.014445801042243411,-0.00635841472052992,-0.0074143388172726865,0.006789968959371173
2021-03-26,05093,0.00019998707400441674,5.401135361629648e-05,0.000325867264493334,-0.0003840309581366829,9.14899497596747e-05
2021-03-26,05103,-0.0018082539257637253,-0.0009898395438072936,-0.002520538533565226,-0.004488281357516537,0.005467871770166784
2021-03-26,05107,-0.00034650851729437805,3.395043475286092e-05,0.00017928178206054034,-0.0005390835765463776,-0.0012065009806920303
2021-03-26,08003,-3.00949800568538e-05,-7.770490263282406e-06,-9.163103294279715e-05,-1.0789437783218972e-05,0.0001151109610783163
2021-03-26,08015,2.4880411097872194e-06,3.049108205111794e-06,3.625992703518011e-05,6.582166559164424e-06,2.172474583063168e-05
2021-03-26,08023,-0.00015835897232103257,-9.234387884663625e-06,-0.00011203657212161694,-6.0500212424281067e-05,-2.8836577449957554e-05
2021-03-26,08041,-4.015871499589221e-05,-1.4888001400997472e-05,-7.899244353681717e-05,-4.434066289940166e-06,8.88068499645452e-07
2021-03-26,08043,-5.296161560567428e-05,4.691064980606602e-07,-1.3490139769939778e-05,1.1305298667318776e-05,7.180972447232053e-05
2021-03-26,08063,-8.677276039860437e-05,-4.524371791481824e-06,-3.633550757439367e-05,-5.8740390143219756e-05,-2.6142361193960315e-05
2021-03-26,08089,-8.25666658812816e-05,-3.753878169038781e-05,-9.678379659194201e-05,-0.00034885705405555224,-7.052094315623673e-05
2021-03-26,08101,-4.9802986238126426e-05,-3.078360961959845e-05,-0.00010419218150525513,-0.00010080948695900555,-3.0681557186510946e-05
2021-03-26,08105,1.0007177677013672e-06,1.406506495177248e-06,1.631160305666011e-06,1.898062160382684e-05,6.36508713134909e-06
2021-03-26,10003,-0.0002655037844768811,-1.4651290401782448e-05,-0.00018656907059088582,4.978762711821481e-05,0.00016599939783217585
2021-03-26,12063,-0.00019160135457690761,1.6546268410703874e-05,-0.00013186071080785114,-0.00011748197670341921,-0.00015374123291028938
2021-03-26,12119,-0.0008020164547130244,-8.149783561872201e-05,-0.0003461200389751942,-0.0004333256648629607,0.00020496806749694492
2021-03-26,13015,-0.006638597415913258,-0.002265915773879107,-0.01027846208378046,-0.0009417404482192811,-0.000494336717800482
2021-03-26,13033,-0.0010345391689487503,2.004998696080373e-05,7.11680511002984e-05,-0.000716152638619857,-0.00015291883126507873
2021-03-26,13077,-9.984022507916746e-06,-0.0010795510837016131,-0.004423207134136735,-0.007952507866134835,0.0072877059682292175
2021-03-26,13091,-0.0005814890037575635,4.5524717805611086e-05,8.061928721038772e-05,-0.0008710525559778587,-0.0009563952704919829
2021-03-26,13099,-0.00011637221041584797,5.041914079228448e-06,1.8647540557894344e-05,-6.764296828423936e-05,-0.0003617197679173171
2021-03-26,13113,0.0006268427690553466,0.0007408177459249231,0.0003973305380333192,0.00997598727311311,-0.0012750549140134813
2021-03-26,13115,0.0007246280859009718,-2.0856912678682282e-06,0.0005886226849670315,0.001997618371878035,-0.00020817814432400744
2021-03-26,13135,0.0004113396826851466,0.00028975821175435926,0.0008112878558743199,0.0012667948109358436,-0.0011058590869766852
2021-03-26,13137,0.0001529084224878728,0.0014736472746194418,0.0006026354487928345,2.458113995362928e-05,-0.00027894538042577525
2021-03-26,13147,-1.747403018011694e-05,0.0018331935419614335,0.001742687835747086,-0.002575837822911959,-0.002770562341623462
2021-03-26,13149,0.0025506421712682137,-0.017649546291154672,-0.008456978188363995,0.010600205691850606,-0.007793770263889832
2021-03-26,13153,-0.0007384294531770436,8.547938764288704e-05,-8.255065744499235e-06,-0.0002795432098708857,-0.0007442989158191853
2021-03-26,13193,-0.00013672424298704516,2.899760086090184e-05,-6.653339776522453e-05,0.00019645777219324178,-0.0003498019281257536
2021-03-26,13205,-0.0007951335851436531,-2.0986777263387298e-05,-0.00019737055638920239,-0.000578724849264583,-0.0003793711117711174
2021-03-26,13223,0.0003110646998523375,0.0007313633923059961,0.0005634278077874832,0.0015990939943943835,-0.0009038924684656478
2021-03-26,13225,-6.776832935933425e-05,7.475477756153405e-05,-0.0001244916440437567,0.00010500020902605954,-0.00026239960570944654
2021-03-26,13255,0.0005062620455411272,0.00018904812145061257,0.0014689503262266077,0.0001038972485198639,-4.345192769974072e-05
2021-03-26,13289,-0.0005179851261738592,1.6608718447036117e-05,-0.00019888953738893278,-0.0005772062836578694,-0.0007896665020709136
2021-03-26,13291,0.0017315824335139083,0.0005296827500133319,0.004133782544262463,-0.0016686022366655985,-0.0023116566058962217
2021-03-26,13303,-0.0002200520464990571,1.3506905952487876e-05,0.00040850167988016033,-0.0008487517343545893,-0.0007875246035751287
2021-03-26,13311,1.2594283713668547e-05,0.0021899669299925185,0.002686500540962123,8.89918191707465e-05,0.0013957400340725147
2021-03-26,13313,0.0002481901835212348,0.005374950066808946,0.0026457000002569108,-0.004659735851412037,-0.0067774101820407264
2021-03-26,16001,-0.00010375712264115578,3.287314034994184e-05,0.000280109467901299,0.00020132347576026766,0.00016147406069324903
2021-03-26,16005,-0.0010152033231510594,0.0001249580240157377,-3.9460564777978025e-05,-0.00031815559124325464,-0.00014035804832147935
2021-03-26,16007,-7.850440149993347e-05,-1.8886372484945372e-06,2.1720238737724904e-05,-0.00014999681852145112,-1.3533202196308308e-05
2021-03-26,16011,6.379231249755389e-06,0.00028438236955093555,0.0003371546943953382,0.00038973394582712123,0.00022538697464851657
2021-03-26,16013,-0.0003535021387503115,6.729436346454898e-05,0.0001658556176641125,-0.00022532563781798258,-0.00017189057876221126
2021-03-26,16017,0.007143699679469623,-0.04355796737533019,0.048812337161602354,0.02598507355012175,0.01791333000201953
2021-03-26,16019,0.0021345337096336375,0.00040920205573576063,0.0013944338993771843,-0.004476814648667088,-0.0004907450194663876
2021-03-26,16021,0.005946897533738712,0.005774292838725532,-0.006305853035812569,-0.007314367459222175,0.0030901834490972635
2021-03-26,16023,-0.003168097595269842,-0.0030589966103118094,0.0027064254338099863,-0.0011898662987175068,0.005836735076979058
2021-03-26,16029,-0.0001942562261022466,-0.0003567045726203897,0.0010306107483674318,-0.0017843565745976064,0.0008329160790622372
2021-03-26,16031,-5.256106230915969e-06,7.921145663996172e-05,-0.00031259539552286667,-9.754496636521433e-06,-7.634022243311922e-05
2021-03-26,16033,-8.071839359476179e-05,-7.547128002184712e-06,-1.3424061910816994e-05,0.00010112391177073827,0.0001951741642397099
2021-03-26,16035,-0.0005502723207294405,0.0010732772460305823,0.009359318659579244,-0.032330195319568836,-0.047028638243335134
2021-03-26,16039,-0.012597196205915012,0.0017168218570969562,0.015739944068406925,0.004552940685945445,0.007964832992906956
2021-03-26,16041,-4.630971015977329e-05,1.5786905653020081e-06,-7.643993930933179e-05,3.276429940530926e-05,0.00019204763848562655
2021-03-26,16043,0.0006175971613827315,0.00022692200206504655,-0.001275604166168187,0.00048259976776134604,0.00028464868505474403
2021-03-26,16047,0.000228814676855019,0.00019186805889531916,0.0015728575762839541,0.0012735777028980077,0.0011512410839966884
2021-03-26,16049,-0.006022888731428699,0.0061649903756580415,0.00041874102926375834,0.001709262745665907,-0.00037796050987695673
2021-03-26,16051,5.1539068626643616e-05,-1.7764295361092763e-05,4.351103512579028e-05,-0.0006839392716675389,-5.7708635229170545e-05
2021-03-26,16053,5.2997319359452695e-05,-2.7481754553503748e-05,-0.00010686406221001004,-1.62267117673691e-05,-9.34916475227284e-06
2021-03-26,16055,0.042073142016465746,-0.010038833185294194,-0.0056877283362540415,-0.00255576732874295,0.038640821124388304
2021-03-26,16059,0.0038585861132518356,0.0007121922362824662,0.004228098989813758,0.006836215359916735,0.006586143567959099
2021-03-26,16061,-0.0013059529850373399,0.00018332609027956918,-0.00015896543005622078,0.00010226001850375751,2.4177874828520697e-05
2021-03-26,16065,-0.004600149810105848,-0.0036932989265610807,-0.006689979455138241,-0.0003114532851984722,-0.011297659482238072
2021-03-26,16067,-3.8326775410511366e-05,-9.713866728131471e-05,-0.0004794531862028237,6.496914585222017e-05,1.8297706752730142e-06
2021-03-26,16069,0.000615873133389788,0.008623418823235727,0.0012846779863096161,-0.0003235060435102153,0.0004242317729758547
2021-03-26,16071,0.00020763169271348077,-1.6691902467371348e-05,-0.0001885411700461291,9.96157789631953e-05,-8.80141478542174e-05
2021-03-26,16073,1.1730823166064986e-05,4.413952069627072e-05,0.00015724447855045422,0.00013732748069398095,0.00010938524035352054
2021-03-26,16077,1.4210244465345172e-06,-0.00010110688992031241,-0.00045734009856226006,0.00010602411246915787,4.491181174786296e-06
2021-03-26,16081,-0.0037043335216974563,-0.0015852870536471175,-0.013428671911433009,-0.0515940140572037,0.009085702648778966
2021-03-26,16083,0.0001053002556553875,0.00010027668489600954,0.00042955504784527275,0.00023250185502240919,0.00024289421976920675
2021-03-26,17003,6.816454233528736e-05,3.9913713860713145e-05,8.309475988361342e-05,-7.675983728871598e-05,-0.0001856653151824019
2021-03-26,17005,0.00022079848236723212,6.643835196399554e-05,0.00019504895038461125,3.441580995926577e-08,-0.00033287193534045504
2021-03-26,17021,0.0011889622953913936,-0.00044785107191724904,-1.6510944903541658e-05,0.0007671085236781033,0.0023262216896668686
2021-03-26,17023,0.000549517276940028,0.0008772633558740436,0.0008481747792036735,0.00024173326033722665,-0.0010176224490478225
2021-03-26,17047,3.6116277252372635e-05,0.00029367930298572335,0.0002178361488394036,-0.001377761428405891,-0.0007120499301265807
2021-03-26,17055,0.0004703496244185491,0.000278859546243221,0.00024095502028288404,-0.0005951082274763203,-0.0005278316061739286
2021-03-26,17059,0.0001878437791934084,0.0003679879572436354,0.0002397463115077779,0.00047127355485825426,-3.309654757932068e-05
2021-03-26,17065,0.0002399869052152661,7.27274603625253e-05,0.0005558952210979915,-0.00010837130472675903,-0.00020368797091991275
2021-03-26,17069,0.0005098663983204278,8.099791542888089e-05,0.00024400990844870895,-0.000129908616839264,-0.0005505028553277778
2021-03-26,17077,2.6014618048636126e-05,0.00016354289449210796,3.876027759707693e-05,-0.00013860955373345401,-0.0006693833399155735
2021-03-26,17087,0.0001437433882877123,9.154586326143066e-05,8.400698379299224e-05,-0.00016841906870645193,-0.0004177954345747135
2021-03-26,17119,4.504085821483263e-05,9.872319340601342e-06,-8.094715785758242e-05,0.0001655991028482809,-3.5468775820350976e-05
2021-03-26,17121,0.0005393783517096947,0.0007702046378579028,0.0011619726071816882,-7.737885874204085e-05,-0.0006414929433530402
2021-03-26,17127,-0.00014498878465630648,0.00012061480751871315,-5.5374932840282845e-05,0.00018626106309430242,0.0008166865130690504
2021-03-26,17151,0.00017543651227021437,4.4319041166608934e-05,0.00042062389085543647,-0.0007217267100057477,0.00030689913779170666
2021-03-26,17153,-4.368860402388197e-05,0.0002284354969155167,2.8041974872500025e-05,-0.0003091108747953987,-0.0005221338451290098
2021-03-26,17165,6.075325777068672e-05,0.00018919489521174873,0.00014808499227212253,0.0005119344453824657,0.00020477259966629883
2021-03-26,17181,8.148732896898268e-05,4.0549768050273033e-05,0.00021774352588030128,-6.85648987959744e-05,-0.00021967423578151887
2021-03-26,17185,0.001265992288636507,0.00018344895950812693,0.0020077675751720217,-0.0007070485489938825,-0.0005359223512839827
2021-03-26,17193,0.00032332494025033576,0.00024919181185983745,0.0007870021604493283,-0.00018082899636653687,-0.00039026426143695913
2021-03-26,17199,0.00021445239055892186,0.0002569630342848753,0.0006732940565939432,-0.00042520468072105975,0.00025667762402826913
2021-03-26,18005,-8.870260987984624e-05,-0.00021510558015845832,-0.00042482368645439176,0.00025005774194607243,0.00036096934195396
2021-03-26,18011,0.0007261046176006854,0.00015288167264551405,0.0014853705613327166,-0.00015264564498163827,-0.0003818186621235202
2021-03-26,18013,-0.002232414458735369,-0.0006112734190620913,-0.0018275514055711524,0.0019470202595375154,0.0025875000740336147
2021-03-26,18029,-0.0002542954651164372,6.956151247253706e-05,-6.893247852938404e-05,-0.00014060610397844666,-0.0008582962398745479
2021-03-26,18031,-0.000900964670056059,-5.1807509723533415e-05,-0.0009521749300175726,0.0001695622114029037,0.0014002893084403712
2021-03-26,18035,0.00020727440746473244,0.00011128558240255194,-0.0001613777000971004,0.0005770375246822208,-9.25527168528859e-05
2021-03-26,18041,0.001305155215401957,4.2303077884859415e-05,0.0021095385004320302,0.0024230605438974023,-0.001566150028852552
2021-03-26,18047,0.00011557522015169172,0.00010829807697833576,0.0001784346299622255,0.0004757815870199411,-0.00027260619163330807
2021-03-26,18051,0.00014577069941663944,9.245340238760305e-05,0.0006922620038700665,-0.0004265351625227435,-0.0001824145673015022
2021-03-26,18057,0.0006670431301269522,8.855866985319578e-05,0.0009671549308420361,-5.30450980745765e-05,-0.0001839743468894919
2021-03-26,18059,0.0010575165980844878,-0.00018868243651272638,0.0009820909751786908,-0.00043242123692059577,-0.00023835853123068318
2021-03-26,18063,0.0002555648594213182,0.0002606215705136982,0.0002508219414844128,0.00038426915539497696,-1.6440493922905883e-05
2021-03-26,18077,0.000201089482839197,2.6624570381862667e-05,0.0010443447959817337,-0.0008785825389132226,-0.00044283895629764565
2021-03-26,18081,-0.00043999503506803473,-7.933220312704653e-05,6.514437368458723e-05,0.0010337561772068588,0.00048715178164459184
2021-03-26,18095,0.0007539169965781476,-0.0002561251086008558,0.0005787926034444718,-0.00030975282586394163,0.0002758491094784659
2021-03-26,18097,0.0009955599978575507,-0.00016824519765191374,0.0009263195890190409,-0.00034533539135084626,-5.131124748327905e-05
2021-03-26,18105,0.000437617508918172,2.0626760940452944e-05,0.0006100806974131862,-0.000266645325688763,-0.0004442083221483826
2021-03-26,18109,-0.001354545661647132,-0.0005410073272475516,-0.0007555900791874561,0.0007296841042206802,0.0016521804458324088
2021-03-26,18119,-0.0015575184095771265,-0.0012751627949936922,-0.00048052803284817473,0.0029445137078731344,0.0009957930199510027
2021-03-26,18125,0.000988219425247695,7.503600390311102e-05,0.0016585937466716697,-0.001152915747850889,-0.0014783266469019615
2021-03-26,18129,6.394127507149475e-05,8.949782798564274e-05,-5.182234796574821e-05,-0.0007683006080292324,-0.0001627455565944673
2021-03-26,18137,-0.00011365187999087768,4.6222749518430454e-05,-0.00030720563434270625,-0.0006725647491135444,-0.0007842119018029417
2021-03-26,18145,0.0014935577268641283,0.00021663702046353234,0.001235063579610192,-0.0011142473405619953,-0.001259644051186006
2021-03-26,18147,0.00026575398534508794,0.00042380187494035716,0.0015182529715386346,-0.000667576186326805,-0.0005227832308834089
2021-03-26,18155,0.0004132303538884226,-4.0619694250882896e-05,0.001027500793692659,-0.001067372990900456,-0.0011574024988467765
2021-03-26,18161,0.0002675893770701372,0.0003457603225172218,0.0003305722893918591,0.0016507385937278316,-0.00037873356159646125
2021-03-26,18163,0.0004690217340539276,4.279808338747285e-05,0.0005011045959277332,6.720455276983529e-06,-0.0005145120896608052
2021-03-26,18173,2.4479259041151804e-05,6.923291172060636e-05,5.7927760607956544e-05,-0.00023881647670079427,-5.792450584854003e-05
2021-03-26,18177,0.001821133708580508,-0.0005115820761403833,0.0016787539099021066,-0.0010831743343263634,-0.0016557726355331576
2021-03-26,20023,4.361189099125017e-05,1.331250917232542e-05,8.46971860125809e-05,6.009336219872866e-05,6.816957620098298e-05
2021-03-26,20039,0.00011650206607634003,3.835277204069826e-05,0.0003139506235236994,3.1723164058284096e-05,0.0004078844867932694
2021-03-26,20055,-0.0004867955998295225,-6.697169789951833e-06,-0.00010059682896084006,-8.856031336222582e-07,-0.000136716131383065
2021-03-26,20061,-0.00021239547181129727,-0.00012395623446246262,-0.0005868110318191156,8.223832530269081e-05,-0.00029886315136659093
2021-03-26,20063,-0.000419888124554334,-1.273488803688529e-05,-0.00011381486225437233,-0.00023106415216007882,-0.0002462165859224233
2021-03-26,20065,0.0001504176767816698,-0.00019299204302508394,-0.000145146211804304,-0.0002789224861024393,-0.00011759029500600815
2021-03-26,20085,-0.00037889783988737997,-0.00020829276633865207,-0.0007655420627339537,0.000438393727400263,-4.3823758663838664e-05
2021-03-26,20089,-0.0008654042797894353,7.557192618618886e-06,-0.0001884829656103358,-0.00022192683786170076,-0.00035254566627791013
2021-03-26,20109,-0.0003118061223534768,-1.2900777537350574e-05,-0.00011225193294876545,4.053609228289707e-05,-0.00013394166838695288
2021-03-26,20123,-0.0004717234999125538,-8.088092816367339e-06,-0.0003025430694204687,-9.704005810628373e-06,-0.00036837709124281563
2021-03-26,20137,-0.00018452031404916596,-2.2717965669891408e-05,-0.00014384195848498598,1.0226095011681933e-05,-0.00020934100004604402
2021-03-26,20141,-0.0002578732052544603,-3.9514638048331714e-05,-0.0004240995084122025,0.00017096780735518006,-7.3276990851753885e-06
2021-03-26,20147,7.953892953752473e-05,0.00020591330848276522,0.0007542362639769574,0.00029415087963331017,0.0003844022647579758
2021-03-26,20153,-0.00010466619462909962,4.441776514729073e-05,0.00010604062557505894,5.352151111031353e-05,0.00015013037026545138
2021-03-26,20163,-0.0007572523983616609,-3.335543625615964e-05,-0.0001225391638872637,-0.00026168779817985845,-0.0003629751452475676
2021-03-26,20171,-0.00013773508557546866,-9.685714452826925e-06,-0.0001330590727390853,-0.00023916777113799312,-1.098989875184073e-05
2021-03-26,20179,-0.0001430977646910733,-0.00016796439702283786,-0.0007011955044110673,0.00014936653886956839,-4.0346365014984895e-05
2021-03-26,20181,-5.979943744997151e-05,-2.306723321269769e-05,-0.00014919185973916036,-0.00019219480254778406,-4.552136443079576e-05
2021-03-26,20183,-0.00044701167801894457,-8.966388164784083e-05,-0.00019643540350450256,-0.0001740870002083255,-0.00017439621863120044
2021-03-26,20193,-0.00015481710969351362,-2.6515673112636477e-05,-0.0003155143485277521,-0.00024817211989375796,-8.63278716011944e-05
2021-03-26,20199,-7.948380909557164e-05,-4.5875784785760374e-06,-8.319156271724241e-05,-0.00012624267721687642,1.0044289481064974e-05
2021-03-26,20203,-0.00010138835982120286,-5.377402253499237e-06,-0.00012579072013706549,-0.0001849062866304604,1.2907296178310688e-05
2021-03-26,21007,0.000564241517545245,0.00020621835310662606,0.00016913989703552464,-0.0004007491358710832,-0.0008057573672651359
2021-03-26,21033,0.0002351844921390548,0.0007450662718930595,0.0005014305478794349,-0.0009104619415424877,0.0003215086175691788
2021-03-26,21035,0.0008868193887877432,0.0002081293423497223,0.0002207931740384392,6.885299311115299e-05,-0.0003228321825575621
2021-03-26,21039,0.00029371142406225265,0.0004895263349932169,0.00016651209035752155,0.00037492126370881397,2.226487290973595e-05
2021-03-26,21047,0.001381826194744716,0.00024136502563852332,0.0008858496059555339,-0.0005782575879837803,-7.58428474592187e-07
2021-03-26,21055,9.484803144499138e-05,0.0003661541379750935,0.00016090600135450152,-0.0011122281871359854,-0.0005860565060432787
2021-03-26,21059,0.00020673607511803387,4.887158527170526e-05,0.000250493770998157,-0.0003969378751140088,-0.0005374720768910468
2021-03-26,21075,0.0001491500722688502,0.0002121956891996614,-1.0598188854881124e-05,6.226285438857057e-05,6.994901257828426e-07
2021-03-26,21083,9.453318720942976e-05,2.093260223292768e-05,9.564405234453797e-05,-0.00046603341779365674,-0.00026725382074143007
2021-03-26,21085,-0.0003133587302834918,0.00027680170141410184,-0.0007789309724311232,-4.337859920011764e-05,-0.0004898490755205053
2021-03-26,21093,0.0006534457260861039,0.00024562044127965333,0.0002589853071077989,-0.0006000768602064145,-0.0005519995325664113
2021-03-26,21101,-8.225830607846638e-05,0.00014929948062996463,-8.212235280589258e-05,-0.0012712095017068162,-0.0007034674171323765
2021-03-26,21105,0.0028761245204580455,0.00017295917105442093,0.0019790472133007775,-0.00042729486294201813,0.0027676315359448367
2021-03-26,21107,0.0006562831409238657,0.00015062044761394089,0.00028888324620556253,-0.00048788815025452965,-0.0003823310758984939
2021-03-26,21123,0.00013761852045295173,0.00013785439665355698,0.0004696065940632564,0.00013097747612980247,-0.00018224397872274804
2021-03-26,21139,0.00012488182388601223,0.0003649233275069654,0.00015746793260545705,-0.0007093381608925009,-0.0006101922076838637
2021-03-26,21143,0.001100676382986061,0.00029396879357479054,0.00046633732235721584,8.683164762644238e-05,-0.0001125151301512486
2021-03-26,21145,0.0002958041081689087,0.00043409340760285466,0.00011840021491785283,0.0005701478398652176,-3.683372665350975e-05
2021-03-26,21149,-0.00012704712488919158,0.00038125605583868834,0.00014993678167272702,-0.001280210927560152,-0.0009406988257936748
2021-03-26,21157,0.00020402892042903744,0.0002643589985751786,0.0003441822334746029,-0.0003209499488452136,-0.0002062625138711862
2021-03-26,21177,0.0001862559078294044,0.000705821770309454,0.00029098978623439797,-0.00011283564948443145,0.00034283097829212913
2021-03-26,21183,0.0001979526379079265,0.0003123915657481779,-5.8599413535565924e-05,-0.00010486293901085242,-0.00021729280128415102
2021-03-26,21209,-4.972688444692492e-05,0.0003225034840184048,6.05894798848441e-05,0.0014426391425419994,0.0012217298770568652
2021-03-26,21219,0.0003683650145588505,0.00022441304469365407,0.000919111238337036,-0.0004186592824874111,-0.00047607492511660913
2021-03-26,21221,-0.0002604309640825038,-0.00022313475926040438,0.0001313965847011267,-5.332993261373403e-05,0.0010130565261266856
2021-03-26,21225,0.00014076635915473586,0.0002977595771157082,4.047986118467463e-05,0.0005398910739890903,-0.0001308338518602294
2021-03-26,21233,0.0006977287384625309,0.00010364661411526601,0.00036348483565490125,-0.0004944717187159551,-0.0007550418266820713
2021-03-26,22017,0.00012111202265210479,0.001310742794874577,0.0011928234918350007,0.005388129675601424,0.003953111311779136
2021-03-26,22031,0.00030609483807010965,0.00012278232484689883,-5.505279668513701e-05,3.505580555085842e-05,-9.532531821102681e-05
2021-03-26,22111,0.0026128316029853495,0.0008053646833274543,0.00216580297788749,0.010785962598186356,0.0038239732869170488
2021-03-26,23007,0.031079246679287492,0.03559075164552483,0.02459941494903317,-0.021093252539323024,0.11772677125362399
2021-03-26,23021,-0.006996715847158386,0.002012605770531195,-0.01095440486042483,0.013308453573970896,0.005722968543976234
2021-03-26,24001,-0.0017981920749548363,0.0006458861452774763,-0.0018384996614988491,0.007964747222458265,-0.0035209929512546373
2021-03-26,24005,-1.3552230441886691e-05,1.2759151970537545e-05,3.259003298850484e-05,0.00013039925740765477,9.55651557892419e-05
2021-03-26,24015,-4.3394955644626405e-05,2.2840508423678583e-05,-0.00017833870626561614,0.0007330644229012937,7.545561186413015e-05
2021-03-26,24021,-4.138642936222484e-05,-9.203122644763756e-06,-5.110173010319948e-05,-8.646311385182364e-05,0.0005339836858040251
2021-03-26,24023,0.010249553617554932,0.0010409726431144933,0.0049185050742115155,0.03427671004144449,0.013803221043242553
2021-03-26,24025,-1.6401664296109095e-05,4.026762192763615e-05,0.00014247466284314546,6.49657756207033e-05,0.00022166190083414345
2021-03-26,24027,-6.618236541098882e-05,-9.630419718169048e-06,-5.513269363187259e-06,6.685867635701861e-05,1.5911090031546716e-05
2021-03-26,24029,0.00011441615563856312,-4.510453142836309e-05,-1.8501659628177795e-06,0.0020284209633310837,0.0029672573790691095
2021-03-26,24031,-2.8961808886836496e-05,2.9738658221333848e-05,0.0002788988011071424,-0.00012859434227572016,0.0003520069704276101
2021-03-26,24035,-0.0004439989463139758,-9.460425495715096e-05,-0.0003736715290783379,-0.005208744850570678,0.00018226244871084873
2021-03-26,24043,-0.00018549446953917807,-1.8281198659423096e-05,-2.334052645271991e-05,0.0004645615587147798,-0.0002869942783546148
2021-03-26,25001,0.00942164474274943,0.004548247113907963,0.013694732724017944,0.06223584556184964,0.017444689914409617
2021-03-26,25003,-0.01114682094327421,-0.0005512769979305844,-0.001490621331801961,0.011734831924415004,-0.01127755139693249
2021-03-26,25005,-0.00033559586856948603,-9.953283870720603e-05,-0.001001429652630266,-0.00333728741418523,-0.0006619846715601961
2021-03-26,25009,-0.002049543105743232,-3.5239035436879186e-05,-0.0016770154624160915,-0.0037019127524049594,-0.006379612658883651
2021-03-26,25011,0.00030172822744289635,-0.0018978631709946799,-0.00583410234920263,0.0012594936728360998,-0.0009722087858107492
2021-03-26,25013,-0.00014597677428426835,-0.0015701567754993154,-0.0018449360434562288,0.0033232613880641994,-0.00015085244270123205
2021-03-26,25015,-0.0006180937133364278,-0.003229469651070127,-0.002152966959942601,0.004705877912054162,4.445606381119093e-06
2021-03-26,25017,-0.0024891090580726406,-0.00021412691354996167,-0.0022171900836196385,0.001222742844889118,-0.00410716858214645
2021-03-26,25021,-0.0003968401112857733,-6.503554138059657e-05,-0.0012132111022277459,-0.0028549272363418855,-0.00034881857612673105
2021-03-26,25025,-0.0007750920049050761,4.175080978031161e-05,-0.000873149473240359,-0.0008315675829848141,-0.002124788607424044
2021-03-26,25027,-0.003530618391247564,-0.000866877656968783,-0.0016320813418124738,0.001770026152633589,-0.0075092456432556375
2021-03-26,26003,0.0033771798997905417,-0.0017975766920888953,-0.003942460417522983,-0.015141117227710735,-0.0006803942841948421
2021-03-26,28011,-0.003070490671341358,-0.002409215819608179,-0.0017702087533583606,-1.695509949050083e-05,0.0011794267696842234
2021-03-26,28013,0.0014149996615686188,0.004411838809513971,0.0019361003021295833,0.001388417665235904,0.00040349195171277257
2021-03-26,28025,0.0005917346915825271,0.0005467911289644034,-6.974862883414319e-05,-0.0018088165177329437,0.00016015890777427684
2021-03-26,28029,-3.265281444345927e-05,0.00020063444028028954,-0.00045109790926935937,-0.00046479282588319723,0.00016386025349927457
2021-03-26,28031,9.683215504246567e-05,0.0005180479587034792,0.0003716466437075704,-0.0011986864028356342,-0.0006037699615625368
2021-03-26,28067,0.0002617537774797493,0.0005891400366592958,0.00036582235827767675,-0.0006496077577160404,-0.0003022283338366428
2021-03-26,28071,0.00410953133305149,0.0011515714643827047,0.005103739776813127,0.00020042159371404678,-0.0005892486448505676
2021-03-26,28087,0.0001680335441760594,0.0009148671633731117,0.0007951672244237498,0.0011369615017897431,-0.003015638365804689
2021-03-26,28095,0.00019670302130432994,0.0032292135493945965,0.002487943933009141,-0.0013958188033050497,-0.002531808807144123
2021-03-26,28107,-0.001356611421021777,-0.002863844489836307,-0.002385950742395124,-0.0007433800744630712,0.006712851200206832
2021-03-26,28115,-0.0020194204418063043,0.00037382472266243687,0.00130123739795099,-0.0038801540331940103,0.0007875290613805416
2021-03-26,28129,0.0001912977488294251,0.00012363447071760863,0.00015829548240629777,-0.0005940645696781384,-0.00029756479979262216
2021-03-26,28137,-0.00047488300566705683,-0.0012843268421656368,-0.0009666841453992983,-0.00026643538883992963,0.0036265579044883487
2021-03-26,28143,0.00039194724422000286,0.00015362627917217282,0.0011578465873332,-0.0007529003073023233,0.00027084746417241345
2021-03-26,28161,-0.00010362123566557725,0.0004873070301041173,9.442505307809095e-05,0.0011395798235805778,-0.0012996040237771857
2021-03-26,29031,-0.0001884575968646232,9.8008678936292e-05,-3.0274330750154914e-05,-7.133631115566696e-06,-0.0004657840030306476
2021-03-26,29099,-0.00018579845817389264,4.296134855839302e-05,6.700991940285971e-05,-0.0002360051489122782,9.811629212337064e-05
2021-03-26,29133,-8.675000193373184e-05,-1.3863927194926332e-05,5.045859835160592e-05,-0.0004731992974348969,0.0001947488769551628
2021-03-26,29143,0.00023594556514473092,0.00012131418126946902,0.00021060018267694998,-5.986293945607277e-05,0.00011761324740253327
2021-03-26,29187,2.7218916115556106e-05,2.0224727643729445e-05,-7.900067626074763e-05,7.617503528060425e-05,-5.162312651494716e-06
2021-03-26,29201,-0.00024209607041854916,6.379943874628804e-05,-9.83251464252966e-05,-0.0002363801135369509,-0.0004155614264031813
2021-03-26,30003,-0.0013049485898371375,-0.0003644891802028875,-0.00218278399496139,0.0006416638079440268,-0.0015167662684328989
2021-03-26,30009,0.006116097500897515,-0.0017765568268250237,0.004188608297653322,0.0017358562453027304,0.00389404921516847
2021-03-26,30011,-0.0042773833731497395,-0.0009008068160763728,-0.006419379738755317,-0.003547943257449171,-0.00952631146534391
2021-03-26,30017,-0.0015137405038488545,-0.0011480804124081889,-0.004675838323125973,0.002223583363849317,-0.004029434435615687
2021-03-26,30019,-0.041102991172016774,-0.0025561044728737324,-0.0037767291704269143,0.03419593565865817,-0.022323433204336073
2021-03-26,30021,-0.004484206303734362,-0.021442746214690563,-0.03179286536968171,0.029552858769413583,-0.0024629571139064286
2021-03-26,30023,-0.02210607529346011,0.0011996343602077002,-0.00264347235524256,-0.010148876511539775,-0.0006573160725886502
2021-03-26,30025,0.007220361850694957,-0.0015591834369691054,-0.0038718131416012203,0.005916483268286893,-0.0034631572773378434
2021-03-26,30029,0.0026414398887331415,-0.007418007709053653,-0.014073195208869346,0.016693937099880856,-0.004576747292116478
2021-03-26,30037,-0.006164566020159077,-0.0002129326333931477,-0.004969586913073769,-0.005729903901100619,-0.003922651477946521
2021-03-26,30039,-0.027422089560867485,0.002895003170189395,0.0314555486151315,0.006045282381471175,-0.010309363121408247
2021-03-26,30047,0.014567177299931962,0.015329383825148098,-0.017516341684077112,0.00935792230377959,-0.0009710163908568023
2021-03-26,30053,-0.005354231508934812,0.012077390973840793,-0.018487674545039308,0.0069320702854322735,0.0009868878571634605
2021-03-26,30055,0.005218510393100284,0.0005129806460309316,-0.012458590610019714,-0.013895547421540163,-0.004943042413280867
2021-03-26,30061,-0.0611784230996996,-0.013413266231627086,0.0021275991311315162,0.032403339579930454,0.023097214320148503
2021-03-26,30063,-0.028580691834283876,0.008494959598193656,-0.020932586712642958,-0.022054649112208526,-0.02145525904266663
2021-03-26,30065,0.002135344483237212,-0.0005680807999667703,-0.0037954590474385827,-0.0037919362680043454,-0.0012656292482778509
2021-03-26,30067,-0.004341295860783834,0.0037716775656555556,-0.0030817854504753095,-0.016041249460006998,-0.0055777681797678225
2021-03-26,30071,-0.0057345407102659006,-0.007464191892955731,-0.01552710628101742,0.04881641563448472,-0.000530657911342697
2021-03-26,30075,0.00011329159068557398,-2.570012239811988e-05,-0.0003122239258431668,0.001231028603378678,-0.00011825789038352741
2021-03-26,30077,0.008394948132830008,0.014294375125848363,-0.0010737130885474983,0.006034632106054113,9.202258998653725e-05
2021-03-26,30079,-5.029892452026313e-05,-0.0021476544367035194,-0.007019534965885657,0.004530061314870104,-0.012481547579720108
2021-03-26,30081,-0.02579833117518356,0.0058565609840368375,-0.006594502283500449,-0.02065741976608921,-0.01143133994808712
2021-03-26,30083,0.0068749466372018874,0.0030094242346492403,-0.02433717687976384,-0.01839383186653865,-0.009912965391614209
2021-03-26,30085,0.019218441486283135,0.006894858176613506,-0.00019705322722287505,0.00768725059438647,-0.010542360059494894
2021-03-26,30087,-0.0013376443206280543,-0.0031296310400831875,-0.008024742858961272,0.002941956847195292,-0.00016321137812234585
2021-03-26,30089,-0.03812835301229432,0.08223998247638356,-0.004718795555580666,0.021638845617505013,0.003856912498013465
2021-03-26,30091,0.018027250346437533,0.006718551945390125,0.015049149308517386,0.01837825894220644,-0.01110344987045052
2021-03-26,30093,-0.00026729439566649735,0.0013106791845847458,-0.00016785618694559667,0.003991161815927262,0.00014809332120340553
2021-03-26,30095,0.002845574546500168,-0.0014619924774244702,0.0013137370427447198,-0.002700189264841349,0.001252714547997788
2021-03-26,30097,-0.0006663078451773314,0.005146706511541089,-0.0003197907026926544,0.09317781216860062,-0.004161842897969825
2021-03-26,30103,0.00301046795134481,0.0006826858229781337,-0.003752680145978412,-0.00407347445976791,-0.0010317284541361774
2021-03-26,30105,-0.014705471489986553,-0.0029054950729306265,-0.00688840571567408,0.016927077425373322,-0.020685750562182185
2021-03-26,30107,-0.0025895546664683484,-0.0006085765250252537,-0.003861738430084404,0.00010608393955726953,-0.0040832654464425565
2021-03-26,30109,-0.007381559402772875,-0.024342376982345905,-0.03331346510661806,0.04612417950542931,-0.002206560776129096
2021-03-26,30111,-0.0010248625921071646,-0.009225105526784422,-0.012511036070376503,0.004992815058053755,-0.00033723659314362025
2021-03-26,32007,-5.3473876038945495e-05,-5.89270293772496e-06,-3.488297852341375e-05,3.093248161681094e-05,6.3309399377983e-05
2021-03-26,32013,-4.2441567242904824e-07,4.1477111768993525e-06,-2.0223480557630242e-05,-9.477048251396887e-06,1.2643499036021607e-05
2021-03-26,32023,-1.0182903508953487e-05,-3.1705363153692025e-07,-7.85143224140272e-06,1.381513704310956e-05,-3.308106841356862e-06
2021-03-26,33003,0.0069970510235086505,0.011002608213319396,0.029368777506274514,-0.00886464913871722,0.054064430789028436
2021-03-26,34005,-7.483657319248425e-05,-0.0001607225281966782,-0.00011336523260821441,0.0038911860801300593,0.004130728540207912
2021-03-26,34007,-0.0001530655342739175,-3.381963237520608e-05,-0.0008667922993456027,-0.0012832523107134675,-0.0001700550302447621
2021-03-26,34013,0.00012227683527104904,9.497312588942978e-06,1.122241600898927e-05,0.00021251925706843928,-0.00012394334186055885
2021-03-26,34015,-7.885930237961931e-05,3.2313919273728496e-06,-0.00022752577258934158,-0.0013916795482934157,0.0001343204135764828
2021-03-26,34017,-7.622050316042343e-05,2.9166911289397037e-05,2.837154503639223e-05,0.00015767119582428915,-0.00048221337979722026
2021-03-26,34019,0.0024702247636075557,0.0007100126525530371,0.0003838255644744819,-0.0017571931607365653,0.0018063028751172487
2021-03-26,34021,6.307846993771954e-05,7.929872490410576e-05,7.874277793640515e-05,-0.00030019087453373675,-4.811249650887639e-05
2021-03-26,34023,0.00018908781894570444,-1.4742146450637738e-06,-6.392132045053556e-05,0.00036700011338915085,-0.0002573157923468466
2021-03-26,34025,-0.0001768507423330287,3.52815870226968e-05,-4.002518855415098e-05,-0.0005875046675683606,0.00012119697037521644
2021-03-26,34029,0.000976264092686004,-0.00019690481859184646,-0.0006675032633107397,0.0022389029332492046,-0.0004874869212765731
2021-03-26,34033,8.791793313698854e-05,2.1933795386448133e-05,-9.403406164920115e-05,-0.0013803370559364227,-1.424055400110584e-05
2021-03-26,34035,-0.00044693813031730645,6.36817060900302e-05,0.00023501434818923273,-0.00021405529611501456,-0.000265040460778008
2021-03-26,34041,0.0010513743061774795,0.0003238624478802542,-8.210703759027084e-05,0.0010721831444185125,0.012424141077839736
2021-03-26,36001,0.0005004816293780016,0.0009383199997862637,0.0010947053067344088,0.004884975479879605,0.002542065941219888
2021-03-26,36009,-0.029721481946746956,0.0026758462827271845,0.02798466510087256,0.034153880075541695,-0.0209182771665183
2021-03-26,36013,0.006656671153093412,0.00316839248976595,-0.009110705282598401,0.013421798074404098,-0.002448143227481171
2021-03-26,36027,3.354270360527605e-05,0.00015086300147757197,0.00021120846131463,-0.00011800457454645881,-0.00019337173282001248
2021-03-26,36029,-0.005555912631637294,0.0015488701020500602,0.0027911811826236872,-0.004491410228191954,0.0003440352899504312
2021-03-26,36031,0.01240456854407084,0.010582925595500574,-0.0007200606402394064,0.004628078344413939,-0.0037582983544643027
2021-03-26,36037,-0.0024344357601667095,0.0014996127132642922,0.0010072346152861372,-0.01177201776047633,0.009108266337126227
2021-03-26,36041,-0.0005464411024955762,0.016687361142776802,-0.0007370221372567931,0.24630268259067517,0.3906150965609338
2021-03-26,36043,0.002917962780177589,-6.484281456729281e-05,-0.0042469624978681425,-0.0314089364317574,-0.007151576281351367
2021-03-26,36049,0.013872745186630196,0.0007738502033850948,0.008728141521707795,0.062482922759317217,-0.008565604774671163
2021-03-26,36055,-0.0005999928361396871,-0.0006541926173205092,-8.502257015553056e-05,0.024302874906844962,-0.0022244965188075215
2021-03-26,36057,0.0008917999203802438,0.0036669397402046694,0.002971628400712748,0.019024487050129876,0.00879632354800262
2021-03-26,36059,-0.00015504961831747116,-2.2160351018833647e-05,-0.0004189559439475398,-0.0009083470285851806,-0.00016092553696806408
2021-03-26,36063,-0.0012881733632336472,-5.0992569450346824e-05,-0.0007334169189294202,-0.0053675837743110645,-0.0016799242606782812
2021-03-26,36071,-0.00045477806013035087,9.912998249901232e-05,-0.00037617935497731895,-3.4548523341879946e-05,-0.0007568827233497479
2021-03-26,36073,-0.0015513964632556908,0.00032675539805945494,-0.003865738958160121,-0.0030712968069508614,-0.0013082784881004832
2021-03-26,36083,0.00455119243896612,-0.0003700376749515102,0.0007088113951180769,0.005664368440392609,0.00279501196926715
2021-03-26,36085,8.284402775741295e-05,8.837174716848917e-05,-5.2534855636522486e-05,0.0012474810896351924,0.0007465864947056363
2021-03-26,36089,0.007858800924122732,0.001384823980936126,0.0033343035733818874,0.013283583591578904,8.684928979048843e-05
2021-03-26,36095,-0.025102519170113496,0.031460806713743544,-0.026866043002952242,0.024085730029045183,-0.0128649256764778
2021-03-26,36101,0.0030664113609543218,0.004099183227467814,0.01163249472220724,0.01750034076028226,-0.00017012004601236683
2021-03-26,36103,0.0013233793378234237,-0.00047385355498619534,-0.0008269982208832626,0.004005480607341782,-0.002858632412732284
2021-03-26,36111,-0.000721379360226114,1.7898312474969643e-05,0.0011448248251018818,-0.0016743630738408977,0.0007226055890486253
2021-03-26,36121,0.009061624114287143,-6.53351790785182e-05,0.007858542535135288,0.01817129833179397,-0.00406880282770944
2021-03-26,37015,0.0019308645209965536,-2.146921393745844e-05,-0.0027322919133412013,0.003619956160050968,-0.0018206200248369964
2021-03-26,37023,0.0003326281637606435,0.0007790961739644285,0.0015596370677695183,-0.0005328453744791727,-0.0005923807275202996
2021-03-26,37049,-0.00018330298083038023,3.3728271382443657e-06,0.00016978385131821477,-0.0002869761001217507,0.00018806871885586177
2021-03-26,37053,-0.0007105951347366943,-4.6390791295721216e-05,-2.4817221971922942e-05,-0.0007047420596951857,-0.0011147487770630344
2021-03-26,37059,1.1228791167346272e-05,0.000171234861235639,0.0002694901916519371,3.930322203463078e-05,-3.9385464250960256e-05
2021-03-26,37081,-0.00016188137995024526,3.9519922584141555e-05,0.0005397419182030864,-0.00011311656079737888,-2.8600413848293136e-05
2021-03-26,37107,-0.002209646910386681,-8.703143008987398e-05,-0.0006071729653454819,0.0010759248425343396,-0.0018564696219681822
2021-03-26,37115,6.391602859442264e-05,0.0008215122606866632,0.0005318410057253836,-0.0008228234978651036,-0.0006260086099681324
2021-03-26,37127,0.0012082335926350747,7.852189712100478e-05,0.0003343858137100015,-0.00044841327432852923,0.0001808581536625368
2021-03-26,37135,0.000766724686378229,-0.00010708675494118807,-0.0003772044725463214,0.0005488896996491551,-0.00014620401433827702
2021-03-26,37151,-0.00026118796627322134,-6.017271277650605e-06,-9.460944464975273e-05,0.0001654533236153038,-8.067080752778382e-05
2021-03-26,37183,0.00015557009807809713,7.028565255893637e-05,0.00012157834903115853,0.0006592040238426438,0.000660897544327404
2021-03-26,39003,-0.0011994535713124692,0.00035962020020039766,-0.003106042657023956,0.013061450566483385,0.0058002376289233055
2021-03-26,39011,-0.0004761204410571006,0.00027364549045650385,-0.000433607490862695,0.017576940539384345,0.009407437828024145
2021-03-26,39017,-0.00032231293374577314,8.203819995964172e-06,-0.0003032062609023117,-0.00023044811764054288,0.0002600205623702514
2021-03-26,39019,0.0007048842475190081,0.005459847391503483,0.0032658849963808252,0.007417982690455422,0.003562469926799778
2021-03-26,39021,0.004146405901049026,0.004622521854434285,0.0033488447343228214,-0.015338916147187964,-0.005794558713362007
2021-03-26,39023,-0.00027542161410433637,-0.00019461275150310317,-0.0007598342276507477,0.0034565824502347437,0.0004910567499333405
2021-03-26,39025,-0.0005783737581274021,0.0003746917127602158,0.0003611107842233568,-0.00027561418128818865,-0.00036730290151167923
2021-03-26,39027,0.002246545900253284,0.001770563453001972,-0.00182085136933801,0.0061663271949113085,0.012372791239263388
2021-03-26,39029,-0.004352600863053906,0.0003200517541498719,0.002322296793372326,-9.595904108308188e-05,-0.002801073425207016
2021-03-26,39031,-0.00012356726015745785,0.0008064993889956565,0.0015266438036559572,0.0010727269581725565,0.0012053852859113439
2021-03-26,39033,-0.006557018775463573,-0.0026296977781997063,-0.006418682008690179,0.06410180931040894,0.02397785794502031
2021-03-26,39035,-0.010571896403140605,0.0024016788624804004,-0.012621104405033999,0.020518788598724566,-0.01556293519895001
2021-03-26,39037,-0.0023753697096254595,0.0018804669172949352,-0.0015239107887064472,-0.0006101507522339004,0.006794206277392925
2021-03-26,39045,0.0017885809628884353,-0.00019443321408063033,3.056051670053111e-05,0.0070318793648914595,0.005109709626819965
2021-03-26,39047,-0.0007191019451379039,-0.001717457105419002,-0.0013279343092313075,0.006815034290561142,0.000911471837117434
2021-03-26,39049,-0.002141248004636799,-0.00032932123960451075,-0.0010923323304706848,0.006112822844855027,-0.0024395362233054765
2021-03-26,39055,-0.012325363342426905,-0.00433791234243798,0.004470285952393106,-0.013287870453510202,0.024509468287370217
2021-03-26,39057,0.00041386606740000196,0.00037444580940775365,8.074912668129802e-05,-0.0009764697497921578,0.0004039330187660369
2021-03-26,39061,-0.0001562297234358372,-0.00020812597243593302,-0.00014515117049109828,0.0009436088315137117,0.00012545649760093151
2021-03-26,39065,-0.0006321600148969653,-0.0007572769159107651,-0.002764375295024147,0.034476677563985994,0.004781092500460771
2021-03-26,39067,-0.0051128322574098585,-3.0108034781262116e-05,0.003719042773695787,-0.006958672773853494,-0.0038005349133925573
2021-03-26,39071,0.00029614165873482513,-0.00021848712755732913,0.00034047997931005783,0.0007765600356562964,0.0025326507440310503
2021-03-26,39073,-0.0008658733797793361,0.0005537370978873253,0.00016281755040452317,0.002380562563419737,0.0012897074986953326
2021-03-26,39075,0.0025698106460924075,0.028448165876506004,-0.00632518706112023,0.04290928209542133,-0.017335828009283738
2021-03-26,39081,0.005315799840255476,-0.00015463533794037943,-0.001018849818889913,0.013451005240827825,-0.0003783599692757742
2021-03-26,39089,-0.0022917452190523366,0.005888617938480105,0.004192516121115479,0.009543918078067891,0.006262666529633552
2021-03-26,39091,0.02116896463425394,0.018147485603409508,0.008550870651483244,-0.09213924023468162,-0.013770622495371976
2021-03-26,39093,0.004648411519018653,-0.006010510410526497,0.0005203928093292995,0.03885393616125017,-0.0052651358781991555
2021-03-26,39097,-0.0017436695304044797,-0.001064085721659701,-0.002057434861866459,0.006354101707796907,0.004728707353214377
2021-03-26,39099,0.009158600746006747,0.00032727677969596365,-0.0011208258325815998,0.005981627519802636,0.001583553457187737
2021-03-26,39101,-0.006160684209553078,-0.0023529923272745416,-0.005895755003583922,0.042220430515072876,0.029878803151603902
2021-03-26,39107,0.0011869323801258049,-0.0004037253101140106,-0.002399214665486064,0.003057476742408324,0.002197109781587523
2021-03-26,39109,0.0017209252470646143,-4.933116391459512e-05,0.0011067059679491838,0.009057778809602549,-0.0007055295897963453
2021-03-26,39113,0.0005681737239675117,1.4041625733549404e-07,-2.7991282954028152e-05,0.0011026586195902242,-0.0007364335422528875
2021-03-26,39127,-0.0027164799536754138,0.0008956754742867924,0.00045277557820167305,-0.004339504840922274,0.00651776844162532
2021-03-26,39129,-0.0002295732715241563,-0.001848880936237074,-0.0014635401221654112,0.005091277302492864,6.24468389267348e-05
2021-03-26,39133,0.010126505309433221,-0.00013108838741005035,-0.00146340998376492,0.011259166727643355,0.015722584118273278
2021-03-26,39139,-0.00021451121516313353,0.002341388869287174,-0.0004489242055454364,-0.0008581472520485574,-0.0019443437803307907
2021-03-26,39149,-0.0004574184200865465,-0.00024794375289006673,-0.0016393673215288201,-0.0155808808013397,-0.008464082354670024
2021-03-26,39151,-0.0003224055505045196,0.0032589829638521523,0.0021758687270609584,0.001658542892237185,-0.00011263144197869689
2021-03-26,39153,-0.00018293584593892173,0.0022098836306193867,-0.0006437351355728493,-0.0010797794278207392,-0.00148811277178444
2021-03-26,39155,-0.005621981350178792,-0.0007574820919261233,-8.701154344176176e-05,0.01993627936753626,-0.013606556488204516
2021-03-26,39157,-2.9708750693451663e-05,0.0025300900064246295,0.002565170348924957,0.0038655278286642974,0.0021638888734385993
2021-03-26,39159,-0.0023188218331703786,-0.0021088162526450467,-0.0028214613401140645,0.01057422189196805,-0.00034192945553035425
2021-03-26,39165,-4.5285367010461895e-07,0.00036105736853926467,7.798809876418235e-05,0.00022445834622324481,0.00017296031601666617
2021-03-26,39169,0.01901760803681139,0.008021250790396117,0.013435374582516875,-0.02178546632703819,-0.0030635687856523305
2021-03-26,41001,-0.00038698851707099843,-0.0007823458136223087,0.0036237453050990964,-0.0004006538419784461,0.0001794583818209121
2021-03-26,41013,-0.0005305791243996759,-0.0004955972036470688,-0.0018548874418377731,0.0005295560940413401,-0.0013946168713263609
2021-03-26,41017,0.005528285398887497,0.000884225056154396,0.013943301407489292,0.004789297572549424,0.009213361930891945
2021-03-26,41021,2.0453324173389984e-05,-0.0007117979205745661,0.00024618346809254094,0.0037640619931650736,-8.011808229010703e-05
2021-03-26,41023,-0.0005510097242082608,-0.0004823999968375605,-0.0005678474444199995,0.00012958080132081216,-7.388397438977347e-05
2021-03-26,41025,3.457263700499288e-05,-1.1013422689302907e-05,-0.00014281694958270862,1.2790012858364538e-06,-3.614107910647042e-05
2021-03-26,41031,-0.0007865705045691437,0.0031571328652444768,0.004254318178271644,0.004548800534421998,0.004339910498757919
2021-03-26,41037,-6.12827083783063e-05,-6.853329781211667e-06,-0.00012776043508496592,4.267781513724324e-05,-5.688283007448841e-05
2021-03-26,41049,0.00047314796605919113,0.00014710769781481857,-0.0014415272480522569,0.00035086569159829633,-0.0004922399733888385
2021-03-26,41055,0.00032875728891622953,-0.0007650342477525641,-0.0003209578172759589,0.0031414452719029933,0.013797779967396517
2021-03-26,41059,-0.0036108879285733165,-0.001716142888347326,-0.0028038489736475045,0.00020094436643471026,-0.001720046625062429
2021-03-26,41065,0.0001473216322818721,0.0007954444944658374,0.0008634728036274854,0.004216496103858119,0.01941688944359167
2021-03-26,42003,0.0003336540923383831,0.00034522121736682646,0.0003522003503065013,-0.000760958549681081,0.0001786929506009668
2021-03-26,42007,2.8071074426150745e-05,0.0005093402378160117,0.0006879576712985772,0.000697007549698004,0.004173954515580442
2021-03-26,42017,0.00023894075459528143,0.0003879942748659352,3.432771140635788e-05,0.0008232344420396349,0.0010911938052891195
2021-03-26,42021,0.005151289860950349,-0.009120014994931881,0.002474644538486755,0.0010776425791899982,0.01024605295560628
2021-03-26,42029,0.0004036287860800121,0.00010944693819795446,0.0005896393562964851,1.4930405549309109e-05,0.00016115621041496234
2021-03-26,42039,0.0006331896721970143,0.00033244058339726955,0.0012687622169676623,0.0017639687887311822,0.009771816018919108
2021-03-26,42045,-0.00014901655264677993,5.188948067938893e-05,-1.1646869821727154e-05,0.0006839716266634491,6.944549765425917e-05
2021-03-26,42049,0.06622942380423943,0.011531179083924408,0.04921318469495592,0.07693249158400303,-0.004152725294342527
2021-03-26,42051,0.007971705418750936,0.001548039606039406,0.002411038926554141,0.015936269347799636,0.01830679579181662
2021-03-26,42065,0.004255461159439431,0.0021475015037896415,-0.000759351030690263,0.010225747397862585,0.00015605117642676462
2021-03-26,42069,-0.010175863611309167,0.0001084543956991757,-0.009033870282912483,0.017204303950232744,-0.0075287968967011005
2021-03-26,42071,4.1091814483856814e-05,0.00011270323520744642,0.00035940663927750094,0.00019729594508967828,-0.00023192082079812612
2021-03-26,42073,0.0077878225459221545,0.0013118785458879484,0.014579492005868208,-0.01315992956995915,0.011557975499857584
2021-03-26,42085,0.005724483422270103,-0.000500491355552626,-0.0019848491582987746,0.014439536136118413,-0.008943134621859822
2021-03-26,42091,0.00011632454805892973,0.0001493554280506472,0.0001825925703413001,0.0014030003615060605,0.0014108713336556358
2021-03-26,42101,0.0006943412963837255,2.1241612023959475e-05,0.0002655061562944636,0.002634543805341733,-4.241808642297491e-05
2021-03-26,42111,0.005771863344643367,0.007009897635772365,0.004894821767935176,0.01622740976329614,-0.007248678263231513
2021-03-26,42129,0.007059213212970043,0.002441678872422668,0.00739515087325613,0.023625127811493955,-0.0015089935957693403
2021-03-26,42133,4.609174758490582e-05,0.00016526941106977035,0.00023326542278741236,0.00016396691194538984,0.0002805757385136432
2021-03-26,44007,-0.0008808973287566832,-0.0001669370150043275,-0.00392018415717837,-0.0065929986682016495,-0.0013085362494307017
2021-03-26,44009,0.0006692200850858315,-3.4478004331648434e-05,-0.0012162967290555299,0.004603825087695717,6.069027551780905e-05
2021-03-26,45003,-0.0019138212321082753,-4.6046545116401426e-05,-8.012127547007064e-05,0.0008744913678354971,-0.0026999486672431286
2021-03-26,45017,-0.00040328697191396195,-3.946612378799482e-05,-0.0003596620660020305,0.000611811214903155,-0.0007424683862558327
2021-03-26,45029,-0.0003313601663140112,-7.037659466472228e-06,-0.00043619034761766754,3.760358312586312e-06,-0.00036752173232690164
2021-03-26,45037,-0.00014774832886205972,8.831018994787544e-05,0.0007014809276127704,0.0007713139556296787,-0.0002720556173477313
2021-03-26,45047,0.00036994417401272186,0.0008989421665319499,0.0003660664182960926,0.0028111600110828938,-0.0016448859058356775
2021-03-26,45059,-7.827615377293336e-05,0.0010389700703922473,0.00020479506309394705,0.00024106969165297015,-0.0005191611262524739
2021-03-26,45063,-0.00031985610531151394,6.691664295548739e-06,7.60440542358189e-06,0.001310956645765826,-0.0007801224793002233
2021-03-26,45071,-8.073528639654463e-05,8.815681792302454e-05,0.0007226089513022759,0.00012165170015039813,0.0003007901785492082
2021-03-26,45075,-0.0014794990716072024,-5.399966640921958e-05,-0.00023951352519139136,-0.0006641578545563457,-0.000554179313102345
2021-03-26,45079,-0.0023738490552481003,-9.472720979229878e-05,-0.0003033832424438149,-0.001090086453826959,-0.0007453677820767771
2021-03-26,45085,-0.0013614552358199375,-8.152791904430991e-05,-2.0148656385572845e-05,-0.0001503214775229137,-0.00013935259915985035
2021-03-26,46007,-0.00037991542748942037,-3.362288985831785e-05,-0.0002520214472909268,-2.8777642309808218e-05,-0.00024100634283179555
2021-03-26,46013,-0.0007055058725091918,-0.00010819271053254308,-0.00040812068497279234,0.0010951413388661916,-0.00037817530006972093
2021-03-26,46017,-0.0010118177182894372,-4.3952151375690644e-05,-0.001011148215591074,0.001136667715691788,-0.0017411819536797977
2021-03-26,46019,0.0012633833184702318,-0.0011985828251691658,-0.0062332860448253485,-0.008771741357145816,-0.0009301899598175307
2021-03-26,46021,-0.0017949703417896637,-0.0007503831254066262,-0.001750473681486591,0.007396630348427228,-0.005715736154447465
2021-03-26,46025,-0.00014408239152748884,3.0399457189203127e-06,-0.00011861864065442233,-0.00013933872454762668,-6.851639613694054e-05
2021-03-26,46029,-0.0002973455128891379,-1.7227714604322767e-05,-0.0003215948451152491,-0.000584743962235196,-0.00023375356492839701
2021-03-26,46031,-0.0036805647452180985,-0.000911998719096507,-0.010580551457943718,-0.006566538738776911,-0.014151701500230268
2021-03-26,46033,-6.537221348620979e-05,6.564837046740173e-05,6.59221216751302e-05,8.697345341327129e-05,-4.036623850267162e-05
2021-03-26,46037,-0.0012293053316740324,-3.550465734488914e-05,-0.00026195404784149287,-0.0004376270897402477,-0.0007158082205677546
2021-03-26,46039,-0.0014297858032846736,-4.054779396190049e-05,-0.00013040210610337462,0.00034820487655773315,-0.0006556833137644215
2021-03-26,46041,-0.0014285953802035112,-0.0030451992387034647,-0.007506423859413066,0.005006187058705902,0.0025380635821911847
2021-03-26,46045,-0.0008646682558809346,-0.0013901920659502786,-0.003397539205309619,0.0018932416100933217,0.0006803728183780666
2021-03-26,46047,-0.00016837559801699325,9.805320700472875e-05,-0.00013535581095634958,8.519750726444135e-05,5.4887667216113514e-05
2021-03-26,46049,-0.0010584448110422002,-0.0002413868621399638,-0.0006324814037969177,0.0014287056071844856,-0.0008876647281132026
2021-03-26,46051,-0.001096752574188003,-0.0004751902520248863,-0.0015288424552646067,0.00035273508313576625,-6.361453117568336e-05
2021-03-26,46055,-0.0017914060092429002,-0.00019915022498444442,-0.0020608570685036226,-0.0003887434557470425,-0.0023979673858278553
2021-03-26,46057,-0.0014836203353047518,-1.0067642783010517e-05,-0.00012585318353399664,-0.0008317075975008182,-0.0008044876261958438
2021-03-26,46059,-0.0009686963796659889,-0.00012529476651838712,-0.00038252412862276584,0.001405599463216617,-0.0011178695614899505
2021-03-26,46063,0.0043794087481581305,-0.0002163760165979963,-0.00984480293594732,-0.032037001202076316,-0.005581810611195596
2021-03-26,46065,-6.0138036542639194e-05,-0.00023092009019150972,-0.0015940629450134516,-0.0016432327369915224,-1.43889702116229e-05
2021-03-26,46069,0.00014532016144925414,-0.0001553669932066643,-0.0015596922639041055,0.0011585401313665925,-0.0009160552036115949
2021-03-26,46071,-0.0005994434410637509,-3.198001129154264e-05,-0.00032809157689293736,-0.0001647154456290321,-0.0004164341870490255
2021-03-26,46075,0.0023019562917377043,0.0035204055451209734,0.002353469604289324,0.0003387515705472535,0.001959524098956056
2021-03-26,46081,-0.0017032702036272915,-0.0009648866264356671,-0.0027699536473055437,0.00142587913343215,-0.0012445348032261148
2021-03-26,46085,-0.00047586896196469947,-0.0002778775469158973,-0.0012002020116805385,0.0013030616201132903,0.0001718839710480272
2021-03-26,46089,0.0007579335161002334,-0.0003766900399143929,-0.0028697965245547334,-0.0027693223204091006,-0.0010964433667727726
2021-03-26,46091,-0.00028582111707575996,-3.7592763408656415e-05,-0.0004358378756632355,-0.00031951845644920826,-5.089168322878389e-05
2021-03-26,46093,-0.0010513609635490527,-0.0030848644806989946,-0.009229205571370058,0.0019146116380135607,-0.00017680451997978657
2021-03-26,46095,-0.0001867212129142819,5.5135572671173604e-05,-9.847161926834747e-05,-2.4587879046728163e-05,0.0003440409130953178
2021-03-26,46102,-0.0001587340496889062,-2.9033958971513057e-05,-0.00043771789956031855,-0.0003650143420857448,-4.2721666928012165e-05
2021-03-26,46103,-6.514133151230763e-06,-0.00010342091576274912,-0.0005151644885750626,0.00014724181549641708,1.0957427317119105e-06
2021-03-26,46105,-0.0054472583051296776,-0.016275326101525482,-0.03473886896185895,0.03105719811972948,0.0012679859867545228
2021-03-26,46107,-0.00028334205439405503,-2.9795104165379442e-05,-0.0007628034592214068,-0.0005568837147186569,0.001242028388295978
2021-03-26,46109,-0.0002541135310119108,-3.176812329882574e-05,-0.0002842789198798468,-0.00017751052399422212,-0.0001797413444484848
2021-03-26,46115,-0.00020320082417865626,-1.2671201685075312e-05,-0.000353322898041043,0.00033854278602921963,5.4111517027000556e-05
2021-03-26,46117,-0.00118025517860436,-0.00029034509942275476,-0.0009221134196653356,0.0024697072954958463,-0.0010899121814672724
2021-03-26,46119,5.485913228463722e-06,-0.0002041590195345546,-0.0014561939448246427,-0.0010800978259457275,5.9945979810335564e-05
2021-03-26,46121,-0.00016092721297393536,-3.668479047486836e-05,-0.00044409373967977555,1.2822118847150227e-05,1.123740379385072e-05
2021-03-26,46123,-0.0008857068843824578,-1.5338221052692123e-05,-0.000170985187313595,0.00012809231038801792,-0.0006176144465428398
2021-03-26,46129,-0.0017277770406536302,-0.00027816332898112847,-0.0026371738698927442,-0.0015165095549751085,-0.003308251559342181
2021-03-26,46137,0.0013992389402562458,-0.00096469213434508,-0.005462710656941686,-0.008063489863435457,-0.0018281557656710022
2021-03-26,47003,0.0018517438101543098,0.002182262436853162,-0.0005234939817803002,0.06872239529090805,-0.0031782290673951124
2021-03-26,47011,4.267931025251498e-05,0.0030360006814529024,0.0008943803619892911,-0.020154259631159917,-0.008113210661370305
2021-03-26,47013,0.001013032955265919,0.004473871180590588,0.004543072598804697,-0.0050929475374146965,0.0003756783363995783
2021-03-26,47023,-0.0005431918625953616,-0.0005477829287303532,-0.002014376127735737,-0.0010825479397160997,0.0034005956987458313
2021-03-26,47025,0.0018833084386752088,0.0025542233559494587,0.003108119993510223,0.00013293285086407678,0.011888905069464347
2021-03-26,47047,0.0005598860265574939,-8.283533527254222e-05,-0.00044490909409850704,0.0004371985440540637,0.003069618348070218
2021-03-26,47059,0.00017192152067187997,0.00059272874031143,0.00044189128633387873,2.109926211435638e-05,2.667526835147243e-05
2021-03-26,47069,0.0003978345400065318,0.0012397598324767594,0.0003204921692668795,0.0003967514281297135,-0.000540859345912578
2021-03-26,47073,-0.00031111351806484234,0.0004667259479551717,0.0003645968497176708,0.0009182113268511065,0.0011453812194016084
2021-03-26,47077,0.00041244389388488427,0.0019221560410012427,0.001720753966399603,-0.0017492514308256892,-0.0006734338495246847
2021-03-26,47097,-5.528830471700447e-05,0.00013581586060973188,0.0002677595289560108,-0.0006453622182679902,-0.00029939624094186163
2021-03-26,47099,0.0021677356348203895,0.0013802966338104915,0.002173666982833872,-0.0007782769330065484,-0.0025544066821586893
2021-03-26,47101,0.0012232133969998272,0.003633709702637813,0.004371410990589678,-0.003758289630538709,-0.0025758524615799526
2021-03-26,47119,0.0028518899413514875,0.0011763863291875554,0.0003700708656711317,-0.0008908810227360702,-0.004493751134629454
2021-03-26,47149,0.004052012465803247,0.0017126818041787294,0.00581444795895142,0.0011811351532866271,-0.0039001701492234232
2021-03-26,47155,0.0013384206944495373,0.00043172749269295005,0.003942875430860358,-0.0030460643262214585,-0.0024539072053650452
2021-03-26,47157,8.35164311862105e-05,0.00020271769945088506,0.00020551317954953588,-0.00017991318242985017,0.00036388035027241916
2021-03-26,47163,0.0009550864537390608,0.0001917071223332908,0.0005017883843272584,-0.0006375569614264216,-0.00043368477633553117
2021-03-26,47181,0.0030652347798712067,0.001111638385500201,0.006278533373121183,-0.0017450942816819215,-0.003174456721529686
2021-03-26,47189,0.00463100800718089,0.0015913202438270803,0.007168136301612143,0.0014282914557628259,-0.0036114615894965725
2021-03-26,48037,0.0001158475608981654,0.0004563829806563846,5.2920185314150935e-06,0.0013896340346159447,0.0021254885683110163
2021-03-26,48073,-0.0001736257312624171,-0.0007790970158491877,-0.001044476006920302,-0.0017580532430344475,-0.0030272314251808888
2021-03-26,48109,-1.8473524521862763e-07,3.091774556352448e-06,-9.684978259311621e-07,-5.265315501949881e-06,8.66846146030876e-06
2021-03-26,48347,-6.839547380819099e-05,8.074725827355135e-05,-0.00033626461669571117,0.0012195788158044403,0.0006752329537598805
2021-03-26,48365,-0.003110048700433077,-0.003492328916168963,-0.008083311899715506,-0.02490595526408501,0.015648136311785826
2021-03-26,48401,-0.0006422077068461082,-0.000501803241614242,-0.0013493276348463144,-0.0010578816187036526,0.0019294856715559969
2021-03-26,49019,-5.389548328237816e-05,-4.940367878905309e-06,-7.376366160587248e-05,6.511825683743395e-06,0.0001868641013629726
2021-03-26,49047,4.392634104871782e-05,2.2936011848470866e-05,0.0002007141390003601,0.00016957022430448966,-1.6170311650928835e-05
2021-03-26,50001,0.0005934556492812439,-0.0004326295232789457,-0.0005103731883845625,0.002372063493439644,-2.0477835510552753e-05
2021-03-26,50023,0.013648535558638989,0.06424202488640762,-0.011190463224885748,0.12937364018234518,0.02339766029348611
2021-03-26,51043,2.5113527858185766e-05,1.9338404496190703e-05,0.00014805314576039246,0.0007904642532139904,0.0006187932790456181
2021-03-26,51107,-9.084798973348811e-05,-4.43823924334947e-06,-3.359500123893401e-05,0.00022914802371267644,0.00030401753780034914
2021-03-26,51119,-0.00017625586470679304,-3.0588588031181676e-05,5.191563870087998e-05,-0.00019269514358646541,0.002803310475801157
2021-03-26,51127,1.3346124832443336e-05,0.00027737465483262784,0.0010643283987455596,-0.00011239263550809082,0.00011259091658720379
2021-03-26,51173,0.0007755894682886181,4.9465585940747583e-05,0.0012042962271835902,0.000536138816806881,-8.986233780796087e-05
2021-03-26,51191,0.0014419447178087889,0.0007945551875034092,0.0007113980825850844,0.0009423532686518351,-0.0010309718381658005
2021-03-26,51199,-1.7220393792716834e-05,-6.073864014562776e-05,-0.0003711080988365611,0.00031729194433430903,-1.104373289333594e-05
2021-03-26,53001,-0.0008386796593283083,0.0005827750509582877,-0.00046596022323160645,0.0031322881980137595,-0.004784015756516034
2021-03-26,53005,3.720787748280927e-05,-0.00037827708263293283,0.0003641153466796519,0.005110757770843896,-6.192820503768263e-05
2021-03-26,53013,0.024309930386889163,0.11522518971397427,-0.021241074620303422,-0.0075939570490488,0.014866825434216847
2021-03-26,53017,-8.68966901602209e-05,-2.602909342008222e-05,-0.00013196074574247396,5.999239376183621e-05,-0.000294339211320932
2021-03-26,53021,0.0005712696811497832,-0.00014362428778558472,-0.003934921810807906,-0.0010524276858529438,0.0007981145207848588
2021-03-26,53025,2.1707885687473856e-05,-9.743728993138484e-05,-0.0003611368491269883,0.0003949584233684474,4.401212306248659e-06
2021-03-26,53043,0.0005814400029544236,0.00022403175217085042,-0.00029747468180429037,0.0004879975309833109,-0.00033767363549895156
2021-03-26,53063,-0.00264302018078865,0.006815770325796442,-0.0013707928851618661,-0.0015406551744382145,0.0008919709445389047
2021-03-26,53071,0.002025731363691016,0.0033024205987512638,-0.001486665598862237,0.0010780060581288206,-0.0022364638259849126
2021-03-26,53075,-0.0043154459775851415,-0.00046504863311501335,-0.0006029482734884735,0.0007201140508232564,-0.0032075195851783266
2021-03-26,53077,-0.0015860596334066335,0.006929285204777832,-0.006919997037443134,0.008246542657000873,-0.006333277564444439
2021-03-26,54011,-0.0012250891068706742,-4.612348291754224e-05,0.00015289913077505676,8.300061341379693e-05,-0.0019460434621468925
2021-03-26,54023,0.004515194323219909,0.007357340976806398,-0.0017687721252742199,0.028079806521857726,-0.004151410925710411
2021-03-26,54029,0.013805833514454316,-0.002757252300523181,-0.0014662106538405606,0.02007879079716285,0.01561093058917733
2021-03-26,54057,-0.005785857982018745,0.003933216362994922,-0.007922472553283138,0.014661692601137215,-0.012488750898610202
2021-03-26,54077,0.00969079713441134,0.0026045319383818906,-0.0005426875697511543,0.03772072589944793,0.019440683498791904
2021-03-26,55039,-0.0008087615588172439,3.335178199264123e-05,-0.000560907978487863,-0.0008013482629526112,-0.0002605992717985024
2021-03-26,56001,-0.005928439796783153,-4.052988551315998e-05,-0.0012692404559611883,-0.0029959404652216367,-0.002290723616211647
2021-03-26,56003,0.00018437199200235788,0.00021079459429819078,0.0007212972832257025,0.00028569258671951037,-0.0003202013197647312
2021-03-26,56005,0.00011257699356043865,-4.624901360125673e-05,-0.0003186700648457547,-0.000363339782919972,-0.0001446343907411765
2021-03-26,56007,-0.0023179220827822407,0.00010989632786624214,-0.00032434494563174984,-0.002419845570346199,-0.0003633369667536051
2021-03-26,56009,-0.007407512937101348,-0.00011370215249541384,-0.0007559415766654667,-0.0011586618998315921,-0.002232562294897755
2021-03-26,56011,-0.0003799891640327023,-7.599095082064266e-05,-0.0011588745980930441,0.0016144950333753028,-0.0002744754699867616
2021-03-26,56013,-7.834185202631501e-05,4.437207814640397e-05,-0.00011637710303282546,0.00013077058123648038,3.5015486622188226e-05
2021-03-26,56017,-7.993207912770673e-05,-1.6339249193988395e-05,-0.00010065109955180438,8.923257300848418e-05,0.00022610495119463356
2021-03-26,56019,-0.00015432604010885267,-0.0001891281333942407,-0.0004891613782135362,0.00047538252221057914,2.6643773079795786e-05
2021-03-26,56021,-4.432967346201116e-05,3.355913269133584e-05,0.00013069457985925853,-5.498828730125352e-05,-9.038165795497085e-06
2021-03-26,56023,-0.0005467341514619744,-8.191872425634786e-05,-8.837972365959034e-05,0.0002008174700176032,0.00012959719089884945
2021-03-26,56025,0.002912696552886275,0.00037143214567620373,4.054573546421019e-05,-0.0013811506936383306,-2.304558697459421e-05
2021-03-26,56029,-0.010219658929163416,0.024514118049960818,-0.0018153981771032936,0.0026641742838847803,-0.0023716886293469017
2021-03-26,56035,-8.08068535908289e-05,0.0001826344531291524,7.27862714313149e-05,0.00011424175504575542,0.0006039656964128217
2021-03-26,56037,-9.70226884636544e-05,-4.798837237621473e-05,-0.00010974169982571138,-1.441153645104207e-05,0.00010768290365709935
2021-03-26,56039,-0.008095799657670637,-0.003223165707867553,0.004966563987575688,0.007883496475451855,0.05715535343782568
2021-03-26,56043,-0.00016435516375025054,-8.252649429017913e-05,-0.00027638595056306454,0.00034651714574261575,0.00010301064692109932
2021-03-26,56045,0.00019569466119327694,0.00028432641893532816,-0.0003480283976366875,4.1264408033421345e-05,-2.4066501242955883e-05
2021-12-11,01071,0.00024214238471957487,0.0004490933774567393,0.000992526853428676,0.0004074276074064657,-3.505742530253485e-07
2021-12-11,01077,-0.004029491195986539,-0.0001970774145904318,-0.0005722268120373179,-0.003511959896597923,0.0030093087369398343
2021-12-11,01083,0.0007265736585438218,5.852999940986984e-06,0.0006646891271292971,-0.0015215688441631023,-0.0017578418588686648
2021-12-11,01089,0.0008773132104297086,0.000260690162854447,-0.0004683476497554047,-0.00013078299683974716,0.0002634062034986618
2021-12-11,04001,-0.005917424723395397,0.00254018520532584,-0.007791455209267184,0.013419178770560071,-0.0023728089844782755
2021-12-11,04003,-7.047322844733691e-05,-1.636818518057798e-05,-8.750183608656592e-05,-9.138271567078135e-05,6.777133934311115e-05
2021-12-11,04005,0.0036574915676580097,0.0028589208010830047,-0.00355726004386005,7.554290756426062e-05,-0.00031197554025631346
2021-12-11,04009,-0.0003140912177188173,7.325707239530329e-06,-0.00019137997009714726,-5.004050262943807e-05,-0.00010195488558782613
2021-12-11,04011,-5.6072616568720885e-05,-2.460006693300735e-05,-0.00023575957368439737,-8.085284340154263e-05,-6.236728804518062e-05
2021-12-11,04015,0.004042254585788087,0.006642842935241814,-0.008466994022723093,0.0012034155266050723,-0.0021279037724845225
2021-12-11,04017,0.0028919213675992345,0.0008983588372215284,-0.0009463606359387785,0.002640096220930743,0.006057274913128004
2021-12-11,04019,3.622468647421738e-05,-9.158268076865823e-06,-0.000189276411160004,-8.800647495049892e-05,-1.4556655955949918e-05
2021-12-11,04023,-2.9260450040412327e-05,-5.493043686352774e-05,-0.00015372847437929572,4.0698068797037656e-05,0.00010595910947841319
2021-12-11,04025,-0.0023757387186644245,0.00039451821651801874,-0.0008600620590929925,-0.000260312215976588,-0.0017048256937320801
2021-12-11,05019,-0.001719788824710175,-0.0006308464098487773,-0.0020674570691323274,0.001444265288926671,0.003728855209232832
2021-12-11,05027,0.0002912221973135126,-0.000861531922286757,-0.0009976567491054291,0.02146593676796095,0.003994935976354115
2021-12-11,05031,-0.005329693947409009,-0.005185488125746485,-0.006920267676433972,0.0023280276664034982,-0.0698984636296198
2021-12-11,05035,-0.00017408680774391814,0.0006080253398388783,0.0019461809363784314,0.01042510334845101,0.04546475864466251
2021-12-11,05039,0.001512113113376637,-0.003304589613368776,-0.0027735562004803614,-0.06437826358761513,-0.007685315575507733
2021-12-11,05047,-7.300079581428203e-05,2.6786731579768442e-05,5.870775850210462e-05,-0.00044046676748817483,-0.0002746366917391942
2021-12-11,05053,-0.007911965195456006,-0.00847299155694764,-0.02622816267051223,0.07020975482319249,-0.03787571505481435
2021-12-11,05067,-0.004253685822280889,-0.0018821232318357584,-0.0013503261351279772,0.0020164281789037397,0.01897201257543049
2021-12-11,05069,-0.0003446508724220393,-0.008120103798998995,-0.017633849838875393,-0.010993590402407015,-0.003195960355866303
2021-12-11,05079,0.0012281956037333008,0.00013787648743981973,-0.00011319442079213426,0.02200870391897479,0.007167550475268694
2021-12-11,05081,5.7816669186590286e-05,7.172777461269403e-05,0.0003970297030621503,-0.0003220391932989078,-0.00033070950686486106
2021-12-11,05083,-4.2320672376591675e-05,0.0002037696409335622,1.6561503592290108e-05,-6.671588909238236e-05,-0.0005903930603714903
2021-12-11,05093,-0.024111192300323908,-0.006144445139750904,-0.02455495040006553,-0.040455606509854955,-0.08695818422623368
2021-12-11,05099,0.001392055764089531,-0.005402998311018134,-0.0126600159718524,-0.005147225050375626,-0.007561580426165879
2021-12-11,05111,-0.019582464337207117,-0.031882954834535626,-0.027118537865797654,0.2146599791407302,-0.27540054143704396
2021-12-11,05119,0.0025454170753216937,0.00031145459079675534,0.005171445661530552,0.00836312506735478,0.018054887533715196
2021-12-11,05147,-0.014343209918669553,-0.029808435367554176,-0.0614687292880306,-0.0044098436247620165,-0.020517359688844494
2021-12-11,06003,0.1290730223739433,0.005575790198681721,0.08763474045088793,0.08944775080346358,0.0005869511151510576
2021-12-11,06005,0.013056576820778487,0.01283931728121901,0.0045271920373020635,0.0037026377069057925,0.014739698108354682
2021-12-11,06007,0.0022175940545771725,-0.00399564746097264,0.000979904537844238,0.006053878658786198,-0.0013049687859155723
2021-12-11,06009,0.006546385435931147,0.0024834694804393674,0.0013836333846384292,0.0017693112384885024,0.0021662888582069375
2021-12-11,06011,0.00025932005483714216,-0.00012275036838031717,-0.00027525637555733673,-0.00032064519164017036,0.0009565233749321139
2021-12-11,06017,0.009907733471788083,-0.021441439555542396,0.031056043252969734,0.1300826848511435,0.07545111316440084
2021-12-11,06019,-0.00012987018792743558,-1.694012143126295e-06,-0.00014050105042618424,3.441511074577235e-05,0.00024598611259455967
2021-12-11,06021,3.8171341575094636e-05,5.066178479196104e-05,7.375593928077989e-05,0.0006949399795249736,0.00011155931682509806
2021-12-11,06025,3.5206977262481254e-05,-6.610212405806505e-06,-0.00014721702187288577,0.00031094551902559705,0.0001106299653627233
2021-12-11,06029,0.00022573498741426537,7.790668614564603e-05,0.00012976470624398656,0.0003133015642261017,0.00016732132610908115
2021-12-11,06031,-0.00010012342070926552,-9.806585742770549e-05,-4.137900185927253e-05,2.4314635086144587e-05,-3.425492967875331e-05
2021-12-11,06035,0.0008626357959851264,0.00021331818053578998,0.000434992372665614,0.0010198395847959736,-4.5871417704337544e-05
2021-12-11,06039,-0.0013780995107850686,0.002952643582386711,6.19486100605247e-05,-7.207793818814494e-05,0.0008107724480040995
2021-12-11,06041,0.0005666894650407426,0.0002729085334717793,0.0005828945243201879,0.0021902439758130967,0.0009670476091839342
2021-12-11,06043,0.002030315054446072,0.003977911999450842,0.002307083063208055,0.0019199656469265068,0.002170188352430555
2021-12-11,06047,-9.476335744387256e-05,0.0003871268581791933,0.0008067874733688133,0.00016993798448869282,-0.0020129236149334555
2021-12-11,06049,0.002050041063482065,-0.0008227383124418172,0.0024262118182913086,-0.0003756551367890377,-0.0020065582363819404
2021-12-11,06057,-0.022925036406094917,-0.0008905306047478773,0.005665623903211306,-0.062675167337907,0.07078080909340582
2021-12-11,06059,0.00025178592113628794,0.00023002347259239598,0.0006456022578651584,0.002529419829036316,0.0016957487569588476
2021-12-11,06061,0.0019040638476195935,0.0033749388914817054,0.008648851748778,0.11838028137929346,0.022573972997435958
2021-12-11,06063,-0.18015966833763475,-0.0640126900275999,-0.019882036407655512,-0.2247462888763172,0.009660531636838332
2021-12-11,06065,7.1467287750444646e-06,4.8946726374311437e-05,3.17228717505444e-05,-0.00045157138998148596,-5.6940037340465904e-06
2021-12-11,06067,0.0008745362832469194,0.0018264740470660644,0.0018486801298713664,0.0010018355764162116,-2.2133780989752605e-05
2021-12-11,06071,5.1876237581480764e-05,0.0001048979161584004,0.0001357629667057655,-6.321839341606045e-05,0.0002105844022837813
2021-12-11,06073,0.0002791547246923593,-0.00015765395528790282,-0.0009246530732835052,-0.0017344153700141933,-0.0029850435796619965
2021-12-11,06077,-0.00019752018690032038,0.0010123783778887563,0.0002001717291244716,0.0011239332103938366,-0.002576199316998197
2021-12-11,06085,3.641425697258814e-05,0.0015694829310567231,0.0026749569866538394,-0.0003768208063588953,-0.003531680830634889
2021-12-11,06089,0.0010212932350160912,-0.001661129691401567,0.0023016567975844577,0.002649234597792788,0.009255950552712307
2021-12-11,06091,-0.01607126987359639,-0.013513404832118589,-0.009256064522378496,-0.2694199975294529,0.019681025173380023
2021-12-11,06093,-0.005375800762503297,-0.0014280153388308292,-0.005477576340254614,0.019751766693309622,-0.015923790252453857
2021-12-11,06095,0.000972106270982168,0.00020365227585119597,0.005362575846592431,-2.9146200184995393e-05,-0.00057755108665984
2021-12-11,06097,0.00021521830669221208,0.00013949433466109939,9.00023676300753e-05,0.00012478555647118476,0.0007472649777482731
2021-12-11,06099,-4.0287733123332836e-05,0.0007994666464212264,0.0022586226047630613,-0.00044685923818335837,-0.003724919342154795
2021-12-11,06101,-0.00027683899106642745,0.0002870366903978119,0.00011897452840760672,0.0007941139288127263,0.0010656381701626997
2021-12-11,06103,0.0006817002255571983,-0.002809389866555205,0.0017104467239389964,-0.008275243638622976,-0.0011301838359705219
2021-12-11,06107,-0.00030528994476760896,0.0002204907133374676,0.0002671532933922866,1.878090896190068e-05,0.0001289967137237351
2021-12-11,06109,0.0017216696873699755,0.015034491986129987,0.022514727134048146,-0.08005018816018529,0.4335323849797032
2021-12-11,06113,-0.00021666643163193567,0.00032339510740333154,0.0001716107985232344,-0.0004804655947990172,-0.00028675332042076083
2021-12-11,06115,-0.00011749424214739686,0.0002424037856072099,0.0029735516278027087,0.00023433525803634447,0.0002798834730724422
2021-12-11,08001,-1.5128901919129484e-05,1.2719155061758258e-05,1.687506215095758e-05,-1.6423199744693708e-05,1.8270985329404128e-05
2021-12-11,08003,0.0007786681847177686,0.006593964649575578,0.04090635854366081,0.0005236156797205445,0.0009467641330041182
2021-12-11,08005,4.655613252814645e-05,0.00022543894255517487,0.0007231354506475445,0.00020557161036603093,0.00010460234021265479
2021-12-11,08009,0.025515112478985545,0.013339321764174445,-0.008658625327496405,0.0293986924909327,-0.010086419688067037
2021-12-11,08013,-0.0005506101279808828,0.02263497296760804,0.023955319769913407,0.013422920071748098,0.026435062394300893
2021-12-11,08014,0.00035214948667546334,-0.0011419310253853213,-0.004227519624962465,0.0008025895329440303,-0.006982377309470695
2021-12-11,08015,0.0011106345542008335,-0.00821529256336667,-0.004628176795563626,-0.002097502766540461,-0.0004517845720705283
2021-12-11,08017,-0.013725303024794697,0.015442334317283972,-0.026358041246001253,0.013805986176304262,-0.06508098640459854
2021-12-11,08019,-0.004336760008740871,0.00045910640441207927,0.023495602716446302,0.002308158672256328,-0.0029747334104859996
2021-12-11,08021,0.009738264296119903,-0.004655169161310702,0.17636094859453832,0.11372886792110193,0.1267859064491318
2021-12-11,08023,0.004065955212026462,-0.007121831015013874,0.07690090605580993,0.03549727278186218,0.05712705725881487
2021-12-11,08027,0.03516443515278834,0.13934594836547165,0.004494072553155218,0.02014762637579111,-0.006284513817334324
2021-12-11,08031,0.0017998173888132893,0.0001565835528697379,0.004441341595592063,0.001621522101818441,0.002717752576933425
2021-12-11,08035,5.135529911702271e-05,0.008533008956294077,-0.0032618763972427694,-0.0005547568408823109,-0.0005993095009380041
2021-12-11,08039,-0.0005799101787867902,-0.000599965278030676,-0.0008916497803188991,0.00026725917178351796,-0.0001681139111102897
2021-12-11,08041,0.006209036607808714,-0.00382752875668297,0.0024591004730180714,-0.005549373764664644,-0.0004176404992653551
2021-12-11,08043,0.0009641496236790434,0.003028045892533051,0.009582787790540899,-0.0011592586755243602,0.0011122784890041336
2021-12-11,08045,-0.00022701157934241893,-0.000280035622845669,-7.462852571967524e-05,0.0001880003566741941,0.0005537290857234886
2021-12-11,08047,0.015394539933807752,-0.14724832187223813,-0.008560222523730473,0.017272377508446096,-0.025317695482381226
2021-12-11,08059,-0.001522446071382473,0.0047087267386261705,0.006714174484557939,0.00833096834194402,0.00702399842803858
2021-12-11,08061,-0.10388464462809466,0.19690037358238954,0.05916505441730906,-0.2761279422203837,-0.22563605232317013
2021-12-11,08063,-0.005707653820127297,-0.006471695575199934,-0.011118589033583006,0.013348600975776254,-0.006289305802082128
2021-12-11,08067,-0.0008744033351137772,-0.001551089729137865,-0.0014817929840678819,0.0006928781625647022,0.002823944218554241
2021-12-11,08069,0.0003968606590087241,0.0027625567828118663,0.0038148698399238096,-0.00028845022137331984,0.002434613278938529
2021-12-11,08073,-0.014142510829190554,-0.0037312684784447034,-0.0215582758546023,0.0023675699152180254,-0.0071039725041961935
2021-12-11,08075,0.0011499390211453017,0.0026647276199797294,0.0033531927702381715,0.0005054314562898694,-0.00013492066529276203
2021-12-11,08077,-0.0007959574642489925,-7.991637473995697e-05,-0.0018180281162525234,-0.002001706815868819,0.0016007376401331345
2021-12-11,08079,0.022877645990295025,-0.022521978801211748,-0.03479320481833894,-0.016866656090340888,-0.03283532750456189
2021-12-11,08081,3.4440134496751575e-05,-1.9650595137694297e-05,-0.00012528288786796578,-1.6698477681400398e-05,-0.0002428345721276759
2021-12-11,08087,-0.00025723394120095164,-0.00010357671814047254,-0.0004264161476330263,0.0001518727993266627,-0.00039498516055984356
2021-12-11,08089,-0.1149209695576392,-0.10909100521797122,-0.0264240173360637,-0.1748983335258414,0.12780368040225643
2021-12-11,08093,-0.03599498713004001,0.09535217912121441,0.07024062300512002,0.08283812639909627,0.00781678396547969
2021-12-11,08101,-0.009089985204551065,0.0017352534673221176,0.05433417552854852,0.022905767809128785,0.03302115759249241
2021-12-11,08105,-0.0010564906736221734,-0.012532930619085593,-0.010320332658347297,-0.0013732180103154948,-0.00417090234331227
2021-12-11,08107,-6.519798856576472e-05,-6.534962681312576e-05,-2.666966807253975e-05,0.00011662979909959255,0.0046884311797217365
2021-12-11,08109,-0.001356572982155366,0.025932506163401946,0.0070368364260382475,-0.0009610216968526288,0.017812576876853285
2021-12-11,08119,0.051138042690622276,0.027287025771756124,0.13691494444729524,0.06917094460168127,0.18801129114800763
2021-12-11,08121,-1.618938852166905e-05,-0.0014945662797008895,-0.00430281333956843,-0.004169269096275878,-0.0016910298740495505
2021-12-11,08123,-0.0002946337878980917,-8.717681730961951e-05,-0.0006020313602604537,-2.096437198572629e-05,-0.0003441372052227044
2021-12-11,13045,0.00020214517457039518,0.000466638088192136,0.0004879567176591002,0.0002223132980766078,4.375654190460869e-05
2021-12-11,13213,0.002006349140515454,-0.0005237013261240671,-0.001010129047203503,-5.2769164457075165e-05,0.0021439038936237878
2021-12-11,13215,3.786920085122004e-06,-3.63987439777867e-05,-1.219632473541273e-05,-0.00011762274625375102,-8.225408167450654e-05
2021-12-11,13297,-1.120504023443251e-06,1.3104336726561783e-05,5.288850679027408e-05,-6.739769621868412e-05,-6.772648170830941e-06
2021-12-11,13319,0.00021625614165077245,0.00026875835910446927,-0.00029047280595662084,-0.0006754341358905097,-6.59068020900308e-05
2021-12-11,16005,0.004828318794523147,-3.079969472483124e-05,0.0016512761808427506,0.0027369133595392496,0.002412684278684643
2021-12-11,16011,0.0002578626181177885,1.578284945484565e-05,0.00010867915398797686,6.255169702428474e-07,0.0002745202124766143
2021-12-11,16013,-0.0002865724608505807,1.3600469674139457e-05,-9.614407431646736e-06,-8.536972077763055e-05,-1.782586590137568e-05
2021-12-11,16029,0.0006740553502848912,0.00010946533300354618,0.0007184389003321839,0.00020755982338051173,0.0006602348391123091
2021-12-11,16031,-0.00018417290728176753,-2.9604813932587134e-05,-7.377634761594584e-05,-0.00010950361490951656,-0.0004190853597908636
2021-12-11,16067,-0.0001352468533595211,-5.2725239447823054e-05,-9.824430605234966e-05,-4.559618399360519e-05,-2.3875545777445337e-05
2021-12-11,16071,-0.0006849737150713092,-3.435941553569036e-05,8.944462516220861e-05,8.952009787244327e-05,0.0001319041183129488
2021-12-11,16077,-0.0016785216565663452,0.002318704408528216,-0.0009747798201926727,-0.0014825567279204144,-0.004862409931477352
2021-12-11,17001,-1.5728999265441235e-05,-0.006960997795883092,-0.00508549545789307,0.0026599777072510507,0.0004901242327299121
2021-12-11,17003,0.0001310891446700698,-3.3149842898107e-05,0.0003930813880476747,0.00148731552231647,0.003435121315358337
2021-12-11,17005,0.0001749817673325309,-0.00010661720341106429,-0.00013311739196807527,-9.076567525334914e-05,-0.00015670294313327796
2021-12-11,17017,0.0009902829568037182,-0.003447950040103652,-0.01318671743105386,-0.015686217177471203,-0.002197997972689026
2021-12-11,17019,0.011306114544994979,-0.0010334086583351854,-0.0006807294063594545,0.010212638649230199,0.008962884050250225
2021-12-11,17029,-0.015314214007666069,0.003197817985623075,0.0043946841008318666,-0.007049219732915293,8.991976751943076e-05
2021-12-11,17031,0.028912735408491312,0.03066361086541431,0.008957249591314397,0.05455166124370868,0.021544820364943144
2021-12-11,17043,0.004489787321085688,0.001571356918010169,0.0033467911606391287,0.023388260769414117,-0.017143141967958478
2021-12-11,17045,-5.1021795698337567e-05,-0.0014808591491448841,-0.0018759700735791343,0.008154602863742085,0.00500735193698374
2021-12-11,17049,-8.774477311963976e-05,-7.334839898368983e-05,-0.00025747294295967726,8.03258005941948e-05,-0.0011492354243684655
2021-12-11,17051,-0.0013244714521338033,0.0005824068678961097,-0.0018410013655367624,0.0002958429831994708,0.0005134786163316155
2021-12-11,17053,0.005403767643510756,0.0024576569798279158,0.0018419573311593933,0.03060187900215522,0.024259994370958295
2021-12-11,17061,-6.651021732043908e-05,-8.448826850522518e-05,0.0016745057847723666,-0.00042016628178542965,-0.0014519166690031482
2021-12-11,17063,0.0007548027629065528,-0.0031279318095010465,-0.00503140705170203,-0.0017789069802484417,-0.010914594404738527
2021-12-11,17071,0.025516819059895557,0.06477113997979478,-0.02898633514375537,0.047297123566994115,0.09127476403324364
2021-12-11,17075,0.001043178617117029,-0.0026438821676798142,-0.003817348190002591,0.03413920751152421,0.013520185462053242
2021-12-11,17077,-0.0004514084394177903,-0.00017603144501727834,-0.00011221884236627209,-0.0002807251607484292,-0.001100488283264639
2021-12-11,17083,0.00022065818478077303,-5.0743366728890757e-05,0.0005165123573153034,-0.0016030808422142831,-0.0024299616569427034
2021-12-11,17085,-1.3308759739712184e-06,0.016971067458222158,-0.002471344203415937,0.002850587867103245,0.0035559742626045006
2021-12-11,17089,0.02775189880766543,0.007880845530571043,0.0005546184963056873,0.030356753966178818,-0.0026359102020282804
2021-12-11,17091,0.006647903616099314,0.0009678185564070138,-0.0018845276513307571,0.017448277766151675,0.015044258003759522
2021-12-11,17097,-0.038874487975717686,0.0002470353664723382,0.017078082749262168,0.06493799006647713,-0.055631798492142115
2021-12-11,17099,0.011821984318558389,0.001655679317124568,0.0022695905877547305,-0.0034194995620958762,-0.007595697940530624
2021-12-11,17101,0.0012541684496274077,-0.0004454390491592463,0.006039198387065186,-0.006863770592553949,-0.009638337766689575
2021-12-11,17103,-0.006287424538737502,-0.03559235554108287,-0.04031907679746099,-0.08453684390033966,-0.012254896111130537
2021-12-11,17105,0.003449461342300744,-0.0036371696913857065,-0.0027235652114053037,0.016493915217620454,0.0035852026352219506
2021-12-11,17107,0.0006407763788068158,-0.0015211723856224362,-0.0001503453005233849,-0.0023899141976183452,0.0015658080436278653
2021-12-11,17109,-0.002013555103893944,0.0027352009282860463,-0.0024750499929363226,-0.007150534276297181,-0.010216114766700141
2021-12-11,17111,-0.011267547721962257,0.014416871521070017,-0.0018661025559157211,0.008807721358222484,-0.03208741122638434
2021-12-11,17115,-0.0006788506971482857,-0.0002212842889782521,0.00017602884669413532,0.00297470864612279,0.004074924614677657
2021-12-11,17117,0.000948515765737401,-2.594573658096927e-05,0.0013943274320297287,0.006749937302166317,0.0010808782988880501
2021-12-11,17119,-0.0003847676230933697,0.0008844363296056715,-0.0002487324442819877,-0.0016992897211506736,-0.001143576451383535
2021-12-11,17129,-0.006454886377434965,-0.037291568195476354,-0.023374497294229024,-0.0030702877730177935,-0.013017897020641794
2021-12-11,17135,0.0003463240262548319,-0.00011296355338081526,0.00021047776471865606,0.0013999806038058659,0.0038574578593795032
2021-12-11,17137,-0.0004862375096300561,-0.0015321140581351224,-0.0028634780355556344,0.004361730953210701,0.006943032583899283
2021-12-11,17139,0.00101411203735291,0.021806026472127815,0.011976883241136105,-0.059270801489733016,-0.07031226447518524
2021-12-11,17149,0.002416098784771885,-0.0015390439496222297,-0.0012412351611273244,0.0020993358206973967,-0.0018638898336999464
2021-12-11,17161,-0.005341812320915488,-0.009234807937043071,-0.03580659452181658,-0.03824574124934531,-0.010047322982586293
2021-12-11,17167,0.00011377752354512936,-0.000490440424367247,-0.0015847559177972854,0.0027134683516232844,-3.648856146883637e-05
2021-12-11,17173,-0.0007375248994712091,0.005866328238498711,0.002606351549803987,-0.013238100877046077,-0.016636046772881413
2021-12-11,17177,-0.0153493390334248,-0.029073143222277567,-0.018163269511177388,-0.06081649228057795,-0.004204597501356058
2021-12-11,17179,0.003786342387697389,-0.0015063452917736435,-0.00013517103602689665,0.012624697012537706,-0.0003641124037029892
2021-12-11,17181,6.679023915264707e-05,-0.0001065423898541887,4.213204798176424e-05,0.0003018415562043618,0.000344398557637414
2021-12-11,17183,0.000742003693508488,-0.002234547912141872,-0.0031615366473132737,0.022345928998618196,0.0168937251106635
2021-12-11,17197,0.0009544901425183015,0.0020840251004547537,-0.0014929631077806767,-0.0013968234730039122,-0.018924985363289994
2021-12-11,17201,-0.004980201719355811,0.0032275594763218948,0.007372899307631152,0.005824631291166043,-0.03100448931406395
2021-12-11,18001,-0.00815678195679767,-0.013134384996908192,-0.01322726870914422,0.05039238492452698,-0.010203865377290984
2021-12-11,18003,0.019803726275155455,0.0005119832132665682,-0.008374002305862313,-0.0078023626985554585,-0.007500665229416477
2021-12-11,18009,-0.016222468349295104,-0.00044004798078379863,-0.002709908432863997,0.033450631655762085,-0.01531437476387923
2021-12-11,18013,0.014854205256114472,0.00740702091261336,0.00191669945656614,0.04381383474182657,0.03865818981323929
2021-12-11,18015,0.0009216046832338284,0.003291536031879502,0.0034677891893967177,0.003239625830873557,-0.0024882147372896225
2021-12-11,18017,0.009019603692245609,-0.005978138112385232,-0.0038407531811428947,0.014316976056491543,-0.015006931034782525
2021-12-11,18021,-0.0009489597004226132,-0.0011946733745457597,0.0028744973829801447,-0.007668438651453082,-0.018207970457294276
2021-12-11,18023,-0.0055067261232134325,-0.0008735131778483396,0.001002057485524262,0.008464100462737073,-0.00857648959902315
2021-12-11,18027,0.0034071567382214472,4.999648733572913e-05,0.005528570025478262,0.0020552119593119002,-0.0007632804533967211
2021-12-11,18029,-0.008192460948754574,-0.0030037188540388603,-0.0033966780613786055,0.029986687167122186,-0.00854952972527297
2021-12-11,18033,-0.0021653774033573575,-0.002717187910965254,-0.006904482574365548,-0.010214655045906039,-0.02496646023971838
2021-12-11,18035,-0.002494539108948514,-0.00527503217237537,-0.006970522958141911,0.025944547693814764,-0.0060003271943257636
2021-12-11,18039,0.004028964917213707,0.0007837812075863933,0.004505182981644696,0.006788857839754334,-0.005043608662433759
2021-12-11,18041,-0.00208434651267958,-0.012324500992959099,-4.108067574854282e-05,-0.06078423531121088,-0.02917109364899879
2021-12-11,18045,-0.01150861762269284,0.009339563471632673,-0.032006732489512746,-0.029085761982065694,-0.04977588718768028
2021-12-11,18053,0.0015929326356310756,0.003811546776407819,-0.0034638546880355918,-0.0027771725509477263,0.002689594891756422
2021-12-11,18057,0.008522968784671382,-0.000792659266301874,-0.00037820626722031084,0.025175863854969435,-0.016181146138346432
2021-12-11,18069,0.005455004203184214,-0.0031121775666742655,-0.0018652667125272863,0.021429598256164882,-0.012502500496194214
2021-12-11,18073,0.027372192444110936,0.00016171036174289846,-0.0026642270883135456,0.0278049163496572,0.007688535826278153
2021-12-11,18075,0.011331683314359478,-0.0017654559217254763,-0.006594839146632895,0.03458034895953231,-0.020723018652690682
2021-12-11,18081,-0.0001813460376911477,0.0017871338039475715,-0.00021471272111456274,0.0163226916511009,0.013769947797115104
2021-12-11,18083,0.006121865825354292,-0.0004483821036308272,-0.0005509372301902202,0.010954446939465762,0.05468432627682687
2021-12-11,18087,-0.08344070700683758,-0.02612062541676824,-0.016627550312975758,-0.04874561966477493,-0.025413410387402975
2021-12-11,18089,0.031073885476448196,0.006879176913911985,-0.0032433375287136187,0.012425484985041122,-0.014784329630514034
2021-12-11,18095,0.0029265425619674004,0.00045926271122347095,-0.003940092984199749,-0.003411540456763732,-0.003797446846192939
2021-12-11,18097,0.0056605476595751325,0.0002600546277465312,0.00023503891048623363,-0.003387524199643409,-0.00018408976527472393
2021-12-11,18099,0.0075504496630911175,-0.004303245215794168,0.0003946383425862676,0.0257190444489429,0.004582901968391364
2021-12-11,18103,0.006363557998081044,-0.003283959702903084,-0.0037684411656642002,0.0004341576111129772,-0.017871950059181352
2021-12-11,18105,0.0007759109821120318,-0.000173001059279183,-0.001895142762936234,0.0019349166524838726,0.0025979251279000474
2021-12-11,18107,0.0030457511925874956,-0.0002475304606741899,-0.0001598838717267381,0.013828770066831142,-0.003381649791171299
2021-12-11,18113,0.010601534806183224,-0.009657588092384942,0.0017910200331966927,0.02486012493698606,0.007162895641254307
2021-12-11,18115,0.0005102520623472186,-0.003065236093794813,0.0006718368820500011,-0.08605031285747682,-0.038416121832011534
2021-12-11,18119,0.007226692196999895,0.004535878346907614,0.003797882311583234,-0.004828961293742256,0.009177442518576728
2021-12-11,18121,-0.0012648807650691915,-0.0009700487974000456,0.00222529124835669,0.0063489395490090896,-0.01584725149204974
2021-12-11,18127,-0.002929958782477128,0.001347845372075683,0.0028761810319864155,-0.0021176156380243623,-0.007387877163357853
2021-12-11,18131,0.007060345790091398,-0.0016021921232179034,-0.006166319681398791,0.001354301107650481,-0.015373580590971016
2021-12-11,18133,-0.0035183534812112203,0.0018909004080112004,-0.0028670190936779874,0.001138880796414157,0.00257241866138938
2021-12-11,18137,0.003342519943414707,-0.001662007063335557,-0.0016711773486377543,0.032372945920793664,-0.013862482290888304
2021-12-11,18139,-0.014813239374078198,-0.0012917106295198995,-0.007673100166904565,-0.014355572486685078,-0.025780611654620787
2021-12-11,18145,-0.00813008246857166,0.0007630971277293296,-0.004240332552436442,-0.01236807692002324,-0.015396281072230105
2021-12-11,18149,0.00042268446769052476,0.002837361200608006,-0.0006250617641116452,-0.014020714980438817,0.0006905474465016548
2021-12-11,18151,0.006959070523314738,-0.00488207982878225,0.0060115545252647125,0.013560319515634743,-0.0011571074171351638
2021-12-11,18169,0.01112380699487333,-0.00443603309421948,-0.0030012044834418217,-0.0067052336138046925,-0.007704970587809402
2021-12-11,18171,0.00017649502715588045,-0.0021403496564539742,-0.0011229421740740972,0.01873091560705191,0.003385896463665078
2021-12-11,18177,-0.001336420350904713,-0.0005235573566115398,-0.004745630016583451,-0.022799180146832323,-0.05108706276991676
2021-12-11,18179,-0.0179403952212815,-0.006828411608174373,-0.007623308697596642,0.008412839006265056,-0.009279990042943654
2021-12-11,18181,-0.013832711660038412,-0.005625894376592866,-0.0043807293658539095,-7.635478353982053e-05,-0.023353436677417194
2021-12-11,18183,0.005948780140583608,-0.007370668949648822,-0.0063200097519943155,0.01223016671591798,-0.019187204191666085
2021-12-11,19001,0.05446136997187925,0.05973463907254757,0.04987111210119141,0.041624767736339635,-0.09058709577389928
2021-12-11,19003,-0.013267548992774866,0.03456204429452687,-0.06767967241634931,0.05416868633691983,-0.04703456720468244
2021-12-11,19005,-0.0030257151099130075,-0.006489548442826787,-0.01567258338650601,0.02609015903319345,0.04880349319869737
2021-12-11,19007,0.04328426898829818,-0.14297987508744425,-0.0842768214667915,-0.1859027172023593,-0.09413947456120075
2021-12-11,19009,-0.009486977620148232,-0.021036538220027476,-0.01607731816573408,-0.06262879621875722,-0.012815896285909935
2021-12-11,19011,-0.0057731517711224825,0.010059534611498909,-0.02766524783004448,0.033051662144313876,0.004362383301632827
2021-12-11,19013,-0.05330492083594589,0.13626241045873977,0.0530541167589641,0.02487494250689431,-0.059298021239763146
2021-12-11,19015,0.03754060791497085,-0.05647751117931249,-0.02976003844857704,-0.061782284783016714,-0.030913398948153287
2021-12-11,19017,-0.24691671413938415,0.04657989584165648,-0.11289435189897672,0.02292461466984619,-0.07940351261529317
2021-12-11,19019,-0.0032488195817760718,-0.03191922509113748,-0.002094613026824038,0.05116732117848988,-0.028284232406327423
2021-12-11,19021,-0.01680869290004486,0.08141333443515857,0.09739828355141669,0.09781154746550769,0.023729859960893586
2021-12-11,19023,0.002406527729838459,0.01159985705742822,-0.014349232193802908,-0.018719637844974157,0.06377123351777192
2021-12-11,19025,-0.04519879232382876,-0.029930606551964528,-0.0566421649844939,-0.15296218734109984,0.005278162894475774
2021-12-11,19027,-0.015798519231125824,0.1529748512493635,0.27927036865060384,0.09390856335979103,0.19573807199467427
2021-12-11,19029,0.07509863672235227,0.04949353670929095,-0.0441992431877499,0.07414883523279156,0.02841973346319558
2021-12-11,19031,-0.05529035404458154,-0.03693844994526192,-0.006339606365023589,0.0028463530820211497,-0.02822695381507132
2021-12-11,19033,-0.08918933621170683,-0.2030236522947203,-0.17380320549274086,-0.22853454107984994,-0.20916545082548144
2021-12-11,19035,0.00880756746884424,0.07347709027106264,0.07996869177639888,0.008161527461960458,0.001556200782223174
2021-12-11,19037,0.22264359978653023,-0.014890852955368482,0.27772519100280874,0.11046537578690976,0.10819838436212104
2021-12-11,19039,-0.018052813524657478,-0.002105952940316312,-0.0028525631708023504,0.021668340828739845,0.026724705836356256
2021-12-11,19041,0.0031796078263954114,0.007638879977482995,-0.0014533929177987237,0.04549488956707652,-0.02929895728099493
2021-12-11,19043,0.025871761194286136,0.15353078681900628,-0.005794505527245114,-0.2048631331659152,0.03588199287673027
2021-12-11,19045,-0.015089415389113119,-0.005323457583607874,0.002764590368825315,-0.012342952048203671,-0.05392649563267985
2021-12-11,19047,0.009441548048814537,0.0036719632851933068,-0.08212975587007648,0.07386866042922224,0.05628862043591809
2021-12-11,19049,-0.11283566833495648,0.10026778571503431,-0.05187103014579589,0.08947557860195043,0.03931212664561684
2021-12-11,19051,-0.024739235510423188,-0.07616593204533628,-0.09879993199465278,0.0032161382194747304,-0.00826345976284902
2021-12-11,19053,-0.005029443420429702,-0.015907926936418952,-0.014943232673822616,0.025825089361626127,-0.0032809157810896952
2021-12-11,19055,0.001302140186037054,-0.005689065456546044,0.03174051062358884,0.04139631764111686,0.010304240110811075
2021-12-11,19057,-0.01070472246400571,-0.014286680141199184,0.01112219081107221,0.00022832420530324513,-0.02978316662387391
2021-12-11,19059,0.00044398911851170446,-0.0015927080902301471,-0.0016162696549987775,-0.0017786953122293303,-0.014889415586983815
2021-12-11,19061,0.05894186582364006,0.3134780960645514,0.07253773176667282,0.003525236986678268,0.08764940708176644
2021-12-11,19063,3.0105614379258294e-05,-0.009537470660022057,-0.01575477668319901,0.022713576551266774,-0.006877163090746208
2021-12-11,19065,0.006413613604560622,0.059520803615328785,0.24788989849136056,0.05624093457347657,0.037810440357384026
2021-12-11,19067,0.031650302042908585,0.0028182896018058914,0.041074073481665134,-0.06058226056646198,0.0021035941863226867
2021-12-11,19069,-0.3531432451394667,-0.5045685661608683,-0.10726449394990734,0.07326382201042847,-0.14987656477603206
2021-12-11,19073,-1.82645067852466,-1.4925440687047882,-0.7467282960934991,-0.45035232272418213,-1.1031371034178772
2021-12-11,19075,-0.06023824246108435,0.026975461960041365,-0.0576725308195176,-0.01939634516736237,-0.017826756506316238
2021-12-11,19077,-0.19913737162423228,-0.34869507959468865,-0.2238079920532956,-0.05205155373543158,-0.0619581140138632
2021-12-11,19079,-0.0005766835217480698,-0.012777714985945085,0.003727171648586991,-0.00676766724761016,-0.006297034988299907
2021-12-11,19081,0.2024751889615884,0.12414115787993871,0.09922203665051724,-0.5023317938535969,0.08616632575888858
2021-12-11,19083,-0.003027796273214284,-0.033649155922583995,0.003801850694333947,0.013874869460449718,0.007266647785429958
2021-12-11,19087,0.0013513108181489562,-0.0034779100688487746,-0.009339769829821338,0.0054134214068752365,-0.0011501620593129744
2021-12-11,19089,-1.2657698071583923,-1.7086047146860261,-0.9324440045719689,-0.7506474903391012,-1.515522305232381
2021-12-11,19091,0.011933870391200224,-0.0314821470214629,-0.03605448321253614,-0.12798290691461647,-0.06587563068250714
2021-12-11,19093,0.01373185150385886,0.08132832353966146,0.005669573344689455,0.131148917998907,0.030437506704682614
2021-12-11,19097,-0.015368329136547607,0.04725693955635546,0.03381367369772313,0.01006073433037804,-0.048099224476929284
2021-12-11,19099,0.0006737343258017003,-0.01875673793634408,0.07014251407552283,0.02340607201968159,0.0006688934782763667
2021-12-11,19101,-0.002144102859356664,-0.014312124625111396,-0.013615186543228588,-0.009428174973753013,-0.002207833117665696
2021-12-11,19103,-0.013112420483431694,-0.001463877678336941,0.004488392496808574,-0.005155177416597195,-0.04650587463111311
2021-12-11,19105,-0.010829961597758245,-0.009747431254978664,-0.0036206049825956016,-0.01220699860432499,-0.03924801820318592
2021-12-11,19109,-0.029978356606267523,-0.015186748191186511,-0.004365768357863037,0.07703026012617616,0.021456477138831254
2021-12-11,19111,-0.03546872504981536,-0.011748245937230502,-0.006201915227182761,-0.0026688954372648486,-0.03361774241154342
2021-12-11,19113,0.004329337595298997,0.02004799181873369,-0.04456273043206463,-0.04901005528124304,-0.028957376215137588
2021-12-11,19115,-0.007606621708055384,-0.05379885029379977,-0.016509325473539796,-1.0893700499782502,-0.010809148213105217
2021-12-11,19117,0.0022654858547124235,0.020297179995355796,-0.018636202959526574,0.010417525460528543,0.0059933909075969155
2021-12-11,19119,0.0020000132331340036,-0.0012690172167377834,0.001858160179744048,-0.007700932001494635,-0.0017718216098685084
2021-12-11,19121,-0.08817675291521954,0.05852518694623249,-0.04144118073480126,0.066178618217426,0.031194776105645125
2021-12-11,19123,-0.00312383756748056,0.018684421287148076,0.005804458564976633,0.02934803760983906,-0.0070916559823084
2021-12-11,19125,0.0034588250109118222,0.012554912585553704,-0.0036845316553520586,0.01689310270001143,-0.014533304513321556
2021-12-11,19127,-0.2482892948518756,-0.005460639729358091,-0.08208190055495189,-0.1263215900955723,-0.042728957425274966
2021-12-11,19129,-0.0843142131891157,-0.19936877418065624,-0.05234206768350669,-0.39167560474937413,-0.09112632545063293
2021-12-11,19131,0.5246514190481696,0.2893937919226809,-0.18829323625510702,-0.4108554973177481,-0.190347056583763
2021-12-11,19135,0.014393387614154401,-0.010756075031630057,0.015981373875495912,0.01757126188161083,0.010210957747645764
2021-12-11,19137,0.09737026553843685,0.019420555192608047,0.014604166942436124,0.041781449801586754,0.08414759632433205
2021-12-11,19139,-0.024742969582701876,0.008775453532464731,-0.02052312983069795,-0.018377116007632206,-0.038909307663717654
2021-12-11,19141,0.008766669477130465,0.00371812998234175,-0.002746045639059072,-0.01448418560011338,-0.0011754465579839682
2021-12-11,19143,-0.0016891763660634622,-0.004962924680424404,-0.0038174061752098386,-0.004226231745557296,0.000692266397210436
2021-12-11,19145,-0.026546112006921696,-0.04712474420005297,0.0061793693187675025,-0.1721797449980912,-0.10512370174902541
2021-12-11,19147,-0.009211590481180004,0.0033191194625310783,-0.028697094710189053,-0.04261179395816955,0.0015705806674987666
2021-12-11,19149,0.005691706586546431,0.03002352376340675,-0.00873316894778604,-0.007953171130445046,0.0037160086111771157
2021-12-11,19151,0.0009958253239203269,0.09316499653290788,0.018183896809951874,0.037227633716238384,0.040658358063599374
2021-12-11,19153,0.00583521335092875,0.03092166166039598,-0.07360234605922823,0.012092024270921632,-0.011260344616083169
2021-12-11,19155,0.08725534973453478,0.019162298501200725,-0.010461407860821444,0.009884306867582664,-0.0025914166159443502
2021-12-11,19157,-0.004458354398520908,-0.006753734821307672,-0.02125556451077791,0.024555255329781867,-0.018811824103029104
2021-12-11,19159,-0.005585083413940137,0.027625449534949068,-0.020596678401763865,0.01004721996537547,-0.014423858769449543
2021-12-11,19161,-0.02760653074351005,0.06192637648033272,0.13896665227399038,-0.8586888706819545,-0.008332040444276989
2021-12-11,19163,0.008058886519831077,0.007889211442867625,-0.01859794213438769,-0.033342033738240906,-0.008128889750749302
2021-12-11,19165,0.006850920521689761,0.027385900021008477,0.015016525758951037,0.05542903367788201,0.054876687823369796
2021-12-11,19167,-0.004160450658375364,-0.00014316905175084087,-0.004956627594970829,0.0008391616520712101,0.0003809980817896137
2021-12-11,19169,-0.3112736439479932,-0.17505975829625198,-0.32271182121205966,-0.29627879251932443,-0.07420070160040634
2021-12-11,19171,-0.002328141850608423,-0.0745486307532951,-0.03311917210630966,-0.004384454685837924,-0.017920292899150925
2021-12-11,19173,-0.0008950245239304558,0.0027923191224901445,-0.03872277844753778,0.06858027312538977,-0.0047209468570983265
2021-12-11,19175,0.005741803504182075,-0.050490380673937935,-0.07126846786849479,0.010196135057162936,-0.07531542265582253
2021-12-11,19177,-0.010427003641699482,-0.15078367489466177,-0.1713392978655148,0.0027787598543675424,-0.014301409062335011
2021-12-11,19179,-0.0036542914191824913,0.007349020665611626,0.006871027396275264,-0.002205708010951525,-0.0009729380992326911
2021-12-11,19181,-0.011294174393791333,-0.006969121853053645,-0.0226771099268721,0.02592848117865324,-0.014412466052505624
2021-12-11,19185,0.004692159136395202,0.0035878805805079073,0.03942239243452955,-0.06742071860103477,0.04325722268880472
2021-12-11,19187,0.027279512070893686,-0.04242190772791772,0.0711182668421738,-0.0012674042684510112,-0.040546220062352964
2021-12-11,19189,-0.04023401016577283,-0.03634299729952725,-0.010546167761754877,-0.1347321855707337,-0.0013359305470159732
2021-12-11,19191,-0.17666052432322488,-0.8857135841455102,-1.6865298726141837,-0.8237229022389538,-1.0077152901645061
2021-12-11,19193,0.01897860269628991,0.02108668724833678,0.009323765960204306,0.01611571655104707,0.008473281466985793
2021-12-11,19195,-0.089809857170775,-0.30966619830133013,-0.5158684405270041,-0.42315633917748185,-0.2671203303998585
2021-12-11,19197,0.34788171777941423,-0.049317007636941135,0.18251720866617438,-0.6303307589406288,-0.6205727728146724
2021-12-11,20001,0.00018899758468546995,0.010123380905803017,0.011161732498336421,0.0045357747744656715,0.007775848981879566
2021-12-11,20003,0.010643479090056395,0.00372350978571229,0.016023525412802647,-0.004492190675898348,-0.0002748076960654537
2021-12-11,20005,-0.026912692323323842,-0.016653005095971264,-0.032100717244072915,-0.0823093538981289,-0.01495918969126818
2021-12-11,20007,0.06270199017813298,0.018547620473234418,-0.022852569889594554,0.10828703427302214,0.06696406166164108
2021-12-11,20009,-0.09471153090375578,-0.03680884154310747,-0.05593682318185887,-0.20808605627543392,-0.2646984004526356
2021-12-11,20011,-0.0028350978836254514,-0.002851549960987775,-0.0018319547360309712,-0.004547896661838956,0.0002660973955220052
2021-12-11,20013,-0.02494938769958327,0.06363984142424846,-0.06169869385154221,-0.1785395198109237,-0.02115571355301401
2021-12-11,20015,-0.009031343306212275,-0.007156564468249929,-0.007636002110725756,-0.004140404922824756,0.03882696390064201
2021-12-11,20017,-0.12958715649610042,-0.029843446464445256,-0.33277274847810623,-0.28540050083370483,-0.3562376131383064
2021-12-11,20023,0.0017406062742287521,-0.0017774995578748905,-0.015545013536037454,0.01741530197358415,-0.03452882352978459
2021-12-11,20027,-0.13709888949508642,0.1064313015304699,-0.016624439635341576,0.11966485430004332,-0.05042264239893457
2021-12-11,20029,0.15714872440634772,0.15554440669345276,0.0672203246695907,-0.03888619554323164,-0.04959039413845184
2021-12-11,20035,-0.017602201287122837,-0.014133885058495544,-0.004637315647027396,0.0003392336457883477,-0.0006160676136611337
2021-12-11,20039,0.03297888631947937,-0.011106648099555416,0.06225269099611788,-0.06810016303170369,0.03907101253174411
2021-12-11,20041,0.06045963349860539,-0.11344254727921177,-0.3655860459785265,-0.4697178861243314,-0.06311033925099618
2021-12-11,20043,-0.1473804566514194,-0.09755866552803194,-0.029933769109316888,-0.20230205010688862,-0.23784217640017336
2021-12-11,20045,-0.003156751581700111,-0.014908772484428925,-0.004748675321031844,0.02059553194694822,-0.0010881494604480565
2021-12-11,20051,-0.04472913104506504,-0.24978092767179516,0.1133299783904278,-0.5190148976522072,0.00024894694563293296
2021-12-11,20053,-0.1191895097866562,0.16975223377821436,0.05904328183098598,0.19131971263314898,-0.061872895256944116
2021-12-11,20055,0.014546178021057891,0.48311084951313593,0.12711848938042195,0.07457910102409987,0.19394770468350614
2021-12-11,20059,0.0025730156841395797,0.0020104612536749073,0.007608458765617946,0.00760105487430715,0.0001564345775102536
2021-12-11,20061,-0.02378617082358575,-0.030076300301247222,-0.046722020293312766,-0.17588614464268404,-0.07136098862601395
2021-12-11,20063,0.02358532495651225,0.07370482570119122,0.28810668030807524,-0.020607535437488597,0.016168030484042667
2021-12-11,20065,-0.04364292536400205,0.05540846043572434,0.34128382576769556,-0.20073862999683056,0.2985498457265865
2021-12-11,20069,0.12489205396070795,0.4135570706588283,0.16012465934321726,0.09047391442998423,0.06033181938080194
2021-12-11,20071,0.2743194959849775,-0.44514374151159974,0.22604886847724504,-0.2449764602648583,-0.654512996420404
2021-12-11,20073,-0.012262401486835526,-0.013030496037064777,-0.006969875006247081,-0.03920625290364997,-0.003800716798492655
2021-12-11,20075,0.02881939783673486,0.4568643350742517,0.10433624077398412,0.08820460830110083,0.05636483187701431
2021-12-11,20079,0.022667128503488218,-0.044660801724668894,-0.015216233072432368,0.03649660038343442,0.07407671974014321
2021-12-11,20083,-0.019513937147329907,0.11836756011554095,-0.018921973708574735,-0.03610076823279679,0.048566306634330536
2021-12-11,20085,0.02356201445081127,0.10459029354675609,0.0903736536979996,-0.1345866834654216,-0.33287060136489394
2021-12-11,20087,-0.052469736237367996,0.03362505566781512,-0.0005204201083714444,-0.10768784673212874,-0.02716818154292222
2021-12-11,20089,-0.008274405868434642,0.052099403898235835,-0.07438835001931399,0.20260538759518176,0.06192126967263402
2021-12-11,20091,-0.007697529649899466,-0.01177657011870435,-0.018938302167866728,0.02859344517338665,8.487442476463273e-05
2021-12-11,20095,0.019754785542729567,0.00440111139053017,-0.020677255035784964,0.06214587084725423,0.029243472912106272
2021-12-11,20103,0.021606788518328764,-0.01775410757818862,-0.0038410281114453666,0.006740032476709533,0.0026764337037981072
2021-12-11,20105,0.019740488886727137,-0.045824628718698246,-0.12961735459819548,0.10276053829629078,0.013892161358850574
2021-12-11,20109,-0.0065791643530620225,-0.014863965254798495,0.015505257474405482,-0.08300936927145973,0.04102295863321585
2021-12-11,20111,0.019849865726884276,0.04709810737393737,0.03389376031379149,-0.0009754439214226321,-0.040159781721639316
2021-12-11,20113,0.1488515087624223,0.031206627160315012,0.020137343425552,0.016225910033601437,-0.01945443150510262
2021-12-11,20115,-0.22787729417657446,0.012057622091280085,-0.1568728046949882,-0.2804576521204485,-0.3627394253977228
2021-12-11,20117,-0.03419448239546885,-0.03228945381518947,0.029055559054975505,-0.1024431205018908,0.04907355584680165
2021-12-11,20121,-0.017698815532503197,-0.009804982382547853,-0.005421765094152636,-0.00964114896645844,-0.0053652773749956785
2021-12-11,20123,0.028623086452134655,0.1366969673506085,0.5152710009463688,0.006646921748860446,0.36016580191440073
2021-12-11,20125,-0.0012098312679542408,-0.0003149096343464763,-0.0007705923060322929,0.0012907329316413007,0.0001006043352625172
2021-12-11,20127,0.03852016367990191,-0.00589611463917071,0.12216624142815447,-0.15827516808796083,0.0005009662396261716
2021-12-11,20129,-0.041869399999932444,-0.15704854257016132,-0.11068701281306215,-0.18237241385943115,-0.049964304282814065
2021-12-11,20131,0.08971496750961239,0.07102385513869602,0.1944053930027487,0.3680109558962972,0.27031654278732953
2021-12-11,20133,-0.002202486825782121,-0.0011165363388196767,-0.0016236194183601518,0.0014426316853107602,-0.0020958297507083657
2021-12-11,20135,0.003384174371570209,0.049833330795004654,0.331422642065644,-0.00513625155908784,0.1741152379930134
2021-12-11,20137,0.027898807828787925,-0.008375249073346469,0.05053277670836344,0.06867445415970155,0.01722447332341856
2021-12-11,20141,0.11469594691888146,0.1835404884777967,0.11241969751986301,-0.008029115446979457,0.14021091144541648
2021-12-11,20143,-0.1233620716581263,-0.3971055091214821,-0.48662240845432914,0.6045118806927299,0.2568911004941725
2021-12-11,20147,0.1882939059764169,0.32924499102608484,0.31012024276261996,0.12012513627354264,0.02895608596185357
2021-12-11,20149,-0.0033310794458030757,0.008185962064098981,0.038722837781980685,-0.12588883980967658,-0.025574163015330567
2021-12-11,20151,-0.00038586273370361246,0.00519179602021938,0.0023062854890509854,0.049293300418472984,-0.020126018451857186
2021-12-11,20153,0.008629296074942984,0.0731775299553119,-0.03317135613076321,0.03486823440905178,-0.04933650205502542
2021-12-11,20155,-0.007471020497821307,0.01423765105572928,0.008490197815509387,-0.05624218727341647,-0.03879496068267346
2021-12-11,20157,0.17851246242922483,0.031210445606513593,-0.08474707932080841,0.2567156758032975,0.2863977817213751
2021-12-11,20159,-0.0066857893685535255,-0.0009522354144807406,0.01330468650180281,-0.07898361320159522,0.021591721921734558
2021-12-11,20161,0.0527216875677086,0.04592124634221348,0.031113127317637553,0.0004581911501246802,0.09235094459235668
2021-12-11,20163,-0.11096120111349461,-0.025292382690348447,0.07697007767587277,-0.29690439767814053,-0.10958825193875865
2021-12-11,20167,0.02821046183527992,-0.03040827335275441,-0.12250274648088418,0.029653917398935442,0.02101538880878815
2021-12-11,20169,-0.10328000526656878,-0.29765344129810933,-0.5315919410804508,-0.4479471551975509,-0.17303507526943074
2021-12-11,20171,-0.008779639154687546,-0.08389476949782906,-0.11457099007574864,-0.23059563644801587,-0.06384275740592654
2021-12-11,20173,0.052974529542616694,0.037343638252359465,0.002125166482442528,0.027526726504801435,-0.005296966870297952
2021-12-11,20175,-0.015321062387544881,0.1686261065221795,0.0719839392916824,0.033184064953750224,-0.02793789960738175
2021-12-11,20177,-0.09046841513129403,-0.02826013239207656,-0.053775459177554004,-0.12433337095211172,-0.14359882202828853
2021-12-11,20179,0.08870299466780493,0.2700168657096292,0.012009794730336754,-0.03616610020443334,0.030098822121100516
2021-12-11,20181,0.003801325849696932,-0.009530124717000994,-0.015503142595912709,-0.006833078648478189,-0.012747991833589616
2021-12-11,20183,-0.018738337098867505,0.14867666879898095,0.19019540165774101,0.1189137960221571,0.5919449510976478
2021-12-11,20185,-0.011200796768222387,-0.07263276693735782,-0.052578717085714266,-0.1781427970343551,0.023992388232075723
2021-12-11,20191,-0.07902568572831963,-0.045439259268397474,-0.09191718298131037,0.0055538592878215665,-0.026402845366693697
2021-12-11,20193,0.012294998933550141,0.035319357841123694,0.03024498659286229,0.01677205824737959,-0.03817016014005563
2021-12-11,20195,-0.10010190030694655,-0.027150814767720133,0.051557868958111264,-0.25562162202793665,-0.10493338896131921
2021-12-11,20197,0.20759758852292398,-0.08421897820539681,-1.378387625343749,-0.4151637675813773,-0.05397607738363552
2021-12-11,20199,-0.00952687367956373,0.0043046909676848905,0.014794071906205089,-0.0340444823217881,0.006424311582138562
2021-12-11,20201,-0.021597219001713075,-0.03261769020761751,-0.011846149090468522,-0.10233769757045366,0.06468371202432116
2021-12-11,20203,-0.08648158549168183,-0.379901552916575,-0.2722800709669797,-0.6011488635478002,0.7009889189820258
2021-12-11,20205,0.0010386073953082102,-0.0016846492998014964,-0.002490360836796554,-0.0009711313394852664,-0.0064136660254689
2021-12-11,20209,-0.04195918928763906,-0.02265784954017098,0.026847371672971465,0.005718191385741492,-0.005269092913875555
2021-12-11,21001,0.005208366481680582,0.0012163524858439974,0.004378347808322986,0.00761354292997551,-0.006483560176146052
2021-12-11,21011,-0.0006930145306306575,0.00046543516975843663,0.002070496613977072,-0.008138459318476846,-0.006973520590280644
2021-12-11,21021,0.003242225123077834,0.0015148733797780804,-0.0018741955773208911,0.01688572701728992,0.018546496149359937
2021-12-11,21027,0.01160223675609686,0.0005496862037175435,-0.001256533883078892,-0.05908596520138375,-0.05855731104184644
2021-12-11,21029,-0.0026363531440478966,8.832436919457495e-05,-0.0014503118820757641,0.01100203604986277,0.0167986672447587
2021-12-11,21031,0.01851248839938248,-0.0035269347185744523,-0.0018998356243888834,-0.1327205870769975,0.11572123634573067
2021-12-11,21033,-0.062332573460888385,-0.006474365902461532,-0.004357066934702614,-0.29631306811368197,-0.23158553449981945
2021-12-11,21045,0.0019174544788926277,0.0024456621394458294,0.0024396708447746735,0.0029253272030528013,-0.001995841190985618
2021-12-11,21047,-0.009883353535143191,-0.003287660931383385,-0.026334495787776524,-0.06760018295465453,-0.1962734741121726
2021-12-11,21049,0.002978280713067459,0.00018392654553139702,0.0016234705292994126,0.006283595585966618,-0.0016758143610210454
2021-12-11,21065,-0.0039876323114208575,-0.000717499769768413,0.0025984367827934264,0.0036953272931694843,0.0016270947339829729
2021-12-11,21075,0.00889013237352243,-0.0008874826156470839,0.004629614571688201,0.22906743864764678,-0.1828560663939065
2021-12-11,21079,0.0038312696066074453,0.003309885845593932,0.0012366453145738789,0.007646840660631355,0.01155791778708623
2021-12-11,21087,0.004609210189129096,0.0011256264898429538,0.004052217271257919,0.0011195717897416963,-0.0038134703094301454
2021-12-11,21093,0.0011150580233942578,0.0001939560464042831,0.003920650551103699,0.006752612428360968,0.014301286302406683
2021-12-11,21095,-0.003207015181583818,-0.0010662901901644616,-0.0016022506391020555,0.0016208905277103648,-0.01244952605205796
2021-12-11,21099,-0.02064899498788904,-0.003952926287920017,-0.01958536631871756,0.0070126157323264215,0.01165102077339547
2021-12-11,21107,0.012668981643940924,-0.0011438729232029488,-0.0656532035373294,-0.07506842358757648,-0.564264690571223
2021-12-11,21125,0.002415578811402271,-0.00043089950456653113,-0.00035004348559824084,0.0031058689548227407,-0.0004355680181709976
2021-12-11,21129,0.0008827202361177625,0.000980893747267455,0.0018224225134495526,-0.0028500826973109636,0.0017708347276214642
2021-12-11,21133,0.0005037067906507302,-8.170181543830802e-05,-0.0014608544381147504,-0.0005343935116981545,-0.001343652952335201
2021-12-11,21137,0.00043588536628657595,0.0010091638232707372,-0.00039887822800655816,-0.0025173129970146885,0.002100633298906753
2021-12-11,21141,-0.029385353640735967,-0.0031476505607158645,-0.04870323315927422,-0.1099096844036018,-0.24926571554833096
2021-12-11,21143,-0.017255957131003946,-0.0007322344846235618,-0.03716507610594552,-0.007070696432372375,-0.017481006708570473
2021-12-11,21147,-0.0007177627895121313,-0.0008802113367679569,0.0009686890470517956,0.0016429710689055545,1.787973371442618e-05
2021-12-11,21151,-0.0038434860374032386,-0.0009086142176933237,0.0006464095833218393,0.00033800632261577705,-0.0014353503865135778
2021-12-11,21153,0.0035921558108041735,-0.0009225102418898429,-0.0006125310968806792,0.0005783762181038755,-0.0010915805726943659
2021-12-11,21155,-0.00513711099816095,-0.0020666779598718724,-0.005108834326918728,-0.009679414235220854,-0.010636853036310866
2021-12-11,21165,-0.006083212382139658,0.002558162048568069,0.0032727862976121846,0.014694622132466917,0.004254493697445794
2021-12-11,21167,3.445032135778944e-05,0.0009200412316614625,0.004482961700989131,-0.009522611137933696,-0.01588237831851392
2021-12-11,21171,0.002073625735690577,0.00284474605564344,0.0034514842394999037,0.004319794036623401,-0.00020229925172198307
2021-12-11,21175,-0.0034312623514174048,-0.0005758902634125304,0.00047699861518096884,-0.0013135587353142256,-0.008225153900081699
2021-12-11,21177,0.0394583422920009,0.0038828286682588975,-0.0004557820311078542,-0.10945443147143911,0.010297373256192677
2021-12-11,21183,0.13061798345882814,0.02445068117495941,-0.0032530009736531085,0.46920271067854347,0.3203006594731319
2021-12-11,21195,-0.001136472615040943,-0.0002207407375473345,6.838748135470744e-05,-0.0006045405235956241,-0.001169640190416623
2021-12-11,21197,0.003740137067467903,0.0006409092630784916,-0.0005004221196453582,0.0025171407448977973,0.004523983065984361
2021-12-11,21199,0.0033792245333308484,0.0005623166741560229,-0.003478985339955231,-0.004914403561183677,-0.005522670796044127
2021-12-11,21203,-0.00149060090560012,-4.024317823921042e-05,-0.0013781500895161652,0.0009390456104244639,-0.004096420505331664
2021-12-11,21205,0.0006203520564417669,0.0016089561988698927,0.0018202267734664158,-0.001692756544052453,0.00192634821836848
2021-12-11,21209,-0.0006336269913751239,-0.0001079467553439387,0.001312305414274678,-0.007086600362609574,-0.011227290120599333
2021-12-11,21211,0.015563930362260748,-2.060666707282585e-05,0.00010902746807108085,0.0043831592262539845,0.013703533651856422
2021-12-11,21215,-0.058888388301194375,0.0007025884503071567,0.0022866030791687947,-0.0014466219026771643,-0.047155527135751434
2021-12-11,21217,0.0054357449798183854,0.0005359066289686767,0.007167689756702816,0.0014403802596565916,0.00497861232681824
2021-12-11,21219,-0.16083487938378394,-0.019871402050780418,-0.13813574062350398,-0.8435409019568954,-0.46629145252738535
2021-12-11,21231,-0.0003522046711702969,0.0005167769117650446,-0.00167514172325689,0.0005308662545077652,0.0014013315521332068
2021-12-11,21235,-0.0003936517261896586,-0.00029424430041485004,0.001003963036619637,0.0008837597926970426,-7.58242473646522e-05
2021-12-11,21237,-0.003587615770948958,-0.0007665244447234978,-0.0005627091916027309,0.006815545040391467,-0.010545180710323558
2021-12-11,21239,0.003977822849195927,2.715663189935616e-05,0.004481968273908995,0.001684379328363901,0.0044117155630670766
2021-12-11,22017,4.239539948279144e-05,0.00023441057450137356,-6.632759308832783e-06,0.0023845916481069172,-0.0011686334135355457
2021-12-11,22119,3.5915912792585546e-05,0.00038783279451073006,0.00014381181490982065,-0.00024640624364304173,-0.0009685434733886287
2021-12-11,23003,-0.004824551214272743,0.0005608333470077918,0.0014683391078901629,-0.006562498374738776,0.000662416783887535
2021-12-11,23009,-0.025328928348135164,-0.0004720794735943142,0.0024590869475177406,-0.05570937781250128,0.01272905886140754
2021-12-11,23021,-0.01082103270748725,-0.000280009075981128,-0.0016958879478205088,6.770070447317811e-06,-0.0006859337769133181
2021-12-11,23029,-0.03572824515185087,-0.00269639312507278,-0.003264010550321711,5.197276608932995e-06,-0.021155896685980686
2021-12-11,25001,0.02673658985226641,0.15290792623224891,0.05212108421503673,0.19713936623716444,0.043666601430085356
2021-12-11,25003,-0.03766490133909124,-0.0013671714285681267,-0.0006629030201353086,0.008795242828178642,-0.02312813203212894
2021-12-11,25021,0.0013042752455971786,0.004888922829094394,-0.007473934146445084,-0.004672424853849638,-0.0024020320831976277
2021-12-11,25023,0.00430198716446051,-0.00662828496495553,0.001390587140040759,0.009525138949782694,0.0001689613130974588
2021-12-11,25027,-0.06036800596479706,-0.0012557330779380173,-0.0011309141851836325,0.0009646366393578285,-0.04727637755816506
2021-12-11,26001,2.4512905933584648,-0.337555652956965,-0.2893746323858233,3.601466043770337,0.07805339242850007
2021-12-11,26003,-0.0659615965337127,-0.040737208183197975,-0.03698722634743627,-0.07550139340468168,-0.01968795427666922
2021-12-11,26005,0.01373108201754708,0.005581669628673392,-0.03615501412470843,-0.00283562255225029,-0.004190991640551504
2021-12-11,26007,0.04437271661153759,-0.08403291346624336,0.4843773569302112,-0.00842705944359217,0.43139324097283255
2021-12-11,26009,0.8484690694716055,-0.24446429657221347,-1.8013770524091548,-1.0616303434788887,-0.8810023087226888
2021-12-11,26015,-0.012602455041809435,-0.014061118397108167,-0.00025166816084756446,0.004548693374975809,0.005939455219119233
2021-12-11,26017,-0.04774771296960601,-0.018533008632365403,-0.005671978671940851,0.03794187451275836,0.009800705534801772
2021-12-11,26019,-0.02263316332116337,0.10753330148098705,-0.030472067748362988,0.03625689261506204,0.0045681902145882775
2021-12-11,26023,0.002241698242182264,0.009099682613520947,0.003872967063433621,-0.0015144085100023737,-0.0015745085323567165
2021-12-11,26025,0.012063830586312253,0.013644189772956412,-2.9761590647269485e-05,-0.008292700298292491,0.06800172978747168
2021-12-11,26027,0.16419050235162147,0.09691757713003635,0.05994964716902529,0.2887348169513644,0.11421562864509305
2021-12-11,26029,-0.18225521048627646,-0.11055726167910374,-0.3539232622643823,-0.04607367759623371,0.06314249675706929
2021-12-11,26031,0.6528755496041628,0.20985267527385199,-0.008580536971074748,0.33556718343236636,0.24863902767702248
2021-12-11,26033,0.03274421571654074,0.050324212048839766,0.05623704128508336,-0.01485077929233361,0.06932810775068339
2021-12-11,26039,-0.13329872387832836,-0.028708596454652957,0.5413881766139113,0.036441654965127634,-0.052894631749730636
2021-12-11,26041,0.2626406000535467,-0.21553663907300796,-0.08233469196590285,-0.10166043361489238,-0.11048412741631837
2021-12-11,26043,0.026760877967152,0.03389761633736488,0.07513266917069038,0.046166947571703296,0.026692845853533334
2021-12-11,26047,0.06985153814327937,-0.12466700476331438,0.946266891307202,0.4144699616416366,0.35953179198373775
2021-12-11,26049,0.06967791971255584,0.03468054192072119,0.01827632985295472,0.0020913251834976335,0.009853020160029598
2021-12-11,26051,-0.37800847080009486,-0.019108246572618726,-0.17296303123064163,-0.20599712358361108,0.5617303648499612
2021-12-11,26053,0.051415089026245725,-0.006248287647286077,0.051465488983711144,0.00956228661714914,0.06734937001755154
2021-12-11,26055,-0.45577169872227347,0.11613065487722453,0.8763523586116407,0.25582627973497984,0.28304605536143906
2021-12-11,26059,-0.17573585898188065,-0.044073173802308734,-0.02509620346688044,-0.07815485382966555,-0.03871872471413932
2021-12-11,26061,-0.006928208399003238,0.04078345336097999,0.0037039983427562956,0.13410219368862308,-0.0052484472267685794
2021-12-11,26063,-0.08271904521101961,0.05704712169912235,0.07827100571191647,0.02586161906363421,0.5549689984575793
2021-12-11,26069,-0.2778491688001481,0.42235573322869646,-0.2150096089931407,-0.2373295756108038,-0.6208281316683224
2021-12-11,26071,0.2989148331925304,0.36121206341115225,-0.40261445586977074,-0.17933748718053444,-0.4345247602778
2021-12-11,26073,-0.03850359915254259,0.19222469204670137,0.030632979711014724,0.16949613812630265,0.39345321249836124
2021-12-11,26075,0.005282605122194521,-0.0008527212104814264,0.004142910133819077,-0.003190678457052301,0.03915717889801571
2021-12-11,26077,0.005603171349693543,0.01098873340236101,-0.0002855187770878474,0.01096388274263583,0.10602748033203335
2021-12-11,26079,0.2263209731977439,0.16661128148733104,0.07680108847454692,0.16574253222011232,0.1457731741205501
2021-12-11,26081,0.09938844329815383,0.11249840931411503,0.006598669720811502,0.017760976144053954,0.08754912648472654
2021-12-11,26083,-0.0678609470387449,0.12584726690446957,0.0525069176261046,-0.11292995300380615,0.06720126890562228
2021-12-11,26087,0.1533167265360354,-0.03424084744827588,-0.07733754430446305,0.17703879727329275,0.38456139488846075
2021-12-11,26089,-0.3159729322510534,-0.21993303591383534,-0.08402127089875089,-0.1948754011337077,0.026023731039289205
2021-12-11,26091,-0.0021404747007986724,0.0005304441778267582,-0.002319536048908874,0.0009044379763964647,0.006010314222843531
2021-12-11,26093,-0.02386895910099885,-0.004495969110827183,0.015784423257842475,0.017994511233592428,-0.04695961756529392
2021-12-11,26097,-0.16236241909637572,1.3470562750609543,0.8538936632984151,0.8462346310209108,0.3993062324921972
2021-12-11,26099,0.0015718318851343054,0.06370506826753576,0.012275159281430813,-0.0028021235685388524,0.2684582186032338
2021-12-11,26101,0.08749662529462737,0.06827760876955796,0.11933526072676082,-0.06102492363718123,-0.015769032965603752
2021-12-11,26103,-0.004739024004238273,-0.05494518491763782,-0.0042788204196570236,-0.0007161633209579483,0.004997664219342845
2021-12-11,26105,-0.14464609271610623,0.08755173667621016,-0.0019945320656151247,-0.5423635656707881,0.051823286526328685
2021-12-11,26109,-0.1622571901404966,-0.06404013950473908,-0.11100901072225777,0.016044128485922293,-0.09035204431891874
2021-12-11,26111,0.09517841226055257,-0.05133788341638712,-0.19891753950438734,0.05885698435433695,-0.2184542489021638
2021-12-11,26113,0.5868964418682824,-0.32565343560780824,-0.3411565224731543,2.126394521494873,0.8977292604708457
2021-12-11,26115,-0.34046667458452917,-0.22165894734790115,-0.11709440626291168,-0.1761934223065985,-0.17086040902609756
2021-12-11,26119,-0.06174683210292635,-0.08788670465487641,-0.11729775055103647,0.31247513453172093,-0.03171806953656485
2021-12-11,26121,0.006122361824318502,-0.2268510364209638,-0.12519875470956882,0.15865005612346808,0.11054886822074428
2021-12-11,26123,-0.2265036884161659,0.0342264896626788,-0.01900116843735003,-0.6885150965075268,-0.12228411854636345
2021-12-11,26125,-0.015013961865980455,0.0005081680782098343,-0.004611010969702629,-0.01705628422891355,0.03512429611743247
2021-12-11,26127,0.015313405882548786,-0.12837158102505541,-0.09212354895431464,0.08146129436618868,0.056660212044075745
2021-12-11,26129,-1.0396299440059176,0.5127837984683357,-2.235510813855992,-0.7368148010045985,-1.4950148246619137
2021-12-11,26135,-0.643864687607858,0.5388645441720437,-1.1313331778377291,-0.5702327118366304,-1.0648807629226562
2021-12-11,26137,-0.07505971246008182,-0.0037957846327298372,0.2954443970526951,-0.0963554105610692,0.13791782300337024
2021-12-11,26139,0.007873733853580596,0.12612433121426994,0.004348325713721922,0.14435397428147334,0.06677975862875654
2021-12-11,26141,0.04309747878464498,0.04096227885583391,0.16658544171313186,0.005524049955371563,-0.02207838793124546
2021-12-11,26143,2.001507587175979,3.4471567005384323,2.216574678635415,1.4168331354012924,1.1961849421073927
2021-12-11,26145,-0.010842702348559607,-0.005160078532104991,-0.00521741987992623,0.0022356064816231504,-0.006029212718186154
2021-12-11,26147,-0.18205565497865003,-0.06701829990451122,-0.006856003811218314,-0.013602662934899257,-0.19604253525409857
2021-12-11,26149,0.01964482026787422,0.002695566194580709,4.3551751677060185e-05,0.005019820454888663,0.033588583110033626
2021-12-11,26151,-0.4082260244980944,-0.25417918316237287,-0.19526649203455315,-0.18349921001866498,-0.5704539573459592
2021-12-11,26155,0.02104855450335444,0.009366389125617814,0.015161573736340268,-0.00760869441146558,0.05556030360725055
2021-12-11,26157,-0.011823112598470825,0.007521272770956398,-0.012899146224045158,-0.005456495297114408,0.010606122474043335
2021-12-11,26159,0.006141827082975074,0.02809970143914879,0.03127294155763585,-0.012846377703814568,-0.024325854815041417
2021-12-11,26161,-0.00569800365077059,-0.022680325721157506,-0.025709081153627186,0.008625610585855321,-0.004445624041365594
2021-12-11,26163,-0.025561902166913522,-0.04581779340824203,-0.018152870800951987,0.01018362861006998,-0.02648035913408489
2021-12-11,26165,-0.11101333810229447,0.044956949913003516,-0.01579453999216779,-0.20241474398541603,-0.402590646014869
2021-12-11,27013,-0.032855784986697736,-0.005564931868726818,0.005873077901872338,0.021334184086335892,-0.0280518233159483
2021-12-11,27015,0.0011098911759345464,-0.0025048438426543834,-0.0016844334513499391,-0.040079430038794085,-0.004455524511904537
2021-12-11,27019,0.010317812388509196,0.018707605383844608,-0.00842438517820852,0.0018997022401030742,-0.004997942734083614
2021-12-11,27023,-0.0018892465662900737,0.0008172389486628246,0.0007081697808513756,-0.003472282413845386,-0.008535366461221588
2021-12-11,27033,-0.0006379490490517389,-0.00011038543363712724,0.0012509191511223972,-0.0015990701369888913,-0.0009077671385631938
2021-12-11,27037,0.051556315128361285,-0.027378509175466914,-0.017416064781447575,0.10530919888189741,-0.009222760895337957
2021-12-11,27039,-0.17062140729621178,-0.14056876671798169,-0.07860979899235399,-0.24665730113170004,-0.055180559410635044
2021-12-11,27041,-0.0008382729855709141,0.00038726667699954924,0.00044136163846020867,0.0034800724565341194,-0.0009854495053329996
2021-12-11,27043,-0.010336368939592902,-0.14609964241430226,-0.1683793902238327,-0.02895034822986281,-0.03284766217137608
2021-12-11,27045,0.11761350087907393,0.22570549537583545,0.1561029626007422,-0.30346515336000407,0.039242937685303375
2021-12-11,27047,-0.03443191947895175,0.03634226166914631,-0.08341277446743803,0.11112878459551992,0.04195577587277699
2021-12-11,27049,-0.0004073856711035292,0.011296204634442792,-0.013428995271191188,0.026520416929794198,-2.161221763873414e-06
2021-12-11,27053,0.10955831632037137,0.006654659976483859,-0.0008389820171990844,0.018250804483061718,-0.0014455976205688921
2021-12-11,27055,-0.055485477913061215,0.21321090858268957,-0.01588462909349106,0.11086021064966682,0.05979283173725286
2021-12-11,27063,-0.006344120193366488,-0.0071628679427870375,-0.007187388196656276,0.003909243652660063,-0.0026566537131217332
2021-12-11,27067,0.0006065674934160967,0.001985123535201556,-0.0009004902154618076,0.011386677607042501,0.0015874207737207506
2021-12-11,27079,-0.052223230057351286,0.016102293717460418,-0.005349640252774603,-0.03365670802472869,-0.02260162503699236
2021-12-11,27081,-0.0021602892548338434,0.0005685234408340902,0.00011600838434368092,0.0006606767570023031,-0.0002961395650439595
2021-12-11,27083,0.00039713278087394506,-0.0013451521990285884,0.0007137089144347488,-0.002416459165197301,-0.004896328401381629
2021-12-11,27091,-0.07111363561246678,-0.013190549339966336,-0.006913839806977854,0.03633372745850222,-0.024215046856419533
2021-12-11,27093,0.003738067557813852,0.0016705446112273616,0.0032776568498161084,0.009058662797154969,0.0166909964702462
2021-12-11,27099,0.2976972302494429,0.11098081073074728,0.23244650674301337,0.1618855601525786,0.037614059817780945
2021-12-11,27101,-0.0011198982200773238,3.301716111956993e-05,0.0017834894963457896,-0.0013270010822289788,-5.968637570657532e-05
2021-12-11,27103,0.009999312494799576,-0.0015476830093614398,-0.008317297314523405,0.018609612445180123,-0.011339523864761974
2021-12-11,27105,0.0020490609885100647,-0.0008994028720552701,0.0023202096794554877,-0.0013508421562447468,-0.002412756324735591
2021-12-11,27109,0.03217538688176249,0.04439184828527131,0.07862553401164553,0.003113177112282043,-0.0023157950149799832
2021-12-11,27117,0.0008081411476866859,0.0006075024105534513,0.0036201217275227517,-0.00036624256515143034,-0.001406870331969642
2021-12-11,27121,0.0032524846969321885,0.0012001904061545382,0.0030830355909598644,0.004852268498129892,0.00013788652908935895
2021-12-11,27127,0.022735107490566404,0.0010499724563472063,0.004294466937456776,0.0025043252608856065,0.019138034028761408
2021-12-11,27129,-0.001848890762945323,0.006558052809783378,0.0028832815229776236,0.003153164694266103,-0.009632457935239445
2021-12-11,27131,0.010826885758394321,0.0053939747956926794,-0.018226645510292752,-0.005656182178081736,-0.02417248469335516
2021-12-11,27133,-0.0016165187137738473,-0.0010566669768681072,-0.0015138762703885578,5.3578534817512306e-05,-0.0003736027771401964
2021-12-11,27139,-0.013882597527570074,0.008794769725348227,-0.013818255899669792,-0.002974520727092936,-0.02041942120948538
2021-12-11,27141,0.0009707554927378386,0.002014652230107354,-0.002334423194601946,-0.0007913454930484507,-0.001717213104718599
2021-12-11,27143,0.006350668518191216,-0.0022392108083634996,-0.001537400423458863,-0.009972008401598814,0.016394649805510766
2021-12-11,27145,-0.0031258276687515275,-0.000831780639701676,0.0009155805516140123,0.037294054788980256,0.0008944652691702621
2021-12-11,27147,0.020056317501588147,0.0028471500154318014,-0.012704256642999581,0.0828880821316414,0.06072417892203935
2021-12-11,27157,-0.021507259665804815,-0.018738190882404512,0.043196350489815044,0.005078067453785973,0.07712032509237429
2021-12-11,27161,-0.013277254446900151,-0.014396636588775089,-0.0480036797355521,0.03175921947899067,0.011779301649555263
2021-12-11,27165,0.0027505327771213776,-0.03867840047305694,-0.001631324139947203,-0.017432923140915654,-0.013060977395671868
2021-12-11,27169,-0.01520088375297717,0.050620925096590934,-0.029852326219947434,0.064211402862556,-0.0005960360540711931
2021-12-11,27171,-0.0033610251557438207,0.009198128487000022,-0.002994757431110783,-0.02517510322940236,-0.013301010352623838
2021-12-11,27173,0.0024527807337576847,-0.0009772436464362691,0.0029754353847368884,-0.019614056675643764,-0.004148873129656757
2021-12-11,28033,0.002735304309525648,0.0007206955158138573,0.0015966623857167081,0.008497664929557225,0.01506254744386904
2021-12-11,29003,0.060624747725988026,-0.03780075232236313,0.10085336501980036,-0.23285115125059308,-0.17970470374829772
2021-12-11,29005,0.018669803083300462,0.016104837318952278,0.01926152124318775,0.029195325885267354,0.00016704611401242853
2021-12-11,29007,0.00018892003456564112,-0.0009067517827221997,-0.004237830348974481,0.0001255239695893591,-0.0028262111322881656
2021-12-11,29009,0.0002808905563453177,0.00036546336637289015,-7.862363373336916e-05,-0.0002126316203079695,-0.0004147156922219663
2021-12-11,29019,0.0021299968016596105,-0.00016361174980391723,-0.00530624704802841,-0.0013146742737355829,0.0001943122808803527
2021-12-11,29021,-0.006381675169550627,-0.041914815848104525,-0.012921106478237687,-0.10994720579177858,-0.035583593433284766
2021-12-11,29025,0.015108828178865802,-0.03421460908421781,0.013437131151822754,0.00971913848076119,-0.02559771706248181
2021-12-11,29027,-0.0024098440242702936,-0.0030407293775933262,-0.008077188699621428,0.0005423623132917283,-0.004957405259768063
2021-12-11,29029,1.7752268060881437e-05,-0.00023415519958106543,-0.0006714893650610113,4.071753845681647e-06,-1.0031372192127568e-05
2021-12-11,29031,-0.00019946811416803457,-0.0002129276919394063,-0.0002079990179045235,-0.00014214076753360093,-0.0009289996075381398
2021-12-11,29037,-0.04249583726790629,-0.0053941192251679045,-0.019312252881686122,-0.0009912437730405198,-0.016975382515003336
2021-12-11,29043,7.332012065884401e-05,6.497132426583742e-05,-6.773311515026405e-06,-3.4272573376032322e-06,8.645775613583121e-05
2021-12-11,29047,-0.01993192407443423,-0.0022261380565177288,0.020216664109244244,0.008875809112594916,-0.007773709828648423
2021-12-11,29049,0.03277054347214775,0.03307633447066059,-0.07726771433115351,0.01725158963709144,-0.016926856676497026
2021-12-11,29051,-0.0008372280445669237,-9.260490248091832e-05,-0.0003006573221375396,0.00024107505630026007,-0.0012324698050115797
2021-12-11,29061,-0.008901777320775614,-0.003304421839148572,-0.004770614098142955,-0.022887518180575692,0.004451251386904505
2021-12-11,29063,0.007343014621494406,0.035998308690309205,0.010874579943359997,0.014474609151437057,0.03577166013718327
2021-12-11,29065,0.0003826157361241499,-2.827895513649167e-05,0.000944298530919058,-6.793593378749793e-05,-3.895699377576658e-05
2021-12-11,29067,3.333637992356171e-05,0.00024375142269031803,1.942129685606549e-06,-0.00045853294307108205,-0.0004055682710123611
2021-12-11,29069,0.0031200469184582058,-5.88420259907403e-05,0.014660655538118472,0.05759370040414231,0.08503652704568761
2021-12-11,29071,0.00015514891901589152,-0.00020441403458366187,-0.0011457135738100806,-0.0011830991550730845,-0.0003087937778082821
2021-12-11,29073,0.00033263732280658376,-0.00015151642527558642,-0.0013190174889445242,-0.0006560373261595594,0.00026594016494585655
2021-12-11,29075,-0.007268476170576757,-0.0013784850825766248,0.0009143340071523509,-0.040143058721280295,-0.013427814743409747
2021-12-11,29077,6.109763997277722e-05,4.7396304380449995e-05,-1.5827917128481825e-05,0.00013148747007554577,0.00013484289947681034
2021-12-11,29079,0.016842860560908196,0.005925729472668992,0.02680685616607926,0.03463741916194369,0.009050353406369761
2021-12-11,29081,0.04259836847651112,0.03842366299971737,0.006817438171945633,0.003318963441013907,0.003202804249977223
2021-12-11,29087,-0.26735736503444496,-0.048465995664973116,-0.11955889251193147,-0.21636887183168507,-0.20273332728310534
2021-12-11,29095,-0.0033358954859238343,0.0008150541584235789,0.00029536675688389066,0.003000028090480779,-0.0019012906776906275
2021-12-11,29101,0.0021331075452796326,-0.009103758423177713,-0.10706871401590307,0.00749340114099009,-0.009212860040111633
2021-12-11,29105,-2.6488491982751706e-05,-3.9874193670069854e-05,-0.00026082996594387227,-0.0001943710386485076,-0.00023765928422246784
2021-12-11,29111,-0.005522720170138165,-0.07049357979209245,-0.06458692421252948,-0.008230822103274535,-0.01147935367834154
2021-12-11,29113,-0.0003398218339531814,0.0002628339990731095,-0.0014144514126229711,-0.004885294249446427,-0.0035866717180594865
2021-12-11,29115,-0.014833717998619711,-0.024740907882550782,0.000716392361759341,-0.0053146305830091625,-0.0240930639745069
2021-12-11,29117,0.012569938780842095,-0.0011292306990269355,0.01130658684650486,0.023187545854371563,0.00034455137325678856
2021-12-11,29123,-2.813511620724466e-05,3.7317033469589115e-05,-0.00011008567827269268,0.00020449283419580067,-2.0175202777239433e-05
2021-12-11,29125,0.0015740807251082983,0.00022113757468007755,0.0006394128284939182,0.0011520053113395212,0.00368903762487513
2021-12-11,29129,-0.01475678841617934,-0.11293113040296107,-0.03806857378540855,-0.011117482748251195,-0.061903215147096693
2021-12-11,29131,0.00031913712765960917,7.811579822356723e-06,-0.0007819238956757631,0.0004905854945868558,0.0005116538703773994
2021-12-11,29139,-0.000807354359857675,-9.278029498571239e-05,-0.00048589995833765503,0.0008069768438020938,-0.0021597591831695076
2021-12-11,29147,0.020239163148922157,0.03129617122730001,0.0150314783369766,-0.04914420958824382,-0.0033087711558679456
2021-12-11,29151,-0.0001569768881549763,0.00013413599477987703,-0.0007940232264289845,-0.000966745119282228,0.0010475550876239519
2021-12-11,29155,-0.007505577854693968,-0.04029396996857981,-0.13453708741832138,-0.49280913950447447,-0.3738820156235363
2021-12-11,29157,5.5377407844070265e-05,-0.0001530222340784881,-0.00020114784149851187,-0.0002952528865757698,-0.00017105401510040283
2021-12-11,29159,-0.003188739370872681,-0.009969569358640582,-0.02330471207608699,-0.00010081051495034431,-0.002530607166707722
2021-12-11,29163,-0.0004225770539277485,-0.001988524337117249,-0.0018247331193327805,0.001256981708637896,0.000877926378835105
2021-12-11,29165,-0.0072440965305162475,0.007829361118864547,0.031105883776318864,0.00605422549210817,-0.0012735052508635603
2021-12-11,29167,-0.00017296878041236745,-0.0007979082643782519,-0.0004496040176777301,0.0004446386416675644,0.0007842859838196993
2021-12-11,29169,6.914413963226337e-06,0.0001100656099826576,-2.5407435242846615e-06,-0.0005625091930203013,-0.00022815433206302996
2021-12-11,29171,0.00244912520213586,-0.007374575862550442,0.2844634435392776,0.0067394426450621825,-0.02913369405703345
2021-12-11,29173,0.0014459424221172352,-0.003372560075671819,-0.027410312846161716,-0.006795040399892642,-0.0012779277855131353
2021-12-11,29175,0.002184195869645093,-0.005230616741214844,-0.02319007196342524,-0.005880263015292192,-0.0004193948090286644
2021-12-11,29177,0.005462660246026676,-0.013579750341276325,-0.019501813399278915,-0.003109863215150655,-0.00022861778729775127
2021-12-11,29179,-0.0005875697754053819,-0.001248849307792125,-0.004610571832857149,0.0012887390549487891,0.00029573106842207056
2021-12-11,29183,0.00012379429079657518,-2.758760127696564e-05,-0.0004334720363901104,0.0001387995438028528,5.9880776840642164e-05
2021-12-11,29197,0.007425645511095785,-0.005478396124673407,0.0007780875348463168,-0.0006540918249991479,0.01344795474064081
2021-12-11,29201,0.00040998920482349143,4.537516055298785e-05,0.0016969119855631638,-0.001522846287267834,-0.0006270247455979453
2021-12-11,29209,0.0002139178584203965,0.00019278662372018002,0.00015084069570141592,0.000419729251051151,0.00044051792894121873
2021-12-11,29211,-0.006651527794388011,-0.008697397571663521,0.01336507009414472,0.0004090155727640571,0.0020881514438844534
2021-12-11,29213,7.449701410212526e-05,4.7206033183675366e-05,-0.00017229278674592502,6.236519475492528e-05,0.0003172470634561868
2021-12-11,29215,0.0005220525978005654,-0.0003985657961000019,-0.0010373058565046594,-0.00035589317314962086,6.881447756540426e-06
2021-12-11,29225,0.0003726132541915007,0.00041823432845315256,1.5503220954668994e-05,-0.0002911159967633866,-0.00040915377688732367
2021-12-11,29227,0.05945914415901343,0.08657331912777477,-0.02899344855299768,0.018389070479903236,0.1414593143366707
2021-12-11,29229,8.118589051698025e-05,0.0005322909386262179,0.00014478860675064438,-1.1085975345604391e-05,-0.00011950372711622251
2021-12-11,30037,-0.00011528498505983953,-1.4071136518429206e-05,-1.0883088701867951e-05,-5.8547095677884933e-05,-7.412872769124458e-05
2021-12-11,30067,-0.000216387188880802,-8.79851678542405e-05,-3.78791732866524e-05,-9.589698366034231e-06,-1.2167615853840808e-05
2021-12-11,30095,-1.706930626789105e-05,-4.603566312135086e-05,-0.00010712856451792601,2.0830919508481416e-05,2.0643701842793815e-05
2021-12-11,30097,-2.2777562916245422e-05,-7.370919692761696e-05,0.0002165010515778402,-1.3596525121039002e-05,-1.6847326588890564e-05
2021-12-11,30107,-5.6696050522954636e-05,-0.00011771786147515509,-6.943603355157625e-05,6.318160638848771e-05,-2.719964219500263e-06
2021-12-11,32003,0.0008779184957049046,0.0011370669071665224,8.117024757007152e-05,-0.0003221083655232649,-9.564821408705523e-05
2021-12-11,32007,-0.00016573752447044543,1.311580110775343e-05,3.3519074896734514e-05,2.2335956652862215e-05,-6.297839983730197e-05
2021-12-11,32013,-0.0003692913759167193,5.7555658513453985e-05,0.00032542845281798016,-0.0015647875492975321,0.0004934472502550115
2021-12-11,32023,-0.0016296738327229287,-0.0005647629615916896,-0.0005220733700284461,4.9536847724328595e-05,-0.0013318614543441749
2021-12-11,33005,-0.006845302531767125,0.00014640562454745244,-0.002086310892499922,0.001738197191573661,0.0005558820707693441
2021-12-11,35001,6.173291264976015e-05,-0.00011743217475131847,-0.00022707537230933232,4.3493218002162436e-05,9.042447330052518e-05
2021-12-11,35003,0.002757898521971874,-0.0012127792211345774,0.07708569761648687,0.0022484829568034273,-0.0006134006365892033
2021-12-11,35005,-3.053694228778276e-05,1.1609757827753882e-05,-4.326361920055945e-05,-2.430594527279216e-06,-2.617624887806551e-06
2021-12-11,35006,-0.002610944583731161,9.36468617079723e-05,-0.0032955009431312543,-0.002704858673527264,-0.0038366585770087196
2021-12-11,35009,-0.0014195061637182842,0.00023828836212102535,-0.003436508009769036,0.0033503100389924464,-0.0006348053652255278
2021-12-11,35015,-3.294916750736773e-05,-8.913129081412487e-06,-0.00048641739159045196,-0.00014416033059398155,-4.627364908909232e-05
2021-12-11,35017,-0.00010445423648181869,-3.662984205556586e-05,-0.00010437716316631624,1.131120514521348e-05,0.0004428352940834998
2021-12-11,35019,-0.004199976185304842,0.0009841413396507416,0.06593227597881489,0.06240111422777088,0.03420453823545869
2021-12-11,35027,0.0003618106523088448,-0.00016803305790092504,-0.0005121423842075284,0.0022750605918775662,-0.0003131471303125053
2021-12-11,35028,-0.0006820124130906204,0.035001146204249725,0.004383387745309192,0.0006027064504163463,0.47421276828243175
2021-12-11,35029,9.0771522732562e-06,1.9593857100611446e-05,4.356028516371534e-05,-4.407997603065716e-05,2.7091027753076233e-05
2021-12-11,35031,-0.006119557861820762,-0.004180433144420995,0.015860196237662168,0.003181886750788833,-0.0003083440146958213
2021-12-11,35037,0.0014129411620754833,-0.00021696354050293053,-0.008422637453525849,0.018341897588435973,-0.007438923917878288
2021-12-11,35039,0.16325170672138878,-0.15381949096366032,0.3635269428654304,0.1440653120184816,0.18665011912107765
2021-12-11,35043,0.00032105683244890073,-0.00032256387149510947,0.00044326116935822116,-7.259032016838484e-05,0.15412840846823286
2021-12-11,35045,-0.001030562251710423,-0.0011290114120705585,-0.001229950926029025,0.0007966716255655738,-0.0012636836327507613
2021-12-11,35047,-0.01941107883811176,0.006197541808467526,0.0012268393959427581,0.024048000725330816,0.02755278328976669
2021-12-11,35049,-0.00010574680935126514,-0.0010514248081045447,-0.000746435565380207,-8.812450780623215e-05,-0.0027450860537451055
2021-12-11,35053,0.0003009475786282217,-8.133194034346469e-05,0.0008977988404430245,-2.8621349480442574e-05,0.001424100465988268
2021-12-11,35057,0.0001486800038602923,-2.6961401188920018e-05,-0.00022054759119376037,0.00651243512646355,0.00016214476580827782
2021-12-11,35059,0.00980982283596362,0.0032491313913034668,0.004146159678879286,0.055351178461495905,0.006275506560289534
2021-12-11,35061,-0.00013764469344951761,-2.5229024732828292e-05,-0.00020962708498094705,0.00030539601076708356,0.00016450647820253332
2021-12-11,36001,-0.0035112689453682447,-0.0006500684137427955,0.0005061961384717302,0.001094505739491747,0.001519631232363683
2021-12-11,36003,0.0009027737748415129,0.004484165532046655,-0.055650937048799094,-0.014070633269467147,0.02735069213682535
2021-12-11,36009,-0.12938499817947544,-0.009435554213838113,-0.02449120975626542,0.002128032226285893,-0.019609227084197586
2021-12-11,36011,-0.0078538997551135,-0.0006461990765260009,1.5007640141052186e-06,-0.0016312133165600831,0.0014473948703398482
2021-12-11,36013,-0.013052996765517536,-0.09493999661211891,-0.05439988906391796,-0.0638972371142203,-0.04970603355273558
2021-12-11,36019,0.19654332992943344,0.028300617088327262,-0.12095476515300213,-0.13060785078371726,0.08983301830010906
2021-12-11,36021,-6.907252222306117e-05,-0.0002463750175636625,-0.00019453123697394422,4.9353569752350415e-05,-4.8296518497982355e-05
2021-12-11,36027,-8.3407292327494e-05,4.140163920985599e-05,0.00012532885095817466,-0.0011066200193153024,-0.0008157433480977918
2021-12-11,36029,0.03415994565009879,-0.0006259084962872488,0.0053881889260386645,-0.005615301832254667,0.001968149981659329
2021-12-11,36031,-0.030343782868126248,0.019685596782577378,-0.006159667996086832,0.0018413275342006319,-0.12376261540690706
2021-12-11,36033,-0.0008614934184271589,-0.010288403440810834,0.2679148733953155,-0.016565018977714396,-0.03818768240414483
2021-12-11,36035,-0.0009332640973786777,0.003596336628863425,0.003064275028097599,0.0003392427416126359,-0.007974228141582058
2021-12-11,36037,0.6504483581100717,-0.002893961426010172,0.19464990808024996,0.4066035695998761,-0.24571626373352062
2021-12-11,36039,-0.006757224707714518,0.0005660314870566132,-0.0005020743845095803,-0.0016530148124470792,-0.0012581130288147999
2021-12-11,36041,-1.114559962027137,-1.3764944185752777,-3.083049131079597,0.4803248633548929,-0.707771231774946
2021-12-11,36043,-0.010593951842439112,0.0016946901001951634,-0.00924773521189082,-0.06043412290934688,0.08151545265133647
2021-12-11,36045,0.29107137246572673,0.052056692320422336,0.008183573701727651,-0.0012909874894459173,0.023137859784223377
2021-12-11,36049,1.2881204553829675,0.2393976658096375,-0.41305712071209366,0.9453794618307458,0.9716342925058037
2021-12-11,36051,-0.043736977247013226,-0.016776431963563737,0.058509745869532545,0.013699590483573578,0.0028838704720926013
2021-12-11,36053,0.026508325268053856,0.015069921205674963,0.012041034819383373,-0.004831824380956071,0.026906673762964586
2021-12-11,36055,0.05612774159325433,0.042319644969611304,0.1706652102777728,-0.023882297692695974,0.010493338375574063
2021-12-11,36057,-0.0007026202006592125,0.004868162988203674,0.0010545276987197413,0.0023694722643278453,0.00014342182932011033
2021-12-11,36059,0.0006111388770683082,-0.00019436986229306227,-0.0006527864338132451,-0.0013863131533633998,-0.0007210248950659362
2021-12-11,36063,0.10900232892107445,-0.05008449888761951,0.23737413671093505,-0.05604873487203044,-0.012315259784267202
2021-12-11,36065,-0.029887798614435857,0.0019524965930102015,-0.002349163778173558,-0.22020897407216544,-0.010227462788077527
2021-12-11,36067,-0.0049979915788280005,-0.0012247389686195526,-0.002746149034411967,0.0008968493340389325,-0.0009052788173313055
2021-12-11,36069,0.004985253078407123,0.04472790823519287,0.011482866746522767,0.0025215513981274324,0.0007222588670060945
2021-12-11,36073,0.32503488428190597,-0.12438602984344371,0.5097485006652718,-0.21603192602956145,-0.05436427214253947
2021-12-11,36075,0.004165310893300184,0.0015207140978919526,-0.002287006925381155,-0.008027984568949794,0.000506646203512073
2021-12-11,36083,-0.0020550209008284833,-0.0003717545022836389,0.001746681389694661,0.003638621086563215,0.000743836676183712
2021-12-11,36089,-0.47009651570921107,-0.002754344534411264,-0.014911038755439511,-0.06484428828542219,-0.10403654577523827
2021-12-11,36091,-0.0009842475062731403,0.0008383422476667089,-0.003299644959934789,-0.0013702604213737344,0.006638867322831045
2021-12-11,36093,-0.0030890611053657592,2.5892530849948867e-05,0.000531318450301131,-0.004636494218190017,-0.0020922515615773604
2021-12-11,36095,-0.0037629717362403555,-0.0008015422838579794,-0.0008053806172292066,-0.001300520297085779,0.0003659113372870785
2021-12-11,36097,0.0012020131108403387,-0.010538826070707136,0.00016857550274249067,-0.0002612855244795709,0.0007523526169931072
2021-12-11,36099,-0.005562069329073313,0.0028330671314752837,0.0010055970732937985,-0.0183230495130816,-0.018460061421355423
2021-12-11,36101,0.0025140808472438126,0.010388653218428929,0.0038605972152046756,0.0014745537073681293,-0.001703449519824437
2021-12-11,36111,0.002996485044464807,0.0006321478134437303,0.0012243682733988365,0.0030828605525559712,0.010275490140971103
2021-12-11,36113,-0.0024457213136373484,0.0038312819959233245,-0.002794856596931676,-0.009946789942895953,0.006708930177826698
2021-12-11,36115,-0.0007362029883690134,-6.738491321673181e-05,-0.0008677205398079496,-0.003905738216988378,-0.0028065904317405117
2021-12-11,36117,0.08387240695151002,-0.007412340185594314,0.015990786494466204,-0.06777340278128943,-0.015210824559348843
2021-12-11,36121,-0.0907734479200736,0.004678354733237675,-0.0052734891489235255,-0.004764383382878393,-0.02123085091433105
2021-12-11,36123,-0.015164843159335445,0.00368616892156573,-0.0097178548060384,-0.033264886973727203,-0.04374580373634461
2021-12-11,37001,2.947722025971642e-05,1.7349449022731404e-05,9.773479446228397e-05,-6.574358412027496e-05,-4.847090473891169e-05
2021-12-11,37057,-9.019429605070786e-07,1.4699795202002068e-05,-4.523755630623247e-05,6.148870554808131e-05,-1.1084736873646822e-05
2021-12-11,37067,0.00016330838029904272,4.050519011130184e-05,-7.110483708888215e-05,-9.262064932406464e-06,8.366611487751596e-05
2021-12-11,37081,1.6510100256547059e-06,2.0259107002642624e-05,6.926495781803133e-05,-0.00019445861635224585,-0.0002805870186375234
2021-12-11,37151,9.94506442938211e-05,2.7467523944511e-05,8.557579227633745e-05,-0.00010095305037566992,-0.00023849027758667026
2021-12-11,37157,0.00018340554255898145,1.9761235410863196e-05,-2.9007969505561284e-05,-0.00030054680453355984,-0.00017815883556180647
2021-12-11,37159,8.222954423998106e-05,8.754894047610239e-05,4.177047734372526e-05,-0.0002272639401673094,-2.3895851600103817e-05
2021-12-11,39003,-0.03467242912755816,0.0186904215146454,-0.02515812462380928,-0.02690562561584854,-0.048163184552609865
2021-12-11,39007,0.0589239062602282,0.021917139418834164,0.07693685725901028,-0.07068352431620517,0.06843107351043093
2021-12-11,39015,0.0012574547158403307,0.00047414479638070934,0.00026235648673281903,-0.003158581244956841,-0.006531273130896676
2021-12-11,39033,-0.013254412152900599,-0.007040903223790685,-0.010173760144362247,0.032242046264448807,-0.019585013583376342
2021-12-11,39035,-0.00717640270945063,-0.0025509711977355232,-0.005522550092612636,-0.0018769834858208172,-0.010955027417666711
2021-12-11,39037,-0.0034907866592478395,-0.01915208468765719,-0.0067587213613837915,-0.017501268138408504,-0.05319277591260558
2021-12-11,39039,-0.009081741294175858,-0.007359228452179423,-0.004342267204139582,-0.02448188417665736,-0.013396168448318441
2021-12-11,39043,-0.020389378724763332,0.0269054948714111,-0.02261090030632007,-0.012951999946394354,-0.02854227895057909
2021-12-11,39047,-9.332087595496051e-05,-0.000937677064741866,-0.0003198500739342511,0.0054120622281656535,-0.0007817041256050327
2021-12-11,39049,-0.0018713808624596252,-0.0008275561545030147,-0.0067792067185013915,-0.004998696106409765,-0.005866679236800815
2021-12-11,39051,0.012190198959348074,0.008303046160684089,0.0020311330164098865,-0.019534028427723265,-0.018556785073869354
2021-12-11,39055,-0.007241576351926161,0.001733526495174026,0.007502221868448775,-0.007705661579911293,-0.006489733688393805
2021-12-11,39063,0.010426950517078454,0.030572759768903668,0.02950792896053475,-0.013746489777897802,0.021041439009473584
2021-12-11,39065,-0.0003147752655614164,0.00902829768824083,0.008935546990181613,-0.0190927879878025,0.005499784603587313
2021-12-11,39069,0.011358674892100722,-0.002226778988227835,-0.0016773954148395706,0.04023577361837888,-0.0040560833749455185
2021-12-11,39071,0.0004120127890388089,0.0003043309816615804,0.0006706371207457918,1.3222171892552509e-05,-0.008777258621095626
2021-12-11,39089,-0.002875221558310598,0.0015047247369179726,-0.0011905478056822658,-0.016362012793182425,-0.007445340541997743
2021-12-11,39091,-0.0037134491781088286,-0.004852124180368678,-0.010434229191738711,0.007064859338420326,-0.002236925488677546
2021-12-11,39093,-0.0029088724334915125,-0.010779697206496405,-0.008997978149918612,0.014754680780380142,-0.0006477776971353317
2021-12-11,39095,0.031220151001599396,0.02194139535266244,0.040867332537737854,0.018056247898591303,-0.0004317884521290935
2021-12-11,39109,-8.379586282848336e-05,-0.0012654512367722727,-0.005093507937186445,-0.003612456703815558,-0.004014080188221908
2021-12-11,39113,-0.004296247289423096,-0.00010057361248313676,-0.009158768229605454,-0.008077832355272225,-0.007424843417173843
2021-12-11,39119,-0.0017469754997397223,-0.00015571041005232379,3.571554614539493e-05,-0.0004975931468800011,0.0005221601623530977
2021-12-11,39123,0.0007849618025527472,0.060886015626023374,0.05124039266092695,-0.025285557792224383,0.043208371951310054
2021-12-11,39125,-0.011632631751620104,0.002870177185867337,0.003267878468853888,0.0003361407954405593,-0.008384442673617501
2021-12-11,39131,5.552322348821061e-05,0.00010599544141304956,-6.42192249968726e-05,-0.017582075343450694,-0.009302038742572528
2021-12-11,39133,-0.0038900496829566734,-0.0017888522533194224,-0.0026527346924250595,-0.003973687347336756,-0.0008692845014768007
2021-12-11,39135,-0.0009261877398805728,-0.005640183252213167,-0.003857990180496179,0.0032089123772689925,-0.0031916918457435715
2021-12-11,39137,0.01642483441993225,0.018233525874431004,-0.007937374078766792,0.01077734821253419,-0.020291482484596342
2021-12-11,39143,0.0021825125693379077,0.0352301836803222,0.012165695850508071,0.002461920655600653,-0.002001834580350534
2021-12-11,39155,-0.021281601891455792,-0.009855679890379436,-0.0039688384421958725,0.015170511636529346,-0.018846269720323786
2021-12-11,39157,-0.0023640058815013257,0.0009125575417276675,0.001294781127002903,-0.009427316775070237,-0.00016633764259321553
2021-12-11,39161,0.0026304621298449855,-0.00703683684117918,-0.012705212144209893,-0.02074308334773297,-0.025796732519722455
2021-12-11,39171,-0.017115401185524626,-0.004180209217219261,-0.01059712701827626,-0.0031579035447935923,-0.013759343797358305
2021-12-11,39173,0.00908417178590767,0.0244685300254546,-0.0034296445034224764,-0.006874969145123373,0.0019035058960822707
2021-12-11,40003,-0.007157212137892471,-0.009574276897682546,-0.016370135152356673,0.0355687769805967,-0.02068239356122817
2021-12-11,40007,0.01090286612138374,0.0374556002997823,0.007997038494929842,0.01680723388794391,-0.004369354063663317
2021-12-11,40025,0.006322572054708632,-0.003078503351893233,-0.0014504903006317058,0.002746296551990029,0.0022140056814268713
2021-12-11,40043,0.022740367232227825,-0.0014861957980113183,-0.012029617646381392,-0.004227072870862651,-0.004601873763968808
2021-12-11,40045,0.034917972179648434,0.0011290677557494657,0.00023664399345318596,0.04612800363631321,-0.009800799964852364
2021-12-11,40059,-0.01093484239167352,0.00012975710278265856,0.002545286933934663,0.025472103951467654,-0.008829358742587636
2021-12-11,40071,0.0015919703123805345,-0.0013307010575418633,-0.005702690312729714,-0.006941052144765209,-0.010913926153077024
2021-12-11,40073,-0.04040388789176925,-0.004676442651456347,-0.017433702727923345,0.006041831802716564,-0.0412689381728871
2021-12-11,40077,0.0011348072909449225,0.002174755409301815,0.004476497594706849,-0.003406994883352041,0.00030494456548903204
2021-12-11,40093,0.002646702114753277,-0.0008904432783185447,-0.01489833664089861,0.04000968616961425,-0.006251079548916832
2021-12-11,40109,-0.002373501712860707,-0.0005823213915801006,-0.0019153203581175919,0.011225585518915691,0.0011701329302186536
2021-12-11,40139,0.0021109901765490316,0.01173120024716776,0.04612073541477292,0.019609705081304128,0.00699776123271351
2021-12-11,40151,-0.050157964105417244,-0.006558296844342448,0.0017368405672661819,0.06766165166320309,-0.028016733815828143
2021-12-11,40153,0.03294556802224656,0.0051455411305847115,-0.015229953020892768,0.05681917351345106,0.0038428702028535586
2021-12-11,41011,-0.0008293640630135796,0.0033424695141769795,-0.010598717738269536,-0.017628896537014972,0.004182731156109058
2021-12-11,41015,-0.05350585484746066,-0.009550166496168966,-0.00628944178180324,-0.029923908481504946,-0.048307274757246346
2021-12-11,41019,-0.0003163059526795739,-0.0001792788399799691,-0.007786307625266567,0.0003024260829707895,-0.0010562459727724524
2021-12-11,41037,-0.004334074521986989,-0.00014624787341412852,-0.001731176017214966,-0.0038418106316713673,-0.003572271167640674
2021-12-11,42003,0.0008680552132961465,0.001285861628899487,0.0019699537315198278,-0.0017345876708555561,-0.00012746179481915628
2021-12-11,42019,-0.005682307066793166,-0.0004402495410204396,0.001048206911957918,-0.0024302468751527364,-0.003109937913170934
2021-12-11,42049,0.00800873360179762,-0.04712542898397058,-0.007358490450185783,0.026132131005927792,-0.006816356819830479
2021-12-11,42065,-0.0019289233020038706,0.0016343106909603097,0.002458573967514784,8.848771374198212e-05,0.0035996400602636104
2021-12-11,42121,0.017762825385744342,0.000152111744787492,0.01065249231543506,0.007836286575923564,0.005057942019943577
2021-12-11,42129,-0.002432204120722651,0.00010491281307304116,0.0005712167637889785,-0.001311300668694418,0.0024456133328414316
2021-12-11,44003,-0.030594693157372295,-0.0013273994451958328,-0.01967354466181121,-0.0320180598940779,-0.01215314321837203
2021-12-11,44007,-0.008140961359673876,-0.0006355122900979413,-0.01764315493615019,-0.02308491987220579,-0.00486054430153867
2021-12-11,44009,-0.010260421876062808,0.005508318107277272,-0.003768911911330837,0.02250224323772799,0.011874381873919215
2021-12-11,45083,-9.437405180373897e-06,2.289906073871473e-05,8.532508313994577e-05,-1.8386061163671577e-05,-5.69046360809482e-06
2021-12-11,46003,0.002915587083231065,-1.1124773505293614e-05,-8.67806627199957e-05,-0.0004025267097208505,-0.00017838005009623902
2021-12-11,46005,-0.001153641979354743,7.970173250738293e-07,-0.0008003329789402032,-0.0008522472519290312,-0.0005172015295722315
2021-12-11,46007,-0.0004517589215602576,-3.981053549506584e-05,0.00029460728832588347,0.0003955321059194582,-0.00015824932915491953
2021-12-11,46009,-0.00848099860825623,0.012976977293330486,0.021311972516195165,0.02463967752182271,-0.0015053455831340265
2021-12-11,46011,0.00014271831431018163,-0.00035022640287615695,-0.0002816474907112289,0.0002537110816292104,-8.8284163464033e-05
2021-12-11,46013,-0.00036462519268843025,-7.52109658464327e-05,-0.00021805789749828686,0.00064453880285826,0.00030508645435126845
2021-12-11,46015,-0.0018923445549155708,-4.0800932922357926e-05,-0.0011172269169329573,0.0015324903296685777,-0.000973838747033494
2021-12-11,46017,-0.0004990069048627389,-1.4810670265058749e-05,-5.5773216390016375e-05,0.00040299315334756114,-0.0004130887448339504
2021-12-11,46023,0.0006773133837841097,-6.83653500312591e-05,-0.0008091877461055396,5.449303464741435e-06,0.0021851309897471176
2021-12-11,46025,0.0007519425826026077,8.354016132018432e-05,0.0008975619230760833,-5.50609776421337e-05,0.00028301612762840565
2021-12-11,46027,-0.008071050424218905,-0.010416883481680107,-0.01496314265819563,-0.01003715211438028,-0.003900949520962136
2021-12-11,46029,0.0007516562800677065,3.3659918362239185e-05,0.00027567206277293824,-0.001141951033107925,-2.6759320271427196e-05
2021-12-11,46033,-3.76991348441521e-06,-2.0308740033856917e-05,-3.662115048975529e-05,1.9176909856790964e-05,2.7418105833476613e-05
2021-12-11,46035,0.0007116761820763137,0.000619731164335457,-0.0027132470064345333,-0.0016368380179418883,-0.0007770204644955239
2021-12-11,46037,-0.0004375911842797916,2.3124609546476896e-05,-0.0003704075003945636,-0.0015376630963735336,-0.00036374028917931833
2021-12-11,46039,-0.0008130937153762708,4.6182286706507954e-05,0.0003368900574804122,3.423212101857646e-05,-4.858826618297409e-05
2021-12-11,46041,-5.3054259939761905e-05,-6.78098669986672e-05,-0.0003952602593362995,0.00036325874070275085,1.0921104491924986e-05
2021-12-11,46043,0.0017616239818827265,4.325170472215694e-05,-0.0036756500385626578,-0.0042851105833513125,-0.0028690327658181117
2021-12-11,46045,-1.7884650614159573e-05,-0.00010789560548295283,-0.0004725636599499011,0.00017476166481944895,0.0001350920765136123
2021-12-11,46047,-1.0644074432702574e-05,-1.0747175860877985e-06,-1.1328150228728299e-05,6.643206679581733e-05,1.4631042055351107e-05
2021-12-11,46049,-0.00027278329241102315,-3.504332320621009e-05,-0.00011187810303639754,0.00024385793085388382,5.885203386711796e-05
2021-12-11,46051,-1.4698154127686146e-05,-0.0008117464869451423,-0.00037313383227968863,-0.0005070762682835928,-0.00012674672491731466
2021-12-11,46053,-0.0018093836366513188,-0.00022156286819426801,0.0029353397347245186,0.005259292379009527,-0.0034468302295669892
2021-12-11,46055,-0.000498545925677632,-1.5461388939908702e-05,-0.00014050083247517378,-0.00010240516878264906,-0.0001335179506641848
2021-12-11,46057,-0.0003632171329872385,2.2677709167209087e-05,-0.0005056624128276877,-0.0006072965480515627,-0.0002761752844783233
2021-12-11,46059,-0.00028920167478433084,-3.4628809229401405e-05,-0.00017699670163444264,0.00042791950587029294,-7.168336715912695e-05
2021-12-11,46061,0.00037929707146552773,-0.00015079831558709655,0.00011600607168090306,0.00012615635531953496,0.0006916021710552656
2021-12-11,46063,-9.529462602573201e-06,-7.331729951240689e-06,-0.00012584533007838994,0.0006084164661949425,3.134169950585791e-06
2021-12-11,46065,-6.994518581869929e-05,-1.9647848172256303e-05,-9.898197205927248e-05,6.997276230113607e-05,-4.047693091477662e-05
2021-12-11,46067,0.0389250878620081,-0.0027004275101766492,0.0031893880986854153,0.004482450757540966,-0.00013231852002083128
2021-12-11,46069,0.00026061871742640377,2.6646262936350226e-07,4.321017132249451e-05,0.00015002275778106726,0.0004880663046182014
2021-12-11,46071,-0.000470024944148061,-3.246733290050314e-05,7.216905754424782e-05,2.9925361667572554e-05,-0.00021010623352227077
2021-12-11,46073,0.00036311997613505307,-0.0008816820131363802,-0.001651959736497146,0.0006484506938505887,-8.090688024524681e-05
2021-12-11,46075,0.0002954878980945152,-0.00022701255211852816,-0.0005012105889577227,0.00038291283925056467,0.00011771985253242672
2021-12-11,46077,0.00139267623226426,1.8502879898717683e-05,0.00042184539552923557,-0.00026889883863988014,-7.23336014705093e-05
2021-12-11,46079,0.0020104638859376033,-0.0007544978956681508,-0.0003209647720999031,0.0007855591125450887,-0.00010920011853622722
2021-12-11,46081,-0.001605270946591713,-0.0003257071284355306,-0.001475483610649826,0.00027535793330749016,-7.651543417130588e-06
2021-12-11,46083,-0.006739139758038551,-0.0025432364422611218,-0.0004445238765459266,-0.004291042902433416,-0.0014268344121336363
2021-12-11,46085,0.0003223135934378803,-0.00046592948575718905,-0.0007438722042482073,0.000558729488699645,3.398580756195613e-05
2021-12-11,46087,-0.001981478014913317,4.080360666145616e-05,0.0012183473634249566,0.0005868733741675053,0.00037308754840589614
2021-12-11,46089,-9.311809842703039e-05,-1.5205781781230357e-05,-0.0001458721271030526,0.00016813375874912616,-5.5824367766921516e-05
2021-12-11,46091,-7.639811603357824e-05,-3.588505909096025e-05,-6.918530935996303e-06,-0.00019742731708800572,-0.00012102816500583345
2021-12-11,46093,-0.00024768591143878543,-0.0004929528696112509,-0.0010632436696946762,0.0006447234040238199,0.00013492983193281766
2021-12-11,46095,0.0005559239145230997,-1.667644639482105e-05,2.8055114158143145e-05,5.581307116293225e-05,1.6427226423886243e-05
2021-12-11,46097,-0.00032850073635212274,-0.00011705148683463333,-0.0018806635315091668,0.0003538184005522244,-0.0005398704613592802
2021-12-11,46099,0.0017356624662649683,3.5517296768467974e-05,-0.0008379972583641869,-0.0004832471903692385,-0.0001576566090559174
2021-12-11,46101,0.0011049747579208718,-0.001007336680970064,0.0029907458778093664,-0.0017310105746301564,-0.001492099360877371
2021-12-11,46103,9.686121866510442e-07,-0.00030320153823726304,-0.0004160598434132407,0.00034111858288556453,5.874381972551806e-05
2021-12-11,46107,-1.94733608946318e-05,-7.209726853002975e-06,-3.499620093095582e-05,1.6971993200382788e-06,0.0004390463311851994
2021-12-11,46109,0.0002478969777301856,4.727362450372767e-05,-0.00012206671704157791,-0.0016872526921450886,0.00085593119512561
2021-12-11,46111,0.000238132835743865,-0.0005115484405024129,-0.0003879420684728685,-8.502569021240358e-06,-0.0004258121346342181
2021-12-11,46115,0.0003778895154768465,2.5718624697907973e-05,0.0003424910073897725,0.00012255773677879696,0.0003746293613650464
2021-12-11,46117,-0.0001858928792569421,-2.8000515878718923e-05,-6.0327291493912836e-05,0.00012309602282233997,1.7092795534994452e-05
2021-12-11,46119,-6.861866712109277e-05,-2.3459183137277526e-06,3.413949254941047e-05,4.5020595687861694e-05,2.2669986978526857e-05
2021-12-11,46121,0.0006877008370045983,-4.640654527571117e-05,0.00023624888821117723,0.00016945973098881576,0.00026378127125374607
2021-12-11,46123,-0.0023590869716825884,-7.3773705290713e-06,-0.0005729648298592589,-0.0008169938036780458,-0.0005680627894572373
2021-12-11,46125,-0.0036478737962884287,-0.009198435790297572,-0.020834287479841212,-0.00302707027664609,-0.00124165043671204
2021-12-11,46127,0.0037751471457414584,-0.002763432940687126,-0.005970758712256339,0.0025168455665653703,8.010296835026052e-05
2021-12-11,46135,-0.008819386967746711,-0.001398721886322108,0.012276941889152578,0.018474533928432207,-0.0025732534511129414
2021-12-11,46137,3.423386094702005e-05,-5.924401401407661e-05,-0.00030371214917386416,5.651723705481302e-06,-6.332416325824485e-05
2021-12-11,47007,0.00019142805480802227,0.00025652447653000746,-0.0004578880389685281,-0.00013357354952123722,-0.002012776335392952
2021-12-11,47009,0.0002312369722431533,0.0006425035421296675,-0.0007572103452482869,-0.0014218003843729414,9.652419492665008e-05
2021-12-11,47021,-0.0008221432150176747,-0.00010996585523520737,-0.00019782557914899569,-0.001250047207545497,-0.00010782107966344698
2021-12-11,47027,0.005542786730570015,0.016307303719413607,0.0011599621079262656,0.02492066521671238,0.021650667151080688
2021-12-11,47037,-0.016791274113444388,-0.0056751145570231865,-0.007467366230561767,-0.04790514433017584,-0.05035332273696208
2021-12-11,47043,-0.001335078533141661,0.0039047321871775132,0.010395861017535268,0.006882150550309546,0.009789116454551876
2021-12-11,47045,-9.930801106411251e-05,0.0008142920055301574,0.0001315023481993239,-0.05114902390975366,0.058641422783719054
2021-12-11,47047,0.005928329317274451,0.0012554325429108455,0.0020382066508157597,-0.0025477682864996423,0.022883406603310397
2021-12-11,47051,0.0007625034586247338,0.0008072707966641571,0.0006842293105285982,-0.0002777199180738414,-6.552665038232373e-05
2021-12-11,47053,0.0006021875127970465,0.002617612514344731,0.002809849054160459,-0.015032965057653586,0.07032292467150186
2021-12-11,47055,-8.545375388252334e-05,3.335962468250034e-05,-0.0006660866831868875,-0.0017845911885201347,-0.0006021228751147524
2021-12-11,47061,0.0008217779663121012,0.0006615544078201587,-0.0010129273212574107,-0.0003467650644942218,-0.0006224659070186052
2021-12-11,47063,0.00013558767962144663,0.00025360330604314767,-4.4962337709036036e-05,-3.1655475809189365e-05,0.00021851659968862903
2021-12-11,47065,0.0004930961374436666,-0.00011093157136709956,0.00013366842630304287,-3.830805103240478e-05,-0.0007859888311098507
2021-12-11,47077,-0.0013015112577421635,-0.0005498947394656237,-0.00041644718139550226,-0.04292230090504193,0.0006940848861914676
2021-12-11,47079,6.591517491827403e-06,0.00490440423940651,0.006857394881486345,-0.33427686532940504,-0.05322173056788676
2021-12-11,47081,0.0017308481370607708,-0.00037274892743483813,0.0009162234821210244,0.010412185487449037,-0.0016829899997356035
2021-12-11,47087,0.0029589445252680806,-0.0007884497037224485,-0.0012571013599173043,-0.000622016542669271,0.006204428492971669
2021-12-11,47089,0.0002107260920576239,5.3180371630310946e-05,-0.0001441634755965926,0.000334273524329658,-0.000657250046391857
2021-12-11,47093,0.00043120698993752427,0.00020418000999793823,-0.0007817316171904731,-0.0008835624183933279,-0.00025676827299649443
2021-12-11,47095,-0.0034080071552380353,-0.013186127151083193,-0.03952307125631549,-0.08930959792767565,-0.04793107325990208
2021-12-11,47099,0.00183557737607855,-0.00036242301646327406,-0.0015794688273503294,0.0008371972876697773,0.0012121584111887069
2021-12-11,47107,0.00022912475121353347,0.00037292287397533257,-0.00029999464233278683,0.00015578304067629398,-0.000312439474089578
2021-12-11,47113,-0.0011979428296940778,9.533282441956479e-05,0.0002810389276244746,0.007063648588682449,0.0023114995535203926
2021-12-11,47115,-0.0003089460968433728,-0.00023957381904233903,0.0003110571711464143,9.995823309171209e-05,-0.001467625287704975
2021-12-11,47123,0.002206122877313057,0.00078970108966403,0.0032007125861016955,0.0027828646885703027,0.0013111352866018158
2021-12-11,47125,0.0016944205440638867,0.0005171512700512847,0.004056490028060013,0.019701880606364464,0.08947106606460811
2021-12-11,47127,0.002107817925813555,-0.0001588465047401618,-0.0014679908241438874,-0.0002949366324797864,0.004727203671028869
2021-12-11,47131,-0.014050836039897097,-0.0029026710842378622,-0.005569383102934394,-0.10707967531745934,-0.0829543563639748
2021-12-11,47133,0.0024063072458692376,0.0001464396421112131,-0.0017719151835011299,0.0005200843350541872,0.0033519313995593967
2021-12-11,47137,0.001116957324229565,-0.0005150033866966339,-0.0010067190520523942,0.0004768056301624568,-0.002718124410290591
2021-12-11,47139,0.003054040699747348,0.002685898680317062,0.006084552057186141,0.003844332714650848,0.0008946284255332768
2021-12-11,47149,-0.00522628974889999,-0.0007337948483061461,-0.003938958215527803,-0.00040253896434526946,-0.00015685227942761372
2021-12-11,47151,0.0009432428345232274,0.0007977310531641496,-0.00012831009759237122,-0.001777601869962815,0.0017327751452042666
2021-12-11,47155,0.0017180306569738756,0.00034557229262264545,0.0016357342509344566,0.001828418950766591,-8.400220320036291e-05
2021-12-11,47157,-0.005929600148536766,-0.003194788762699536,-0.003896016234539945,-0.02141025658301106,0.041278654106256286
2021-12-11,47159,-0.0010423127303972146,0.0002687686858653302,-0.001655257770026616,0.0006032973503808667,0.0012887240279779396
2021-12-11,47161,-0.01633639559127051,-0.0053666682371827645,-0.029216893855659093,0.0854534886288725,-0.036067665383734016
2021-12-11,47165,-0.006948274188969476,-0.0018779851239578878,-0.003001371250789177,-0.01182744824166234,-0.0035511326648377667
2021-12-11,47187,-0.0006967542560008103,-0.0005993739651583077,-0.0006183717452376185,0.00569068563771187,-0.0037865671441310233
2021-12-11,47189,0.004054467364942691,0.0024125871302198686,0.0015699908614296224,-0.001538126465881931,-0.0019357216353966464
2021-12-11,48037,9.032658316109336e-05,1.1993055573604602e-05,6.706597572734728e-05,0.001028718078440979,0.001307126385196472
2021-12-11,48045,-0.00223242119709137,-0.0003275616198288009,-0.001213697618748424,-0.0006245400772406369,-0.0040984765266039655
2021-12-11,48065,2.0369054335694914e-05,0.0014181524650493799,-0.001283749887992458,-0.0006456167412364489,-0.0008781824091522034
2021-12-11,48069,-0.0021554251472087676,-0.0007415752666663842,-0.005726068558254039,0.000827303735104585,-0.004105175142374486
2021-12-11,48109,-2.4693289151464608e-05,-6.0123450512610836e-06,-6.654102716933266e-05,-9.90146993221979e-05,-2.9436803554043313e-05
2021-12-11,48111,0.005619970034513696,0.0007301650996769434,-0.0052628447875728845,0.020733885901385612,-0.01819602372133311
2021-12-11,48117,0.0006196209664412391,-0.0010701850263282145,-0.018031863881959338,-0.0007435844119604998,-0.0008028635334264198
2021-12-11,48179,-0.003046380697124609,0.0003389666852245477,-0.009219034021224395,0.004437243512622495,-0.004674960307983005
2021-12-11,48195,-0.0009884353235960035,0.00010420069490247805,0.016067831895320957,0.015053088554034063,0.004520246502964457
2021-12-11,48205,-0.003337016215920141,-0.007604364435900922,0.00615535017841921,0.0028028808583388104,0.024471610236583778
2021-12-11,48211,0.012483060538789444,-0.00026025743569589544,-0.00475759933669521,0.020012672231853122,-0.008590131967167885
2021-12-11,48233,-0.0044622928962808565,0.003997830494247602,-0.01378550693491037,0.014981001411973364,-0.004538219384497135
2021-12-11,48315,-0.00024236632765988234,-5.5479497232110184e-05,-0.00041369955294547815,0.0005000728580695961,0.0005503310431958275
2021-12-11,48341,-0.0054209509181173815,-0.009526494512704934,-0.006951542616476951,-0.0045215318012169145,-0.001663127191451945
2021-12-11,48357,-0.0003315648672913181,0.0056389141516004415,-0.010468591198753222,0.015577609196078241,-0.0035755812017194202
2021-12-11,48359,0.004612886587216579,-4.0134389101587585e-05,-0.006899164321766469,0.011096895826773073,-0.006472760063087702
2021-12-11,48369,-0.00011932724184063,-0.0001115365963705368,-0.008719849106395694,-0.0007129999091719727,-0.0015453255145303612
2021-12-11,48375,-0.00726013414095044,-0.00448901528947837,-0.007408076514260974,0.014621361617643557,-0.0073557615374724335
2021-12-11,48381,-0.00295648048955404,-0.0018522724649555479,-0.004704525270662908,0.0036225012416221825,-0.003710596666826532
2021-12-11,48393,0.012138362565065581,-0.0005420267991220998,-0.0073310608346220975,0.018249692446524846,-0.012185109714969186
2021-12-11,48421,0.011856067198802764,0.012239005256156751,0.011967612411388003,0.03818795384067018,-0.010484628477681071
2021-12-11,48437,0.0014651336824333056,-0.0001963949094830995,-0.002021580790789267,0.0021344555053100325,-0.00295031677535217
2021-12-11,49001,0.009798651974361139,-0.001580085205610926,0.0009180756227520348,-0.005738343943757274,-0.014300269505580498
2021-12-11,49003,0.001425073063792688,-0.00034926888037323245,0.0004322090145272685,-0.000609320125207191,-0.0006463341724388654
2021-12-11,49019,0.005942971394212713,0.004875962621262657,0.004030579993027184,0.0031785932696963663,0.003047999868418916
2021-12-11,49021,-0.001606308634692461,-0.000393956456965735,-0.000485089058224476,0.0005562851808655789,-0.0001961072849619154
2021-12-11,49023,-0.0005870138271638759,6.70778889973116e-05,-0.00015525297577843967,-6.20774842461736e-05,-0.00015058762507693632
2021-12-11,49027,-0.00039241654648662075,0.00010887322398011614,4.650095910230451e-05,-0.0007182275522234301,-2.8892760459694517e-05
2021-12-11,49035,-5.143196988349015e-06,3.7071385374937756e-05,0.0001765160006084969,0.00016790029221969746,4.8259533336476965e-05
2021-12-11,49045,7.853896104064936e-05,0.00023336075844612204,0.0005631213102355644,0.0002433623304395876,0.0004151890190025997
2021-12-11,49049,-0.0005490223087845691,9.798412307222268e-05,0.00021950889127509104,-0.00033992958222594865,-6.109624901218106e-05
2021-12-11,49053,-0.005882481911414357,-0.0005620958611104638,0.0001756208782284401,0.005480280214580965,-0.0017581025369008939
2021-12-11,50001,7.073469344862126e-05,-0.0007712765806423196,0.00039671045644847167,0.008677689214302054,0.022953056377898053
2021-12-11,50003,-0.004019369804341991,-0.015782351585003265,0.019186204212143197,-0.036328201413411115,0.2049394638081606
2021-12-11,50005,-0.001144569842949791,0.003919411360398743,-0.000935701725994133,-0.0007078016433639941,0.005991552865029177
2021-12-11,50007,-0.0006604847796732698,0.00011143302698257565,-0.0015521108898883399,-0.0007830332285127307,0.0004411826366611453
2021-12-11,50009,0.03859888652064418,0.007568137761505122,0.002816602905963958,0.026064309990112,0.05211194455872845
2021-12-11,50011,-0.016169623588909936,0.004762106069728727,0.007129498617421545,0.013181503094035532,-0.004433734852938284
2021-12-11,50013,0.0003447554502618921,-0.001500622458226787,-0.001421239600266251,0.0007781158051798482,3.280743777043279e-05
2021-12-11,50015,-0.059815760375521915,0.037528720575111,0.2351151493052709,-0.002435035013525648,0.012265087749483802
2021-12-11,50017,-0.0013556591570749142,0.004018764702667901,0.013182570164691067,0.006840104447164905,0.019635997536192707
2021-12-11,50019,-0.11572027191746606,0.003606709696224536,0.0026204383072037166,-0.015023836820204813,-0.015618942813756809
2021-12-11,50021,-0.06467527654079029,0.0034563791954438598,0.020027982214401586,0.04382962035028722,0.1386462193883016
2021-12-11,50023,0.00037621179493313884,0.021339784490081552,-0.0069824060952862164,-0.004897717213402357,0.008658765283065839
2021-12-11,50025,-0.012485628999485928,0.00286041185258807,-0.003745216822354269,0.00134590736909658,0.009310246453117663
2021-12-11,51071,0.00023562452938546562,0.0022453188460495317,0.002724566534238357,0.00014026948779317146,0.0001764658852618998
2021-12-11,51105,0.0012229013776584863,0.0007060018795799171,-0.0006244536552939238,-0.0025543322610867246,-0.000897935317089163
2021-12-11,51155,-0.00015243120844827586,-3.7638925863283604e-05,0.0004028031690511527,0.0005918091140309253,0.00019193729550081288
2021-12-11,51173,-0.0016489128964561964,-0.0020704338365146943,-0.0010731863176535843,0.0014777860087848392,-0.012547221605284351
2021-12-11,51197,-5.590786428578097e-05,1.7433214454281448e-05,0.0003324837614463814,6.840310164698757e-05,-0.0003556599095778674
2021-12-11,53005,0.0002032533347185102,-3.571109093003359e-07,-0.0007395949432802177,0.00031634366178433487,-7.182667217264206e-05
2021-12-11,53021,-0.0002648176207345545,-3.336365023708336e-05,-0.0002492938298344528,-0.00016156806739754358,3.7865842646440516e-06
2021-12-11,53071,-0.00014479332018097575,7.666366326438093e-05,-4.177105166530999e-05,0.00011307175548642832,-0.0001462384779112418
2021-12-11,53073,0.01284938868567545,0.007468180936532315,0.011431276794087591,0.07814010153594714,-0.012902872816530395
2021-12-11,54033,-0.0002277190176356251,0.0007915125909614407,0.00022575570676591598,7.790289733498185e-05,-0.0002507237356449126
2021-12-11,54059,-0.001280770128696789,-0.0005120884554534067,1.1266063363558551e-05,0.0012897048967282533,-0.001473058460926319
2021-12-11,54069,-0.0027861333540275413,1.0138746103642224e-05,-0.0003220471666695122,-0.0074737602013697476,-0.0012370052878664037
2021-12-11,54075,-0.0003372036824792525,0.0010078815850551638,0.00919370466460093,-0.0028508876134595374,-0.0014414182783666117
2021-12-11,54093,0.015691429120373676,0.0042178457291389,0.009717099647968339,-0.0049766126252652615,0.037581383992356276
2021-12-11,55001,-0.03710738912964165,0.0018647573478538376,-0.029780883891782066,-0.10302764985535222,-0.1170708749937705
2021-12-11,55011,0.011138586565262131,-0.007437878769523978,-0.004614378174810219,-0.006376807819108991,0.00727125013600065
2021-12-11,55015,-0.008626923978468364,-0.006588156871733072,-0.030570808024137204,-0.06127902902917653,-0.12610918324951634
2021-12-11,55017,0.032312985445709826,-0.033252170099967227,0.08229015047897559,0.08412737342076901,0.023225055809414516
2021-12-11,55019,0.05172579950709705,0.11925095804768976,0.2049060317603446,0.033248554903179905,0.08506129113437519
2021-12-11,55021,-0.013392705671570146,0.003161484164106769,-0.02144496731736229,0.03271304051743125,-0.017897906290933616
2021-12-11,55023,0.17523793451868794,0.09120717838594347,-0.034157948780623434,0.0827104959648783,0.19127175122963702
2021-12-11,55025,-0.009689583371762536,0.09538749616292866,0.1576507659926215,0.03131637935330888,0.004049695577545004
2021-12-11,55027,-0.023758296438986855,0.0907921894621698,0.17788090225958303,0.037783551404064836,-0.04249953770459952
2021-12-11,55029,0.30981649644997744,-0.24367250618843467,1.9130997069054185,0.838646284489805,0.958053862295988
2021-12-11,55033,-0.05467322351470122,0.005822796607691999,0.00683047727082714,-0.26343427832987154,-0.2285849461754379
2021-12-11,55035,-0.008087088944107562,-0.07976236298784926,-0.022124931800926118,0.04038003113753891,-0.019791859594697075
2021-12-11,55039,0.0720666525985082,-0.00847757308206526,-0.03494344503688888,-0.062208074762429115,-0.050847598467850474
2021-12-11,55043,0.1671537552239507,0.04988631197134032,0.007788262398008207,-0.006104702097975506,0.042859222849572415
2021-12-11,55045,0.011972644902974786,0.024936493123780087,-0.012243118433942915,-0.018890211864286827,0.0010843442615901498
2021-12-11,55047,-0.028476326789612462,0.01604421894024774,0.01827461414672403,0.011896858312446898,-0.09803349483740276
2021-12-11,55049,-0.04373214852748186,-0.025559009654362974,0.00811110582220187,0.11730745645481519,0.06177910556552085
2021-12-11,55053,-0.03637219834725693,-0.1309306849852841,-0.0435562075563424,0.050685968132260256,0.007405050503016236
2021-12-11,55055,0.021860950291700366,0.002379499623467748,-0.0066008272820670365,-0.008475361045064134,-0.006671274916582422
2021-12-11,55057,-0.6059108322210295,-0.15785387508135612,-0.12120230323653985,0.013120953630281276,-0.25672128567414004
2021-12-11,55059,0.03714318076029552,0.07079919492182347,-0.025027902517410175,0.06317994597841184,0.0017752884479354213
2021-12-11,55063,0.007689195447016187,0.0726988955619278,-0.01585517798188482,0.04439152318700764,-0.0402807674025584
2021-12-11,55065,0.0003116721808190132,0.0016633974277893877,0.006095516500433168,0.0058976689624295545,0.00875367786379111
2021-12-11,55067,0.012975764732583744,-0.06971489545756064,0.04640137002769197,-1.1483620013472222,0.050765071369029635
2021-12-11,55073,-0.07163615048958205,-0.026475573066532927,-0.06218008770319919,-0.0014894378375611417,0.003135746144678757
2021-12-11,55075,0.019658487469625868,0.024379846433756902,0.04167810635287594,0.056528004436276175,0.07258820709549144
2021-12-11,55077,-0.279928191590678,-0.007095872355486893,-0.007950467279027651,0.031823953471612834,-0.0744631763887805
2021-12-11,55079,-0.0014282130555782523,0.03682121049980041,-0.01121673367588498,0.017816986986869933,-0.0015199799028167201
2021-12-11,55081,-0.01755980988071959,-0.0016781404811595374,-0.025623821562415314,0.07068395895511097,0.0019637828638145033
2021-12-11,55085,0.15394444671547314,0.13033836026613155,-0.13819057579385108,0.25387855352481337,0.07381481777395017
2021-12-11,55087,0.001679717474844633,0.0006958983362529425,-0.004587460584502632,0.022134755245958954,-0.021049441314089132
2021-12-11,55089,-0.10652493549272288,-0.009986086534646402,-0.015128111708692667,0.0015427743631973995,0.007962208581361013
2021-12-11,55091,-0.016824357551503674,-0.049957744363877926,-0.02192759751846539,0.10266005177026818,-0.017810158467815834
2021-12-11,55093,0.05030090093256077,0.018703098008967668,-0.04003501021911951,0.02298765874217349,0.008573439901612752
2021-12-11,55097,0.0015453681774694125,0.0025537987280232384,0.009786618984165898,-0.018251492151105643,0.0012916748489429364
2021-12-11,55099,-1.6573397807615622,0.091258696475359,0.028022639748048514,-0.4826586556901906,-0.7311617875900215
2021-12-11,55101,-0.0030676513870623763,0.01758781356165986,0.009879491894519456,0.012675403296714523,-0.014418237511364645
2021-12-11,55103,-0.033082182006469965,0.06135647080036424,-0.032208774047018024,0.02444920675021746,-0.039976610265149204
2021-12-11,55105,-0.007260819404154205,0.018138347522930004,0.030545631149845293,0.012950045755599202,-0.03745275577350307
2021-12-11,55111,-0.029949815956551357,0.03970791705686173,0.03706918849658568,0.0006838651350262112,-0.07234992405259329
2021-12-11,55117,0.03148624765279028,0.10813631726715048,0.27905325836029937,0.09916470815987022,0.06558540501569189
2021-12-11,55121,0.009857809021075775,-0.039454144947656186,0.05172135783363632,0.057967678152498855,0.0868753216177093
2021-12-11,55123,0.056758799447938116,0.08757459873276772,-0.05962799436350834,-0.013400770206072693,0.01896042403454412
2021-12-11,55125,1.9043042936101298,-0.9018707079186292,1.194867810872779,2.5508416412514556,0.11447668617095452
2021-12-11,55127,-0.009550673724523867,0.008669484299442882,-0.0033298346878452654,8.498297471887933e-05,-0.016727749590787565
2021-12-11,55131,0.012494437581177228,-0.054326058071008515,0.04148565880531762,-0.025817167562225695,0.008771269980173316
2021-12-11,55133,-0.0409544057420367,-0.027489239833797682,0.03266507756596852,0.03207535080067583,-0.008729705685371049
2021-12-11,55137,-0.008674865937373922,-0.0911391647885684,-0.035500247259055345,0.06234404792331158,-0.05739356955876907
2021-12-11,55139,-0.0073491312715417145,-0.0032710334774568826,-0.003720762829475331,-0.02847183765463092,-0.08875284601751524
2021-12-11,55141,-0.004172200691548875,0.001279614671095653,-0.002290138490071005,-0.002031311338401712,0.04675280877727301
2021-12-11,56001,-0.001874229315486857,7.023038214928282e-06,-0.0029869244271319728,-0.0016754715604834385,-0.00019395659883967176
2021-12-11,56005,4.500020103554185e-05,2.520816830031236e-05,1.1043204041493197e-05,-9.682866203318129e-05,8.552694392833875e-05
2021-12-11,56007,-0.00010894566142996768,-9.767700369977606e-06,-5.3094791840057625e-05,0.00021127842021241176,-4.069749888714126e-05
2021-12-11,56009,-0.0045836700024403515,-0.005042299126959766,-0.020700836773379576,-0.02709579071199679,-0.02112936542971044
2021-12-11,56011,-0.0002453046092790811,-0.00014385734306383076,-0.0007689031647353486,0.0003403843955764261,0.0001796231837061954
2021-12-11,56013,-8.10048395623854e-05,-1.767010543618738e-06,-0.00023300193063276512,0.00015302263264554053,0.0001643342120260304
2021-12-11,56021,0.0033796906648593298,-0.001117395273301948,-0.011887237084594217,-0.008820444433886084,-0.0015823802788725518
2021-12-11,56025,1.4238877094597006e-05,-3.946947872950668e-05,-0.00021616388999213336,4.119416678292025e-05,0.00020118719563538086
2021-12-11,56029,-4.589015781393286e-05,-9.090995409134631e-07,0.00013557461850644882,-3.61445009192788e-06,1.426271772580391e-05
2021-12-11,56035,-9.516923794072255e-05,1.7165134561597734e-05,0.00010379728477328946,-4.123783890500946e-06,3.7620287777991286e-05
2021-12-11,56037,-0.00016764813682738255,-0.00018382881187333793,-0.00020583486149265153,7.364228893534278e-05,8.842393301947252e-05
2021-12-11,56041,-0.0001515238240047675,4.902519298070494e-05,-3.7347884980124305e-05,-0.00017181812529095671,-6.32540270802875e-05
2021-12-11,56045,-0.00019378652373407699,5.286695254181359e-05,-0.0002679250681359958,0.000559416163359623,8.443930146337028e-06
2022-06-08,01003,-0.0016417651200051466,0.00013340385786137117,-6.533247709264098e-05,-0.0005627333200391694,-0.003894886749987157
2022-06-08,01023,-0.00037622356027792233,-6.23410774930641e-05,-7.026883067303368e-05,6.118283360007819e-06,5.517002209823167e-05
2022-06-08,01025,-0.0006375163866867646,6.534458454520743e-05,1.690410933167033e-05,-0.0003290427034639841,-0.0013730693288281372
2022-06-08,01045,-0.0008736759313877277,-2.823861562632269e-05,-0.00010412267847414221,-0.001198687304652208,-0.0006664985332494357
2022-06-08,01059,0.0001491552965462578,-0.000140287525547695,-0.0008088491673142774,0.0006339242234687271,0.0037989092959024792
2022-06-08,01073,-1.556222275132975e-06,-0.0002560427546348977,-0.0006698980033390499,0.00019818490892618834,0.0017908055108135346
2022-06-08,01089,-0.00022872957604940555,0.00011059578065440186,0.0001806152558634247,-0.0002610544922906321,-0.0008123873803071862
2022-06-08,01099,-0.00010279104294345573,-4.395080972749562e-05,-0.00010253373779388775,-0.0012076116217535136,-0.0010181994482442351
2022-06-08,01103,0.00011882373236098587,0.0002425940290960294,0.0022746714230024766,-0.00012978299921381618,-0.0006506695770904412
2022-06-08,01129,-0.00026401962430838797,0.000134791142729944,0.0006315821247420714,-0.0003910651746212219,-0.00197578877663903
2022-06-08,05011,0.011792090619374695,0.001258229469253025,0.0024803350194668727,0.005799757060691135,0.008017364405630334
2022-06-08,05019,0.000609133228159588,5.599233794062117e-05,0.0023515514055617998,0.00018809034886603515,0.00021609822866635632
2022-06-08,05041,0.007120617871473112,-0.0001700124163594996,-0.002062408492508161,0.0021878780223604233,0.0045581836288595134
2022-06-08,05043,0.0032819786613783597,2.993107409712814e-05,0.0008208569896665657,0.0006799761334984472,0.003678161445499817
2022-06-08,05057,-0.00045575154708703313,0.0006569222768113689,-0.0004651091939781001,-1.4177212277816185e-05,0.0006615244539292624
2022-06-08,05079,-0.00024395658481117174,-1.0182752024031174e-05,-0.00012348190348828765,-8.131133781476185e-05,-9.862411195463877e-06
2022-06-08,05139,0.0004566419985969142,-3.382075867790907e-05,0.0004532437816198165,-0.00038444397559315655,-0.0006930417807859864
2022-06-08,05149,0.0054640272949258994,-0.006591041137742393,-0.0274370629023431,-0.004983060443273568,-0.0019862001980032185
2022-06-08,06003,-0.034537089274870474,-0.0007342305366754425,-0.010824963505839376,-0.00882264842241185,-0.01382806673538015
2022-06-08,06017,0.0016923604047793701,0.00024499610341493366,0.0005128040900893097,0.0017793722684980758,-0.0006563066598500103
2022-06-08,06029,9.996772030044197e-05,2.6789968452498904e-05,8.981217899618581e-05,7.959796555931029e-05,2.220704288942877e-05
2022-06-08,06035,-0.00453944891605346,-0.0001473681033661167,-0.0008865210513928076,0.005932384969344965,-0.0039022964147161572
2022-06-08,06051,0.003171769424001658,0.001794128520122451,0.005691080330213649,0.01210230185307215,-0.00111252447713317
2022-06-08,06057,7.07282064033709e-05,4.262133483975538e-05,0.00013753843971149246,0.0002911263278986276,0.0004787234241616584
2022-06-08,06061,-0.0017274687542212504,2.8502851571498883e-06,-5.4692220132782565e-05,0.0003574603433258548,-0.000633583718023841
2022-06-08,06063,-0.014050093120920286,-0.00022911814168696202,-0.0009271173099032661,-0.001457706806985053,-0.004555074043452331
2022-06-08,06091,-0.012560034300033638,-0.00022796171005139685,-0.004426299636407837,-0.011042836229342885,-0.004057826617755446
2022-06-08,06107,-4.516108462606906e-06,1.7861356880554769e-06,4.27030050291339e-06,6.328534147125129e-06,3.1979445855657746e-06
2022-06-08,08009,-0.0007699367944957118,-0.0001658015683263245,-0.000219005854070077,-0.0007325993645111157,0.00013544969757058089
2022-06-08,08031,-2.686183161927907e-06,4.900902443590732e-06,4.991996962419717e-06,-4.8471134077402844e-05,-3.345615544742388e-05
2022-06-08,08045,-0.0003467122037078601,-2.0388223599272265e-05,-0.0004412013710146135,-0.0009497999296627184,0.0003612476840037901
2022-06-08,08063,-0.00024113702991810499,6.750435057336322e-07,4.101248065421022e-06,-0.0005438614390992156,0.0003769404910529637
2022-06-08,08077,-0.00010154579379296315,-1.394535795359625e-06,-7.524468323289401e-05,-0.0001896559204004277,-7.532781678514172e-05
2022-06-08,08099,-0.0009894572753645385,-4.800114426318521e-05,-0.00026264295317298693,-0.0004918436758549959,-0.0007192916914037218
2022-06-08,08101,-1.2950005166788292e-06,-6.095063355656891e-06,-2.9067609079421255e-05,7.599335934123028e-06,-1.2588805124157457e-05
2022-06-08,12009,-0.00585371992704251,-0.0015526614754189964,-0.0013026520609582491,-0.0024348062872919037,-0.007718589907151462
2022-06-08,12015,-0.0009931976493042683,0.00011477432376126974,-3.549961686874427e-05,0.0003812504534850313,-0.003293201258925681
2022-06-08,12019,-0.0011442223836551633,0.00015979734434210663,0.0005034324631888682,0.001204985901230126,-0.0013152152580275414
2022-06-08,12031,-0.0029151667660228067,-0.00012753675941407213,-0.0003121424477502549,-0.000894516089800888,-0.001164490399380219
2022-06-08,12033,-0.0016242596925822932,6.545106064641173e-05,-3.1520353499188414e-05,-0.00014845629970917213,-0.0034402842920115795
2022-06-08,12059,-9.805755258263538e-05,0.00011052471224116912,-8.304826693659832e-05,-5.008323125820901e-05,-0.0008524056688082047
2022-06-08,12109,-0.0008249426571838693,0.0004959452280770759,-0.0001682304112714453,0.0006099775676739767,-0.0006411280102445413
2022-06-08,12111,-0.0007015615520021561,3.884873451949291e-05,2.931739122252828e-05,9.300711986142286e-05,-0.0021460266085990658
2022-06-08,12133,-0.00018421783701551286,-0.0002095275764942145,-0.0006796506434696703,-0.0040455445672415435,0.0010178201707371076
2022-06-08,13051,-0.0011915166952007265,-4.64437866153195e-05,-0.0006215048005528503,-0.0002073880267297653,-0.0012029137011936673
2022-06-08,13077,0.00038314945416782417,-0.0001291183424071557,-0.00020001955497313262,3.887293889403426e-06,0.00318468903783262
2022-06-08,13121,-0.00011737914571427423,9.015280472522409e-05,0.00012519962226272452,-3.513907068593405e-05,-0.00023258269204982788
2022-06-08,13229,-0.0017696164204060376,-5.732441982580435e-05,-0.00023823253215704578,-0.0005909590766115776,-0.0005736118737972185
2022-06-08,13297,-0.00010370145929307513,8.211375800793353e-05,6.762480923966634e-05,-0.0001720871020986702,3.969575176601594e-05
2022-06-08,16039,0.0006071506985003833,0.00029913698848993767,0.0007180127803995042,0.00022701463833238109,0.0002526097456515015
2022-06-08,17019,-0.00036945293017361103,-0.0016066366825817518,-0.002797608656635359,-0.00039712904875223437,-0.0007897264460035269
2022-06-08,17031,1.906405955658108e-05,1.5361105946433136e-05,-0.0002864522093460492,-0.00019257940631219278,0.0003666468869384137
2022-06-08,17043,0.0004514505331362483,5.260072282975447e-05,0.00030122454925990254,-0.0002539933902843236,-0.00023945184211427725
2022-06-08,17089,0.00012330073361218642,5.77982133502014e-05,-2.5932559183855573e-05,-0.0001262503430417826,0.00024677722758332745
2022-06-08,17097,-0.000369596264104035,-0.00011094469292295575,-1.4637635453250094e-05,-0.0001465587335585156,-0.0002711889285003686
2022-06-08,17109,0.0006355768071281127,0.0006225934558824107,0.0006592251964588989,-0.0013870964457827959,-0.00034859623311025035
2022-06-08,17111,0.00023316755740475392,3.7161910040434034e-05,0.0002016942907170317,0.00016739445007101834,0.0008097176717779342
2022-06-08,17117,-0.000904920653843508,-0.004213699385841161,-0.006619605144261586,-0.0017407175302325548,-0.0012076541769929043
2022-06-08,17137,0.0011076254575382617,0.0018772438538575279,0.001052599698518107,-0.0001853370783847781,3.226799108270082e-05
2022-06-08,17183,-3.5879770299033706e-05,0.0005503062924541997,0.00041066541227745626,-7.915001635019171e-05,0.0005294319979221599
2022-06-08,18013,0.0030834115182786807,0.001197779999797215,0.004107271828392109,-0.000311325689221759,-0.0003674088897363467
2022-06-08,18029,4.048388004285327e-05,0.0005431391481221406,0.0020156159850202786,-0.00031603179490265134,-0.0011224238125240374
2022-06-08,18063,0.00016139902478635895,0.0012246625475028326,0.001012346481885138,0.00013352833948130515,0.00039680939556376623
2022-06-08,18067,6.843152510921488e-05,4.427986357388269e-05,-0.00027112727648175624,-0.00018116933071887344,0.00014879329935532095
2022-06-08,18069,0.00023797861877884643,4.807553237089787e-05,-0.00010337176607980983,-0.0002106778004225078,-0.00010944376384203617
2022-06-08,18079,0.0021602727035586996,0.0008550750847075607,0.0026955336698601595,0.00019903578396939588,-0.00039620854992895144
2022-06-08,18095,-0.0006275583044097095,-0.0004691805009433867,-3.6739053997963587e-05,-0.0003567715339086393,-0.0005461791108954353
2022-06-08,18137,0.00045677773976697403,0.0007510873348516595,0.0030573736667604532,-0.0002699581654470837,-0.0012480084179659781
2022-06-08,18139,-6.125152857866501e-05,0.0004009486880500023,0.0006384379486242915,0.0007307064863561284,0.0001868449216200249
2022-06-08,18177,-0.0002474899676185205,-0.0003198565736965409,0.00031903093603258617,-0.0006882564432626633,-0.00052672238746641
2022-06-08,19001,0.0015058956083352868,-0.0014609215023930742,-0.0007835958219607922,-0.000889319669318695,0.00019322924823028144
2022-06-08,19039,0.0004838501322021859,-0.0008369194335025561,-0.0011384746371842624,-0.0026335579639202916,-0.005997203891858105
2022-06-08,19053,-0.00038441541419623367,-0.0007206681603157126,8.864922617175808e-05,0.0014878015463083314,0.0024043341634711534
2022-06-08,19145,-0.0005336950410588599,-0.00020029486240364172,-9.837212535417084e-05,0.0007173704524565893,0.0013657809958738019
2022-06-08,19155,-0.0002595435898203194,-0.00027954927841903525,-0.0004912255130707895,-0.000990155635898411,-0.0009961424199509726
2022-06-08,19163,0.0007503922791605605,-0.0019054549912415732,-0.0005075797311126979,-0.0024168137854134373,-0.0005586110936490443
2022-06-08,19173,-0.0005807360417173541,-0.0006439649972615788,-6.534800529575929e-05,-0.0002120580891069139,0.0022065893396570613
2022-06-08,19175,0.0023693700279681373,-0.0015519994509341495,-0.0011357205781173663,-0.00359466025188912,0.00020785449094740116
2022-06-08,21015,0.0009378844214595443,0.0004755040878655732,0.00015009891414016242,0.0009297634417461346,8.804708875378812e-05
2022-06-08,21037,-0.0005355490735568513,-0.000567107841573225,-0.0006302203735529671,0.00029970181279721786,-0.0003766368438205825
2022-06-08,21063,-0.0001960446275615659,-6.670447224764887e-05,2.8644005469963003e-05,-0.0001169629103110431,-0.0003520981822913794
2022-06-08,21089,-0.00017777376269420298,0.0002324303279881651,4.56321304452916e-05,0.0003583762134587798,0.0021379670923046797
2022-06-08,21117,0.002098813938066421,0.0005108484741404087,-0.0004291457465451093,0.00252228316604371,0.0004974297852783707
2022-06-08,21237,-0.0003133230499000349,2.40726691168704e-05,0.0001057618537539967,1.100330845281146e-05,-0.0005921244146432046
2022-06-08,22033,0.008834986131400843,0.0031449913869700807,0.008677860512864472,0.0008911147808957742,0.0004733578964357583
2022-06-08,22051,-0.0016166078633935007,3.447328048871313e-05,0.00023221975990717243,-0.0010618371494817325,-0.0023186001654140875
2022-06-08,22067,-0.0001235257683764729,0.00023395169453879067,0.0010425582716002031,-0.000617466691578715,-0.002381731166055095
2022-06-08,22069,-0.0004442627520466879,-0.00030394735027415576,-0.0007580977067040348,-0.001848342338919385,0.0022867544064100204
2022-06-08,22115,0.0011677583087653202,-0.0006200520410967504,-0.0002994115001160452,-0.0005453582276384282,0.001944691572921934
2022-06-08,23025,-0.0003378324794101593,-5.404039129378464e-05,-0.0006498491971248429,-0.0007742911811581515,-6.626213118082687e-05
2022-06-08,24003,-0.0008656688925216384,8.189821694590976e-06,-0.00024793707757159134,-0.0005215545140649512,-0.00019785051682789668
2022-06-08,24005,-0.0001153482084074027,1.5767929608144558e-06,-2.702754044558211e-05,-7.774019812958584e-05,6.816704484759992e-05
2022-06-08,24009,-0.0008821629298399396,-2.2555269476840802e-05,-0.00019571218341573227,-0.00022524292135402905,-3.2597737817138535e-05
2022-06-08,24017,-0.00016943448560816023,1.650307691026631e-05,1.5363666696063165e-05,-0.00018031534864300413,-4.337962548788487e-05
2022-06-08,24023,6.358026625134729e-05,-0.00015403874066108477,-9.396029426623717e-05,-0.00025968458708762693,-0.00047772460249383174
2022-06-08,24027,2.5699472920038754e-05,3.0797240616674314e-05,2.8775547858021734e-05,1.6565768933170786e-05,2.5048978431406054e-05
2022-06-08,24031,-0.0003059621628966498,-6.365571048633521e-06,-5.3955317793304456e-05,-0.0002701030778747422,-9.638550502337405e-06
2022-06-08,24037,-0.00014985448772291137,-1.9994181900550136e-05,-0.0004011169177816163,5.328482654956383e-05,2.243268750345593e-05
2022-06-08,26021,-4.84388322716568e-05,6.190186622911454e-05,-4.866215719843427e-05,-0.0001520165759888504,-1.675416118921899e-05
2022-06-08,26027,2.2018332878755327e-05,-7.59237834562854e-06,2.510485131721179e-05,4.4355357715072886e-05,-1.4680085754447151e-05
2022-06-08,26159,-0.00017138717441450552,6.952970903118438e-06,-2.6391547470729733e-05,-6.300226938085008e-05,-7.708672390336745e-05
2022-06-08,27033,-0.0003464926807303117,-0.00029816309635050835,-0.00014109628992937592,-0.0007243756574555872,2.4125488895128866e-05
2022-06-08,27089,-0.0003602003741984721,3.3700444172532853e-07,-0.0004619336735764691,0.00014897614914833392,-0.00031275852383801897
2022-06-08,27113,-0.000629167160922497,4.509788085272026e-06,-1.3409967606303018e-05,-0.0007143488133995279,-0.0005499047014903749
2022-06-08,28011,0.00039692384780128966,8.491490455652707e-05,6.623710809562644e-05,5.7180837867775586e-05,0.0001986970436337731
2022-06-08,28021,0.0009637022243946265,0.002822862170959589,0.002384855703487336,0.00027163374589077305,-6.979202932336573e-06
2022-06-08,28035,0.0005907140343612144,-0.00046947576079720346,0.00017225345690648208,-0.0011954061199039925,-0.0007564598552823477
2022-06-08,28049,-0.00038288310258697417,-0.0001269336664417968,0.0015962469581307526,-0.0006220483149418053,-0.002809405193852966
2022-06-08,28051,0.000767004920102364,2.5116058027106064e-05,-0.0005172348538550267,0.0009584131729799827,0.002880804988701146
2022-06-08,28053,0.0008329915686457329,3.490822350342426e-05,0.0012474871150494754,0.0002367925128811746,0.0021787816143826536
2022-06-08,28061,-0.00017010952233224055,3.0583239417169265e-05,0.0003263421161163738,-0.00015421386305208314,-0.0003399900526181922
2022-06-08,28067,-4.7080003717506896e-05,0.00011518306016626567,0.0003500614209495656,0.0003636717446482852,-0.00013011527124648717
2022-06-08,28073,7.999905882996334e-05,0.0006074521754410468,0.00010157064879890917,5.739559018898483e-05,0.0008528514754523495
2022-06-08,28089,0.00130448025398122,0.000986932640848287,0.0012370236155723538,0.0010113957509876315,-2.9019079294007044e-05
2022-06-08,28111,0.0005550576262663004,-0.00019811895818097613,0.0023963730166808236,-0.0002648904708073968,0.0060306068088766054
2022-06-08,28121,4.101776039258241e-05,-0.00011656677202415188,0.00022755084593378426,-6.717504524588044e-05,-0.00011341897982482599
2022-06-08,28129,0.0001862331709276202,-0.00015951038580957339,0.001683529950662871,8.913884389342638e-05,-0.0018698387983314482
2022-06-08,28133,0.0006139117367589889,2.4083747520727006e-05,0.0011766563759166432,-0.0006627359262777188,0.000815986686320179
2022-06-08,28147,0.0005043977710315548,0.00019266634293841484,0.0002115867307726782,0.0013520163989017772,0.0028639610853242042
2022-06-08,28149,0.0010065997093621371,0.0011936891945074392,0.0011788122021324891,0.00028864554622659404,0.0002001135540271419
2022-06-08,28151,0.001519582355579998,-4.755114685430287e-05,0.0007692150789132962,0.0008000563311058376,0.0014081963055451278
2022-06-08,28153,0.00014911102893500668,-0.0003886051900506213,-9.987318243397797e-05,-0.00020814958104697912,-0.0004537736036771649
2022-06-08,28163,9.729122091804102e-05,3.508932109211511e-05,0.0001590313471825361,1.63003460525137e-05,-0.00019582616513174743
2022-06-08,29005,-0.0005263746881232125,-0.000363521059777514,0.0004001057549822529,-0.0002133340083681698,0.002831293886567322
2022-06-08,29015,0.0003453967350558482,-0.0006121241075409695,0.001633727387673956,-2.3164846189342118e-06,1.613344737467462e-05
2022-06-08,29019,-0.0023525300639101942,0.0006377703447765131,-0.000869197092108801,0.00031366397196869633,-0.0010783658726574807
2022-06-08,29029,9.840578433536334e-05,-0.00015940844716921115,-0.00179489542972781,-0.0012318663067102074,0.00016623359482067016
2022-06-08,29047,0.004165057581170889,-0.007309458443555433,-0.0024131845825122733,0.004047591631934605,0.009172283185254065
2022-06-08,29049,-0.001701582058079485,-0.0011980639028074417,-0.0012657499438456549,-0.0009693864113960657,-0.00046923377612757226
2022-06-08,29053,-7.402515791189203e-05,-0.0009079303437987338,0.0008702598904255466,0.0004937025089156743,0.0004119362343834869
2022-06-08,29071,0.0012542236354461866,0.0009831417609111257,-0.00042344871853485823,-0.0008571345363450186,-0.000668890020361009
2022-06-08,29079,-4.303345284760321e-05,-7.6594629256519e-05,0.00031313017413608056,-0.0007495511151178384,0.000398746281386392
2022-06-08,29087,0.0018480013567004887,-0.000366473409172347,6.014093952509073e-05,0.0006054654526361993,-0.0005002329571661291
2022-06-08,29095,0.003460486664983841,-0.0005415327296907843,-0.0011895075713398637,0.00036738761231803335,0.0016880910633572735
2022-06-08,29101,4.577251297613067e-05,0.0002271199838001581,0.00018831922886469385,-0.0015009529166203665,0.00026759488161074525
2022-06-08,29107,0.0013682509923764047,-0.0006481587505313274,-0.0022862403908498682,-0.0035659645351706695,0.003929829033638414
2022-06-08,29125,0.001553663808612618,-6.248852077408995e-06,0.0037195034081186074,0.0018040195944525744,0.0008043266815510319
2022-06-08,29131,0.0011425995975171098,0.0002998333152588878,-0.0002404706457565884,0.00033569832088125445,0.00048154531526803726
2022-06-08,29139,0.0015531742393326128,0.003684525781280182,0.009218230556055512,0.007150018573490007,-0.0010579211710142272
2022-06-08,29159,0.004103354024377769,0.0003345788797515471,0.004655432047872658,-0.0011554477225023591,-0.0006227485071829781
2022-06-08,29161,0.0012313764355668245,0.0012833339410247922,0.003876116967319836,0.001041134664370876,0.0005811460448787765
2022-06-08,29165,0.004142548664765336,-0.0035485133544110453,-0.006249311445460773,-0.0024649964870103735,0.003429190332278176
2022-06-08,29195,0.0007741599736111743,-0.0011139232598780906,0.0002723602791466287,-0.0006133993332553093,0.0015953237439392566
2022-06-08,29221,0.004806309226041598,0.00033916521253438657,0.0018131478160338197,-0.00015212576152878222,-4.2205020575987115e-06
2022-06-08,29225,0.0004933024497418898,0.0002178387484378201,0.0005056794590104544,-0.00022213856518724152,2.3145039533732322e-06
2022-06-08,30003,0.007315830529076139,-0.00038180910995533335,0.002102228460654887,0.0011334315529875072,0.0072482517354097165
2022-06-08,30075,0.00021816448392182435,6.392306319498442e-06,0.0001983780121656495,2.0130135817364447e-05,-0.00026400214594883044
2022-06-08,30087,-9.271669045163281e-05,-2.504890790387783e-06,-0.00014779637203498103,3.480769683677457e-07,3.721777355379599e-05
2022-06-08,32001,-7.835480210686507e-05,-1.999558009457589e-05,-0.00020311437076888473,-0.00016684978597139496,-0.0002103910806627326
2022-06-08,32005,0.001460885150917734,-0.0008991636098972063,-0.006416763939898013,-0.011771772367860325,-0.004967103945780154
2022-06-08,32007,-6.520179015469475e-05,-3.5954728680411632e-06,-5.838342237006503e-05,-4.521740925353439e-05,8.449326525374546e-05
2022-06-08,32011,-0.0001648381718258457,0.00020265581196971666,0.0009504849711041014,0.000490541375777101,0.00019285809308903362
2022-06-08,32013,5.6684144538118875e-06,6.0583222570102443e-05,5.4147261374319806e-05,2.4292137851568245e-05,2.705950658569295e-05
2022-06-08,32015,0.00028730807296237573,0.00020714199978625128,0.00018429892472044893,-0.0002725088212490699,6.92322274249077e-05
2022-06-08,32019,0.000880398150290809,0.0005621870974123616,0.00040314118576488143,0.000493012283879035,-0.0005275956245090162
2022-06-08,32021,0.00020272820206396897,4.815535805221746e-05,7.477816849929195e-05,2.0793718739666595e-05,-9.985083651600432e-05
2022-06-08,32027,-0.00020222471906870796,-1.971146275881624e-05,-0.000366560143161735,-0.00027150303118758575,0.00012277575241811272
2022-06-08,32031,-0.0006529947309590547,-1.7798523946765607e-05,-0.0004579459089529452,-0.00044500863160968577,-0.0007200502287192724
2022-06-08,32510,-0.004910874094394429,-0.004244298630211112,-0.006998508643901547,0.003283576141611901,-0.00030791004915865
2022-06-08,34005,-0.00035356203979242584,-4.8294878712403725e-05,-0.0003538485931915336,0.0001129236647392836,-0.00017668228636741654
2022-06-08,34007,-0.000675196414576038,-2.8259355049201697e-05,-0.0002242829174098836,-0.001482348266697338,-0.00023932437724714494
2022-06-08,34015,-0.0006948804635578387,4.339645051584508e-06,-3.492776348560354e-05,-0.0016260498635128993,-0.0004946172944039023
2022-06-08,34025,-0.0006434083993686848,1.4711928631125544e-05,-8.446926686690628e-05,-0.0023121416217343183,-0.00047874628456374296
2022-06-08,34029,-0.0009484947410274942,-9.482886497962334e-05,-0.0002627636169827747,-0.0011902699924867242,-0.0011727824120208253
2022-06-08,35001,-4.473980272273143e-05,-1.9292397349716455e-06,-9.958366760661553e-06,-2.6123322512441236e-05,6.768872003555399e-05
2022-06-08,35003,-3.926680549970357e-06,-2.543497992618118e-07,-2.2546952389434076e-06,-1.3062041315232165e-05,-4.535485513489593e-07
2022-06-08,35013,-5.085090060090367e-05,4.546750913483114e-08,-8.120666690550633e-06,-9.622329004626368e-05,5.661745520739983e-06
2022-06-08,35031,-4.58388020611263e-05,-2.0450928395826148e-06,-1.8517653158339198e-05,-5.9228595203316534e-05,2.87304976565475e-06
2022-06-08,35035,-3.7923502551344326e-05,1.9584647895232047e-06,6.582547825242945e-06,-0.0001037392115191409,-0.00010927748638358777
2022-06-08,35037,-0.00035892625748679173,-0.0001233607765520138,-0.00043721128008217817,0.0012161675992157128,0.0005383971448246135
2022-06-08,35047,-0.00034635967517506177,-0.000157767219763392,-0.000526492588782942,-0.0006640642974918413,-0.0003130180089450556
2022-06-08,35051,-5.612548774962722e-05,-1.0020453591186166e-05,-2.5160280046824932e-05,-1.4582885892192981e-05,0.0002286947988177079
2022-06-08,35053,-2.835475618567804e-05,-4.892183099574536e-07,-3.1034140883329755e-06,-3.634280438905988e-05,-1.799663833611837e-05
2022-06-08,35059,-0.0008172679766561106,1.0562418974343051e-07,-0.000375102158576736,-0.0007979451374567518,-0.001479187309734794
2022-06-08,37001,-0.00017692242576211175,1.32322384024941e-06,-1.993119205178929e-05,-0.00013199887926536855,-4.254467251373528e-06
2022-06-08,37013,-0.0007120136179784752,5.937416030384342e-05,-2.486113904585853e-05,-0.00024399654058695998,-0.0013587331272932256
2022-06-08,37023,-0.00020031578053517809,2.7258395585713514e-05,1.0897947198126358e-05,-6.45484698706423e-05,-0.00010086628196435865
2022-06-08,37049,-0.000997490393580337,0.00014253640268581066,0.0002570930749570504,-0.0006748094988715725,-0.001389951227780085
2022-06-08,37051,-0.0012489543031919306,2.3870236883717557e-06,-2.3644485832819632e-05,-0.0007132288127063545,-0.002834344732215881
2022-06-08,37053,-0.0007208739367324498,-2.7401841958633866e-06,0.00013151619224953626,-0.0006616872077921246,-0.0011626458895203935
2022-06-08,37061,-0.0008975547428809694,-2.1403962932817168e-05,0.00017847590077640734,-0.0007715955367084881,-0.002528826486501168
2022-06-08,37085,-0.0008636677328280117,4.175095678449615e-05,8.715370812478794e-05,-0.00036589866172551897,-0.0014695510303202662
2022-06-08,37105,-0.00014442553814940362,0.00019639748451908773,0.0001717328252468127,-0.00010621871703525947,-0.00014244636204093094
2022-06-08,37119,-0.0002876787722537992,-1.0945096996756328e-05,-1.4031304708667967e-05,-0.00010937307106993952,-2.04152169411523e-05
2022-06-08,37125,-0.001251847809411869,-4.3712782497972564e-05,-7.19110302077029e-05,-0.0002902445769018719,-0.0005757749229210812
2022-06-08,37131,0.00019343136500629774,-7.791255310870583e-06,0.00014992212522942083,-0.00010207316908209928,7.219079036442384e-05
2022-06-08,37135,-0.00024027629760039776,1.185918705277813e-05,-2.776215726489709e-05,-8.595097134665177e-05,-0.0002390119524733283
2022-06-08,37145,-0.00025084708117355606,5.669608207047378e-06,-4.712389288971285e-05,-0.00011734009623564428,-0.000103417797312918
2022-06-08,37147,-0.00023808622742753108,3.016426850012997e-06,-0.00010082856435989229,-0.0001220051812411831,-0.0005967908155587445
2022-06-08,37151,-0.00022972086306128782,1.358555287528326e-05,0.00010051177721447554,-0.00011696683932876657,-0.00016482269410209114
2022-06-08,37153,-0.0015571670848945082,-6.726779091724723e-05,-0.00020791398715475375,-0.00036418858934896307,-0.00037950825041369046
2022-06-08,37183,-0.0001806673751363673,0.00015473769573213963,6.369710926679763e-05,-0.00014169847726019344,-5.004003608306449e-05
2022-06-08,39001,8.155519562144664e-05,-0.0008249589519783787,-0.0010540376507422872,-0.0005489735254349953,0.001012763460503524
2022-06-08,39009,0.005839161150799049,-0.0016116591048818407,-0.0045833345518433155,0.014179979503422646,0.01194813501554956
2022-06-08,39013,6.330566562295567e-05,-7.57884214245795e-05,6.48832569987625e-05,-6.100874837139218e-05,-9.563745062804441e-05
2022-06-08,39015,0.0013005246448298466,-0.000354586947407861,-0.0018735764532499012,0.003136202078163234,0.0009940772539265771
2022-06-08,39017,-5.650815844757129e-05,-0.0008517710800096945,-0.0008451670342050632,6.003712887492352e-05,-0.0007859028088662012
2022-06-08,39021,5.092839206358602e-05,4.8681202192755665e-05,-5.861740842437414e-05,-0.0001717149029227291,-2.2994502352585884e-05
2022-06-08,39023,-0.000899654125624488,-0.0021461681609570684,-0.0016020953535208597,-0.001569405510924827,0.001031645397996132
2022-06-08,39025,-0.00016367596233414494,-0.00015692939019476548,-0.000720856622157047,0.00011425972444124854,0.00028841654686711377
2022-06-08,39027,0.00016833214233220265,-1.4139345531400185e-05,9.465117319643664e-05,0.0009804209418484977,9.236269287579181e-05
2022-06-08,39029,0.00040452121587043364,-3.8394116458240375e-06,0.00016486265895849323,0.0002590120771932048,0.0005276224608974848
2022-06-08,39037,-0.0001622507658427479,-0.00043168194975391224,2.156517615243994e-05,-0.00012150367058067751,-4.1984848834378996e-05
2022-06-08,39041,0.0006359006696926401,0.0001656665197511516,7.401848830826169e-05,-0.0001618275485400806,-0.00020693783910670556
2022-06-08,39045,0.00019840601564533045,-0.000606926384447426,-0.0014074975033525616,-0.00034968903434429155,0.009776024138447081
2022-06-08,39053,-0.00031781640004468266,-4.8876106413079626e-05,-3.345437934779415e-05,0.0001961150295944155,-0.00013386555373007941
2022-06-08,39057,0.00033096256247125855,1.9140071447846293e-05,0.00014584912733980838,-0.00016522298971990545,-0.00035533150753744823
2022-06-08,39059,0.00010864445956542041,0.0002082934772635398,6.6126529756259595e-06,-0.0002428518360736924,-0.00035344635803480546
2022-06-08,39061,-0.0003177291427466644,-0.00030189757485942284,-0.0006067572940156446,0.0005164691124065167,-1.5324217547789398e-05
2022-06-08,39071,-0.00017707922915505443,-5.145982019382801e-05,-0.00015500363965232147,-0.00019179021908441451,0.00017384409015460713
2022-06-08,39073,0.002147369905882754,-0.00023244966585355548,-0.00129006808550209,0.005093877716333378,0.005949191718208485
2022-06-08,39083,0.00011096497164234651,-7.788983517052566e-05,0.0003062603593465365,-0.00014405618953954437,-0.00010213878081069083
2022-06-08,39087,-7.41746955738156e-05,0.0003443621132495629,3.171424308131524e-05,0.00034388560107953157,0.0023977389735962223
2022-06-08,39105,-0.00016982471597144539,-1.5366975904177566e-06,-2.1009988540576506e-05,-0.00013923816847269882,-0.0006384735768797089
2022-06-08,39107,-0.0001477007816659037,0.00017259543406362488,6.71989218260431e-05,-0.00016866982929007553,-0.00022026838283227432
2022-06-08,39109,-0.0005436944945612756,-0.00013311104600803245,-2.874845817171269e-05,-0.00012778601469098233,-0.0015214687494538894
2022-06-08,39111,-7.49589426898914e-05,-0.0002332956914248216,-0.0019041682351452621,-0.0014408720525279084,-0.0013074141263143546
2022-06-08,39113,0.00020643345568346298,3.726210942081847e-05,-2.8519885125486864e-05,0.00040877595765370883,-0.0005038637222877999
2022-06-08,39127,-6.172773858946143e-05,-4.942481234769883e-06,5.6047294827892176e-05,-0.00028488191509562846,0.00016379688615669567
2022-06-08,39131,-8.36212752568441e-05,-2.9502931610178584e-05,-6.0659999700327094e-05,-9.546392970933432e-05,-0.0006774053863110863
2022-06-08,39135,-0.00018249527329804172,-0.0006106441068295526,-0.0006510207320172476,0.0004519140766593155,-0.00038099367107959775
2022-06-08,39141,-1.6600093138120775e-05,-2.1425691119727683e-05,-6.393978530031333e-05,-0.00016925961149726922,0.0007581661797501273
2022-06-08,39145,-0.0003596945151554897,-6.90113950646944e-05,-0.00023824494072656032,-0.00016208963325492574,-0.00010254983552223772
2022-06-08,39159,0.00017951205654363593,0.0005109203840574022,0.00024014552162018095,1.7975738391625773e-05,2.1738080623075206e-05
2022-06-08,39163,0.001973507596739782,-0.00313363542265066,0.0007044178322921646,-0.005391777834976186,-0.002346080756841562
2022-06-08,39165,-0.0003945582697473249,-0.0014223536722479668,-0.001264008927905097,0.00026341860883452584,-0.0008739549455095141
2022-06-08,39167,-3.916777892710608e-05,-5.819638464177107e-05,-0.0004899438686544601,-9.29048602588869e-05,-0.0004155050891361811
2022-06-08,40015,-0.002042715992298466,-0.0017098680403254685,-0.0011630167109246137,-0.007985596553583857,-0.007581486112417851
2022-06-08,40021,0.0030707284931939557,0.002097284168887506,0.0028888623729913347,-0.0013214807056407133,-0.0011984465008214392
2022-06-08,40033,0.00011133252722411724,6.715498319936897e-05,0.0012367672555383402,0.0010580939619451724,0.0018118230790582501
2022-06-08,40039,-0.01196781001338812,-0.00230705682119247,-0.004295161350744009,-0.00967120235212468,0.0045830789687099915
2022-06-08,40051,0.00021490719517087975,-0.00014753304619397056,-2.5755072860511596e-07,0.00010324297492356888,0.0006167491349105964
2022-06-08,40057,-0.0001804358997896916,0.000340222079838482,-3.130142589468374e-05,0.0009365548363882716,-0.0004772914489256947
2022-06-08,40063,0.0009681628011973826,0.0006931598482425964,0.0007485825911333404,-0.0012051870677280592,0.0020872855633199943
2022-06-08,40065,-0.00016137823778966534,0.00014453198680719438,-9.097057874669912e-06,-0.0010434468313568973,0.0003777474557066429
2022-06-08,40071,-0.000644642065664605,-5.109698878621831e-05,0.0002667440741333394,-0.00021692160580856582,-7.412304147618452e-05
2022-06-08,40081,0.0059161088121953975,0.006995999970319189,-0.0029744678633833455,0.02156390543041503,0.02453348057260285
2022-06-08,40097,0.00011978860018698368,0.0013567377361345962,0.004984432436989875,-0.0010060273554520628,0.0008346070605598551
2022-06-08,40103,-0.0005752600536340427,0.0010618716426512506,-0.000657351934065159,-0.00014345501815471104,0.0017955378570200763
2022-06-08,40107,0.0050727681506232275,-0.001085727551469299,0.0009060224662755384,0.03152155451936266,0.007141973676980749
2022-06-08,40113,-0.0002960367241777067,1.0881565543959665e-05,0.00044344787205140854,0.00030223588978336025,-0.0009661952901538139
2022-06-08,40119,-0.0004168845295824473,0.00027023894601335046,0.0007348072977264228,0.0001531775919732031,-0.002137566076499618
2022-06-08,40123,-0.0003933719875417055,-2.512691044903332e-05,0.0005858275127745118,-0.00015894839037192392,-0.0015376682551297644
2022-06-08,40131,-0.00027711482888565257,0.0004246893996673307,0.0031810095674091737,-0.0006541605579001306,-0.0005503371091538827
2022-06-08,40135,0.00228843134507535,0.0013084685073500128,0.0018496808757695253,0.004294326546098856,-0.0009901058128815954
2022-06-08,40139,-0.0009637891725635072,-0.0007241015515491606,0.0003046170305940621,-0.0007256469772011522,0.0004681812904623221
2022-06-08,40141,0.0005014249265036935,9.648183418155265e-05,0.0002570747347639679,0.0005881592503701877,0.0009703123180416495
2022-06-08,40143,0.0021614035939037067,0.0008138794339168603,0.003999441957884667,0.00043854184179943157,-0.00046713638955257287
2022-06-08,40149,-0.004180775745287246,-0.0018147499095564346,-0.0028660761301789253,-0.0014469200317494477,0.0029760039995846907
2022-06-08,41059,-0.00047462914127510843,6.567293675556814e-05,8.207934680798027e-05,-5.616323796981727e-05,-0.0005736582263055298
2022-06-08,42007,0.0009567545666123966,-0.0002976409611032837,6.250877517512598e-05,-0.00043327876892405685,-0.00010856587914722743
2022-06-08,42051,6.641440306645336e-05,-6.107051295649313e-05,-0.000671549054974907,0.0004174808493365512,0.0002245278885174883
2022-06-08,42059,-0.00043550487715803606,-0.00011595571625955779,-0.0007868208259725375,0.0006305356125245005,0.0002183331452400043
2022-06-08,42111,7.195894132736545e-05,-2.234925209133702e-05,1.979651859427135e-05,-0.000346450017614554,0.00011331560790481168
2022-06-08,45013,-0.0007163917100165358,-7.086614503195622e-06,-0.0002553064014369572,-0.00013869457290644665,-0.0004963465293851305
2022-06-08,45015,-0.0005535196690569796,1.5051927106583143e-05,-4.646491711229287e-05,-0.00012673976109369605,-0.000993387237544027
2022-06-08,45035,-0.0009883538872814254,1.0896328145851785e-05,-4.752137670887478e-05,-0.0003491361886975805,-0.0007610111901733528
2022-06-08,45053,-0.001136122986753499,-5.19652473430212e-05,-0.0001790419987584135,-0.0005286354472424604,-0.00040876759012745703
2022-06-08,45073,-6.340002943916971e-05,4.792517254407279e-05,0.00021858733403432663,-0.00010881578430739139,-0.00018925186366412284
2022-06-08,45079,-0.0007835176317929488,-1.0751154795618892e-05,-0.00013877004088104798,-0.0004261693533152689,-0.00018287669214481255
2022-06-08,46003,-0.00032829684821958545,-0.00047560062153323836,-0.0008733399781994737,-0.0005094732350511876,0.00014736825488194816
2022-06-08,46013,-0.00023333013654574153,-1.3927493721087075e-05,-0.00011504268393060365,-8.288077292747671e-05,-1.544361397579411e-05
2022-06-08,46015,-0.0003094774348515474,-0.000377680206024228,-0.0001921999398138321,-0.0002822793530163751,-4.068810500429355e-05
2022-06-08,46019,0.0022168430157187696,2.177855807594664e-05,0.0004611338754271638,0.00031251861635707423,0.00381398835911953
2022-06-08,46023,-0.00045560085052302415,-0.00025500613785796496,-0.0005161990074283059,0.00010974879469874779,0.0004304159830592581
2022-06-08,46025,-0.000545392871194753,-0.00010762681145701935,-0.00040505316574215963,-0.0002529031068515126,9.283466361215283e-06
2022-06-08,46031,0.0002295470292947618,0.00035164688294722917,9.715988804944397e-05,6.95840001498552e-05,0.0041909399836258
2022-06-08,46033,-0.0007254066593904505,-1.0105424744726152e-05,-0.00016110637752352096,-0.0009231315059344812,0.0002749573627708515
2022-06-08,46035,-0.0001987073291322449,-0.0011472877198729333,-0.001284478370469625,-0.0002964810945426102,-0.0012518503399584797
2022-06-08,46037,-0.0007148123237109196,5.006230582800953e-06,-0.00024461435429750896,-0.0003863850670164355,-0.0003682266030425758
2022-06-08,46041,-0.000611322240708269,5.496163405516754e-05,-0.00015187985251446262,-0.0007946294750921935,-0.00039244525387661347
2022-06-08,46049,-0.0001400744822636626,7.326855124138113e-05,-4.9707366105042946e-05,-0.00012673549053020174,2.110337579097881e-05
2022-06-08,46053,-0.00029795296116529453,-0.00017397286237138442,-2.7894502081468077e-07,0.0006450158140678518,-0.00017883021052370328
2022-06-08,46055,0.023332321401981826,0.00021090662779998937,0.017185426447591023,0.015425702724862322,0.054617988890460545
2022-06-08,46059,-0.0007405749724431185,-0.00043955090701120315,-0.0004739727294478071,-0.0014560212779853145,-0.0003591663322138603
2022-06-08,46063,0.016525982038713388,0.0011144421581234798,0.0031673768468843955,0.004442449452852937,0.016471179029701633
2022-06-08,46065,-0.0007520125025597,-0.0007624516202877055,-0.0007293879341448396,-0.00047291208019981253,-0.0005563692575154904
2022-06-08,46069,-0.0006554640883236153,-0.0003419925575405626,-0.0007059953961185323,0.000245163844793065,-5.787301697043564e-05
2022-06-08,46071,0.01739176662813713,0.0032919876597943265,0.017630047650341707,0.006107890590496101,0.0226454737270001
2022-06-08,46073,-0.00032298708610970395,-0.0001658861419194254,1.908218137478099e-05,-0.0005001452035946442,0.00028170968353254
2022-06-08,46075,0.005843566750419138,-5.254148718758511e-05,-6.6023307881413196e-06,-0.0007024711332180578,0.0032004448519934448
2022-06-08,46077,-0.00044731117574382524,-0.00029026709001524545,-0.0006469381934720008,-0.0007615488258435866,-8.880285887780852e-05
2022-06-08,46081,-0.000462158486478707,1.8912783464325721e-06,-7.207195908063007e-06,-0.0002153072691210335,-1.3837367112347029e-05
2022-06-08,46085,0.00019648747151352047,-0.00020970502356068219,-0.00013817986102313603,0.000262433559712099,0.00011507359554620462
2022-06-08,46093,-5.587673266271967e-05,-5.472333379764489e-05,-5.080555204112691e-06,-2.9722228670366264e-05,-0.0001211586181617054
2022-06-08,46095,1.0106898160408963e-05,7.718908499959853e-05,2.3046001847291508e-05,-0.000505033849201266,-9.128104530968474e-06
2022-06-08,46103,-0.0005469178704225671,2.742835688639623e-05,-9.326449100980662e-05,-0.0002886215428257444,0.00020448714227253002
2022-06-08,46105,-0.0005288469680589164,0.0001946129295276656,-2.948391613890851e-06,0.0026948048576977924,-0.003102867869877549
2022-06-08,46107,-0.0006285431056358843,-4.5732707139789204e-05,-0.0004493025878377671,-6.188126799450534e-05,0.000453962391774899
2022-06-08,46109,-0.0003533519954274047,-1.598528755627998e-05,-0.000297914475164938,-0.00018644607642570766,0.0004886567555968834
2022-06-08,46115,-0.000704404972087765,-0.00011698356911633525,-0.0005849964987412244,-0.00014962489140781996,-1.9056535537204794e-05
2022-06-08,46117,0.0003884721113143442,-0.00018422560500768186,-0.0004614564268474048,-0.0013275782012194,-0.0006941005075815183
2022-06-08,46119,-0.0006844971500673025,-0.0006284676013038131,-0.0007615194204671888,-0.0008520306632926649,-0.0007507939604529395
2022-06-08,46121,-0.0005575127745175365,-0.00010897867912361794,-4.9836957710090745e-05,-0.00023343078844350186,-0.00012082683337630393
2022-06-08,46129,-0.0007097134851621402,8.848028254174208e-06,-0.000133398713738076,-0.00037606808752814084,-0.00047188502860573937
2022-06-08,48009,-0.00043295379510781403,3.6202806693488854e-05,2.0698136832952938e-05,1.2147768674516946e-06,0.000122381734772884
2022-06-08,48011,-0.0006075244173542377,8.995422500372567e-05,-0.00022312675486325993,-3.9031158265496546e-05,-0.0005542758971269422
2022-06-08,48045,-0.003926044721593497,-0.0010073584299852278,0.0006033856034607932,-0.008583426118883603,-0.00403398118708112
2022-06-08,48065,-0.0048797077960746615,0.010584733988416528,0.004022685824644101,-0.0008238535056300789,0.0010584789201528166
2022-06-08,48069,-0.0003494929988839524,-2.0053719233983913e-05,-0.0003770168974229584,0.0010388029549786154,-0.00038909816108333075
2022-06-08,48075,8.476925070583017e-05,4.2791170808688514e-05,0.00020631342684260647,-0.00010351380011688958,-4.258896965497229e-05
2022-06-08,48087,-0.00043095463160126466,-0.0004139918710162219,0.0007151698281681702,-0.00014956170237960574,-0.00016608602721543961
2022-06-08,48101,-0.0003272522173124043,-8.201764863604438e-05,-0.00025499077082276334,0.00010973595012097118,0.0004537337432663005
2022-06-08,48107,-0.0009995080301913044,4.094133699000417e-06,-6.521016804037558e-05,-0.001194191119777197,-0.0008284058955253633
2022-06-08,48111,-0.0006837280374829297,1.978297138286768e-06,0.00026351839732657997,0.004061178166981264,-0.0009755610813406777
2022-06-08,48117,0.0003718951935456367,-0.00038885976721129804,-0.0003879655255995037,-8.230934112964279e-05,3.48520253380339e-05
2022-06-08,48125,-2.4038925756990044e-05,2.731098276720855e-05,8.967765172634653e-05,-0.0002133060117316634,8.8539204235099e-05
2022-06-08,48153,-0.0010774945283015935,1.9861372057124765e-05,-0.00017013557123935014,0.0013579276732488923,-0.0005832955662209883
2022-06-08,48169,-0.0007212614486985434,-1.0775885317117814e-05,-8.227279435517906e-05,-0.001088457275545493,-0.0005575405294421159
2022-06-08,48179,-0.0007265991442187286,3.9546314792452634e-05,0.00028413733376522234,-0.0010115723174335934,-0.00043895488603839985
2022-06-08,48189,-0.001062596505604473,-1.0133885121755139e-05,-0.0002452786341787733,0.0010783779676859604,-0.000520536427119115
2022-06-08,48191,-0.0004884645122098961,-0.00018939400442977237,-0.00016456703148827294,-0.0007496983100913667,0.00028768459990704404
2022-06-08,48195,-0.0002886667780166441,0.0423542803095498,0.0306701134760603,0.0167491662983279,0.045282065295970675
2022-06-08,48205,3.675273756923022e-05,0.0003543510409213229,0.0007037089631067197,-0.0003724423414072033,-0.000941133669641192
2022-06-08,48219,-0.0010467522505404,-3.114610621206115e-05,-0.00014426686734458273,-0.0009865268591080065,-0.0008892110481140656
2022-06-08,48233,0.0007273714611149241,0.00010323833886693784,-0.0001453181948987154,0.00014708672711478531,0.00042918458015812986
2022-06-08,48263,-0.0009266526369385338,-1.8792971598495986e-05,-6.98122447641758e-05,-0.0012621124099056118,-0.0009007557473137089
2022-06-08,48279,-0.00066111061185499,-6.916074964823064e-05,-0.0004471582839336572,0.0025492758755814044,0.0002241494655509591
2022-06-08,48295,0.00032189776372556914,0.001453213556530953,0.002643762472341608,0.0003853200462834473,-0.0007662347164870048
2022-06-08,48303,-0.0006946514862568008,-4.4988394844623675e-05,-0.00011575189204982985,0.00017705057821845336,-0.00033889547137996054
2022-06-08,48341,0.0017091603708020067,0.0004614553922390463,-0.0002014836364662557,0.01614302718485794,-0.0014236960428793987
2022-06-08,48345,-0.0003498618718773745,-7.012218262206953e-05,-6.294975838816745e-05,-0.0002002157122242272,-4.3286778027918586e-05
2022-06-08,48357,0.00019076258507735215,0.00016869763399257804,0.0006274540316072779,-0.0007406891738231506,0.04222640178546779
2022-06-08,48359,-0.00038959063451995176,-6.681282782150869e-05,-0.0003823780758551972,0.0033325453394607574,0.0003094843318989693
2022-06-08,48375,-0.0007042413504220678,0.00022963906916291852,4.781515638033993e-05,-0.0008478772512225877,-0.0003000418574228237
2022-06-08,48381,-0.00062669398182512,0.00010895067527421265,5.176305326953616e-05,7.751546720081146e-05,-0.00018021089730784607
2022-06-08,48393,9.922722604454324e-05,0.00015047568563239023,0.000159047190960288,0.0022120028979371893,3.2543573193581036e-05
2022-06-08,48421,0.0005079182010037254,3.7941883188723213e-06,0.0002294058432303265,0.007037623995580048,-0.0006181782266170076
2022-06-08,48437,-0.0006639155110665373,-2.2921719799004302e-05,-0.00026210650934464373,0.003752894447432322,4.898860991232271e-05
2022-06-08,48485,-0.000495196934625262,1.452651268319229e-05,-0.0002579531601938933,0.0001819234521972515,-0.00025960594143580257
2022-06-08,48487,6.0311482292918234e-05,5.039472528327955e-05,0.00023017604400652413,-0.00038107505304291856,-0.0005775356613311074
2022-06-08,49041,7.82640402821307e-06,6.7625263128149454e-06,9.992727972290422e-06,5.269677274236714e-06,-3.5718141257916726e-05
2022-06-08,51003,-0.0002704101744874243,-3.2590061112387054e-05,3.911238079419891e-05,-0.00023614645022810297,-1.4906881609869928e-05
2022-06-08,51007,0.00028474254786219413,-4.9079744885629356e-05,9.019398261647486e-05,-0.0007506277339956059,0.0005241313124742641
2022-06-08,51015,-0.0008508834632597303,-1.649135404172946e-05,-5.855261356055427e-06,-0.0005053367011952725,-0.000245561760880429
2022-06-08,51035,-2.9664965214545137e-05,-5.370298363194606e-05,-5.33930527144807e-05,-2.229925481531819e-05,3.19761687317416e-05
2022-06-08,51047,-0.0003073031078209276,6.927593727292208e-06,0.00012020450156621042,-0.00042493848720028194,1.7445333578735726e-05
2022-06-08,51049,0.00011031116261443112,-1.232426612236305e-06,0.0003266539064521825,-0.0003528814659159948,-9.862423845791125e-05
2022-06-08,51059,-0.00021862235572684267,2.6111218227114976e-06,-5.815035477703219e-05,-0.00011155513238831218,9.006775181593564e-05
2022-06-08,51061,-0.0003231782703020837,1.4946379315809992e-05,9.895150653850923e-05,-0.0003163757713501834,-0.00018810659954138806
2022-06-08,51065,0.0007894580531557956,-9.955928639089791e-05,-0.00014634135867894194,0.0002263996525645566,0.0010094997161348741
2022-06-08,51073,-0.00044116842674812883,-1.8621309033469167e-05,-0.00022881970908878067,0.00011949470862395698,-0.0002290794611487769
2022-06-08,51075,0.0001240658392496275,2.453004520698511e-06,0.00044298342273254394,0.00018192071036491893,0.00034398344249354004
2022-06-08,51077,7.763505754956358e-05,-3.890050718731615e-06,0.00012959682325495818,7.362187442824623e-06,-0.00012884644706060312
2022-06-08,51085,-4.625933212981659e-05,-8.42551348243343e-05,3.1216432204571754e-06,-2.846181666061611e-05,5.505483008558048e-05
2022-06-08,51087,0.0014959251377627894,-2.821971037414786e-05,-0.00014900101328016446,-3.698045986610596e-05,0.0009124262622635937
2022-06-08,51107,-0.000263514992242486,1.138118958574644e-05,-7.671248920141e-05,-0.00028058875617767074,-9.675836866614748e-06
2022-06-08,51113,-0.00018577547510184405,0.00018985245383196188,0.00017289282901772232,-0.0003750934495274871,-0.0003123691142141933
2022-06-08,51127,0.0006307890645642945,3.7573731485367884e-05,0.00013900791180086053,7.995635459900896e-05,0.0012079258914122065
2022-06-08,51139,-0.00016652918099198768,0.0001124248685924971,-2.886156618519883e-05,0.0004730790933775306,0.00017650893767517147
2022-06-08,51147,-0.00014070698106492807,-3.217878264696666e-06,-3.592234809945895e-05,-0.00028594571250024025,-0.00010343720334919702
2022-06-08,51149,-0.0004882925322718994,-1.2069372453576535e-06,-2.099261936698979e-05,-0.000243357843435425,-0.00014010852296627609
2022-06-08,51153,-0.00028213067887047157,3.4417709564275195e-06,-0.0001170729928436329,-0.00020188044304632422,2.457385067227059e-05
2022-06-08,51157,4.096711392552357e-05,1.9516416484671424e-05,8.993581505957189e-05,-0.0004589467576340204,0.00023900444421066946
2022-06-08,51159,-0.0010116511013243473,-3.3561658699380643e-06,-0.00010810865942897376,-0.0003528368094524865,-0.0005135572701343814
2022-06-08,51177,-0.00041819541131151366,2.3434296356626325e-05,-2.0675841733154804e-06,-0.00031095577282154186,-0.00034824333733460245
2022-06-08,51179,-0.0002187253682826673,1.381124220384191e-05,0.00012463465369725452,2.843583177322001e-05,2.83947446017758e-05
2022-06-08,51590,-8.860887260907376e-05,-5.1329945294744305e-06,-9.941321650654969e-06,-0.00018094093386971071,0.00023919005720441126
2022-06-08,51810,-0.0006921219292368107,-6.048047673311719e-05,0.0001329243293338914,-0.0006119634013206847,0.0005999852779765367
2022-06-08,54025,-0.0003782853731041922,8.499936433394228e-06,0.00024300700192445032,-0.00024432614505851994,-0.0006286996598785067
2022-06-08,54027,-0.0006446801556634885,3.3506595291068203e-05,-9.347564230697774e-05,-0.0010460280687268507,-0.0007280166361616696
2022-06-08,54033,0.00034460997583170283,-0.0004315792580938324,8.174419035295727e-06,-0.0009386786098324624,-0.004183825665030781
2022-06-08,54035,8.71814179749348e-05,-0.00014212801097148874,8.030175312140494e-05,-5.591204022637798e-05,0.00035961603773360475
2022-06-08,54039,-5.6320552387679546e-05,-0.00015454727623733563,-0.000897858917396959,0.00035381455513225054,0.0007163621118323592
2022-06-08,54041,-0.00011629849472444222,-3.5413134332775136e-06,9.244013565235681e-06,-0.0005801111186408317,-0.00020680252028048814
2022-06-08,54049,3.775814568484476e-05,-2.2442915874077655e-05,7.32295513147603e-05,-0.000243902926244853,-0.0004595932783756978
2022-06-08,54051,0.0003952589064841472,-0.0011607541112927666,-0.0003129419338157857,-0.001497648814058894,-0.0047429175652988625
2022-06-08,54053,-3.521967092266049e-05,-0.0003031793976132843,-0.000505519344600821,0.001123464730282751,0.0007480679529523959
2022-06-08,54057,-0.0005736273595643023,8.780172012919839e-06,0.00026209306060128525,-0.0007497509914814025,-0.000830132244518088
2022-06-08,54061,2.4887407007610904e-05,-3.466749089985066e-06,0.00012464579785128444,4.7819684448978774e-05,-5.2218471659636403e-05
2022-06-08,54065,0.0012674969887264131,-0.0007697440449776355,0.0006991644804142383,0.00016827651814478595,0.0011009677670767298
2022-06-08,54077,0.00024067725610072387,-7.330381984702733e-05,-0.0011534374990408228,0.00020139417822608377,0.0014449456710960932
2022-06-08,54079,0.00026558686218989755,-0.0001211847592882372,-0.00027996933925175486,0.0005676481558813005,0.0014604077126084093
2022-06-08,54091,0.004687383659900235,-0.0026400789008019787,-0.012535936882685617,0.008077358601121798,-0.0018050238384664796
2022-06-08,54095,-0.00010578328393300019,1.2600087432272937e-05,0.00016460462515582256,9.80852928922295e-07,-0.000621805011847572
2022-06-08,54103,-7.167545422711447e-05,-0.0003309740344737411,-0.002749139443381607,-0.0016099253519068005,0.0005940315419858747
2022-06-08,54107,0.0006925906635777586,-0.00025997223953177443,-0.0006877605289474162,0.0008899088551078318,0.0002774336553125001
2022-06-08,55025,-0.0014326448388784132,0.00027048582327083345,-0.0002614938975870826,0.0010777542537671334,-1.168125492634689e-06
2022-06-08,55055,-0.0030228956156841402,0.00010340422982828973,1.4855676362772463e-05,-0.004258221695386165,-0.01274253615192868
2022-06-08,55079,0.0005008402614870774,-0.00019870902020349343,-0.0001787241483556497,5.7970160691218214e-06,0.0006773756878833892
2022-06-08,55133,0.0005407349958580165,2.7367568109486467e-05,0.00014296265177751516,-0.00010068895216217184,0.0009474446828395843
2022-06-08,56005,1.3532982645346513e-05,6.413368621359459e-05,4.0038234166030044e-05,4.630017010812381e-05,0.00012747287680533347
2022-06-08,56021,1.0138567510757223e-05,-2.594934560695588e-05,-4.811107883542068e-05,-7.583658792412933e-05,-2.255527650240383e-06
2022-06-08,56039,-0.0004829715435129562,7.62314431519815e-06,8.381455029999132e-05,-5.8487474944077825e-05,0.0001348818895980987
2022-06-08,56045,-0.00046559727097312035,-3.2780914925981854e-05,-0.00026257738740791993,-0.0005419452962151784,0.0003248719168352096
2024-02-27,01071,-7.3362590315231586e-06,0.00012298407724670526,0.0001052596373094002,0.00024669278733218747,-5.735324291815608e-06
2024-02-27,01089,-4.1559472480193736e-05,1.5594439529367993e-05,1.5486534658883946e-06,-6.648099624318924e-05,-6.51890300947073e-05
2024-02-27,01095,-6.994064283498714e-05,-3.5929444324581984e-05,3.846325138788943e-05,-7.439052734265806e-05,-0.000191454662456062
2024-02-27,01103,-0.00014866601852969957,2.7472607548236584e-05,-3.776914359372328e-07,-0.00014170344810042964,-0.00015426270407869715
2024-02-27,04001,0.00017418787662295054,-1.652731664948992e-06,-0.00041575487724881564,-0.0006258500631542281,-0.00036881231895083763
2024-02-27,04005,-0.007108706338843517,-0.003408781446020246,-0.007046974977452239,0.0030271382257637813,-0.0021512144418644997
2024-02-27,04017,-0.002759733563599329,-5.9166241493418506e-05,-0.0004844785328132062,-0.002324186114055423,-0.002591961749625014
2024-02-27,06003,1.2065890227250529,-0.1309077247918743,0.9041624821594358,0.791646108794364,1.2117956053852725
2024-02-27,06015,0.04625268095561806,0.025595977957361418,-0.006235138249178998,0.10289174041898616,-0.022159570107588508
2024-02-27,06017,-0.0024303750885485247,0.0010585566225150903,-0.004810759163795322,-0.008262815297504576,-0.006882312468919595
2024-02-27,06023,-0.007325314476257817,-0.003220694184678047,-0.002098443702738175,-0.005676680613819329,-0.008960510902986007
2024-02-27,06027,0.04459806045807041,0.0010288865896068977,0.003185470588613931,-0.0029557304985815824,0.014172134521936275
2024-02-27,06029,-0.0003282361798992462,-2.179436314764294e-06,-8.789162054733543e-05,-0.0004806610166703511,0.0001241162913440495
2024-02-27,06033,0.0023662730560978272,0.0004743608998175493,0.002065863830873949,-0.0023624039472280953,-0.004425786197056047
2024-02-27,06035,0.060833922517048084,-0.00013121334207478238,0.12569307416311837,0.044910447274439914,0.0004105655405477332
2024-02-27,06037,-0.000741359707132068,2.6662162431316847e-05,3.959380168873291e-05,-0.0008320918015348751,-0.0002864153156604485
2024-02-27,06039,0.00011087619482629224,0.00022313546002175806,-0.0002640361755322136,0.001689347643256214,0.0001675644477762253
2024-02-27,06045,-0.0020248446476228213,-0.0005214086833242987,-0.0005021224610233573,-0.004995015510410501,0.0008076872586872882
2024-02-27,06051,0.007533324101645068,0.002580842632413524,-0.006838384655666614,0.020788163324198437,0.04667646923794273
2024-02-27,06057,0.024090433519016206,-0.03127623969790561,-0.03247519888637496,0.027585268148793064,-0.05888623196962563
2024-02-27,06061,-0.013000098711785948,0.0020580210174052233,0.010812517782864482,0.04526845409760683,-0.02205852907446683
2024-02-27,06063,0.051590061462667425,0.19386640010677847,-0.1842279341211872,-0.4244987887904488,-0.2962893356753008
2024-02-27,06065,-1.949511340458984e-05,1.0834714618673947e-05,6.311757294298831e-08,-0.0001307603185459922,3.330217533810813e-06
2024-02-27,06071,3.226394588017918e-05,3.43610912618175e-05,-9.21338671092196e-06,0.00021835722309654273,7.710373319227601e-07
2024-02-27,06073,-0.0006017398302069106,0.00011565557495805747,-3.8869101912216835e-05,-0.0001282921596532441,-0.0005116898015133643
2024-02-27,06075,0.003103432082386835,9.039599008582296e-05,-0.00032445763205323267,0.03247063830255881,0.0396582300970768
2024-02-27,06079,8.353472420644906e-05,1.318340433801164e-05,-7.040737849152369e-06,0.0007590583976610971,0.00033872114913093747
2024-02-27,06087,0.0007166622216201637,-0.0002788231950778255,-0.0002773253595100447,0.007516404921301405,0.023186206717550027
2024-02-27,06091,-0.026645679007330614,0.011704997289240016,0.20637153684226162,0.01634405360896407,-0.06148079194736944
2024-02-27,06105,-0.03214001475898676,-0.03188486425458403,-0.04573075896446477,-0.1497349724883128,-0.010803717272611979
2024-02-27,08003,-0.0007051858377234725,-0.00014270873477602823,-0.0002433878732333541,-0.004838521908150653,0.00012298424560286533
2024-02-27,08009,-0.00013255127675686575,-0.00015419393908300058,-0.0003825084788033414,-0.0005443886054913548,-0.0003401009899133815
2024-02-27,08013,-4.044688758606315e-05,1.0135440686776313e-06,-1.3231404977909391e-05,-1.5727254998776953e-05,2.6149051580960318e-05
2024-02-27,08027,-0.0009057475121204788,-0.0014135717134745973,-0.0019366317427247331,-0.007546065604964227,0.0004078925331972037
2024-02-27,08029,-0.0007422633873117243,-0.0008176677764952685,0.0013356010135753202,-0.0008579330909379464,0.003370894736635415
2024-02-27,08043,-8.61427253592227e-05,-4.6266899008583154e-05,-4.241934831737398e-05,6.873790478206844e-05,8.902593790254934e-05
2024-02-27,08045,-0.002816796868312848,-0.000294487019749776,0.00022800917162039275,0.0002658314533686588,0.0008845347920396476
2024-02-27,08049,-0.00015712294453710645,-6.21056489246122e-05,-9.89421057172909e-06,0.0006442619475379687,0.002942726970700523
2024-02-27,08051,-0.0025312343560696116,-0.005085943098043723,-0.002530438836806887,0.002996876449272202,-0.0047559390102155565
2024-02-27,08069,-3.333877753533908e-05,1.0967568034592472e-08,1.0808819705482943e-06,-6.544935729658211e-06,1.3035212480695588e-05
2024-02-27,08071,-0.00028179687532167057,0.00031219149026131534,-0.0023780793578832946,0.0004477431926068324,-0.0027323139862580345
2024-02-27,08077,-0.002742559764290331,-6.574996891036463e-05,-0.005370679881610748,-0.00449674541598103,-0.0009456490220109931
2024-02-27,08081,0.00022932688066572282,0.0005429292357017265,0.0004260826110565755,-3.765371308005628e-05,-5.371119781725792e-05
2024-02-27,08085,-0.005390177486530806,7.578606998532439e-06,-0.004002443038887917,-0.005681315964355775,0.001961391439086151
2024-02-27,08089,-0.0002282213318191399,-0.00020525050524304182,-0.0005087751664827594,-0.001269358327095357,-0.00031085870260446946
2024-02-27,08101,-0.0004299546933771775,-2.1337782962604526e-05,-0.00012883115430933534,-8.11691560652632e-05,-0.00015642477587181125
2024-02-27,08103,-0.005517347018331405,-0.0007335601594917903,-0.007274635572886886,-0.003521484160029666,-0.0054180450492100855
2024-02-27,08105,0.00024191546920649537,-0.005003961162101153,-0.003048284061852075,-0.008830950854702452,-0.010082584495644715
2024-02-27,08107,-0.0003591435025980569,-0.00016720211754360688,7.833368834927546e-05,0.0009864184787864894,0.0033975070418261677
2024-02-27,12011,-0.0002444043982137153,1.485156758320042e-05,-9.025905050919113e-05,-5.945577208467697e-05,-7.1798391507574e-05
2024-02-27,13057,2.6040476985163025e-05,2.6912884421519557e-05,-2.2849994853309892e-05,-1.779842872862581e-06,0.0003720813271793897
2024-02-27,13067,-3.1898831112855334e-05,1.3520609834375997e-05,3.700299601794207e-05,-5.191744784298997e-05,0.0001886672668443557
2024-02-27,13073,-0.0001521664095417849,2.6313979847945685e-05,3.145921977140229e-05,-0.00013345643739282872,-4.66473928647479e-05
2024-02-27,13077,-3.633447858717798e-05,-1.8105695260293758e-05,-8.587940256609631e-05,-1.6655453518310548e-05,-1.7011011899638545e-06
2024-02-27,13089,-3.43008005229129e-05,2.9230898053970615e-05,7.864195930727856e-05,-3.574086410528771e-05,1.604429666009113e-05
2024-02-27,13113,0.00021378351721884148,8.511232207725336e-05,0.0001649864967795177,-1.1506983546812673e-06,0.0003019842238566057
2024-02-27,13119,-8.347287759768009e-05,4.161282585951609e-05,2.6168214421885003e-05,-2.397842219103107e-05,0.00013368763841201364
2024-02-27,13135,-3.304645879322797e-05,3.038015793687505e-06,2.9608268764053363e-05,-0.00010561228566549516,0.00013014429948141255
2024-02-27,13139,-7.532976433779245e-06,0.00020137379043444758,0.00041316810148476373,-4.6559401289429365e-05,5.381509869600647e-05
2024-02-27,13147,-7.875041899863427e-05,0.00012808305309864267,0.00033312212120391446,-0.00011046867510612411,-5.016735429805047e-07
2024-02-27,13189,-0.0002617319284490919,-1.354712033854923e-06,1.4101319816779592e-05,-0.00015236403432068648,-0.00012599568196044032
2024-02-27,13217,-9.522312140298214e-05,-8.59824721174832e-06,-1.2207620457083796e-05,-0.00013235957689668404,-0.00014849756215412903
2024-02-27,13219,4.331617927411059e-06,-6.0496623511889416e-05,-0.00024250829600288605,-0.0002057701517360175,9.871713973523284e-05
2024-02-27,13221,0.00048662850077687766,0.0002154156900134943,-0.0006942924777161366,0.0006076762548244685,0.0013515809862390954
2024-02-27,13223,-0.00024587525798375735,-3.29476980156214e-05,-2.1153274888555758e-06,-3.7567137485213265e-05,-0.0002681262929467785
2024-02-27,13233,0.0001357412552798476,0.00034739041090153105,0.0010065646821701777,-0.00035941014735304394,0.0011802676460785123
2024-02-27,13295,-1.9797283873854518e-05,4.624304421845199e-05,5.119414804618231e-05,-9.913172741332361e-05,-3.130181937973373e-06
2024-02-27,13297,-2.6777792078004278e-05,-6.24937057150779e-05,-3.8097749991343834e-05,-0.000106310876421232,6.24930660758934e-05
2024-02-27,16001,-0.002647217651847719,0.0002983764981886253,-0.0003728919184846199,0.00015135792134512072,-0.000488926441306152
2024-02-27,16003,-0.0016568558854499864,-0.0007492870769179403,0.002051850849092823,-0.020234028323049928,0.0009533326303325642
2024-02-27,16015,-0.0018003734735866951,-5.180265702711684e-05,0.005131909020173953,0.004463938723828154,-0.007225396952451411
2024-02-27,16025,0.002807078166936574,-0.001762319033440484,0.0105548285169868,0.0009155909028299653,0.004890515798845172
2024-02-27,16027,-0.0003745421095506041,0.0004934080063645531,-0.0001391231454091049,7.30238015271003e-06,-0.0002824408847566164
2024-02-27,16039,0.0014437683294329408,-0.0018904516577569093,0.0008319477049223735,0.001741460625131674,-0.001347519330549836
2024-02-27,16045,-0.004696365982632985,-0.00040660894109074064,-0.0008968438192966405,0.0012389946913530705,-1.8284112188581263e-05
2024-02-27,16061,0.0005945833797652679,0.0005524566526963299,0.0004934420101195013,0.0019862704378292434,0.0028449306516631317
2024-02-27,16069,0.00012745226381955465,3.0991997805727544e-05,-0.000893148522553529,0.001039252021776663,0.0015078797177251206
2024-02-27,16073,-0.0033157874905925897,0.00018953880151778763,9.254665775898551e-05,0.0009701534673883956,-0.0006152917822103409
2024-02-27,16075,-0.0025007238620641872,0.0002967338944427482,-0.000369567679626739,9.4090627855649e-05,-0.0006959102792756965
2024-02-27,16087,-0.015118006376203044,0.007137815043819562,-0.0020489817396015606,-0.0003640232606437945,-0.006285383507198396
2024-02-27,17003,-2.3245515010183017e-05,-2.2514412832343894e-06,0.00015170145731979267,0.00027047726239829795,0.0005037744775556309
2024-02-27,17031,5.483625158130836e-05,5.564467275520391e-06,-0.0001029890676947715,-7.752506294898993e-06,-0.0006178124667062771
2024-02-27,17037,-0.0001717429942776614,-0.00013159724668435028,-0.000671508659972535,0.00036525067925945653,-0.00029522787296782423
2024-02-27,17043,-0.0006820987715112304,-3.796357309211038e-05,-0.00025073806211928684,9.232749039471134e-05,-0.0006577125644075172
2024-02-27,17047,-0.0003835895436101799,0.0001459548774007599,-7.251542073984823e-06,0.000513945407459548,-0.0006605499953420932
2024-02-27,17059,-0.00014355437615388262,-7.362588220085253e-05,-0.0003805901112665527,0.00016645093213705998,-2.9598448014378183e-05
2024-02-27,17063,-0.00034165822023925023,-9.17667486015498e-05,-0.00011997967401804492,-0.0007512691729229337,-0.00021008729301123796
2024-02-27,17073,-0.0006900553434623037,-7.117485058806398e-05,-0.00021366649410984036,0.0003158049860743163,-0.0005745667535055729
2024-02-27,17077,-0.0003151684924091204,5.839377903776432e-05,-0.00010162931725478567,4.547368111481513e-05,-0.0003362274725488494
2024-02-27,17089,-8.251334114420651e-05,-1.4580564507647752e-05,7.5750537695239975e-06,-4.813440859238608e-05,-0.00019977560936411973
2024-02-27,17097,-0.0012649859811433943,-0.00013985631210786272,-0.0007281375105681716,0.00010437680870699974,-0.0010360041775768312
2024-02-27,17103,-0.00041295586723935293,-0.00016435711309821418,-0.0001195029521817054,-0.0007793442279367778,-0.00026583653794467425
2024-02-27,17143,-0.00028094177295627754,-5.4004277540085606e-05,-0.000222851993956493,-0.0003332226850444757,0.00020546450591645037
2024-02-27,17153,-0.0002454886475984977,6.523595589224532e-05,-8.26972037069877e-05,8.220849100973847e-05,-2.714303610982594e-05
2024-02-27,17165,-8.947519305939832e-05,-1.729845479996571e-06,-0.00020030499402855792,9.093748941251282e-05,-1.708862695485691e-06
2024-02-27,17179,-6.596256719965256e-05,-7.32495633061546e-06,-0.00011084560081247788,3.825997579514056e-06,-0.00012886491521564618
2024-02-27,17181,-1.3035744520031075e-05,-6.125617890096022e-06,0.00014054437395707417,0.00034099669312594183,0.00011512739306097735
2024-02-27,17185,-0.00013291041436869786,2.065504924507846e-05,0.0013557225353252344,-0.0001967815301503024,-0.001327002651255741
2024-02-27,17193,-0.00016516733720592082,0.00013821033175397335,0.0007627098362627755,-0.0003550560367130365,-0.00012799699379728487
2024-02-27,17199,-6.898038781345947e-06,0.00017973552605968294,0.00048491720328301327,-0.0002928420757004603,-0.00015609655565361515
2024-02-27,18003,-0.00024312389830731182,0.0004409771353365761,0.0007440337208495169,-0.0014246447022963691,-0.0006181918272679379
2024-02-27,18021,-0.00020440353147566797,-0.00010402019020545742,-0.00025108043165314567,-0.0006168552228507543,-0.000275625111584962
2024-02-27,18051,-0.00036837639829321944,0.00014006916446730386,0.0009376065455496685,-0.0008360274525200902,-0.0011088476087903888
2024-02-27,18059,0.00027530608837383967,-2.43519835282019e-05,3.291568700693496e-05,-0.0007878735139095924,-0.0001693567375245606
2024-02-27,18063,2.3064158065550172e-05,-0.0003374204491363752,-0.0005819071844888553,0.00043483993456560954,-7.042004452530046e-05
2024-02-27,18065,-0.0004143930995639968,-2.1841687146328698e-05,0.00020454149270388955,-0.0008750693152786702,-0.0009556045614638011
2024-02-27,18067,-0.00011167408561640977,4.1146181764896254e-05,-0.0002136365555372591,0.0006955945752049539,-0.0001785581636979095
2024-02-27,18069,0.0003258257119447759,-6.136379568650631e-05,0.00025836134992778133,0.001130067216338136,-0.0008642984410922518
2024-02-27,18089,-0.0006312208708026588,-6.31680196183902e-05,-0.00024593913420660604,-0.0010435630637446913,-0.0019299621586376773
2024-02-27,18097,7.188203854845458e-05,2.450384607262585e-05,9.102170481051837e-06,-0.0007526138157402393,-0.00016022948160978196
2024-02-27,18109,-0.0009712868898335586,-3.281439405594482e-05,-0.00022752244827560004,0.0001098864485282007,-0.0009271142411885817
2024-02-27,18129,-0.00047465109387954236,0.00013203906084425848,-0.00014280996692862217,-8.561387254360194e-05,-0.0008502396310760118
2024-02-27,18133,8.712563552872314e-05,-5.7119848369531425e-05,7.417688100646994e-05,0.00018793888914416142,-0.00014673685362990684
2024-02-27,18139,-0.000499148875895088,-3.136656701304791e-05,0.00024963071697739285,-0.0007908930160663457,-0.0009634855207222358
2024-02-27,18145,-0.0003401472966245967,-8.33230345931131e-06,8.334656066346887e-05,-0.00043941517943173853,-0.0006287526024087722
2024-02-27,18161,-0.00015795886881645013,-0.0007663850549867846,-0.0006611028302851247,0.0006331200855295095,0.0002266160099514016
2024-02-27,21007,-0.00011834473129483062,4.3847658765126395e-05,0.00019509555429417778,-0.00047496029466920946,-0.00040003496679489963
2024-02-27,21011,0.00042833314722220614,0.00012861708234728538,-0.0002580496295709646,0.0010603998359064127,0.000611949415602781
2024-02-27,21017,-0.000712748965732425,-9.465636648589484e-06,0.00021300504563767663,0.001059312693956253,-0.0011225356945308287
2024-02-27,21019,0.0006301948466917798,0.00021187024245456366,0.0013275714662308266,-0.00048314974072559956,-0.0006996171372869217
2024-02-27,21021,-0.0002688426827265718,-3.3077863112268135e-05,0.0008040368066109126,-0.0009361885463916603,-0.0009049498936726751
2024-02-27,21027,-0.0001308524740328995,0.0006075149936168962,0.0003634349149613962,4.2744489484755946e-05,0.0008764280083747219
2024-02-27,21039,1.123979653650588e-05,1.0034535001002991e-05,-0.00012397640873238012,0.00014052966298239974,6.927574196467415e-06
2024-02-27,21045,-2.844134839961746e-05,0.00010660298109222842,0.00019242235133014633,8.968931370277998e-05,-0.0006564670075747871
2024-02-27,21047,0.0005641849572615054,0.0002085147280358247,0.00012645798978868522,-0.00023479663425428267,-0.00026601709407423463
2024-02-27,21049,1.2986495720652448e-05,1.5212873833608895e-05,0.0002698773440662646,0.000572530882304918,-0.00094704868500243
2024-02-27,21059,0.00016038160678960068,5.3817198545399146e-05,0.00033500993084421046,0.0006057519647898369,-0.00030660168645402425
2024-02-27,21065,-0.0001168505525490381,0.0001018860897176409,-3.284236751787653e-05,0.0003640032285007332,-3.3344667202977367e-06
2024-02-27,21067,0.0003521641452746113,8.855597076235671e-05,0.00040284930167730493,-0.0012011880420763166,-0.0015336348919786533
2024-02-27,21069,0.0006119411174729267,0.00042477918646904,-0.00021378315769899053,0.003253247171944974,-0.0005354899620794292
2024-02-27,21075,-4.1530143065492576e-05,3.8489715345722114e-05,-8.700129969890395e-05,5.307092398282716e-05,4.595863727358565e-05
2024-02-27,21083,0.00011505928482333363,-0.0001602183844317778,0.00014540845409198865,-0.00023510159102908438,-3.510469509135277e-05
2024-02-27,21085,0.0010238743295683664,0.00031343541127094757,0.0016372129141197615,-0.00018815717608223044,-0.0008093831771232868
2024-02-27,21091,-0.00028271821924236704,-0.0001221412152869741,0.0006736969915777228,0.0008741190930189873,0.0008015572358780337
2024-02-27,21095,0.0005334403284053026,0.0003742078333364351,-0.001360899923695732,-2.5438877202679875e-05,0.0019968091801917244
2024-02-27,21097,-0.00029334932178967936,0.0004498317153389343,0.002048426342767663,-0.002356813898770254,-0.002003089891862814
2024-02-27,21101,-0.0005851989966838337,0.0001732166773404124,-0.00017238353046279665,0.0001031802937794216,-0.00038846166386414973
2024-02-27,21105,0.00010137204740174466,-2.909884428367864e-05,0.0001896610478785368,0.0003018825501196086,0.000519456195372126
2024-02-27,21107,0.0003751217534252877,0.00015768827340854994,0.0009540563270879152,-0.0006814694967244547,-0.00042295568756554717
2024-02-27,21125,-0.0002968507344959792,3.55310100988123e-05,-3.056753827796832e-05,5.042390275955522e-05,0.00014291809302993653
2024-02-27,21145,9.796269508047294e-06,6.099897052722623e-05,-8.068343294265732e-05,0.00015430388867955893,4.278002468514476e-06
2024-02-27,21149,-0.00017414644437439223,0.0003270030576459611,-8.460939982838592e-06,2.8651028187843858e-05,-0.0006627697288481416
2024-02-27,21151,-0.0001394914759775286,-0.0001046595970502634,0.00026336407742143524,0.0005461178146526353,0.00010535945384271901
2024-02-27,21173,-0.00035264794729947594,-0.0003774670637065572,0.0002484456600600445,0.0007597444487269923,0.0016383191171430668
2024-02-27,21177,-2.001264947097545e-05,0.00034857860885759585,0.00018704133500800114,7.522009624768167e-05,2.235737279671223e-05
2024-02-27,21179,-0.000642666113230014,4.849364912618264e-05,-0.00016428806348522083,0.0009502613779784428,-0.00027325825655785327
2024-02-27,21181,0.00039105008918611855,-0.00012941735252056802,0.00019436099966445644,0.00157472843413185,7.094462108128176e-05
2024-02-27,21183,-9.506075945376718e-05,0.0002855055599505277,0.0001764426792519036,-0.00012209387849090078,5.119059263912425e-05
2024-02-27,21205,-0.0003372096936916896,0.0004986906966732156,0.0011477690247752013,-0.0004588620114069459,-0.00043767798812973497
2024-02-27,21207,-0.0012900968922976213,-0.00019269224064025333,-0.0004348805615118495,0.0003822342865090946,0.0005169336277345863
2024-02-27,21209,-0.0002944793410260213,-3.106915322538691e-05,-0.00033813825228607656,0.0004675559721537153,-0.0009964601761475761
2024-02-27,21225,-4.147512186450158e-05,4.8216782944743124e-05,-0.0004056884654806709,0.0001310305835457615,0.00011147809706895219
2024-02-27,21239,-0.0008077509819872193,-0.00010497441094909406,-0.0006698235170088337,0.0011252158518110802,0.0021470074400085784
2024-02-27,23009,-0.0817840351879246,-0.013703631261837025,-0.012324116240896205,-0.3808197763687641,-0.2976335867494997
2024-02-27,23029,-0.04569674460162629,-0.014981012889893945,-0.00751847510472152,0.074215873331867,-0.22324220840190412
2024-02-27,25003,-0.21835622200389102,-0.033668009613508056,-0.09987736328159696,0.016137343664445847,-0.1134286741370745
2024-02-27,25005,-0.0003916220975392153,1.3648234553390167e-05,-0.0020903471489995868,-0.0032288679974661763,-0.0019832794891299034
2024-02-27,25009,-0.008758341254065272,0.0009955987811045347,-0.0041881005787309765,-0.003721840695466546,-0.009768210170085952
2024-02-27,25011,-0.014739244864444508,-0.0035715534772573347,-0.026507282977877897,0.0009047744735057647,-0.002218524356717676
2024-02-27,25013,-0.0005256512495509615,-0.0051922326474008376,-0.004464531978127318,0.0033549049033362284,-0.00015852709411076667
2024-02-27,25017,-0.010187811167555613,-0.0006440487276427978,-0.0023919159739698125,0.0007623376668408916,-0.00744508851486181
2024-02-27,25021,-0.00036594334673420025,-6.471202747367462e-05,-0.0007055690519274083,-0.0008130677572842624,-4.3914278284127336e-05
2024-02-27,25023,-0.0011964837897172967,-0.005700572823997185,-0.010575696554211964,0.006595379112630935,7.269734955864639e-05
2024-02-27,25025,-0.0022079146078583843,0.0006600207860812299,-0.0008424868330051299,-0.0009639960358967766,-0.002363315161716995
2024-02-27,25027,-0.024389555972109997,-0.0022404107706586107,-0.005453282412859884,0.0010834517198242593,-0.021663477965448878
2024-02-27,26025,-0.0015821397071052769,0.0005933856840057376,0.001524471192366584,-0.00018633086043640633,0.002776650786006722
2024-02-27,26049,-0.00028352322130295983,0.00023645777489893346,0.0004559948416561011,-0.0002669928704528003,0.0004457433414789334
2024-02-27,26159,-0.0016254279762597077,-4.9611331435892156e-05,-0.003068795526900101,0.0013702208389212737,-0.0018269212438122074
2024-02-27,28081,-2.7243567140894425e-05,4.4610990397207816e-05,6.386977745825149e-05,-3.296136970170214e-05,-8.644004935003989e-05
2024-02-27,29017,-8.15298324432678e-05,-6.594414118334742e-06,-6.201397650864644e-05,-4.138177998998607e-05,-6.511026532818125e-05
2024-02-27,29023,-5.472680252561427e-05,-1.414972215613703e-06,-3.101296243619191e-08,-7.615931651655137e-05,-1.2604812076365303e-05
2024-02-27,29031,-0.0002958935137227804,5.0156693837500135e-05,-5.090241428943362e-05,-3.881950456297695e-05,-0.00026065760464698246
2024-02-27,29035,-0.0001422167948154498,8.050253906833173e-06,0.00012311174626708266,-0.00010395619415999279,-0.00010633578759737042
2024-02-27,29133,-2.089575102921001e-05,-8.590436572260095e-05,0.00017334549095497062,-0.0001993492280938668,0.00013640849674275075
2024-02-27,29143,-0.0001465718136451882,1.5129893809541392e-05,-8.306126957515587e-05,-5.039507523424202e-05,-0.00012652363610870398
2024-02-27,29181,-4.7370382463148787e-05,-1.2073978449263361e-05,-0.00014079768195636075,1.205542615078223e-05,1.563124456002106e-05
2024-02-27,29201,-0.00019300692981972747,1.1451125659401798e-05,8.671657642901273e-05,-0.000336963067080187,-0.00022558555830736702
2024-02-27,29207,-1.4126826216272691e-05,-6.700047212002632e-06,-0.0001342235390440185,2.7242958558997796e-05,2.4160843746375386e-05
2024-02-27,29223,-0.00010313983619565233,7.489492378518603e-05,-3.60051410037871e-05,-6.414718890449415e-05,-7.38648622451704e-05
2024-02-27,30001,9.033962266065051e-05,2.127657083019971e-05,2.682150537513389e-06,-4.30855396669344e-07,-7.633729328301864e-05
2024-02-27,30007,-0.00022776908351015718,-0.00041940094313260934,8.649179394081485e-05,4.999356679600032e-05,-0.001617444338358551
2024-02-27,30013,-0.0006979513643688637,-0.0006647513606297295,-0.00013501063813519198,6.455459922383326e-05,0.00011698503127301283
2024-02-27,30027,-0.00011873764710201894,-0.0001843291511754084,-0.00019701393846304795,0.00027339164573557677,0.0002766224709707375
2024-02-27,30029,-0.00027835947574656426,-0.0010134643568448037,-0.0006272664035513497,0.0007095449198712012,0.0005408993737298817
2024-02-27,30031,-0.00033772774794416256,-0.00020510981513896482,-4.00999351990749e-05,3.6879694153992286e-05,0.0015848813160685195
2024-02-27,30035,-0.0005916255393207611,-0.005254639431374503,0.0021484268430041076,0.00040466269654056613,0.0007112310568406113
2024-02-27,30041,9.030942352054747e-05,-0.00010270208985244538,-0.00014505255705074188,1.4537861167190089e-05,0.00013497479170018132
2024-02-27,30043,-0.00019273703765525967,2.9061310471405243e-05,-4.1916109968322774e-05,5.641772244943124e-05,5.398503835251766e-05
2024-02-27,30045,-0.0003644978530245277,-0.00031608411418601465,-4.264594873313105e-05,7.831201070600049e-05,0.00016398878823542507
2024-02-27,30047,-0.0004307068443841586,-0.0005185902813039176,0.00020412239441573287,0.00030993115647047834,0.0013331184554122182
2024-02-27,30049,-0.0003889197115797238,-7.193033703501468e-05,-9.483165667422455e-05,1.1900138612095778e-08,-6.9133484947191e-05
2024-02-27,30057,-0.0002526174870831711,-0.0001196742141853182,8.218468959865781e-05,-0.0007148599854057482,0.0009973224778601528
2024-02-27,30063,-0.00026871070799721177,-0.00015792217508539183,-6.28231012668128e-05,5.7253918844138554e-05,2.9822899315915235e-05
2024-02-27,30067,9.796421873600411e-05,-7.284295283104556e-05,-3.662643674267696e-05,0.0007124189301776463,-6.735264240373092e-05
2024-02-27,30073,-0.0001044446673407274,-0.00022420658913481712,3.1505537044314975e-05,-5.408253068211433e-05,1.1429719756487675e-05
2024-02-27,30081,-0.000275274487833356,-6.643913788503472e-05,-1.769853940250185e-05,-7.833972353318147e-05,-4.7846472966475706e-05
2024-02-27,30089,-0.00012981393962606044,-0.000884678944914636,0.003496192955063867,9.992917129396459e-05,0.0021983032784261263
2024-02-27,30099,7.692461687278302e-05,-0.0004928213162512567,-3.9359143952854615e-05,9.6562036973335e-06,0.00012547355424166612
2024-02-27,30101,-2.6056764260418727e-05,-0.00016922454425163577,-0.00021169881784614868,0.0004902074903298304,5.402133510710755e-05
2024-02-27,32001,-0.0028944449023002535,0.00010755567240501812,-0.0009065020009146606,-0.0010350971307196196,-0.0009581626417388599
2024-02-27,32003,0.00019117866143408564,-0.0005886701505135503,0.0010081974147358257,-0.00014410332659036632,0.0011657691283828448
2024-02-27,32005,-0.01743429313338979,-0.005823134751424167,0.03817968347366983,-0.01731817771153355,0.019970167932160776
2024-02-27,32007,-0.0005361443512444989,8.091862608573743e-05,0.0005669813943717137,0.002093417151801165,-8.336514664432094e-05
2024-02-27,32011,0.0008371015987171122,0.001466141056263865,0.0007170640064614837,0.005792527357715732,0.0030282908098876312
2024-02-27,32013,0.004199354505776978,0.0030735195230542148,-0.010520571873534931,-0.009999064995722257,-0.0024270061029115844
2024-02-27,32015,0.000612540039209207,0.0002521221287943576,0.004422407743469983,0.016292299483314607,0.015418201040901539
2024-02-27,32019,0.00473409305422094,0.0012569205245633016,0.0024350614942247172,0.002216964620992294,0.0004003268242085871
2024-02-27,32021,-0.00012008320122639665,0.00010329917059086202,0.0003929235665239422,4.5230890983755795e-05,-0.00017772616210614406
2024-02-27,32023,-0.0002553756255424238,0.00012411719117946113,-0.0014111955410064606,0.0008809669469158109,0.00010308195150333151
2024-02-27,32027,-0.021166373870201177,-0.003806175796998248,-0.006170564128585267,-0.0005998977960884298,-0.007588809836867917
2024-02-27,32029,0.005704021520559266,0.010219775970857242,0.009928085474812203,0.005362291075741557,-0.005646354619032778
2024-02-27,32031,-0.02564813110274062,-0.0014628547338867617,-0.00800179289785924,-0.012181828164478894,-0.007452258823707586
2024-02-27,32510,-0.01833633385296153,0.0006376617191030387,-0.005136569098386973,0.026933813118242195,-0.017816141467002777
2024-02-27,34017,0.0010045458365083805,6.663992505817726e-05,0.0011088112738433175,-0.0008050557684708389,-0.0009484242480163454
2024-02-27,34039,-0.00013136448089974692,-9.864628858229373e-05,-0.00048614585491763506,0.0003991447029950034,7.255752393610907e-05
2024-02-27,35001,-6.40054728677846e-05,8.95053711641409e-06,-0.00018725794631418681,-0.00033808392262925607,-3.73720177159352e-05
2024-02-27,35003,0.00015627671619879776,-0.00012135938310071284,-0.0005159733736871583,-0.0004544821007799586,-0.0006181653973554241
2024-02-27,35005,-6.169743001446467e-05,6.111618337168194e-06,-8.624832499422351e-05,-0.00017776664990581123,-3.686092983030162e-05
2024-02-27,35009,-0.0008664347865659705,-4.818456695571454e-05,-0.0004401206397427485,-0.00039887768406471824,-0.0008202087026009573
2024-02-27,35013,-0.000319054862428371,-4.522879071787648e-05,-0.0003068471991587907,-3.3362975141158356e-05,5.008248836787236e-05
2024-02-27,35015,-0.00012232427467836712,-1.4608062107153553e-05,-0.00013972964301677308,-0.00018939202355993065,-9.328049517911703e-05
2024-02-27,35019,-0.0016354673588469505,-0.0003871282123269784,-0.0013080215106858891,-0.0015107440088538728,-0.002749373749547988
2024-02-27,35025,-0.0003631792535520905,-1.2483077615571694e-05,-0.00015578781140161035,-0.00011852199791553928,-0.00017835668203481362
2024-02-27,35027,0.00011803991151013973,-5.3105540712869906e-05,-0.0004214629061866132,-0.0006176176467589577,-0.0002663823827640464
2024-02-27,35031,-0.0010509979441041088,9.143272507967449e-06,-0.0009900676920602625,-0.05030214637237903,-0.005747450238674891
2024-02-27,35033,0.00047211866015240805,-0.00013437904707323876,-0.0009015773804759801,-0.0012997383845361654,-0.00039181419335518656
2024-02-27,35035,-0.00017045513322934793,-2.4436915154050408e-05,-0.00026234803982774096,-0.00017427274302584523,-7.904875636542718e-05
2024-02-27,35037,3.594433204664191e-06,-0.0002157320079488303,-0.0009544849173787531,-0.0006127353182798529,-0.0014523603325832005
2024-02-27,35041,-0.0007640101118456041,-3.2242962370868415e-05,-0.000405868390918188,-0.00036815645174511963,-0.000754712517909553
2024-02-27,35043,-0.0020584362259785894,-0.0002831627354893959,-0.0021871822354441652,0.001133775027517269,0.00015099305075341724
2024-02-27,35047,-0.0007161126283988283,-8.851941173173758e-05,-0.0009625839245064943,-0.0005188670014570635,-0.0025007610337555
2024-02-27,35049,-0.00019885493469503734,-5.76943029201133e-05,-0.0007893895877888984,-0.001650190189762809,-0.0006381666621109562
2024-02-27,35053,-0.00018384961241391887,5.837298323684622e-06,-5.1587315085522526e-05,-0.0001500231804793159,0.00017162387707729705
2024-02-27,35055,0.005214002141055569,-0.010228231203984094,0.014607566802080578,-0.002244310476130603,0.004923502509473633
2024-02-27,35057,0.006582319317819177,0.00349290935547044,0.006410050811511574,0.006909180282459744,0.0005620755544745032
2024-02-27,35059,-0.001691348437785047,-0.00011103225728137416,-0.0007155377914450186,-5.223030197942617e-05,-0.001712783586062775
2024-02-27,35061,-0.0003550612696223206,-3.660274652382672e-05,-0.0001601195874213917,-0.00034898694044850056,-0.0005934613048587068
2024-02-27,36001,0.004179603225913174,0.002705984082068285,0.0016373908311709227,-0.002733387547146176,0.0015640958670206408
2024-02-27,36007,-0.0024931916709549132,-0.00404133836295751,-0.0019010060622706207,0.00016194540188770566,-0.0013468757582698024
2024-02-27,36011,0.0008482143406925505,-0.0072292317472216865,-0.0065298218650856645,-0.0015026450877070434,0.0011339457004897226
2024-02-27,36019,0.18495748015656416,0.24695602679515183,0.036400047096981136,0.012651500991616937,0.019931071372853264
2024-02-27,36021,1.7517196933077256e-05,-0.0002091377138527127,-0.0004446093781061365,0.0003853977004006214,1.8818294673524658e-05
2024-02-27,36027,-0.00010431281853724852,5.858101032738867e-06,-0.00021272625112864272,0.00019930621354939302,0.00029597712882343906
2024-02-27,36031,0.033057472133107585,0.01725825600771078,0.24206514760641334,-0.020531519014906158,0.12720383849598005
2024-02-27,36033,0.056896310470254716,0.013805817140750132,3.4019204590555048,0.10879937331989686,0.6198850361955625
2024-02-27,36035,0.1650666647784496,-0.015334559983168627,-0.10979964580579951,-0.3352123550918787,-0.05870680979987536
2024-02-27,36039,0.0029479347295076827,-0.02251060527148251,-0.0016088452393400662,0.001292291353879588,0.011659710491808518
2024-02-27,36041,-1.0727206065585797,-0.2589284874304738,0.8985417731136831,-0.9349481910406023,-0.9001419459687785
2024-02-27,36043,-0.03997133317593091,-0.0054774245961910495,0.01114984047619641,-0.01854535364468879,-0.011301777184940819
2024-02-27,36045,-0.0009279441936527548,-0.038807605329820485,0.012026457761546535,0.013168032559925916,0.035327788344319745
2024-02-27,36049,0.05003561090916377,0.014714468977798406,0.042595271565486675,0.008104223048301176,0.03500015881122252
2024-02-27,36055,0.41079576895851205,0.2086837254600555,0.06436432928723727,0.06274010345991482,-0.007510126527609234
2024-02-27,36057,0.024766445236163545,0.0024459101366094346,-0.01651796697704755,-0.028388183713393245,0.011869354938552595
2024-02-27,36059,0.0005936116304210955,-0.00010780230024192653,-0.0009956516360854497,-0.0015764452395137657,-0.0004158365985503825
2024-02-27,36069,0.0024704244334866413,0.004369567852584086,-0.002046678016923379,-0.009312913396070726,0.002955857549337741
2024-02-27,36075,-0.0031098467466920687,0.00931546859877097,-0.0006881279237744772,-0.04228460381062734,-0.015725236500645667
2024-02-27,36081,0.001501807197686092,0.00020890365474577374,0.000975162217900986,0.0008386264745008415,-0.0001675883602507842
2024-02-27,36083,0.0002213328147416052,-0.002870565001086153,-0.001480869308997906,0.0008613121722142788,0.0004108015457062941
2024-02-27,36085,0.0001347788502028286,-0.0001442379091573942,-0.0008373930777894616,0.0014277105801630057,0.00028986761786550417
2024-02-27,36089,-0.01877693736904855,-0.11370175203053479,0.06334710906291613,0.02169636341341504,-0.13516422589100824
2024-02-27,36091,0.014902441311559114,0.000763714584094223,0.011928647646996665,-0.00402860054418977,0.043077603304606846
2024-02-27,36093,0.0010891881892083378,-0.0001139531123919655,-0.0013741986155832615,0.0012513592616463579,0.009599479532898317
2024-02-27,36095,-0.007931060033897621,0.0016075021361805775,-0.029860770230837264,0.0004882905373353418,0.006727830467002281
2024-02-27,36103,-0.004719827861840118,-0.0015773958538041915,-0.0026738817245876927,0.008359212846815204,-0.006499601418847679
2024-02-27,36111,0.0035867246705353108,0.0058528179211237465,0.014019896768436707,-0.001902172362397949,0.011590708317637038
2024-02-27,36113,-0.011344432181183195,0.04900227954765529,0.0924797625539795,-0.08474863716551112,-0.03593528925037526
2024-02-27,36115,-0.002097366759899792,0.0007106044491211813,0.005259982729440636,0.0012200216023887447,0.0006447225248885982
2024-02-27,36117,-0.0012281458534322415,0.005715530343209992,0.03495412031558687,-0.07418780348125928,0.0693908366093467
2024-02-27,36119,1.4601432794572144e-05,6.476648603330763e-05,0.0007092525599940879,2.5981037640643214e-06,0.000519620579593845
2024-02-27,37067,-1.6231164482886432e-05,0.000187069583574635,0.0006599542266550638,-6.668742272518364e-05,3.6259278837813766e-05
2024-02-27,37189,-0.0012485291597720898,-0.0003456762453416741,-0.0019933491386125942,-0.0011678437845236375,-0.00091439273924685
2024-02-27,37199,0.00025607416526231155,0.000510034439535673,0.003095669126610243,-0.00018824026452286038,4.200861398307744e-05
2024-02-27,39023,-0.0004008305537158783,0.001491152617203683,0.0010063088851835211,-0.0029858812975356915,-0.0018189670320340919
2024-02-27,39045,-0.0036737251484241507,-0.0002160595622759942,-0.003768857696419034,-0.022048601079553504,-0.001664432424139467
2024-02-27,39049,-0.0006587057294395101,-3.2111941070700836e-05,0.00011975475379636102,0.0003944985147022592,-0.0008707773502819333
2024-02-27,39057,-0.0004167532509919235,1.0978577738433078e-05,6.797327963518223e-05,-0.0007563517526474722,-0.0006489586507846211
2024-02-27,39067,5.143272988457055e-05,-0.0014906456951071065,0.002336127052734353,0.006473427315398423,0.01829054613965231
2024-02-27,39087,-0.000380376275900419,0.00033573613663605956,0.00021205162656936388,0.0008136898023389639,-0.0001509951765024756
2024-02-27,39089,0.00014346913657510736,0.00029010403997011696,0.0007500668138686795,-0.0009439835939679987,-0.0013829275331548917
2024-02-27,39097,-0.0011643207852657655,0.0034852879508092474,0.006792128656562577,-0.00402447384002215,0.005255758930758352
2024-02-27,39111,-0.0015501602049088903,0.0007527377298668647,-0.004086296779345605,-0.009488624699640555,-0.011961623572985719
2024-02-27,39113,-0.0005573811841916616,-1.3097192329816678e-05,-2.312782127675034e-05,-0.0001227833419058528,-6.801500171908954e-06
2024-02-27,39119,-0.002721900764311949,-0.001302282784984138,-0.0003642718821934406,0.0031395242537523415,-0.0011793181144369503
2024-02-27,39121,-0.0012546931687138529,-0.0006923346565894024,-0.00024203615033808448,0.0026299512053089666,0.002507362344349893
2024-02-27,39127,0.0030450771165785213,-0.0018437143391891557,-0.0011954722596188225,0.006845871130994656,-0.004104069600762688
2024-02-27,39129,-1.3025890219857416e-05,-0.0003549597180038471,-0.0005626543697724976,0.001193729108757467,-3.6160878320614515e-05
2024-02-27,39135,5.138588675107072e-05,-0.0004338671079350746,-0.00037509836266123127,0.0005723777839634014,8.56330784767417e-05
2024-02-27,40003,-1.02060637921047e-05,-2.173992722814659e-05,-0.00040127012496335966,0.00019857947604363046,-0.00033079189293987833
2024-02-27,40007,-0.0012933387570856119,-4.7806219667011316e-05,-0.0015229178619768254,-0.004982574517366509,-0.0020558316622048063
2024-02-27,40025,-6.255939598155658e-05,-3.4284574740933976e-05,-0.0005476340882111267,0.0004833670855757589,-0.0007428260226854623
2024-02-27,40039,-0.000371749554909655,-1.3885290225752658e-05,-0.00016162321157001526,-2.6005927702449222e-05,-0.00026521981690060355
2024-02-27,40045,1.5058923421895458e-05,0.0004642816524163605,0.0012308686144778442,0.0001724074561559514,-0.0004044232955110602
2024-02-27,40059,-0.0013108916062048572,-0.0008297539507199022,-0.0023829077075779295,-0.014266012702402386,-0.0027522262454424003
2024-02-27,40139,-0.0003538987174625393,-0.00022667992087490072,-0.0005967474827964847,-0.0010489866935436262,-0.0024660953884749824
2024-02-27,41001,-0.0008858997215031245,0.0030602093890430056,-0.0023613722984022,-0.002634206721389568,-0.0005711376508383994
2024-02-27,41025,0.005148520387272544,-0.007803059763734122,-0.03624326072949147,-0.0010478807792890892,-0.024315106343518345
2024-02-27,41045,-0.01632261949642298,0.0007894435081584571,-0.011888275668213509,0.005890279075713642,-0.012506167849570947
2024-02-27,42009,-0.001993168414203675,-0.0012442031761605715,-0.0005688494879088797,-0.0009537583326590382,-0.0002682237372149572
2024-02-27,42051,-0.00011038047329590636,4.142270434492846e-05,0.0001925047990330509,0.00017039154418791304,0.0012209654162691772
2024-02-27,42059,-0.0017182196975566305,9.138333235129276e-05,-0.0038965670655912374,-0.0006948919640423351,0.0014322383553079451
2024-02-27,42087,0.00020218758303693513,0.0001183575329169407,0.0009133601448372383,-0.00024512336169552485,0.0005174290393818753
2024-02-27,45003,-0.0007503501091112315,-2.6426287448637966e-05,-0.00018708103016970367,-0.00020000206660637887,-0.0006130202670123326
2024-02-27,45007,0.00017433731323359672,-4.078366932301148e-05,8.983030875633295e-05,7.600769074306854e-05,0.000965727868351072
2024-02-27,45023,3.717730790973005e-05,-0.0005161853581000173,-0.0004688399064837045,0.00035396257203126197,0.0005957000755503188
2024-02-27,45045,-1.3530458079488256e-05,7.395624793678186e-06,3.705332374432307e-05,-4.4085683622823506e-05,6.260841220639274e-05
2024-02-27,45055,-3.994050673026108e-06,0.00021563922736942903,-0.00026754648212169816,-0.00018319591630411704,-0.0002372293371131648
2024-02-27,45059,-5.177672492522368e-05,1.955332704493991e-05,-3.2117733036542915e-05,-6.582623349758921e-05,1.4915483934897487e-05
2024-02-27,45063,0.00011608004964482424,8.225187730833376e-05,-4.554128848797718e-06,-0.0001150608681948571,-0.00012902812370138572
2024-02-27,45065,-0.0001962020202272014,5.2023044660601226e-05,4.132297163924714e-05,-0.00016857643228768067,-0.0003669283346731697
2024-02-27,45071,-0.00013011901836053978,4.672629109218399e-06,7.619326153855831e-05,-0.00012264324955603385,-0.00019512486494059367
2024-02-27,45079,-0.0003579127253186407,8.482622682880679e-06,-0.0002140874793682654,-0.000239897189336344,-0.00026233415455914855
2024-02-27,45081,-4.99366484555295e-05,1.8219450536831458e-05,9.827258928463557e-05,-0.00013181252809681815,-0.0001609788736617612
2024-02-27,45083,-2.311147243416334e-05,2.9250730466016077e-06,2.9422106617546718e-05,-2.321181065388938e-05,0.00014332037427197545
2024-02-27,45087,2.55559565503266e-05,-1.9404431444881225e-05,0.00014620399621683702,-0.0001463440821743026,-0.0003105990165273762
2024-02-27,46045,-3.4106725589702364e-06,-0.00015055190388439503,-0.0004303848414897743,0.0010079185594386957,6.0046641931138034e-05
2024-02-27,46065,0.0009574975879475627,-0.00024205587512675044,-0.00016215442169662756,-0.0002107112808966002,0.00027525075365398703
2024-02-27,46085,0.0001514944711846402,-0.0001744259887973349,-0.0005212071771813017,0.0009806911970796988,3.384360132364911e-05
2024-02-27,46109,0.00011599723587251516,5.731087748838418e-06,-0.00013539915173262838,0.001664049589089672,0.00013021021430590176
2024-02-27,47009,-0.0008338039150414815,2.0452661460245315e-05,-0.001210129864827479,-0.0013460368582117375,0.0006164677093456021
2024-02-27,47029,0.0002914132727389747,0.0002900530259130731,0.0005942911574697907,-6.493707532629207e-05,-0.00013522276317997668
2024-02-27,47033,-9.356574795283887e-05,-1.2081977246990844e-05,7.73743809435103e-05,-0.0004797950220449198,-0.00024595685970419306
2024-02-27,47073,6.607880517786277e-05,3.10430201435276e-05,9.631078348295847e-05,-2.3350743624646125e-05,-0.00027528846630427823
2024-02-27,47105,-0.004514942350545101,-0.0005610272539537525,-0.0036313270263790415,0.002502787099338613,0.002478079797879576
2024-02-27,47123,8.603847026244105e-05,6.0692892891759005e-05,-0.00020197796151694852,-0.0002692361234690921,-0.0004896548693645445
2024-02-27,47147,0.00011235991109738631,0.0005922558246105458,0.00042228592358984566,4.4017873977777365e-05,2.1328345065948346e-06
2024-02-27,47155,0.0002086436815701095,0.00011119589602709033,-4.647325244966621e-05,-6.816449472661157e-05,-5.522245377497653e-05
2024-02-27,47167,4.106292045968592e-05,-7.612468912598631e-05,-0.00012501234774095043,-7.118548265840964e-05,0.00021348157598885629
2024-02-27,48017,-0.0004406148625088008,1.3173811210285208e-05,-0.00014021154462618926,-0.00019479301324595437,-0.0003208173612784842
2024-02-27,48045,-0.00044094738976768093,2.018816285556946e-05,-9.857858723569912e-05,-4.9609245679903686e-05,-0.00023206904020094642
2024-02-27,48061,-0.00012103782088049138,-1.3380934139327615e-05,-0.00012459936703075868,-0.00010897532903224826,0.00073528593256101
2024-02-27,48065,0.002521284087166925,0.0031706724101342176,0.014522799231795391,0.005821750662108299,0.016491684331747802
2024-02-27,48069,-0.000471309898749142,8.112205202449597e-05,-0.0001863965583057859,-8.363845545952803e-05,-0.00041526912692245785
2024-02-27,48079,-0.00011960126454739982,-4.739389016294929e-05,-0.000277489499273715,-0.00021939434543075652,-0.000164612877105309
2024-02-27,48087,8.358837396796152e-05,-7.912013263438938e-05,-8.242916985928177e-05,0.013888579839120901,0.0034312244742161994
2024-02-27,48109,0.000862018390440502,0.00015193114809224778,0.0005631231899182673,0.0003992914461735768,0.00023562854130277505
2024-02-27,48111,-0.0007612283123858933,-0.0001340134097034129,-0.002270976018063315,-0.0001960986992115086,-0.0016049487864288827
2024-02-27,48117,1.119044252082522e-05,-5.382239094024235e-05,-0.00037888175524846454,-0.00043475342943783064,-0.00016545799330870903
2024-02-27,48141,-0.00040162003071666044,-1.5342883323922606e-05,-6.761259782401765e-05,-5.569705112595959e-05,8.876770083860702e-05
2024-02-27,48153,-0.0005428119092244711,1.80318300571838e-05,-0.00010084385966447717,-4.985385519833993e-05,-0.00016824284259403798
2024-02-27,48179,0.002479557977543458,0.0007889022504094251,0.00314089347374151,0.0016469061064131544,0.004199944093272959
2024-02-27,48189,-0.000467132218560491,2.208976728432982e-05,-0.0001299199275791111,-3.1808643216508896e-05,-0.00015031383786014493
2024-02-27,48191,-0.0002915021225723622,-1.926883340652781e-05,-7.768728631109096e-05,-0.00013519361253731433,-0.00020627810626192047
2024-02-27,48195,-0.0004196601543250295,-0.00034673773319715036,-0.001248340520663606,-0.001984176203468406,-0.006573620033951943
2024-02-27,48205,-0.0020900911983895917,-0.00014998515359576677,-0.0009184331526350949,-0.0003540275938430772,-0.0022292224730108856
2024-02-27,48211,-0.0012325072557705652,0.0010836107048409482,0.0056841517821415305,-0.0020744002390517893,0.009311787405636936
2024-02-27,48219,-0.0004916647343959546,-1.0745502540782716e-05,-0.00010218235760911488,-4.761034440052687e-05,-0.00014663058277569743
2024-02-27,48233,0.04673035199614506,0.009331450626917981,0.04943667086858117,0.016744342187322125,0.05657056327092558
2024-02-27,48279,-5.7453745316709886e-05,2.7052556542144622e-05,-8.377534674271557e-05,-4.832149942409232e-05,-9.706240647326466e-05
2024-02-27,48295,-0.0024639029446150767,-0.0011488226152739196,-0.002430305356336642,-0.0009134223925487024,-0.0019102457055563918
2024-02-27,48303,-0.00029954507666813714,-1.8751254584127905e-05,-0.0002750216572685911,-0.0001475571514500233,-0.00018077191859042433
2024-02-27,48329,-0.0009208557881442324,-2.5053632021888078e-06,-4.445875194817796e-05,-7.374506128714114e-05,-0.00015949462287762623
2024-02-27,48341,0.0013655233915592768,0.0014010531711928075,0.001561134711046911,0.00211096506873428,0.0030973412749419078
2024-02-27,48359,0.0003757764676644809,-8.282076863311359e-05,-0.0005130526118297176,-7.205742211628305e-05,-0.0013169279522892265
2024-02-27,48369,-0.00013612665350042766,-5.1106752653001354e-05,-0.0004052642593171499,-0.00040208553150395456,-0.00010317130478472815
2024-02-27,48375,-0.00114003588710921,-0.0006909956978544427,-0.0015592552655932575,-0.0006916561605938391,-0.00012210055839545562
2024-02-27,48381,-0.0004136058147656891,-7.435793332800179e-05,-0.0006797114639890822,-0.0004416008587562447,3.345367296156215e-05
2024-02-27,48421,0.0005471522101402474,-7.602682902890074e-05,-0.001036378839664861,-0.0003860394038576009,-0.002505535787382752
2024-02-27,48437,-3.6933682869335087e-06,-1.4487990670056248e-05,-0.00016005003971763338,3.153612707249806e-05,-0.0002737555164056856
2024-02-27,48501,-0.00011667963734412981,-4.073224174254254e-05,-0.0003176612075152014,-0.0002545027790703582,-0.00039862306905185063
2024-02-27,49001,-0.04955508004583873,-0.020355631259854554,-0.020923007646125744,0.03737077183866297,-0.042655923482870686
2024-02-27,49003,-0.00138853804734596,0.00021502181195197254,-0.00015271011300450015,0.0031800817911881484,3.4404857498969e-05
2024-02-27,49005,-0.00016636127999452438,0.0026928405462609013,-0.0006455736343522842,-0.01657383581119387,-0.0021798506742492577
2024-02-27,49007,-0.005669598529622535,-0.0016266690927399224,-0.007447895882530051,0.0038606711627914726,-0.003331231502211843
2024-02-27,49011,-0.0019782320039026784,0.051519807458260784,-0.003984016252330039,0.00017140846473861875,-0.005223575076349117
2024-02-27,49015,-0.005882946043194512,-0.0005965567907059144,-0.0017185546307251424,-0.0018258986765954202,-0.007674257206610003
2024-02-27,49019,-0.016238878930376576,-0.0011783933425863003,-0.006174559507080086,-0.010683957814060811,-0.021888740740047707
2024-02-27,49021,-0.0911397763778099,-0.013661471214469423,-0.024235176054827168,-0.03437665327842787,-0.05977808776110305
2024-02-27,49023,-0.01658958659183462,0.0003418993726341168,-0.003711553859312103,-0.011471438306501436,-0.017191061564203497
2024-02-27,49027,-0.0012183000376224176,-0.0017851164464587274,-0.005195955319479778,-0.03061807955140622,-0.014799808445747721
2024-02-27,49029,-0.006762432674773716,0.0004642727900434516,-0.005540938985679099,-0.016004541744113424,-0.024887661140470377
2024-02-27,49031,0.012468376454473871,-0.006963661611953678,-0.012124867358039387,-0.00248642398374771,-0.00622018080756688
2024-02-27,49033,-0.0024590676377293135,0.0005610913959152542,-0.002110233202039613,-0.0027839573560090557,-0.01011400720185461
2024-02-27,49035,-0.0003784478348551508,-0.004454304751912162,-0.00931566125599757,-0.005992614105084562,-0.009956298619869674
2024-02-27,49037,0.00015426225785447611,-9.504020218369845e-05,-0.0005241022627821615,-0.0005270349429174108,-0.0008698272995684971
2024-02-27,49039,-0.0052786021907527654,-0.001232748886353701,-0.0005200288096225136,-0.001227166271263281,-0.0006605018567389237
2024-02-27,49041,-0.004845316849606084,-0.003146903364201428,-0.0024704459530027513,-0.002242070355300288,-0.004639810375420245
2024-02-27,49043,3.167575467447753e-05,-0.001408277514059933,-0.012581955349141777,-0.001995398153936803,0.0024113581012001895
2024-02-27,49045,0.001146643971230623,-0.0010141588206164613,-0.007433058245811152,-0.007236610208795024,-0.01373219318008903
2024-02-27,49047,-0.006064080155592191,-9.061239852387569e-05,-0.005331640620456251,-0.003856216822163654,-0.008795870491307043
2024-02-27,49049,-0.00043507441504285135,0.0006755504569209295,-0.0012902861197208008,-0.008304290611429658,-0.0015770949067484752
2024-02-27,49051,-0.002568265025231262,-0.00620515924821412,-0.004157793414544503,-0.0038085106791363784,-0.003259430078521435
2024-02-27,49053,-0.09877894468085859,-0.001932812254316912,-0.017880871625408544,-0.013170147063439653,-0.040786669940139235
2024-02-27,49057,-0.0009513212971444026,-0.002182898594735862,-0.0025534233148844492,-0.0064647296418594725,-0.007875808239449134
2024-02-27,50001,0.0010109484604330426,-0.003767561178324821,-0.002448563912326106,0.004006484259102087,-3.8879678340625334e-05
2024-02-27,50003,0.28507124751732343,0.02745416248006064,0.07595422192863291,-0.008603902162618034,0.06064760239492696
2024-02-27,50005,-0.0006785801503129314,-0.003238643349474492,-0.014685895965210631,-0.0037980932440473754,-0.0017574272145261102
2024-02-27,50007,5.446304247321953e-05,0.00014318646523097528,-0.0044408486563789155,-0.0005023792265722098,-0.0003932385712889083
2024-02-27,50009,0.10189906103235088,-0.023014703619383514,0.02188648863333134,0.03161940501944108,0.006534607052118141
2024-02-27,50011,0.0046271107694649885,-0.018739559673214487,-0.05046179577634105,0.005000485360929912,0.0003141024336204964
2024-02-27,50013,0.00015383606923059226,0.0056052674137174775,-0.0010927536608815328,0.009969077966213203,0.0002972035232268358
2024-02-27,50015,0.0035471509666901713,-0.03889924743327906,-0.11698125058509184,0.013776390030000758,-0.04978307800731928
2024-02-27,50017,-0.004424720663502989,-0.007929869548119688,-0.021519540455467175,0.007873458941283079,0.004327526035402278
2024-02-27,50019,-0.15744717061212102,-0.08916464477371172,-0.08274020784581293,0.026014820290835967,-0.07962769044465977
2024-02-27,50021,-0.028905666215946046,-0.020103128759462567,-0.020672786822665327,0.006151282246116761,-0.024718855223785197
2024-02-27,50023,4.044833050074331e-05,0.0020635743168451767,-0.01021199483649282,-0.003955379476802414,0.004237470813172296
2024-02-27,50025,0.04888743248846694,-0.07285763000722634,0.29448043822338044,-0.2172107620262459,0.18034876252309218
2024-02-27,50027,-0.3349932512344751,-0.02611758688277309,-0.018603147413552235,0.02217710320171764,-0.054901785078771886
2024-02-27,51031,-0.0001194005996466111,2.304828505042696e-05,3.1923651130054875e-05,3.236441813218784e-05,-4.792418914134627e-05
2024-02-27,51089,-0.00013795302293722638,0.0001322742068341712,0.0007248673010402129,-2.6772925584963648e-06,0.00019706438167294552
2024-02-27,51161,-0.0002326010541002033,-2.664077473387306e-05,-5.2179619959492884e-05,0.0003312875968199073,0.0005332524803969589
2024-02-27,51680,-0.00011329828817525532,0.000168204581715084,0.0010430674718184079,2.5486260251967457e-06,0.00037085517799066497
2024-02-27,51770,0.00013597637592683426,0.0002600539674083137,0.0007730933235416855,-0.0002896240103280115,6.935024407604858e-05
2024-02-27,54023,0.0009896672214216667,0.0050542070740415305,-0.0035554968583253813,0.007327693679576903,-0.015578792906770115
2024-02-27,54039,0.0001103104427166888,0.00010044072519765522,0.0008292754150547928,-0.0012384982176191625,-0.0010796263096705273
2024-02-27,54047,-0.002546901605239897,-0.00046531128824635684,0.003338921569295805,-0.002648023780340361,-0.006029406470838288
2024-02-27,54051,0.0004934950521204044,-0.00010303922889187147,-0.0002447544318367981,9.583072132536563e-07,0.0002521133049672639
2024-02-27,54061,-0.0005629467362867709,-1.938866729410242e-05,0.0020277300510427704,-0.0006559636210338522,-0.001273125367835006
2024-02-27,54079,-0.0003286237544162006,-5.0965745260109305e-05,-0.000104893888742856,-0.00024611191552220864,0.0004720759343625565
2024-02-27,54083,-0.001501428602716112,-0.00017694142385637048,0.0007818990754665809,-0.003975470164473161,-0.008873895142536479
2024-02-27,54085,0.00019601826974321307,-2.4360723723314964e-05,0.0008785872065892961,0.002797125718792034,-0.0023918362158795916
2024-02-27,54093,-0.0032376782537297125,-0.00047348360989813223,-0.010247122934351559,0.004228543455900504,-0.0027856444812120913
2024-02-27,54097,-0.0012723548871853229,-0.0005176059475695452,-0.0003837986872083937,0.0009050076419559966,-0.00011341274974709109
2024-02-27,56001,-0.00022201577709680948,-6.265298199928145e-06,-2.0973593078437585e-05,-4.7159032707078426e-05,-4.469592496795996e-05
2024-02-27,56007,-0.0003651347009267829,-1.8453494729175616e-05,6.4235149590919185e-06,-0.00028622340605270833,-0.00016131442063925273
2024-02-27,56009,-0.0009093041147224549,-3.150503611442344e-05,-0.00026285594406969014,-0.00018349708722897472,-0.00024376252446787453
2024-02-27,56021,0.00038035447414595114,-9.480634349244495e-05,-0.00044300941033961847,-0.00014330663737344376,-2.361745295408319e-05
2024-02-27,56025,0.0008662041902638843,-0.0001733163593164121,-0.0002343929016038822,0.00016714151225672835,-0.0003371922346684719
2024-02-27,56037,-0.00011036476334658706,-7.471284588780042e-05,-4.592135442152136e-05,-2.2902372169556016e-05,-6.20638092187066e-05
2024-02-27,56041,-0.00035960627869875944,9.179171692072453e-07,-0.00027595010941534165,0.0011787118118656045,-0.0003717730641136931
