seed,fold,unit,event,fips,rmse_own,rmse_donor_median,percentile,donor_sd,rmse_donor_min,rmse_donor_max
4,1,1,2019-03-13,01009,0.019268718,0.019228819757699966,0.555,0.00019057314784731716,0.01874466985464096,0.01943952776491642
4,1,8,2019-03-13,01055,0.0077260626,0.007704014424234629,0.625,5.9382298786658794e-05,0.007570681627839804,0.007774691563099623
4,1,9,2019-03-13,01065,0.0026636156,0.002356080338358879,0.84,0.00022460475156549364,0.00204410869628191,0.0028869828674942255
4,1,17,2019-03-13,01127,0.007923269,0.008122854866087437,0.295,0.00019989890279248357,0.007656550500541925,0.008302238769829273
4,1,19,2019-03-13,05027,0.010832464,0.010988333262503147,0.225,0.00019006420916412026,0.010545244440436363,0.011243846267461777
4,1,23,2019-03-13,08009,0.014321071,0.010971424169838428,0.9,0.0019140877993777394,0.00862563494592905,0.016325796023011208
4,1,31,2019-03-13,08101,0.0074485433,0.007453625556081533,0.48,0.00023349191178567708,0.007051920052617788,0.007786721456795931
4,1,45,2019-03-13,17127,0.009766595,0.009474546648561954,0.64,0.0005693872808478773,0.008914792910218239,0.011218825355172157
4,1,47,2019-03-13,17151,0.027190858,0.02719888836145401,0.335,2.947322172985878e-05,0.027145909145474434,0.02727275714278221
4,1,54,2019-03-13,17193,0.00815311,0.007198747713118792,0.795,0.0007917957263998687,0.006612603552639484,0.01005394384264946
4,1,55,2019-03-13,17199,0.005938968,0.00575974490493536,0.665,0.0004624616412911564,0.005401566158980131,0.007336524315178394
4,1,59,2019-03-13,18051,0.009543862,0.008967544883489609,0.69,0.0009291664464399219,0.008293259888887405,0.01213422603905201
4,1,66,2019-03-13,18097,0.0069612996,0.007706068456172943,0.0,0.000930944224819541,0.006968394853174686,0.01077225524932146
4,1,73,2019-03-13,18143,0.0044859103,0.0043873256072402,0.925,4.337420250521973e-05,0.004357288591563702,0.004561693407595158
4,1,74,2019-03-13,18147,0.009611416,0.009220361709594727,0.845,0.0002765108656603843,0.008982328698039055,0.010141942650079727
4,1,81,2019-03-13,20051,0.010116498,0.005836310796439648,0.96,0.0014434102922677994,0.005049434024840593,0.011209848336875439
4,1,83,2019-03-13,20065,0.013978537,0.009414845146238804,0.99,0.001454242505133152,0.008197574876248837,0.0151613624766469
4,1,91,2019-03-13,20181,0.019941472,0.015089266002178192,0.995,0.001577332615852356,0.013644326478242874,0.020894162356853485
4,1,93,2019-03-13,20199,0.0151916575,0.012144539505243301,0.975,0.0011095432564616203,0.011141132563352585,0.01566043309867382
4,1,95,2019-03-13,21015,0.004494009,0.004530833102762699,0.215,6.52708113193512e-05,0.004467124119400978,0.004733490291982889
4,1,105,2019-03-13,21073,0.0052896687,0.005156815517693758,0.55,0.0004677170072682202,0.004751619882881641,0.006561190355569124
4,1,107,2019-03-13,21081,0.0052367793,0.004947484936565161,0.71,0.0002872819604817778,0.0046973698772490025,0.005862243007868528
4,1,108,2019-03-13,21083,0.00930906,0.009493978694081306,0.185,0.0003343781572766602,0.009218491613864899,0.010523204691708088
4,1,109,2019-03-13,21091,0.010268763,0.01013145036995411,0.72,0.00018792360788211226,0.009945212863385677,0.01072094775736332
4,1,118,2019-03-13,21157,0.009843831,0.009478585794568062,0.705,0.00042829010635614395,0.00897657498717308,0.010817507281899452
4,1,126,2019-03-13,21223,0.0036745637,0.00367616955190897,0.48,2.97032056550961e-05,0.0036284783855080605,0.0037331569474190474
4,1,134,2019-03-13,24025,0.0012426934,0.0012428815243765712,0.485,2.8708470836136257e-06,0.001235688105225563,0.0012464970350265503
4,1,135,2019-03-13,26027,0.01752981,0.018232736736536026,0.29,0.0007544788531959057,0.015921248123049736,0.018859902396798134
4,1,137,2019-03-13,26093,0.0055915574,0.0059832497499883175,0.28,0.0007250657654367387,0.005260446574538946,0.007923843339085579
4,1,147,2019-03-13,28087,0.001047019,0.000885100569576025,0.84,0.00010922746150754392,0.0007641610573045909,0.0011717148590832949
4,1,153,2019-03-13,29133,0.011668279,0.011818996630609035,0.36,0.0004260022542439401,0.011375007219612598,0.013345743529498577
4,1,160,2019-03-13,32023,0.00020414569,0.00020246225176379085,0.885,1.1179573675690335e-06,0.00020088636665605009,0.00020497101650107652
4,1,162,2019-03-13,34027,0.0007562855,0.0007506068795919418,0.74,5.576253442995949e-06,0.0007434904691763222,0.000760916038416326
4,1,165,2019-03-13,35015,0.008034355,0.009690122678875923,0.2,0.002401317935436964,0.00732047762721777,0.017046457156538963
4,1,171,2019-03-13,39015,0.0063311965,0.00631019426509738,0.545,0.00013259652769193053,0.006222594529390335,0.006762548815459013
4,1,182,2019-03-13,39075,0.006628808,0.006507583428174257,0.77,0.000184082513442263,0.006141859572380781,0.007067721802741289
4,1,184,2019-03-13,39089,0.004075469,0.004141544923186302,0.44,0.00025619129883125424,0.003741677850484848,0.004852650687098503
4,1,190,2019-03-13,39151,0.005331917,0.005363610107451677,0.18,5.950533886789344e-05,0.005290526431053877,0.0055319517850875854
4,1,191,2019-03-13,39157,0.005826512,0.005804843734949827,0.645,0.00013647253217641264,0.005470513366162777,0.006114939693361521
4,1,193,2019-03-13,40009,0.014990356,0.016205035150051117,0.295,0.002296277554705739,0.013789025135338306,0.022591743618249893
4,1,194,2019-03-13,40011,0.01338814,0.012111769057810307,0.8,0.0011536801466718316,0.011185367591679096,0.0163441002368927
4,1,201,2019-03-13,40043,0.011447643,0.011654945090413094,0.42,0.0010669566690921783,0.010692042298614979,0.014701223000884056
4,1,211,2019-03-13,40103,0.027646055,0.026954064145684242,0.98,0.00019361864542588592,0.02685132808983326,0.027821620926260948
4,1,215,2019-03-13,40139,0.025872122,0.01994265988469124,0.895,0.003550768829882145,0.015450440347194672,0.030065765604376793
4,1,221,2019-03-13,47117,0.0026098215,0.002349695423617959,0.735,0.0002441746473778039,0.002103464910760522,0.00296222441829741
4,1,222,2019-03-13,47157,0.015736481,0.0162719264626503,0.03,0.0006666288827545941,0.015709131956100464,0.018198871985077858
4,1,230,2019-03-13,48049,0.009902487,0.009718723595142365,0.98,0.00021568758529610932,0.009138974361121655,0.009921438992023468
4,1,231,2019-03-13,48065,0.02694912,0.017264474183321,1.0,0.00299036200158298,0.015758389607071877,0.026924271136522293
4,1,234,2019-03-13,48079,0.017739756,0.014191515743732452,0.905,0.0019938081968575716,0.011754532344639301,0.019488448277115822
4,1,237,2019-03-13,48087,0.017340036,0.01642109826207161,0.575,0.0033896579407155514,0.01287506427615881,0.02615034580230713
4,1,241,2019-03-13,48109,0.021137951,0.020264264196157455,0.85,0.0005929183098487556,0.019534632563591003,0.0214691162109375
4,1,245,2019-03-13,48117,0.015275006,0.015627795830368996,0.065,0.00032666567130945623,0.015200295485556126,0.016361907124519348
4,1,246,2019-03-13,48121,0.0013916563,0.0014648225624114275,0.085,0.00012206433166284114,0.0013766527408733964,0.001874996698461473
4,1,249,2019-03-13,48135,0.006591996,0.006393094547092915,0.91,0.00014095933875069022,0.00619098823517561,0.006624366622418165
4,1,256,2019-03-13,48173,0.0062302463,0.006321677938103676,0.4,0.00038155794027261436,0.0060345944948494434,0.007512853480875492
4,1,262,2019-03-13,48195,0.06330879,0.06892424821853638,0.055,0.00288260355591774,0.06265028566122055,0.07359243184328079
4,1,282,2019-03-13,48303,0.013327584,0.014115957543253899,0.385,0.002166406949982047,0.011532577686011791,0.019871633499860764
4,1,294,2019-03-13,48363,0.0025409155,0.002871064469218254,0.095,0.0005181164597161114,0.0024668530095368624,0.004579582717269659
4,1,296,2019-03-13,48369,0.014596744,0.014572037383913994,0.505,0.0008421228849329054,0.014240271411836147,0.017447959631681442
4,1,297,2019-03-13,48371,0.005886584,0.005766349844634533,0.885,0.00012310699094086885,0.005459489766508341,0.0059230634942650795
4,1,301,2019-03-13,48383,0.0034108227,0.0034853671677410603,0.345,0.00021340606326702982,0.0032943931873887777,0.004068215377628803
4,1,315,2019-03-13,48459,0.01872375,0.018892629072070122,0.15,0.00012881147267762572,0.018524102866649628,0.019039778038859367
4,1,317,2019-03-13,48475,0.009753263,0.009218187071383,0.9,0.0006274093175306916,0.007392269093543291,0.009890589863061905
4,1,320,2019-03-13,48501,0.011821317,0.00900326855480671,0.8,0.0024030175991356373,0.006557711865752935,0.01627354323863983
4,1,321,2021-03-26,01009,0.011162448,0.011606928892433643,0.245,0.0007220257539302111,0.010482552461326122,0.013527318835258484
4,1,322,2021-03-26,01013,0.0126834605,0.012712163850665092,0.225,3.746041693375446e-05,0.01264997012913227,0.012826128862798214
4,1,324,2021-03-26,01023,0.0030540242,0.0030393614433705807,0.94,1.1102557436970528e-05,0.003017426235601306,0.0030573352705687284
4,1,328,2021-03-26,01035,0.0014853858,0.0014637780841439962,0.825,1.6919695553951897e-05,0.0014461937826126814,0.0015056764241307974
4,1,332,2021-03-26,01045,0.0015920353,0.0015599001199007034,0.81,2.8459124223445542e-05,0.0015252685407176614,0.0016317961271852255
4,1,346,2021-03-26,05001,0.008315743,0.008441307581961155,0.02,5.252123446553014e-05,0.008307271637022495,0.008526651188731194
4,1,352,2021-03-26,05069,0.009646398,0.009644669480621815,0.505,3.5994355130242184e-05,0.009586267173290253,0.009722125716507435
4,1,360,2021-03-26,08015,0.0002690332,0.00026964943390339613,0.32,1.7380904182573431e-06,0.00026799325132742524,0.00027581307222135365
4,1,366,2021-03-26,08101,0.00096644694,0.0009663172531872988,0.525,2.4616635982965818e-06,0.0009645270183682442,0.0009747882140800357
4,1,367,2021-03-26,08105,0.00024313494,0.00024194267462007701,0.72,2.3080294795363443e-06,0.00023881798551883548,0.0002510506601538509
4,1,372,2021-03-26,13033,0.002403515,0.002161189913749695,1.0,9.513273107586429e-05,0.0020291516557335854,0.0024008273612707853
4,1,380,2021-03-26,13147,0.0045973286,0.004159317351877689,0.81,0.00045252038398757577,0.003509076777845621,0.005233142990618944
4,1,384,2021-03-26,13205,0.002976811,0.0029209493659436703,0.695,6.811894854763523e-05,0.002836621832102537,0.003077518194913864
4,1,392,2021-03-26,13313,0.0077133127,0.007912766188383102,0.355,0.0006165169761516154,0.007005715277045965,0.00959401298314333
4,1,401,2021-03-26,16023,0.02513429,0.024618469178676605,0.87,0.0008448458393104374,0.021683068946003914,0.025227012112736702
4,1,402,2021-03-26,16029,0.009915516,0.009901423007249832,0.67,2.662745646375697e-05,0.009814992547035217,0.009930604137480259
4,1,403,2021-03-26,16031,0.00083676877,0.0008881286485120654,0.34,0.00017319258768111467,0.0007721162401139736,0.0015618910547345877
4,1,406,2021-03-26,16039,0.04205225,0.042030081152915955,0.9,3.056914283661172e-05,0.041926879435777664,0.042056016623973846
4,1,410,2021-03-26,16049,0.040816125,0.04080382362008095,0.78,2.6418028937769122e-05,0.040776148438453674,0.04094679281115532
4,1,416,2021-03-26,16065,0.011173862,0.007890034466981888,0.775,0.004737177398055792,0.006838265340775251,0.026532161980867386
4,1,419,2021-03-26,16071,0.00094626576,0.0010032558348029852,0.19,0.00013466266682371497,0.0009171705460175872,0.0014460289385169744
4,1,437,2021-03-26,17127,0.005652063,0.005647939629852772,0.825,3.607191274568322e-06,0.005641563329845667,0.005655637476593256
4,1,438,2021-03-26,17151,0.001915238,0.0019408368971198797,0.08,1.6777195924078114e-05,0.0019137831404805183,0.0019658959936350584
4,1,443,2021-03-26,17193,0.0019732383,0.0019279168918728828,0.92,3.9697006286587566e-05,0.001852195244282484,0.0019903474021703005
4,1,444,2021-03-26,17199,0.0014134223,0.0014400039799511433,0.255,2.6139219698961824e-05,0.0014020944945514202,0.0014770879643037915
4,1,453,2021-03-26,18051,0.002322321,0.0023301327601075172,0.42,3.299517265986651e-05,0.002266941824927926,0.002396730240434408
4,1,455,2021-03-26,18059,0.0018822876,0.0018769317539408803,0.725,6.66337746224599e-06,0.0018693299498409033,0.0018980808090418577
4,1,457,2021-03-26,18077,0.0028173462,0.0028202557004988194,0.21,5.689128556696232e-06,0.0028111233841627836,0.002853390295058489
4,1,459,2021-03-26,18095,0.0025024405,0.0024960346054285765,0.82,4.924759650748456e-06,0.0024888142943382263,0.002512425184249878
4,1,460,2021-03-26,18097,0.0015604753,0.0015496986452490091,0.97,4.3756604100053664e-06,0.001543898368254304,0.001564225647598505
4,1,468,2021-03-26,18147,0.002295871,0.0023804844822734594,0.27,6.52757880743593e-05,0.002259894274175167,0.0024524503387510777
4,1,473,2021-03-26,18177,0.0036421071,0.0035749010276049376,0.885,5.664868513122201e-05,0.0034924563951790333,0.0037171035073697567
4,1,479,2021-03-26,20065,0.0009846555,0.0009561816696077585,0.985,9.968061021936592e-06,0.0009366874000988901,0.000993007910437882
4,1,489,2021-03-26,20171,0.00066259346,0.0006825140444561839,0.245,2.092206159431953e-05,0.0006472310633398592,0.0007189534953795373
4,1,491,2021-03-26,20181,0.0007604952,0.0007691910141147673,0.17,7.290999747056048e-06,0.0007571754395030439,0.0007816210272721946
4,1,494,2021-03-26,20199,0.0008413979,0.0008484086720272899,0.19,5.633035925711738e-06,0.0008385742548853159,0.0008565698517486453
4,1,495,2021-03-26,20203,0.0005889715,0.0006024654721841216,0.34,1.752104435581714e-05,0.0005708567914552987,0.0006290755118243396
4,1,504,2021-03-26,21083,0.0017456592,0.0017270389944314957,0.675,3.155480953864753e-05,0.0016757466364651918,0.0017722443444654346
4,1,510,2021-03-26,21123,0.0020394616,0.0020091442856937647,0.885,1.9515076928655617e-05,0.0019876270089298487,0.002074165502563119
4,1,515,2021-03-26,21157,0.0025056554,0.002538373228162527,0.16,2.2029056708561257e-05,0.0024918329436331987,0.0025680488906800747
4,1,524,2021-03-26,22031,0.0034070306,0.0034170402213931084,0.3,1.2394509212754201e-05,0.003395705483853817,0.003448016243055463
4,1,531,2021-03-26,24021,0.0020014087,0.001978475134819746,0.74,2.5039656975422986e-05,0.0019479361362755299,0.00203341874293983
4,1,533,2021-03-26,24025,0.0014854817,0.0014848664868623018,0.55,3.9082674447854515e-06,0.001477011595852673,0.001493646064773202
4,1,536,2021-03-26,24031,0.0008321064,0.0008582976879552007,0.08,2.662123370100744e-05,0.0008262016926892102,0.0009316272335126996
4,1,541,2021-03-26,25005,0.0033754746,0.0035248026251792908,0.445,0.00098085543140769,0.002637907164171338,0.006798584014177322
4,1,547,2021-03-26,25021,0.0023148612,0.0025885070208460093,0.265,0.0006177306058816612,0.0020963253919035196,0.005002118647098541
4,1,558,2021-03-26,28087,0.0047023795,0.004648799076676369,0.565,0.000353562762029469,0.004211912397295237,0.005685039330273867
4,1,559,2021-03-26,28095,0.0053205835,0.005191415082663298,0.705,0.00017003351240418851,0.00498192897066474,0.005757027305662632
4,1,565,2021-03-26,28161,0.0053697266,0.005421064794063568,0.145,5.8813773648580536e-05,0.005345167126506567,0.005595799535512924
4,1,567,2021-03-26,29099,0.0009155383,0.0009183670044876635,0.43,1.028928454616107e-05,0.000897085468750447,0.0009376450907438993
4,1,568,2021-03-26,29133,0.0015635629,0.0015604058280587196,0.58,1.0926801223831717e-05,0.0015440726419910789,0.0015921194572001696
4,1,584,2021-03-26,30053,0.012882427,0.013465332798659801,0.25,0.0019648009911179543,0.012390593998134136,0.02030072920024395
4,1,585,2021-03-26,30055,0.0059361346,0.005960789043456316,0.385,0.00011115364759461954,0.005875725299119949,0.006295701023191214
4,1,586,2021-03-26,30061,0.013890753,0.01626015082001686,0.175,0.005350295454263687,0.01290955115109682,0.03599444031715393
4,1,595,2021-03-26,30083,0.008364218,0.00838935375213623,0.38,0.00010554857726674527,0.008267605677247047,0.008679299615323544
4,1,598,2021-03-26,30089,0.006876621,0.007247717119753361,0.18,0.0019780138973146677,0.006818645633757114,0.015012489631772041
4,1,600,2021-03-26,30093,0.002150063,0.002266703173518181,0.2,0.0004088610876351595,0.0021124219056218863,0.003943982999771833
4,1,602,2021-03-26,30097,0.0060939277,0.0069571747444570065,0.125,0.004269631579518318,0.005878831725567579,0.02559579908847809
4,1,603,2021-03-26,30103,0.0027417762,0.0027883672155439854,0.34,0.0001479835482314229,0.0026614770758897066,0.0033018847461789846
4,1,610,2021-03-26,32023,0.00018066513,0.00018012936925515532,0.775,5.571550332206243e-07,0.00017893649055622518,0.0001809130044421181
4,1,613,2021-03-26,34007,0.0023343214,0.002416590228676796,0.345,0.00015965769125614315,0.0022002598270773888,0.002792699495330453
4,1,618,2021-03-26,34021,0.0015579921,0.0017022710526362062,0.015,0.00013135900371707976,0.00155284209176898,0.0020512857008725405
4,1,627,2021-03-26,36013,0.007275797,0.007264431100338697,0.58,7.049130363157019e-05,0.007173463702201843,0.007454841863363981
4,1,628,2021-03-26,36027,0.0022669854,0.002267000265419483,0.5,5.5864413297967985e-05,0.00224410742521286,0.0025226110592484474
4,1,629,2021-03-26,36029,0.010829495,0.010795571841299534,0.73,4.224557778798044e-05,0.010697716847062111,0.010867761448025703
4,1,632,2021-03-26,36041,0.04748562,0.04753457009792328,0.285,4.9361653509549797e-05,0.047449856996536255,0.0476110503077507
4,1,637,2021-03-26,36059,0.0016087658,0.001690213568508625,0.16,0.00012085151684004813,0.00157121941447258,0.002027476904913783
4,1,651,2021-03-26,37049,0.0012714923,0.001262080855667591,0.84,8.381713087146636e-06,0.0012501897290349007,0.0012879016576334834
4,1,657,2021-03-26,37127,0.0026774327,0.0026596086099743843,0.82,1.5566985894110985e-05,0.0026406235992908478,0.002706110244616866
4,1,664,2021-03-26,39019,0.009689514,0.009691406041383743,0.485,7.09591549821198e-05,0.009547730907797813,0.00983025785535574
4,1,673,2021-03-26,39037,0.008630789,0.00873209536075592,0.0,3.417141851969063e-05,0.008638733066618443,0.00878764595836401
4,1,677,2021-03-26,39055,0.018166168,0.018172012642025948,0.49,0.00014120367995928973,0.017852695658802986,0.018433773890137672
4,1,683,2021-03-26,39073,0.009487207,0.009485280141234398,0.58,6.830381153122289e-06,0.00946362130343914,0.009492581710219383
4,1,684,2021-03-26,39075,0.049303077,0.049249909818172455,0.635,0.00012216360482852906,0.048955950886011124,0.04944470897316933
4,1,686,2021-03-26,39089,0.01780859,0.017817094922065735,0.445,6.410723290173337e-05,0.017651494592428207,0.01790771819651127
4,1,698,2021-03-26,39139,0.0061925002,0.006223704665899277,0.28,4.094932592124678e-05,0.006165414582937956,0.00630770530551672
4,1,700,2021-03-26,39151,0.006476635,0.00640221918001771,0.955,4.3182517401874065e-05,0.006317761726677418,0.006493800785392523
4,1,701,2021-03-26,39153,0.0067551546,0.006754363887012005,0.52,1.687816984485835e-05,0.006719962693750858,0.00678780023008585
4,1,703,2021-03-26,39157,0.007108511,0.007073668297380209,0.655,6.828826735727489e-05,0.006930992007255554,0.007197996135801077
4,1,712,2021-03-26,41025,0.00061159197,0.0006274632178246975,0.075,1.8209486370324157e-05,0.0006075402488932014,0.0006838028784841299
4,1,713,2021-03-26,41031,0.011018788,0.011059479787945747,0.0,3.873645982821472e-05,0.011019685305655003,0.011159260757267475
4,1,719,2021-03-26,42003,0.0016836034,0.0017550000920891762,0.0,7.285379979293793e-05,0.0016866717487573624,0.002003342378884554
4,1,720,2021-03-26,42007,0.00317548,0.0031934932339936495,0.08,3.0210192562662996e-05,0.0031719438266009092,0.003297863295301795
4,1,737,2021-03-26,42133,0.002216391,0.0022073620930314064,0.905,9.101616342377383e-06,0.0021963976323604584,0.002254459075629711
4,1,738,2021-03-26,44007,0.003493956,0.0036891144700348377,0.39,0.0016126721166074276,0.002720598364248872,0.009279107674956322
4,1,748,2021-03-26,45075,0.0031309812,0.003060373943299055,0.76,9.452609083382413e-05,0.00290371710434556,0.0032711417879909277
4,1,749,2021-03-26,45079,0.004091159,0.004094873089343309,0.495,0.00017917076183948666,0.003806172637268901,0.0045263394713401794
4,1,750,2021-03-26,45085,0.005115032,0.005104443524032831,0.535,8.104641165118665e-05,0.004982395563274622,0.0053112623281776905
4,1,764,2021-03-26,46047,0.0038719268,0.003866562619805336,0.845,8.970426279120147e-06,0.003838845994323492,0.0038731798995286226
4,1,770,2021-03-26,46063,0.0065685916,0.006579079199582338,0.305,2.3578564650961198e-05,0.006555721629410982,0.00665298430249095
4,1,771,2021-03-26,46065,0.0021606286,0.002165947575122118,0.21,1.5617870303685777e-05,0.0021574085112661123,0.002211993560194969
4,1,777,2021-03-26,46089,0.0034136765,0.003450801596045494,0.205,5.570088615058921e-05,0.0034015830606222153,0.0035948571749031544
4,1,778,2021-03-26,46091,0.0017726519,0.0017695758724585176,0.585,9.33125465962803e-06,0.0017623765161260962,0.0017963655991479754
4,1,781,2021-03-26,46102,0.0008266344,0.0008221186581067741,0.71,5.989736109768273e-06,0.0008118771365843713,0.000836188904941082
4,1,788,2021-03-26,46119,0.0020402882,0.0020468635484576225,0.185,1.0744985956989694e-05,0.0020361128263175488,0.0020795357413589954
4,1,792,2021-03-26,46137,0.0039267885,0.003926361910998821,0.545,6.285694325924851e-06,0.003920022863894701,0.003950322046875954
4,1,793,2021-03-26,47003,0.00806989,0.00848616473376751,0.11,0.0003759966930374503,0.007977143861353397,0.009491310454905033
4,1,795,2021-03-26,47013,0.006557889,0.0072515569627285,0.06,0.0005879868404008448,0.006420027930289507,0.008850793354213238
4,1,798,2021-03-26,47047,0.0060357596,0.006014405749738216,0.645,3.3816009818110615e-05,0.005961449351161718,0.006075126584619284
4,1,803,2021-03-26,47097,0.0020310842,0.0021001570858061314,0.18,5.131399666424841e-05,0.0020183937158435583,0.002185394521802664
4,1,809,2021-03-26,47157,0.006950151,0.006953908130526543,0.425,1.5270794392563403e-05,0.006930247880518436,0.006990071851760149
4,1,815,2021-03-26,48109,0.0006678534,0.0006682664970867336,0.04,2.863844486000744e-07,0.000667796703055501,0.0006687900749966502
4,1,822,2021-03-26,50023,0.014280987,0.01446494273841381,0.175,0.0002217605069745332,0.014226987026631832,0.015148493461310863
4,1,825,2021-03-26,51119,0.0021244194,0.0020458055660128593,0.88,5.1268914830870926e-05,0.0019830013625323772,0.00218902132473886
4,1,826,2021-03-26,51127,0.002320563,0.0023031639866530895,0.92,9.541607141727582e-06,0.0022917252499610186,0.0023313011042773724
4,1,832,2021-03-26,53013,0.010551953,0.011009367182850838,0.135,0.00045439801760949194,0.010373460128903389,0.012067542411386967
4,1,834,2021-03-26,53021,0.0033860134,0.0035440968349575996,0.065,0.00014773898874409497,0.0033369450829923153,0.003909607883542776
4,1,846,2021-03-26,55039,0.0016706458,0.001650822814553976,0.675,2.8507234674179927e-05,0.001613117172382772,0.0017176943365484476
4,1,849,2021-03-26,56005,0.0020284425,0.002044114749878645,0.325,3.89604720112402e-05,0.0020111994817852974,0.0021658733021467924
4,1,856,2021-03-26,56021,0.00027425724,0.0002814261242747307,0.34,2.6608158805174753e-05,0.00026440786314196885,0.0003728275478351861
4,1,859,2021-03-26,56029,0.0046418617,0.0049381074495613575,0.36,0.0014886264689266682,0.004277490079402924,0.010667753405869007
4,1,869,2021-12-11,04001,0.006771152,0.006898660212755203,0.405,0.0004639621183741838,0.006371707189828157,0.008168666623532772
4,1,873,2021-12-11,04011,0.00080771063,0.0008419016958214343,0.115,3.413326703594066e-05,0.0007911456050351262,0.0009263997199013829
4,1,876,2021-12-11,04019,0.0055604195,0.005561297759413719,0.125,8.092005714388506e-07,0.005560069344937801,0.005563313141465187
4,1,880,2021-12-11,05027,0.006802495,0.006671231240034103,0.84,0.00010828904487425461,0.006581299938261509,0.007016228977590799
4,1,887,2021-12-11,05069,0.012301066,0.013953554444015026,0.03,0.0009995547588914633,0.012252816930413246,0.015849364921450615
4,1,892,2021-12-11,05099,0.019667644,0.01984170265495777,0.205,0.00018339112284593284,0.019494323059916496,0.020195892080664635
4,1,895,2021-12-11,05147,0.03368261,0.03405476734042168,0.42,0.0027157708536833525,0.02779787965118885,0.038519807159900665
4,1,898,2021-12-11,06007,0.021420274,0.021391086280345917,0.885,4.9371574277756736e-05,0.02119055949151516,0.021432887762784958
4,1,901,2021-12-11,06017,0.046549845,0.04655062034726143,0.095,4.4973666035730275e-07,0.04654944688081741,0.04655134305357933
4,1,905,2021-12-11,06029,0.0021348265,0.0020986669696867466,0.88,3.533573180902749e-05,0.002027844777330756,0.002147773979231715
4,1,912,2021-12-11,06049,0.006458999,0.0064591472037136555,0.09,9.879159961201367e-07,0.006458962801843882,0.0064648049883544445
4,1,917,2021-12-11,06065,0.0009954748,0.0015313888434320688,0.02,0.0006960380123928189,0.0009678832138888538,0.0035599516704678535
4,1,924,2021-12-11,06091,0.02217747,0.02217775210738182,0.285,2.859712822100846e-07,0.022176826372742653,0.02217806875705719
4,1,933,2021-12-11,06113,0.0020846091,0.00230820057913661,0.385,0.0020107822492718697,0.0015407619066536427,0.010977004654705524
4,1,937,2021-12-11,08005,0.0027372534,0.002822051988914609,0.175,5.5390533816535026e-05,0.00266831973567605,0.0028734144289046526
4,1,938,2021-12-11,08009,0.012639644,0.011199148371815681,0.92,0.0006589564145542681,0.010542615316808224,0.013046501204371452
4,1,939,2021-12-11,08013,0.0075264894,0.007526497822254896,0.095,4.653818219679806e-09,0.007526485249400139,0.007526502478867769
4,1,941,2021-12-11,08015,0.004200207,0.0042830565944314,0.215,0.00012221468205098063,0.004142566584050655,0.004631495103240013
4,1,958,2021-12-11,08069,0.0029143037,0.002914244309067726,0.84,4.472774151054182e-08,0.0029141788836568594,0.0029143511783331633
4,1,963,2021-12-11,08081,0.0041921097,0.004192340653389692,0.065,3.87004064350549e-07,0.004192047286778688,0.004193959757685661
4,1,966,2021-12-11,08093,0.12043093,0.120428167283535,0.715,4.873240413871827e-06,0.12041423469781876,0.12043340504169464
4,1,967,2021-12-11,08101,0.05170079,0.05175700783729553,0.39,0.0001628871978027746,0.05131026357412338,0.051934242248535156
4,1,968,2021-12-11,08105,0.008908627,0.00890697818249464,0.545,1.767371031746734e-05,0.008889433927834034,0.008968057110905647
4,1,972,2021-12-11,08121,0.0036260956,0.003203599713742733,0.99,0.00016887005767785013,0.003001033328473568,0.0036756889894604683
4,1,976,2021-12-11,13215,0.0016217967,0.001620022114366293,0.555,1.4807946172368247e-05,0.0016050711274147034,0.0016585222911089659
4,1,982,2021-12-11,16029,0.006543633,0.006521093659102917,0.655,6.204621604410931e-05,0.006308685522526503,0.0065808421932160854
4,1,983,2021-12-11,16031,0.0025108764,0.0025322972796857357,0.31,0.00012894537940155715,0.0024891255889087915,0.0030677567701786757
4,1,985,2021-12-11,16071,0.0047460515,0.004777022171765566,0.215,0.00028158025816082954,0.00473614688962698,0.006211448460817337
4,1,991,2021-12-11,17019,0.008539414,0.01020791381597519,0.205,0.00230378657579422,0.007709766272455454,0.017318397760391235
4,1,1000,2021-12-11,17063,0.011352622,0.013410945422947407,0.255,0.005114425905048847,0.009215708822011948,0.031322579830884933
4,1,1007,2021-12-11,17091,0.012961714,0.018094221130013466,0.14,0.00570488628000021,0.011663945391774178,0.0386585108935833
4,1,1011,2021-12-11,17103,0.010649721,0.01012959610670805,0.54,0.006628102622926235,0.006680854596197605,0.03794587403535843
4,1,1013,2021-12-11,17107,0.006008329,0.006968542002141476,0.245,0.0025050907861441374,0.0052835214883089066,0.015226409770548344
4,1,1017,2021-12-11,17117,0.013817238,0.013721916824579239,0.885,0.00015013833763077855,0.0132409343495965,0.013845175504684448
4,1,1024,2021-12-11,17161,0.012875599,0.01255109068006277,0.55,0.005951098166406155,0.009884826838970184,0.03473544493317604
4,1,1034,2021-12-11,18003,0.008925217,0.011781373992562294,0.045,0.005452231038361788,0.00859981682151556,0.03013746812939644
4,1,1039,2021-12-11,18021,0.01274895,0.010085972025990486,0.68,0.004434959497302771,0.006374281365424395,0.026170972734689713
4,1,1048,2021-12-11,18053,0.007631746,0.008305104449391365,0.27,0.0029609135817736387,0.007522547151893377,0.019101740792393684
4,1,1055,2021-12-11,18087,0.017587133,0.013627719134092331,0.65,0.00736439460888505,0.010417844168841839,0.0414472334086895
4,1,1057,2021-12-11,18095,0.008063885,0.009767299517989159,0.165,0.0030153850093483925,0.0074071153067052364,0.019324136897921562
4,1,1058,2021-12-11,18097,0.005359801,0.00841539353132248,0.025,0.003502362407743931,0.005212044343352318,0.019123971462249756
4,1,1068,2021-12-11,18131,0.015137925,0.015160271897912025,0.5,0.007645085919648409,0.009067417122423649,0.03880499303340912
4,1,1075,2021-12-11,18169,0.011607328,0.014757637865841389,0.27,0.00511714955791831,0.009762119501829147,0.029574204236268997
4,1,1077,2021-12-11,18177,0.020765508,0.017146632075309753,0.74,0.004252638667821884,0.013613621704280376,0.03197220712900162
4,1,1082,2021-12-11,19003,0.026350178,0.026656292378902435,0.445,0.002906734123826027,0.024259688332676888,0.0353437215089798
4,1,1089,2021-12-11,19017,0.034418397,0.03236697241663933,0.63,0.005986711475998163,0.025830818340182304,0.04968485236167908
4,1,1104,2021-12-11,19047,0.02378568,0.023988310247659683,0.465,0.0023067209403961897,0.0210993941873312,0.029541760683059692
4,1,1105,2021-12-11,19049,0.026675295,0.029522404074668884,0.385,0.007398707792162895,0.021048156544566154,0.049025144428014755
4,1,1110,2021-12-11,19059,0.012020445,0.009265114553272724,0.865,0.002014025580137968,0.0071830786764621735,0.01522691547870636
4,1,1111,2021-12-11,19061,0.02817322,0.03271057456731796,0.165,0.006959627848118544,0.025797083973884583,0.052441537380218506
4,1,1117,2021-12-11,19075,0.030458149,0.030313188210129738,0.505,0.006616372615098953,0.02348906546831131,0.049502138048410416
4,1,1127,2021-12-11,19099,0.03683556,0.03722891956567764,0.325,0.001194697106257081,0.03623327985405922,0.04247546195983887
4,1,1128,2021-12-11,19101,0.018452354,0.018717417493462563,0.39,0.0032390293199568987,0.018169259652495384,0.034376077353954315
4,1,1133,2021-12-11,19113,0.018282918,0.02235708385705948,0.145,0.006372532807290554,0.01666351594030857,0.042212460190057755
4,1,1135,2021-12-11,19117,0.023634486,0.024005571380257607,0.41,0.002656423021107912,0.023054614663124084,0.03448762744665146
4,1,1136,2021-12-11,19119,0.003650923,0.003605040255934,0.55,0.0005789757706224918,0.0030538185965269804,0.005591400898993015
4,1,1140,2021-12-11,19127,0.031736005,0.03190857917070389,0.49,0.00966556090861559,0.024019308388233185,0.05818980932235718
4,1,1142,2021-12-11,19131,0.06590483,0.07115039974451065,0.18,0.005239082965999842,0.05632110685110092,0.07810192555189133
4,1,1152,2021-12-11,19153,0.018405033,0.024271927773952484,0.025,0.007684739306569099,0.018069496378302574,0.0473315492272377
4,1,1155,2021-12-11,19159,0.029245907,0.029499894008040428,0.365,0.0004440180491656065,0.02891773357987404,0.030722852796316147
4,1,1157,2021-12-11,19163,0.011351209,0.013781198300421238,0.105,0.005089246202260256,0.011030476540327072,0.0341438427567482
4,1,1163,2021-12-11,19175,0.03283309,0.031205330044031143,0.595,0.004356427118182182,0.026370352134108543,0.04515022411942482
4,1,1165,2021-12-11,19179,0.020461537,0.020884988829493523,0.31,0.002542597707360983,0.020334802567958832,0.035684261471033096
4,1,1180,2021-12-11,20013,0.023149243,0.03463153541088104,0.065,0.006244923919439316,0.020855866372585297,0.04246075451374054
4,1,1181,2021-12-11,20015,0.02464995,0.013662642799317837,0.94,0.005179156083613634,0.008725928142666817,0.029213417321443558
4,1,1182,2021-12-11,20017,0.08038327,0.08458057790994644,0.335,0.006206227000802755,0.07131564617156982,0.09380295127630234
4,1,1184,2021-12-11,20027,0.046868917,0.02983817830681801,0.945,0.008056952618062496,0.020714446902275085,0.05073951557278633
4,1,1191,2021-12-11,20051,0.07479047,0.07944119721651077,0.005,0.0017084069550037384,0.07451371848583221,0.08130302280187607
4,1,1192,2021-12-11,20053,0.054966968,0.03664347529411316,0.96,0.0076852948404848576,0.029946893453598022,0.059826161712408066
4,1,1197,2021-12-11,20065,0.10086164,0.1033584475517273,0.02,0.0007825790671631694,0.10056521743535995,0.10406123846769333
4,1,1202,2021-12-11,20079,0.035694305,0.030924402177333832,0.66,0.00777850579470396,0.021260667592287064,0.05136106535792351
4,1,1205,2021-12-11,20087,0.024839476,0.028433939442038536,0.265,0.003746583592146635,0.017966298386454582,0.03236948326230049
4,1,1209,2021-12-11,20103,0.0066774064,0.006043681409209967,0.71,0.001214837422594428,0.005662654992192984,0.011238062754273415
4,1,1219,2021-12-11,20127,0.024444262,0.030316440388560295,0.16,0.004829018842428923,0.023488283157348633,0.03825889155268669
4,1,1238,2021-12-11,20171,0.04998985,0.050661806017160416,0.005,0.0003434342215768993,0.04996825382113457,0.051169201731681824
4,1,1243,2021-12-11,20181,0.0113721,0.009503861889243126,0.985,0.0006724355625919998,0.00880370195955038,0.01145139429718256
4,1,1249,2021-12-11,20197,0.10347216,0.12193584442138672,0.105,0.010536701418459415,0.09548444300889969,0.1328430026769638
4,1,1250,2021-12-11,20199,0.025009256,0.024297304451465607,0.97,0.00021070333605166525,0.024173110723495483,0.025290848687291145
4,1,1252,2021-12-11,20203,0.13730623,0.14109189808368683,0.095,0.002156596165150404,0.13535553216934204,0.143824964761734
4,1,1254,2021-12-11,20209,0.018958904,0.017977209761738777,0.905,0.001346771139651537,0.01420973613858223,0.01921817846596241
4,1,1256,2021-12-11,21011,0.008571617,0.006455454044044018,0.69,0.0034560253843665123,0.0038797708693891764,0.018394457176327705
4,1,1257,2021-12-11,21021,0.011639807,0.012246432714164257,0.295,0.000734543486032635,0.011253217235207558,0.01363664772361517
4,1,1267,2021-12-11,21079,0.0056735156,0.005785695277154446,0.335,0.0010030564153566957,0.005510319955646992,0.010040112771093845
4,1,1274,2021-12-11,21129,0.004238794,0.0038727223873138428,0.59,0.0014638225547969341,0.002992917550727725,0.008731120266020298
4,1,1283,2021-12-11,21165,0.053233977,0.05315723270177841,0.55,0.00044440236524678767,0.05225500091910362,0.05372265726327896
4,1,1293,2021-12-11,21205,0.003891439,0.004343710839748383,0.425,0.003355508903041482,0.0025941214989870787,0.015516489744186401
4,1,1299,2021-12-11,21231,0.006346542,0.006350584328174591,0.485,8.865058043738827e-05,0.006204329896718264,0.006487688515335321
4,1,1305,2021-12-11,23003,0.0041886335,0.004153844900429249,0.535,0.0008975056116469204,0.003711685538291931,0.007922938093543053
4,1,1311,2021-12-11,25021,0.005686539,0.0065572429448366165,0.31,0.003539453027769923,0.005015592090785503,0.02191503904759884
4,1,1318,2021-12-11,26009,0.13181025,0.13870933651924133,0.405,0.027069397270679474,0.06761212646961212,0.16439461708068848
4,1,1324,2021-12-11,26027,0.10167559,0.1046125739812851,0.305,0.004304712638258934,0.09091972559690475,0.10798978060483932
4,1,1325,2021-12-11,26029,0.04518697,0.05680149793624878,0.345,0.01659722998738289,0.025721577927470207,0.07850038260221481
4,1,1328,2021-12-11,26039,0.048954524,0.05635148659348488,0.385,0.012415160425007343,0.029743514955043793,0.0699787512421608
4,1,1330,2021-12-11,26043,0.022281094,0.02346113882958889,0.225,0.0013998664217069745,0.0179897490888834,0.024470780044794083
4,1,1334,2021-12-11,26053,0.020263001,0.030279114842414856,0.01,0.005443916656076908,0.020259778946638107,0.03749123215675354
4,1,1335,2021-12-11,26055,0.01962943,0.021436039358377457,0.385,0.016552018001675606,0.012207123450934887,0.0865568295121193
4,1,1336,2021-12-11,26059,0.018739572,0.010441891849040985,0.795,0.00872863084077835,0.005897354334592819,0.04682578891515732
4,1,1350,2021-12-11,26093,0.026953492,0.02442563697695732,0.73,0.004372246563434601,0.014903372153639793,0.02879752404987812
4,1,1351,2021-12-11,26097,0.09548861,0.09519211947917938,0.715,0.0006405756575986743,0.09153780341148376,0.0958298072218895
4,1,1361,2021-12-11,26121,0.009672885,0.010720760561525822,0.42,0.0111919604241848,0.008869868703186512,0.058314524590969086
4,1,1368,2021-12-11,26139,0.0070262114,0.008040538057684898,0.11,0.008641564287245274,0.006719581317156553,0.047131363302469254
4,1,1370,2021-12-11,26143,0.20853338,0.2528800070285797,0.05,0.016563493758440018,0.17652717232704163,0.25854992866516113
4,1,1382,2021-12-11,27015,0.007836521,0.006581073626875877,0.9,0.0008197128772735596,0.005593619775027037,0.010133899748325348
4,1,1389,2021-12-11,27043,0.02023687,0.017779894173145294,0.75,0.003039674134925008,0.013887052424252033,0.028035929426550865
4,1,1396,2021-12-11,27067,0.0028046512,0.0028331573121249676,0.255,0.0001805521169444546,0.0027997002471238375,0.0036049257032573223
4,1,1399,2021-12-11,27083,0.0060820105,0.00550870830193162,0.7,0.0008917708764784038,0.004555078223347664,0.008588282391428947
4,1,1405,2021-12-11,27105,0.004176206,0.0038627723697572947,0.64,0.0009244015673175454,0.0029684207402169704,0.007020197808742523
4,1,1411,2021-12-11,27131,0.015693814,0.013518912717700005,0.645,0.004362494684755802,0.009976986795663834,0.02856462635099888
4,1,1414,2021-12-11,27141,0.0036958624,0.004487710073590279,0.3,0.002618464408442378,0.0030059784185141325,0.013058466836810112
4,1,1420,2021-12-11,27165,0.010258825,0.008943449705839157,0.8,0.0014664261834695935,0.007439374458044767,0.014326514676213264
4,1,1423,2021-12-11,27173,0.0056695,0.005398816429078579,0.65,0.0007721324800513685,0.0047848825342953205,0.008150964044034481
4,1,1429,2021-12-11,29019,0.0030609653,0.0029227903578430414,0.585,0.000669082161039114,0.0024871183559298515,0.005261510144919157
4,1,1438,2021-12-11,29049,0.015043878,0.01017423253506422,0.96,0.001947814249433577,0.008715939708054066,0.016764655709266663
4,1,1441,2021-12-11,29063,0.015981786,0.0182658638805151,0.06,0.0014241972239688039,0.015855994075536728,0.02053309604525566
4,1,1442,2021-12-11,29065,0.0019704546,0.001787747023627162,0.885,0.0001151899341493845,0.0016676902305334806,0.0021730344742536545
4,1,1446,2021-12-11,29073,0.0076800524,0.007698241621255875,0.31,3.596668102545664e-05,0.0076187714003026485,0.007812859490513802
4,1,1466,2021-12-11,29155,0.15134023,0.15145161747932434,0.48,0.0020793313160538673,0.14590111374855042,0.15426354110240936
4,1,1470,2021-12-11,29165,0.015383508,0.015574216842651367,0.46,0.000981420511379838,0.013935167342424393,0.016883425414562225
4,1,1472,2021-12-11,29169,0.0017631972,0.0015887704212218523,0.84,0.000122627112432383,0.0014470303431153297,0.001975575927644968
4,1,1473,2021-12-11,29171,0.031328816,0.019690116867423058,0.97,0.0038685211911797523,0.016840873286128044,0.03401521220803261
4,1,1474,2021-12-11,29173,0.004222066,0.004487849771976471,0.375,0.001089728670194745,0.0036737797781825066,0.00831946823745966
4,1,1475,2021-12-11,29175,0.0038036034,0.0033951704390347004,0.665,0.0007075263420119882,0.0028151266742497683,0.006163855083286762
4,1,1477,2021-12-11,29179,0.012936348,0.012984609231352806,0.2,4.227499448461458e-05,0.01288935262709856,0.013042591512203217
4,1,1484,2021-12-11,29215,0.005995905,0.0059911650605499744,0.615,1.2158294339315034e-05,0.0059677897952497005,0.006033559795469046
4,1,1491,2021-12-11,30097,0.0005360482,0.0005355568137019873,0.835,4.4161399159747816e-07,0.0005347804981283844,0.0005365530960261822
4,1,1496,2021-12-11,32023,0.0040144073,0.004014533944427967,0.285,2.724129046782764e-07,0.004014309495687485,0.0040156044997274876
4,1,1499,2021-12-11,35003,0.0025713192,0.0027724895626306534,0.275,0.0002835039922501892,0.002407748019322753,0.003512132680043578
4,1,1500,2021-12-11,35005,0.00062418863,0.0006252934690564871,0.105,6.47120771191112e-07,0.00062372483080253,0.0006265703123062849
4,1,1503,2021-12-11,35015,0.00067360146,0.0006746297003701329,0.34,1.992622401303379e-06,0.0006697962526232004,0.0006797349778935313
4,1,1506,2021-12-11,35027,0.0024862662,0.0023651854135096073,0.95,6.168166873976588e-05,0.0022910202387720346,0.002513066167011857
4,1,1508,2021-12-11,35029,0.0050039776,0.005004048813134432,0.265,1.1074323680304587e-07,0.005003913305699825,0.005004315637052059
4,1,1521,2021-12-11,36003,0.0066511845,0.008345026522874832,0.395,0.00774781871587038,0.004954484757035971,0.0370398610830307
4,1,1524,2021-12-11,36013,0.019422371,0.014484869316220284,0.745,0.008125337772071362,0.010107472538948059,0.04199773818254471
4,1,1527,2021-12-11,36027,0.0054894583,0.005225955508649349,0.585,0.002500005764886737,0.004769668914377689,0.018612971529364586
4,1,1528,2021-12-11,36029,0.008652284,0.008688806556165218,0.495,0.006045432761311531,0.007831001654267311,0.03848249465227127
4,1,1534,2021-12-11,36041,0.23695904,0.23348522186279297,0.57,0.021673990413546562,0.17326602339744568,0.25733402371406555
4,1,1542,2021-12-11,36059,0.0024778165,0.0029248243663460016,0.105,0.0006961789331398904,0.002401237841695547,0.005151671357452869
4,1,1554,2021-12-11,36097,0.025288967,0.02547767199575901,0.29,0.00048692707787267864,0.025162607431411743,0.028358593583106995
4,1,1558,2021-12-11,36113,0.007879214,0.012368744239211082,0.3,0.014903765171766281,0.004415345843881369,0.05930435657501221
4,1,1559,2021-12-11,36115,0.0057831067,0.0084538534283638,0.35,0.010794817470014095,0.003335745772346854,0.05733169615268707
4,1,1565,2021-12-11,37067,0.0025918726,0.0026000994257628918,0.135,4.350312156020664e-05,0.002586705144494772,0.0028224876150488853
4,1,1569,2021-12-11,37159,0.0017368114,0.0017014717450365424,0.795,2.8120060960645787e-05,0.0016881268238648772,0.0018287338316440582
4,1,1572,2021-12-11,39015,0.007840443,0.006294845603406429,0.66,0.004187603481113911,0.003722056047990918,0.02378014288842678
4,1,1575,2021-12-11,39037,0.020488784,0.0156269334256649,0.8,0.004407212138175964,0.011692231521010399,0.02929711900651455
4,1,1576,2021-12-11,39039,0.011735142,0.01361831370741129,0.335,0.006490793544799089,0.009682930074632168,0.03757883608341217
4,1,1581,2021-12-11,39055,0.011224581,0.011097301729023457,0.52,0.006725197657942772,0.009159884415566921,0.04567625746130943
4,1,1586,2021-12-11,39089,0.008699816,0.008964808657765388,0.49,0.006518215406686068,0.005755887366831303,0.03346431627869606
4,1,1601,2021-12-11,39157,0.005847103,0.005875094328075647,0.5,0.005081580951809883,0.005238266661763191,0.028469394892454147
4,1,1602,2021-12-11,39161,0.015850589,0.016947709023952484,0.395,0.005592091009020805,0.013349573127925396,0.0356108583509922
4,1,1608,2021-12-11,40043,0.014886667,0.016009436920285225,0.37,0.0028756754472851753,0.012791895307600498,0.023227404803037643
4,1,1611,2021-12-11,40071,0.010814687,0.009279408492147923,0.675,0.0019755621906369925,0.007377555128186941,0.015688376501202583
4,1,1616,2021-12-11,40139,0.008530657,0.008303388953208923,0.905,0.00010920725617324933,0.008196848444640636,0.008627139963209629
4,1,1619,2021-12-11,41011,0.009121035,0.009315023198723793,0.235,0.0003283975529484451,0.00900320801883936,0.010558740235865116
4,1,1623,2021-12-11,42003,0.002732131,0.004358723759651184,0.01,0.0032211856450885534,0.0027079053688794374,0.018198540434241295
4,1,1629,2021-12-11,44003,0.010936826,0.010520903393626213,0.525,0.008425053209066391,0.0067025404423475266,0.04670150578022003
4,1,1630,2021-12-11,44007,0.007773914,0.009145738556981087,0.395,0.007050369866192341,0.005636673420667648,0.038357920944690704
4,1,1646,2021-12-11,46035,0.0023885444,0.002387025859206915,0.615,3.740278771147132e-06,0.00238107074983418,0.0023936715442687273
4,1,1652,2021-12-11,46047,0.0004097335,0.0004087258712388575,0.81,7.820362952770665e-07,0.0004074934695381671,0.0004107275453861803
4,1,1655,2021-12-11,46053,0.005479918,0.005475706420838833,0.81,4.435814389580628e-06,0.005469076801091433,0.005483462009578943
4,1,1659,2021-12-11,46061,0.0027018148,0.002700015902519226,0.625,5.053773293184349e-06,0.0026935304049402475,0.0027132120449095964
4,1,1660,2021-12-11,46063,0.0017685026,0.001771450275555253,0.205,5.0805401770048775e-06,0.0017666484927758574,0.0017895700875669718
4,1,1661,2021-12-11,46065,0.00087947363,0.0008789617568254471,0.775,4.594155313952797e-07,0.0008781902724877,0.0008799938950687647
4,1,1673,2021-12-11,46089,0.0008456587,0.0008452055626548827,0.785,6.43019006929535e-07,0.000844272319227457,0.000847172923386097
4,1,1674,2021-12-11,46091,0.0022581837,0.002258592750877142,0.45,3.5083053262496833e-06,0.0022550784051418304,0.002274918369948864
4,1,1679,2021-12-11,46101,0.003350214,0.0027299346402287483,0.89,0.0004333514079917222,0.002360481536015868,0.004246626049280167
4,1,1686,2021-12-11,46119,0.000666504,0.000666608742903918,0.43,3.1478160167353053e-07,0.0006660367944277823,0.0006674060714431107
4,1,1692,2021-12-11,46137,0.0007253753,0.0007253595977090299,0.57,2.232317086736657e-07,0.000725087767932564,0.0007264184532687068
4,1,1697,2021-12-11,47037,0.05474863,0.05386209860444069,0.985,0.0008299787295982242,0.05168542638421059,0.054875560104846954
4,1,1698,2021-12-11,47043,0.008637252,0.007117697969079018,0.81,0.0011635076953098178,0.005843553692102432,0.010264569893479347
4,1,1700,2021-12-11,47047,0.012270229,0.012232715263962746,0.51,0.0014220144366845489,0.010084736160933971,0.01551012322306633
4,1,1701,2021-12-11,47051,0.00287415,0.0028760640416294336,0.49,8.559410343877971e-05,0.0027803212869912386,0.0030975292902439833
4,1,1704,2021-12-11,47061,0.004908396,0.004876784048974514,0.575,8.898697706172243e-05,0.004767688922584057,0.005116081330925226
4,1,1713,2021-12-11,47095,0.02705297,0.029265878722071648,0.175,0.0020097193773835897,0.024911869317293167,0.03256212919950485
4,1,1715,2021-12-11,47107,0.0037980732,0.0037999008782207966,0.435,1.1454989362391643e-05,0.0037914258427917957,0.0038382625207304955
4,1,1726,2021-12-11,47151,0.0031301118,0.003237735480070114,0.38,0.00033491128124296665,0.0028818214777857065,0.004088288638740778
4,1,1728,2021-12-11,47157,0.012624257,0.012081502005457878,0.955,0.0002452115877531469,0.011702514253556728,0.012742762453854084
4,1,1736,2021-12-11,48065,0.027758285,0.02768295258283615,0.975,2.5297038519056514e-05,0.027663514018058777,0.027773061767220497
4,1,1738,2021-12-11,48109,0.0005010464,0.0005019570235162973,0.165,1.0948547242151108e-06,0.0005007349536754191,0.0005049154278822243
4,1,1740,2021-12-11,48117,0.005632046,0.005409673787653446,0.77,0.00019650824833661318,0.0051882946863770485,0.005940188188105822
4,1,1742,2021-12-11,48195,0.011738187,0.011515913531184196,0.955,0.00010097301856148988,0.011401446536183357,0.011782211251556873
4,1,1750,2021-12-11,48369,0.0042029517,0.004197593778371811,0.505,0.00010001590999308974,0.004071780946105719,0.004441979341208935
4,1,1762,2021-12-11,49035,0.0017968338,0.0017844175454229116,0.975,1.01559735412593e-05,0.0017575251404196024,0.0017973020439967513
4,1,1763,2021-12-11,49045,0.008351215,0.008343279361724854,0.57,2.9319737222976983e-05,0.008260386995971203,0.008371465839445591
4,1,1768,2021-12-11,50005,0.006466144,0.007725635543465614,0.325,0.005022961646318436,0.0048509202897548676,0.02688317745923996
4,1,1769,2021-12-11,50007,0.0040156613,0.004361302591860294,0.05,0.0030623176135122776,0.004012429621070623,0.019088175147771835
4,1,1777,2021-12-11,50023,0.007491949,0.011002803221344948,0.235,0.011596597731113434,0.006428839173167944,0.051852528005838394
4,1,1785,2021-12-11,53021,0.00076434924,0.0008393909083679318,0.05,0.00011165120668010786,0.0007563294493593276,0.001231618458405137
4,1,1787,2021-12-11,53073,0.02895396,0.028950035572052002,0.92,2.135847807949176e-06,0.02894679270684719,0.02895612083375454
4,1,1791,2021-12-11,54075,0.00477986,0.005843707825988531,0.375,0.00485729705542326,0.0031658257357776165,0.022820811718702316
4,1,1796,2021-12-11,55017,0.020623138,0.024682991206645966,0.155,0.0034552474971860647,0.01298801600933075,0.02783738076686859
4,1,1799,2021-12-11,55023,0.022695689,0.028096899390220642,0.12,0.006121230777353048,0.02165920101106167,0.046150606125593185
4,1,1805,2021-12-11,55039,0.02221743,0.022682972252368927,0.35,0.0018030294449999928,0.02147555537521839,0.029308129101991653
4,1,1806,2021-12-11,55043,0.023267375,0.027025841176509857,0.2,0.005527523811906576,0.021573547273874283,0.04432832822203636
4,1,1807,2021-12-11,55045,0.011659352,0.01385160069912672,0.11,0.006592902820557356,0.011104942299425602,0.03942437097430229
4,1,1818,2021-12-11,55075,0.0384358,0.03866242989897728,0.04,7.624277350259945e-05,0.038359325379133224,0.03877553716301918
4,1,1824,2021-12-11,55089,0.023335705,0.022552672773599625,0.56,0.0060114688239991665,0.008103708736598492,0.027852321043610573
4,1,1827,2021-12-11,55097,0.014987835,0.014610538259148598,0.975,0.0002476307563483715,0.01415292825549841,0.016297204419970512
4,1,1835,2021-12-11,55123,0.025493301,0.029248468577861786,0.075,0.003950200043618679,0.024487612769007683,0.04365025460720062
4,1,1836,2021-12-11,55125,0.27558663,0.29840898513793945,0.125,0.014158554375171661,0.24825304746627808,0.30496105551719666
4,1,1839,2021-12-11,55133,0.01926869,0.015922680497169495,1.0,0.003447247203439474,0.008154529146850109,0.0192391499876976
4,1,1844,2021-12-11,56005,0.0031080805,0.003104079980403185,0.675,1.1461790563771501e-05,0.0030722615774720907,0.003113548969849944
4,1,1849,2021-12-11,56021,0.0033291543,0.0033264942467212677,0.705,3.2603445561107947e-06,0.00332112074829638,0.0033325126860290766
4,1,1851,2021-12-11,56029,0.0004514517,0.000451482308562845,0.23,2.948070942920822e-08,0.0004514256725087762,0.0004515723849181086
4,1,1857,2022-06-08,01023,0.003227058,0.003227455075830221,0.26,7.04748686075618e-07,0.0032255768310278654,0.0032288292422890663
4,1,1859,2022-06-08,01045,0.00308608,0.0030431929044425488,0.76,5.116681131767109e-05,0.002964962041005492,0.00315365893766284
4,1,1866,2022-06-08,05011,0.057337865,0.057342592626810074,0.04,3.963004928664304e-06,0.057335320860147476,0.05735214799642563
4,1,1873,2022-06-08,05149,0.05551335,0.05550920218229294,0.69,8.153981980285607e-06,0.05549165606498718,0.05552350729703903
4,1,1875,2022-06-08,06017,0.01078546,0.010771018452942371,0.73,2.6617648472893052e-05,0.01070493645966053,0.010803446173667908
4,1,1876,2022-06-08,06029,0.0060476153,0.006047757342457771,0.03,9.371298403948458e-08,0.006047592964023352,0.006047963164746761
4,1,1882,2022-06-08,06091,0.0063677216,0.006404101848602295,0.44,0.00014213404210750014,0.006258554290980101,0.006762463133782148
4,1,1884,2022-06-08,08009,0.003742048,0.0037221331149339676,0.635,3.5857505281455815e-05,0.0036717462353408337,0.0037947571836411953
4,1,1890,2022-06-08,08101,0.008489944,0.008489497005939484,0.635,7.195241096269456e-07,0.008488566614687443,0.008491192013025284
4,1,1894,2022-06-08,12031,0.002963052,0.002962763188406825,0.515,6.618377028644318e-06,0.0029520958196371794,0.0029784520156681538
4,1,1903,2022-06-08,13229,0.002377056,0.0024238000623881817,0.125,3.612935688579455e-05,0.0023618913255631924,0.0024841148406267166
4,1,1905,2022-06-08,16039,0.0102199,0.010220475494861603,0.165,6.84763335812022e-07,0.010219338349997997,0.010222145356237888
4,1,1906,2022-06-08,17019,0.0026865907,0.0027004790026694536,0.145,1.213368886965327e-05,0.0026660675648599863,0.0027362527325749397
4,1,1913,2022-06-08,17117,0.0034648576,0.0034641313832253218,0.575,4.076896402693819e-06,0.003458347637206316,0.0034777759574353695
4,1,1922,2022-06-08,18095,0.001988988,0.0019997020717710257,0.025,1.0652756827767007e-05,0.0019869219977408648,0.002038858365267515
4,1,1925,2022-06-08,18177,0.0032654763,0.003241689410060644,0.8,1.9626359062385745e-05,0.003219091799110174,0.0032863488886505365
4,1,1931,2022-06-08,19163,0.0042250324,0.004224325530230999,0.585,6.740051048836904e-06,0.0042154015973210335,0.004250627011060715
4,1,1933,2022-06-08,19175,0.031074977,0.031081337481737137,0.39,1.047050318447873e-05,0.031062064692378044,0.031100256368517876
4,1,1934,2022-06-08,21015,0.0056193285,0.0056127263233065605,1.0,4.337725385994418e-06,0.005598409101366997,0.0056189727038145065
4,1,1938,2022-06-08,21117,0.012389054,0.012376254424452782,0.9,1.0297229891875759e-05,0.012345725670456886,0.012393426150083542
4,1,1941,2022-06-08,22051,0.0067245513,0.006824004463851452,0.14,0.00010667374590411782,0.006691756658256054,0.0070993369445204735
4,1,1945,2022-06-08,23025,0.0017324729,0.0017247283831238747,0.59,2.5367682610522024e-05,0.0016928015975281596,0.0017952293856069446
4,1,1949,2022-06-08,24017,0.0027243097,0.0027257269248366356,0.08,8.042493391258176e-07,0.0027241897769272327,0.0027267984114587307
4,1,1952,2022-06-08,24031,0.0006003327,0.00059234828222543,0.94,4.755503141495865e-06,0.0005828679422847927,0.0006014316459186375
4,1,1955,2022-06-08,26027,0.0030837012,0.0030835247598588467,0.64,3.573326807781996e-07,0.003082891460508108,0.0030843771528452635
4,1,1961,2022-06-08,28021,0.009647729,0.009644139558076859,0.68,4.797042038262589e-06,0.009635177440941334,0.009653856046497822
4,1,1969,2022-06-08,28089,0.00777932,0.007785240188241005,0.11,4.131426521780668e-06,0.00777605501934886,0.007792408112436533
4,1,1975,2022-06-08,28149,0.008708664,0.008707292377948761,0.61,3.7922470710327616e-06,0.008702611550688744,0.008719167672097683
4,1,1980,2022-06-08,29015,0.0032237154,0.0032319454476237297,0.09,7.093439307936933e-06,0.0032215227838605642,0.0032493306789547205
4,1,1981,2022-06-08,29019,0.0031307747,0.0031612736638635397,0.13,4.322027598391287e-05,0.003094817977398634,0.0033019864931702614
4,1,1984,2022-06-08,29049,0.0029605413,0.0029836627654731274,0.32,3.7145684473216534e-05,0.0029266225174069405,0.003072574036195874
4,1,1997,2022-06-08,29165,0.025018584,0.025007836520671844,0.77,1.3525310350814834e-05,0.024974312633275986,0.025031086057424545
4,1,2005,2022-06-08,32005,0.0065280595,0.006722917780280113,0.115,0.0001992037141462788,0.006471981760114431,0.0071850987151265144
4,1,2009,2022-06-08,32015,0.010691516,0.0106929000467062,0.19,1.9263250123913167e-06,0.0106909004971385,0.010698185302317142
4,1,2016,2022-06-08,34007,0.0014079001,0.001456085592508316,0.26,5.9050256822956726e-05,0.0013489981647580862,0.0015718642389401793
4,1,2021,2022-06-08,35003,6.222018e-05,6.216872134245932e-05,0.565,2.833217820352729e-07,6.159247277537361e-05,6.284359551500529e-05
4,1,2033,2022-06-08,37049,0.004775045,0.004627993330359459,0.83,0.0001345281780231744,0.004404696170240641,0.004925535060465336
4,1,2036,2022-06-08,37061,0.0043063737,0.004163139499723911,0.825,0.00012634765880648047,0.0039521087892353535,0.004420730751007795
4,1,2039,2022-06-08,37119,0.00090545404,0.0009072358952835202,0.17,1.324260438195779e-06,0.0009040919248946011,0.0009095249697566032
4,1,2046,2022-06-08,37153,0.0017460962,0.0017501575639471412,0.2,6.529309303004993e-06,0.0017349951667711139,0.001769578899256885
4,1,2049,2022-06-08,39009,0.033805992,0.033795326948165894,0.865,8.25922325020656e-06,0.033777859061956406,0.03381107747554779
4,1,2051,2022-06-08,39015,0.012818665,0.01279696449637413,0.825,1.849981890700292e-05,0.012764940969645977,0.012828277423977852
4,1,2058,2022-06-08,39037,0.0007691346,0.000773840059991926,0.16,3.6680214634543518e-06,0.0007663228316232562,0.0007820422179065645
4,1,2066,2022-06-08,39073,0.015620582,0.015615556389093399,0.605,1.3008950190851465e-05,0.015588846988976002,0.015640733763575554
4,1,2067,2022-06-08,39083,0.0021541547,0.002154160523787141,0.495,1.0442615803185618e-06,0.0021519199945032597,0.002155920723453164
4,1,2091,2022-06-08,40071,0.0020952432,0.0021391515620052814,0.04,2.6143939976464026e-05,0.0020808186382055283,0.0021867509931325912
4,1,2092,2022-06-08,40081,0.057797614,0.05787816271185875,0.145,5.249813693808392e-05,0.05771630257368088,0.05792338401079178
4,1,2093,2022-06-08,40097,0.00391482,0.003909795545041561,0.63,9.53213657339802e-06,0.00389172718860209,0.003929629921913147
4,1,2094,2022-06-08,40103,0.0132575305,0.013250112533569336,0.675,1.1676392205117736e-05,0.01323450356721878,0.01328563317656517
4,1,2099,2022-06-08,40131,0.003802938,0.0038030860014259815,0.495,1.314862493018154e-05,0.003774160984903574,0.003828232642263174
4,1,2101,2022-06-08,40139,0.0023741696,0.002376343822106719,0.465,2.3574391889269464e-05,0.0023388774134218693,0.0024448500480502844
4,1,2106,2022-06-08,42007,0.0016631142,0.0016639261739328504,0.435,3.821317477559205e-06,0.0016578586073592305,0.0016724159941077232
4,1,2113,2022-06-08,45053,0.0019953684,0.0020555774681270123,0.15,4.190810432191938e-05,0.001968461088836193,0.002110455883666873
4,1,2115,2022-06-08,45079,0.0012107345,0.001212454866617918,0.46,1.1323562830511946e-05,0.0011918300297111273,0.0012310337042436004
4,1,2124,2022-06-08,46035,0.0037238488,0.0037137034814804792,0.665,1.6846757716848515e-05,0.0036838834639638662,0.0037377779372036457
4,1,2128,2022-06-08,46053,0.0017882043,0.00176720111630857,0.885,2.109950946760364e-05,0.0017326935194432735,0.001794683514162898
4,1,2131,2022-06-08,46063,0.031023925,0.031089140102267265,0.215,7.464723603334278e-05,0.030950872227549553,0.03123018704354763
4,1,2132,2022-06-08,46065,0.0022838546,0.0022511393763124943,0.775,2.9726286811637692e-05,0.002204741118475795,0.0022984195966273546
4,1,2148,2022-06-08,46119,0.002500913,0.0024847271852195263,0.595,3.388426921446808e-05,0.0024301439989358187,0.0025508308317512274
4,1,2154,2022-06-08,48065,0.043774825,0.04377119988203049,0.95,2.1589007701550145e-06,0.0437680222094059,0.043775252997875214
4,1,2157,2022-06-08,48087,0.002762654,0.002765767741948366,0.35,8.345939932041802e-06,0.0027499969583004713,0.0027821888215839863
4,1,2161,2022-06-08,48117,0.007656122,0.007655628025531769,0.585,1.0811316997205722e-06,0.007653405889868736,0.007657988462597132
4,1,2162,2022-06-08,48125,0.002808325,0.002806341741234064,0.97,1.2241474678376107e-06,0.0028035612776875496,0.002808857010677457
4,1,2168,2022-06-08,48195,0.14833269,0.14833632111549377,0.14,2.410632077953778e-06,0.1483311653137207,0.1483396589756012
4,1,2175,2022-06-08,48303,0.0015689364,0.0015451472718268633,0.895,2.0198956917738542e-05,0.0015038560377433896,0.001580424839630723
4,1,2188,2022-06-08,51003,0.0024631189,0.0024661170318722725,0.375,9.578648132446688e-06,0.0024478815030306578,0.0024867437314242125
4,1,2190,2022-06-08,51015,0.0020384416,0.00210232543759048,0.25,7.93265353422612e-05,0.0019577841740101576,0.00227335118688643
4,1,2192,2022-06-08,51047,0.0010247534,0.0010290435748174787,0.185,4.607746177498484e-06,0.0010198806412518024,0.0010396166471764445
4,1,2204,2022-06-08,51127,0.013414052,0.013400871306657791,0.89,8.289513971249107e-06,0.013389361090958118,0.013414973393082619
4,1,2207,2022-06-08,51149,0.0011930993,0.0011950351763516665,0.42,1.2413156582624651e-05,0.001167651847936213,0.0012254527537152171
4,1,2209,2022-06-08,51157,0.0024021973,0.0024031931534409523,0.38,2.3543373117718147e-06,0.002400527708232403,0.0024098996073007584
4,1,2223,2022-06-08,54053,0.0031486202,0.0031344308517873287,0.94,1.0200759788858704e-05,0.0031114823650568724,0.0031494772993028164
4,1,2229,2022-06-08,54091,0.049696017,0.04967191442847252,0.895,1.861703822214622e-05,0.0496295690536499,0.04970286041498184
4,1,2232,2022-06-08,54107,0.0066322605,0.006629276089370251,0.545,1.4324535186460707e-05,0.006610904820263386,0.006659540347754955
4,1,2236,2022-06-08,55133,0.004302995,0.0042981943115592,0.605,2.4062272132141516e-05,0.004250532481819391,0.004358560778200626
4,1,2237,2022-06-08,56005,0.00159338,0.0016012066043913364,0.315,1.122369030781556e-05,0.0015827449969947338,0.0016231263289228082
4,1,2238,2022-06-08,56021,0.00042849896,0.0004284605965949595,0.515,7.027350648058928e-07,0.00042634119745343924,0.00042940364801324904
4,1,2245,2024-02-27,04001,0.0016939044,0.0017867342103272676,0.405,0.0002804687828756869,0.0014657791471108794,0.002589937997981906
4,1,2250,2024-02-27,06017,0.009199378,0.00919654592871666,0.905,1.7040508737409255e-06,0.009193639270961285,0.009200829081237316
4,1,2253,2024-02-27,06029,0.000936931,0.0010447138920426369,0.03,0.00012453531962819397,0.0009228487033396959,0.0013890786794945598
4,1,2263,2024-02-27,06065,0.00058760925,0.0006109727546572685,0.01,2.3382479412248358e-05,0.0005873897462151945,0.0006730681634508073
4,1,2266,2024-02-27,06075,0.0067589814,0.012926159426569939,0.015,0.005982174072414637,0.006653567310422659,0.031548626720905304
4,1,2268,2024-02-27,06087,0.006373272,0.015440024435520172,0.025,0.01018825639039278,0.0060213408432900906,0.051466599106788635
4,1,2269,2024-02-27,06091,0.13223986,0.13224327564239502,0.2,2.897795639000833e-06,0.13223567605018616,0.132248193025589
4,1,2272,2024-02-27,08009,0.0017982315,0.0017060511745512486,0.8,6.442819721996784e-05,0.0016525068785995245,0.0018802344566211104
4,1,2273,2024-02-27,08013,0.00052925653,0.000529090641066432,0.735,2.0899452124467643e-07,0.000528618402313441,0.0005294562433846295
4,1,2279,2024-02-27,08051,0.010493153,0.010502457618713379,0.225,2.035506986430846e-05,0.010488184168934822,0.010602029971778393
4,1,2280,2024-02-27,08069,0.00061593286,0.0006156711606308818,0.715,3.460004052158183e-07,0.0006150166154839098,0.0006162915960885584
4,1,2283,2024-02-27,08081,0.006810461,0.006640946492552757,0.805,0.0002120514982379973,0.006238557398319244,0.007047109771519899
4,1,2286,2024-02-27,08101,0.0011047838,0.001106038223952055,0.49,1.874584449979011e-05,0.00108252780046314,0.0011558595579117537
4,1,2288,2024-02-27,08105,0.011456893,0.01144799217581749,0.645,3.243167884647846e-05,0.011417764239013195,0.01159018836915493
4,1,2293,2024-02-27,13073,0.00084869756,0.0008095867233350873,0.715,4.1052371670957655e-05,0.0007550923037342727,0.0009104206692427397
4,1,2299,2024-02-27,13139,0.00081314874,0.0008247190853580832,0.435,4.906110916635953e-05,0.0007748967036604881,0.0009655355825088918
4,1,2300,2024-02-27,13147,0.0009888466,0.0008480201940983534,0.925,7.61436385801062e-05,0.0007742248708382249,0.001054071937687695
4,1,2311,2024-02-27,16015,0.015496531,0.015495222061872482,0.8,1.375975784867478e-06,0.01549286674708128,0.015499493107199669
4,1,2312,2024-02-27,16025,0.008432781,0.00843256525695324,0.83,3.6135904224465776e-07,0.008431730791926384,0.008434083312749863
4,1,2314,2024-02-27,16039,0.010480606,0.0104862991720438,0.15,7.645154255442321e-06,0.010478726588189602,0.010510980151593685
4,1,2327,2024-02-27,17063,0.0026954396,0.002862105146050453,0.235,0.00030367894214577973,0.0025813253596425056,0.0038077670615166426
4,1,2332,2024-02-27,17103,0.0018947738,0.0019220061367377639,0.495,0.00029988825554028153,0.0015880424762144685,0.002790802391245961
4,1,2333,2024-02-27,17143,0.0017043443,0.0017828713171184063,0.24,0.00015244053793139756,0.0016490023117512465,0.0022085171658545732
4,1,2339,2024-02-27,17193,0.0015792177,0.0015210077399387956,0.58,0.0001019179544528015,0.0014231246896088123,0.0018038814887404442
4,1,2340,2024-02-27,17199,0.001559356,0.0014834150206297636,0.78,6.73347240081057e-05,0.001415752456523478,0.001672185375355184
4,1,2341,2024-02-27,18003,0.0046083885,0.005909070372581482,0.045,0.0011644609039649367,0.00440051918849349,0.0090182488784194
4,1,2342,2024-02-27,18021,0.0019684753,0.0018818057142198086,0.655,0.0001266113540623337,0.001764239277690649,0.0022766715846955776
4,1,2343,2024-02-27,18051,0.004031645,0.003763652639463544,0.695,0.0004156577051617205,0.003148017916828394,0.004951303359121084
4,1,2344,2024-02-27,18059,0.0015005965,0.0016029058024287224,0.17,0.00012252201850060374,0.0014565129531547427,0.0019842381589114666
4,1,2350,2024-02-27,18097,0.0015642197,0.0017154295928776264,0.01,0.00015512043319176883,0.001560282427817583,0.00215656659565866
4,1,2358,2024-02-27,21011,0.006766516,0.006808923557400703,0.135,3.4988355764653534e-05,0.006752209272235632,0.006867838557809591
4,1,2361,2024-02-27,21021,0.0027390588,0.002537553897127509,0.67,0.00031465807114727795,0.002163672586902976,0.0034241327084600925
4,1,2372,2024-02-27,21083,0.0012902969,0.001310029299929738,0.36,5.1548067858675495e-05,0.001259387587197125,0.0014438992366194725
4,1,2374,2024-02-27,21091,0.0034152688,0.0035044634714722633,0.3,0.00010349415242671967,0.0033203093335032463,0.0036884171422570944
4,1,2376,2024-02-27,21097,0.004450613,0.003909463062882423,0.655,0.0008249036618508399,0.00311408587731421,0.006121310405433178
4,1,2389,2024-02-27,21205,0.0026049553,0.0025292919017374516,0.57,0.00035081285750493407,0.002292736666277051,0.003561750054359436
4,1,2390,2024-02-27,21207,0.0070922147,0.007143945433199406,0.195,3.7652724131476134e-05,0.007033659610897303,0.007177402731031179
4,1,2397,2024-02-27,25005,0.004488611,0.004639027640223503,0.45,0.0020125180017203093,0.0033874886576086283,0.012275761924684048
4,1,2402,2024-02-27,25021,0.001695519,0.0020257325377315283,0.27,0.0008372743614017963,0.001515776850283146,0.004941029008477926
4,1,2414,2024-02-27,29133,0.0014941397,0.0015300269005820155,0.26,4.987372813047841e-05,0.0014700533356517553,0.0016427811933681369
4,1,2421,2024-02-27,30007,0.004036537,0.0040308283641934395,0.915,3.4586489618959604e-06,0.0040254974737763405,0.004038272425532341
4,1,2426,2024-02-27,30035,0.0009796348,0.0009430471109226346,0.74,3.7385620089480653e-05,0.0008862378890626132,0.0010279021225869656
4,1,2435,2024-02-27,30073,0.0007400773,0.0007353537948802114,0.565,1.6326473996741697e-05,0.0007132829050533473,0.0007793917902745306
4,1,2437,2024-02-27,30089,0.00977368,0.009732330217957497,0.795,3.589918196666986e-05,0.009682264178991318,0.009815726429224014
4,1,2442,2024-02-27,32005,0.026851667,0.02687033638358116,0.22,4.692738366429694e-05,0.026829145848751068,0.027097249403595924
4,1,2446,2024-02-27,32015,0.016066033,0.016066212207078934,0.485,3.6371799069456756e-05,0.016052719205617905,0.01626373454928398
4,1,2449,2024-02-27,32023,0.005571762,0.006497902795672417,0.1,0.002382836304605007,0.005488091614097357,0.01525269728153944
4,1,2457,2024-02-27,35003,0.0021264579,0.0022684577852487564,0.28,0.000523009046446532,0.0020001488737761974,0.004080470651388168
4,1,2458,2024-02-27,35005,0.0037100886,0.003720897948369384,0.195,1.6109343050629832e-05,0.00370495836250484,0.0037690706085413694
4,1,2461,2024-02-27,35015,0.00084264047,0.0009086224599741399,0.23,0.00010294503590557724,0.0008002268150448799,0.001197973731905222
4,1,2464,2024-02-27,35027,0.0016264722,0.001770425820723176,0.17,0.0002313917939318344,0.0015614955918863416,0.002439293544739485
4,1,2466,2024-02-27,35033,0.002382536,0.0028950348496437073,0.23,0.0009879455901682377,0.002123371697962284,0.006086208391934633
4,1,2483,2024-02-27,36027,0.001452995,0.00153542950283736,0.245,0.0009351237677037716,0.0013860744656994939,0.00537768192589283
4,1,2488,2024-02-27,36041,0.24868369,0.2496982365846634,0.48,0.010555149987339973,0.21327799558639526,0.2554517090320587
4,1,2494,2024-02-27,36059,0.0022385095,0.003102640388533473,0.08,0.002264084294438362,0.002094815718010068,0.011914517730474472
4,1,2506,2024-02-27,36113,0.050001804,0.04995487257838249,0.505,0.002642714884132147,0.03839637711644173,0.051340095698833466
4,1,2507,2024-02-27,36115,0.020235626,0.02022825926542282,0.51,0.0012717836070805788,0.01448540948331356,0.020838236436247826
4,1,2509,2024-02-27,36119,0.0018164378,0.001899905502796173,0.29,0.0017868845025077462,0.001784995780326426,0.009222431108355522
4,1,2510,2024-02-27,37067,0.0006393098,0.000695814611390233,0.33,0.00011599012213991955,0.0005717689055018127,0.0010091850999742746
4,1,2512,2024-02-27,37199,0.0017042853,0.001626662677153945,0.645,0.00017548467440064996,0.001451928517781198,0.0021085103508085012
4,1,2519,2024-02-27,39089,0.0060258745,0.005920365918427706,0.515,0.0027250931598246098,0.003538279328495264,0.01402705442160368
4,1,2534,2024-02-27,40139,0.004207243,0.0031382967717945576,0.91,0.0006191672873683274,0.002760062227025628,0.005321982316672802
4,1,2536,2024-02-27,41025,0.015463456,0.016190603375434875,0.18,0.001090715522877872,0.015224863775074482,0.01973055861890316
4,1,2541,2024-02-27,42087,0.0017274185,0.0020901935640722513,0.285,0.0012124032946303487,0.0015063354512676597,0.00797593779861927
4,1,2551,2024-02-27,45079,0.0014186999,0.0013927887193858624,0.525,0.00026005585095845163,0.0011265823850408196,0.002324025146663189
4,1,2556,2024-02-27,46065,0.0013674108,0.0013697610702365637,0.19,3.45452440342342e-06,0.001365991192869842,0.0013789809308946133
4,1,2560,2024-02-27,47029,0.0017856013,0.0018127996008843184,0.425,9.76629598881118e-05,0.0016964287497103214,0.002071420196443796
4,1,2563,2024-02-27,47105,0.026494253,0.02650507539510727,0.465,9.709262667456642e-05,0.02625281922519207,0.02659839205443859
4,1,2571,2024-02-27,48065,0.033411,0.03361617773771286,0.025,9.011392830871046e-05,0.03339197114109993,0.033717092126607895
4,1,2573,2024-02-27,48079,0.0011043125,0.001021027797833085,0.93,5.0615471991477534e-05,0.0009502368629910052,0.0011382834054529667
4,1,2574,2024-02-27,48087,0.0076215933,0.007622154429554939,0.475,1.6921758287935518e-05,0.007605916354805231,0.0076721543446183205
4,1,2575,2024-02-27,48109,0.010759599,0.01074550487101078,0.825,1.9470526240183972e-05,0.010682300664484501,0.010767284780740738
4,1,2577,2024-02-27,48117,0.0011660807,0.001128735370002687,0.785,3.7426809285534546e-05,0.0010782384779304266,0.0012242002412676811
4,1,2583,2024-02-27,48195,0.0067665223,0.004697029013186693,0.955,0.0008430651505477726,0.003941814415156841,0.007223937660455704
4,1,2590,2024-02-27,48303,0.0016786723,0.001674874685704708,0.73,4.197869202471338e-06,0.0016667493619024754,0.001682528993114829
4,1,2594,2024-02-27,48369,0.0009786967,0.0009833063231781125,0.445,3.915281922672875e-05,0.000939349178224802,0.0010784423211589456
4,1,2599,2024-02-27,48501,0.0017544008,0.0017191087827086449,0.745,3.6825589631916955e-05,0.0016774748219177127,0.0018153934506699443
4,1,2604,2024-02-27,49011,0.0075072516,0.007829822599887848,0.15,0.00044681807048618793,0.007423345930874348,0.009380693547427654
4,1,2613,2024-02-27,49035,0.01009161,0.010777443647384644,0.02,0.0007613779744133353,0.010064106434583664,0.013109338469803333
4,1,2618,2024-02-27,49045,0.012992,0.012887760996818542,0.53,0.0017429307335987687,0.01147403847426176,0.01801927573978901
4,1,2621,2024-02-27,49051,0.009055456,0.009057870134711266,0.2,3.3469232221250422e-06,0.009054077789187431,0.009069562889635563
4,1,2626,2024-02-27,50005,0.0041719163,0.004243919160217047,0.485,0.0023205680772662163,0.003296254202723503,0.01595325581729412
4,1,2627,2024-02-27,50007,0.0028748524,0.002965299878269434,0.36,0.0004006249946542084,0.0027037272229790688,0.005021687131375074
4,1,2635,2024-02-27,50023,0.004988074,0.005366189405322075,0.345,0.00293903355486691,0.004482317250221968,0.018965819850564003
4,1,2639,2024-02-27,51089,0.0007613904,0.0008182985475286841,0.27,5.327709004632197e-05,0.0007144996197894216,0.0008834851905703545
4,1,2641,2024-02-27,51680,0.0030930243,0.0031003563199192286,0.42,4.720273136626929e-05,0.003076139371842146,0.003270811401307583
4,1,2656,2024-02-27,56021,0.00041806482,0.00041306219645775855,0.705,5.181051164981909e-06,0.0004040578496642411,0.0004227207973599434
4,2,2,2019-03-13,01015,0.002206267,0.002204769290983677,0.53,1.8051545339403674e-05,0.0021937002893537283,0.002250604797154665
4,2,4,2019-03-13,01037,0.019446917,0.01958538219332695,0.055,7.406311488011852e-05,0.019434688612818718,0.019675591960549355
4,2,15,2019-03-13,01115,0.0033150108,0.0033375690691173077,0.42,6.828944606240839e-05,0.003197633195668459,0.0034246232826262712
4,2,18,2019-03-13,01133,0.006629056,0.006708267144858837,0.095,3.884839316015132e-05,0.006605967879295349,0.006753915920853615
4,2,25,2019-03-13,08039,0.025513189,0.026018384844064713,0.14,0.0002924677392002195,0.02506130188703537,0.02614392712712288
4,2,26,2019-03-13,08041,0.012090831,0.012249009683728218,0.13,0.0014310007682070136,0.012076827697455883,0.018040824681520462
4,2,27,2019-03-13,08061,0.0056798314,0.0052319541573524475,0.675,0.000494985724799335,0.005014125257730484,0.0065657892264425755
4,2,38,2019-03-13,17059,0.0057486217,0.005700708366930485,0.695,0.00022545296815223992,0.005623387172818184,0.00644572451710701
4,2,41,2019-03-13,17075,0.006656745,0.008074785582721233,0.02,0.007296806667000055,0.0066007450222969055,0.02989334426820278
4,2,46,2019-03-13,17145,0.010101656,0.01017063856124878,0.43,0.0002820567460730672,0.009565838612616062,0.010345431976020336
4,2,49,2019-03-13,17165,0.00650474,0.005731835495680571,0.77,0.0006696555647067726,0.005642607808113098,0.007993652485311031
4,2,56,2019-03-13,18019,0.007456307,0.00747547997161746,0.455,0.00011913962953258306,0.00722998334094882,0.007580853067338467
4,2,57,2019-03-13,18037,0.007782131,0.005720852874219418,0.915,0.0009828782640397549,0.005097914021462202,0.008357197046279907
4,2,61,2019-03-13,18063,0.0041185883,0.004248502664268017,0.155,0.000463786389445886,0.0040810974314808846,0.005596228409558535
4,2,72,2019-03-13,18141,0.0024102607,0.002714897971600294,0.36,0.0015824980800971389,0.002143331803381443,0.0072233909741044044
4,2,77,2019-03-13,18173,0.005439856,0.005163848400115967,0.74,0.00025601600646041334,0.005093948449939489,0.0060442667454481125
4,2,89,2019-03-13,20175,0.024084032,0.010905655100941658,0.805,0.007948311045765877,0.0064972080290317535,0.030954714864492416
4,2,90,2019-03-13,20179,0.0060558054,0.005277170799672604,0.855,0.00037969151162542403,0.005107657052576542,0.006347045302391052
4,2,99,2019-03-13,21039,0.054148342,0.054256655275821686,0.395,0.00045954270171932876,0.052916985005140305,0.05445176735520363
4,2,100,2019-03-13,21041,0.010905843,0.011018535122275352,0.305,0.00011104022269137204,0.010761411860585213,0.011123609729111195
4,2,106,2019-03-13,21075,0.007428138,0.006667698733508587,0.81,0.00045179628068581223,0.0063985479064285755,0.007829277776181698
4,2,115,2019-03-13,21145,0.012760199,0.012592490762472153,0.68,0.0006559584871865809,0.010699767619371414,0.012908096425235271
4,2,116,2019-03-13,21147,0.0041867644,0.0038560170214623213,0.715,0.00033528724452480674,0.0034938280005007982,0.00456214277073741
4,2,119,2019-03-13,21177,0.006238416,0.00529724545776844,0.965,0.0003873234090860933,0.005069536156952381,0.006313780788332224
4,2,125,2019-03-13,21221,0.008089624,0.008074706420302391,0.565,4.3320844270056114e-05,0.00798041746020317,0.008139214478433132
4,2,127,2019-03-13,21225,0.012585021,0.012911989353597164,0.32,0.00046659025247208774,0.0118325874209404,0.013225175440311432
4,2,128,2019-03-13,21227,0.0042787977,0.004296630620956421,0.49,0.000337006087647751,0.0040210639126598835,0.005046779289841652
4,2,138,2019-03-13,26099,0.0032137928,0.003666788572445512,0.015,0.0005559013225138187,0.0032011514995247126,0.004987806081771851
4,2,148,2019-03-13,28099,0.004591573,0.0040755486115813255,0.92,0.0002564230526331812,0.003826671279966831,0.004631327465176582
4,2,150,2019-03-13,28107,0.006272358,0.005806762725114822,0.72,0.00044949594303034246,0.005723913665860891,0.007187489420175552
4,2,156,2019-03-13,29189,0.003119827,0.004421762190759182,0.01,0.003434699261561036,0.0030783596448600292,0.0138200419023633
4,2,157,2019-03-13,29207,0.005437775,0.00553590152412653,0.045,0.0005562625592574477,0.00542825972661376,0.007512293756008148
4,2,163,2019-03-13,34031,0.0021820895,0.0021590334363281727,0.915,2.0624975149985403e-05,0.002115965122357011,0.0021844268776476383
4,2,169,2019-03-13,36087,0.0050745583,0.005069395527243614,0.86,6.712021331622964e-06,0.005052569322288036,0.005076268687844276
4,2,177,2019-03-13,39047,0.025951464,0.025453973561525345,0.84,0.0006209611892700195,0.024073194712400436,0.026120005175471306
4,2,180,2019-03-13,39061,0.0016752576,0.001680552028119564,0.2,1.7739110262482427e-05,0.0016711769858375192,0.001730624819174409
4,2,183,2019-03-13,39087,0.001489083,0.0014907815493643284,0.465,1.952775528479833e-05,0.0014748566318303347,0.0015411978820338845
4,2,186,2019-03-13,39119,0.0053877383,0.004930545575916767,0.685,0.0005502227577380836,0.004416960291564465,0.006381852086633444
4,2,188,2019-03-13,39129,0.0053003286,0.00508764386177063,0.71,0.0003915854904334992,0.004210751038044691,0.005509528331458569
4,2,192,2019-03-13,40007,0.025777074,0.01516708917915821,0.79,0.006911282893270254,0.012324468232691288,0.03558793291449547
4,2,204,2019-03-13,40055,0.010462848,0.010014321655035019,0.545,0.002222518902271986,0.008715924806892872,0.015550770796835423
4,2,206,2019-03-13,40059,0.018591547,0.01478632166981697,0.705,0.0034896740689873695,0.013601966202259064,0.024469809606671333
4,2,212,2019-03-13,40109,0.0027669682,0.0027930077631026506,0.095,0.00010811365064000711,0.0027570801321417093,0.0031077906023710966
4,2,214,2019-03-13,40129,0.013727042,0.013989890925586224,0.47,0.0023174509406089783,0.012492427602410316,0.019508294761180878
4,2,220,2019-03-13,42091,0.00086256344,0.0008592207450419664,0.81,4.609687493939418e-06,0.0008422605460509658,0.0008677423465996981
4,2,226,2019-03-13,48003,0.010336222,0.010402023792266846,0.465,0.0007283951854333282,0.008501334115862846,0.0107511505484581
4,2,243,2019-03-13,48113,0.006001749,0.005989579949527979,0.82,2.8735970772686414e-05,0.005909474100917578,0.006021455861628056
4,2,244,2019-03-13,48115,0.0068716435,0.006115572527050972,0.675,0.0013969704741612077,0.005942450370639563,0.010438716970384121
4,2,247,2019-03-13,48129,0.01246766,0.013831844553351402,0.365,0.007524904329329729,0.010589517652988434,0.03420141711831093
4,2,255,2019-03-13,48169,0.008714054,0.006741887889802456,0.74,0.0017744232900440693,0.006218000780791044,0.011769500561058521
4,2,259,2019-03-13,48183,0.0037367367,0.0037795784883201122,0.335,7.33254782971926e-05,0.00359316635876894,0.0038218111731112003
4,2,265,2019-03-13,48207,0.0065479865,0.0065234070643782616,0.52,0.00040981199708767235,0.006350269075483084,0.0076550389640033245
4,2,269,2019-03-13,48221,0.0027142235,0.002717103809118271,0.22,8.229542800108902e-06,0.0027099994476884604,0.0027435128577053547
4,2,277,2019-03-13,48257,0.0017153714,0.0016357756685465574,0.745,7.140923844417557e-05,0.0016020791372284293,0.0018533768597990274
4,2,280,2019-03-13,48295,0.021154352,0.010950397700071335,0.775,0.0061131734400987625,0.0083070183172822,0.027119915932416916
4,2,283,2019-03-13,48305,0.023140332,0.024724861606955528,0.315,0.0016165967099368572,0.020767925307154655,0.025491613894701004
4,2,287,2019-03-13,48337,0.003926873,0.0038110571913421154,0.805,7.411747355945408e-05,0.003765640314668417,0.004025680478662252
4,2,289,2019-03-13,48345,0.020931382,0.015485516749322414,0.725,0.004961397498846054,0.01285470835864544,0.028427764773368835
4,2,291,2019-03-13,48353,0.0040742895,0.004023850429803133,0.635,0.000257412000792101,0.0033647408708930016,0.004120447672903538
4,2,298,2019-03-13,48375,0.059736658,0.06358450651168823,0.305,0.004375772085040808,0.05451670289039612,0.06766857206821442
4,2,300,2019-03-13,48381,0.024740279,0.025211969390511513,0.44,0.0018292383756488562,0.021425189450383186,0.026646317914128304
4,2,313,2019-03-13,48447,0.042410567,0.04239022731781006,0.59,6.538159504998475e-05,0.04223285987973213,0.04245530813932419
4,2,314,2019-03-13,48451,0.0012550233,0.001282994751818478,0.12,7.900955097284168e-05,0.0012221824144944549,0.0015119201270863414
4,2,319,2019-03-13,48495,0.005039767,0.0049851215444505215,0.705,0.00010811199899762869,0.004756993614137173,0.005084217991679907
4,2,326,2021-03-26,01027,0.006714166,0.005578222684562206,0.915,0.0005544257583096623,0.005066695157438517,0.006832920014858246
4,2,327,2021-03-26,01031,0.0022853292,0.0022686226293444633,0.875,9.934959962265566e-06,0.0022596665658056736,0.0022872136905789375
4,2,329,2021-03-26,01037,0.016693143,0.017126690596342087,0.06,0.00021942077728454024,0.016627373173832893,0.01735685206949711
4,2,335,2021-03-26,01071,0.014463288,0.01527421735227108,0.315,0.0027743964456021786,0.01325428206473589,0.022542031481862068
4,2,339,2021-03-26,01093,0.005187809,0.0048582060262560844,0.97,0.00013598438818007708,0.0047567905858159065,0.00521969934925437
4,2,345,2021-03-26,01133,0.010998028,0.00975479930639267,1.0,0.0004975305637344718,0.009351872839033604,0.010995633900165558
4,2,347,2021-03-26,05013,0.005083706,0.005038516130298376,0.775,4.272640944691375e-05,0.004983318503946066,0.005145896691828966
4,2,349,2021-03-26,05039,0.012809713,0.012803223915398121,0.84,7.151131285354495e-06,0.0127870487049222,0.01282015722244978
4,2,355,2021-03-26,05091,0.037176494,0.03715094178915024,0.945,1.3034529729338828e-05,0.0371231846511364,0.03718378394842148
4,2,362,2021-03-26,08041,0.00046961816,0.0004715273971669376,0.21,3.7807005810464034e-06,0.0004687035398092121,0.00048046678421087563
4,2,369,2021-03-26,12063,0.0014613642,0.0014188860077410936,0.875,2.6827648980543017e-05,0.001390971476212144,0.0014674117555841804
4,2,379,2021-03-26,13137,0.0026783808,0.0025442680343985558,0.59,0.0004937723278999329,0.002274907659739256,0.003874912392348051
4,2,381,2021-03-26,13149,0.06847982,0.06860898435115814,0.06,7.374781125690788e-05,0.06846881657838821,0.06869446486234665
4,2,383,2021-03-26,13193,0.0029364994,0.002854995895177126,0.995,4.178400558885187e-05,0.0028229025192558765,0.0029365182854235172
4,2,386,2021-03-26,13225,0.0048070704,0.004795510787516832,0.69,1.2924564543936867e-05,0.004783726297318935,0.004821569658815861
4,2,399,2021-03-26,16019,0.022439063,0.022320277988910675,0.77,0.00039727590046823025,0.021206563338637352,0.022472122684121132
4,2,405,2021-03-26,16035,0.02380581,0.02308553457260132,0.74,0.0031115238089114428,0.013569917529821396,0.02412390522658825
4,2,407,2021-03-26,16041,0.0015009312,0.0015008931513875723,0.53,6.895323281241872e-07,0.0014999229460954666,0.0015028893249109387
4,2,417,2021-03-26,16067,0.00043040526,0.00043257582001388073,0.22,5.306146249495214e-06,0.00042957908590324223,0.0004466249665711075
4,2,418,2021-03-26,16069,0.0030318042,0.0029271957464516163,0.885,0.0001287627819692716,0.0026579657569527626,0.0030476953834295273
4,2,421,2021-03-26,16077,0.0010752615,0.0010822053300216794,0.36,2.502728057152126e-05,0.0010682918364182115,0.0011458409717306495
4,2,430,2021-03-26,17059,0.0012336074,0.0012456192634999752,0.205,9.776726074051112e-06,0.0012235930189490318,0.0012582120252773166
4,2,435,2021-03-26,17119,0.0022872053,0.0022871012333780527,0.525,6.983730145293521e-07,0.0022860958706587553,0.0022894202265888453
4,2,440,2021-03-26,17165,0.0010942166,0.0011030116584151983,0.255,1.0854174433916342e-05,0.0010833936976268888,0.0011201377492398024
4,2,445,2021-03-26,18005,0.0033643458,0.003374116960912943,0.01,5.112443886901019e-06,0.0033636102452874184,0.0033808508887887
4,2,450,2021-03-26,18035,0.0016102341,0.0016128885326907039,0.35,9.676577974460088e-06,0.0015979441814124584,0.0016340449219569564
4,2,452,2021-03-26,18047,0.005815025,0.0057992227375507355,0.965,6.917752671142807e-06,0.005794269498437643,0.005815330892801285
4,2,456,2021-03-26,18063,0.0015835486,0.001577494665980339,0.985,3.0848552796669537e-06,0.0015702784294262528,0.001584479003213346
4,2,470,2021-03-26,18161,0.0023981647,0.0023438893258571625,0.7,5.053918357589282e-05,0.0023072282783687115,0.002454048953950405
4,2,472,2021-03-26,18173,0.0021029718,0.00210784375667572,0.285,8.896164217730984e-06,0.0020854570902884007,0.0021231002174317837
4,2,480,2021-03-26,20085,0.0010745191,0.0010895819868892431,0.035,1.2755918760376517e-05,0.0010653323261067271,0.0011208712821826339
4,2,485,2021-03-26,20141,0.0014484288,0.0014669648371636868,0.12,1.0977250894939061e-05,0.0014403867535293102,0.0014799867058172822
4,2,490,2021-03-26,20179,0.0008026764,0.0008061305852606893,0.15,3.4506026622693753e-06,0.0007983983377926052,0.0008123632869683206
4,2,499,2021-03-26,21039,0.0019647519,0.0019636722281575203,0.535,7.406928489217535e-06,0.0019521262729540467,0.001978019019588828
4,2,503,2021-03-26,21075,0.0014707893,0.0014739944599568844,0.285,5.45951797903399e-06,0.0014566838508471847,0.0014833732275292277
4,2,513,2021-03-26,21145,0.001266997,0.0012577318120747805,0.735,1.1481691217340995e-05,0.001238437951542437,0.0012801757548004389
4,2,516,2021-03-26,21177,0.0015773914,0.001561296172440052,0.89,9.47642092796741e-06,0.0015477878041565418,0.0015858642291277647
4,2,517,2021-03-26,21183,0.0038714446,0.0038664357271045446,0.93,2.7656014935928397e-06,0.0038599243853241205,0.0038731328677386045
4,2,518,2021-03-26,21209,0.0020329533,0.0019854907877743244,0.83,2.7104970286018215e-05,0.001961227273568511,0.002047082409262657
4,2,520,2021-03-26,21221,0.013469585,0.013480630703270435,0.095,6.785418463550741e-06,0.01346630323678255,0.013493156991899014
4,2,521,2021-03-26,21225,0.0015739563,0.001590323867276311,0.29,1.8001166608883068e-05,0.0015572429401800036,0.0016123744426295161
4,2,530,2021-03-26,24015,0.0014371935,0.0014409406576305628,0.09,4.164287929597776e-06,0.0014348543481901288,0.0014550605555996299
4,2,532,2021-03-26,24023,0.025261963,0.02533840388059616,0.305,9.239038627129048e-05,0.025123875588178635,0.025406384840607643
4,2,544,2021-03-26,25013,0.0016915418,0.0016870414838194847,0.505,0.00011550797353265807,0.0016218351665884256,0.0019653826020658016
4,2,545,2021-03-26,25015,0.0019417293,0.001887391903437674,0.59,0.00012599618639796972,0.0018106879433616996,0.002182949101552367
4,2,552,2021-03-26,28013,0.0021010614,0.0019559371285140514,0.9,7.714454841334373e-05,0.0018638194305822253,0.002139556221663952
4,2,554,2021-03-26,28029,0.0033986482,0.0033996328711509705,0.475,1.1647171959339175e-05,0.0033643527422100306,0.003427328309044242
4,2,560,2021-03-26,28107,0.0049263136,0.005065339617431164,0.285,0.00011808553972514346,0.004773510619997978,0.00515529653057456
4,2,563,2021-03-26,28137,0.004495972,0.0046524833887815475,0.1,9.248116111848503e-05,0.004451911896467209,0.004763553384691477
4,2,570,2021-03-26,29187,0.00058149983,0.0005916800582781434,0.095,7.438782176905079e-06,0.0005803732201457024,0.0006040739826858044
4,2,577,2021-03-26,30021,0.0050527323,0.005054463632404804,0.365,1.0938084415101912e-05,0.005045285448431969,0.005089367274194956
4,2,580,2021-03-26,30029,0.0087801535,0.00909489393234253,0.26,0.0021217837929725647,0.00865296833217144,0.015523435547947884
4,2,590,2021-03-26,30071,0.0051553342,0.005169341340661049,0.185,3.1067516829352826e-05,0.0051484196446835995,0.005245676729828119
4,2,597,2021-03-26,30087,0.010760204,0.010759977623820305,0.76,6.563836336681561e-07,0.010758178308606148,0.01076030358672142
4,2,601,2021-03-26,30095,0.025670018,0.02564910054206848,0.9,0.00010258625843562186,0.02535838633775711,0.025674710050225258
4,2,606,2021-03-26,30109,0.0057419552,0.005745195783674717,0.295,1.2542338481580373e-05,0.0057329111732542515,0.005781861022114754
4,2,607,2021-03-26,30111,0.0018871204,0.00191716686822474,0.16,9.501913882559165e-05,0.0018776862416416407,0.002177812159061432
4,2,612,2021-03-26,34005,0.0017452947,0.001679284730926156,0.775,6.543242488987744e-05,0.0016212830087170005,0.00185420794878155
4,2,624,2021-03-26,34041,0.0040713456,0.003942563198506832,0.56,0.0004170256434008479,0.003644195618107915,0.004952678922563791
4,2,625,2021-03-26,36001,0.0036914262,0.003615716239437461,0.615,0.00019061352941207588,0.0034580568317323923,0.004045230336487293
4,2,636,2021-03-26,36057,0.0045186295,0.003965619020164013,0.71,0.0004329914227128029,0.003601458389312029,0.0048291622661054134
4,2,641,2021-03-26,36083,0.0031261994,0.0030719961505383253,0.58,0.00013763044262304902,0.0029809358529746532,0.0033724394161254168
4,2,642,2021-03-26,36085,0.001245932,0.0012678015045821667,0.165,4.6829380153212696e-05,0.0012302801478654146,0.0013803693000227213
4,2,645,2021-03-26,36101,0.007951985,0.00795065239071846,0.505,8.414149488089606e-05,0.007785134483128786,0.008042827248573303
4,2,656,2021-03-26,37115,0.010764654,0.010783939622342587,0.405,9.58215823629871e-05,0.010705784894526005,0.011041524820029736
4,2,660,2021-03-26,37183,0.0015339055,0.0015941830351948738,0.115,6.068979564588517e-05,0.0015113938134163618,0.0017218838911503553
4,2,665,2021-03-26,39021,0.017706323,0.01766662672162056,0.67,0.00012363058340270072,0.017393210902810097,0.0177567470818758
4,2,666,2021-03-26,39023,0.0025321294,0.00255387369543314,0.41,8.137503027683124e-05,0.002490590326488018,0.0027349956799298525
4,2,675,2021-03-26,39047,0.0045730732,0.004645886830985546,0.16,0.00011767516116378829,0.0045356135815382,0.00489903474226594
4,2,679,2021-03-26,39061,0.0019523931,0.0019784094765782356,0.055,2.899241735576652e-05,0.0019494887674227357,0.0020321097690612078
4,2,687,2021-03-26,39091,0.05271761,0.05266738682985306,0.585,0.00021765138080809265,0.05223293602466583,0.052886124700307846
4,2,688,2021-03-26,39093,0.008962918,0.009262226521968842,0.33,0.0008625458576716483,0.008476383052766323,0.011255121789872646
4,2,696,2021-03-26,39129,0.0040003206,0.004122614860534668,0.175,0.00014158461999613792,0.003966100979596376,0.004384736064821482
4,2,704,2021-03-26,39159,0.005773808,0.0058879554271698,0.33,0.00021028259652666748,0.005663616117089987,0.006308927666395903
4,2,705,2021-03-26,39165,0.0026740483,0.002654431853443384,0.875,2.5199369702022523e-05,0.002601702231913805,0.002681344747543335
4,2,710,2021-03-26,41021,0.0023719505,0.0024094274267554283,0.14,4.442176941665821e-05,0.002359907142817974,0.0024948357604444027
4,2,716,2021-03-26,41055,0.0026335304,0.002696721814572811,0.16,6.398910045390949e-05,0.0026201149448752403,0.0028118123300373554
4,2,718,2021-03-26,41065,0.001981845,0.0020846789702773094,0.115,0.00011156193795613945,0.0019580693915486336,0.0022931736893951893
4,2,721,2021-03-26,42017,0.0009901782,0.0010058735497295856,0.015,5.8318757510278374e-05,0.0009881658479571342,0.0011613096576184034
4,2,724,2021-03-26,42039,0.011715081,0.01173862349241972,0.43,9.885343752102926e-05,0.011555934324860573,0.011867120862007141
4,2,726,2021-03-26,42049,0.008249463,0.00815325416624546,0.79,8.111599163385108e-05,0.008044007234275341,0.008316040970385075
4,2,733,2021-03-26,42091,0.0014593218,0.0015398964751511812,0.015,0.00016340697766281664,0.0014564861776307225,0.0019501297501847148
4,2,741,2021-03-26,45017,0.0032497037,0.0030764350667595863,0.945,9.19597441679798e-05,0.0029746592044830322,0.003275590483099222
4,2,742,2021-03-26,45029,0.002061976,0.0019887450616806746,0.74,5.7788838603300974e-05,0.0019284579902887344,0.0021135802380740643
4,2,745,2021-03-26,45059,0.0027147662,0.0023815836757421494,0.93,0.00016277728718705475,0.0022587673738598824,0.002748247468844056
4,2,762,2021-03-26,46041,0.0036151712,0.0036128542851656675,0.585,1.3159950867702719e-05,0.0035870035644620657,0.0036508929915726185
4,2,763,2021-03-26,46045,0.002059338,0.0020520410034805536,0.76,7.996776730578858e-06,0.0020386390388011932,0.0020697566214948893
4,2,766,2021-03-26,46051,0.0012090174,0.0011847803834825754,0.71,2.6212152079096995e-05,0.001173392403870821,0.001260834513232112
4,2,774,2021-03-26,46075,0.016382357,0.016379017382860184,0.555,2.448702434776351e-05,0.016317153349518776,0.016412826254963875
4,2,776,2021-03-26,46085,0.0019373305,0.0019450451945886016,0.065,4.377774894237518e-05,0.001935609383508563,0.002076768781989813
4,2,779,2021-03-26,46093,0.002149662,0.0021481821313500404,0.555,1.170338782685576e-05,0.002120435703545809,0.0021787364967167377
4,2,782,2021-03-26,46103,0.0009605036,0.0009622744983062148,0.285,4.724050086224452e-06,0.0009595178416930139,0.000974138849414885
4,2,783,2021-03-26,46105,0.0054951054,0.005492094904184341,0.67,5.536042863241164e-06,0.005481842905282974,0.0055029019713401794
4,2,794,2021-03-26,47011,0.009875198,0.00956872757524252,0.575,0.001550647895783186,0.008533770218491554,0.01347076054662466
4,2,799,2021-03-26,47059,0.0036582912,0.0036709452979266644,0.43,9.14177653612569e-05,0.0036328560672700405,0.003915460780262947
4,2,800,2021-03-26,47069,0.002422421,0.002238417509943247,0.85,0.00010188031592406332,0.002171518513932824,0.0025020905304700136
4,2,813,2021-03-26,48037,0.0030363423,0.0032224475871771574,0.05,8.635388076072559e-05,0.0030072215013206005,0.00331619824282825
4,2,821,2021-03-26,50001,0.004439418,0.0044441819190979,0.49,6.886227492941543e-05,0.004404221661388874,0.004618074279278517
4,2,829,2021-03-26,51199,0.003896198,0.003892472479492426,0.71,4.388262368593132e-06,0.0038867418188601732,0.0039021645206958055
4,2,831,2021-03-26,53005,0.0017033343,0.0017155928071588278,0.23,1.7897660654853098e-05,0.0016974664758890867,0.001751473406329751
4,2,835,2021-03-26,53025,0.0006456219,0.0006502798059955239,0.21,5.9756725931947585e-06,0.000644021958578378,0.0006627719849348068
4,2,843,2021-03-26,54029,0.007904496,0.008330084383487701,0.32,0.0005585128092207015,0.0076113296672701836,0.009310662746429443
4,2,855,2021-03-26,56019,0.0012014452,0.0012035623658448458,0.265,8.888571755960584e-06,0.001200332073494792,0.0012292239116504788
4,2,861,2021-03-26,56037,0.0007626632,0.0007643082644790411,0.3,5.069802227808395e-06,0.000761601550038904,0.0007779480656608939
4,2,862,2021-03-26,56039,0.010191632,0.010288594290614128,0.425,0.0006757976952940226,0.010066741146147251,0.012570122256875038
4,2,863,2021-03-26,56043,0.0011870814,0.0011905499268323183,0.225,1.693544072622899e-05,0.0011849913280457258,0.0012381927808746696
4,2,864,2021-03-26,56045,0.0032850043,0.0032868816051632166,0.295,1.9170099676557584e-06,0.00328398821875453,0.0032909270375967026
4,2,865,2021-12-11,01071,0.0010176145,0.0010216755326837301,0.47,0.0001271613873541355,0.0009672005544416606,0.0013743211748078465
4,2,871,2021-12-11,04005,0.0019426837,0.0019883576314896345,0.29,0.00013893576397094876,0.0019183617550879717,0.0023437398485839367
4,2,877,2021-12-11,04023,0.0012367765,0.0012351686600595713,0.94,1.3381982171267737e-06,0.0012313928455114365,0.0012376212980598211
4,2,883,2021-12-11,05039,0.014909547,0.011411832645535469,0.8,0.002029206370934844,0.010371314361691475,0.016462836414575577
4,2,889,2021-12-11,05081,0.015421959,0.015361854806542397,0.98,2.890064388338942e-05,0.015340108424425125,0.015424652956426144
4,2,893,2021-12-11,05111,0.10861125,0.10648909211158752,0.655,0.004953939002007246,0.09524749219417572,0.11092468351125717
4,2,900,2021-12-11,06011,0.025825707,0.02581968531012535,0.81,8.74204488354735e-06,0.025799665600061417,0.025842342525720596
4,2,902,2021-12-11,06019,0.0017820316,0.0017655479023233056,0.895,3.6247023672331125e-05,0.0016791856614872813,0.0017855195328593254
4,2,906,2021-12-11,06031,0.0033526667,0.003439891617745161,0.085,0.00041224193410016596,0.003343669231981039,0.004747381433844566
4,2,908,2021-12-11,06039,0.0016610258,0.0016627946170046926,0.285,1.6881887859199196e-05,0.0016580400988459587,0.0017227573553100228
4,2,914,2021-12-11,06059,0.0018728251,0.002125089056789875,0.0,0.00043059568270109594,0.001874069101177156,0.003322130534797907
4,2,919,2021-12-11,06071,0.0016682737,0.0016482900828123093,0.635,0.00011821443331427872,0.0015086766798049212,0.0020915709901601076
4,2,930,2021-12-11,06103,0.020632666,0.020581483840942383,0.825,0.00013678017421625555,0.020167643204331398,0.020658547058701515
4,2,934,2021-12-11,06115,0.008669018,0.008663225919008255,0.575,9.585545922163874e-05,0.008395313285291195,0.008977452293038368
4,2,946,2021-12-11,08027,0.016385436,0.01634729653596878,0.595,9.275701449951157e-05,0.016255879774689674,0.016540275886654854
4,2,949,2021-12-11,08039,0.0015648423,0.0014868443831801414,0.825,4.730560976895504e-05,0.0014541804557666183,0.0015977007569745183
4,2,950,2021-12-11,08041,0.01617108,0.01613534241914749,0.87,5.8803005231311545e-05,0.015996064990758896,0.016179243102669716
4,2,952,2021-12-11,08045,0.0027144896,0.002716879127547145,0.13,2.8560466489579994e-06,0.0027132597751915455,0.0027245301753282547
4,2,955,2021-12-11,08061,0.064902805,0.04755830764770508,0.7,0.016186024993658066,0.03704938292503357,0.08507297188043594
4,2,969,2021-12-11,08107,0.0013475317,0.0013453469146043062,0.61,4.122825885133352e-06,0.0013388734078034759,0.0013530519790947437
4,2,970,2021-12-11,08109,0.007232054,0.007283227983862162,0.275,8.793962479103357e-05,0.007212569005787373,0.007478570099920034
4,2,974,2021-12-11,13045,0.0021305792,0.0021020190324634314,0.795,1.6291129213641398e-05,0.002090481808409095,0.002137740608304739
4,2,978,2021-12-11,13319,0.01954625,0.019551090896129608,0.0,1.9902895473933313e-06,0.019546374678611755,0.019552908837795258
4,2,984,2021-12-11,16067,0.00053894357,0.0006023799069225788,0.21,0.00010766930790850893,0.0005225607310421765,0.0008823300013318658
4,2,986,2021-12-11,16077,0.04882692,0.04881960153579712,0.695,1.720146792649757e-05,0.04878552630543709,0.048832979053258896
4,2,987,2021-12-11,17001,0.0026039483,0.0026189207565039396,0.49,0.001229345565661788,0.0021352586336433887,0.005987558979541063
4,2,995,2021-12-11,17045,0.005137791,0.005332202650606632,0.145,0.0007146998541429639,0.005122054368257523,0.007351867854595184
4,2,1002,2021-12-11,17075,0.006926656,0.01166747510433197,0.035,0.008886708877980709,0.006672604940831661,0.033470895141363144
4,2,1018,2021-12-11,17119,0.017653441,0.017606481909751892,0.98,4.426670420798473e-05,0.017524002119898796,0.017655150964856148
4,2,1021,2021-12-11,17137,0.002616712,0.002755819819867611,0.41,0.0007303523016162217,0.002338892314583063,0.0047284443862736225
4,2,1022,2021-12-11,17139,0.058785263,0.058587778359651566,0.885,0.0003162839275319129,0.057897552847862244,0.05880708619952202
4,2,1025,2021-12-11,17167,0.002365078,0.0024221092462539673,0.05,0.0004365455242805183,0.0023451033048331738,0.003836357966065407
4,2,1026,2021-12-11,17173,0.02915029,0.029085073620080948,0.82,0.00011062553676310927,0.028841013088822365,0.029170474037528038
4,2,1027,2021-12-11,17177,0.017381066,0.013572001829743385,0.625,0.010015671141445637,0.008368438109755516,0.04014666751027107
4,2,1030,2021-12-11,17183,0.0054908427,0.008218195289373398,0.065,0.004358829464763403,0.0053056953474879265,0.01873410865664482
4,2,1033,2021-12-11,18001,0.012104776,0.015253586694598198,0.155,0.007801671978086233,0.011403799057006836,0.035494349896907806
4,2,1044,2021-12-11,18035,0.008701527,0.011196522042155266,0.135,0.005192590411752462,0.00829013716429472,0.024782665073871613
4,2,1059,2021-12-11,18099,0.007859993,0.012395542114973068,0.17,0.010393168777227402,0.007366534788161516,0.04052146151661873
4,2,1063,2021-12-11,18113,0.0075006317,0.011937277391552925,0.195,0.011630411259829998,0.006744816433638334,0.045838143676519394
4,2,1074,2021-12-11,18151,0.0054906323,0.0058374865911901,0.45,0.012023525312542915,0.005094093270599842,0.04590408131480217
4,2,1076,2021-12-11,18171,0.017764235,0.018289383500814438,0.305,0.0030480388086289167,0.017454614862799644,0.027221055701375008
4,2,1083,2021-12-11,19005,0.059710518,0.05889597162604332,0.655,0.0017801515059545636,0.05830603837966919,0.06483972072601318
4,2,1084,2021-12-11,19007,0.11620583,0.11472554504871368,0.595,0.004507374484091997,0.10385983437299728,0.11801318824291229
4,2,1086,2021-12-11,19011,0.017629746,0.02223627269268036,0.27,0.011124628596007824,0.015952816233038902,0.051419664174318314
4,2,1088,2021-12-11,19015,0.03605984,0.03298038989305496,0.91,0.0025155365001410246,0.029139913618564606,0.03657712787389755
4,2,1102,2021-12-11,19043,0.046027057,0.040164198726415634,0.605,0.014488178305327892,0.030023939907550812,0.07291416078805923
4,2,1107,2021-12-11,19053,0.01342519,0.01518134493380785,0.42,0.008294523693621159,0.008910994045436382,0.035684023052453995
4,2,1112,2021-12-11,19063,0.019923786,0.020195957273244858,0.275,0.00078853644663468,0.01978936605155468,0.022507736459374428
4,2,1115,2021-12-11,19069,0.08090984,0.07911976426839828,0.655,0.006271686404943466,0.0632639154791832,0.08233620971441269
4,2,1116,2021-12-11,19073,0.3129046,0.3082916736602783,0.9,0.005883161909878254,0.29515478014945984,0.3137255012989044
4,2,1119,2021-12-11,19079,0.025940003,0.025909826159477234,0.525,0.004467470571398735,0.02507614530622959,0.03909256309270859
4,2,1121,2021-12-11,19083,0.03599221,0.03828038275241852,0.135,0.007870151661336422,0.03583836182951927,0.06040709465742111
4,2,1122,2021-12-11,19087,0.01321224,0.013392246328294277,0.285,0.00332530471496284,0.01296981517225504,0.02504402957856655
4,2,1134,2021-12-11,19115,0.012489667,0.00912264920771122,0.655,0.006634125951677561,0.00892938394099474,0.029133332893252373
4,2,1138,2021-12-11,19123,0.015595671,0.02074323408305645,0.3,0.012601603753864765,0.013143177144229412,0.05320287495851517
4,2,1147,2021-12-11,19143,0.004772893,0.004782495554536581,0.375,0.00015454244567081332,0.00474209152162075,0.005373654421418905
4,2,1148,2021-12-11,19145,0.06784961,0.06627129018306732,0.645,0.005086778663098812,0.05497823283076286,0.06989945471286774
4,2,1159,2021-12-11,19167,0.0045601493,0.0045737880282104015,0.11,2.5716371965245344e-05,0.004547232296317816,0.004661663435399532
4,2,1161,2021-12-11,19171,0.04513933,0.04551102966070175,0.14,0.0030797149520367384,0.04508405178785324,0.05460219085216522
4,2,1166,2021-12-11,19181,0.012251226,0.01479008886963129,0.35,0.011088846251368523,0.009176100604236126,0.043479155749082565
4,2,1179,2021-12-11,20011,0.0042492934,0.003872194094583392,0.89,0.00016300684364978224,0.003840387100353837,0.0044148946180939674
4,2,1185,2021-12-11,20029,0.061059434,0.03978382423520088,0.755,0.01887289248406887,0.024798933416604996,0.08388294279575348
4,2,1186,2021-12-11,20035,0.007716732,0.00678008608520031,0.6,0.0019695160444825888,0.0055997902527451515,0.011654732748866081
4,2,1200,2021-12-11,20073,0.009840887,0.007729274220764637,0.725,0.0017504984280094504,0.007536612451076508,0.012897256761789322
4,2,1204,2021-12-11,20085,0.06535277,0.03636894002556801,0.78,0.018450267612934113,0.024253904819488525,0.08084685355424881
4,2,1207,2021-12-11,20091,0.0028045708,0.003886959981173277,0.045,0.0020080837421119213,0.002657923148944974,0.009274817071855068
4,2,1210,2021-12-11,20105,0.029148545,0.036739930510520935,0.09,0.0045795380137860775,0.02889036014676094,0.041747428476810455
4,2,1213,2021-12-11,20113,0.02946619,0.014895055443048477,0.745,0.010334591381251812,0.009465852752327919,0.04128064215183258
4,2,1215,2021-12-11,20117,0.028352275,0.03032775968313217,0.245,0.0018414107616990805,0.027024222537875175,0.034725338220596313
4,2,1216,2021-12-11,20121,0.011929809,0.009718615561723709,0.85,0.0010978389764204621,0.009288279339671135,0.012708526104688644
4,2,1225,2021-12-11,20141,0.043779004,0.03647194802761078,0.695,0.0083230659365654,0.02760094217956066,0.05317183956503868
4,2,1226,2021-12-11,20143,0.09417243,0.1190197616815567,0.23,0.016704291105270386,0.08432378619909286,0.13374333083629608
4,2,1236,2021-12-11,20167,0.020014526,0.023994723334908485,0.005,0.002762201940640807,0.020004451274871826,0.03118608519434929
4,2,1240,2021-12-11,20175,0.016992701,0.015011626295745373,0.83,0.0011163949966430664,0.01426715962588787,0.01795882172882557
4,2,1242,2021-12-11,20179,0.038850386,0.0362311452627182,0.82,0.0015750274760648608,0.03535263240337372,0.04048078507184982
4,2,1258,2021-12-11,21027,0.02186701,0.006394163705408573,0.88,0.0069099911488592625,0.00522603141143918,0.024680646136403084
4,2,1265,2021-12-11,21065,0.003886829,0.003704334842041135,0.56,0.0018081741873174906,0.003120218403637409,0.008650963194668293
4,2,1266,2021-12-11,21075,0.13413683,0.13650190830230713,0.23,0.0016647555166855454,0.13306483626365662,0.1382707953453064
4,2,1276,2021-12-11,21137,0.0045792987,0.005666065961122513,0.17,0.000681357632856816,0.004437433090060949,0.006336353253573179
4,2,1279,2021-12-11,21147,0.0045955237,0.004380040802061558,0.69,0.00021122422185726464,0.004278597421944141,0.004914094693958759
4,2,1280,2021-12-11,21151,0.0055173817,0.0047091105952858925,0.61,0.0015676167095080018,0.003727351315319538,0.008322433568537235
4,2,1284,2021-12-11,21167,0.0125933215,0.005932409781962633,0.915,0.003211562056094408,0.003958825021982193,0.013630152679979801
4,2,1287,2021-12-11,21177,0.023107495,0.02498633600771427,0.135,0.001751089934259653,0.022965069860219955,0.027880407869815826
4,2,1288,2021-12-11,21183,0.09695263,0.10476790368556976,0.02,0.0037936228327453136,0.09651222825050354,0.10771737992763519
4,2,1294,2021-12-11,21209,0.009701306,0.003304712940007448,0.865,0.0031040646135807037,0.002136585535481572,0.011889932677149773
4,2,1300,2021-12-11,21235,0.0017025815,0.0016740895807743073,0.55,0.0002509315963834524,0.0015886250184848905,0.0023875278420746326
4,2,1304,2021-12-11,22119,0.004718127,0.004027178976684809,0.785,0.000490536738652736,0.0034751403145492077,0.004988904111087322
4,2,1312,2021-12-11,25023,0.0034134497,0.0034484509378671646,0.45,0.0004297814448364079,0.0032468214631080627,0.004607097711414099
4,2,1314,2021-12-11,26001,0.18728055,0.24707478284835815,0.135,0.028017457574605942,0.16266745328903198,0.2522551715373993
4,2,1345,2021-12-11,26081,0.008243485,0.00835011713206768,0.46,0.017481857910752296,0.00724588381126523,0.0649336501955986
4,2,1346,2021-12-11,26083,0.08752124,0.0882720798254013,0.04,0.0003068355144932866,0.08740776777267456,0.08853645622730255
4,2,1348,2021-12-11,26089,0.036105856,0.06343063712120056,0.165,0.015480807051062584,0.023964684456586838,0.07271883636713028
4,2,1352,2021-12-11,26099,0.006809299,0.007323281839489937,0.425,0.020348597317934036,0.006164117716252804,0.07042843848466873
4,2,1354,2021-12-11,26103,0.00967392,0.009684576652944088,0.45,5.193550168769434e-05,0.009581751190125942,0.009813143871724606
4,2,1355,2021-12-11,26105,0.021685822,0.02094985358417034,0.75,0.0016715703532099724,0.01735064946115017,0.024668872356414795
4,2,1358,2021-12-11,26113,0.037128873,0.14168858528137207,0.06,0.04646022990345955,0.03554557263851166,0.15634685754776
4,2,1359,2021-12-11,26115,0.07352064,0.06964466720819473,0.905,0.014506833627820015,0.034788306802511215,0.07401447743177414
4,2,1360,2021-12-11,26119,0.028325152,0.05846596509218216,0.09,0.018772369250655174,0.019488394260406494,0.07827514410018921
4,2,1362,2021-12-11,26123,0.03652147,0.045263759791851044,0.245,0.007018057629466057,0.02838301472365856,0.04967489838600159
4,2,1363,2021-12-11,26125,0.011514574,0.01067370269447565,0.63,0.015514579601585865,0.006062271539121866,0.05899718776345253
4,2,1386,2021-12-11,27037,0.015688876,0.016201196238398552,0.33,0.004488262347877026,0.014144983142614365,0.031944967806339264
4,2,1393,2021-12-11,27053,0.0049439697,0.005727776326239109,0.025,0.0024053279776126146,0.004903618711978197,0.01303861103951931
4,2,1394,2021-12-11,27055,0.029450517,0.030717264860868454,0.215,0.0030906207393854856,0.027698637917637825,0.0399506613612175
4,2,1395,2021-12-11,27063,0.005271855,0.005384976975619793,0.135,0.0006778929382562637,0.005225279834121466,0.007539981510490179
4,2,1398,2021-12-11,27081,0.0017469848,0.0017431664746254683,0.505,0.0002188047074014321,0.0015803796704858541,0.0022584213875234127
4,2,1404,2021-12-11,27103,0.00935014,0.009413890540599823,0.44,0.0012450383510440588,0.008902790024876595,0.013637050986289978
4,2,1412,2021-12-11,27133,0.0017576338,0.0017910730093717575,0.46,0.00025045633083209395,0.001650485210120678,0.0024485508911311626
4,2,1415,2021-12-11,27143,0.01507015,0.014698909595608711,0.795,0.0010101910447701812,0.011826017871499062,0.015138131566345692
4,2,1421,2021-12-11,27169,0.009142626,0.009856373071670532,0.24,0.0013119197683408856,0.0077580674551427364,0.013416977599263191
4,2,1430,2021-12-11,29021,0.049920898,0.049644794315099716,0.515,0.004819780122488737,0.03977249562740326,0.05408270284533501
4,2,1450,2021-12-11,29081,0.020540306,0.022742360830307007,0.36,0.003040052019059658,0.018027091398835182,0.02649887651205063
4,2,1459,2021-12-11,29123,0.0024162866,0.002436102833598852,0.07,1.4269809071265627e-05,0.002413744106888771,0.002457102993503213
4,2,1461,2021-12-11,29129,0.027496938,0.020871203392744064,0.695,0.006868984550237656,0.015025444328784943,0.03625975549221039
4,2,1464,2021-12-11,29147,0.019156517,0.020114529877901077,0.42,0.0048208944499492645,0.01052448432892561,0.024648813530802727
4,2,1469,2021-12-11,29163,0.002414096,0.00197864742949605,0.675,0.0005583333550021052,0.0016934301238507032,0.003524380037561059
4,2,1471,2021-12-11,29167,0.0059186732,0.005756588652729988,0.97,6.50388901703991e-05,0.005723103415220976,0.005925784353166819
4,2,1476,2021-12-11,29177,0.0048189517,0.004858651198446751,0.38,0.0011920994147658348,0.004761238116770983,0.00880447868257761
4,2,1478,2021-12-11,29183,0.0055644475,0.005536760203540325,0.98,1.339216123596998e-05,0.00552030373364687,0.005565640050917864
4,2,1479,2021-12-11,29197,0.03419712,0.03483869880437851,0.395,0.0013862279010936618,0.03168845176696777,0.03572169318795204
4,2,1481,2021-12-11,29209,0.007822593,0.007859266363084316,0.265,2.5701912818476558e-05,0.00780875701457262,0.007884778082370758
4,2,1487,2021-12-11,29229,0.0016865839,0.001589820720255375,0.95,4.291781078791246e-05,0.001551100518554449,0.00169343501329422
4,2,1490,2021-12-11,30095,0.0004979956,0.0004983367398381233,0.35,2.3807376692275284e-06,0.0004973092582076788,0.0005052327178418636
4,2,1497,2021-12-11,33005,0.0060624857,0.006440519820898771,0.05,0.0002829275908879936,0.006026848219335079,0.007474827114492655
4,2,1507,2021-12-11,35028,0.006478677,0.006257618777453899,0.85,0.0001639959227759391,0.0059200492687523365,0.006664946675300598
4,2,1512,2021-12-11,35043,0.0035379315,0.0035178354009985924,0.705,3.6893739888910204e-05,0.003433100413531065,0.0035619589034467936
4,2,1517,2021-12-11,35057,0.0028170159,0.0028148184064775705,0.635,7.163470399973448e-06,0.002798165660351515,0.0028329670894891024
4,2,1520,2021-12-11,36001,0.0014882032,0.0014174992684274912,0.555,0.0006195624591782689,0.0011915086070075631,0.0032615354284644127
4,2,1526,2021-12-11,36021,0.0010725195,0.0009481589077040553,0.65,0.0005505551234818995,0.0008649098454043269,0.0027370955795049667
4,2,1536,2021-12-11,36045,0.011597549,0.01217149943113327,0.405,0.007852509617805481,0.006978064309805632,0.03958362713456154
4,2,1541,2021-12-11,36057,0.01177732,0.013110950589179993,0.005,0.0006155207520350814,0.01175861805677414,0.013437958434224129
4,2,1546,2021-12-11,36069,0.0071942382,0.009378974325954914,0.02,0.003211653558537364,0.0071377442218363285,0.020479978993535042
4,2,1548,2021-12-11,36075,0.008607813,0.014127714559435844,0.01,0.006120313424617052,0.008596758358180523,0.03530248627066612
4,2,1549,2021-12-11,36083,0.0035453977,0.0035066334530711174,0.54,0.0010453161085024476,0.003368294332176447,0.006906087044626474
4,2,1555,2021-12-11,36099,0.025918305,0.026349849998950958,0.41,0.001417226274497807,0.022546961903572083,0.02682904154062271
4,2,1556,2021-12-11,36101,0.0072083487,0.007352388463914394,0.405,0.0004304346803110093,0.006541502196341753,0.009035466238856316
4,2,1564,2021-12-11,37057,0.0008456038,0.000827467767521739,0.65,3.229696085327305e-05,0.0008158573764376342,0.0009216457838192582
4,2,1578,2021-12-11,39047,0.0050192485,0.005013551563024521,0.595,0.001695463084615767,0.004960256163030863,0.012203715741634369
4,2,1582,2021-12-11,39063,0.03286388,0.031586937606334686,0.915,0.0011718478053808212,0.029445568099617958,0.0330176055431366
4,2,1584,2021-12-11,39069,0.008905553,0.011807072907686234,0.11,0.012464196421205997,0.008504844270646572,0.0496053621172905
4,2,1587,2021-12-11,39091,0.007188,0.0075417011976242065,0.4,0.004995980300009251,0.0070473928935825825,0.024380475282669067
4,2,1588,2021-12-11,39093,0.0032005522,0.0043056015856564045,0.3,0.006665842141956091,0.0029287172947078943,0.024894362315535545
4,2,1592,2021-12-11,39119,0.0019045242,0.003663259092718363,0.005,0.002256405306980014,0.0019011568510904908,0.012077233754098415
4,2,1597,2021-12-11,39135,0.006085548,0.006182692013680935,0.45,0.003847513347864151,0.005807071924209595,0.018434159457683563
4,2,1599,2021-12-11,39143,0.009815928,0.010552508756518364,0.26,0.009097977541387081,0.007908294908702374,0.03742918744683266
4,2,1606,2021-12-11,40007,0.010343293,0.008213477209210396,0.765,0.0013957321643829346,0.007369812112301588,0.011570492759346962
4,2,1610,2021-12-11,40059,0.013957001,0.010210452601313591,0.735,0.0030189496465027332,0.007537949830293655,0.016669398173689842
4,2,1613,2021-12-11,40077,0.02453877,0.024548422545194626,0.245,6.328019480861258e-06,0.024532603099942207,0.024551687762141228
4,2,1615,2021-12-11,40109,0.0025372035,0.002873264951631427,0.045,0.0004946544067934155,0.002502068877220154,0.004100034944713116
4,2,1625,2021-12-11,42049,0.010505115,0.005718635395169258,0.685,0.006296736653894186,0.004109470639377832,0.02353925257921219
4,2,1637,2021-12-11,46011,0.0010920587,0.0011132624931633472,0.415,6.628793926211074e-05,0.001049618236720562,0.0012472831876948476
4,2,1649,2021-12-11,46041,0.0013174969,0.0013163958210498095,0.92,7.550948453172168e-07,0.0013143219985067844,0.0013176231877878308
4,2,1651,2021-12-11,46045,0.0009918462,0.0009920625016093254,0.32,1.3506377172234352e-06,0.0009907734347507358,0.0009958017617464066
4,2,1654,2021-12-11,46051,0.0018116506,0.0016579239163547754,0.715,0.0001615384971955791,0.0015626895474269986,0.0020494875498116016
4,2,1662,2021-12-11,46067,0.017685339,0.017685674130916595,0.275,8.480884048367443e-07,0.017683841288089752,0.01768818497657776
4,2,1665,2021-12-11,46073,0.0013767274,0.0013823832850903273,0.025,6.796271918574348e-06,0.0013754230458289385,0.0014013680629432201
4,2,1666,2021-12-11,46075,0.0011329062,0.0011330305133014917,0.49,2.5257093057007296e-06,0.0011268282542005181,0.001138158026151359
4,2,1668,2021-12-11,46079,0.0010604162,0.0010811097454279661,0.375,8.116466779028997e-05,0.0010361482854932547,0.0012911101803183556
4,2,1671,2021-12-11,46085,0.0012262644,0.001226185355335474,0.515,1.9199042071704753e-06,0.0012210103450343013,0.001230095513164997
4,2,1675,2021-12-11,46093,0.0021677965,0.0021685571409761906,0.42,3.90870764022111e-06,0.0021659955382347107,0.0021785330027341843
4,2,1680,2021-12-11,46103,0.000976944,0.0009772316552698612,0.3,3.1782979021954816e-06,0.0009761385153979063,0.0009867550106719136
4,2,1683,2021-12-11,46111,0.036299165,0.03630100563168526,0.345,2.444009624014143e-06,0.03629626706242561,0.03630417212843895
4,2,1690,2021-12-11,46127,0.0054163933,0.005394497886300087,0.67,2.7884914743481204e-05,0.005355397704988718,0.005464049521833658
4,2,1694,2021-12-11,47009,0.0074251425,0.0073973191902041435,0.63,8.728010288905352e-05,0.0071896701119840145,0.007456566207110882
4,2,1699,2021-12-11,47045,0.018407999,0.01860535331070423,0.485,0.005691648460924625,0.014137882739305496,0.03190429136157036
4,2,1702,2021-12-11,47053,0.017223483,0.021840037778019905,0.045,0.005876629147678614,0.01662311516702175,0.03432612493634224
4,2,1703,2021-12-11,47055,0.00539654,0.005464144516736269,0.375,0.00010322943853680044,0.005306138191372156,0.0055985902436077595
4,2,1708,2021-12-11,47079,0.047963493,0.03449931740760803,0.965,0.005999877583235502,0.029240190982818604,0.048480406403541565
4,2,1712,2021-12-11,47093,0.009776211,0.009735840372741222,1.0,7.297052070498466e-05,0.009559838101267815,0.009773940779268742
4,2,1734,2021-12-11,48037,0.003389439,0.0030441537965089083,0.825,0.00021093475515954196,0.0028547884430736303,0.0035187231842428446
4,2,1751,2021-12-11,48375,0.0084166145,0.007646700832992792,0.765,0.0006572859128937125,0.007029862143099308,0.009167092852294445
4,2,1752,2021-12-11,48381,0.005960136,0.005648528225719929,0.65,0.0006086124922148883,0.005142504349350929,0.006989882327616215
4,2,1756,2021-12-11,49001,0.09728477,0.09728419780731201,0.555,5.945156772213522e-06,0.09726844727993011,0.09728618711233139
4,2,1766,2021-12-11,50001,0.0036981266,0.0042925309389829636,0.39,0.0023899239022284746,0.0032173434738069773,0.01118602603673935
4,2,1767,2021-12-11,50003,0.012588737,0.011969232000410557,0.515,0.01662488281726837,0.006391141563653946,0.05598689615726471
4,2,1770,2021-12-11,50009,0.008361795,0.009518337436020374,0.445,0.006830016151070595,0.006255255546420813,0.027608994394540787
4,2,1772,2021-12-11,50013,0.002104234,0.002111957408487797,0.36,0.0002037088997894898,0.0020279064774513245,0.0029129546601325274
4,2,1781,2021-12-11,51155,0.0014407374,0.0014635962434113026,0.475,0.00020489978487603366,0.0013027552049607038,0.0019267715979367495
4,2,1784,2021-12-11,53005,0.000870078,0.0009193145669996738,0.135,6.526939250761643e-05,0.0008584648021496832,0.0010522707598283887
4,2,1788,2021-12-11,54033,0.008754408,0.008589787408709526,0.66,0.0003048640792258084,0.008026004768908024,0.008858096785843372
4,2,1798,2021-12-11,55021,0.021631371,0.020982462912797928,0.685,0.001322658616118133,0.020657900720834732,0.025624312460422516
4,2,1804,2021-12-11,55035,0.015850723,0.013749871402978897,0.925,0.0009737710934132338,0.012306159362196922,0.016662145033478737
4,2,1810,2021-12-11,55053,0.023538174,0.022765936329960823,0.665,0.0012603206560015678,0.020493026822805405,0.025321820750832558
4,2,1813,2021-12-11,55059,0.008951835,0.011159081012010574,0.09,0.0074728671461343765,0.008746403269469738,0.03412158042192459
4,2,1820,2021-12-11,55079,0.005366945,0.004977282136678696,0.705,0.0036450938787311316,0.0035113266203552485,0.01703784614801407
4,2,1821,2021-12-11,55081,0.018814424,0.01762181520462036,0.915,0.0008978455443866551,0.016162855550646782,0.020207421854138374
4,2,1825,2021-12-11,55091,0.026737051,0.020999308675527573,0.885,0.0029138908721506596,0.018674906343221664,0.030950423330068588
4,2,1828,2021-12-11,55099,0.09592407,0.018283478915691376,0.805,0.04234595224261284,0.011852775700390339,0.1483996957540512
4,2,1830,2021-12-11,55103,0.020252025,0.01947791688144207,0.64,0.002339340513572097,0.01892894133925438,0.026791540905833244
4,2,1840,2021-12-11,55137,0.025083775,0.02550070732831955,0.145,0.0006174282170832157,0.02461608313024044,0.02715008333325386
4,2,1853,2021-12-11,56037,0.0011066927,0.001145489513874054,0.345,0.00012775771028827876,0.0010767091298475862,0.0015012925723567605
4,2,1855,2021-12-11,56045,0.0028947778,0.0028948993422091007,0.36,3.454557031545846e-07,0.0028946876991540194,0.0028957303147763014
4,2,1870,2022-06-08,05057,0.004676069,0.004644358064979315,0.745,2.446919279464055e-05,0.004610633477568626,0.004688633140176535
4,2,1886,2022-06-08,08045,0.0011039954,0.0011195715051144361,0.325,6.407509499695152e-05,0.0010770087828859687,0.0012865534517914057
4,2,1892,2022-06-08,12015,0.0055409353,0.0057430388405919075,0.16,0.0002650042297318578,0.005445762537419796,0.00634314538910985
4,2,1896,2022-06-08,12059,0.0060602077,0.00598558783531189,0.93,4.329553121351637e-05,0.005942742805927992,0.006065101362764835
4,2,1897,2022-06-08,12109,0.003192807,0.003203821601346135,0.345,1.8368718883721158e-05,0.003169317962601781,0.0032377850729972124
4,2,1914,2022-06-08,17137,0.0016102965,0.0016159930964931846,0.38,6.066871719667688e-05,0.0015892669325694442,0.0017918930388987064
4,2,1915,2022-06-08,17183,0.0020924415,0.0021016625687479973,0.055,1.0244294571748469e-05,0.0020859811920672655,0.0021282352972775698
4,2,1918,2022-06-08,18063,0.0020113857,0.0020391414873301983,0.17,3.989893230027519e-05,0.0020011644810438156,0.002119238954037428
4,2,1928,2022-06-08,19053,0.0042194496,0.004263181239366531,0.375,0.0002453887718729675,0.004104953724890947,0.005058991257101297
4,2,1929,2022-06-08,19145,0.0038203907,0.0038500980008393526,0.165,3.3355376217514277e-05,0.0037385679315775633,0.003924110904335976
4,2,1937,2022-06-08,21089,0.0029081083,0.002871595323085785,0.7,4.711348083219491e-05,0.0028532592114061117,0.002996189286932349
4,2,1944,2022-06-08,22115,0.011386402,0.011399168521165848,0.28,1.5722622265457176e-05,0.011362670920789242,0.011419986374676228
4,2,1950,2022-06-08,24023,0.0026089905,0.0026255184784531593,0.35,2.2444804926635697e-05,0.0025809446815401316,0.0026483251713216305
4,2,1953,2022-06-08,24037,0.0025033006,0.0025028535164892673,0.885,3.114669766546285e-07,0.0025022802874445915,0.0025039061438292265
4,2,1954,2022-06-08,26021,0.0035520769,0.0035524291452020407,0.34,6.401647283382772e-07,0.0035506640560925007,0.003553330199792981
4,2,1968,2022-06-08,28073,0.0030736395,0.0030019404366612434,0.915,3.789605034398846e-05,0.0029740005265921354,0.0030830411706119776
4,2,1973,2022-06-08,28133,0.016274644,0.016270823776721954,0.805,5.075952230981784e-06,0.016260698437690735,0.016276970505714417
4,2,1977,2022-06-08,28153,0.0073463204,0.007362370379269123,0.045,6.5165027081093285e-06,0.007345713209360838,0.007366181816905737
4,2,1998,2022-06-08,29195,0.010595612,0.010608791373670101,0.155,1.0502138138690498e-05,0.010585958138108253,0.010623234324157238
4,2,2003,2022-06-08,30087,0.00057433196,0.000560404674615711,0.835,1.717551458568778e-05,0.0005284430226311088,0.000579630199354142
4,2,2010,2022-06-08,32019,0.0049796547,0.004979008808732033,0.675,2.7110982045996934e-06,0.00497102178633213,0.004981487989425659
4,2,2014,2022-06-08,32510,0.0052013453,0.005309254862368107,0.155,0.00012170508853159845,0.005173983983695507,0.005557446274906397
4,2,2015,2022-06-08,34005,0.0019329188,0.0018902664305642247,0.715,3.404263043194078e-05,0.0018523549661040306,0.0019548258278518915
4,2,2022,2022-06-08,35013,0.00037185007,0.00038660987047478557,0.185,1.87564073712565e-05,0.0003678830689750612,0.00043216199264861643
4,2,2038,2022-06-08,37105,0.0017187116,0.0017038709484040737,0.76,1.4118081708147656e-05,0.0016840860480442643,0.0017364653758704662
4,2,2047,2022-06-08,37183,0.0014447152,0.0014610768994316459,0.13,2.3764110665069893e-05,0.001437359256669879,0.001522052101790905
4,2,2050,2022-06-08,39013,0.008194513,0.008194001391530037,0.825,5.244586986918875e-07,0.008192910812795162,0.00819544866681099
4,2,2053,2022-06-08,39021,0.0037656636,0.0037673604674637318,0.23,1.2833962728109327e-06,0.003763821441680193,0.0037690585013478994
4,2,2054,2022-06-08,39023,0.007362994,0.007382609415799379,0.05,1.0267694051435683e-05,0.007356567308306694,0.007398612797260284
4,2,2064,2022-06-08,39061,0.013484617,0.01348456647247076,0.505,3.2288764941768022e-06,0.013480013236403465,0.013494407758116722
4,2,2068,2022-06-08,39087,0.0025161451,0.002519902540370822,0.405,1.8562128389021382e-05,0.002497667446732521,0.0025703301653265953
4,2,2076,2022-06-08,39135,0.02009421,0.02008693665266037,0.805,2.625481465656776e-05,0.0200039055198431,0.020107783377170563
4,2,2079,2022-06-08,39159,0.00113181,0.0011269205715507269,0.79,5.017461262468714e-06,0.0011169082717970014,0.0011383745586499572
4,2,2080,2022-06-08,39163,0.032705396,0.03270921856164932,0.31,6.647658210567897e-06,0.03269457072019577,0.032724712044000626
4,2,2081,2022-06-08,39165,0.031145955,0.03114326298236847,0.88,3.790412847592961e-06,0.031130777671933174,0.03114900551736355
4,2,2085,2022-06-08,40033,0.046446525,0.0464477501809597,0.24,1.8162445485359058e-06,0.0464446097612381,0.046451635658741
4,2,2089,2022-06-08,40063,0.0054047923,0.0055052535608410835,0.155,5.4198415455175564e-05,0.00537069421261549,0.005570169538259506
4,2,2102,2022-06-08,40141,0.024819238,0.024820560589432716,0.25,2.1349098915379727e-06,0.024816783145070076,0.02482522279024124
4,2,2110,2022-06-08,45013,0.0026810644,0.002694422146305442,0.42,5.345175668480806e-05,0.00258464552462101,0.0027471762150526047
4,2,2126,2022-06-08,46041,0.001961628,0.001970841782167554,0.33,1.4076179468247574e-05,0.00194775708951056,0.00200285785831511
4,2,2135,2022-06-08,46073,0.001975532,0.0019857354927808046,0.145,6.964833119127434e-06,0.001964545575901866,0.001994047313928604
4,2,2136,2022-06-08,46075,0.042601064,0.04258974269032478,0.6,3.8423528167186305e-05,0.04249490052461624,0.04263869673013687
4,2,2139,2022-06-08,46085,0.0061289533,0.006132455542683601,0.315,7.706270480412059e-06,0.0061147576197981834,0.006149385590106249
4,2,2140,2022-06-08,46093,0.0015041373,0.0014441963285207748,0.835,4.442230783752166e-05,0.0013665944570675492,0.0015322166727855802
4,2,2142,2022-06-08,46103,0.0015065761,0.001502575702033937,0.525,2.993231828440912e-05,0.0014338995097205043,0.001560437143780291
4,2,2143,2022-06-08,46105,0.0056261485,0.005482270382344723,0.695,0.0001700177090242505,0.005231804680079222,0.005776413716375828
4,2,2151,2022-06-08,48009,0.0050873877,0.005087772849947214,0.375,1.0340174867451424e-06,0.005086270160973072,0.005089672282338142
4,2,2164,2022-06-08,48169,0.0021022793,0.002017644699662924,0.98,3.900473893736489e-05,0.001961651723831892,0.0021140542812645435
4,2,2174,2022-06-08,48295,0.0028212285,0.002763130236417055,0.89,3.186675166944042e-05,0.002711777575314045,0.002859857864677906
4,2,2177,2022-06-08,48345,0.0045563155,0.004554576240479946,0.77,1.5521468412771355e-06,0.004551824182271957,0.004558041226118803
4,2,2180,2022-06-08,48375,0.0022726066,0.002267132280394435,0.68,7.624960289831506e-06,0.0022604481782764196,0.0022872218396514654
4,2,2181,2022-06-08,48381,0.0023091862,0.0023026089183986187,0.955,3.512640887493035e-06,0.0022957695182412863,0.002311068819835782
4,2,2187,2022-06-08,49041,0.0028279077,0.0028278084937483072,0.695,1.831102025562359e-07,0.0028273887000977993,0.0028280275873839855
4,2,2191,2022-06-08,51035,0.0010850396,0.0010861388873308897,0.48,1.2289977348700631e-05,0.001072459970600903,0.0011090098414570093
4,2,2197,2022-06-08,51073,0.0019980795,0.001969994278624654,0.92,1.944431642186828e-05,0.0019363785395398736,0.002003350993618369
4,2,2199,2022-06-08,51077,0.006481614,0.006480713840574026,0.98,6.123613616182411e-07,0.006479297764599323,0.00648184260353446
4,2,2200,2022-06-08,51085,0.0029039842,0.0029050572775304317,0.12,7.108556587809289e-07,0.0029030709993094206,0.0029061909299343824
4,2,2205,2022-06-08,51139,0.0018678487,0.0018829263281077147,0.445,5.2483417675830424e-05,0.0018138909945264459,0.001976754516363144
4,2,2217,2022-06-08,54033,0.010599356,0.010597333312034607,0.615,9.701963790575974e-06,0.010570609010756016,0.010601866990327835
4,2,2218,2022-06-08,54035,0.0026133223,0.0026087812148034573,0.885,2.9664452085853554e-06,0.0026023543905466795,0.002616330748423934
4,2,2222,2022-06-08,54051,0.021044286,0.021044861525297165,0.33,1.917773715831572e-06,0.0210413821041584,0.021051902323961258
4,2,2226,2022-06-08,54065,0.0219821,0.02200435660779476,0.055,1.1484242349979468e-05,0.021979160606861115,0.02201523445546627
4,2,2235,2022-06-08,55079,0.0050226757,0.005015591159462929,0.84,7.544898835476488e-06,0.0049969214014709,0.005036999937146902
4,2,2239,2022-06-08,56039,0.0009978276,0.0010098989587277174,0.35,3.0359291486092843e-05,0.0009689065045677125,0.0010742935119196773
4,2,2240,2022-06-08,56045,0.0015930494,0.001607449259608984,0.36,2.8279770049266517e-05,0.0015574997523799539,0.0016624719137325883
4,2,2241,2024-02-27,01071,0.000635142,0.0006349580362439156,0.51,3.032911627087742e-05,0.000604625151026994,0.0007000624900683761
4,2,2246,2024-02-27,04005,0.0051371846,0.005301149562001228,0.35,0.0005536068347282708,0.004976354073733091,0.006763454061001539
4,2,2251,2024-02-27,06023,0.01658354,0.016542600467801094,0.51,0.0035326266661286354,0.011268430389463902,0.03100302815437317
4,2,2257,2024-02-27,06039,0.0010986232,0.0011578677222132683,0.175,0.0014308529207482934,0.0010898180771619081,0.00681281229481101
4,2,2264,2024-02-27,06071,0.0015412824,0.001539635006338358,0.965,1.546434191368462e-06,0.0015370497712865472,0.0015415300149470568
4,2,2267,2024-02-27,06079,0.0013399224,0.001720005413517356,0.02,0.0018258884083479643,0.0013304880121722817,0.007323611062020063
4,2,2274,2024-02-27,08027,0.0024204557,0.002350069582462311,0.615,0.00014553619257640094,0.0022568167187273502,0.0027196917217224836
4,2,2277,2024-02-27,08045,0.005422657,0.005437072366476059,0.225,2.766661418718286e-05,0.005419590510427952,0.005498973652720451
4,2,2278,2024-02-27,08049,0.0014251873,0.0014259748859331012,0.37,2.4674059204699006e-06,0.001424441346898675,0.0014327054377645254
4,2,2289,2024-02-27,08107,0.0022451044,0.002248140051960945,0.32,7.177771749411477e-06,0.0022434990387409925,0.002264713868498802
4,2,2290,2024-02-27,12011,0.00087712816,0.001047288067638874,0.03,0.00010731648217188194,0.0008456775103695691,0.0012707064161077142
4,2,2303,2024-02-27,13219,0.0037910037,0.0038147112354636192,0.215,1.691421857685782e-05,0.0037771628703922033,0.003830126952379942
4,2,2307,2024-02-27,13295,0.0013352229,0.001348304795101285,0.335,1.817709198803641e-05,0.0013101882068440318,0.0013660360127687454
4,2,2315,2024-02-27,16045,0.0043017957,0.004628362134099007,0.13,0.000566612055990845,0.004258466884493828,0.0059540290385484695
4,2,2317,2024-02-27,16069,0.0022618715,0.002258995780721307,0.695,6.88140880811261e-06,0.002247618278488517,0.0022819589357823133
4,2,2323,2024-02-27,17037,0.0021382724,0.002338467165827751,0.055,0.00025337145780213177,0.00211980938911438,0.0028617503121495247
4,2,2326,2024-02-27,17059,0.0015139048,0.001390429912135005,0.73,9.144977229880169e-05,0.0013277396792545915,0.0015923022292554379
4,2,2335,2024-02-27,17165,0.0014200963,0.001358426408842206,0.78,4.532275488600135e-05,0.0013135889312252402,0.0014531915076076984
4,2,2345,2024-02-27,18063,0.0015640091,0.0016174546908587217,0.14,7.836038275854662e-05,0.0015540535096079111,0.001781919039785862
4,2,2356,2024-02-27,18161,0.0016905778,0.0015404331497848034,0.69,0.00014759419718757272,0.001439231215044856,0.001892165164463222
4,2,2362,2024-02-27,21027,0.0023740781,0.0017060735262930393,0.91,0.00030578990117646754,0.001544172060675919,0.0025137406773865223
4,2,2363,2024-02-27,21039,0.0008695999,0.0008631631499156356,0.595,1.601445910637267e-05,0.000846019946038723,0.0008970589842647314
4,2,2368,2024-02-27,21065,0.0018671751,0.0018588281236588955,0.535,7.979105430422351e-05,0.001839134027250111,0.002104427432641387
4,2,2371,2024-02-27,21075,0.000926421,0.000895520206540823,0.88,1.727010021568276e-05,0.0008758676704019308,0.0009321375982835889
4,2,2381,2024-02-27,21145,0.0008317952,0.0008378289057873189,0.37,1.6387355572078377e-05,0.0008216026471927762,0.0008745486848056316
4,2,2383,2024-02-27,21151,0.0015246602,0.0013307133922353387,0.62,0.0003737239458132535,0.001126950141042471,0.0022018796298652887
4,2,2384,2024-02-27,21173,0.0027072872,0.001703831134364009,0.95,0.000454951572464779,0.0014349558623507619,0.002823020564392209
4,2,2385,2024-02-27,21177,0.0010280435,0.0008912725024856627,0.985,6.253168248804286e-05,0.0008381606894545257,0.0010350096272304654
4,2,2388,2024-02-27,21183,0.0012391526,0.0009886762127280235,0.96,0.00010891135752899572,0.0009407303878106177,0.0012589568505063653
4,2,2391,2024-02-27,21209,0.0030425927,0.0016160632949322462,0.83,0.0007372443797066808,0.0013033185387030244,0.0035026732366532087
4,2,2392,2024-02-27,21225,0.003942222,0.004014933481812477,0.285,6.923743057996035e-05,0.003862871089950204,0.004069134127348661
4,2,2400,2024-02-27,25013,0.0015346977,0.0017122100107371807,0.395,0.0016211742768064141,0.0013041662750765681,0.006995824631303549
4,2,2403,2024-02-27,25023,0.0022578223,0.0024406141601502895,0.43,0.00264442665502429,0.0018949768273159862,0.010899407789111137
4,2,2416,2024-02-27,29181,0.00051572826,0.0005096072563901544,0.9,2.799422645693994e-06,0.0005062363925389946,0.0005166883929632604
4,2,2418,2024-02-27,29207,0.0005688045,0.0005752687575295568,0.015,6.265459433052456e-06,0.0005674709100276232,0.0005891331820748746
4,2,2423,2024-02-27,30027,0.0012017014,0.0011881592217832804,0.66,2.013227822317276e-05,0.0011606011539697647,0.0012204627273604274
4,2,2424,2024-02-27,30029,0.0030369249,0.003022547112777829,0.79,1.3223390851635486e-05,0.0030040445271879435,0.0030470972415059805
4,2,2425,2024-02-27,30031,0.0024990295,0.0024956362321972847,0.75,3.239528723497642e-06,0.002490582875907421,0.0025018707383424044
4,2,2439,2024-02-27,30101,0.0019563085,0.0019518383778631687,0.59,1.243771293957252e-05,0.001927864388562739,0.0019722385331988335
4,2,2447,2024-02-27,32019,0.006229326,0.006342838518321514,0.3,0.006655001547187567,0.00615572277456522,0.02975013479590416
4,2,2453,2024-02-27,32510,0.03403159,0.034056928008794785,0.315,0.00037591278669424355,0.03401057794690132,0.03545432165265083
4,2,2455,2024-02-27,34039,0.0014401139,0.0015012719668447971,0.01,0.0009723854600451887,0.0014396688202396035,0.004613205790519714
4,2,2460,2024-02-27,35013,0.0012222677,0.0012473245151340961,0.14,4.122994505451061e-05,0.0012165367370471358,0.0013471703277900815
4,2,2470,2024-02-27,35043,0.0015117879,0.0015512643149122596,0.185,0.00031939399195834994,0.001503672800026834,0.0025155083276331425
4,2,2474,2024-02-27,35055,0.008453643,0.009730779565870762,0.4,0.013542703352868557,0.007701619062572718,0.05235444754362106
4,2,2475,2024-02-27,35057,0.018050807,0.018042657524347305,0.575,2.7042719011660665e-05,0.01798509806394577,0.018065443262457848
4,2,2478,2024-02-27,36001,0.010541279,0.01071836706250906,0.425,0.0005031221662648022,0.009263204410672188,0.010896350257098675
4,2,2482,2024-02-27,36021,0.001483847,0.0015198050532490015,0.0,0.00033104154863394797,0.001485162414610386,0.002636733464896679
4,2,2490,2024-02-27,36045,0.016471732,0.007311136927455664,0.72,0.009089143015444279,0.003501994302496314,0.03206368908286095
4,2,2493,2024-02-27,36057,0.013696896,0.025015436112880707,0.21,0.006113114301115274,0.011774465441703796,0.027778856456279755
4,2,2495,2024-02-27,36069,0.0114574935,0.012051329016685486,0.315,0.0008300706394948065,0.009711415506899357,0.01250442024320364
4,2,2496,2024-02-27,36075,0.014590902,0.018905531615018845,0.31,0.004045447334647179,0.011298776604235172,0.022026028484106064
4,2,2498,2024-02-27,36083,0.0046459003,0.004765314515680075,0.41,0.0002872968034353107,0.004150051157921553,0.004924302455037832
4,2,2499,2024-02-27,36085,0.0012336578,0.001600809395313263,0.025,0.0007942897500470281,0.0012251369189471006,0.003661456983536482
4,2,2513,2024-02-27,39023,0.009997406,0.009882723912596703,0.93,0.0001684224553173408,0.009488771669566631,0.010007020086050034
4,2,2518,2024-02-27,39087,0.001309386,0.0012295087799429893,0.565,0.0005585873732343316,0.0009581024060025811,0.0027477361727505922
4,2,2523,2024-02-27,39119,0.0055301045,0.003702525980770588,0.655,0.0034151547588407993,0.002186389407142997,0.01254265196621418
4,2,2524,2024-02-27,39121,0.0031932637,0.0027273325249552727,0.57,0.0021400966215878725,0.0016399979358538985,0.008377529680728912
4,2,2526,2024-02-27,39129,0.0016296932,0.0018329790327697992,0.215,0.0005602941382676363,0.0015867471229285002,0.0032460857182741165
4,2,2527,2024-02-27,39135,0.0020583926,0.0020645707845687866,0.415,3.353838110342622e-05,0.002037038328126073,0.0021442535798996687
4,2,2529,2024-02-27,40007,0.0041559646,0.003042360069230199,0.745,0.000930087873712182,0.002516619861125946,0.005232559517025948
4,2,2533,2024-02-27,40059,0.004520767,0.00349781708791852,0.775,0.0007485758396796882,0.00297257537022233,0.005301635712385178
4,2,2544,2024-02-27,45023,0.009699965,0.009768307209014893,0.025,3.3320466172881424e-05,0.00969742238521576,0.009801819920539856
4,2,2546,2024-02-27,45055,0.0013771818,0.0010113840689882636,0.88,0.000196709661395289,0.0008205165504477918,0.0014795478200539947
4,2,2547,2024-02-27,45059,0.0006232172,0.0005298425094224513,0.94,4.458481271285564e-05,0.0004918202175758779,0.0006273838807828724
4,2,2555,2024-02-27,46045,0.0011986613,0.0012034815736114979,0.165,4.932919182465412e-06,0.0011962041025981307,0.0012144929496571422
4,2,2557,2024-02-27,46085,0.0013946048,0.0013962981756776571,0.415,7.374711003649281e-06,0.0013903056969866157,0.0014125772286206484
4,2,2559,2024-02-27,47009,0.0055406704,0.005524761974811554,0.6,6.932007090654224e-05,0.005349620711058378,0.005569678731262684
4,2,2565,2024-02-27,47147,0.0006618879,0.0006425231695175171,0.57,4.8759520723251626e-05,0.0006093960255384445,0.0007522060186602175
4,2,2589,2024-02-27,48295,0.0037052394,0.002920759841799736,0.785,0.0005251221591606736,0.002534319180995226,0.004047790542244911
4,2,2595,2024-02-27,48375,0.0012439233,0.0012069516815245152,0.685,6.165148079162464e-05,0.0011655810521915555,0.0013889598194509745
4,2,2596,2024-02-27,48381,0.0016674541,0.001669896300882101,0.305,1.1431988241383806e-05,0.0016634652856737375,0.00170335010625422
4,2,2600,2024-02-27,49001,0.027119286,0.02721080183982849,0.465,0.0051306928507983685,0.02651817724108696,0.044673360884189606
4,2,2603,2024-02-27,49007,0.008021119,0.00968700647354126,0.225,0.003817537799477577,0.00766697758808732,0.01969817839562893
4,2,2615,2024-02-27,49039,0.011386993,0.011403737589716911,0.12,0.000283600325929001,0.011365050449967384,0.012368393130600452
4,2,2616,2024-02-27,49041,0.011688981,0.011813437566161156,0.335,0.0009132070117630064,0.011613079346716404,0.014708802103996277
4,2,2624,2024-02-27,50001,0.006723926,0.006708448752760887,0.59,0.00013142773241270334,0.006686362903565168,0.00715880049392581
4,2,2625,2024-02-27,50003,0.013529056,0.011869564652442932,0.59,0.029613299295306206,0.011178241111338139,0.11542319506406784
4,2,2628,2024-02-27,50009,0.031243756,0.031381964683532715,0.275,0.000568633433431387,0.030895521864295006,0.03396960347890854
4,2,2630,2024-02-27,50013,0.0037435938,0.0036963126622140408,0.575,0.0002711343113332987,0.003587194252759218,0.00449700653553009
4,2,2642,2024-02-27,51770,0.0062178695,0.006197293289005756,0.92,1.9873306882800534e-05,0.006157347001135349,0.006222302094101906
4,2,2646,2024-02-27,54051,0.0033846234,0.0034913111012429,0.315,0.000800557027105242,0.00311247818171978,0.006212329957634211
4,2,2652,2024-02-27,54097,0.002011566,0.001816792180761695,0.59,0.0009078143630176783,0.0016125887632369995,0.0044814469292759895
4,2,2658,2024-02-27,56037,0.0010773202,0.0011867491994053125,0.36,0.00040947558591142297,0.0009825773304328322,0.002338138408958912
4,3,3,2019-03-13,01021,0.009587034,0.010014397092163563,0.055,0.00017156105604954064,0.009546092711389065,0.010050970129668713
4,3,5,2019-03-13,01043,0.0039524953,0.003941327799111605,0.655,4.791422907146625e-05,0.0038258626591414213,0.003995758946985006
4,3,10,2019-03-13,01075,0.0070527163,0.007062828168272972,0.08,6.126213520474266e-06,0.007051313761621714,0.007075806148350239
4,3,16,2019-03-13,01125,0.0034451887,0.002772402483969927,0.97,0.00022088746482040733,0.0026966757141053677,0.0034711575135588646
4,3,24,2019-03-13,08017,0.17575213,0.1767546832561493,0.245,0.0008827071869745851,0.17357708513736725,0.17690101265907288
4,3,30,2019-03-13,08089,0.0024450684,0.0025305217131972313,0.375,0.0008041217806749046,0.0023211848456412554,0.0052691358141601086
4,3,34,2019-03-13,17003,0.015095344,0.01516639068722725,0.22,0.00011037952936021611,0.015046431683003902,0.015642356127500534
4,3,39,2019-03-13,17065,0.0074434453,0.004731865134090185,0.7,0.002431111177429557,0.004127735737711191,0.011729290708899498
4,3,43,2019-03-13,17081,0.0050987047,0.002768545178696513,0.75,0.0016391397221013904,0.0026520290412008762,0.008323079906404018
4,3,50,2019-03-13,17179,0.0061818287,0.008151792921125889,0.095,0.006653053220361471,0.006043620873242617,0.027713576331734657
4,3,51,2019-03-13,17181,0.007787084,0.005058612674474716,0.75,0.0019025022629648447,0.004370926413685083,0.010860386304557323
4,3,53,2019-03-13,17191,0.00789933,0.005581486038863659,0.655,0.0026150252670049667,0.004718270152807236,0.01314679067581892
4,3,58,2019-03-13,18039,0.0038607698,0.004305785987526178,0.18,0.002676014555618167,0.003760578343644738,0.012636289931833744
4,3,62,2019-03-13,18071,0.0053011905,0.005333236418664455,0.375,3.801092316280119e-05,0.0052512409165501595,0.005372231360524893
4,3,65,2019-03-13,18091,0.0066482727,0.004130978137254715,0.715,0.002351270755752921,0.0031828598584979773,0.011251585558056831
4,3,76,2019-03-13,18163,0.0049987296,0.0052448539063334465,0.175,0.000838416744954884,0.004942008294165134,0.007652569562196732
4,3,86,2019-03-13,20129,0.028464418,0.03484354168176651,0.085,0.017821522429585457,0.02780916541814804,0.0817033052444458
4,3,88,2019-03-13,20153,0.007222365,0.006560903042554855,0.7,0.0007001212798058987,0.006422759499400854,0.008843919262290001
4,3,92,2019-03-13,20193,0.006519241,0.005623716861009598,0.79,0.0004883549408987164,0.005541677121073008,0.007097356487065554
4,3,103,2019-03-13,21059,0.007905357,0.007958129048347473,0.46,0.0005153188831172884,0.007693411782383919,0.009227970615029335
4,3,104,2019-03-13,21061,0.01635574,0.01637200266122818,0.38,2.6334073481848463e-05,0.01630193553864956,0.016381464898586273
4,3,111,2019-03-13,21105,0.006561072,0.0069286576472222805,0.16,0.0008991319919005036,0.006527931895107031,0.009352416731417179
4,3,120,2019-03-13,21187,0.0048104944,0.004499681293964386,0.645,0.00029076565988361835,0.004424628801643848,0.005313588306307793
4,3,121,2019-03-13,21191,0.0054479223,0.005286444444209337,0.585,0.00034459884045645595,0.00515706604346633,0.006253822706639767
4,3,124,2019-03-13,21219,0.0072002467,0.007236519828438759,0.265,0.00033085173345170915,0.0071638342924416065,0.008216338232159615
4,3,129,2019-03-13,21229,0.009156045,0.008834097534418106,0.655,0.0005177357234060764,0.008699157275259495,0.010276516899466515
4,3,132,2019-03-13,22027,0.0067613204,0.0037559939082711935,0.81,0.0015690602594986558,0.0034235462080687284,0.008211084641516209
4,3,140,2019-03-13,26157,0.0033821166,0.003822037484496832,0.355,0.0018435631645843387,0.0031699305400252342,0.00904468446969986
4,3,144,2019-03-13,28025,0.0013700638,0.0011813221499323845,0.92,7.54997308831662e-05,0.0011393050663173199,0.0013967896811664104
4,3,149,2019-03-13,28105,0.0014650353,0.0012590386904776096,0.975,7.664561417186633e-05,0.0012210099957883358,0.0014855865156278014
4,3,151,2019-03-13,29017,0.010847359,0.00337949488312006,0.995,0.0023867408744990826,0.0029454464092850685,0.010885395109653473
4,3,155,2019-03-13,29157,0.010793145,0.003607252612709999,0.935,0.002734534675255418,0.0032287314534187317,0.012372186407446861
4,3,161,2019-03-13,34013,0.0015097099,0.0015116017311811447,0.305,1.9218638044549152e-05,0.0014918457018211484,0.0015791984042152762
4,3,167,2019-03-13,35037,0.031032192,0.027343232184648514,0.63,0.005912562366575003,0.02426365576684475,0.04373887553811073
4,3,176,2019-03-13,39045,0.005777291,0.00590617535635829,0.03,0.0005498210084624588,0.005750792566686869,0.0076855141669511795
4,3,181,2019-03-13,39071,0.020571867,0.02026383951306343,0.75,0.0002550887584220618,0.020172348245978355,0.021035030484199524
4,3,187,2019-03-13,39127,0.007842835,0.007266028318554163,0.86,0.0002727529499679804,0.007215741090476513,0.008187496103346348
4,3,189,2019-03-13,39131,0.023457902,0.023370645940303802,0.7,0.00011883625120390207,0.02333594486117363,0.023769840598106384
4,3,196,2019-03-13,40019,0.002020859,0.00200036377646029,0.555,0.0001883024233393371,0.001983342692255974,0.0026454078033566475
4,3,197,2019-03-13,40025,0.043392666,0.0532354936003685,0.355,0.022816145792603493,0.037929464131593704,0.10767713934183121
4,3,202,2019-03-13,40045,0.017094495,0.01810864359140396,0.13,0.0033761344384402037,0.01692933216691017,0.028059108182787895
4,3,207,2019-03-13,40065,0.0106601985,0.011728562414646149,0.095,0.0037493857089430094,0.010560935363173485,0.022195909172296524
4,3,209,2019-03-13,40083,0.004877286,0.005011130124330521,0.455,0.0018208229448646307,0.0046575334854424,0.010944207198917866
4,3,213,2019-03-13,40123,0.003107079,0.0028036378789693117,0.99,0.00010216484224656597,0.0027931598015129566,0.0031493199057877064
4,3,223,2019-03-13,47161,0.008641469,0.0080777732655406,0.885,0.00025707657914608717,0.008012428879737854,0.008832389488816261
4,3,242,2019-03-13,48111,0.07630364,0.03635217621922493,0.96,0.017293259501457214,0.02752867341041565,0.08104778826236725
4,3,248,2019-03-13,48133,0.049931552,0.049817122519016266,0.62,0.0005680285976268351,0.04823673889040947,0.04997272416949272
4,3,258,2019-03-13,48181,0.0021592234,0.002017732709646225,0.775,0.00010055452003143728,0.001991115976125002,0.002348646055907011
4,3,266,2019-03-13,48211,0.029376876,0.031108412891626358,0.23,0.004677190445363522,0.0289296954870224,0.043385040014982224
4,3,273,2019-03-13,48237,0.015917495,0.015871278941631317,0.69,0.00014735435252077878,0.015482185408473015,0.0159330852329731
4,3,274,2019-03-13,48243,0.0027021924,0.002871047705411911,0.4,0.0007296422845683992,0.0026260572485625744,0.004804177675396204
4,3,275,2019-03-13,48251,0.011636509,0.01163392048329115,0.585,5.988675547996536e-05,0.011460053734481335,0.011657075956463814
4,3,279,2019-03-13,48279,0.012111906,0.014664697460830212,0.205,0.006686819717288017,0.011617044918239117,0.032262641936540604
4,3,281,2019-03-13,48301,0.065566696,0.06466846168041229,0.93,0.002678115386515856,0.05750934034585953,0.06563328206539154
4,3,286,2019-03-13,48335,0.0071394676,0.007528441026806831,0.14,0.0018730956362560391,0.0070885769091546535,0.013357749208807945
4,3,293,2019-03-13,48359,0.044044666,0.04310092702507973,0.595,0.0024588550440967083,0.03831637278199196,0.04517088830471039
4,3,295,2019-03-13,48367,0.0025123549,0.0025027389638125896,0.75,3.5126227885484695e-05,0.0024133333936333656,0.002515549538657069
4,3,299,2019-03-13,48377,0.025646446,0.025617726147174835,0.74,5.382961899158545e-05,0.025497253984212875,0.025659525766968727
4,3,302,2019-03-13,48389,0.007516253,0.006759560201317072,0.935,0.0005008415319025517,0.005771462805569172,0.008550787344574928
4,3,303,2019-03-13,48393,0.05937479,0.05660150945186615,0.805,0.004534529056400061,0.04637816920876503,0.060094017535448074
4,3,305,2019-03-13,48401,0.022496847,0.02346101775765419,0.03,0.00043736788211390376,0.022435253486037254,0.023727044463157654
4,3,306,2019-03-13,48415,0.029110586,0.028727306053042412,0.65,0.0008557088440284133,0.02866501361131668,0.03195815533399582
4,3,307,2019-03-13,48421,0.04695808,0.05103754252195358,0.345,0.009931061416864395,0.043987978249788284,0.07546570897102356
4,3,310,2019-03-13,48437,0.019775903,0.023603955283761024,0.19,0.007307334337383509,0.019299034029245377,0.04225778952240944
4,3,323,2021-03-26,01021,0.020142376,0.020424358546733856,0.185,0.00022159006039146334,0.019918756559491158,0.020654216408729553
4,3,331,2021-03-26,01043,0.018413065,0.017664536833763123,0.95,0.0003159669286105782,0.017422974109649658,0.018477950245141983
4,3,333,2021-03-26,01059,0.0064831953,0.005176751874387264,0.9,0.0005766971153207123,0.004895461723208427,0.0067346179857850075
4,3,334,2021-03-26,01069,0.0014465189,0.001402367139235139,0.75,2.7156074793310836e-05,0.001388491946272552,0.0014676618156954646
4,3,336,2021-03-26,01073,0.0040759947,0.004151700530201197,0.095,0.0001534464245196432,0.004069703631103039,0.0047145807184278965
4,3,337,2021-03-26,01089,0.009130449,0.009793110191822052,0.27,0.000988347688689828,0.008751578629016876,0.012009316124022007
4,3,356,2021-03-26,05093,0.0040423116,0.004046313464641571,0.425,9.039247743203305e-06,0.004036966245621443,0.004062352702021599
4,3,357,2021-03-26,05103,0.011994061,0.011984452605247498,0.685,2.1396170268417336e-05,0.011923016980290413,0.012006529606878757
4,3,359,2021-03-26,08003,0.0012271167,0.001226898399181664,0.87,1.2176616337455926e-06,0.0012235714821144938,0.0012271339073777199
4,3,365,2021-03-26,08089,0.0015583817,0.001558275194838643,0.525,5.551207209464337e-07,0.0015573919517919421,0.0015594528522342443
4,3,368,2021-03-26,10003,0.0023978846,0.0023840710055083036,0.865,4.539478322840296e-05,0.0022795679979026318,0.0024012986104935408
4,3,373,2021-03-26,13077,0.018032605,0.01820439100265503,0.145,0.0001107731950469315,0.01795784756541252,0.01828550174832344
4,3,375,2021-03-26,13099,0.0019045422,0.0017842716770246625,0.835,6.739767559338361e-05,0.0017488895682618022,0.0019459276227280498
4,3,378,2021-03-26,13135,0.00310806,0.0033347709104418755,0.025,0.0003040172450710088,0.0031024578493088484,0.00401244917884469
4,3,388,2021-03-26,13289,0.003419253,0.0032248871866613626,0.915,9.443124145036563e-05,0.0031828172504901886,0.0034505880903452635
4,3,398,2021-03-26,16017,0.040982097,0.04116953909397125,0.415,0.00035022254451178014,0.040220942348241806,0.0413287989795208
4,3,400,2021-03-26,16021,0.002949852,0.0026918859221041203,0.655,0.00029125454602763057,0.0025825859047472477,0.003509489819407463
4,3,408,2021-03-26,16043,0.005015601,0.005013269372284412,0.505,0.0001759579317877069,0.004487554542720318,0.0050328378565609455
4,3,411,2021-03-26,16051,0.0037845091,0.0037853452377021313,0.29,7.47018293623114e-06,0.0037843689788132906,0.0038078620564192533
4,3,412,2021-03-26,16053,0.00075573876,0.0007568842847831547,0.305,6.377030786097748e-06,0.000755442539229989,0.0007742663729004562
4,3,422,2021-03-26,16081,0.0047519803,0.004789292812347412,0.06,0.0001893334701890126,0.004730062559247017,0.005377104505896568
4,3,424,2021-03-26,17003,0.0016745131,0.0016769054345786572,0.47,8.673760930832941e-06,0.0016567425336688757,0.0016859302995726466
4,3,425,2021-03-26,17005,0.002600499,0.0025995809119194746,0.6,3.2002324132918147e-06,0.0025957671459764242,0.0026074100751429796
4,3,431,2021-03-26,17065,0.0019181388,0.0019000123720616102,0.78,1.562156467116438e-05,0.0018885511672124267,0.001953595783561468
4,3,441,2021-03-26,17181,0.0016726478,0.0016800622688606381,0.22,7.381082468782552e-06,0.001658668857999146,0.0016869711689651012
4,3,446,2021-03-26,18011,0.0022451936,0.0022444967180490494,0.56,7.722765985818114e-06,0.0022332416847348213,0.0022656607907265425
4,3,449,2021-03-26,18031,0.006412579,0.006397741846740246,0.955,1.3574297554441728e-05,0.006368901580572128,0.006413413677364588
4,3,451,2021-03-26,18041,0.0035621987,0.0034829380456358194,0.615,0.0001289448409806937,0.0033895515371114016,0.0037815943360328674
4,3,454,2021-03-26,18057,0.002794866,0.0027940026484429836,0.835,1.980795559575199e-06,0.0027872947975993156,0.002795542124658823
4,3,471,2021-03-26,18163,0.002176283,0.0021784529089927673,0.47,3.2621712307445705e-05,0.002143982332199812,0.0022743158042430878
4,3,474,2021-03-26,20023,0.00084874337,0.0008481774711981416,0.61,2.842300773409079e-06,0.0008401577943004668,0.0008557673427276313
4,3,477,2021-03-26,20061,0.0020825947,0.002079103607684374,0.58,2.884360401367303e-05,0.0020349393598735332,0.0021591882687062025
4,3,487,2021-03-26,20153,0.0027168656,0.0027130884118378162,0.995,3.6609440030588303e-06,0.0027048620395362377,0.002717036986723542
4,3,492,2021-03-26,20183,0.0020594208,0.0020830684807151556,0.1,2.4733322788961232e-05,0.002039318671450019,0.0021515563130378723
4,3,493,2021-03-26,20193,0.0014372069,0.0013721507275477052,0.94,2.3896016500657424e-05,0.0013590072048828006,0.0014432102907449007
4,3,502,2021-03-26,21059,0.002513314,0.0024853642098605633,0.855,1.9737728507607244e-05,0.002464673714712262,0.00254625640809536
4,3,508,2021-03-26,21105,0.09574393,0.09574445337057114,0.21,1.0143641020476935e-06,0.09574364125728607,0.09574685245752335
4,3,519,2021-03-26,21219,0.003080224,0.0031441624742001295,0.115,8.388065180042759e-05,0.0030676485039293766,0.003345018019899726
4,3,527,2021-03-26,23021,0.024881784,0.024918923154473305,0.05,1.4692232980451081e-05,0.02487793378531933,0.024921424686908722
4,3,529,2021-03-26,24005,0.001346523,0.0013467500684782863,0.475,2.33727023442043e-05,0.001341558527201414,0.0014089448377490044
4,3,535,2021-03-26,24029,0.0036381364,0.0033449064940214157,0.835,0.00013992846652399749,0.003306606085970998,0.0036949238274246454
4,3,539,2021-03-26,25001,0.014480091,0.014500480145215988,0.49,0.0016948390984907746,0.014195236377418041,0.01966254413127899
4,3,543,2021-03-26,25011,0.004418537,0.00402773916721344,0.82,0.00020812668662983924,0.003979535773396492,0.004615869838744402
4,3,550,2021-03-26,26003,0.019500662,0.01961074024438858,0.05,0.00012087697541574016,0.019481461495161057,0.019865181297063828
4,3,553,2021-03-26,28025,0.004323985,0.0039238641038537025,0.745,0.0003293065819889307,0.0036918926052749157,0.00473824143409729
4,3,562,2021-03-26,28129,0.0021385814,0.0020627700723707676,0.68,6.859476707177237e-05,0.002009299350902438,0.0022289843764156103
4,3,564,2021-03-26,28143,0.007839776,0.007826494053006172,0.685,2.9050543162156828e-05,0.007801133673638105,0.007904769852757454
4,3,579,2021-03-26,30025,0.009510492,0.00891222432255745,0.875,0.00027312443125993013,0.008842081762850285,0.009667480364441872
4,3,583,2021-03-26,30047,0.0037193513,0.003874219488352537,0.285,0.0007228594622574747,0.0036529921926558018,0.005970961879938841
4,3,588,2021-03-26,30065,0.0032879463,0.002930165035650134,0.955,0.00015095352136995643,0.0028847113717347383,0.0033382188994437456
4,3,591,2021-03-26,30075,0.005302599,0.0051518455147743225,0.955,6.404604209819809e-05,0.005126436706632376,0.005326358135789633
4,3,592,2021-03-26,30077,0.0037737289,0.003789185546338558,0.27,0.0010164958657696843,0.003729931777343154,0.008916040882468224
4,3,596,2021-03-26,30085,0.010003493,0.010158888064324856,0.19,0.0002863712143152952,0.00997851137071848,0.010815717279911041
4,3,599,2021-03-26,30091,0.011003085,0.011204281821846962,0.35,0.0006390592898242176,0.010861010290682316,0.012726584449410439
4,3,609,2021-03-26,32013,0.0015527146,0.0015527831856161356,0.39,7.041720095912751e-07,0.0015505782794207335,0.0015537880826741457
4,3,614,2021-03-26,34013,0.0014034446,0.0014085907023400068,0.435,7.168830052250996e-05,0.0013951878063380718,0.0016092885052785277
4,3,619,2021-03-26,34023,0.0019953342,0.0020431331358850002,0.31,0.00011040218669222668,0.0019864081405103207,0.0023013814352452755
4,3,622,2021-03-26,34033,0.0041341814,0.004066771361976862,0.84,3.359379479661584e-05,0.004059356637299061,0.004157584626227617
4,3,630,2021-03-26,36031,0.0073352484,0.005340241827070713,0.965,0.0009099767776206136,0.004826732445508242,0.0075979880057275295
4,3,634,2021-03-26,36049,0.009498508,0.007287723943591118,0.8,0.0014551299391314387,0.006397007964551449,0.010989749804139137
4,3,643,2021-03-26,36089,0.005864273,0.005284284241497517,0.91,0.00028027439839206636,0.005127809476107359,0.005981741473078728
4,3,647,2021-03-26,36111,0.003859,0.004066305235028267,0.125,0.00017969422333408147,0.0038553474005311728,0.0043222918175160885
4,3,648,2021-03-26,36121,0.0075437557,0.007015657611191273,0.615,0.0007883155485615134,0.00636893417686224,0.008804039098322392
4,3,649,2021-03-26,37015,0.0050707934,0.0048956056125462055,0.695,0.00016547305858694017,0.004774545319378376,0.005281638354063034
4,3,658,2021-03-26,37135,0.0023381875,0.002330448478460312,0.535,6.460955773945898e-05,0.0022925171069800854,0.002478105016052723
4,3,663,2021-03-26,39017,0.002734056,0.0026999060064554214,0.945,4.19020107074175e-05,0.0026176234241575003,0.002735103014856577
4,3,674,2021-03-26,39045,0.0063861143,0.006529069505631924,0.38,0.00043380301212891936,0.006197712849825621,0.0075559429824352264
4,3,681,2021-03-26,39067,0.014002645,0.013986891135573387,0.525,0.00017894271877594292,0.01362177450209856,0.014152813702821732
4,3,682,2021-03-26,39071,0.0072405897,0.007402126677334309,0.245,0.00011856213677674532,0.007074827328324318,0.007461364846676588
4,3,685,2021-03-26,39081,0.0054698996,0.005648796446621418,0.385,0.0005829239962622523,0.005200468003749847,0.0070023671723902225
4,3,690,2021-03-26,39099,0.006761379,0.006427403073757887,0.615,0.00046358484541997313,0.006089353002607822,0.0075433701276779175
4,3,693,2021-03-26,39109,0.006524731,0.00650740135461092,0.52,0.0001318261492997408,0.006372187286615372,0.00678227050229907
4,3,695,2021-03-26,39127,0.013258465,0.013276338577270508,0.295,4.364904452813789e-05,0.013202933594584465,0.013357698917388916
4,3,697,2021-03-26,39133,0.008269625,0.007488693110644817,0.75,0.0006982656777836382,0.0068032341077923775,0.008948479779064655
4,3,707,2021-03-26,41001,0.013858685,0.013859298080205917,0.495,3.507368819555268e-05,0.013754971325397491,0.013870717957615852
4,3,715,2021-03-26,41049,0.0025853924,0.002579750958830118,0.725,9.960405805031769e-06,0.0025533142033964396,0.0026055509224534035
4,3,727,2021-03-26,42051,0.005552853,0.006090204697102308,0.325,0.0008353320299647748,0.005293985828757286,0.007929994724690914
4,3,732,2021-03-26,42085,0.00975039,0.009332848712801933,0.58,0.0007722986629232764,0.008553742431104183,0.010918518528342247
4,3,734,2021-03-26,42101,0.0026685952,0.0026908970903605223,0.285,0.00017356393800582737,0.0026484807021915913,0.00314305629581213
4,3,735,2021-03-26,42111,0.008616037,0.006365847308188677,0.925,0.0009684149408712983,0.005918491631746292,0.009051058441400528
4,3,739,2021-03-26,44009,0.0051227403,0.004615208134055138,0.72,0.00035829615080729127,0.004511191975325346,0.005591921508312225
4,3,746,2021-03-26,45063,0.003555011,0.003596643451601267,0.41,0.00018919684225693345,0.003467963542789221,0.004023710265755653
4,3,754,2021-03-26,46019,0.0050294776,0.005001313053071499,0.805,1.565342245157808e-05,0.0049936710856854916,0.00504332035779953
4,3,756,2021-03-26,46025,0.0033047146,0.0033048205077648163,0.38,2.744739276749897e-06,0.00329546513967216,0.0033117905259132385
4,3,757,2021-03-26,46029,0.0015089092,0.0015167489182204008,0.165,2.4118176952470094e-05,0.0015064727049320936,0.0015835600206628442
4,3,772,2021-03-26,46069,0.0041117934,0.004155588336288929,0.145,0.00018893700325861573,0.004097012337297201,0.004693965427577496
4,3,780,2021-03-26,46095,0.0015381764,0.0015396184753626585,0.325,6.37264065517229e-06,0.001533876289613545,0.0015565805369988084
4,3,784,2021-03-26,46107,0.0065490888,0.006551522761583328,0.405,4.032109245599713e-06,0.006542939692735672,0.0065557281486690044
4,3,785,2021-03-26,46109,0.0018941702,0.0018593227723613381,0.775,2.023474735324271e-05,0.0018536609131842852,0.0019194060005247593
4,3,786,2021-03-26,46115,0.0018667436,0.0018690560245886445,0.36,9.330105058324989e-06,0.0018632132560014725,0.0018937417771667242
4,3,789,2021-03-26,46121,0.0014730404,0.0014751178678125143,0.46,1.6669202523189597e-05,0.0014416839694604278,0.0014992153737694025
4,3,796,2021-03-26,47023,0.016227733,0.016225893050432205,0.515,2.2541215003002435e-05,0.01616770587861538,0.016248872503638268
4,3,804,2021-03-26,47099,0.006653626,0.006531297229230404,0.575,0.0005804796819575131,0.006279026623815298,0.008234909735620022
4,3,806,2021-03-26,47119,0.0066808285,0.005387401208281517,1.0,0.0005088509060442448,0.0049830228090286255,0.006643657106906176
4,3,816,2021-03-26,48347,0.0031687913,0.0031553960870951414,0.775,1.5802228517713957e-05,0.0031401042360812426,0.0032042048405855894
4,3,817,2021-03-26,48365,0.040456843,0.04045616835355759,0.51,3.571202250896022e-05,0.04035648703575134,0.040491990745067596
4,3,818,2021-03-26,48401,0.0048586675,0.00489127216860652,0.24,3.591821587178856e-05,0.004799802787601948,0.004933150950819254
4,3,824,2021-03-26,51107,0.0020974723,0.0020966583397239447,0.565,4.7787511903152335e-06,0.0020860754884779453,0.0021035177633166313
4,3,827,2021-03-26,51173,0.0069329035,0.007066860795021057,0.295,0.0002788940619211644,0.006886737421154976,0.00776648847386241
4,3,838,2021-03-26,53071,0.005031746,0.005126516334712505,0.13,0.00019180271192453802,0.005012334790080786,0.005596673581749201
4,3,842,2021-03-26,54023,0.010182196,0.008551271632313728,0.86,0.0008679124875925481,0.008115916512906551,0.010786340571939945
4,3,845,2021-03-26,54077,0.009006743,0.008924324065446854,0.52,0.0009823517175391316,0.008189897984266281,0.011101976037025452
4,3,848,2021-03-26,56003,0.01307322,0.013071762397885323,0.535,8.807884114503395e-06,0.013048208318650723,0.013075865805149078
4,3,853,2021-03-26,56013,0.0005972125,0.0005987160257063806,0.495,9.226816473528743e-05,0.0005843852995894849,0.0008798643248155713
4,3,858,2021-03-26,56025,0.0009120264,0.0009722461691126227,0.375,0.0010888244723901153,0.0008824681863188744,0.0050542037934064865
4,3,860,2021-03-26,56035,0.00060580985,0.0006165044032968581,0.32,3.5807206586468965e-05,0.000601822102908045,0.0007155757630243897
4,3,868,2021-12-11,01089,0.0020076435,0.0021624667569994926,0.265,0.0003288634470663965,0.001979309367015958,0.002953601535409689
4,3,870,2021-12-11,04003,0.00075392873,0.0007477623876184225,0.725,7.415251275233459e-06,0.0007296905387192965,0.0007578933145850897
4,3,874,2021-12-11,04015,0.0044105775,0.004432039801031351,0.455,0.00028568561538122594,0.00433521019294858,0.00527728209272027
4,3,882,2021-12-11,05035,0.011804159,0.012053733691573143,0.475,0.003385701449587941,0.01024692039936781,0.02105274796485901
4,3,885,2021-12-11,05053,0.031987306,0.0344955176115036,0.15,0.001766587607562542,0.031011397019028664,0.0363321527838707
4,3,891,2021-12-11,05093,0.029494075,0.028307901695370674,0.675,0.004307004157453775,0.018005918711423874,0.0306821558624506
4,3,899,2021-12-11,06009,0.0065334174,0.006657525897026062,0.18,0.0031796086113899946,0.006418749690055847,0.020689014345407486
4,3,903,2021-12-11,06021,0.011689388,0.011696375906467438,0.32,0.00013196005602367222,0.011685315519571304,0.01226192805916071
4,3,904,2021-12-11,06025,0.0014468177,0.00145836197771132,0.31,3.220592043362558e-05,0.0014384128153324127,0.001538668293505907
4,3,909,2021-12-11,06041,0.0032053057,0.003544155741110444,0.05,0.0007832066039554775,0.003184354165568948,0.005716533400118351
4,3,910,2021-12-11,06043,0.005867668,0.005863803438842297,0.705,0.0011505368165671825,0.005417289678007364,0.011640030890703201
4,3,913,2021-12-11,06057,0.01240428,0.019697360694408417,0.025,0.010246763937175274,0.010978132486343384,0.052364934235811234
4,3,918,2021-12-11,06067,0.004532116,0.005515897646546364,0.005,0.008811648935079575,0.004524986259639263,0.03728121146559715
4,3,929,2021-12-11,06101,0.005569873,0.005572843831032515,0.38,0.0005162313464097679,0.005558408796787262,0.007652283646166325
4,3,935,2021-12-11,08001,0.000474759,0.000473604304715991,0.655,3.3840747164504137e-06,0.0004668055917136371,0.00047558353981003165
4,3,936,2021-12-11,08003,0.0056695417,0.005678987130522728,0.335,1.5942909158184193e-05,0.005662024952471256,0.005708852782845497
4,3,942,2021-12-11,08017,0.022890113,0.016444101929664612,0.72,0.005026862490922213,0.015026388689875603,0.03142058476805687
4,3,943,2021-12-11,08019,0.01778464,0.01779640093445778,0.26,9.731676982482895e-06,0.017768584191799164,0.017802676185965538
4,3,954,2021-12-11,08059,0.017701386,0.017699411138892174,0.835,2.7151309041073546e-06,0.01769227348268032,0.017706748098134995
4,3,961,2021-12-11,08077,0.001339783,0.0013247581664472818,0.8,1.0772909263323527e-05,0.0013188243610784411,0.0013584664557129145
4,3,965,2021-12-11,08089,0.12437282,0.12398240715265274,0.59,0.002095696283504367,0.11813683062791824,0.12486238777637482
4,3,975,2021-12-11,13213,0.0031081373,0.002928404603153467,0.77,0.0001090192818082869,0.002899618586525321,0.0032312534749507904
4,3,977,2021-12-11,13297,0.0009926041,0.0009759924141690135,0.75,1.14366021080059e-05,0.0009741783142089844,0.001010408392176032
4,3,988,2021-12-11,17003,0.0034513518,0.003391128731891513,0.555,0.0003289972082711756,0.0031987454276531935,0.0042116898111999035
4,3,989,2021-12-11,17005,0.0032160643,0.00322403060272336,0.4,7.367423677351326e-05,0.003210249124094844,0.003472918411716819
4,3,990,2021-12-11,17017,0.0067326603,0.005583841819316149,0.8,0.0008413912728428841,0.005482587963342667,0.00866222009062767
4,3,993,2021-12-11,17031,0.010171644,0.013487975113093853,0.035,0.009726431220769882,0.010087797418236732,0.041579559445381165
4,3,997,2021-12-11,17051,0.015805397,0.01590374857187271,0.31,6.95381240802817e-05,0.01573696918785572,0.01592959463596344
4,3,998,2021-12-11,17053,0.011123285,0.01285767275840044,0.195,0.006392693612724543,0.010798566043376923,0.03137339651584625
4,3,1006,2021-12-11,17089,0.008482159,0.01057392917573452,0.01,0.009582110680639744,0.008461475372314453,0.04074753448367119
4,3,1009,2021-12-11,17099,0.009134448,0.011430302634835243,0.18,0.007079811301082373,0.00879302155226469,0.032431140542030334
4,3,1020,2021-12-11,17135,0.0017547878,0.0017867879942059517,0.46,0.0004257110704202205,0.0016785368788987398,0.003155972808599472
4,3,1028,2021-12-11,17179,0.0057813083,0.006860541179776192,0.075,0.0037734650541096926,0.005709851160645485,0.018981851637363434
4,3,1029,2021-12-11,17181,0.0028482745,0.0025030612014234066,0.76,0.00021191583073232323,0.00242435559630394,0.0030470045749098063
4,3,1045,2021-12-11,18039,0.012857039,0.01663239300251007,0.295,0.015390696004033089,0.01144954189658165,0.061116404831409454
4,3,1046,2021-12-11,18041,0.019585794,0.015688270330429077,0.665,0.007403040304780006,0.013822311535477638,0.04005800932645798
4,3,1049,2021-12-11,18057,0.01168076,0.01448968704789877,0.015,0.008926785551011562,0.011634442955255508,0.040413741022348404
4,3,1050,2021-12-11,18069,0.012401504,0.015367571264505386,0.13,0.01101867388933897,0.01182639878243208,0.04809984564781189
4,3,1052,2021-12-11,18075,0.02002045,0.02490769512951374,0.075,0.009772556833922863,0.019773762673139572,0.051958389580249786
4,3,1060,2021-12-11,18103,0.01796161,0.020944036543369293,0.405,0.011798775754868984,0.0146842235699296,0.053417373448610306
4,3,1062,2021-12-11,18107,0.009829949,0.012251832522451878,0.12,0.007597899064421654,0.009598955512046814,0.03330539911985397
4,3,1064,2021-12-11,18115,0.017163303,0.009407873265445232,0.81,0.0047044651582837105,0.008085562847554684,0.023917509242892265
4,3,1069,2021-12-11,18133,0.006414098,0.0072757769376039505,0.07,0.007060745265334845,0.00640729907900095,0.030027218163013458
4,3,1073,2021-12-11,18149,0.021088276,0.02205813303589821,0.415,0.015859093517065048,0.019918177276849747,0.07564037293195724
4,3,1085,2021-12-11,19009,0.020031821,0.018745318055152893,0.99,0.0015489797806367278,0.016126178205013275,0.02004655823111534
4,3,1090,2021-12-11,19019,0.023163691,0.025702718645334244,0.035,0.007393228355795145,0.023009655997157097,0.04689737781882286
4,3,1093,2021-12-11,19025,0.03481204,0.031604915857315063,0.95,0.003669749479740858,0.025341229513287544,0.034921739250421524
4,3,1094,2021-12-11,19027,0.02612231,0.027605030685663223,0.38,0.0057381195947527885,0.024363862350583076,0.04147893935441971
4,3,1096,2021-12-11,19031,0.019916428,0.016426268965005875,0.685,0.005972789600491524,0.015931006520986557,0.037327855825424194
4,3,1101,2021-12-11,19041,0.016510464,0.02043922245502472,0.06,0.00535630015656352,0.016397573053836823,0.032721519470214844
4,3,1108,2021-12-11,19055,0.021714084,0.02380656823515892,0.325,0.008183309808373451,0.02092546597123146,0.04594007506966591
4,3,1114,2021-12-11,19067,0.020308416,0.02099461853504181,0.42,0.0013276973040774465,0.018935345113277435,0.02249877341091633
4,3,1139,2021-12-11,19125,0.011393749,0.013163181021809578,0.12,0.00808144174516201,0.0112055204808712,0.038539543747901917
4,3,1141,2021-12-11,19129,0.11968526,0.11909091472625732,0.94,0.002444631652906537,0.11201202869415283,0.11972721666097641
4,3,1149,2021-12-11,19147,0.03309144,0.03312177211046219,0.465,0.000641820312011987,0.032980941236019135,0.03542020171880722
4,3,1150,2021-12-11,19149,0.012208963,0.012253912165760994,0.295,0.00011284407810308039,0.012180186808109283,0.012563633732497692
4,3,1154,2021-12-11,19157,0.0242091,0.024757586419582367,0.29,0.00738978898152709,0.023972978815436363,0.04831349849700928
4,3,1158,2021-12-11,19165,0.013719213,0.014851830899715424,0.01,0.0030668783001601696,0.013709449209272861,0.02357201837003231
4,3,1162,2021-12-11,19173,0.02410058,0.025000914931297302,0.025,0.003477308200672269,0.024063963443040848,0.0352284237742424
4,3,1167,2021-12-11,19185,0.04965266,0.04940233379602432,0.65,0.0011314183939248323,0.04664237052202225,0.04983637481927872
4,3,1169,2021-12-11,19189,0.04416042,0.043819859623909,0.935,0.0008617445710115135,0.04121464863419533,0.0444348119199276
4,3,1173,2021-12-11,19197,0.12893894,0.12851859629154205,0.54,0.004294727463275194,0.11660245060920715,0.13073158264160156
4,3,1174,2021-12-11,20001,0.017949615,0.018077675253152847,0.03,5.739331754739396e-05,0.01794692501425743,0.01812158152461052
4,3,1176,2021-12-11,20005,0.024294322,0.024341661483049393,0.42,0.0022335569374263287,0.023645851761102676,0.03286178037524223
4,3,1183,2021-12-11,20023,0.016419096,0.01589488424360752,0.685,0.0006525654462166131,0.015530047938227654,0.01800028420984745
4,3,1188,2021-12-11,20041,0.106688775,0.10530602186918259,0.67,0.006136702839285135,0.0887882262468338,0.10772334039211273
4,3,1189,2021-12-11,20043,0.08720281,0.08536425977945328,0.79,0.006373795680701733,0.06773994117975235,0.08763686567544937
4,3,1190,2021-12-11,20045,0.009112992,0.009285030886530876,0.34,0.0022168774157762527,0.008935333229601383,0.01626843586564064
4,3,1194,2021-12-11,20059,0.010208425,0.010234124958515167,0.3,0.0006450316868722439,0.010163366794586182,0.012543519027531147
4,3,1195,2021-12-11,20061,0.041142832,0.04038785398006439,0.835,0.001083636423572898,0.038117486983537674,0.041304562240839005
4,3,1220,2021-12-11,20129,0.08367671,0.08321832120418549,0.855,0.0009555460419505835,0.08052878081798553,0.08377621322870255
4,3,1229,2021-12-11,20151,0.021216253,0.021261565387248993,0.49,0.003343254793435335,0.02006734162569046,0.03152966499328613
4,3,1230,2021-12-11,20153,0.024007851,0.023724079132080078,0.695,0.0006507958751171827,0.023117367178201675,0.025928152725100517
4,3,1237,2021-12-11,20169,0.11887126,0.11673048883676529,0.725,0.008152510970830917,0.09535601735115051,0.11989018321037292
4,3,1239,2021-12-11,20173,0.018058766,0.020409617573022842,0.095,0.004751309752464294,0.01784239150583744,0.03194848448038101
4,3,1244,2021-12-11,20183,0.044308614,0.045140139758586884,0.395,0.00438272301107645,0.04313760995864868,0.05717335641384125
4,3,1245,2021-12-11,20185,0.068001784,0.06698055565357208,0.845,0.0037336433306336403,0.056641194969415665,0.06825818121433258
4,3,1247,2021-12-11,20193,0.01964388,0.018410351127386093,0.9,0.0005673884297721088,0.017995161935687065,0.02017550729215145
4,3,1251,2021-12-11,20201,0.032327693,0.03256908059120178,0.465,0.0014283318305388093,0.029799599200487137,0.03348902612924576
4,3,1255,2021-12-11,21001,0.008194494,0.005714318715035915,0.84,0.00129488087259233,0.0051755141466856,0.009169093333184719
4,3,1259,2021-12-11,21029,0.0049588513,0.0052146282978355885,0.18,0.003032526932656765,0.004927835892885923,0.015583118423819542
4,3,1268,2021-12-11,21087,0.0063442523,0.0076363421976566315,0.28,0.0026261750608682632,0.005988203454762697,0.014074135571718216
4,3,1270,2021-12-11,21095,0.013263388,0.01308743841946125,0.585,0.0009130079997703433,0.010989322327077389,0.013457927852869034
4,3,1271,2021-12-11,21099,0.024119662,0.023541193455457687,0.56,0.00225462787784636,0.019294381141662598,0.025280442088842392
4,3,1275,2021-12-11,21133,0.0061556813,0.006172786932438612,0.315,0.0001714587997412309,0.0060786413960158825,0.006904023699462414
4,3,1290,2021-12-11,21197,0.0067011784,0.006945333443582058,0.465,0.0023525957949459553,0.005912282038480043,0.013452427461743355
4,3,1298,2021-12-11,21219,0.17265673,0.17149633169174194,0.87,0.0034718564711511135,0.16196031868457794,0.1728544682264328
4,3,1306,2021-12-11,23009,0.010541455,0.006758953910320997,0.745,0.0029662451706826687,0.005619343835860491,0.015163129195570946
4,3,1307,2021-12-11,23021,0.008245478,0.0061822133138775826,0.92,0.0008056849474087358,0.006049367133527994,0.009042104706168175
4,3,1309,2021-12-11,25001,0.02361222,0.023894257843494415,0.365,0.0008468637242913246,0.02332569658756256,0.026101376861333847
4,3,1315,2021-12-11,26003,0.012593824,0.01197836734354496,0.83,0.0003723669215105474,0.011792131699621677,0.013239596039056778
4,3,1316,2021-12-11,26005,0.009262822,0.012735487893223763,0.17,0.002549980068579316,0.007761210668832064,0.020063702017068863
4,3,1326,2021-12-11,26031,0.03445178,0.07066366821527481,0.25,0.02044083923101425,0.025640172883868217,0.07768779247999191
4,3,1327,2021-12-11,26033,0.02678392,0.02846897393465042,0.2,0.0010276911780238152,0.025341784581542015,0.02915172278881073
4,3,1333,2021-12-11,26051,0.04190937,0.045344360172748566,0.2,0.01583227701485157,0.033207058906555176,0.10500319302082062
4,3,1338,2021-12-11,26063,0.031617325,0.02375807985663414,0.6,0.031443171203136444,0.01555540505796671,0.11975735425949097
4,3,1342,2021-12-11,26075,0.009845657,0.012814793735742569,0.01,0.012377278879284859,0.00983496569097042,0.055541492998600006
4,3,1344,2021-12-11,26079,0.032240372,0.06265614926815033,0.135,0.015018285252153873,0.029343433678150177,0.06970341503620148
4,3,1347,2021-12-11,26087,0.039242685,0.05573315918445587,0.265,0.011353300884366035,0.03305374085903168,0.06309420615434647
4,3,1349,2021-12-11,26091,0.015412399,0.015870722010731697,0.3,0.022167066112160683,0.015247547999024391,0.08428493142127991
4,3,1353,2021-12-11,26101,0.03121652,0.043134599924087524,0.245,0.008154356852173805,0.026976242661476135,0.04913211241364479
4,3,1376,2021-12-11,26157,0.018394332,0.020436696708202362,0.235,0.014130208641290665,0.016676168888807297,0.06819616258144379
4,3,1378,2021-12-11,26161,0.012891545,0.01339707337319851,0.38,0.018925713375210762,0.009842720814049244,0.0714866891503334
4,3,1380,2021-12-11,26165,0.058401436,0.04742623120546341,0.95,0.011411771178245544,0.018624788150191307,0.06599487364292145
4,3,1383,2021-12-11,27019,0.006930679,0.007330109365284443,0.075,0.0025445972569286823,0.0069121611304581165,0.015873773023486137
4,3,1385,2021-12-11,27033,0.0043411716,0.0045235250145196915,0.09,0.0007893118890933692,0.004307864233851433,0.0069940779358148575
4,3,1401,2021-12-11,27093,0.004327085,0.0053641353733837605,0.1,0.0029595079831779003,0.004292771220207214,0.014181270264089108
4,3,1403,2021-12-11,27101,0.0017584832,0.001768939197063446,0.425,0.00040010479278862476,0.0017333198338747025,0.0030877988319844007
4,3,1408,2021-12-11,27121,0.0020099638,0.0022723404690623283,0.095,0.0015884240856394172,0.002003901870921254,0.007761970162391663
4,3,1413,2021-12-11,27139,0.012089387,0.012567912228405476,0.35,0.003991550765931606,0.011897911317646503,0.02637580968439579
4,3,1417,2021-12-11,27147,0.021710973,0.023869473487138748,0.115,0.007605473976582289,0.021584203466773033,0.0449068583548069
4,3,1419,2021-12-11,27161,0.015605748,0.01794307306408882,0.335,0.006756755989044905,0.014662686735391617,0.03533994406461716
4,3,1424,2021-12-11,28033,0.00991763,0.011236835271120071,0.225,0.0019617576617747545,0.009642737917602062,0.01556564960628748
4,3,1426,2021-12-11,29005,0.025007749,0.02520904317498207,0.04,0.001780020771548152,0.024994682520627975,0.03089972957968712
4,3,1433,2021-12-11,29029,0.004156441,0.004104213323444128,0.96,1.9212679035263136e-05,0.004087493289262056,0.004162656608968973
4,3,1436,2021-12-11,29043,0.0018485769,0.0018543448532000184,0.33,8.811717634671368e-06,0.0018329498125240207,0.0018673836020752788
4,3,1445,2021-12-11,29071,0.004049934,0.003818387631326914,0.965,8.852939936332405e-05,0.0037999670021235943,0.004071919713169336
4,3,1448,2021-12-11,29077,0.0030543131,0.003054441651329398,0.49,5.61496426598751e-06,0.0030414434149861336,0.003064722754061222
4,3,1449,2021-12-11,29079,0.016031414,0.01666557788848877,0.04,0.0024889735504984856,0.015921784564852715,0.023586496710777283
4,3,1453,2021-12-11,29101,0.00879027,0.007317828014492989,0.705,0.0013920890633016825,0.0070900400169193745,0.011549175716936588
4,3,1454,2021-12-11,29105,0.0016932043,0.001576798502355814,0.88,5.2661718655144796e-05,0.0015629008412361145,0.0017188043566420674
4,3,1458,2021-12-11,29117,0.0132796895,0.013459619134664536,0.295,0.0015378480311483145,0.013158980756998062,0.017986686900258064
4,3,1465,2021-12-11,29151,0.010530745,0.010628089308738708,0.025,4.343640466686338e-05,0.010526237078011036,0.01065289881080389
4,3,1467,2021-12-11,29157,0.0025579748,0.0022416040301322937,0.86,0.00016136496560648084,0.002177966758608818,0.0026739095337688923
4,3,1483,2021-12-11,29213,0.0027170042,0.0027351747266948223,0.23,1.3282223335409071e-05,0.0027038678526878357,0.0027464532759040594
4,3,1493,2021-12-11,32003,0.0013803587,0.0014435930643230677,0.32,0.00020600079733412713,0.0013533321907743812,0.0019856756553053856
4,3,1495,2021-12-11,32013,0.0007144534,0.0007513830787502229,0.27,0.00014541699783876538,0.000710741151124239,0.0012268817517906427
4,3,1498,2021-12-11,35001,0.00071661425,0.0007239753031171858,0.225,3.504378764773719e-05,0.0007115454645827413,0.000834583945106715
4,3,1510,2021-12-11,35037,0.009343736,0.009054913185536861,0.63,0.0005095629021525383,0.008803638629615307,0.010517380200326443
4,3,1513,2021-12-11,35045,0.006333782,0.006333879195153713,0.5,4.6354114601854235e-05,0.006201517768204212,0.00635480834171176
4,3,1515,2021-12-11,35049,0.005866722,0.005870910361409187,0.425,6.209997809492052e-05,0.005688486620783806,0.0060080247931182384
4,3,1516,2021-12-11,35053,0.0015934173,0.0015943972393870354,0.485,3.58269244316034e-05,0.001578649738803506,0.0017031246097758412
4,3,1523,2021-12-11,36011,0.008602968,0.008966298773884773,0.15,0.0014370819553732872,0.008306517265737057,0.014744700863957405
4,3,1529,2021-12-11,36031,0.032863747,0.01895453967154026,0.965,0.00461916858330369,0.01646912842988968,0.03770352154970169
4,3,1537,2021-12-11,36049,0.053647432,0.11449206620454788,0.19,0.030597224831581116,0.037073828279972076,0.12329760938882828
4,3,1544,2021-12-11,36065,0.011482434,0.007719178684055805,0.92,0.0021577163133770227,0.005613397806882858,0.016901426017284393
4,3,1545,2021-12-11,36067,0.0038651144,0.0023229820653796196,0.65,0.0021642025094479322,0.002057211007922888,0.009591717272996902
4,3,1550,2021-12-11,36089,0.03245807,0.024661310017108917,0.96,0.004127070773392916,0.01739533245563507,0.03531027212738991
4,3,1557,2021-12-11,36111,0.0044610016,0.010044341906905174,0.085,0.002213688800111413,0.003622861346229911,0.010256759822368622
4,3,1561,2021-12-11,36121,0.02678293,0.028209876269102097,0.2,0.0034626892302185297,0.025834619998931885,0.04214326664805412
4,3,1562,2021-12-11,36123,0.033005673,0.03567089885473251,0.315,0.0025476026348769665,0.028441304340958595,0.03642497956752777
4,3,1563,2021-12-11,37001,0.0011076787,0.0011123479343950748,0.28,4.881531640421599e-05,0.0011027412256225944,0.0012496502604335546
4,3,1580,2021-12-11,39051,0.013909322,0.018019501119852066,0.16,0.02245335280895233,0.013061145320534706,0.08925178647041321
4,3,1585,2021-12-11,39071,0.012268239,0.008068205788731575,0.695,0.004076608922332525,0.0074503421783447266,0.021590903401374817
4,3,1590,2021-12-11,39109,0.009389383,0.01067495159804821,0.435,0.008588988333940506,0.00838070921599865,0.03528261557221413
4,3,1595,2021-12-11,39131,0.0111597385,0.00788349099457264,0.715,0.004218481481075287,0.007644475903362036,0.02356266975402832
4,3,1596,2021-12-11,39133,0.007207178,0.006112158298492432,0.635,0.003549241926521063,0.005834722891449928,0.019701862707734108
4,3,1598,2021-12-11,39137,0.013056436,0.015430023893713951,0.245,0.010644212365150452,0.012313544750213623,0.0482001006603241
4,3,1604,2021-12-11,39173,0.01299848,0.014188825152814388,0.2,0.010292872786521912,0.012906254269182682,0.04784141853451729
4,3,1605,2021-12-11,40003,0.016958993,0.01662975549697876,0.56,0.002783353440463543,0.01589423604309559,0.02441658079624176
4,3,1607,2021-12-11,40025,0.01084609,0.010952210985124111,0.34,0.0006351819029077888,0.010794411413371563,0.013032193295657635
4,3,1609,2021-12-11,40045,0.01614312,0.017072539776563644,0.14,0.002138141542673111,0.015995962545275688,0.022714126855134964
4,3,1621,2021-12-11,41019,0.0030355859,0.002152260858565569,0.785,0.0005567524931393564,0.001993464771658182,0.003962497692555189
4,3,1631,2021-12-11,44009,0.011227861,0.010208485648036003,0.715,0.0011484635761007667,0.00960582122206688,0.013545595109462738
4,3,1632,2021-12-11,45083,0.0014445977,0.0014419073704630136,0.585,1.804904059099499e-05,0.0014387015253305435,0.0014919611858204007
4,3,1633,2021-12-11,46003,0.0023000017,0.0022861692123115063,0.89,1.102296300814487e-05,0.0022715867962688208,0.00230115232989192
4,3,1641,2021-12-11,46023,0.0051630186,0.005159314721822739,0.94,3.3524154332553735e-06,0.0051542650908231735,0.005163426976650953
4,3,1642,2021-12-11,46025,0.0023046862,0.0023236903361976147,0.075,4.402206468512304e-05,0.0023039397783577442,0.0024417240638285875
4,3,1644,2021-12-11,46029,0.001247146,0.0012534086126834154,0.19,3.30273833242245e-05,0.0012442650040611625,0.0013650384498760104
4,3,1663,2021-12-11,46069,0.0010733891,0.0010705713648349047,0.92,1.7063540553863277e-06,0.001068419311195612,0.0010737675474956632
4,3,1667,2021-12-11,46077,0.0015527322,0.0015540686435997486,0.11,1.0767046660475899e-05,0.0015514547703787684,0.0015902414452284575
4,3,1676,2021-12-11,46095,0.0010611069,0.0010538962669670582,0.745,1.5277380953193642e-05,0.0010175484931096435,0.001080891815945506
4,3,1678,2021-12-11,46099,0.0023388155,0.0024026331957429647,0.135,0.00020755223522428423,0.0023296040017157793,0.003059339476749301
4,3,1681,2021-12-11,46107,0.001146323,0.0011472353944554925,0.01,1.0398873655503849e-06,0.0011462620459496975,0.0011501582339406013
4,3,1682,2021-12-11,46109,0.0014475711,0.0014093100326135755,0.685,3.1197112548397854e-05,0.001401018351316452,0.0015013895463198423
4,3,1684,2021-12-11,46115,0.0023836398,0.0023923879489302635,0.18,2.9272123356349766e-05,0.0023819610942155123,0.0024736844934523106
4,3,1687,2021-12-11,46121,0.0016116678,0.0016047649551182985,0.835,7.053060016914969e-06,0.0015891256043687463,0.0016196075594052672
4,3,1693,2021-12-11,47007,0.006690023,0.006681637838482857,0.63,1.4664756236015819e-05,0.006669794209301472,0.006722907070070505
4,3,1705,2021-12-11,47063,0.0021486739,0.0021819118410348892,0.045,0.00011419784277677536,0.0021479520946741104,0.002515543717890978
4,3,1709,2021-12-11,47081,0.007924797,0.006317558698356152,0.915,0.0008050710894167423,0.005766072776168585,0.008197344839572906
4,3,1710,2021-12-11,47087,0.006364857,0.005749808624386787,0.635,0.000543455418664962,0.005545245949178934,0.007134733721613884
4,3,1714,2021-12-11,47099,0.005989136,0.005917801987379789,0.58,0.0003318806702736765,0.005821686238050461,0.006953934207558632
4,3,1716,2021-12-11,47113,0.007885347,0.008242785930633545,0.41,0.002994631417095661,0.00735752796754241,0.017236588522791862
4,3,1720,2021-12-11,47127,0.004294325,0.004290805198252201,0.51,0.00022557926422450691,0.004194085951894522,0.004879229702055454
4,3,1722,2021-12-11,47133,0.0041784863,0.0036725979298353195,0.755,0.00035470459260977805,0.003525400999933481,0.004688069690018892
4,3,1730,2021-12-11,47161,0.034148555,0.03510471060872078,0.305,0.000944899395108223,0.03391897678375244,0.036332059651613235
4,3,1739,2021-12-11,48111,0.013520596,0.01065504178404808,0.945,0.0012103752233088017,0.010105771943926811,0.014088086783885956
4,3,1744,2021-12-11,48211,0.010131921,0.010629469528794289,0.225,0.0012108463561162353,0.009924373589456081,0.013747797347605228
4,3,1749,2021-12-11,48359,0.007725503,0.007968233898282051,0.38,0.000716930371709168,0.007463551126420498,0.009854566305875778
4,3,1753,2021-12-11,48393,0.010644405,0.011188299395143986,0.205,0.0010920967906713486,0.010497177951037884,0.013842248357832432
4,3,1754,2021-12-11,48421,0.014979572,0.015220491215586662,0.35,0.0011153421364724636,0.014655539765954018,0.0182846300303936
4,3,1755,2021-12-11,48437,0.0050305175,0.005120234098285437,0.33,0.0004062904336024076,0.004974178969860077,0.006297324784100056
4,3,1761,2021-12-11,49027,0.00089367345,0.0008976407116279006,0.355,3.30065049638506e-05,0.0008916569058783352,0.0010029977420344949
4,3,1764,2021-12-11,49049,0.0012215739,0.0012213990557938814,0.63,9.113305736718758e-07,0.0012193121947348118,0.0012239894131198525
4,3,1771,2021-12-11,50011,0.010439288,0.005091678351163864,0.72,0.004593267105519772,0.0038917814381420612,0.01981470175087452
4,3,1774,2021-12-11,50017,0.010537302,0.009837491437792778,0.775,0.0009283713297918439,0.009520679712295532,0.013250374235212803
4,3,1779,2021-12-11,51071,0.0034603577,0.003491316456347704,0.23,0.0002996425027959049,0.0034565990790724754,0.004502312280237675
4,3,1782,2021-12-11,51173,0.015158174,0.015099969692528248,0.645,0.0005363629315979779,0.0134497145190835,0.0151880644261837
4,3,1786,2021-12-11,53071,0.0011366806,0.0011355822207406163,0.565,3.5437202313914895e-05,0.0011157771805301309,0.0012336106738075614
4,3,1790,2021-12-11,54069,0.0096865315,0.009139702655375004,0.95,0.0012493054382503033,0.0064711542800068855,0.009705857373774052
4,3,1803,2021-12-11,55033,0.04899633,0.025201737880706787,0.97,0.009025716222822666,0.02206612378358841,0.05183625966310501
4,3,1809,2021-12-11,55049,0.046790957,0.04710312932729721,0.435,0.0017548149917274714,0.042213477194309235,0.047617677599191666
4,3,1814,2021-12-11,55063,0.019791745,0.02016117423772812,0.265,0.0017863551620393991,0.019021211192011833,0.025723816826939583
4,3,1815,2021-12-11,55065,0.0075502163,0.007949072867631912,0.28,0.006238036323338747,0.007533111143857241,0.02833075262606144
4,3,1817,2021-12-11,55073,0.01564597,0.012568989768624306,0.92,0.0014914949424564838,0.011488107964396477,0.01881406456232071
4,3,1822,2021-12-11,55085,0.028636662,0.05994812771677971,0.235,0.019609156996011734,0.024342691525816917,0.07392094284296036
4,3,1823,2021-12-11,55087,0.01717743,0.017177056521177292,0.5,0.00017983248108066618,0.01706133969128132,0.017731383442878723
4,3,1826,2021-12-11,55093,0.018728865,0.019847577437758446,0.27,0.007106458302587271,0.01844235695898533,0.040152646601200104
4,3,1833,2021-12-11,55117,0.013599521,0.015845276415348053,0.115,0.009143693372607231,0.013234053738415241,0.04514889791607857
4,3,1842,2021-12-11,55141,0.0077597536,0.008479153737425804,0.135,0.00045756850158795714,0.007576306816190481,0.009463620372116566
4,3,1848,2021-12-11,56013,0.0005650077,0.0005597476265393198,0.535,6.270816083997488e-05,0.0005458563682623208,0.0007675782544538379
4,3,1850,2021-12-11,56025,0.0007598864,0.0007614917703904212,0.435,1.3051570022071246e-05,0.0007581232930533588,0.0008005229174159467
4,3,1852,2021-12-11,56035,0.00019432616,0.00019492965657263994,0.45,1.3123139979143161e-05,0.0001921344519359991,0.0002339741331525147
4,3,1860,2022-06-08,01059,0.011771863,0.011846901848912239,0.08,4.134122718824074e-05,0.011761665344238281,0.011884601786732674
4,3,1861,2022-06-08,01073,0.004843058,0.004841328598558903,0.605,5.7879396990756504e-06,0.004835540894418955,0.004854020196944475
4,3,1862,2022-06-08,01089,0.0025545221,0.0026874016039073467,0.25,0.00014780044148210436,0.0025075043085962534,0.0029437777120620012
4,3,1872,2022-06-08,05139,0.0133079635,0.013313747942447662,0.125,3.2948537409538403e-06,0.01330585591495037,0.013318292796611786
4,3,1878,2022-06-08,06051,0.05145173,0.051451582461595535,0.5,4.158712545176968e-05,0.05134294927120209,0.05147305503487587
4,3,1879,2022-06-08,06057,0.0069394438,0.006932015996426344,0.645,1.944336327142082e-05,0.006927535403519869,0.006983152125030756
4,3,1888,2022-06-08,08077,0.0010806421,0.0010608431184664369,0.74,2.4747881980147213e-05,0.0010548185091465712,0.0011386263649910688
4,3,1898,2022-06-08,12111,0.0045191445,0.004576481878757477,0.32,7.20138123142533e-05,0.004490881226956844,0.004720595665276051
4,3,1899,2022-06-08,12133,0.0221476,0.022136816754937172,0.915,4.460933723748894e-06,0.022135265171527863,0.022152096033096313
4,3,1901,2022-06-08,13077,0.011523217,0.011530870571732521,0.345,1.2955886631971225e-05,0.011499644257128239,0.011544584296643734
4,3,1904,2022-06-08,13297,0.002228891,0.0022001839242875576,0.805,1.9890030671376735e-05,0.002181942341849208,0.0022420957684516907
4,3,1907,2022-06-08,17031,0.0014413833,0.001430520205758512,0.99,9.285598025599029e-06,0.0014084826689213514,0.0014418455539271235
4,3,1909,2022-06-08,17089,0.0012947669,0.0012743099359795451,0.975,1.3469049918057863e-05,0.0012491155648604035,0.0012951749376952648
4,3,1919,2022-06-08,18067,0.0015141804,0.0015229001874104142,0.135,1.398638869432034e-05,0.0014921898255124688,0.0015593861462548375
4,3,1920,2022-06-08,18069,0.0012784597,0.0012786538572981954,0.485,9.454050086787902e-06,0.0012584679061546922,0.0012996768346056342
4,3,1932,2022-06-08,19173,0.0057735243,0.005797686520963907,0.2,7.645774894626811e-05,0.005730865057557821,0.006021093111485243
4,3,1935,2022-06-08,21037,0.021896722,0.021901192143559456,0.285,7.233908490889007e-06,0.021893661469221115,0.02192123979330063
4,3,1942,2022-06-08,22067,0.015046653,0.015038189478218555,0.88,4.7096395974222105e-06,0.015034517273306847,0.01504868920892477
4,3,1947,2022-06-08,24005,0.0015818558,0.0015871438663452864,0.035,9.447781849303283e-06,0.0015817007515579462,0.001611315761692822
4,3,1957,2022-06-08,27033,0.0031354667,0.0031304839067161083,0.72,1.305714340560371e-05,0.0030959772411733866,0.0031618494540452957
4,3,1958,2022-06-08,27089,0.0018626336,0.0019443938508629799,0.035,4.246066964697093e-05,0.001824615173973143,0.002049094531685114
4,3,1963,2022-06-08,28049,0.010533516,0.010567033663392067,0.075,1.643324867472984e-05,0.010527805425226688,0.010579109191894531
4,3,1965,2022-06-08,28053,0.015360113,0.015380548313260078,0.14,1.1936143891944084e-05,0.015355613082647324,0.015389549545943737
4,3,1970,2022-06-08,28111,0.01969307,0.019866175949573517,0.07,8.223464101320133e-05,0.01965797133743763,0.019907794892787933
4,3,1972,2022-06-08,28129,0.01252141,0.012551508843898773,0.095,1.6378337022615597e-05,0.012513922527432442,0.01256271917372942
4,3,1979,2022-06-08,29005,0.0048053917,0.004807594232261181,0.455,2.628726178954821e-05,0.0047291177324950695,0.004857318941503763
4,3,1982,2022-06-08,29029,0.012044486,0.012051990255713463,0.195,6.810257673350861e-06,0.012036987580358982,0.012060767039656639
4,3,1986,2022-06-08,29071,0.0030448854,0.0028770603239536285,0.895,8.183556201402098e-05,0.0028292860370129347,0.003096297150477767
4,3,1987,2022-06-08,29079,0.0036095344,0.003635644679889083,0.425,0.00016843732737470418,0.0035463846288621426,0.0040822685696184635
4,3,1990,2022-06-08,29101,0.0048652445,0.004836950451135635,0.69,2.7100739316665567e-05,0.004825630225241184,0.0049124364741146564
4,3,1991,2022-06-08,29107,0.018951185,0.0189669132232666,0.43,4.232637002132833e-05,0.018873991444706917,0.019000083208084106
4,3,2002,2022-06-08,30075,0.0086069675,0.008597826585173607,0.965,4.557990905595943e-06,0.008593658916652203,0.008607565425336361
4,3,2007,2022-06-08,32011,0.020683734,0.020682524889707565,0.715,3.7036088542663492e-06,0.02067296952009201,0.020684178918600082
4,3,2008,2022-06-08,32013,0.0055537946,0.005555255338549614,0.35,3.3376843475707574e-06,0.005551036912947893,0.005563018843531609
4,3,2020,2022-06-08,35001,0.0005647287,0.0005723745562136173,0.07,1.1997624824289232e-05,0.0005642688483931124,0.0006019745487719774
4,3,2024,2022-06-08,35035,0.0021714945,0.002085707150399685,0.585,0.0001491306902607903,0.0020309200044721365,0.002498708898201585
4,3,2025,2022-06-08,35037,0.0026041043,0.002550713252276182,0.64,6.981650221860036e-05,0.0024825632572174072,0.0027040275745093822
4,3,2028,2022-06-08,35053,0.0003978613,0.00040720796096138656,0.445,6.873784877825528e-05,0.00037042383337393403,0.0005908117746002972
4,3,2030,2022-06-08,37001,0.0013598147,0.0013596649514511228,0.59,2.052925992757082e-06,0.0013532101875171065,0.001362779294140637
4,3,2042,2022-06-08,37135,0.0018882779,0.001876921160146594,0.88,1.0961390216834843e-05,0.0018485115142539144,0.0019037758465856314
4,3,2043,2022-06-08,37145,0.0011138314,0.001118810847401619,0.11,5.132818387210136e-06,0.0011024742852896452,0.0011293404968455434
4,3,2044,2022-06-08,37147,0.002225297,0.002166316844522953,0.6,0.00010091867443406954,0.0020549441687762737,0.0023798637557774782
4,3,2052,2022-06-08,39017,0.03147563,0.031472720205783844,0.835,1.9881490516127087e-05,0.03140546381473541,0.031481001526117325
4,3,2060,2022-06-08,39045,0.03589781,0.03589902073144913,0.44,3.5632708659250056e-06,0.03589010238647461,0.035903092473745346
4,3,2065,2022-06-08,39071,0.007889873,0.00786779448390007,0.66,1.90010014193831e-05,0.007852589711546898,0.007907536812126637
4,3,2069,2022-06-08,39105,0.0024904686,0.0023483019322156906,0.995,7.27900696801953e-05,0.0022736666724085808,0.002495816210284829
4,3,2071,2022-06-08,39109,0.006918834,0.006921663880348206,0.01,1.1402897825973923e-06,0.006917720660567284,0.006924030836671591
4,3,2072,2022-06-08,39111,0.016693054,0.016693945974111557,0.17,7.434431608999148e-06,0.016692347824573517,0.016715534031391144
4,3,2074,2022-06-08,39127,0.005475977,0.005428691394627094,0.92,2.184090953960549e-05,0.005412701051682234,0.005487076006829739
4,3,2075,2022-06-08,39131,0.012539323,0.012513058260083199,0.67,2.3935655917739496e-05,0.01249454915523529,0.01256423257291317
4,3,2077,2022-06-08,39141,0.007966646,0.007923614233732224,0.865,3.208060297765769e-05,0.007885689847171307,0.00798244122415781
4,3,2083,2022-06-08,40015,0.035176903,0.03517649322748184,0.62,2.3267639335244894e-06,0.035172753036022186,0.03518170118331909
4,3,2090,2022-06-08,40065,0.0035358125,0.0035183471627533436,0.985,1.3599812518805265e-05,0.0034902356564998627,0.003536087926477194
4,3,2096,2022-06-08,40113,0.0030853231,0.003083400893956423,0.53,2.699722426768858e-05,0.003016767092049122,0.0031360541470348835
4,3,2097,2022-06-08,40119,0.005196983,0.005172720178961754,0.58,6.766089063603431e-05,0.005148755852133036,0.005358017981052399
4,3,2098,2022-06-08,40123,0.0055569476,0.005518428049981594,0.905,1.640033588046208e-05,0.005511467345058918,0.005562185775488615
4,3,2107,2022-06-08,42051,0.0069494876,0.006948486901819706,0.775,2.6372913453087676e-06,0.006941974628716707,0.0069509632885456085
4,3,2109,2022-06-08,42111,0.003157149,0.003136164043098688,0.85,1.1198132597201038e-05,0.003130618715658784,0.0031645239796489477
4,3,2111,2022-06-08,45015,0.0027910187,0.0027833902277052402,0.58,6.629157724091783e-05,0.002730039646849036,0.002966454951092601
4,3,2116,2022-06-08,46003,0.0033695986,0.0033740962389856577,0.21,1.915372376970481e-05,0.0033677173778414726,0.003434309270232916
4,3,2119,2022-06-08,46019,0.02145235,0.021443884819746017,0.8,1.083291044778889e-05,0.02142755314707756,0.021467257291078568
4,3,2120,2022-06-08,46023,0.0031910993,0.003195317229256034,0.265,2.6932561013381928e-05,0.003186072688549757,0.0032790626864880323
4,3,2121,2022-06-08,46025,0.0021527098,0.002150810556486249,0.635,5.017341663915431e-06,0.0021396831143647432,0.002163946395739913
4,3,2133,2022-06-08,46069,0.0031740973,0.0031902433838695288,0.115,4.8154735850403085e-05,0.003172992030158639,0.003318873466923833
4,3,2137,2022-06-08,46077,0.0025756978,0.002577496226876974,0.345,7.423926035698969e-06,0.0025726105086505413,0.0025995129253715277
4,3,2141,2022-06-08,46095,0.0018714664,0.0019529040437191725,0.05,3.607841063058004e-05,0.0018647219985723495,0.0019764325115829706
4,3,2144,2022-06-08,46107,0.0023890145,0.0023629008792340755,0.635,3.271520108683035e-05,0.0023523997515439987,0.002449714345857501
4,3,2145,2022-06-08,46109,0.0019856594,0.001985629089176655,0.505,4.586587692756439e-06,0.001974659040570259,0.001997696701437235
4,3,2146,2022-06-08,46115,0.002534666,0.002537389285862446,0.17,1.351402715954464e-05,0.002529475139454007,0.002576628001406789
4,3,2149,2022-06-08,46121,0.0024830732,0.0024291793815791607,0.945,2.570795732026454e-05,0.0024139205925166607,0.002491479506716132
4,3,2160,2022-06-08,48111,0.0038648297,0.0038235667161643505,0.83,2.2254957002587616e-05,0.003808111185207963,0.0038869052659720182
4,3,2173,2022-06-08,48279,0.0024486508,0.0024399440735578537,0.66,1.8913473468273878e-05,0.0024014574009925127,0.002491661347448826
4,3,2179,2022-06-08,48359,0.0030929765,0.0030855522491037846,0.925,7.198854291345924e-06,0.0030703472439199686,0.003097008680924773
4,3,2182,2022-06-08,48393,0.0023292575,0.002305587287992239,0.835,2.4744693291722797e-05,0.002250140532851219,0.0023365404922515154
4,3,2183,2022-06-08,48421,0.0033142976,0.00331303384155035,0.58,2.141109507647343e-05,0.0032731895335018635,0.0033697220496833324
4,3,2184,2022-06-08,48437,0.0026224472,0.002596022794023156,0.995,3.706763527588919e-05,0.00252341921441257,0.0026224632747471333
4,3,2185,2022-06-08,48485,0.004473598,0.004472553264349699,0.555,3.3577105114090955e-06,0.004466286860406399,0.0044761961326003075
4,3,2189,2022-06-08,51007,0.008728032,0.00872932467609644,0.205,9.83394670583948e-07,0.008726500906050205,0.008730992674827576
4,3,2194,2022-06-08,51059,0.0010826109,0.0010847983649000525,0.275,2.151792614313308e-06,0.0010783035540953279,0.0010886706877499819
4,3,2202,2022-06-08,51107,0.001563678,0.0015711148735135794,0.28,1.1875613381562289e-05,0.0015600082697346807,0.0015934865223243833
4,3,2206,2022-06-08,51147,0.0022751496,0.0022500110790133476,0.715,2.24762006837409e-05,0.002230496145784855,0.002298583509400487
4,3,2208,2022-06-08,51153,0.0011400781,0.0011407502461224794,0.385,1.540569428470917e-06,0.0011344444938004017,0.0011432274477556348
4,3,2213,2022-06-08,51590,0.0018045978,0.0018049050122499466,0.185,2.264057457068702e-06,0.0018044353928416967,0.0018118936568498611
4,3,2227,2022-06-08,54077,0.010288536,0.010294566862285137,0.43,1.504344618297182e-05,0.010262712836265564,0.010304741561412811
4,3,2228,2022-06-08,54079,0.006140756,0.006140002049505711,0.5,2.9176671887398697e-05,0.006080139894038439,0.006167869083583355
4,3,2230,2022-06-08,54095,0.0033397984,0.003394415369257331,0.355,0.00011123654257971793,0.003289002226665616,0.0036170766688883305
4,3,2231,2022-06-08,54103,0.02003897,0.020035624504089355,0.6,6.335536454571411e-06,0.020021310076117516,0.0200462955981493
4,3,2242,2024-02-27,01089,0.0012920194,0.001290562329813838,0.62,8.148862434609327e-06,0.0012685921974480152,0.001297568902373314
4,3,2249,2024-02-27,06015,0.018470695,0.016046300530433655,0.625,0.00509842811152339,0.014464039355516434,0.03243979811668396
4,3,2259,2024-02-27,06051,0.021528138,0.023699428886175156,0.17,0.03270715847611427,0.018506409600377083,0.12265226989984512
4,3,2260,2024-02-27,06057,0.024532696,0.018427450209856033,0.705,0.007510520052164793,0.017559673637151718,0.04480395093560219
4,3,2270,2024-02-27,06105,0.08135185,0.08148446679115295,0.44,0.000585123198106885,0.08011715859174728,0.08177252858877182
4,3,2271,2024-02-27,08003,0.0019288536,0.002094084396958351,0.31,0.0009255474433302879,0.0018265033140778542,0.0049132066778838634
4,3,2281,2024-02-27,08071,0.005532085,0.004955749027431011,0.705,0.0004730546788778156,0.004756134934723377,0.006157612893730402
4,3,2282,2024-02-27,08077,0.004886219,0.0047223493456840515,0.68,0.00014938849199097604,0.004694585222750902,0.005178207065910101
4,3,2284,2024-02-27,08085,0.0075422446,0.007386699318885803,0.88,6.970673712203279e-05,0.00737407710403204,0.007603329140692949
4,3,2285,2024-02-27,08089,0.0019319976,0.0019349140347912908,0.01,1.770460767147597e-05,0.001931740902364254,0.0019837457221001387
4,3,2294,2024-02-27,13077,0.0017649962,0.0017451794119551778,0.825,1.0412122719571926e-05,0.0017425559926778078,0.001777547295205295
4,3,2297,2024-02-27,13119,0.0025336796,0.0025373941753059626,0.445,3.641447256086394e-05,0.0024398057721555233,0.002546893898397684
4,3,2298,2024-02-27,13135,0.0012444172,0.0012473533861339092,0.02,7.94595598563319e-06,0.001244212849996984,0.0012731418246403337
4,3,2308,2024-02-27,13297,0.0018535778,0.0018182785715907812,0.715,2.9518518203985877e-05,0.0018099931767210364,0.0019044334767386317
4,3,2310,2024-02-27,16003,0.0058069862,0.00575617328286171,0.58,0.00014322796778287739,0.005633609835058451,0.006045155692845583
4,3,2313,2024-02-27,16027,0.0020829667,0.0021610716357827187,0.035,0.00022003399499226362,0.002078601159155369,0.0027536372654139996
4,3,2321,2024-02-27,17003,0.0017380584,0.0017365668900310993,0.525,2.458210838085506e-05,0.0017310164403170347,0.001805111300200224
4,3,2322,2024-02-27,17031,0.002449613,0.0025986949913203716,0.04,0.0003823760780505836,0.002446594415232539,0.003637217218056321
4,3,2330,2024-02-27,17089,0.0020911044,0.002160914707928896,0.0,0.00032911243033595383,0.0020913162734359503,0.003168655326589942
4,3,2336,2024-02-27,17179,0.0017511176,0.0018142348853871226,0.05,0.00012051630619680509,0.0017502979608252645,0.0021387552842497826
4,3,2337,2024-02-27,17181,0.0019484635,0.0018795330543071032,0.755,4.0893632103689015e-05,0.0018684593960642815,0.0019844763446599245
4,3,2347,2024-02-27,18067,0.0047775526,0.004785900004208088,0.29,4.208242171443999e-05,0.004775778856128454,0.004924754146486521
4,3,2348,2024-02-27,18069,0.003001332,0.003173264442011714,0.23,0.00046426666085608304,0.0029743947088718414,0.0044896043837070465
4,3,2353,2024-02-27,18133,0.00251409,0.0025491800624877214,0.26,0.00010192622721660882,0.00250886264257133,0.002816293155774474
4,3,2367,2024-02-27,21059,0.0024298767,0.0023710988461971283,0.54,0.0002555944083724171,0.002238350687548518,0.003060279879719019
4,3,2370,2024-02-27,21069,0.0059675407,0.006093463394790888,0.235,0.0004021735512651503,0.005942373536527157,0.007310464046895504
4,3,2375,2024-02-27,21095,0.0040389355,0.0040400680154562,0.315,3.734432903002016e-05,0.004031527321785688,0.004150154534727335
4,3,2378,2024-02-27,21105,0.0017895929,0.0017927780281752348,0.185,2.9542781703639776e-05,0.0017866563284769654,0.001870292122475803
4,3,2386,2024-02-27,21179,0.0061582364,0.006154441274702549,0.54,4.97106921102386e-05,0.006144660525023937,0.006311399396508932
4,3,2387,2024-02-27,21181,0.0030191327,0.003175183432176709,0.405,0.0009559395257383585,0.002853092271834612,0.00581543892621994
4,3,2394,2024-02-27,23009,0.049841315,0.012932460755109787,0.75,0.026016047224402428,0.00923522375524044,0.09534472227096558
4,3,2399,2024-02-27,25011,0.0055699395,0.003869354259222746,0.695,0.003132340731099248,0.0038560733664780855,0.015483710914850235
4,3,2410,2024-02-27,29017,0.0015107794,0.0014629040379077196,0.945,1.759084807417821e-05,0.001454392448067665,0.0015141894109547138
4,3,2411,2024-02-27,29023,0.00088104245,0.0008852932369336486,0.18,3.692621021400555e-06,0.0008783601806499064,0.0008928466122597456
4,3,2427,2024-02-27,30041,0.0013829591,0.0013758530840277672,0.825,5.190222054807236e-06,0.0013658769894391298,0.0013915279414504766
4,3,2430,2024-02-27,30047,0.0017607621,0.0017528689932078123,0.77,1.0417992598377168e-05,0.0017344169318675995,0.001765022287145257
4,3,2432,2024-02-27,30057,0.00073176075,0.0007334733381867409,0.055,4.976428499503527e-06,0.000731279666069895,0.0007462771609425545
4,3,2438,2024-02-27,30099,0.00055582885,0.000544442911632359,0.75,9.918569958244916e-06,0.0005330427084118128,0.0005619289586320519
4,3,2441,2024-02-27,32003,0.0031500468,0.0031720981933176517,0.195,0.00019223276467528194,0.0031468260567635298,0.0037267704028636217
4,3,2444,2024-02-27,32011,0.0013592838,0.0018011225620284677,0.26,0.001324795070104301,0.0013304674066603184,0.006171886809170246
4,3,2445,2024-02-27,32013,0.019977016,0.0201124120503664,0.25,0.0007215187652036548,0.019940771162509918,0.022518986836075783
4,3,2456,2024-02-27,35001,0.0014765302,0.0015738514484837651,0.015,0.0004895004094578326,0.0014758524484932423,0.003190092509612441
4,3,2467,2024-02-27,35035,0.001588237,0.0015367831801995635,0.63,0.00010859399480978027,0.0014713149284943938,0.001805379637517035
4,3,2468,2024-02-27,35037,0.0032393504,0.00313378544524312,0.6,0.0002539275446906686,0.003032049862667918,0.003775232005864382
4,3,2472,2024-02-27,35049,0.002558538,0.0028166905976831913,0.385,0.0021707152482122183,0.002315994119271636,0.010119106620550156
4,3,2473,2024-02-27,35053,0.0019927318,0.0019885734654963017,0.65,3.6349283618619666e-05,0.0018909652717411518,0.0019963367376476526
4,3,2480,2024-02-27,36011,0.01153547,0.011934246867895126,0.335,0.0003353225765749812,0.011044344864785671,0.011997610330581665
4,3,2484,2024-02-27,36031,0.01842774,0.04026540368795395,0.05,0.008144606836140156,0.013334288261830807,0.041540663689374924
4,3,2491,2024-02-27,36049,0.02197254,0.03406835347414017,0.125,0.006170220673084259,0.021266551688313484,0.037262871861457825
4,3,2497,2024-02-27,36081,0.0017641027,0.0022998852655291557,0.01,0.0013813227415084839,0.0017603621818125248,0.006617494858801365
4,3,2500,2024-02-27,36089,0.037503093,0.011461889371275902,0.96,0.009770135395228863,0.009147975593805313,0.04013294726610184
4,3,2505,2024-02-27,36111,0.008254225,0.012188239954411983,0.02,0.001640855916775763,0.008243739604949951,0.012527713552117348
4,3,2514,2024-02-27,39045,0.028924238,0.02879086695611477,0.595,0.0011695324210450053,0.02525324374437332,0.029134094715118408
4,3,2517,2024-02-27,39067,0.0072359224,0.007764262612909079,0.46,0.005496560595929623,0.005676865112036467,0.022498449310660362
4,3,2521,2024-02-27,39111,0.027126012,0.02713659219443798,0.495,0.0006126983207650483,0.025522371754050255,0.027418507263064384
4,3,2525,2024-02-27,39127,0.014403337,0.014268936589360237,0.97,8.159368735505268e-05,0.014091162011027336,0.01448782067745924
4,3,2528,2024-02-27,40003,0.0020166682,0.0020095407962799072,0.57,3.452956661931239e-05,0.0019959211349487305,0.002100607380270958
4,3,2530,2024-02-27,40025,0.0043387483,0.004413430579006672,0.02,0.00029976770747452974,0.004336142912507057,0.005195809528231621
4,3,2532,2024-02-27,40045,0.0043468294,0.00442086486145854,0.17,0.00030774931656196713,0.004330422263592482,0.0052390205673873425
4,3,2535,2024-02-27,41001,0.0032563738,0.0033611012622714043,0.47,0.000420612923335284,0.0030860917177051306,0.004364681430160999
4,3,2538,2024-02-27,42009,0.012285001,0.012674378231167793,0.285,0.00032652757363393903,0.011707277037203312,0.012742935679852962
4,3,2539,2024-02-27,42051,0.0028970176,0.002937185810878873,0.34,0.0006858856067992747,0.0028877153526991606,0.005521022714674473
4,3,2545,2024-02-27,45045,0.00060646527,0.0006093132542446256,0.405,7.515383185818791e-05,0.0005970597849227488,0.0008136136457324028
4,3,2548,2024-02-27,45063,0.0012426927,0.001243380829691887,0.5,0.00016106183466035873,0.0011921871919184923,0.001688842079602182
4,3,2553,2024-02-27,45083,0.0006786509,0.0006638469640165567,0.66,5.878962474525906e-05,0.0006493779364973307,0.0008615695405751467
4,3,2558,2024-02-27,46109,0.0019435973,0.0019325672183185816,0.68,1.1234336852794513e-05,0.001923966221511364,0.001965372357517481
4,3,2567,2024-02-27,47167,0.0015385849,0.001524634542874992,0.7,1.891285319288727e-05,0.001516857766546309,0.0015745607670396566
4,3,2570,2024-02-27,48061,0.001761217,0.0017593780066817999,0.7,3.080808482991415e-06,0.0017522736452519894,0.0017651229863986373
4,3,2576,2024-02-27,48111,0.003756752,0.0034069051034748554,0.755,0.00019869074458256364,0.003367883153259754,0.003961149137467146
4,3,2585,2024-02-27,48211,0.017841304,0.017820633947849274,0.86,0.00010507061233511195,0.017551220953464508,0.017846496775746346
4,3,2588,2024-02-27,48279,0.0009160267,0.0009337986120954156,0.21,4.892339711659588e-05,0.0009132408886216581,0.0010467094834893942
4,3,2593,2024-02-27,48359,0.0035877547,0.0036420943215489388,0.235,0.00019709346815943718,0.0035764079075306654,0.004160736687481403
4,3,2597,2024-02-27,48421,0.0043764208,0.004426363855600357,0.005,0.00041267811320722103,0.004372377414256334,0.005710667464882135
4,3,2598,2024-02-27,48437,0.0015644882,0.0015730399172753096,0.075,5.497955862665549e-05,0.001559886266477406,0.0017163867596536875
4,3,2602,2024-02-27,49005,0.009476097,0.010087717324495316,0.14,0.0020171604119241238,0.009396395646035671,0.015957510098814964
4,3,2609,2024-02-27,49027,0.017907538,0.01844135858118534,0.265,0.0026323862839490175,0.01777924783527851,0.026431318372488022
4,3,2614,2024-02-27,49037,0.003430472,0.0035586534067988396,0.29,0.00044461654033511877,0.003370810765773058,0.004748302046209574
4,3,2617,2024-02-27,49043,0.020715455,0.02070615068078041,0.56,9.549400419928133e-05,0.020682241767644882,0.02098320610821247
4,3,2620,2024-02-27,49049,0.0072611677,0.0073260897770524025,0.14,0.0005264185019768775,0.0072565157897770405,0.00896877609193325
4,3,2629,2024-02-27,50011,0.0048551303,0.004973812960088253,0.095,0.00020578913972713053,0.004742544610053301,0.006043715868145227
4,3,2632,2024-02-27,50017,0.00981208,0.011099424213171005,0.2,0.0006461444427259266,0.009514432400465012,0.011218703351914883
4,3,2643,2024-02-27,54023,0.0110946,0.005724051035940647,0.845,0.0029291342943906784,0.004488169215619564,0.014204422943294048
4,3,2645,2024-02-27,54047,0.0114359595,0.011440429836511612,0.485,0.0001498670899309218,0.011005410924553871,0.011471095494925976
4,3,2648,2024-02-27,54079,0.0026264493,0.0026586586609482765,0.085,0.0005175606347620487,0.002620135201141238,0.00442160852253437
4,3,2650,2024-02-27,54085,0.01069416,0.010069698095321655,0.645,0.000883721571881324,0.009882529266178608,0.013299737125635147
4,3,2657,2024-02-27,56025,0.002563704,0.002594748977571726,0.445,0.0001626188022783026,0.0025140438228845596,0.003060447284951806
4,4,6,2019-03-13,01047,0.0025167658,0.0023047919385135174,1.0,9.295288327848539e-05,0.0022391178645193577,0.0025166571140289307
4,4,7,2019-03-13,01051,0.0056228125,0.00571287889033556,0.035,3.943928095395677e-05,0.005621131509542465,0.005740370601415634
4,4,11,2019-03-13,01079,0.0017281661,0.0011792919831350446,0.95,0.0002261966874357313,0.0010851210681721568,0.001740354229696095
4,4,20,2019-03-13,05031,0.0050690547,0.004759389907121658,0.63,0.0008207071805372834,0.004494086839258671,0.006967424880713224
4,4,21,2019-03-13,05073,0.0055273906,0.004645983688533306,0.95,0.0003408058255445212,0.004487276542931795,0.005538306664675474
4,4,29,2019-03-13,08073,0.01719839,0.017069805413484573,0.55,0.0018490300280973315,0.016636718064546585,0.02186918631196022
4,4,32,2019-03-13,13115,0.0020586234,0.0018421744462102652,0.75,0.00018992497643921524,0.0017193189123645425,0.0022756699472665787
4,4,36,2019-03-13,17047,0.005521201,0.005625540390610695,0.45,0.0009082243195734918,0.005265852902084589,0.007919599302113056
4,4,37,2019-03-13,17055,0.004414681,0.003613223321735859,0.725,0.000883744447492063,0.0033185952343046665,0.0060484930872917175
4,4,42,2019-03-13,17077,0.0061460827,0.00445064902305603,0.865,0.0006949297385290265,0.00435301149263978,0.0062528690323233604
4,4,48,2019-03-13,17153,0.0074035423,0.006686817854642868,0.63,0.0013963060919195414,0.006053400691598654,0.009928355924785137
4,4,63,2019-03-13,18083,0.006656017,0.0068103112280368805,0.41,0.001282579731196165,0.006275073159486055,0.010046959854662418
4,4,69,2019-03-13,18127,0.005315454,0.00493834912776947,0.595,0.001648733508773148,0.004198516719043255,0.009021355770528316
4,4,70,2019-03-13,18129,0.011690123,0.011699284426867962,0.16,0.0001355755521217361,0.01168181374669075,0.012117997743189335
4,4,71,2019-03-13,18137,0.00985442,0.008808542974293232,0.83,0.0005668558296747506,0.008474797010421753,0.010075717233121395
4,4,78,2019-03-13,18175,0.011717785,0.011288205161690712,0.695,0.0005366698023863137,0.010995735414326191,0.012607344426214695
4,4,84,2019-03-13,20083,0.007437005,0.007649299688637257,0.35,0.0016288642073050141,0.007183477748185396,0.012175492011010647
4,4,85,2019-03-13,20109,0.015937498,0.015975262969732285,0.315,0.0002421538665657863,0.01591973938047886,0.016667969524860382
4,4,87,2019-03-13,20137,0.011637292,0.011889027431607246,0.42,0.002015823731198907,0.011150263249874115,0.01717403717339039
4,4,96,2019-03-13,21023,0.0111017525,0.010989898815751076,0.635,0.00029062258545309305,0.01084179151803255,0.011695371009409428
4,4,97,2019-03-13,21033,0.008952645,0.008913453668355942,0.53,0.00070104596670717,0.008641317486763,0.010638564825057983
4,4,102,2019-03-13,21055,0.008760849,0.008349623531103134,0.715,0.0006851497455500066,0.008107208646833897,0.010122953914105892
4,4,110,2019-03-13,21101,0.016419105,0.016464963555336,0.415,0.000162821015692316,0.01613972708582878,0.016601677983999252
4,4,113,2019-03-13,21139,0.009080685,0.008924472145736217,0.645,0.0003238825884182006,0.008838126435875893,0.009792325086891651
4,4,117,2019-03-13,21149,0.010285083,0.010486028157174587,0.285,0.0007187767187133431,0.010117513127624989,0.012258737348020077
4,4,123,2019-03-13,21211,0.0040424196,0.003980428911745548,0.685,0.00023830035934224725,0.00341088161803782,0.004100149963051081
4,4,131,2019-03-13,22017,0.0049469965,0.004136577248573303,0.96,0.0003456699778325856,0.0039387852884829044,0.0049523343332111835
4,4,136,2019-03-13,26049,0.0026687153,0.002211867831647396,0.67,0.0008745223167352378,0.0019433621782809496,0.004422664642333984
4,4,141,2019-03-13,26159,0.0058518285,0.0032339603640139103,0.87,0.0012580235488712788,0.0028276985976845026,0.00661557586863637
4,4,142,2019-03-13,28011,0.00854917,0.008358145132660866,0.54,0.0009889656212180853,0.007811690215021372,0.01053790282458067
4,4,152,2019-03-13,29031,0.0040805424,0.004211231134831905,0.415,0.0011808162089437246,0.003772184019908309,0.007230153772979975
4,4,154,2019-03-13,29143,0.008101808,0.008141654543578625,0.47,0.0010177501244470477,0.007817121222615242,0.010750829242169857
4,4,159,2019-03-13,32007,0.000275667,0.0002758482878562063,0.17,1.0930930329777766e-06,0.0002755734312813729,0.0002789235149975866
4,4,168,2019-03-13,35051,0.0144311385,0.01474111806601286,0.34,0.0013338979333639145,0.014016195200383663,0.01795821636915207
4,4,172,2019-03-13,39025,0.0047657625,0.004771934822201729,0.465,9.390481136506423e-05,0.004564647097140551,0.004827120341360569
4,4,175,2019-03-13,39031,0.00744146,0.007045837119221687,0.69,0.0005260854959487915,0.006813304033130407,0.008344203233718872
4,4,179,2019-03-13,39059,0.0071586897,0.006851688958704472,0.71,0.00037131310091353953,0.006752985529601574,0.007827227003872395
4,4,185,2019-03-13,39097,0.017554296,0.017464928328990936,0.655,0.00016575114568695426,0.017383486032485962,0.017862552776932716
4,4,195,2019-03-13,40013,0.003015599,0.002974495990201831,0.545,0.00039181398460641503,0.0028105294331908226,0.003940090071409941
4,4,198,2019-03-13,40027,0.005235767,0.005370148457586765,0.175,0.0005883969715796411,0.005198818631470203,0.0068763368763029575
4,4,200,2019-03-13,40039,0.014423431,0.014997599646449089,0.13,0.0017251924145966768,0.014309857971966267,0.019215233623981476
4,4,203,2019-03-13,40047,0.009408129,0.009775460697710514,0.26,0.0016711157513782382,0.00921835470944643,0.014093630947172642
4,4,205,2019-03-13,40057,0.020259114,0.021414147689938545,0.04,0.002576714614406228,0.020180171355605125,0.027489209547638893
4,4,217,2019-03-13,40151,0.012165462,0.012872295454144478,0.075,0.002085059881210327,0.012079523876309395,0.018435023725032806
4,4,224,2019-03-13,47165,0.0033998447,0.0034960105549544096,0.37,0.0004455384041648358,0.003257142845541239,0.004572525154799223
4,4,227,2019-03-13,48011,0.033228744,0.03314019739627838,0.96,0.00010708897752920166,0.03292937949299812,0.033233076333999634
4,4,228,2019-03-13,48017,0.018033128,0.018450545147061348,0.165,0.001269752741791308,0.017934205010533333,0.021508831530809402
4,4,229,2019-03-13,48045,0.022539195,0.023373892530798912,0.23,0.002861629705876112,0.02223876677453518,0.030697759240865707
4,4,232,2019-03-13,48069,0.03511745,0.03520093113183975,0.405,0.0006449620123021305,0.03498920798301697,0.036996494978666306
4,4,239,2019-03-13,48103,0.03914782,0.038995012640953064,0.815,0.00029843070660717785,0.03830859810113907,0.03919513151049614
4,4,240,2019-03-13,48107,0.010439352,0.011174395680427551,0.125,0.002179420553147793,0.01027844101190567,0.016864512115716934
4,4,251,2019-03-13,48141,0.0119200405,0.012128925882279873,0.04,0.0007432766142301261,0.011907128617167473,0.01430444698780775
4,4,252,2019-03-13,48147,0.0039829477,0.003931291401386261,0.56,0.00032265615300275385,0.0038127140142023563,0.004694680217653513
4,4,253,2019-03-13,48153,0.023066638,0.023832768201828003,0.335,0.0027598002925515175,0.022564737126231194,0.030059335753321648
4,4,254,2019-03-13,48165,0.01253195,0.012618590146303177,0.465,0.00216242135502398,0.011897698976099491,0.018658548593521118
4,4,260,2019-03-13,48189,0.01723208,0.01730368286371231,0.485,0.0014208090724423528,0.0168110691010952,0.021128304302692413
4,4,267,2019-03-13,48217,0.006308508,0.006360022816807032,0.395,0.00039872160414233804,0.006206807214766741,0.0073713818565011024
4,4,268,2019-03-13,48219,0.014366962,0.0144157400354743,0.48,0.001477431389503181,0.013915227726101875,0.018243568018078804
4,4,271,2019-03-13,48229,0.011876231,0.012243660166859627,0.31,0.001396572100929916,0.011657442897558212,0.015779132023453712
4,4,285,2019-03-13,48329,0.007180481,0.007706641219556332,0.095,0.001304444158449769,0.0071603902615606785,0.010896507650613785
4,4,288,2019-03-13,48341,0.12613639,0.1254921555519104,0.96,0.0011122914729639888,0.12294180691242218,0.12617981433868408
4,4,308,2019-03-13,48423,0.0041698203,0.004196884110569954,0.075,1.3256994861876592e-05,0.004164353013038635,0.004207444842904806
4,4,311,2019-03-13,48439,0.0030147762,0.0029345997609198093,0.965,9.041388693731278e-05,0.002755681984126568,0.003018805058673024
4,4,312,2019-03-13,48445,0.020495033,0.020388618111610413,0.535,0.0026632894296199083,0.019295478239655495,0.026927949860692024
4,4,325,2021-03-26,01025,0.0024092153,0.0023306608200073242,1.0,3.5616292734630406e-05,0.0023085973225533962,0.002408900298178196
4,4,340,2021-03-26,01095,0.00717782,0.00718333013355732,0.46,0.00021787677542306483,0.007049906067550182,0.00771632743999362
4,4,344,2021-03-26,01123,0.003915466,0.0034330440685153008,0.93,0.0001951617596205324,0.0033315944019705057,0.003931854851543903
4,4,351,2021-03-26,05043,0.0053928266,0.005389116238802671,0.675,8.191689630621113e-06,0.005376404616981745,0.005411489866673946
4,4,353,2021-03-26,05073,0.0025607047,0.0025336737744510174,0.915,1.2530961612355895e-05,0.002523885341361165,0.0025626015849411488
4,4,354,2021-03-26,05079,0.016138248,0.016141407191753387,0.325,6.064140052330913e-06,0.016130687668919563,0.01615387573838234
4,4,358,2021-03-26,05107,0.0057674726,0.0057860203087329865,0.3,1.707249612081796e-05,0.005757625680416822,0.005810820031911135
4,4,363,2021-03-26,08043,0.00026055946,0.0002596574486233294,0.57,6.4000682868936565e-06,0.0002587665512692183,0.0002796239568851888
4,4,370,2021-03-26,12119,0.0029071253,0.002885484369471669,0.775,1.2592088751262054e-05,0.002879890613257885,0.002914948621764779
4,4,376,2021-03-26,13113,0.0030999107,0.002938142977654934,0.73,0.0001884093799162656,0.002835482358932495,0.003388832090422511
4,4,377,2021-03-26,13115,0.008612343,0.008474024944007397,0.795,0.00011801889195339754,0.008426870219409466,0.0088044423609972
4,4,382,2021-03-26,13153,0.0025278516,0.002287660725414753,0.82,0.0001364019699394703,0.0022247121669352055,0.002651453949511051
4,4,385,2021-03-26,13223,0.002749276,0.002606636378914118,0.785,0.00010567164281383157,0.0025429974775761366,0.002865482121706009
4,4,391,2021-03-26,13311,0.004363178,0.00398006709292531,0.71,0.00042565021431073546,0.0037765989545732737,0.005062998738139868
4,4,396,2021-03-26,16011,0.0068857307,0.006868078839033842,0.825,4.636823359760456e-05,0.006750861648470163,0.00688790762796998
4,4,404,2021-03-26,16033,0.00088213873,0.0008912896155379713,0.165,3.955038482672535e-05,0.0008806235273368657,0.000996932853013277
4,4,413,2021-03-26,16055,0.02073439,0.020458834245800972,0.645,0.0014758844627067447,0.01650894433259964,0.02109411172568798
4,4,415,2021-03-26,16061,0.0012837739,0.0013520875945687294,0.05,0.0004050404822919518,0.0012807910097762942,0.0024647803511470556
4,4,420,2021-03-26,16073,0.002773706,0.0027701128274202347,0.59,1.9478473404888064e-05,0.0027207406237721443,0.0027773845940828323
4,4,423,2021-03-26,16083,0.0061435956,0.00612653698772192,0.74,4.9382757424609736e-05,0.0060032205656170845,0.006148920394480228
4,4,427,2021-03-26,17023,0.0036363965,0.003646490164101124,0.28,1.0544910765020177e-05,0.003631199011579156,0.003661635797470808
4,4,428,2021-03-26,17047,0.0030043344,0.0030024265870451927,0.535,2.062781641143374e-05,0.0029631040524691343,0.0030245273374021053
4,4,429,2021-03-26,17055,0.004590366,0.004597979132086039,0.345,7.338209343288327e-06,0.00458565866574645,0.004606675356626511
4,4,433,2021-03-26,17077,0.0022845636,0.002345964778214693,0.115,3.2981635740725324e-05,0.002281738445162773,0.0023807459510862827
4,4,436,2021-03-26,17121,0.002213633,0.0022255294024944305,0.4,1.7034681150107644e-05,0.0021989631932228804,0.0022485346999019384
4,4,439,2021-03-26,17153,0.0022953989,0.0023066012654453516,0.33,1.7623655367060564e-05,0.002276197075843811,0.0023358871694654226
4,4,448,2021-03-26,18029,0.0034684825,0.0034167813137173653,0.755,6.0972466599196196e-05,0.0033832986373454332,0.0035708025097846985
4,4,458,2021-03-26,18081,0.0050655706,0.005067479331046343,0.17,1.6705843108866247e-06,0.005063265562057495,0.005071133840829134
4,4,463,2021-03-26,18119,0.009535618,0.009547565132379532,0.21,8.926023838284891e-06,0.00952521339058876,0.009554395452141762
4,4,465,2021-03-26,18129,0.007821899,0.007821932435035706,0.5,6.680641945422394e-06,0.007811000570654869,0.007830178365111351
4,4,466,2021-03-26,18137,0.003901662,0.0037590789142996073,0.885,6.822875729994848e-05,0.0037162380758672953,0.003937467001378536
4,4,476,2021-03-26,20055,0.0012278211,0.001227697473950684,0.505,2.0383471564855427e-05,0.0012240152573212981,0.0012843061704188585
4,4,482,2021-03-26,20109,0.0014131085,0.0014184642350301147,0.31,1.692444311629515e-05,0.0014121868880465627,0.0014593019150197506
4,4,483,2021-03-26,20123,0.0020356816,0.0020278138108551502,0.815,8.727509339223616e-06,0.0020108665339648724,0.002042676554992795
4,4,484,2021-03-26,20137,0.0014879348,0.00148747896309942,0.575,2.5561741949786665e-06,0.0014820756623521447,0.0014941240660846233
4,4,486,2021-03-26,20147,0.0038834973,0.003882281482219696,0.59,8.674964192323387e-06,0.0038601744454354048,0.0038849208503961563
4,4,497,2021-03-26,21033,0.0029502802,0.0029513826593756676,0.48,1.4096945960773155e-05,0.002929739421233535,0.0029752422124147415
4,4,501,2021-03-26,21055,0.0029062221,0.0029189002234488726,0.36,2.208758633059915e-05,0.002889216411858797,0.00295631168410182
4,4,507,2021-03-26,21101,0.0025631154,0.002569094067439437,0.445,1.860961492639035e-05,0.0025401003658771515,0.002595122903585434
4,4,511,2021-03-26,21139,0.002294722,0.0023091842886060476,0.35,1.8514945622882806e-05,0.002278180792927742,0.0023350745905190706
4,4,514,2021-03-26,21149,0.0032104235,0.0032015079632401466,0.71,1.3032858987571672e-05,0.003183575114235282,0.0032304879277944565
4,4,523,2021-03-26,22017,0.003879143,0.0038316035643219948,0.975,1.801598773454316e-05,0.0038230728823691607,0.0038805287331342697
4,4,526,2021-03-26,23007,0.02734876,0.02936369925737381,0.075,0.0008774555171839893,0.027311619371175766,0.029898550361394882
4,4,534,2021-03-26,24027,0.0011639878,0.0011535304365679622,0.57,7.250717317219824e-05,0.0011307793902233243,0.0013449256075546145
4,4,538,2021-03-26,24043,0.0029982948,0.0030041236896067858,0.48,0.00015639748016837984,0.0029390989802777767,0.003417275147512555
4,4,540,2021-03-26,25003,0.0105932,0.008466404862701893,0.935,0.0007590037421323359,0.008195442147552967,0.01066182367503643
4,4,546,2021-03-26,25017,0.0055418806,0.004174840170890093,0.875,0.0006338813109323382,0.0039537400007247925,0.005864626727998257
4,4,549,2021-03-26,25027,0.008752242,0.006826627533882856,0.96,0.0007148070726543665,0.006652472075074911,0.00880445633083582
4,4,551,2021-03-26,28011,0.0074405004,0.00744216050952673,0.39,9.355117072118446e-06,0.0074197291396558285,0.007455453742295504
4,4,555,2021-03-26,28031,0.0023726348,0.0023183673620224,0.915,2.2146012270241044e-05,0.0023080145474523306,0.0023736583534628153
4,4,556,2021-03-26,28067,0.0016152881,0.001593249849975109,0.975,9.18364185054088e-06,0.0015884741442278028,0.0016156453639268875
4,4,566,2021-03-26,29031,0.0019550659,0.0019541271030902863,0.515,2.794081774482038e-05,0.0018962688045576215,0.001980262342840433
4,4,569,2021-03-26,29143,0.008532909,0.008532893843948841,0.5,7.597043804707937e-06,0.008527345955371857,0.008551464416086674
4,4,572,2021-03-26,30003,0.0034976287,0.0036003468558192253,0.305,0.0009157200693152845,0.0034216211643069983,0.006270386278629303
4,4,575,2021-03-26,30017,0.0071821995,0.007269422523677349,0.365,0.0004348864022176713,0.007105900440365076,0.00843770895153284
4,4,576,2021-03-26,30019,0.013505974,0.01370306871831417,0.335,0.0010918165789917111,0.013310960493981838,0.016724927350878716
4,4,582,2021-03-26,30039,0.009244836,0.010877484455704689,0.335,0.007191788405179977,0.008065246976912022,0.029961029067635536
4,4,593,2021-03-26,30079,0.020444056,0.020465295761823654,0.415,0.0003602478827815503,0.020393578335642815,0.021542822942137718
4,4,604,2021-03-26,30105,0.012661688,0.012759029865264893,0.44,0.0011815910693258047,0.012330181896686554,0.016020404174923897
4,4,605,2021-03-26,30107,0.0062972563,0.006475425790995359,0.33,0.0026572230271995068,0.006076906807720661,0.014499894343316555
4,4,608,2021-03-26,32007,0.00035540175,0.0003602716024033725,0.315,2.5284050934715196e-05,0.00035221813595853746,0.00042801452218554914
4,4,611,2021-03-26,33003,0.013199768,0.013801111839711666,0.24,0.0005201040185056627,0.012730431742966175,0.014389446005225182
4,4,617,2021-03-26,34019,0.008591645,0.008630597032606602,0.41,0.00010682438733056188,0.008379858918488026,0.008692311123013496
4,4,621,2021-03-26,34029,0.003968805,0.0035834121517837048,0.915,0.0001623038260731846,0.003500493476167321,0.0039964038878679276
4,4,626,2021-03-26,36009,0.0167677,0.01626632735133171,0.86,0.0002644316991791129,0.016004573553800583,0.016856808215379715
4,4,631,2021-03-26,36037,0.015034818,0.015071457251906395,0.125,2.028572816925589e-05,0.015022440813481808,0.01509807724505663
4,4,635,2021-03-26,36055,0.0042296704,0.004240262322127819,0.435,9.025471081258729e-05,0.00419519143179059,0.004455468617379665
4,4,646,2021-03-26,36103,0.005464074,0.0054267654195427895,0.53,0.0004576884675770998,0.005269994027912617,0.006544390693306923
4,4,650,2021-03-26,37023,0.0020996681,0.0020020469091832638,0.64,0.0002069267357001081,0.0019143883837386966,0.0025156638585031033
4,4,653,2021-03-26,37059,0.0012545191,0.0012129039969295263,0.665,7.631129847140983e-05,0.0011660511372610927,0.0013868628302589059
4,4,655,2021-03-26,37107,0.004543787,0.004310764372348785,0.83,0.00013072663568891585,0.004219471011310816,0.004635182674974203
4,4,667,2021-03-26,39025,0.0031133967,0.0031144614331424236,0.48,3.153053330606781e-05,0.0030990156810730696,0.0032024127431213856
4,4,670,2021-03-26,39031,0.006557754,0.006534011103212833,0.595,8.441915997536853e-05,0.006498693488538265,0.006738376338034868
4,4,671,2021-03-26,39033,0.012843431,0.012826016172766685,0.575,0.00013511153520084918,0.012710447423160076,0.013187821954488754
4,4,680,2021-03-26,39065,0.011839958,0.01182955875992775,0.71,3.1923347705742344e-05,0.011802023276686668,0.011913226917386055
4,4,689,2021-03-26,39097,0.0072430675,0.007219670340418816,0.775,5.878056981600821e-05,0.007185584865510464,0.0074009704403579235
4,4,691,2021-03-26,39101,0.011625599,0.011599035933613777,0.69,8.473038178635761e-05,0.011528883129358292,0.011849712580442429
4,4,692,2021-03-26,39107,0.0055135773,0.005518273450434208,0.435,6.379454134730622e-05,0.005485947243869305,0.0056829508394002914
4,4,702,2021-03-26,39155,0.011372842,0.010896984487771988,0.875,0.0002278940664837137,0.010750699788331985,0.011494875885546207
4,4,706,2021-03-26,39169,0.017366009,0.01736774854362011,0.495,0.0001384289498673752,0.017051272094249725,0.01751868799328804
4,4,708,2021-03-26,41013,0.0039373017,0.0039715999737381935,0.44,0.00030854553915560246,0.0037694259081035852,0.004669924732297659
4,4,711,2021-03-26,41023,0.0012788416,0.0012738239020109177,0.515,6.670645962003618e-05,0.001231881440617144,0.0014319071779027581
4,4,717,2021-03-26,41059,0.004272972,0.004304473288357258,0.235,6.311559991445392e-05,0.004256844520568848,0.004443795420229435
4,4,725,2021-03-26,42045,0.0017852454,0.001820242265239358,0.195,0.00013626011786982417,0.0017779422923922539,0.002160507719963789
4,4,728,2021-03-26,42065,0.00873155,0.008520569652318954,0.75,0.0001764781045494601,0.008427419699728489,0.008957147598266602
4,4,736,2021-03-26,42129,0.007724536,0.007708270102739334,0.52,0.0003717427025549114,0.007488884497433901,0.008617615327239037
4,4,740,2021-03-26,45003,0.00512792,0.004546070471405983,0.905,0.0002515254891477525,0.00441735377535224,0.005202517844736576
4,4,744,2021-03-26,45047,0.0042991587,0.0039402516558766365,0.865,0.0001868056133389473,0.0038238177075982094,0.004392955917865038
4,4,752,2021-03-26,46013,0.0022845934,0.0022916574962437153,0.0,1.7988309991778806e-05,0.002284799935296178,0.0023352669086307287
4,4,755,2021-03-26,46021,0.007912319,0.007952668704092503,0.04,0.00011447502765804529,0.007911981083452702,0.008265526965260506
4,4,759,2021-03-26,46033,0.0027375682,0.002737223170697689,0.57,5.407274784374749e-06,0.002720227465033531,0.002738603390753269
4,4,761,2021-03-26,46039,0.0024283656,0.0024404600262641907,0.035,7.152002945076674e-05,0.0024268373381346464,0.0026394911110401154
4,4,765,2021-03-26,46049,0.00316349,0.0031680017709732056,0.295,4.104190884390846e-05,0.0031578727066516876,0.0032936090137809515
4,4,769,2021-03-26,46059,0.0031101268,0.003121018875390291,0.185,2.7166943254997022e-05,0.0031026815995573997,0.003197349840775132
4,4,775,2021-03-26,46081,0.0036158382,0.0034710709005594254,0.725,0.0002090664638672024,0.003411413636058569,0.0040652272291481495
4,4,787,2021-03-26,46117,0.004274552,0.0042858668603003025,0.175,2.703172867768444e-05,0.004265079740434885,0.004363921470940113
4,4,797,2021-03-26,47025,0.005155029,0.005188828334212303,0.45,0.0003537121810950339,0.005022370722144842,0.006027079652994871
4,4,801,2021-03-26,47073,0.0050262744,0.005021926946938038,0.555,8.444918785244226e-05,0.004996923264116049,0.005244615022093058
4,4,802,2021-03-26,47077,0.005116848,0.005090660415589809,0.975,1.1253308002778795e-05,0.005070543847978115,0.00512001384049654
4,4,805,2021-03-26,47101,0.004543977,0.004493653308600187,0.705,5.9689769841497764e-05,0.004449466709047556,0.004651173017919064
4,4,814,2021-03-26,48073,0.00791534,0.007926054298877716,0.015,4.461627213458996e-06,0.007915236055850983,0.007932760752737522
4,4,819,2021-03-26,49019,0.0006149572,0.0006161194760352373,0.23,2.966376314361696e-06,0.0006146515370346606,0.0006231253501027822
4,4,828,2021-03-26,51191,0.0032682898,0.0032736945431679487,0.49,0.0002435537171550095,0.003142782486975193,0.0038767093792557716
4,4,830,2021-03-26,53001,0.008033352,0.008134717121720314,0.015,0.00018372938211541623,0.008029664866626263,0.008576687425374985
4,4,836,2021-03-26,53043,0.002746864,0.0027751217130571604,0.015,5.864970444235951e-05,0.002746166894212365,0.00292420806363225
4,4,839,2021-03-26,53075,0.005794417,0.006085953675210476,0.005,0.00045513364602811635,0.005794205702841282,0.007100727874785662
4,4,841,2021-03-26,54011,0.0050129225,0.004998972173780203,0.565,7.522979285567999e-05,0.00496147433295846,0.005184214096516371
4,4,852,2021-03-26,56011,0.00257127,0.0025681990664452314,0.55,4.593803168972954e-05,0.00255574774928391,0.0026951725594699383
4,4,854,2021-03-26,56017,0.0007088949,0.0007336808484978974,0.085,8.767517283558846e-05,0.0007065822137519717,0.0009561359765939415
4,4,857,2021-03-26,56023,0.0009479302,0.0010254932567477226,0.11,0.00027160250465385616,0.000943595077842474,0.0017818796914070845
4,4,866,2021-12-11,01077,0.013559021,0.013619082979857922,0.37,0.00011715801520040259,0.013338536955416203,0.013701912946999073
4,4,872,2021-12-11,04009,0.0014670893,0.0014880637172609568,0.23,5.731502824346535e-05,0.0014529699692502618,0.001635417458601296
4,4,878,2021-12-11,04025,0.00402394,0.004198005422949791,0.28,0.0005794098251499236,0.003958560526371002,0.005664465017616749
4,4,881,2021-12-11,05031,0.023918504,0.024366088211536407,0.335,0.0008527154568582773,0.02217480167746544,0.02484194189310074
4,4,886,2021-12-11,05067,0.03744695,0.03747962415218353,0.39,0.00010224913421552628,0.037235476076602936,0.03755365312099457
4,4,888,2021-12-11,05079,0.017694036,0.017628520727157593,0.99,2.4167859010049142e-05,0.01761770434677601,0.01769447885453701
4,4,890,2021-12-11,05083,0.002335348,0.0021901349537074566,0.74,0.0001334258122369647,0.002125270664691925,0.00253610429354012
4,4,897,2021-12-11,06005,0.03750714,0.037321653217077255,0.645,0.00027035977109335363,0.03686361759901047,0.03765454515814781
4,4,911,2021-12-11,06047,0.004999596,0.005824378691613674,0.38,0.005569038912653923,0.004118093755096197,0.019687477499246597
4,4,915,2021-12-11,06061,0.015504566,0.01808350533246994,0.325,0.007927149534225464,0.01362859271466732,0.034753911197185516
4,4,922,2021-12-11,06085,0.005049433,0.005588321015238762,0.37,0.004304846283048391,0.004441034980118275,0.01721899025142193
4,4,925,2021-12-11,06093,0.030207284,0.03005339950323105,0.59,0.002094836672767997,0.029955212026834488,0.03681356459856033
4,4,927,2021-12-11,06097,0.0046279766,0.004957101307809353,0.28,0.00139209209010005,0.0044233002699911594,0.008291184902191162
4,4,932,2021-12-11,06109,0.019559765,0.021167203783988953,0.325,0.007477586157619953,0.018173424527049065,0.03934226557612419
4,4,940,2021-12-11,08014,0.0092455605,0.009324030950665474,0.125,0.00022245969739742577,0.009232264943420887,0.009934102185070515
4,4,948,2021-12-11,08035,0.0037241678,0.0037095898296684027,0.515,0.0005318397306837142,0.0035419196356087923,0.005009796470403671
4,4,951,2021-12-11,08043,0.011252763,0.011256345547735691,0.45,7.059436029521748e-05,0.011076358146965504,0.011292482726275921
4,4,953,2021-12-11,08047,0.020723026,0.020631782710552216,0.675,0.00012874083768110722,0.02057645656168461,0.020970040932297707
4,4,957,2021-12-11,08067,0.0067880857,0.006710960529744625,0.61,0.0003357802052050829,0.005953300278633833,0.006903442088514566
4,4,959,2021-12-11,08073,0.008927149,0.008813228458166122,0.52,0.0015336095821112394,0.008158461190760136,0.012619109824299812
4,4,960,2021-12-11,08075,0.010040064,0.010042679496109486,0.24,7.712629667366855e-06,0.010032779537141323,0.010068142786622047
4,4,962,2021-12-11,08079,0.017151179,0.017551187425851822,0.4,0.002363253850489855,0.016604850068688393,0.02352476306259632
4,4,980,2021-12-11,16011,0.0048560128,0.004839854780584574,0.67,8.699655154487118e-05,0.004764611832797527,0.005132836289703846
4,4,992,2021-12-11,17029,0.01852556,0.01841718517243862,0.665,0.000336682191118598,0.017626529559493065,0.018633093684911728
4,4,994,2021-12-11,17043,0.012897718,0.014230413362383842,0.075,0.004684521816670895,0.012811923399567604,0.027118416503071785
4,4,996,2021-12-11,17049,0.0030266836,0.0028410968370735645,0.62,0.0004925112589262426,0.0026294367853552103,0.004071846604347229
4,4,1001,2021-12-11,17071,0.09155388,0.09101833403110504,0.68,0.0015776795335114002,0.08758001029491425,0.09190725535154343
4,4,1003,2021-12-11,17077,0.0048892414,0.004412258509546518,0.91,0.00018563985941000283,0.0043642884120345116,0.004935010336339474
4,4,1008,2021-12-11,17097,0.020746458,0.021479835733771324,0.45,0.006994200404733419,0.01828298158943653,0.038057681173086166
4,4,1012,2021-12-11,17105,0.01408134,0.015242067165672779,0.28,0.004101079888641834,0.013409930281341076,0.02563982829451561
4,4,1023,2021-12-11,17149,0.006488847,0.006216607987880707,0.575,0.0017197630368173122,0.0056019374169409275,0.010799101553857327
4,4,1032,2021-12-11,17201,0.015585717,0.017261426895856857,0.025,0.004792208317667246,0.015468340367078781,0.029528042301535606
4,4,1037,2021-12-11,18015,0.008885885,0.008923811838030815,0.22,0.0017440496012568474,0.00886490661650896,0.014301439747214317
4,4,1038,2021-12-11,18017,0.015958771,0.016946565359830856,0.315,0.00390003714710474,0.015185627155005932,0.026851341128349304
4,4,1042,2021-12-11,18029,0.009888397,0.007891776040196419,0.735,0.0023865208495408297,0.006833565421402454,0.013933474197983742
4,4,1043,2021-12-11,18033,0.0157669,0.015524417161941528,0.52,0.005324228201061487,0.01303108036518097,0.02951974794268608
4,4,1051,2021-12-11,18073,0.014462626,0.01464654877781868,0.465,0.005122749134898186,0.01264859363436699,0.02837713435292244
4,4,1053,2021-12-11,18081,0.008956682,0.009216696955263615,0.38,0.0016693875659257174,0.008616126142442226,0.01447246503084898
4,4,1054,2021-12-11,18083,0.0058351383,0.005996274296194315,0.425,0.0020091498736292124,0.00519728334620595,0.011179487220942974
4,4,1065,2021-12-11,18119,0.012463422,0.016288770362734795,0.165,0.0018884664168581367,0.012129544280469418,0.017306366935372353
4,4,1067,2021-12-11,18127,0.013343938,0.013008659705519676,0.585,0.0036897603422403336,0.012734131887555122,0.023578500375151634
4,4,1070,2021-12-11,18137,0.010956831,0.0061473241075873375,0.875,0.0023108769673854113,0.005411211401224136,0.012194793671369553
4,4,1078,2021-12-11,18179,0.016049962,0.01696709915995598,0.29,0.00373829435557127,0.01542113907635212,0.02625054307281971
4,4,1080,2021-12-11,18183,0.014132251,0.014532841742038727,0.475,0.004125770181417465,0.012517232447862625,0.024042829871177673
4,4,1081,2021-12-11,19001,0.03280799,0.035100072622299194,0.025,0.0033830611500889063,0.03267475217580795,0.043442342430353165
4,4,1087,2021-12-11,19013,0.027768971,0.028895843774080276,0.305,0.0032250750809907913,0.026880282908678055,0.036840055137872696
4,4,1091,2021-12-11,19021,0.016074121,0.01714949496090412,0.265,0.003007137682288885,0.01548449881374836,0.024484768509864807
4,4,1092,2021-12-11,19023,0.058532037,0.058559298515319824,0.42,0.0003429220523685217,0.058492373675107956,0.05945833772420883
4,4,1098,2021-12-11,19035,0.010411339,0.011546324007213116,0.08,0.0025085501838475466,0.01027658674865961,0.017874812707304955
4,4,1103,2021-12-11,19045,0.020901693,0.022557426244020462,0.22,0.00438702292740345,0.020390203222632408,0.033279016613960266
4,4,1109,2021-12-11,19057,0.015620435,0.01589709147810936,0.435,0.0029256539419293404,0.014812072739005089,0.02356315217912197
4,4,1118,2021-12-11,19077,0.06758462,0.06570662558078766,0.92,0.0029340495821088552,0.05945916473865509,0.06783206760883331
4,4,1120,2021-12-11,19081,0.01834635,0.01850518397986889,0.39,0.0011944611323997378,0.018071450293064117,0.021850092336535454
4,4,1123,2021-12-11,19089,0.17054947,0.16876298189163208,0.92,0.003244495950639248,0.1612778902053833,0.1708114892244339
4,4,1124,2021-12-11,19091,0.03505436,0.03494856134057045,0.52,0.0012957133585587144,0.0326828807592392,0.03625243157148361
4,4,1126,2021-12-11,19097,0.023211585,0.025155887007713318,0.09,0.004816924687474966,0.023001667112112045,0.03607237711548805
4,4,1129,2021-12-11,19103,0.019029628,0.020882919430732727,0.13,0.0036249335389584303,0.018772851675748825,0.02920713648200035
4,4,1131,2021-12-11,19109,0.019058993,0.019047662615776062,0.5,0.002954792929813266,0.017370404675602913,0.026541022583842278
4,4,1132,2021-12-11,19111,0.016409317,0.015224970877170563,0.55,0.0034914761781692505,0.013290914706885815,0.022721847519278526
4,4,1146,2021-12-11,19141,0.01813277,0.01771971583366394,0.745,0.001430197269655764,0.014343774877488613,0.01838846504688263
4,4,1151,2021-12-11,19151,0.014380106,0.014357440173625946,0.505,0.002216709079220891,0.013329427689313889,0.020056452602148056
4,4,1156,2021-12-11,19161,0.03923368,0.0396752655506134,0.38,0.0018366610165685415,0.03866073489189148,0.044002849608659744
4,4,1160,2021-12-11,19169,0.02905849,0.029337303712964058,0.48,0.004309908486902714,0.02668132819235325,0.03959914296865463
4,4,1193,2021-12-11,20055,0.021519821,0.02149486541748047,0.55,0.0005319603369571269,0.02132226526737213,0.023027122020721436
4,4,1198,2021-12-11,20069,0.02302844,0.023198869079351425,0.21,0.000528848497197032,0.022967521101236343,0.02447653003036976
4,4,1199,2021-12-11,20071,0.1145182,0.11453596502542496,0.49,0.0011635184055194259,0.11146809905767441,0.1149822473526001
4,4,1201,2021-12-11,20075,0.022182869,0.022255929186940193,0.425,0.0006677852943539619,0.022061284631490707,0.024003582075238228
4,4,1203,2021-12-11,20083,0.04205035,0.041876353323459625,0.695,0.0005858078948222101,0.04043472558259964,0.04218089208006859
4,4,1211,2021-12-11,20109,0.02317133,0.023136448115110397,0.61,0.00011576947144931182,0.02288118563592434,0.023205915465950966
4,4,1212,2021-12-11,20111,0.019886868,0.019285092130303383,0.67,0.0012521242024376988,0.01675492897629738,0.02039455994963646
4,4,1217,2021-12-11,20123,0.031549204,0.032484035938978195,0.21,0.0023660664446651936,0.03113524802029133,0.03773251920938492
4,4,1221,2021-12-11,20131,0.035697263,0.03763452172279358,0.15,0.003212901297956705,0.035297494381666183,0.0446033775806427
4,4,1222,2021-12-11,20133,0.0063018706,0.0069322166964411736,0.075,0.0014489638851955533,0.006151041481643915,0.01058963406831026
4,4,1224,2021-12-11,20137,0.019160334,0.019218824803829193,0.435,0.000520411238539964,0.01900237612426281,0.02059810608625412
4,4,1227,2021-12-11,20147,0.016466355,0.01654747501015663,0.445,0.0006303456029854715,0.016236798837780952,0.01824207603931427
4,4,1228,2021-12-11,20149,0.027475428,0.026234500110149384,0.9,0.0017058702651411295,0.022642627358436584,0.027731027454137802
4,4,1241,2021-12-11,20177,0.034667052,0.0332668274641037,0.95,0.0019132096786051989,0.02932867407798767,0.03486405685544014
4,4,1246,2021-12-11,20191,0.020210654,0.019443247467279434,0.59,0.002113495720550418,0.018177935853600502,0.02417404018342495
4,4,1253,2021-12-11,20205,0.00926612,0.010061267763376236,0.065,0.0015101968310773373,0.009161408059298992,0.013832468539476395
4,4,1260,2021-12-11,21031,0.019742839,0.020497743040323257,0.225,0.000680722645483911,0.01884263940155506,0.020799361169338226
4,4,1261,2021-12-11,21033,0.064719126,0.06468445062637329,0.52,0.0006387311732396483,0.06324818730354309,0.06516110152006149
4,4,1262,2021-12-11,21045,0.0076029156,0.00734374625608325,0.615,0.0008934687357395887,0.006949753500521183,0.009569849818944931
4,4,1264,2021-12-11,21049,0.004036657,0.004793880507349968,0.175,0.0023891273885965347,0.0038759491872042418,0.01096553448587656
4,4,1273,2021-12-11,21125,0.0059419,0.005462829023599625,0.675,0.001009942265227437,0.005083115305751562,0.008060759864747524
4,4,1281,2021-12-11,21153,0.009366776,0.008012816309928894,0.645,0.0025015014689415693,0.006900195498019457,0.013850023038685322
4,4,1285,2021-12-11,21171,0.0075987624,0.007608814164996147,0.495,0.0005287264939397573,0.00743474904447794,0.008998592384159565
4,4,1295,2021-12-11,21211,0.0040031974,0.004633990116417408,0.245,0.001971269492059946,0.0036870266776531935,0.00946235004812479
4,4,1296,2021-12-11,21215,0.025815012,0.0255024041980505,0.62,0.0009297156357206404,0.023603364825248718,0.026224087923765182
4,4,1301,2021-12-11,21237,0.010188194,0.007650664541870356,0.725,0.0025822557508945465,0.006595640908926725,0.014113535173237324
4,4,1303,2021-12-11,22017,0.003842709,0.003455457044765353,0.93,0.00016543692618142813,0.003358274232596159,0.0038453740999102592
4,4,1308,2021-12-11,23029,0.01515115,0.008213577792048454,0.995,0.0026541382540017366,0.007244621869176626,0.01515124086290598
4,4,1310,2021-12-11,25003,0.015464767,0.006518012844026089,0.92,0.0034863112960010767,0.005125958006829023,0.01566845178604126
4,4,1313,2021-12-11,25027,0.018992037,0.00729292631149292,0.925,0.004336423706263304,0.006263436283916235,0.019159844145178795
4,4,1319,2021-12-11,26015,0.015011082,0.01213415339589119,0.735,0.0034077996388077736,0.011957110837101936,0.021702216938138008
4,4,1320,2021-12-11,26017,0.015432962,0.016926750540733337,0.035,0.0034171140287071466,0.015246066264808178,0.02623112127184868
4,4,1321,2021-12-11,26019,0.027816616,0.02933577448129654,0.275,0.0022238236851990223,0.02732841484248638,0.03375118598341942
4,4,1323,2021-12-11,26025,0.010317928,0.006513733416795731,0.74,0.003967526368796825,0.005553469993174076,0.017691845074295998
4,4,1332,2021-12-11,26049,0.007088771,0.006193765439093113,0.59,0.0035381847992539406,0.005942541640251875,0.01521385833621025
4,4,1337,2021-12-11,26061,0.021176385,0.009686066769063473,0.995,0.004156293347477913,0.00846579298377037,0.021182766184210777
4,4,1341,2021-12-11,26073,0.03277499,0.01946798712015152,0.775,0.007938784547150135,0.01673995703458786,0.038228489458560944
4,4,1343,2021-12-11,26077,0.007193432,0.005866248160600662,0.69,0.002745435107499361,0.0055129448883235455,0.013703357428312302
4,4,1356,2021-12-11,26109,0.055480585,0.04957428574562073,0.87,0.0024828417226672173,0.04891016334295273,0.05610644444823265
4,4,1371,2021-12-11,26145,0.009833096,0.010039584711194038,0.355,0.0027620457112789154,0.00924818217754364,0.01805807091295719
4,4,1372,2021-12-11,26147,0.045331407,0.05088675022125244,0.16,0.0028379487339407206,0.04338226094841957,0.05185846984386444
4,4,1373,2021-12-11,26149,0.012029491,0.011754550039768219,0.57,0.003202473744750023,0.011157467029988766,0.02060064673423767
4,4,1374,2021-12-11,26151,0.07284692,0.07644477486610413,0.245,0.0031828689388930798,0.06854500621557236,0.07790503650903702
4,4,1377,2021-12-11,26159,0.023885226,0.030274711549282074,0.165,0.003204148029908538,0.02240578643977642,0.03151240199804306
4,4,1381,2021-12-11,27013,0.015868409,0.015134882181882858,0.54,0.0037854027468711138,0.013502624817192554,0.024624746292829514
4,4,1387,2021-12-11,27039,0.074854344,0.07438604533672333,0.865,0.0005987056065350771,0.07328011840581894,0.07494432479143143
4,4,1388,2021-12-11,27041,0.0028500587,0.0028984281234443188,0.45,0.0016868137754499912,0.002444668672978878,0.007657554931938648
4,4,1390,2021-12-11,27045,0.026041873,0.027885351330041885,0.06,0.003739790990948677,0.025891397148370743,0.0369560532271862
4,4,1400,2021-12-11,27091,0.016932853,0.016661863774061203,0.545,0.003647489007562399,0.014852927066385746,0.02515988051891327
4,4,1406,2021-12-11,27109,0.010300155,0.012023054994642735,0.01,0.003418741747736931,0.010261183604598045,0.02054254524409771
4,4,1409,2021-12-11,27127,0.024055237,0.02446237951517105,0.445,0.002199027454480529,0.019129600375890732,0.025335127487778664
4,4,1416,2021-12-11,27145,0.006659104,0.005848202854394913,0.625,0.004034226760268211,0.004468896426260471,0.017331119626760483
4,4,1427,2021-12-11,29007,0.0046107094,0.003956841304898262,0.69,0.001018301583826542,0.003599698655307293,0.006726409774273634
4,4,1428,2021-12-11,29009,0.0021407478,0.0019500702619552612,0.765,0.00013061579375062138,0.0018764222040772438,0.002254684455692768
4,4,1431,2021-12-11,29025,0.018301804,0.018977098166942596,0.36,0.0021307896822690964,0.017572985962033272,0.023978589102625847
4,4,1432,2021-12-11,29027,0.006052695,0.0039031314663589,0.89,0.0009317247895523906,0.003574415808543563,0.006577994208782911
4,4,1434,2021-12-11,29031,0.0036453174,0.003655099542811513,0.485,0.0003327138547319919,0.003524606581777334,0.004529623314738274
4,4,1437,2021-12-11,29047,0.010792388,0.012040906585752964,0.06,0.0018846921157091856,0.010713056661188602,0.0160696879029274
4,4,1439,2021-12-11,29051,0.0032069702,0.0025998407509177923,0.795,0.0005024350830353796,0.0024174610152840614,0.004026393406093121
4,4,1440,2021-12-11,29061,0.016236754,0.015757877379655838,0.665,0.0009919623844325542,0.013776896521449089,0.016683565452694893
4,4,1451,2021-12-11,29087,0.06690267,0.06571660935878754,0.92,0.0018847284372895956,0.06152503564953804,0.06707580387592316
4,4,1457,2021-12-11,29115,0.0151636945,0.01500691007822752,0.55,0.0017550528282299638,0.014228541404008865,0.019389992579817772
4,4,1460,2021-12-11,29125,0.027417239,0.027432050555944443,0.185,1.0299219866283238e-05,0.027411067858338356,0.027442600578069687
4,4,1463,2021-12-11,29139,0.004091973,0.0031136933248490095,0.76,0.0007953037275001407,0.0027775662019848824,0.005105260293930769
4,4,1485,2021-12-11,29225,0.0021439742,0.002096511423587799,0.61,0.00020807585678994656,0.0019928247202187777,0.002634669654071331
4,4,1486,2021-12-11,29227,0.08125811,0.07975396513938904,0.9,0.0021725238766521215,0.07544899731874466,0.08145985752344131
4,4,1492,2021-12-11,30107,0.00089587446,0.0008944434230215847,0.78,2.6981540486303857e-06,0.0008890088647603989,0.0008972625364549458
4,4,1494,2021-12-11,32007,0.0008443119,0.0009945950005203485,0.21,0.0006044731708243489,0.0007953168242238462,0.002518723951652646
4,4,1504,2021-12-11,35017,0.0011158006,0.0011139559792354703,0.565,5.658266218233621e-06,0.0011095032095909119,0.001127561554312706
4,4,1509,2021-12-11,35031,0.0070338515,0.007041214033961296,0.495,0.00022122016525827348,0.006951407063752413,0.007578105200082064
4,4,1514,2021-12-11,35047,0.012008564,0.011940574273467064,0.6,0.00031157766352407634,0.011861659586429596,0.012801588512957096
4,4,1519,2021-12-11,35061,0.0013318727,0.0013341758167371154,0.205,1.1225938578718342e-05,0.001331032020971179,0.0013629092136397958
4,4,1522,2021-12-11,36009,0.014231591,0.008173629641532898,0.89,0.0025608071591705084,0.007506778463721275,0.015121388249099255
4,4,1525,2021-12-11,36019,0.030879768,0.040948592126369476,0.045,0.004022476263344288,0.030806157737970352,0.04279908910393715
4,4,1531,2021-12-11,36035,0.02059754,0.02149212546646595,0.235,0.0009017129777930677,0.019568413496017456,0.02264450117945671
4,4,1532,2021-12-11,36037,0.07055604,0.0789799690246582,0.17,0.004623407498002052,0.067661352455616,0.08128750324249268
4,4,1539,2021-12-11,36053,0.02057584,0.024451082572340965,0.025,0.0014069783501327038,0.020526442676782608,0.024978240951895714
4,4,1540,2021-12-11,36055,0.016553622,0.01674346812069416,0.475,0.0014000426745042205,0.013910855166614056,0.017912132665514946
4,4,1560,2021-12-11,36117,0.026016038,0.033589500933885574,0.105,0.0034255064092576504,0.02522503398358822,0.03546404838562012
4,4,1568,2021-12-11,37157,0.0033899066,0.0032836743630468845,0.805,0.00012822283315472305,0.0032758298330008984,0.0037234534975141287
4,4,1573,2021-12-11,39033,0.012771295,0.013221229426562786,0.405,0.003135002451017499,0.011821182444691658,0.021277667954564095
4,4,1583,2021-12-11,39065,0.020200131,0.0202118381857872,0.46,0.0008657113066874444,0.020180515944957733,0.02265962027013302
4,4,1589,2021-12-11,39095,0.0157445,0.01780034601688385,0.2,0.005699451547116041,0.015175128355622292,0.03155455365777016
4,4,1593,2021-12-11,39123,0.030523406,0.030904706567525864,0.405,0.0035331309773027897,0.029623374342918396,0.039923228323459625
4,4,1594,2021-12-11,39125,0.021064091,0.021351536735892296,0.43,0.002500200876966119,0.02059396170079708,0.027934299781918526
4,4,1600,2021-12-11,39155,0.012162485,0.006260241381824017,0.87,0.0027186223305761814,0.005547544918954372,0.013692977838218212
4,4,1612,2021-12-11,40073,0.020001963,0.02003137394785881,0.495,0.0017769337864592671,0.019006187096238136,0.024402078241109848
4,4,1617,2021-12-11,40151,0.026860435,0.02808467298746109,0.07,0.002119853626936674,0.026694530621170998,0.03282688930630684
4,4,1620,2021-12-11,41015,0.020429274,0.018164226785302162,0.675,0.004023940302431583,0.01695084758102894,0.028963444754481316
4,4,1626,2021-12-11,42065,0.006887363,0.007554586045444012,0.03,0.0003748647286556661,0.006859843619167805,0.008037625811994076
4,4,1628,2021-12-11,42129,0.0051823603,0.0052383048459887505,0.135,0.0007862327620387077,0.005169230978935957,0.0075386082753539085
4,4,1636,2021-12-11,46009,0.004678033,0.004697631113231182,0.145,0.0001435614249203354,0.004668659530580044,0.005123987793922424
4,4,1638,2021-12-11,46013,0.00160022,0.0015929085202515125,0.54,0.00012367083400022238,0.0015573720447719097,0.001981701236218214
4,4,1639,2021-12-11,46015,0.0030600158,0.0030766765121370554,0.155,6.584508810192347e-05,0.0030573001131415367,0.003245179308578372
4,4,1645,2021-12-11,46033,0.0016528367,0.0016523031517863274,0.535,6.120460511738202e-06,0.001637040521018207,0.001655544969253242
4,4,1648,2021-12-11,46039,0.0012552153,0.0012814855435863137,0.32,0.0002456739020999521,0.0012369595933705568,0.0019345605978742242
4,4,1653,2021-12-11,46049,0.0010605011,0.0010554553009569645,0.54,4.5389933802653104e-05,0.0010429262183606625,0.0011683955090120435
4,4,1658,2021-12-11,46059,0.0013905183,0.0013996320776641369,0.22,3.260903395130299e-05,0.0013881259365007281,0.0014852402964606881
4,4,1669,2021-12-11,46081,0.001003375,0.0008478567469865084,0.665,0.00026652764063328505,0.0007870027329772711,0.0015846649184823036
4,4,1670,2021-12-11,46083,0.003932388,0.00399366207420826,0.425,0.0005849246517755091,0.003785418113693595,0.0055013797245919704
4,4,1672,2021-12-11,46087,0.0022833587,0.002316415077075362,0.36,0.0002360805228818208,0.00224110996350646,0.002994769951328635
4,4,1677,2021-12-11,46097,0.0023018967,0.002340964274480939,0.13,0.00010444685176480561,0.0022958165500313044,0.0025924930814653635
4,4,1685,2021-12-11,46117,0.00087545055,0.0008769838605076075,0.12,1.4481674952548929e-06,0.0008744095684960485,0.0008804536773823202
4,4,1691,2021-12-11,46135,0.005310318,0.005351933650672436,0.29,0.0002027244627242908,0.005287419073283672,0.005949369166046381
4,4,1695,2021-12-11,47021,0.006531538,0.006339545361697674,0.63,0.0003746752336155623,0.006202210206538439,0.007309155538678169
4,4,1706,2021-12-11,47065,0.002996134,0.0029618581756949425,0.56,0.0002888228336814791,0.0028016227297484875,0.003650468774139881
4,4,1707,2021-12-11,47077,0.0073045776,0.007329176180064678,0.345,3.5519748053047806e-05,0.007281172554939985,0.00739885400980711
4,4,1717,2021-12-11,47115,0.0038279414,0.0034584468230605125,0.78,0.00034450451494194567,0.003246983978897333,0.004321539308875799
4,4,1721,2021-12-11,47131,0.03899191,0.0395854152739048,0.245,0.0005767486873082817,0.03816318139433861,0.03996535390615463
4,4,1723,2021-12-11,47137,0.006705298,0.006425260566174984,0.645,0.0006788522587157786,0.0060239555314183235,0.008017009124159813
4,4,1731,2021-12-11,47165,0.01762852,0.017463332042098045,0.635,0.0006638132035732269,0.015932250767946243,0.017893197014927864
4,4,1732,2021-12-11,47187,0.0056982613,0.005654489621520042,0.515,0.0006923386245034635,0.005232587922364473,0.007346831262111664
4,4,1735,2021-12-11,48045,0.0060764025,0.006178245879709721,0.195,0.00030687713297083974,0.006038486957550049,0.006912683602422476
4,4,1737,2021-12-11,48069,0.006352255,0.0063744885846972466,0.415,0.00015914304822217673,0.006308562587946653,0.006786657962948084
4,4,1747,2021-12-11,48341,0.016593888,0.016532856971025467,0.95,9.28324880078435e-05,0.016331281512975693,0.016599737107753754
4,4,1758,2021-12-11,49019,0.011569905,0.011361440643668175,0.86,0.0005885357386432588,0.00999221671372652,0.011613838374614716
4,4,1759,2021-12-11,49021,0.0017952978,0.0020421782974153757,0.22,0.0009653698070906103,0.0017156928079202771,0.004778297618031502
4,4,1765,2021-12-11,49053,0.0037963688,0.004102480597794056,0.175,0.0009695447515696287,0.0037341807037591934,0.006657182238996029
4,4,1775,2021-12-11,50019,0.018564917,0.016312092542648315,0.95,0.00075452373130247,0.01559421792626381,0.018657715991139412
4,4,1776,2021-12-11,50021,0.01764419,0.009796373546123505,0.795,0.004585744347423315,0.007852545008063316,0.02124929614365101
4,4,1780,2021-12-11,51105,0.011876472,0.01191379502415657,0.345,6.254579056985676e-05,0.01174019742757082,0.011963265016674995
4,4,1789,2021-12-11,54059,0.0077523976,0.007653329521417618,0.53,0.0015465160831809044,0.007202803622931242,0.011986521072685719
4,4,1794,2021-12-11,55011,0.010097792,0.00978410430252552,0.595,0.0025580432265996933,0.009418911300599575,0.01696879230439663
4,4,1800,2021-12-11,55025,0.023550576,0.025510869920253754,0.045,0.00406291987746954,0.023232020437717438,0.03544875979423523
4,4,1801,2021-12-11,55027,0.02965154,0.030949223786592484,0.38,0.006031088065356016,0.027111489325761795,0.04457448422908783
4,4,1808,2021-12-11,55047,0.034477945,0.033880725502967834,0.56,0.004736374132335186,0.031934723258018494,0.04625564068555832
4,4,1812,2021-12-11,55057,0.044929147,0.03291798382997513,0.92,0.004758242052048445,0.03077932447195053,0.045217882841825485
4,4,1816,2021-12-11,55067,0.03890232,0.03813006356358528,0.925,0.0008975788950920105,0.03626646474003792,0.03908705711364746
4,4,1819,2021-12-11,55077,0.03527635,0.029805608093738556,0.815,0.002928165253251791,0.02939624711871147,0.037430331110954285
4,4,1831,2021-12-11,55105,0.019620357,0.021831844002008438,0.045,0.005381909664720297,0.019376184791326523,0.03505849465727806
4,4,1832,2021-12-11,55111,0.02894586,0.02840324118733406,0.56,0.003535992931574583,0.02662370726466179,0.0370340421795845
4,4,1841,2021-12-11,55139,0.028125912,0.028493646532297134,0.395,0.003737693652510643,0.027603091672062874,0.03873014077544212
4,4,1847,2021-12-11,56011,0.0025388042,0.0025300090201199055,0.59,9.571480040904135e-05,0.002520904643461108,0.0028576841577887535
4,4,1856,2022-06-08,01003,0.0058354908,0.005466304253786802,0.945,0.0001502163358964026,0.005381069611757994,0.005842659156769514
4,4,1858,2022-06-08,01025,0.0033761763,0.003177081933245063,1.0,8.559512934880331e-05,0.0031170181464403868,0.003375768894329667
4,4,1869,2022-06-08,05043,0.027108543,0.027135614305734634,0.02,9.23819334275322e-06,0.027108026668429375,0.027138181030750275
4,4,1871,2022-06-08,05079,0.0019193776,0.0018724955152720213,0.95,1.8188919057138264e-05,0.001865010941401124,0.0019214244093745947
4,4,1880,2022-06-08,06061,0.0028579065,0.0028856841381639242,0.305,9.433966624783352e-05,0.0028296452946960926,0.003112129168584943
4,4,1891,2022-06-08,12009,0.009479771,0.009323426522314548,0.745,0.00014599505811929703,0.009242918342351913,0.009684867225587368
4,4,1895,2022-06-08,12033,0.0059201405,0.005589980632066727,0.93,0.00013758527347818017,0.005491563118994236,0.005934900604188442
4,4,1902,2022-06-08,13121,0.0017738529,0.0017796504544094205,0.125,2.7754107577493414e-05,0.001772281713783741,0.001866134349256754
4,4,1908,2022-06-08,17043,0.0014133324,0.0014217302668839693,0.0,1.4166532309900504e-05,0.0014135753735899925,0.001454259967431426
4,4,1910,2022-06-08,17097,0.0015429351,0.0015454101376235485,0.44,2.1428313630167395e-05,0.001533539267256856,0.0015968253137543797
4,4,1917,2022-06-08,18029,0.0036994899,0.0036213134881109,0.655,0.00011765288945753127,0.003564308863133192,0.003920983523130417
4,4,1923,2022-06-08,18137,0.0035629359,0.003275859635323286,0.835,0.00015843812434468418,0.0031955656595528126,0.0036577333230525255
4,4,1926,2022-06-08,19001,0.0065746065,0.0066546108573675156,0.005,0.00011232105316594243,0.006571649573743343,0.006899104919284582
4,4,1936,2022-06-08,21063,0.0045595975,0.0045233070850372314,0.695,4.7615747462259606e-05,0.004499511327594519,0.004642825108021498
4,4,1939,2022-06-08,21237,0.00247808,0.0024312480818480253,0.76,4.564621485769749e-05,0.0024116819258779287,0.0025578902568668127
4,4,1943,2022-06-08,22069,0.005543875,0.005590709857642651,0.005,1.604097087692935e-05,0.005543803330510855,0.005599754862487316
4,4,1948,2022-06-08,24009,0.0021312006,0.0021218210458755493,0.79,6.149819455458783e-06,0.002119657350704074,0.0021393774077296257
4,4,1951,2022-06-08,24027,0.0025607862,0.0025611461605876684,0.37,2.254234004794853e-06,0.0025599333457648754,0.0025673052296042442
4,4,1956,2022-06-08,26159,0.0020616758,0.0020427503623068333,0.815,1.0400982318969909e-05,0.0020397750195115805,0.0020700294990092516
4,4,1959,2022-06-08,27113,0.0020585759,0.002048893366008997,0.525,0.00015362026169896126,0.001908755861222744,0.0023588628973811865
4,4,1960,2022-06-08,28011,0.008764817,0.008766183629631996,0.405,4.288942818675423e-06,0.008756385184824467,0.008769400417804718
4,4,1967,2022-06-08,28067,0.008307925,0.00832796934992075,0.02,6.766652404621709e-06,0.008307252079248428,0.0083296624943614
4,4,1974,2022-06-08,28147,0.015501843,0.015543347224593163,0.08,1.6719448467483744e-05,0.015497292391955853,0.015550306998193264
4,4,1976,2022-06-08,28151,0.010377764,0.0103853028267622,0.305,1.3526183465728536e-05,0.010349280200898647,0.010394413024187088
4,4,1983,2022-06-08,29047,0.038669936,0.038670413196086884,0.425,4.052084477734752e-06,0.03866279125213623,0.038678526878356934
4,4,1985,2022-06-08,29053,0.004776602,0.004777467809617519,0.45,1.083079132513376e-05,0.004771805368363857,0.004804828204214573
4,4,1988,2022-06-08,29087,0.0065903272,0.006620103493332863,0.085,6.176773604238406e-05,0.00658484036102891,0.0067795137874782085
4,4,1992,2022-06-08,29125,0.024310168,0.02430860698223114,0.935,1.077279534911213e-06,0.024306636303663254,0.02431046962738037
4,4,1994,2022-06-08,29139,0.003207744,0.003057286608964205,0.795,0.00011103419819846749,0.0029838373884558678,0.003330687526613474
4,4,1996,2022-06-08,29161,0.0030319663,0.00300187012180686,0.835,1.6515268725925125e-05,0.002991847228258848,0.003043752396479249
4,4,2000,2022-06-08,29225,0.0016835833,0.0016813436523079872,0.635,5.552122729568509e-06,0.0016684232978150249,0.001692086225375533
4,4,2001,2022-06-08,30003,0.05364888,0.053652629256248474,0.235,1.9010863979929127e-05,0.05364517122507095,0.053700316697359085
4,4,2006,2022-06-08,32007,0.00067421235,0.0006782942218706012,0.26,1.1715200344042387e-05,0.0006729091983288527,0.0007090165745466948
4,4,2011,2022-06-08,32021,0.012397472,0.012397609651088715,0.355,8.886858609002957e-07,0.012397313490509987,0.012400067411363125
4,4,2012,2022-06-08,32027,0.0020804065,0.0021099583245813847,0.05,5.9868008975172415e-05,0.002079006051644683,0.002269301563501358
4,4,2019,2022-06-08,34029,0.0034285083,0.003169675823301077,0.915,0.00011410566366976127,0.003097184468060732,0.0034382615704089403
4,4,2023,2022-06-08,35031,0.00051615946,0.0005193341639824212,0.42,1.516291649750201e-05,0.0005071511259302497,0.0005521935527212918
4,4,2026,2022-06-08,35047,0.0053884606,0.0053765615448355675,0.605,4.694105518865399e-05,0.005348586943000555,0.0054999846033751965
4,4,2027,2022-06-08,35051,0.0010828165,0.0010839169844985008,0.335,4.68759117211448e-06,0.0010813537519425154,0.0010947834234684706
4,4,2031,2022-06-08,37013,0.0032773823,0.003034296678379178,0.88,0.00011401563824620098,0.002965870313346386,0.003313044784590602
4,4,2032,2022-06-08,37023,0.0011738939,0.0011656053829938173,0.605,2.2197209545993246e-05,0.0011477111838757992,0.0012152398703619838
4,4,2034,2022-06-08,37051,0.0045379703,0.004241203889250755,0.84,0.00016068376135081053,0.00413933303207159,0.004613094497472048
4,4,2040,2022-06-08,37125,0.0030509427,0.002985087689012289,0.845,3.266879866714589e-05,0.0029633091762661934,0.0030583597254008055
4,4,2048,2022-06-08,39001,0.015295708,0.01530360709875822,0.28,1.1167060620209668e-05,0.015267097391188145,0.015306119807064533
4,4,2055,2022-06-08,39025,0.016214078,0.01621295139193535,0.82,4.409948815009557e-06,0.016200654208660126,0.01621624454855919
4,4,2061,2022-06-08,39053,0.0021594285,0.0020804547239094973,0.765,6.94305999786593e-05,0.002048928290605545,0.0022700552362948656
4,4,2063,2022-06-08,39059,0.0017501588,0.0017332922434434295,0.66,3.375553205842152e-05,0.0017100394470617175,0.0018230316927656531
4,4,2070,2022-06-08,39107,0.0013683098,0.001372248982079327,0.105,4.3626346268865746e-06,0.0013649456668645144,0.0013881028862670064
4,4,2084,2022-06-08,40021,0.0037821198,0.003767006564885378,0.72,1.782063554855995e-05,0.0037620007060468197,0.003815033007413149
4,4,2086,2022-06-08,40039,0.022828856,0.022833343595266342,0.13,8.103292202576995e-06,0.022828027606010437,0.02285315841436386
4,4,2088,2022-06-08,40057,0.003095452,0.0030807950533926487,0.94,1.2706838788290042e-05,0.003055139444768429,0.003101084381341934
4,4,2095,2022-06-08,40107,0.011118503,0.011215770617127419,0.17,5.090906051918864e-05,0.011082359589636326,0.01122772041708231
4,4,2100,2022-06-08,40135,0.0035200564,0.003503161482512951,0.695,2.3226020857691765e-05,0.0034884728956967592,0.00355592742562294
4,4,2105,2022-06-08,41059,0.0028120887,0.002812786493450403,0.325,9.460405635763891e-06,0.002807899611070752,0.0028385750483721495
4,4,2112,2022-06-08,45035,0.0027396986,0.002635129727423191,0.905,4.133776019443758e-05,0.002617797814309597,0.002742219716310501
4,4,2117,2022-06-08,46013,0.002072681,0.002073411364108324,0.47,9.456302905164193e-06,0.002067300956696272,0.0020950203761458397
4,4,2118,2022-06-08,46015,0.0031529516,0.003157534170895815,0.25,2.1969892259221524e-05,0.0031496617011725903,0.003214640775695443
4,4,2123,2022-06-08,46033,0.0018967023,0.0018948506331071258,0.555,7.0990681706462055e-06,0.0018842401914298534,0.0019061093917116523
4,4,2127,2022-06-08,46049,0.0035368819,0.003538795281201601,0.365,5.361147486837581e-06,0.0035249388311058283,0.003541136858984828
4,4,2130,2022-06-08,46059,0.0031388393,0.0031551900319755077,0.245,3.767640009755269e-05,0.0031305740121752024,0.003250814974308014
4,4,2138,2022-06-08,46081,0.0013575008,0.001372485770843923,0.32,3.0329696528497152e-05,0.0012992203701287508,0.0013983179815113544
4,4,2147,2022-06-08,46117,0.0030853774,0.003080530557781458,0.565,3.554572685970925e-05,0.0030652552377432585,0.0031719293911010027
4,4,2152,2022-06-08,48011,0.0025998794,0.00258327042683959,0.965,1.391863315802766e-05,0.002552139339968562,0.0026020072400569916
4,4,2153,2022-06-08,48045,0.031270694,0.03127139061689377,0.025,1.7157482261609402e-06,0.03127066418528557,0.031275443732738495
4,4,2155,2022-06-08,48069,0.0044135777,0.004406302236020565,0.78,1.0340232620364986e-05,0.004384299274533987,0.004416156094521284
4,4,2159,2022-06-08,48107,0.0027259917,0.0027074753306806087,0.895,1.764941043802537e-05,0.002672807080671191,0.002729428233578801
4,4,2163,2022-06-08,48153,0.0025923306,0.0025728214532136917,0.68,4.366350549389608e-05,0.0024905120953917503,0.0026187137700617313
4,4,2166,2022-06-08,48189,0.0027649202,0.0027517834678292274,0.65,2.5313598598586395e-05,0.002708129584789276,0.0027836798690259457
4,4,2170,2022-06-08,48219,0.00304825,0.0030489880591630936,0.485,3.177393227815628e-05,0.00303696864284575,0.0031254750210791826
4,4,2172,2022-06-08,48263,0.0027992579,0.002783170435577631,0.98,1.2176383279438596e-05,0.002762412652373314,0.002799478592351079
4,4,2176,2022-06-08,48341,0.0039459923,0.003951499238610268,0.215,3.4302745916647837e-05,0.003942328970879316,0.004057852551341057
4,4,2196,2022-06-08,51065,0.009785518,0.009772107936441898,0.935,7.333697794820182e-06,0.009763647802174091,0.009786208160221577
4,4,2201,2022-06-08,51087,0.012115862,0.012111358344554901,0.685,6.057350674382178e-06,0.012105725705623627,0.012125610373914242
4,4,2203,2022-06-08,51113,0.0020373208,0.00201804144307971,0.635,5.1053335482720286e-05,0.001976310508325696,0.0021393578499555588
4,4,2210,2022-06-08,51159,0.0022519736,0.002199342241510749,0.87,2.477063753758557e-05,0.002186910482123494,0.0022636132780462503
4,4,2211,2022-06-08,51177,0.0017707761,0.0017164717428386211,0.905,2.6044390324386768e-05,0.001692344667389989,0.0017728947568684816
4,4,2216,2022-06-08,54027,0.002620377,0.0023050319869071245,0.74,0.00023138729739002883,0.0021896795369684696,0.0028660085517913103
4,4,2220,2022-06-08,54041,0.0025100822,0.0024964953772723675,0.615,7.317369454540312e-05,0.0024671682622283697,0.0026874342001974583
4,4,2221,2022-06-08,54049,0.0031779394,0.003163901623338461,0.58,5.6223045248771086e-05,0.0031321023125201464,0.0033101756125688553
4,4,2233,2022-06-08,55025,0.0072867507,0.007248138077557087,0.975,2.726187631196808e-05,0.00720948027446866,0.007290043868124485
4,4,2243,2024-02-27,01095,0.0012702515,0.0012496261624619365,0.605,0.00011627408093772829,0.0011933587957173586,0.001536066527478397
4,4,2252,2024-02-27,06027,0.028783765,0.028158754110336304,0.87,0.0010700580896809697,0.025661177933216095,0.028873872011899948
4,4,2258,2024-02-27,06045,0.010350729,0.008964872919023037,0.62,0.004354661330580711,0.007361567113548517,0.02099057286977768
4,4,2261,2024-02-27,06061,0.016651008,0.018182776868343353,0.31,0.004252891521900892,0.015295151621103287,0.027944380417466164
4,4,2275,2024-02-27,08029,0.012193378,0.012190354987978935,0.545,8.704436186235398e-05,0.012147124856710434,0.01246597059071064
4,4,2276,2024-02-27,08043,0.00038808005,0.0003860347205772996,0.57,1.6824564227135852e-05,0.000378055265173316,0.00042596415732987225
4,4,2291,2024-02-27,13057,0.0025009592,0.002544770948588848,0.035,2.4672961444593966e-05,0.0024995466228574514,0.002569472184404731
4,4,2292,2024-02-27,13067,0.0014564557,0.0014574506785720587,0.45,1.181193147203885e-05,0.0014443257823586464,0.0014886512653902173
4,4,2295,2024-02-27,13089,0.0011570461,0.0011769013945013285,0.265,7.812039984855801e-05,0.0011474697384983301,0.0013793958351016045
4,4,2296,2024-02-27,13113,0.003267347,0.0033183088526129723,0.28,4.187152080703527e-05,0.0032218366395682096,0.0033402538392692804
4,4,2305,2024-02-27,13223,0.00141879,0.0011901347897946835,0.77,0.00015810292097739875,0.0010986612178385258,0.0015601065242663026
4,4,2316,2024-02-27,16061,0.0032802953,0.003223635256290436,0.975,2.868924093490932e-05,0.0031884920317679644,0.003300902433693409
4,4,2318,2024-02-27,16073,0.0032969345,0.0033129150979220867,0.425,0.00024352931359317154,0.0032521558459848166,0.004017299506813288
4,4,2320,2024-02-27,16087,0.0073709693,0.007533170282840729,0.04,0.0006264427211135626,0.007366651203483343,0.009249655529856682
4,4,2324,2024-02-27,17043,0.0025200013,0.0026720045134425163,0.08,0.0004088016867171973,0.002500997856259346,0.0038870780263096094
4,4,2325,2024-02-27,17047,0.0026108334,0.002620727987959981,0.455,0.0002653864794410765,0.002503759693354368,0.0033443274442106485
4,4,2328,2024-02-27,17073,0.0023312382,0.002407870953902602,0.25,0.00021042616572231054,0.002306315815076232,0.0029123597778379917
4,4,2329,2024-02-27,17077,0.0019964483,0.001861079130321741,0.91,5.97477046540007e-05,0.0018296452471986413,0.002007428789511323
4,4,2331,2024-02-27,17097,0.002941609,0.0029295089188963175,0.52,0.00027388683520257473,0.002835346618667245,0.0036984537728130817
4,4,2334,2024-02-27,17153,0.002313836,0.00226108031347394,0.68,8.067111775744706e-05,0.0022141255903989077,0.002458711853250861
4,4,2352,2024-02-27,18129,0.0030369745,0.0030474490486085415,0.485,0.0002693419810384512,0.002891778713092208,0.0037390522193163633
4,4,2359,2024-02-27,21017,0.003304629,0.003531576367095113,0.115,0.0006513402331620455,0.003261809004470706,0.005266360938549042
4,4,2364,2024-02-27,21045,0.0023797732,0.0022483787033706903,0.615,0.0003279511583968997,0.002054875949397683,0.0030083691235631704
4,4,2366,2024-02-27,21049,0.003007149,0.0031637288630008698,0.21,0.0005204928456805646,0.002955411095172167,0.0044565144926309586
4,4,2377,2024-02-27,21101,0.0031970672,0.003098265267908573,0.575,0.0004231005732435733,0.0029315862338989973,0.0041907294653356075
4,4,2380,2024-02-27,21125,0.0027126544,0.002718801610171795,0.16,5.11333701069816e-06,0.0027095770929008722,0.0027262242510914803
4,4,2382,2024-02-27,21149,0.00283821,0.00293936999514699,0.36,0.00035196312819607556,0.0027603048365563154,0.003843325888738036
4,4,2395,2024-02-27,23029,0.041619368,0.01826527528464794,0.935,0.00920130405575037,0.014592643827199936,0.04177549481391907
4,4,2396,2024-02-27,25003,0.029326038,0.009010042995214462,0.99,0.008511999621987343,0.006044343113899231,0.02933899126946926
4,4,2401,2024-02-27,25017,0.0074089486,0.003600901225581765,0.875,0.0015762787079438567,0.003253516275435686,0.008259521797299385
4,4,2405,2024-02-27,25027,0.012486486,0.0043620821088552475,0.98,0.0029354810249060392,0.003836591960862279,0.012534117326140404
4,4,2406,2024-02-27,26025,0.0073709055,0.0074584949761629105,0.3,8.149132918333635e-05,0.007301748264580965,0.007530836388468742
4,4,2407,2024-02-27,26049,0.0038609407,0.003840315155684948,0.625,8.909841562854126e-05,0.0038293555844575167,0.004088676068931818
4,4,2408,2024-02-27,26159,0.004960262,0.004299613647162914,0.855,0.0003246443811804056,0.004171634558588266,0.005197057966142893
4,4,2409,2024-02-27,28081,0.0009070983,0.0008479438256472349,0.825,3.810608177445829e-05,0.0008161322330124676,0.000939955934882164
4,4,2412,2024-02-27,29031,0.0022213885,0.002220934024080634,0.5,5.864016929990612e-05,0.0021933584939688444,0.002370696049183607
4,4,2415,2024-02-27,29143,0.0018855856,0.0019029041286557913,0.35,5.269756002235226e-05,0.0018658004701137543,0.002016412792727351
4,4,2419,2024-02-27,29223,0.0013772288,0.0013175647472962737,0.865,2.7796038921223953e-05,0.001303686760365963,0.0013841250911355019
4,4,2422,2024-02-27,30013,0.0012216861,0.0011837261263281107,0.84,3.8461843359982595e-05,0.0011157658882439137,0.0012440638383850455
4,4,2429,2024-02-27,30045,0.00072745554,0.000695850292686373,0.83,3.400224886718206e-05,0.0006362552521750331,0.0007449669647030532
4,4,2443,2024-02-27,32007,0.0018908293,0.0021686034742742777,0.245,0.0015630070120096207,0.001811112859286368,0.006793276406824589
4,4,2448,2024-02-27,32021,0.01358773,0.013595189899206161,0.315,0.00034914573188871145,0.013585042208433151,0.014723379164934158
4,4,2450,2024-02-27,32027,0.014627252,0.01565908081829548,0.1,0.0034057628363370895,0.01451554149389267,0.025523249059915543
4,4,2451,2024-02-27,32029,0.008876506,0.009644213132560253,0.145,0.004219578579068184,0.008671830408275127,0.021626455709338188
4,4,2465,2024-02-27,35031,0.007350054,0.007767505012452602,0.43,0.0034118073526769876,0.006527100224047899,0.016605982556939125
4,4,2471,2024-02-27,35047,0.0050981743,0.005084414966404438,0.52,0.000509698293171823,0.004842864815145731,0.00634218193590641
4,4,2477,2024-02-27,35061,0.0023036005,0.002564528025686741,0.07,0.0010311886435374618,0.0022875412832945585,0.005532538052648306
4,4,2479,2024-02-27,36007,0.003572904,0.002023641485720873,0.855,0.0007405811338685453,0.0019782863091677427,0.004156298004090786
4,4,2481,2024-02-27,36019,0.01487117,0.006806178949773312,0.925,0.0030009369365870953,0.006742809899151325,0.014988157898187637
4,4,2486,2024-02-27,36035,0.05036738,0.06639812886714935,0.13,0.006910108961164951,0.04880478233098984,0.06873801350593567
4,4,2492,2024-02-27,36055,0.0077081723,0.007731284014880657,0.495,0.0033083942253142595,0.006307984236627817,0.01659914292395115
4,4,2504,2024-02-27,36103,0.0072777667,0.007253699004650116,0.505,0.0036966553889214993,0.005774333141744137,0.016442162916064262
4,4,2508,2024-02-27,36117,0.022549164,0.02831563912332058,0.12,0.0025180205702781677,0.021652689203619957,0.029286915436387062
4,4,2520,2024-02-27,39097,0.017896743,0.018167026340961456,0.345,0.0005093359504826367,0.01690606027841568,0.01840912364423275
4,4,2531,2024-02-27,40039,0.0014501524,0.0014680561143904924,0.125,5.6696073443163186e-05,0.001447009271942079,0.0016160447848960757
4,4,2537,2024-02-27,41045,0.012703487,0.01302286982536316,0.18,0.0009302808321081102,0.012652427889406681,0.015391930937767029
4,4,2542,2024-02-27,45003,0.0021713283,0.001640574773773551,0.88,0.0002353035524720326,0.0015402681892737746,0.0022510371636599302
4,4,2543,2024-02-27,45007,0.0040659746,0.004153503570705652,0.31,0.00014277604350354522,0.0037820329889655113,0.004220613278448582
4,4,2549,2024-02-27,45065,0.0022947048,0.002069268375635147,0.87,0.00010459141776664183,0.0020207604393363,0.002323133172467351
4,4,2562,2024-02-27,47073,0.0035796724,0.0035584515426307917,0.61,0.00010239594848826528,0.0035248456988483667,0.0038319139275699854
4,4,2568,2024-02-27,48017,0.0015793765,0.0016209757886826992,0.11,0.00011295023432467133,0.0015636226162314415,0.0019135568290948868
4,4,2569,2024-02-27,48045,0.0014561354,0.001463036285713315,0.04,3.191569703631103e-05,0.0014546647435054183,0.0015487177297472954
4,4,2572,2024-02-27,48069,0.0019363328,0.0019483171636238694,0.415,8.159345452440903e-05,0.0019133914029225707,0.002181020798161626
4,4,2578,2024-02-27,48141,0.0009541753,0.0010491055436432362,0.025,0.0003168142575304955,0.0009482672903686762,0.001914127846248448
4,4,2579,2024-02-27,48153,0.001220549,0.0012243310920894146,0.08,6.227507583389524e-06,0.0012168439570814371,0.0012399560073390603
4,4,2581,2024-02-27,48189,0.001107522,0.0011078508105129004,0.49,1.0556226698099636e-05,0.001103853457607329,0.0011376431211829185
4,4,2586,2024-02-27,48219,0.0010995758,0.0011003450490534306,0.485,2.339905586268287e-05,0.0010893726721405983,0.0011649822117760777
4,4,2591,2024-02-27,48329,0.0011161834,0.0011720447801053524,0.06,0.0002056196244666353,0.0011110610794276,0.0017623460153117776
4,4,2592,2024-02-27,48341,0.0061042304,0.006046452559530735,0.965,0.00013621876132674515,0.005715197417885065,0.006105649285018444
4,4,2605,2024-02-27,49015,0.009877017,0.011404532939195633,0.17,0.0033932116348296404,0.009538796730339527,0.019646696746349335
4,4,2606,2024-02-27,49019,0.015948087,0.017388012260198593,0.17,0.004717271309345961,0.015529105439782143,0.029388239607214928
4,4,2607,2024-02-27,49021,0.051780093,0.052904706448316574,0.265,0.003167025512084365,0.05132613331079483,0.06090051308274269
4,4,2611,2024-02-27,49031,0.02815467,0.02974747121334076,0.02,0.004954016301780939,0.027991361916065216,0.043154507875442505
4,4,2622,2024-02-27,49053,0.021247342,0.022716574370861053,0.165,0.003038382390514016,0.0209799874573946,0.0297735333442688
4,4,2623,2024-02-27,49057,0.009647153,0.010357998311519623,0.02,0.00196896493434906,0.009626592509448528,0.015238025225698948
4,4,2633,2024-02-27,50019,0.024228882,0.010755524039268494,0.925,0.005427507217973471,0.009099814109504223,0.02430461160838604
4,4,2634,2024-02-27,50021,0.013969765,0.007913134060800076,0.83,0.0032517495565116405,0.007358466275036335,0.017219576984643936
4,4,2637,2024-02-27,50027,0.027005348,0.012332243844866753,0.875,0.006739952135831118,0.011261950246989727,0.031882159411907196
4,4,2638,2024-02-27,51031,0.0017693285,0.0016420413739979267,0.755,0.00010866819502552971,0.001601110678166151,0.0019320867722854018
4,5,0,2019-03-13,01001,0.0020172845,0.0018774352502077818,0.945,6.166221282910556e-05,0.0018426248570904136,0.002019273117184639
4,5,12,2019-03-13,01091,0.0018591237,0.00166987138800323,0.995,8.339478517882526e-05,0.0016176120843738317,0.0018591922707855701
4,5,13,2019-03-13,01105,0.008857972,0.00912684015929699,0.01,0.00011987273319391534,0.008857033215463161,0.009191343560814857
4,5,14,2019-03-13,01111,0.0023992467,0.0019500763155519962,0.86,0.0002174153196392581,0.0018190187402069569,0.0024731417652219534
4,5,22,2019-03-13,06073,0.0011581283,0.0011739155743271112,0.08,3.346094672451727e-05,0.0011568074114620686,0.0012503290781751275
4,5,28,2019-03-13,08063,0.18866846,0.1885526031255722,0.77,0.0005222972831688821,0.18719874322414398,0.18873253464698792
4,5,33,2019-03-13,13233,0.015808996,0.01584484986960888,0.185,2.0331990526756272e-05,0.0157929714769125,0.015852728858590126
4,5,35,2019-03-13,17025,0.008825233,0.0060553643852472305,0.825,0.0012851160718128085,0.005596626549959183,0.009138000197708607
4,5,40,2019-03-13,17069,0.017487776,0.017478276044130325,0.64,5.6053198932204396e-05,0.01746947132050991,0.017616193741559982
4,5,44,2019-03-13,17087,0.008522332,0.008095147088170052,0.79,0.0002117115946020931,0.008073686622083187,0.008644125424325466
4,5,52,2019-03-13,17185,0.0068713618,0.006858804263174534,0.515,0.0007284487364813685,0.006587503012269735,0.00854839850217104
4,5,60,2019-03-13,18061,0.005347313,0.005340282805263996,0.575,5.810213042423129e-05,0.005326961632817984,0.005513383541256189
4,5,64,2019-03-13,18089,0.003947094,0.003910930827260017,0.525,0.0006500669405795634,0.0034987444523721933,0.00530693493783474
4,5,67,2019-03-13,18121,0.0069996417,0.00554350670427084,0.77,0.0010098314378410578,0.005067034158855677,0.008002822287380695
4,5,68,2019-03-13,18125,0.007910291,0.006563316099345684,0.825,0.0006252907915040851,0.006299377419054508,0.008084520697593689
4,5,75,2019-03-13,18155,0.006473296,0.006315488368272781,0.72,0.0001952145976247266,0.0062189227901399136,0.006821780931204557
4,5,79,2019-03-13,20007,0.013727811,0.014334027655422688,0.15,0.0018371709156781435,0.013574236072599888,0.018876580521464348
4,5,80,2019-03-13,20039,0.03874513,0.03874313831329346,0.5,0.00041092088213190436,0.03860555216670036,0.03972620144486427
4,5,82,2019-03-13,20063,0.014885208,0.014891033992171288,0.35,5.2362818678375334e-05,0.01486831996589899,0.01505404431372881
4,5,94,2019-03-13,21007,0.06693831,0.0671745240688324,0.39,0.0005560038262046874,0.06595943123102188,0.06745588779449463
4,5,98,2019-03-13,21035,0.011134314,0.011057727038860321,0.53,0.0006565495277754962,0.010749869979918003,0.012510925531387329
4,5,101,2019-03-13,21047,0.008281306,0.008452317677438259,0.245,0.00048116667312569916,0.00818911287933588,0.00956767052412033
4,5,112,2019-03-13,21107,0.008809882,0.007858876138925552,0.8,0.000519128399901092,0.007632489316165447,0.009078527800738811
4,5,114,2019-03-13,21143,0.025656387,0.025697100907564163,0.43,0.00014978012768551707,0.025404512882232666,0.02582259476184845
4,5,122,2019-03-13,21203,0.0097647,0.009471587836742401,0.68,0.00042334446334280074,0.009250038303434849,0.010440883226692677
4,5,130,2019-03-13,21233,0.007577017,0.007573370821774006,0.5,0.00047163874842226505,0.007395805791020393,0.008731519803404808
4,5,133,2019-03-13,22111,0.0062373355,0.0047812266275286674,0.95,0.0006264569237828255,0.004441581200808287,0.006244012154638767
4,5,139,2019-03-13,26155,0.034690186,0.035129398107528687,0.295,0.0005576352123171091,0.03383128345012665,0.03538976237177849
4,5,143,2019-03-13,28019,0.0059611546,0.006102151237428188,0.01,5.666941433446482e-05,0.005959660746157169,0.006129405461251736
4,5,145,2019-03-13,28061,0.0028930597,0.0026994887739419937,0.995,8.529613114660606e-05,0.0026465703267604113,0.0028934176079928875
4,5,146,2019-03-13,28075,0.0026168735,0.002265333663672209,0.99,0.0001520560763310641,0.0021918693091720343,0.0026190162170678377
4,5,158,2019-03-13,29510,0.003837842,0.004146588034927845,0.09,0.0006727242725901306,0.0038082036189734936,0.005688290111720562
4,5,164,2019-03-13,34035,0.00142092,0.0014217820717021823,0.38,1.0687829671951476e-05,0.0014117395039647818,0.0014466033317148685
4,5,166,2019-03-13,35025,0.011716927,0.011998041532933712,0.315,0.0010149809531867504,0.011475236155092716,0.01427768636494875
4,5,170,2019-03-13,39011,0.009918939,0.00999829825013876,0.38,0.00038674153620377183,0.009808563627302647,0.010869610123336315
4,5,173,2019-03-13,39027,0.102947205,0.10292497277259827,0.775,8.164001337718219e-05,0.10270971804857254,0.10295950621366501
4,5,174,2019-03-13,39029,0.0044769626,0.004397290758788586,0.665,0.00010102836677106097,0.004358337726444006,0.004630243871361017
4,5,178,2019-03-13,39049,0.0040143183,0.00399717316031456,0.535,0.00021003848814871162,0.003877590876072645,0.00445095170289278
4,5,199,2019-03-13,40031,0.0076096053,0.008148547261953354,0.01,0.0010586997959762812,0.00760442903265357,0.010534452274441719
4,5,208,2019-03-13,40075,0.017019534,0.017612358555197716,0.04,0.0013797692954540253,0.016966907307505608,0.02067648619413376
4,5,210,2019-03-13,40085,0.0037000976,0.003741144435480237,0.435,0.0004456349415704608,0.0035909689031541348,0.0048207170329988
4,5,216,2019-03-13,40149,0.017541556,0.018285609781742096,0.14,0.0015710629522800446,0.017393779009580612,0.022077901288866997
4,5,218,2019-03-13,40153,0.018127715,0.018611395731568336,0.075,0.001129945507273078,0.018063228577375412,0.0211638193577528
4,5,219,2019-03-13,42073,0.0026722369,0.0025664004497230053,0.94,4.67310928797815e-05,0.0025401676539331675,0.002677234122529626
4,5,225,2019-03-13,47189,0.0032738089,0.0032115676440298557,0.56,0.00029690159135498106,0.003095380263403058,0.003908770624548197
4,5,233,2019-03-13,48075,0.019739421,0.02054080367088318,0.195,0.0018302436219528317,0.019494924694299698,0.02465144358575344
4,5,235,2019-03-13,48081,0.0058150603,0.00600029993802309,0.185,0.000617789279203862,0.005775660742074251,0.007582563906908035
4,5,236,2019-03-13,48085,0.002651193,0.002709174295887351,0.31,0.00032975373324006796,0.0026050754822790623,0.00350873451679945
4,5,238,2019-03-13,48101,0.019292597,0.02030879817903042,0.04,0.0019657828379422426,0.019256509840488434,0.024443859234452248
4,5,250,2019-03-13,48139,0.0035815563,0.003587083425372839,0.21,0.00011126218305435032,0.003578182542696595,0.003911423962563276
4,5,257,2019-03-13,48179,0.014491292,0.015065312385559082,0.04,0.0011524574365466833,0.014442850835621357,0.017702003940939903
4,5,261,2019-03-13,48191,0.02663031,0.02703634276986122,0.01,0.0011508214520290494,0.02661954239010811,0.02998349629342556
4,5,263,2019-03-13,48203,0.0046021794,0.0039527746848762035,0.955,0.00027461425634101033,0.0038154793437570333,0.004609610419720411
4,5,264,2019-03-13,48205,0.029436195,0.029366251081228256,0.96,0.00010366511560278013,0.029150666669011116,0.02944326400756836
4,5,270,2019-03-13,48227,0.00975047,0.010156800970435143,0.045,0.00110953813418746,0.009712754748761654,0.01300775445997715
4,5,272,2019-03-13,48233,0.119532704,0.11939424276351929,0.89,0.0003204428358003497,0.11865399777889252,0.11956164240837097
4,5,276,2019-03-13,48253,0.030405527,0.030464377254247665,0.22,0.00027258394402451813,0.030378777533769608,0.031152186915278435
4,5,278,2019-03-13,48267,0.019645065,0.0196391474455595,0.53,0.00017765436496119946,0.019217845052480698,0.019710933789610863
4,5,284,2019-03-13,48317,0.011965383,0.011814039200544357,0.65,0.0005179598229005933,0.010679611936211586,0.012100492604076862
4,5,290,2019-03-13,48349,0.0050465018,0.00501966942101717,0.565,0.00026711460668593645,0.004913181997835636,0.005699652247130871
4,5,292,2019-03-13,48357,0.016390966,0.016732893884181976,0.06,0.0006924177869223058,0.0163548793643713,0.01822701469063759
4,5,304,2019-03-13,48399,0.028928922,0.028882518410682678,0.72,0.00016727323236409575,0.028453277423977852,0.028945691883563995
4,5,309,2019-03-13,48433,0.014680711,0.015541176311671734,0.075,0.001718201325275004,0.014594299718737602,0.01946433261036873
4,5,316,2019-03-13,48467,0.0028402128,0.002854257822036743,0.485,0.00035979069070890546,0.002695255447179079,0.0036884495057165623
4,5,318,2019-03-13,48483,0.018078672,0.01861557364463806,0.14,0.0013206290313974023,0.017974523827433586,0.02158631943166256
4,5,330,2021-03-26,01041,0.0020499546,0.001985134556889534,0.955,2.7701973522198386e-05,0.001969094853848219,0.0020503250416368246
4,5,338,2021-03-26,01091,0.0023996537,0.0023881918750703335,0.99,5.201619387662504e-06,0.0023761845659464598,0.002399932825937867
4,5,341,2021-03-26,01099,0.0019481111,0.0019000440370291471,0.995,1.8884471501223743e-05,0.0018817413365468383,0.0019488552352413535
4,5,342,2021-03-26,01103,0.006644492,0.006112828850746155,0.95,0.00022201785759534687,0.005987458396703005,0.00671230535954237
4,5,343,2021-03-26,01111,0.023143131,0.023273732513189316,0.2,6.407679029507563e-05,0.023131364956498146,0.023312339559197426
4,5,348,2021-03-26,05037,0.0066836383,0.006673086434602737,0.875,5.201690782996593e-06,0.006669481750577688,0.006685297936201096
4,5,350,2021-03-26,05041,0.0044750553,0.004479134920984507,0.41,9.945738383976277e-06,0.004457434639334679,0.004497723188251257
4,5,361,2021-03-26,08023,0.0005258474,0.0005277707241475582,0.31,1.51247959365719e-05,0.0005226223147474229,0.0005690231919288635
4,5,364,2021-03-26,08063,0.001956411,0.0019574258476495743,0.175,1.6442937749161501e-06,0.0019555953331291676,0.0019616198260337114
4,5,371,2021-03-26,13015,0.010405281,0.010905931703746319,0.215,0.0002782255760394037,0.010265551507472992,0.01108868233859539
4,5,374,2021-03-26,13091,0.0030429133,0.0027276133187115192,0.985,0.00012959641753695905,0.0026545696891844273,0.003043566131964326
4,5,387,2021-03-26,13255,0.0022103162,0.00204351544380188,0.76,0.00014115868543740362,0.0019507849356159568,0.002359031466767192
4,5,389,2021-03-26,13291,0.0053345757,0.005121133755892515,0.67,0.0003298280935268849,0.004915903322398663,0.005867911037057638
4,5,390,2021-03-26,13303,0.0034331856,0.003140474669635296,0.95,0.0001302717428188771,0.00308267492800951,0.003438833635300398
4,5,393,2021-03-26,16001,0.0021197658,0.002117283409461379,0.845,5.589002284978051e-06,0.0021038593258708715,0.002120435703545809
4,5,394,2021-03-26,16005,0.001850981,0.0018832164350897074,0.225,0.00015075593546498567,0.0018409857293590903,0.002260796958580613
4,5,395,2021-03-26,16007,0.00044270087,0.0004479495109990239,0.0,2.6213356250082143e-05,0.00044271216029301286,0.0005151997902430594
4,5,397,2021-03-26,16013,0.0011901029,0.0012534777633845806,0.115,0.0001817208540160209,0.001183391665108502,0.0017098234966397285
4,5,409,2021-03-26,16047,0.0051251906,0.005109436344355345,0.86,5.917234011576511e-05,0.004960888065397739,0.005126952193677425
4,5,414,2021-03-26,16059,0.019334523,0.01928986981511116,0.64,0.0002122584992321208,0.018768368288874626,0.019377917051315308
4,5,426,2021-03-26,17021,0.023972107,0.02397540584206581,0.385,8.69233554112725e-06,0.023962916806340218,0.02399347722530365
4,5,432,2021-03-26,17069,0.0025305564,0.0025458061136305332,0.355,2.1168511011637747e-05,0.002517071785405278,0.00257776933722198
4,5,434,2021-03-26,17087,0.0022763272,0.0022985772229731083,0.035,1.5215329767670482e-05,0.0022748331539332867,0.0023218970745801926
4,5,442,2021-03-26,17185,0.0037089456,0.0037112231366336346,0.405,7.327665116463322e-06,0.003695286577567458,0.0037230763118714094
4,5,447,2021-03-26,18013,0.006611645,0.006641264073550701,0.195,1.658232940826565e-05,0.006601528264582157,0.006651285570114851
4,5,461,2021-03-26,18105,0.0026915942,0.002690107561647892,0.66,1.1712349078152329e-05,0.0026857147458940744,0.0027232468128204346
4,5,462,2021-03-26,18109,0.007145835,0.007150664925575256,0.185,2.8395843401085585e-06,0.007142937276512384,0.007152345962822437
4,5,464,2021-03-26,18125,0.0039928374,0.003986205440014601,0.82,8.642635293654166e-06,0.0039687263779342175,0.004000344779342413
4,5,467,2021-03-26,18145,0.0031881407,0.003193031996488571,0.465,5.6598306400701404e-05,0.003169697942212224,0.0033298281487077475
4,5,469,2021-03-26,18155,0.0097243525,0.009717393666505814,0.725,1.2160522601334378e-05,0.009711336344480515,0.00975023303180933
4,5,475,2021-03-26,20039,0.0031936418,0.0031934245489537716,0.505,2.9415327844617423e-06,0.0031900114845484495,0.0031990259885787964
4,5,478,2021-03-26,20063,0.0014330348,0.0014343354851007462,0.21,1.6912928913370706e-05,0.0014292014529928565,0.0014815295580774546
4,5,481,2021-03-26,20089,0.0018717673,0.0018766712164506316,0.265,7.737576197541784e-06,0.001854047179222107,0.0018905340693891048
4,5,488,2021-03-26,20163,0.0016438132,0.0016534323804080486,0.125,7.988911420397926e-06,0.0016334856627508998,0.0016690297052264214
4,5,496,2021-03-26,21007,0.0028167225,0.00282472325488925,0.145,7.5291673056199215e-06,0.0028140228241682053,0.0028407529462128878
4,5,498,2021-03-26,21035,0.002302156,0.002308158902451396,0.195,6.899935215187725e-06,0.0022985609248280525,0.0023194835521280766
4,5,500,2021-03-26,21047,0.0028136307,0.0028166556730866432,0.16,1.4944489521440119e-05,0.0028087229002267122,0.0028525928501039743
4,5,505,2021-03-26,21085,0.0045815106,0.004578695632517338,0.655,6.402833605534397e-06,0.004573450423777103,0.004592874553054571
4,5,506,2021-03-26,21093,0.002634156,0.00263788690790534,0.025,3.5967957956017926e-05,0.002633392810821533,0.0027318887878209352
4,5,509,2021-03-26,21107,0.0023274824,0.002327845199033618,0.49,7.5582979661703575e-06,0.00231193914078176,0.002339279744774103
4,5,512,2021-03-26,21143,0.0026940051,0.002702765166759491,0.045,9.616919669497292e-06,0.002692500129342079,0.002726893872022629
4,5,522,2021-03-26,21233,0.0027976325,0.0027938983403146267,0.56,1.5744453776278533e-05,0.0027740043587982655,0.00282818335108459
4,5,525,2021-03-26,22111,0.0045255697,0.004505553282797337,0.995,7.016134986770339e-06,0.004496165085583925,0.004525590687990189
4,5,528,2021-03-26,24001,0.00718902,0.00669352151453495,0.725,0.00040445479680784047,0.006518624722957611,0.0076254671439528465
4,5,537,2021-03-26,24035,0.0039003869,0.0035809483379125595,0.78,0.00017982310964725912,0.0035204708110541105,0.004026541952043772
4,5,542,2021-03-26,25009,0.0073641404,0.0056899962946772575,0.84,0.0007380947936326265,0.00549736013635993,0.007626581471413374
4,5,548,2021-03-26,25025,0.0047272234,0.004836045205593109,0.205,0.0005054572829976678,0.004687362350523472,0.006154919974505901
4,5,557,2021-03-26,28071,0.0040066475,0.003866956802085042,0.93,5.88200127822347e-05,0.003841318190097809,0.004013784695416689
4,5,561,2021-03-26,28115,0.008671667,0.008639281615614891,0.89,1.4235856724553742e-05,0.008633395656943321,0.00868585892021656
4,5,571,2021-03-26,29201,0.0021786422,0.002161361277103424,0.8,1.4409507457457948e-05,0.0021411580964922905,0.002185802673920989
4,5,573,2021-03-26,30009,0.015925618,0.015859117731451988,0.81,0.00027094301185570657,0.015156667679548264,0.015937089920043945
4,5,574,2021-03-26,30011,0.008369616,0.008397834375500679,0.45,0.00029377188184298575,0.00829007662832737,0.009142318740487099
4,5,578,2021-03-26,30023,0.009692753,0.010198121890425682,0.3,0.0026453151367604733,0.009344697929918766,0.01668359339237213
4,5,581,2021-03-26,30037,0.00528195,0.005558696575462818,0.165,0.0010260234121233225,0.0052214073948562145,0.0082858232781291
4,5,587,2021-03-26,30063,0.012581111,0.013811333104968071,0.41,0.003701254492625594,0.01135973446071148,0.021553922444581985
4,5,589,2021-03-26,30067,0.0063304584,0.006797226145863533,0.145,0.002117465017363429,0.006242522969841957,0.012318391352891922
4,5,594,2021-03-26,30081,0.009379653,0.010578728280961514,0.35,0.0037868348881602287,0.008322139270603657,0.019074907526373863
4,5,615,2021-03-26,34015,0.0036162708,0.0034005269408226013,0.785,0.0001663308503339067,0.003326816251501441,0.003841072553768754
4,5,616,2021-03-26,34017,0.0025538004,0.0025738910771906376,0.395,0.00013639457756653428,0.0025221046525985003,0.0029369271360337734
4,5,620,2021-03-26,34025,0.0039414642,0.003962603397667408,0.39,4.006814560852945e-05,0.003892305539920926,0.004006297793239355
4,5,623,2021-03-26,34035,0.002418176,0.002414293121546507,0.515,9.734046761877835e-05,0.0023881616070866585,0.0026886577252298594
4,5,633,2021-03-26,36043,0.010998497,0.010011794045567513,0.9,0.0004334791738074273,0.009823008440434933,0.011042652651667595
4,5,638,2021-03-26,36063,0.006197845,0.006034018471837044,0.71,0.00022120194626040757,0.005923755466938019,0.0065824659541249275
4,5,639,2021-03-26,36071,0.0030127259,0.002672606147825718,0.85,0.0001538217911729589,0.002623511478304863,0.003048201324418187
4,5,640,2021-03-26,36073,0.008424155,0.008344276808202267,0.61,0.00023164410958997905,0.008251841180026531,0.00891346950083971
4,5,644,2021-03-26,36095,0.010937975,0.010187837295234203,0.74,0.00046191003639250994,0.009846603497862816,0.011057949624955654
4,5,652,2021-03-26,37053,0.0035253507,0.003464893437922001,0.825,3.1664047128288075e-05,0.0034499214962124825,0.0035430057905614376
4,5,654,2021-03-26,37081,0.0013531232,0.001356205902993679,0.475,8.132166840368882e-05,0.0013278030091896653,0.0015648488188162446
4,5,659,2021-03-26,37151,0.0022226665,0.0021264352835714817,0.8,6.704850966343656e-05,0.0021006837487220764,0.002307008020579815
4,5,661,2021-03-26,39003,0.0076618614,0.007674298249185085,0.46,9.647325350670144e-05,0.007613015826791525,0.007889959961175919
4,5,662,2021-03-26,39011,0.0068888776,0.006892750039696693,0.475,8.138682460412383e-05,0.0068446435034275055,0.007109777070581913
4,5,668,2021-03-26,39027,0.019489506,0.019480779767036438,0.695,3.724052294273861e-05,0.01938946731388569,0.01950192078948021
4,5,669,2021-03-26,39029,0.0068070428,0.006730395834892988,0.63,0.00017679310985840857,0.006615867372602224,0.0071252621710300446
4,5,672,2021-03-26,39035,0.011226557,0.011104444041848183,0.67,0.00019626703578978777,0.010969330556690693,0.011536665260791779
4,5,676,2021-03-26,39049,0.007926739,0.007890756241977215,0.625,0.000130350177641958,0.007826169021427631,0.008212973363697529
4,5,678,2021-03-26,39057,0.0055753454,0.005567802581936121,0.775,1.3294541531649884e-05,0.005542396567761898,0.005581798497587442
4,5,694,2021-03-26,39113,0.0031511046,0.0031525162048637867,0.49,8.427080319961533e-05,0.0031055216677486897,0.003366486867889762
4,5,699,2021-03-26,39149,0.013294337,0.01330234669148922,0.375,3.8810707337688655e-05,0.013204853981733322,0.013327510096132755
4,5,709,2021-03-26,41017,0.007687777,0.007878722622990608,0.395,0.0003212556184735149,0.007228233385831118,0.008109821006655693
4,5,714,2021-03-26,41037,0.0008080199,0.0008077025413513184,0.565,2.6063678433274617e-06,0.0008060146356001496,0.0008142274455167353
4,5,722,2021-03-26,42021,0.009572248,0.009515505284070969,0.79,3.6984092730563134e-05,0.009481932036578655,0.009600982069969177
4,5,723,2021-03-26,42029,0.0022389828,0.002261358080431819,0.165,8.86485431692563e-05,0.0022327357437461615,0.0024925454054027796
4,5,729,2021-03-26,42069,0.0074508665,0.006453464739024639,0.86,0.0004471061402000487,0.006230572704225779,0.0075289057567715645
4,5,730,2021-03-26,42071,0.0022897818,0.0023574286606162786,0.01,0.00020692095858976245,0.0022877994924783707,0.0028606862761080265
4,5,731,2021-03-26,42073,0.02180944,0.022004852071404457,0.23,0.00011067376181017607,0.021803999319672585,0.02210899256169796
4,5,743,2021-03-26,45037,0.0039513814,0.0036546755582094193,0.785,0.0002089240006171167,0.003534238785505295,0.004156581591814756
4,5,747,2021-03-26,45071,0.0024246562,0.0020956075750291348,0.87,0.00014752219431102276,0.002017851220443845,0.0024547313805669546
4,5,751,2021-03-26,46007,0.0015672772,0.0015722436364740133,0.3,7.362824817391811e-06,0.0015594327123835683,0.0015847402391955256
4,5,753,2021-03-26,46017,0.0038237553,0.0038387132808566093,0.2,3.6832181649515405e-05,0.0038148125167936087,0.003938931506127119
4,5,758,2021-03-26,46031,0.010724218,0.010759825818240643,0.35,0.00016618087829556316,0.010705587454140186,0.011168363504111767
4,5,760,2021-03-26,46037,0.0024950483,0.0024995910935103893,0.0,3.317285154480487e-05,0.0024950483348220587,0.0025833691470324993
4,5,767,2021-03-26,46055,0.0043560653,0.004355252720415592,0.53,2.1643738364218734e-05,0.004329098854213953,0.004407668486237526
4,5,768,2021-03-26,46057,0.0025017962,0.002498127520084381,0.645,2.2811540475231595e-05,0.002482742303982377,0.0025521384086459875
4,5,773,2021-03-26,46071,0.0018449504,0.0018411732744425535,0.63,7.618460585945286e-06,0.0018336659995839,0.0018588261445984244
4,5,790,2021-03-26,46123,0.0023492123,0.002351281698793173,0.12,1.2698420505330432e-05,0.0023483645636588335,0.0023850169964134693
4,5,791,2021-03-26,46129,0.005499235,0.005500693805515766,0.39,4.4111999159213156e-05,0.0054935067892074585,0.005628298968076706
4,5,807,2021-03-26,47149,0.006117503,0.0061231693252921104,0.48,0.00017886848945636302,0.006060151383280754,0.006562624126672745
4,5,808,2021-03-26,47155,0.0047014337,0.00433425884693861,0.675,0.00046552697313018143,0.004090961068868637,0.005353967193514109
4,5,810,2021-03-26,47163,0.0036689416,0.0036743744276463985,0.485,0.00011914817878277972,0.003619032446295023,0.003956171218305826
4,5,811,2021-03-26,47181,0.005063449,0.004836810752749443,0.76,0.0001437556347809732,0.004763086326420307,0.005158980377018452
4,5,812,2021-03-26,47189,0.005818404,0.005829310044646263,0.475,0.0001444560184609145,0.005777623038738966,0.006191698368638754
4,5,820,2021-03-26,49047,0.0033178697,0.0033175796270370483,0.605,7.947693916321441e-07,0.0033158552832901478,0.0033190702088177204
4,5,823,2021-03-26,51043,0.0033873387,0.003477768274024129,0.29,7.978413486853242e-05,0.003297759685665369,0.0035140851978212595
4,5,833,2021-03-26,53017,0.0017574256,0.0017713499255478382,0.0,3.070506500080228e-05,0.0017575586680322886,0.0018445628229528666
4,5,837,2021-03-26,53063,0.0037215138,0.003906999249011278,0.02,0.00038015886093489826,0.0037173896562308073,0.0047877877950668335
4,5,840,2021-03-26,53077,0.0070514455,0.007233313750475645,0.17,0.0004112062742933631,0.006984668783843517,0.008124472573399544
4,5,844,2021-03-26,54057,0.010532804,0.009389903396368027,0.78,0.0007141822716221213,0.00900973379611969,0.010999239049851894
4,5,847,2021-03-26,56001,0.004086774,0.004323665983974934,0.085,0.0014332372229546309,0.0040758028626441956,0.008366422727704048
4,5,850,2021-03-26,56007,0.0017713789,0.0018688025884330273,0.075,0.00037730965414084494,0.0017629992216825485,0.002841960173100233
4,5,851,2021-03-26,56009,0.0040439884,0.004394238814711571,0.115,0.001017630216665566,0.004013860132545233,0.006888454779982567
4,5,867,2021-12-11,01083,0.0038977652,0.003493332304060459,0.77,0.0003311968466732651,0.0032810785342007875,0.004233972635120153
4,5,875,2021-12-11,04017,0.006648061,0.006587779149413109,0.805,0.00011134000669699162,0.006371728610247374,0.006663312204182148
4,5,879,2021-12-11,05019,0.0023249565,0.0028499052859842777,0.065,0.000280621403362602,0.002309937495738268,0.0031176807824522257
4,5,884,2021-12-11,05047,0.0028515104,0.002822672016918659,0.695,5.5246306146727875e-05,0.0028060332406312227,0.002971179084852338
4,5,894,2021-12-11,05119,0.0070165223,0.006415653042495251,0.71,0.0007561154779978096,0.005943610332906246,0.008152411319315434
4,5,896,2021-12-11,06003,0.036543287,0.03752801939845085,0.465,0.0073663946241140366,0.03311615064740181,0.05221298709511757
4,5,907,2021-12-11,06035,0.006537334,0.006547874771058559,0.425,0.0004657395475078374,0.006511062383651733,0.00783291831612587
4,5,916,2021-12-11,06063,0.1162939,0.11722542345523834,0.395,0.005820900667458773,0.10367482900619507,0.1202792078256607
4,5,920,2021-12-11,06073,0.005082495,0.005500819534063339,0.045,0.0008750337292440236,0.005049245432019234,0.007505276706069708
4,5,921,2021-12-11,06077,0.007675633,0.008397096768021584,0.125,0.0030722985975444317,0.007520969025790691,0.01575465127825737
4,5,923,2021-12-11,06089,0.0043075527,0.004236706532537937,0.58,0.0015739280497655272,0.004205698147416115,0.008624088019132614
4,5,926,2021-12-11,06095,0.002721823,0.003411320736631751,0.19,0.0022396554704755545,0.002614045748487115,0.0086577283218503
4,5,928,2021-12-11,06099,0.006388699,0.007999739609658718,0.035,0.003769462462514639,0.006303516216576099,0.016768677160143852
4,5,931,2021-12-11,06107,0.0020564971,0.002060770057141781,0.215,9.508187213214114e-05,0.0020551816560328007,0.002329211914911866
4,5,944,2021-12-11,08021,0.06433159,0.0641406923532486,0.655,0.0004808583471458405,0.06316140294075012,0.0644763708114624
4,5,945,2021-12-11,08023,0.03429926,0.03432873636484146,0.365,4.5159980800235644e-05,0.0342559888958931,0.03440365940332413
4,5,947,2021-12-11,08031,0.010742415,0.010670153424143791,0.98,0.00016278159455396235,0.010281642898917198,0.010744797997176647
4,5,956,2021-12-11,08063,0.010474761,0.010690083727240562,0.185,0.000568580930121243,0.010426066815853119,0.012090982869267464
4,5,964,2021-12-11,08087,0.0018459196,0.001845711376518011,0.505,1.412053097737953e-05,0.0018411307828500867,0.0018822019919753075
4,5,971,2021-12-11,08119,0.089788415,0.08987443894147873,0.265,9.275642514694482e-05,0.0896504670381546,0.08990869671106339
4,5,973,2021-12-11,08123,0.0019901767,0.0019916961900889874,0.345,6.798977210564772e-06,0.0019888347014784813,0.002007231814786792
4,5,979,2021-12-11,16005,0.013111182,0.013031475245952606,0.79,0.00017654616385698318,0.012648339383304119,0.01313096284866333
4,5,981,2021-12-11,16013,0.0009145193,0.0009451560326851904,0.155,0.0002156695118173957,0.0009103008778765798,0.001517251948826015
4,5,999,2021-12-11,17061,0.005573559,0.00579436169937253,0.245,0.0007501423824578524,0.005470639560371637,0.00768211530521512
4,5,1004,2021-12-11,17083,0.004359854,0.004292832687497139,0.545,0.0006731072207912803,0.004033436067402363,0.00593506870791316
4,5,1005,2021-12-11,17085,0.013031901,0.013167822733521461,0.31,0.0009529587696306407,0.012984666973352432,0.015687810257077217
4,5,1010,2021-12-11,17101,0.009079573,0.007280677556991577,0.81,0.0010840726317837834,0.006690113805234432,0.009957239963114262
4,5,1014,2021-12-11,17109,0.010613716,0.0111527219414711,0.03,0.001572072971612215,0.010581566020846367,0.015062207356095314
4,5,1015,2021-12-11,17111,0.017491732,0.01860765554010868,0.085,0.0029404782690107822,0.01734609343111515,0.02563159167766571
4,5,1016,2021-12-11,17115,0.0059097777,0.0062532625161111355,0.215,0.0009035631082952023,0.005789781454950571,0.008361400105059147
4,5,1019,2021-12-11,17129,0.034440443,0.03449302539229393,0.455,0.0006537469453178346,0.03425651788711548,0.03610481321811676
4,5,1031,2021-12-11,17197,0.012998842,0.014183495193719864,0.075,0.0028326159808784723,0.01287062093615532,0.020779134705662727
4,5,1035,2021-12-11,18009,0.016366469,0.016898710280656815,0.32,0.0020183920860290527,0.015819920226931572,0.02158830687403679
4,5,1036,2021-12-11,18013,0.039106585,0.04046841338276863,0.16,0.0007224763394333422,0.03875686228275299,0.04091781750321388
4,5,1040,2021-12-11,18023,0.01520696,0.015871688723564148,0.245,0.0020333651918917894,0.01474681030958891,0.02063830941915512
4,5,1041,2021-12-11,18027,0.008992245,0.00910426676273346,0.49,0.0015911089722067118,0.008209488354623318,0.012599475681781769
4,5,1047,2021-12-11,18045,0.04819165,0.048732224851846695,0.355,0.0008648479706607759,0.04690903052687645,0.04924429953098297
4,5,1056,2021-12-11,18089,0.014467316,0.013917974196374416,0.58,0.002943319734185934,0.01239755004644394,0.020687535405158997
4,5,1061,2021-12-11,18105,0.008340539,0.008782666176557541,0.32,0.0003563155187293887,0.008138366043567657,0.009160605259239674
4,5,1066,2021-12-11,18121,0.012620654,0.010066749528050423,0.72,0.001971759833395481,0.008937577717006207,0.014320774003863335
4,5,1071,2021-12-11,18139,0.01616202,0.016327500343322754,0.44,0.0015503775794059038,0.015392390079796314,0.019885767251253128
4,5,1072,2021-12-11,18145,0.01282218,0.013020307756960392,0.46,0.0014259446179494262,0.01226593367755413,0.016358692198991776
4,5,1079,2021-12-11,18181,0.017379187,0.016267575323581696,0.62,0.0026055399794131517,0.014851381070911884,0.022222109138965607
4,5,1095,2021-12-11,19029,0.022069661,0.022883817553520203,0.0,0.001582849188707769,0.022072957828640938,0.02631387487053871
4,5,1097,2021-12-11,19033,0.066568926,0.06620445847511292,0.685,0.000915569078642875,0.06397514045238495,0.06686406582593918
4,5,1099,2021-12-11,19037,0.013118719,0.012881042435765266,0.56,0.0011091043706983328,0.012044457718729973,0.01501518115401268
4,5,1100,2021-12-11,19039,0.016794166,0.017215795814990997,0.3,0.0018600827315822244,0.01641068235039711,0.021508174017071724
4,5,1106,2021-12-11,19051,0.012534374,0.012287585064768791,0.6,0.0009854745585471392,0.011959472671151161,0.014734774827957153
4,5,1113,2021-12-11,19065,0.022549141,0.023616118356585503,0.005,0.0015025829197838902,0.02254769392311573,0.02663746289908886
4,5,1125,2021-12-11,19093,0.019971503,0.02069350890815258,0.055,0.001512539922259748,0.019849887117743492,0.024137048050761223
4,5,1130,2021-12-11,19105,0.025838684,0.02626589499413967,0.085,0.001196097582578659,0.02577601559460163,0.029270866885781288
4,5,1137,2021-12-11,19121,0.02820585,0.029411328956484795,0.025,0.0021490103099495173,0.028160998597741127,0.034102339297533035
4,5,1143,2021-12-11,19135,0.018381735,0.018269799649715424,0.66,0.00016822616453282535,0.0180264413356781,0.018494179472327232
4,5,1144,2021-12-11,19137,0.016617041,0.016963761299848557,0.135,0.0009822607971727848,0.016556190326809883,0.01939206011593342
4,5,1145,2021-12-11,19139,0.01716752,0.017972052097320557,0.145,0.002384941093623638,0.01696082577109337,0.023633990436792374
4,5,1153,2021-12-11,19155,0.013112679,0.013130920007824898,0.255,0.0001730085350573063,0.013102026656270027,0.013553492724895477
4,5,1164,2021-12-11,19177,0.012863757,0.011307231150567532,0.69,0.0015233706217259169,0.01063241995871067,0.014927986077964306
4,5,1168,2021-12-11,19187,0.030550761,0.030656643211841583,0.465,0.0008330802083946764,0.028973791748285294,0.031294792890548706
4,5,1170,2021-12-11,19191,0.1444693,0.14329907298088074,1.0,0.0019431575201451778,0.13889266550540924,0.14446759223937988
4,5,1171,2021-12-11,19193,0.009978589,0.010224244557321072,0.09,0.0005547736072912812,0.00995844230055809,0.011435075663030148
4,5,1172,2021-12-11,19195,0.07314386,0.07264849543571472,0.68,0.0017746922094374895,0.06869032979011536,0.07368956506252289
4,5,1175,2021-12-11,20003,0.012661554,0.012655802071094513,0.63,3.835833558696322e-05,0.01262799371033907,0.012767835520207882
4,5,1177,2021-12-11,20007,0.022739777,0.023325100541114807,0.19,0.0011988942278549075,0.022610725834965706,0.026009557768702507
4,5,1178,2021-12-11,20009,0.048491113,0.04849004000425339,0.5,0.000674849608913064,0.047030866146087646,0.04893004149198532
4,5,1187,2021-12-11,20039,0.038114175,0.038102492690086365,0.525,0.0002317071775905788,0.03754064813256264,0.03819464519619942
4,5,1196,2021-12-11,20063,0.021406842,0.021365728229284286,0.61,0.0002331475989194587,0.020806416869163513,0.021447250619530678
4,5,1206,2021-12-11,20089,0.027942942,0.028238337486982346,0.405,0.0012579159811139107,0.027454005554318428,0.031020157039165497
4,5,1208,2021-12-11,20095,0.016872963,0.017217371612787247,0.385,0.0012038367567583919,0.016382211819291115,0.01997971720993519
4,5,1214,2021-12-11,20115,0.056163363,0.05601762235164642,0.61,0.000870115531142801,0.05394836142659187,0.056465033441782
4,5,1218,2021-12-11,20125,0.004286878,0.0044629937037825584,0.13,0.000420291064074263,0.004253999795764685,0.005511212628334761
4,5,1223,2021-12-11,20135,0.02654616,0.026539620012044907,0.55,6.470335938502103e-05,0.02639225870370865,0.02656814642250538
4,5,1231,2021-12-11,20155,0.027574265,0.02764475718140602,0.4,0.00027614683494903147,0.02696421556174755,0.027813607826828957
4,5,1232,2021-12-11,20157,0.029220987,0.029441386461257935,0.445,0.0013975990004837513,0.02864990383386612,0.03261880576610565
4,5,1233,2021-12-11,20159,0.022809563,0.02276977337896824,0.55,0.00032500081579200923,0.022033145651221275,0.022972717881202698
4,5,1234,2021-12-11,20161,0.015086291,0.015141736716032028,0.185,0.0003845365426968783,0.015078098513185978,0.016158225014805794
4,5,1235,2021-12-11,20163,0.05416932,0.05406632646918297,0.605,0.0004716901748906821,0.052973758429288864,0.05432045832276344
4,5,1248,2021-12-11,20195,0.055109367,0.05503111332654953,0.66,0.00034381987643428147,0.05417156219482422,0.05516959726810455
4,5,1263,2021-12-11,21047,0.052116223,0.05184232443571091,0.745,0.0006597848841920495,0.05039714276790619,0.052296850830316544
4,5,1269,2021-12-11,21093,0.006371158,0.006763118784874678,0.35,0.0015082710888236761,0.005948943551629782,0.010203192941844463
4,5,1272,2021-12-11,21107,0.20386937,0.2048621028661728,0.18,0.0005539054982364178,0.2036394327878952,0.2052304446697235
4,5,1277,2021-12-11,21141,0.048399437,0.04795832931995392,0.78,0.000931072689127177,0.04604552313685417,0.04857456311583519
4,5,1278,2021-12-11,21143,0.03242675,0.032633937895298004,0.42,0.0005990378558635712,0.03140067681670189,0.033019088208675385
4,5,1282,2021-12-11,21155,0.015066364,0.015024816617369652,0.52,0.0010960950748994946,0.012534980662167072,0.01564345881342888
4,5,1286,2021-12-11,21175,0.0080661625,0.0065348707139492035,0.755,0.001528819790109992,0.00590418791398406,0.010488499887287617
4,5,1289,2021-12-11,21195,0.0061654844,0.005850215442478657,0.705,0.0007248679175972939,0.0057066623121500015,0.007883171550929546
4,5,1291,2021-12-11,21199,0.0125102205,0.012469991110265255,0.555,0.00023136663367040455,0.012024455703794956,0.012679550796747208
4,5,1292,2021-12-11,21203,0.0062486436,0.00552937900647521,0.71,0.0009880221914499998,0.0050622946582734585,0.007999160327017307
4,5,1297,2021-12-11,21217,0.0062549533,0.006753236521035433,0.3,0.0014955796068534255,0.005930453538894653,0.00997126568108797
4,5,1302,2021-12-11,21239,0.006470896,0.00723667349666357,0.1,0.0017300519393756986,0.006333556491881609,0.011131218634545803
4,5,1317,2021-12-11,26007,0.01822569,0.014804936945438385,0.96,0.001407631323672831,0.014481108635663986,0.018288949504494667
4,5,1322,2021-12-11,26023,0.008328418,0.008786875754594803,0.18,0.000368827284546569,0.008060198277235031,0.00935323815792799
4,5,1329,2021-12-11,26041,0.037963264,0.030642855912446976,0.975,0.003334964392706752,0.028877397999167442,0.037997640669345856
4,5,1331,2021-12-11,26047,0.029859502,0.025857865810394287,0.985,0.0017199510475620627,0.02492024004459381,0.029891183599829674
4,5,1339,2021-12-11,26069,0.09177083,0.09953951835632324,0.09,0.003163312328979373,0.09141771495342255,0.10095430910587311
4,5,1340,2021-12-11,26071,0.07282614,0.08291298151016235,0.015,0.004538256675004959,0.07279960811138153,0.08537859469652176
4,5,1357,2021-12-11,26111,0.0534516,0.05637219548225403,0.17,0.001410311902873218,0.05320453643798828,0.05710294097661972
4,5,1364,2021-12-11,26127,0.024247518,0.018078185617923737,0.905,0.0023568514734506607,0.017863431945443153,0.024456750601530075
4,5,1365,2021-12-11,26129,0.18293326,0.19373011589050293,0.16,0.004921632818877697,0.18132831156253815,0.19544394314289093
4,5,1366,2021-12-11,26135,0.16663238,0.1772974729537964,0.05,0.004344668705016375,0.16648124158382416,0.17913389205932617
4,5,1367,2021-12-11,26137,0.019939592,0.02419210970401764,0.075,0.002329487819224596,0.019932590425014496,0.02634175680577755
4,5,1369,2021-12-11,26141,0.03159805,0.03363487869501114,0.055,0.0008343508234247565,0.031574953347444534,0.033938147127628326
4,5,1375,2021-12-11,26155,0.006987441,0.005355354398488998,0.7,0.0021980286110192537,0.00470342393964529,0.010718870908021927
4,5,1379,2021-12-11,26163,0.028476005,0.028016142547130585,0.885,0.0010319151915609837,0.025582147762179375,0.02854451723396778
4,5,1384,2021-12-11,27023,0.008201412,0.0077609955333173275,0.55,0.0020336948800832033,0.006495680194348097,0.011933567933738232
4,5,1391,2021-12-11,27047,0.017258719,0.017149193212389946,0.515,0.0022687441669404507,0.01592394709587097,0.022459274157881737
4,5,1392,2021-12-11,27049,0.007809995,0.009587600827217102,0.075,0.0031828260980546474,0.007673320360481739,0.016346044838428497
4,5,1397,2021-12-11,27079,0.017520327,0.016483068466186523,0.635,0.002579248044639826,0.015497441403567791,0.022711927071213722
4,5,1402,2021-12-11,27099,0.023846805,0.02457297593355179,0.275,0.001989846583455801,0.02336619794368744,0.029160991311073303
4,5,1407,2021-12-11,27117,0.0036218846,0.004159728996455669,0.04,0.0011429955484345555,0.003597741946578026,0.006830474361777306
4,5,1410,2021-12-11,27129,0.008478203,0.008558010682463646,0.47,0.0028215856291353703,0.007122363429516554,0.015262528322637081
4,5,1418,2021-12-11,27157,0.019419564,0.018487006425857544,0.94,0.0015586147783324122,0.014989723451435566,0.019512521103024483
4,5,1422,2021-12-11,27171,0.010059526,0.010265500284731388,0.485,0.003298891242593527,0.00874130055308342,0.017885414883494377
4,5,1425,2021-12-11,29003,0.07047849,0.07009878754615784,0.7,0.0014209444634616375,0.06677765399217606,0.07087080925703049
4,5,1435,2021-12-11,29037,0.012290666,0.0124436616897583,0.425,0.0010091329459100962,0.01193512137979269,0.014835256151854992
4,5,1443,2021-12-11,29067,0.0021987574,0.0021771080791950226,0.565,0.00011067097511840984,0.002111994195729494,0.002430675085633993
4,5,1444,2021-12-11,29069,0.008136403,0.007303750142455101,0.7,0.0011756960302591324,0.006589244585484266,0.009923228062689304
4,5,1447,2021-12-11,29075,0.026487285,0.026232995092868805,0.705,0.000668585067614913,0.02474101260304451,0.02666623704135418
4,5,1452,2021-12-11,29095,0.006755391,0.007544015534222126,0.06,0.0012995930155739188,0.006704885512590408,0.010403177700936794
4,5,1455,2021-12-11,29111,0.010786022,0.009300648234784603,0.735,0.001143626868724823,0.008795793168246746,0.011981699615716934
4,5,1456,2021-12-11,29113,0.014828813,0.014621976763010025,0.745,0.00015753005573060364,0.014574230648577213,0.015006009489297867
4,5,1462,2021-12-11,29131,0.011074962,0.011046075262129307,0.745,2.0125002265558578e-05,0.011040320619940758,0.011096140369772911
4,5,1468,2021-12-11,29159,0.006880953,0.006778249517083168,0.55,0.000802443886641413,0.0064849103800952435,0.008835543878376484
4,5,1480,2021-12-11,29201,0.0038490416,0.0039743660017848015,0.17,0.00032395657035522163,0.0038110162131488323,0.004801135044544935
4,5,1482,2021-12-11,29211,0.019109638,0.01912325993180275,0.495,0.00035148707684129477,0.018391992896795273,0.01939764805138111
4,5,1488,2021-12-11,30037,0.0015143009,0.0015146147925406694,0.15,2.417725681880256e-06,0.0015142472693696618,0.001521172234788537
4,5,1489,2021-12-11,30067,0.00042956072,0.0004295275721233338,0.54,5.904678346269066e-07,0.00042897003004327416,0.0004311602679081261
4,5,1501,2021-12-11,35006,0.0052887206,0.005278303287923336,0.53,0.00013180641690269113,0.005236700642853975,0.005631138104945421
4,5,1502,2021-12-11,35009,0.0044816355,0.0044849650003015995,0.385,3.247474160161801e-05,0.004475923255085945,0.004569134674966335
4,5,1505,2021-12-11,35019,0.013275363,0.013392036780714989,0.135,0.00031405247864313424,0.013247723691165447,0.014130715280771255
4,5,1511,2021-12-11,35039,0.20892245,0.2088904082775116,0.585,0.0002147532650269568,0.2084057778120041,0.20902149379253387
4,5,1518,2021-12-11,35059,0.01278529,0.013120036572217941,0.1,0.0006868531345389783,0.012755169533193111,0.014730733819305897
4,5,1530,2021-12-11,36033,0.03968292,0.04293740913271904,0.035,0.0015905980253592134,0.0396590381860733,0.04398772120475769
4,5,1533,2021-12-11,36039,0.004737757,0.0032959366217255592,0.845,0.0006250477163121104,0.003256909316405654,0.0049958317540585995
4,5,1535,2021-12-11,36043,0.010830471,0.011945806443691254,0.155,0.0007775247795507312,0.01070262212306261,0.012860964983701706
4,5,1538,2021-12-11,36051,0.012341425,0.01125145610421896,0.895,0.0004217326350044459,0.011221169494092464,0.012423926033079624
4,5,1543,2021-12-11,36063,0.037800424,0.03937208279967308,0.295,0.0017536971718072891,0.035472821444272995,0.040333691984415054
4,5,1547,2021-12-11,36073,0.08931493,0.0900672972202301,0.44,0.0023472788743674755,0.08482184261083603,0.09134405851364136
4,5,1551,2021-12-11,36091,0.007822596,0.009233647026121616,0.075,0.0007290279609151185,0.007755242753773928,0.00984879955649376
4,5,1552,2021-12-11,36093,0.004714176,0.003340113675221801,0.745,0.0011739415349438787,0.0028003999032080173,0.006125830579549074
4,5,1553,2021-12-11,36095,0.008832838,0.009026259183883667,0.16,0.00013853363634552807,0.008786189369857311,0.009184222668409348
4,5,1566,2021-12-11,37081,0.0016472302,0.0016674811486154795,0.445,0.000321469473419711,0.0015720034716650844,0.002469543367624283
4,5,1567,2021-12-11,37151,0.0016428448,0.0014510184992104769,0.795,0.0001372380938846618,0.0014112683711573482,0.0018159738974645734
4,5,1570,2021-12-11,39003,0.019596444,0.019890405237674713,0.405,0.0018793055787682533,0.018954547122120857,0.024336908012628555
4,5,1571,2021-12-11,39007,0.04619981,0.04980288818478584,0.115,0.001637553796172142,0.045891206711530685,0.050773411989212036
4,5,1574,2021-12-11,39035,0.009113702,0.008079683408141136,0.69,0.001762425759807229,0.007481869775801897,0.012534325011074543
4,5,1577,2021-12-11,39043,0.015806263,0.015718922019004822,0.525,0.002391230780631304,0.01464376226067543,0.021470358595252037
4,5,1579,2021-12-11,39049,0.0077145863,0.0074942647479474545,0.55,0.0014017715584486723,0.006758561823517084,0.010712046176195145
4,5,1591,2021-12-11,39113,0.009702664,0.009713325649499893,0.5,0.0014959877589717507,0.009068142622709274,0.013480114750564098
4,5,1603,2021-12-11,39171,0.0140176825,0.014403559267520905,0.425,0.002690466120839119,0.013017131015658379,0.020820921286940575
4,5,1614,2021-12-11,40093,0.0153376805,0.015802692621946335,0.105,0.0007895184098742902,0.01526845432817936,0.017610033974051476
4,5,1618,2021-12-11,40153,0.020508805,0.020935039967298508,0.08,0.0008843285613693297,0.020461419597268105,0.023022741079330444
4,5,1622,2021-12-11,41037,0.013223211,0.01183798722922802,0.64,0.002335118828341365,0.010323865339159966,0.017248470336198807
4,5,1624,2021-12-11,42019,0.0056418916,0.005565261002629995,0.805,8.870028977980837e-05,0.005481762811541557,0.00580992316827178
4,5,1627,2021-12-11,42121,0.01775015,0.019017919898033142,0.145,0.0005827476852573454,0.017700843513011932,0.019344421103596687
4,5,1634,2021-12-11,46005,0.002073861,0.002071525901556015,0.56,3.1980714993551373e-05,0.002061554929241538,0.002152423607185483
4,5,1635,2021-12-11,46007,0.0016074529,0.001604682533070445,0.645,4.1677521949168295e-06,0.0016004262724891305,0.0016155823832377791
4,5,1640,2021-12-11,46017,0.0018695005,0.0018708453280851245,0.42,6.220925570232794e-06,0.00185798155143857,0.0018844037549570203
4,5,1643,2021-12-11,46027,0.008630013,0.008692516013979912,0.285,0.00029315147548913956,0.00860216561704874,0.009412876330316067
4,5,1647,2021-12-11,46037,0.002017591,0.002051588613539934,0.415,0.00023946126748342067,0.001963371643796563,0.0026684789918363094
4,5,1650,2021-12-11,46043,0.004511299,0.004512582439929247,0.45,1.5698604329372756e-05,0.004477879032492638,0.004542877431958914
4,5,1656,2021-12-11,46055,0.001069458,0.0010710986098274589,0.425,2.2864487618790008e-05,0.0010669166222214699,0.0011320485500618815
4,5,1657,2021-12-11,46057,0.0014808169,0.0015140785835683346,0.045,9.941175085259601e-05,0.0014794737799093127,0.0017861766973510385
4,5,1664,2021-12-11,46071,0.0014433346,0.0014456205535680056,0.3,3.859921889670659e-06,0.001438488601706922,0.0014535628724843264
4,5,1688,2021-12-11,46123,0.002221,0.0022266304586082697,0.235,3.3349311706842855e-05,0.002212170511484146,0.0023068280424922705
4,5,1689,2021-12-11,46125,0.0045834268,0.004632405936717987,0.365,0.0003121346526313573,0.00449859444051981,0.005356700625270605
4,5,1696,2021-12-11,47027,0.040442117,0.04077909141778946,0.235,0.0002452589396853,0.040227487683296204,0.04092109203338623
4,5,1711,2021-12-11,47089,0.0027194947,0.002755537861958146,0.35,0.0001929713471326977,0.0026908705476671457,0.0032541819382458925
4,5,1718,2021-12-11,47123,0.006570351,0.006641557440161705,0.365,0.00018500212172511965,0.006221715360879898,0.006734434049576521
4,5,1719,2021-12-11,47125,0.0056514866,0.005946152377873659,0.215,0.0006182572105899453,0.0055480413138866425,0.007301860023289919
4,5,1724,2021-12-11,47139,0.011645338,0.011799702420830727,0.255,0.0001303840836044401,0.011483624577522278,0.011867824010550976
4,5,1725,2021-12-11,47149,0.008303026,0.008197496645152569,0.61,0.0005187283386476338,0.007855053059756756,0.009382447227835655
4,5,1727,2021-12-11,47155,0.0048469547,0.004897464998066425,0.305,5.478205275721848e-05,0.004782427567988634,0.00493543641641736
4,5,1729,2021-12-11,47159,0.004960347,0.004950503818690777,0.51,0.00044376193545758724,0.0046776654198765755,0.005953495856374502
4,5,1733,2021-12-11,47189,0.008666984,0.008714057505130768,0.11,3.4095446608262137e-05,0.008653560653328896,0.008769350126385689
4,5,1741,2021-12-11,48179,0.007945521,0.00806421972811222,0.06,0.00023529227473773062,0.007937322370707989,0.008630692027509212
4,5,1743,2021-12-11,48205,0.0134919,0.013423451222479343,0.95,0.00012532623077277094,0.013132967986166477,0.013495083898305893
4,5,1745,2021-12-11,48233,0.011424447,0.011570200324058533,0.07,0.0002650689275469631,0.011404050514101982,0.012218160554766655
4,5,1746,2021-12-11,48315,0.0026040878,0.002628802787512541,0.125,1.398427502863342e-05,0.0026036810595542192,0.0026440266519784927
4,5,1748,2021-12-11,48357,0.010730427,0.01081057172268629,0.065,0.00021275418112054467,0.010723804123699665,0.01134064607322216
4,5,1757,2021-12-11,49003,0.007298958,0.007249015849083662,0.74,0.0001672597718425095,0.0068494463339447975,0.007321426644921303
4,5,1760,2021-12-11,49023,0.0010480536,0.0011311580892652273,0.17,0.0002573094388935715,0.0010357494466006756,0.0017436108319088817
4,5,1773,2021-12-11,50015,0.017475234,0.01129484549164772,0.885,0.0027382473926991224,0.010153064504265785,0.01771664246916771
4,5,1778,2021-12-11,50025,0.011244536,0.010028598830103874,0.905,0.0005166811752133071,0.00970600638538599,0.01137008611112833
4,5,1783,2021-12-11,51197,0.0076401113,0.007645204663276672,0.425,5.735231388825923e-05,0.007626178674399853,0.0077912285923957825
4,5,1792,2021-12-11,54093,0.020964943,0.022626161575317383,0.24,0.0011115563102066517,0.020134875550866127,0.02319873496890068
4,5,1793,2021-12-11,55001,0.03447912,0.028624555096030235,0.83,0.0027760581579059362,0.027325252071022987,0.03502180799841881
4,5,1795,2021-12-11,55015,0.031652153,0.029700418934226036,0.675,0.0028332138899713755,0.028196977451443672,0.03644593060016632
4,5,1797,2021-12-11,55019,0.029682986,0.034212078899145126,0.095,0.002063274849206209,0.029566513374447823,0.03532128781080246
4,5,1802,2021-12-11,55029,0.044531066,0.03853379935026169,0.94,0.002920327242463827,0.03643196076154709,0.044565487653017044
4,5,1811,2021-12-11,55055,0.008640672,0.007133842911571264,0.765,0.0015459245769307017,0.007021554280072451,0.011590627022087574
4,5,1829,2021-12-11,55101,0.017020734,0.017805065959692,0.275,0.0029277794528752565,0.016515493392944336,0.02487165480852127
4,5,1834,2021-12-11,55121,0.021612426,0.021915439516305923,0.47,0.0012315107742324471,0.01936320774257183,0.0226773489266634
4,5,1837,2021-12-11,55127,0.013472396,0.014660120941698551,0.11,0.0031626648269593716,0.013307495042681694,0.021881330758333206
4,5,1838,2021-12-11,55131,0.011905526,0.011918988078832626,0.495,0.001232823939062655,0.009726048447191715,0.013177541084587574
4,5,1843,2021-12-11,56001,0.003564631,0.0034618990030139685,0.93,7.870539411669597e-05,0.003343120915815234,0.003591585671529174
4,5,1845,2021-12-11,56007,0.0007616621,0.0007640360272489488,0.205,1.5551184333162382e-05,0.0007597350631840527,0.0008058483945205808
4,5,1846,2021-12-11,56009,0.0131156985,0.013110790401697159,0.84,5.648203114105854e-06,0.01309898030012846,0.013119254261255264
4,5,1854,2021-12-11,56041,0.0016923286,0.0017275416757911444,0.055,0.00011300088954158127,0.0016898083267733455,0.002006581285968423
4,5,1863,2022-06-08,01099,0.0057603857,0.005618300288915634,0.975,7.078994531184435e-05,0.005562437232583761,0.005761065520346165
4,5,1864,2022-06-08,01103,0.0023168952,0.0021741618402302265,0.885,5.9921087085967883e-05,0.0021500468719750643,0.002332032658159733
4,5,1865,2022-06-08,01129,0.004048279,0.0038376739248633385,0.995,8.620425796834752e-05,0.003781307488679886,0.004048349801450968
4,5,1867,2022-06-08,05019,0.008935808,0.008924528956413269,0.96,6.01924693910405e-06,0.008918420411646366,0.008936742320656776
4,5,1868,2022-06-08,05041,0.072833255,0.07283459603786469,0.29,4.584386260830797e-06,0.0728214830160141,0.07283709943294525
4,5,1874,2022-06-08,06003,0.010286839,0.010285947471857071,0.5,0.000127591221826151,0.010242289863526821,0.010640590451657772
4,5,1877,2022-06-08,06035,0.005267951,0.005266916006803513,0.51,0.00012244985555298626,0.005241898819804192,0.005647225771099329
4,5,1881,2022-06-08,06063,0.007296414,0.007284669671207666,0.525,7.355355774052441e-05,0.007260763552039862,0.007488314062356949
4,5,1883,2022-06-08,06107,0.001153853,0.00115382787771523,0.795,9.976755421803318e-08,0.0011535445228219032,0.0011538693215698004
4,5,1885,2022-06-08,08031,0.0027041477,0.002706085331737995,0.05,3.907970494765323e-06,0.0027040778659284115,0.0027152521070092916
4,5,1887,2022-06-08,08063,0.0024079287,0.0024215555749833584,0.17,3.205387110938318e-05,0.0024059973657131195,0.0025014609564095736
4,5,1889,2022-06-08,08099,0.002329628,0.0023453114554286003,0.23,7.406622898997739e-05,0.002325496170669794,0.0025578003842383623
4,5,1893,2022-06-08,12019,0.004838516,0.004573144018650055,0.9,0.0001243552687810734,0.0044838194735348225,0.004851512610912323
4,5,1900,2022-06-08,13051,0.003872817,0.003889907617121935,0.075,7.866648047638591e-06,0.003868296043947339,0.0038970056921243668
4,5,1911,2022-06-08,17109,0.0028816494,0.002886354923248291,0.125,2.6837487894226797e-05,0.0028815190307796,0.0029547102749347687
4,5,1912,2022-06-08,17111,0.0013189327,0.0013245800510048866,0.1,9.018601303978357e-06,0.0013140591327100992,0.0013501443900167942
4,5,1916,2022-06-08,18013,0.005523033,0.005512934643775225,0.755,6.310915978247067e-06,0.00550876697525382,0.005526867229491472
4,5,1921,2022-06-08,18079,0.0022526607,0.002169934567064047,0.78,6.917417340446264e-05,0.0021406509913504124,0.0023502178955823183
4,5,1924,2022-06-08,18139,0.002618319,0.0026161521673202515,0.52,6.218090129550546e-05,0.002603908535093069,0.002783580217510462
4,5,1927,2022-06-08,19039,0.008221662,0.008284244686365128,0.065,0.00016274754307232797,0.008182738907635212,0.008740712888538837
4,5,1930,2022-06-08,19155,0.00335636,0.0033638663589954376,0.17,1.836949013522826e-05,0.003337020520120859,0.0034107693936675787
4,5,1940,2022-06-08,22033,0.0048520477,0.0047026523388922215,0.765,0.00011727201490430161,0.004668592009693384,0.005009481217712164
4,5,1946,2022-06-08,24003,0.0018460127,0.0018406107556074858,0.685,1.2136360055592377e-05,0.001835897215642035,0.0018765964778140187
4,5,1962,2022-06-08,28035,0.010349589,0.010451681911945343,0.035,3.746512084035203e-05,0.010344056412577629,0.010463044978678226
4,5,1964,2022-06-08,28051,0.013000273,0.013049997389316559,0.01,2.3394261006615125e-05,0.013000210747122765,0.01306758914142847
4,5,1966,2022-06-08,28061,0.0017529445,0.0017125929007306695,0.99,1.675522798905149e-05,0.0017012214520946145,0.0017530565382912755
4,5,1971,2022-06-08,28121,0.0029659746,0.002945898799225688,0.93,9.46856198424939e-06,0.002937530865892768,0.0029670221265405416
4,5,1978,2022-06-08,28163,0.0026096432,0.0025776387192308903,0.96,1.285908820136683e-05,0.002572497818619013,0.002610576106235385
4,5,1989,2022-06-08,29095,0.014725716,0.014725958928465843,0.45,4.1230209717468824e-06,0.014713783748447895,0.014727848581969738
4,5,1993,2022-06-08,29131,0.008170955,0.008173394948244095,0.225,1.8075131720252102e-06,0.008168863132596016,0.00817493349313736
4,5,1995,2022-06-08,29159,0.0037869764,0.0037915240973234177,0.08,9.413602128915954e-06,0.0037840204313397408,0.003815057221800089
4,5,1999,2022-06-08,29221,0.0044313706,0.0044248756021261215,0.855,3.229217554689967e-06,0.0044218734838068485,0.004433528520166874
4,5,2004,2022-06-08,32001,0.0013825682,0.0013940950157120824,0.13,2.9245527912280522e-05,0.00138127151876688,0.0014674029080197215
4,5,2013,2022-06-08,32031,0.0030617414,0.0030884137377142906,0.21,6.161503551993519e-05,0.0030572160612791777,0.0032356444280594587
4,5,2017,2022-06-08,34015,0.0021747933,0.0021139802411198616,0.745,5.002276157028973e-05,0.002083449624478817,0.00223078322596848
4,5,2018,2022-06-08,34025,0.0029260635,0.002871339675039053,0.635,0.00012100327876396477,0.0027914780657738447,0.003153338562697172
4,5,2029,2022-06-08,35059,0.0032981988,0.003372767474502325,0.095,0.0001040716961142607,0.0032900748774409294,0.0035951014142483473
4,5,2035,2022-06-08,37053,0.0032907394,0.003066696459427476,0.875,0.00011104092845926061,0.0029889598954468966,0.0033480371348559856
4,5,2037,2022-06-08,37085,0.0035605594,0.0033710584975779057,0.9,9.188057447317988e-05,0.003307018894702196,0.0035668634809553623
4,5,2041,2022-06-08,37131,0.005470729,0.005463216453790665,0.88,4.689331035478972e-06,0.005458008032292128,0.005472506862133741
4,5,2045,2022-06-08,37151,0.0012327499,0.0012121694162487984,0.775,1.48050494317431e-05,0.0012028685305267572,0.0012471267255023122
4,5,2056,2022-06-08,39027,0.0074132155,0.0074135493487119675,0.43,3.5872187709173886e-06,0.007412271108478308,0.007424742914736271
4,5,2057,2022-06-08,39029,0.0039945943,0.003990619909018278,0.635,8.407849236391485e-06,0.003984948620200157,0.004008033778518438
4,5,2059,2022-06-08,39041,0.0014887159,0.001495014876127243,0.115,4.118150627618888e-06,0.0014828771818429232,0.0015017660334706306
4,5,2062,2022-06-08,39057,0.0047264183,0.004725972656160593,0.7,1.334812623099424e-06,0.0047243935987353325,0.004730626475065947
4,5,2073,2022-06-08,39113,0.0035519633,0.003551273373886943,0.62,2.906163445004495e-06,0.0035502284299582243,0.0035614576190710068
4,5,2078,2022-06-08,39145,0.0054100966,0.005399608053267002,0.665,1.8014337911154144e-05,0.0053905644454061985,0.005440871696919203
4,5,2082,2022-06-08,39167,0.003196367,0.0031877970322966576,0.595,2.2994794562691823e-05,0.003169168019667268,0.003238136414438486
4,5,2087,2022-06-08,40051,0.017395653,0.017397265881299973,0.3,5.685389623977244e-06,0.01739432103931904,0.01741047576069832
4,5,2103,2022-06-08,40143,0.0032198108,0.0032335366122424603,0.12,3.473994365776889e-05,0.0032184459269046783,0.0033115737605839968
4,5,2104,2022-06-08,40149,0.017730568,0.017733808606863022,0.165,1.193128355225781e-05,0.017730075865983963,0.017764266580343246
4,5,2108,2022-06-08,42059,0.005677891,0.005665535107254982,0.665,2.094504816341214e-05,0.00564766488969326,0.005708836484700441
4,5,2114,2022-06-08,45073,0.0012342348,0.0012211878784000874,0.625,3.0208339012460783e-05,0.0012009042548015714,0.0012863071169704199
4,5,2122,2022-06-08,46031,0.0035142128,0.0035448733251541853,0.26,0.00012849549239035696,0.003493787720799446,0.003865728620439768
4,5,2125,2022-06-08,46037,0.0019428639,0.0019484861986711621,0.265,2.550844510551542e-05,0.0019390281522646546,0.0020118614193052053
4,5,2129,2022-06-08,46055,0.16115816,0.16115525364875793,0.84,2.7007516109733842e-05,0.16107746958732605,0.1611652970314026
4,5,2134,2022-06-08,46071,0.093840815,0.09383466839790344,0.63,4.7487632400589064e-05,0.09371978044509888,0.09385399520397186
4,5,2150,2022-06-08,46129,0.0019565078,0.001972687430679798,0.165,5.069488179287873e-05,0.0019499436020851135,0.0021066046319901943
4,5,2156,2022-06-08,48075,0.002980406,0.002978259464725852,0.63,3.5251489407528425e-06,0.0029707439243793488,0.002984602004289627
4,5,2158,2022-06-08,48101,0.011036107,0.011036105453968048,0.505,2.7271983071841532e-06,0.011035526171326637,0.01104348711669445
4,5,2165,2022-06-08,48179,0.0044984096,0.004494782537221909,0.68,8.756840543355793e-06,0.0044842311181128025,0.004515927750617266
4,5,2167,2022-06-08,48191,0.007087924,0.007087149657309055,0.685,4.1012999645317905e-06,0.007084782235324383,0.007098634727299213
4,5,2169,2022-06-08,48205,0.002664473,0.0026673635002225637,0.37,2.5800107323448174e-05,0.002659848192706704,0.0027359025552868843
4,5,2171,2022-06-08,48233,0.004264984,0.004259209148585796,0.93,3.1546919672109652e-06,0.004254376515746117,0.004266036674380302
4,5,2178,2022-06-08,48357,0.0028692156,0.002866721712052822,0.605,2.7436730306362733e-05,0.0028526252135634422,0.0029439942445605993
4,5,2186,2022-06-08,48487,0.002578335,0.0025552716106176376,0.855,2.0808862245758064e-05,0.002524366369470954,0.0025834799744188786
4,5,2193,2022-06-08,51049,0.004255343,0.004194412846118212,0.885,2.8844919143011793e-05,0.004172001499682665,0.004257248714566231
4,5,2195,2022-06-08,51061,0.0016646816,0.001632211497053504,0.85,1.678388252912555e-05,0.0016213146736845374,0.001675306004472077
4,5,2198,2022-06-08,51075,0.0026705842,0.002587678376585245,0.835,4.1463692468823865e-05,0.002552900929003954,0.0026760532055050135
4,5,2212,2022-06-08,51179,0.003881499,0.003881955984979868,0.19,5.591872991317359e-07,0.003879776457324624,0.003882788121700287
4,5,2214,2022-06-08,51810,0.0040006945,0.003840282093733549,0.715,0.00018789689056575298,0.0037271734327077866,0.004280343186110258
4,5,2215,2022-06-08,54025,0.0022323665,0.0021061119623482227,0.775,9.630468412069604e-05,0.0020480903331190348,0.002328034956008196
4,5,2219,2022-06-08,54039,0.0026111298,0.002627174835652113,0.39,4.5604123442899436e-05,0.002531511476263404,0.00266342144459486
4,5,2224,2022-06-08,54057,0.0025488848,0.0023066450376063585,0.78,0.0001552919129608199,0.0022022922057658434,0.002651538932695985
4,5,2225,2022-06-08,54061,0.0033423158,0.003331615589559078,0.615,2.9935808925074525e-05,0.0033139600418508053,0.003402483183890581
4,5,2234,2022-06-08,55055,0.015267823,0.015242379158735275,0.99,1.1145722055516671e-05,0.015228104777634144,0.01527335960417986
4,5,2244,2024-02-27,01103,0.0011929595,0.001076859305612743,0.88,5.3399602620629594e-05,0.0010480324272066355,0.001204808009788394
4,5,2247,2024-02-27,04017,0.0046293284,0.004720453172922134,0.225,0.000285432644886896,0.004606062546372414,0.005405758507549763
4,5,2248,2024-02-27,06003,0.055007912,0.05579742044210434,0.455,0.004294960293918848,0.05035316199064255,0.062947578728199
4,5,2254,2024-02-27,06033,0.00604,0.006460029631853104,0.31,0.0022084044758230448,0.005673602689057589,0.011730464175343513
4,5,2255,2024-02-27,06035,0.021475624,0.02159924805164337,0.495,0.008627072907984257,0.0175734031945467,0.04111754894256592
4,5,2256,2024-02-27,06037,0.001572977,0.001677920576184988,0.05,0.0003281670215073973,0.0015589594841003418,0.0025282795540988445
4,5,2262,2024-02-27,06063,0.07308374,0.07418270409107208,0.42,0.0033757099881768227,0.06790364533662796,0.07700899243354797
4,5,2265,2024-02-27,06073,0.0020292294,0.002188535872846842,0.04,0.0005145042669028044,0.0020214361138641834,0.0034142599906772375
4,5,2287,2024-02-27,08103,0.006252114,0.0060273706912994385,0.555,0.0013522214721888304,0.0054671503603458405,0.00937596894800663
4,5,2301,2024-02-27,13189,0.0012038107,0.0010528597049415112,0.9,6.788750761188567e-05,0.0010221522534266114,0.001214281190186739
4,5,2302,2024-02-27,13217,0.0015578878,0.0014818428317084908,0.735,7.54023203626275e-05,0.0014278715243563056,0.0016461187042295933
4,5,2304,2024-02-27,13221,0.010964033,0.011077698320150375,0.175,6.130157998995855e-05,0.010925913229584694,0.01110965944826603
4,5,2306,2024-02-27,13233,0.0075866533,0.007715384475886822,0.18,6.939528975635767e-05,0.007548177149146795,0.007746981922537088
4,5,2309,2024-02-27,16001,0.0024840708,0.0026735919527709484,0.105,0.00044592152698896825,0.002466219011694193,0.003728492883965373
4,5,2319,2024-02-27,16075,0.0030299653,0.003364218631759286,0.005,0.0006380272679962218,0.003029047744348645,0.004892238415777683
4,5,2338,2024-02-27,17185,0.0034930918,0.0035193287767469883,0.465,0.00033528803032822907,0.0033316449262201786,0.004256153479218483
4,5,2346,2024-02-27,18065,0.002864472,0.0028593833558261395,0.51,0.00016100480570457876,0.002776948269456625,0.0032415161840617657
4,5,2349,2024-02-27,18089,0.004113573,0.003989716991782188,0.625,0.0003698586951941252,0.0038047332782298326,0.004887246061116457
4,5,2351,2024-02-27,18109,0.0030689607,0.0027306266129016876,0.83,0.00017462919640820473,0.002662665443494916,0.003169114701449871
4,5,2354,2024-02-27,18139,0.0028131714,0.002866856288164854,0.4,0.00022562529193237424,0.0027428646571934223,0.003383731935173273
4,5,2355,2024-02-27,18145,0.002413327,0.002430543303489685,0.415,0.00015579430328216404,0.002374644624069333,0.002827694406732917
4,5,2357,2024-02-27,21007,0.002516844,0.0024902094155550003,0.61,4.28383173129987e-05,0.00246898434124887,0.0025883375201374292
4,5,2360,2024-02-27,21019,0.003891391,0.0039033256471157074,0.49,0.00024052202934399247,0.0037564875092357397,0.004447616171091795
4,5,2365,2024-02-27,21047,0.0023596352,0.002381354570388794,0.295,7.317654672078788e-05,0.002345605520531535,0.0025431562680751085
4,5,2369,2024-02-27,21067,0.0033762807,0.0035627747420221567,0.05,0.0004483048105612397,0.0033660498447716236,0.004582194611430168
4,5,2373,2024-02-27,21085,0.0026249394,0.0024210575502365828,0.695,0.00023144256556406617,0.002299555577337742,0.0029620651621371508
4,5,2379,2024-02-27,21107,0.002654728,0.0024281153455376625,0.795,0.0001362462353426963,0.002348761074244976,0.0027300622314214706
4,5,2393,2024-02-27,21239,0.004060043,0.003991402219980955,0.835,8.682454063091427e-05,0.003837845055386424,0.004079682286828756
4,5,2398,2024-02-27,25009,0.008500402,0.00581746269017458,0.86,0.001127297873608768,0.005468032322824001,0.008727902546525002
4,5,2404,2024-02-27,25025,0.0042753406,0.004667235538363457,0.24,0.0013879503821954131,0.004146841820329428,0.007773470599204302
4,5,2413,2024-02-27,29035,0.0012746581,0.0012559087481349707,0.775,1.2357876585156191e-05,0.001249298918992281,0.0012865934986621141
4,5,2417,2024-02-27,29201,0.001910747,0.0019347023917362094,0.055,3.670133082778193e-05,0.0019092640141025186,0.0020139263942837715
4,5,2420,2024-02-27,30001,0.011658388,0.01165938563644886,0.285,3.687468051793985e-06,0.01165794674307108,0.011667829938232899
4,5,2428,2024-02-27,30043,0.0027448644,0.0027411491610109806,0.685,1.0235037734673824e-05,0.0027192928828299046,0.0027472409419715405
4,5,2431,2024-02-27,30049,0.0008230602,0.0008059261017479002,0.75,3.484527042019181e-05,0.0007359280716627836,0.0008399746147915721
4,5,2433,2024-02-27,30063,0.0010847513,0.001089834375306964,0.365,1.9265244191046804e-05,0.0010760212317109108,0.0011330835986882448
4,5,2434,2024-02-27,30067,0.0024542944,0.0024611116386950016,0.12,1.944143878063187e-05,0.002452147426083684,0.0025059974286705256
4,5,2436,2024-02-27,30081,0.011930762,0.011931558139622211,0.385,5.6125063565559685e-06,0.011929379776120186,0.011944792233407497
4,5,2440,2024-02-27,32001,0.0028478762,0.003080209018662572,0.14,0.0013132146559655666,0.002809151541441679,0.0064880275167524815
4,5,2452,2024-02-27,32031,0.012374711,0.01245565339922905,0.215,0.0014290092512965202,0.012354802340269089,0.016769202426075935
4,5,2454,2024-02-27,34017,0.0027703953,0.002938983729109168,0.375,0.000977015821263194,0.0025522385258227587,0.005261277314275503
4,5,2459,2024-02-27,35009,0.0024347804,0.002508812118321657,0.075,0.00011391272710170597,0.0024273863527923822,0.002750746440142393
4,5,2462,2024-02-27,35019,0.004445131,0.004499904811382294,0.1,0.00012022691225865856,0.004434788133949041,0.004776244051754475
4,5,2463,2024-02-27,35025,0.0012011012,0.001206312095746398,0.44,0.00013114031753502786,0.0011823347304016352,0.001581264310516417
4,5,2469,2024-02-27,35041,0.0023244286,0.002415427938103676,0.055,0.00012367616000119597,0.002319648861885071,0.0026850379072129726
4,5,2476,2024-02-27,35059,0.0036936912,0.003754640929400921,0.08,0.00020675967971328646,0.003690293524414301,0.00429185014218092
4,5,2485,2024-02-27,36033,0.01874489,0.012925744988024235,0.94,0.0028032332193106413,0.011227685958147049,0.018784089013934135
4,5,2487,2024-02-27,36039,0.007347483,0.009627723135054111,0.175,0.0011492872145026922,0.0073213716968894005,0.010310832411050797
4,5,2489,2024-02-27,36043,0.02061319,0.026654893532395363,0.125,0.0029844657983630896,0.020560353994369507,0.028518540784716606
4,5,2501,2024-02-27,36091,0.021472426,0.02546694315969944,0.135,0.001708770403638482,0.021247727796435356,0.026047423481941223
4,5,2502,2024-02-27,36093,0.010088689,0.011283228173851967,0.26,0.0008969966438598931,0.009260153397917747,0.011705176904797554
4,5,2503,2024-02-27,36095,0.00912205,0.010322229005396366,0.195,0.0006137215532362461,0.009041463024914265,0.010717104189097881
4,5,2511,2024-02-27,37189,0.0025584705,0.0023675737902522087,0.67,0.00034980286727659404,0.0021754824556410313,0.003197314217686653
4,5,2515,2024-02-27,39049,0.0034854973,0.0033373823389410973,0.565,0.0005395597545430064,0.003010676009580493,0.00471442099660635
4,5,2516,2024-02-27,39057,0.002660038,0.0027566333301365376,0.21,0.0002638592559378594,0.00263618933968246,0.0033903964795172215
4,5,2522,2024-02-27,39113,0.0025719441,0.002578776329755783,0.465,7.594083581352606e-05,0.0025465362705290318,0.002783459611237049
4,5,2540,2024-02-27,42059,0.018206496,0.018269147723913193,0.335,5.966920070932247e-05,0.018163995817303658,0.018322909250855446
4,5,2550,2024-02-27,45071,0.0014675619,0.0012269297149032354,0.805,0.00011937756062252447,0.001176917809061706,0.001505595282651484
4,5,2552,2024-02-27,45081,0.0028581766,0.002770136808976531,0.83,4.773748878506012e-05,0.002758762100711465,0.00289715314283967
4,5,2554,2024-02-27,45087,0.0027398728,0.002548293210566044,0.955,7.579263910884038e-05,0.0025168287102133036,0.0027469105552881956
4,5,2561,2024-02-27,47033,0.00197147,0.0019742418080568314,0.485,5.301923374645412e-05,0.0019408110529184341,0.0020944117568433285
4,5,2564,2024-02-27,47123,0.0023606552,0.0022665555588901043,0.65,0.0001777747820597142,0.0021770629100501537,0.0027061516884714365
4,5,2566,2024-02-27,47155,0.0045806104,0.004547923803329468,0.755,3.0396118745557033e-05,0.004532662220299244,0.004631829913705587
4,5,2580,2024-02-27,48179,0.0077296547,0.007717084139585495,0.86,4.380203245091252e-05,0.00759729091078043,0.0077322544530034065
4,5,2582,2024-02-27,48191,0.0013776348,0.0013763204915449023,0.57,1.766165587469004e-05,0.0013653978239744902,0.0014259236631914973
4,5,2584,2024-02-27,48205,0.004049986,0.0041135214269161224,0.09,0.00021692767040804029,0.004046616144478321,0.0046821837313473225
4,5,2587,2024-02-27,48233,0.06676916,0.06673015654087067,0.87,0.00012273505853954703,0.06641272455453873,0.06677302718162537
4,5,2601,2024-02-27,49003,0.0029544719,0.003218498546630144,0.215,0.0008573327213525772,0.002886648755520582,0.005285060033202171
4,5,2608,2024-02-27,49023,0.011835436,0.012396279722452164,0.12,0.001565231941640377,0.011739288456737995,0.016085468232631683
4,5,2610,2024-02-27,49029,0.013662992,0.01443667896091938,0.165,0.0018854187801480293,0.013451710343360901,0.019195443019270897
4,5,2612,2024-02-27,49033,0.010375006,0.011694097891449928,0.035,0.002958411816507578,0.010310694575309753,0.01827125996351242
4,5,2619,2024-02-27,49047,0.011834791,0.012110723182559013,0.37,0.0015154245775192976,0.011490980163216591,0.01578070968389511
4,5,2631,2024-02-27,50015,0.023493586,0.014736190438270569,0.87,0.004199892748147249,0.012846212834119797,0.023627962917089462
4,5,2636,2024-02-27,50025,0.061218455,0.07351970672607422,0.04,0.005404939409345388,0.06115023046731949,0.07628531008958817
4,5,2640,2024-02-27,51161,0.0038658145,0.0038831576239317656,0.43,6.25573520665057e-05,0.0037339937407523394,0.003915256820619106
4,5,2644,2024-02-27,54039,0.0040602046,0.0038973549380898476,0.645,0.00035525113344192505,0.0037351208738982677,0.004822783172130585
4,5,2647,2024-02-27,54061,0.0037292524,0.0034390233922749758,0.62,0.0007703683222644031,0.0030867955647408962,0.005308021325618029
4,5,2649,2024-02-27,54083,0.009465796,0.007738370914012194,0.715,0.0015080473385751247,0.0068201967515051365,0.010915816761553288
4,5,2651,2024-02-27,54093,0.012390098,0.01003156416118145,0.805,0.001548237632960081,0.0091258455067873,0.013648868538439274
4,5,2653,2024-02-27,56001,0.0005833517,0.0005881414981558919,0.12,1.427436654921621e-05,0.000582186970859766,0.0006224889075383544
4,5,2654,2024-02-27,56007,0.0011860424,0.0012478437274694443,0.125,0.0001798559387680143,0.0011748381657525897,0.0017083270940929651
4,5,2655,2024-02-27,56009,0.0022681067,0.002268766285851598,0.185,2.9911384444858413e-06,0.0022671890910714865,0.0022767316550016403
4,5,2659,2024-02-27,56041,0.0019812745,0.002181803807616234,0.06,0.0004522784147411585,0.001963264076039195,0.003217108314856887
