seed,fold,unit,event,fips,rmse_own,rmse_donor_median,percentile,donor_sd,rmse_donor_min,rmse_donor_max
3,1,1,2019-03-13,01009,0.01921611,0.019066480919718742,0.765,0.00030163192423060536,0.01806529425084591,0.019339559599757195
3,1,8,2019-03-13,01055,0.007718238,0.007666240446269512,0.795,7.730963261565194e-05,0.007420090027153492,0.0077630020678043365
3,1,9,2019-03-13,01065,0.003221418,0.0025995434261858463,0.89,0.00039897867827676237,0.0020630788058042526,0.0037302018608897924
3,1,17,2019-03-13,01127,0.0072029275,0.007565613836050034,0.24,0.00037918996531516314,0.006406871601939201,0.007913744077086449
3,1,19,2019-03-13,05027,0.0104239555,0.010930695571005344,0.075,0.0002716358576435596,0.010093615390360355,0.011248876340687275
3,1,23,2019-03-13,08009,0.012352079,0.014234407804906368,0.225,0.0028592569287866354,0.011615817435085773,0.02318914607167244
3,1,31,2019-03-13,08101,0.007242655,0.00719511229544878,0.6,0.0007186072180047631,0.007018574979156256,0.011588465422391891
3,1,45,2019-03-13,17127,0.008508097,0.009034182876348495,0.36,0.0017905009444803,0.007147024851292372,0.014370162971317768
3,1,47,2019-03-13,17151,0.026255963,0.026783213019371033,0.135,0.00037059601163491607,0.025929421186447144,0.027276935055851936
3,1,54,2019-03-13,17193,0.010102645,0.007418657653033733,0.845,0.0017562583088874817,0.00566518260166049,0.012698533944785595
3,1,55,2019-03-13,17199,0.0066134213,0.005737842060625553,0.725,0.001270097796805203,0.0047217123210430145,0.010055284015834332
3,1,59,2019-03-13,18051,0.007722561,0.00750595610588789,0.635,0.000576640130020678,0.00718618743121624,0.010113414376974106
3,1,66,2019-03-13,18097,0.0053779967,0.0065191639587283134,0.025,0.001243587932549417,0.0053525869734585285,0.010698625817894936
3,1,73,2019-03-13,18143,0.0055111344,0.005210720933973789,0.8,0.00026709388475865126,0.004992840811610222,0.006233665626496077
3,1,74,2019-03-13,18147,0.008787233,0.008284250274300575,0.645,0.0012122170301154256,0.006884292233735323,0.01214574370533228
3,1,81,2019-03-13,20051,0.009698135,0.008696429431438446,0.695,0.0015180542832240462,0.0075324722565710545,0.013366252183914185
3,1,83,2019-03-13,20065,0.016278284,0.013779000379145145,0.905,0.0013830221723765135,0.012683379463851452,0.018446527421474457
3,1,91,2019-03-13,20181,0.020063741,0.018188785761594772,0.845,0.0012779247481375933,0.017071135342121124,0.02240942232310772
3,1,93,2019-03-13,20199,0.017465092,0.015551399439573288,0.985,0.0006962618790566921,0.014858600683510303,0.018249422311782837
3,1,95,2019-03-13,21015,0.0062303473,0.006433926057070494,0.065,0.0001828648819355294,0.006207223515957594,0.0069526867009699345
3,1,105,2019-03-13,21073,0.0056183343,0.005576225463300943,0.535,0.0005670961691066623,0.0050178831443190575,0.00739508168771863
3,1,107,2019-03-13,21081,0.0056824307,0.0055093588307499886,0.685,0.00028368839411996305,0.005218720529228449,0.006402298808097839
3,1,108,2019-03-13,21083,0.007745699,0.008692430332303047,0.08,0.001225396990776062,0.007580755278468132,0.01256179716438055
3,1,109,2019-03-13,21091,0.009639595,0.009497635997831821,0.65,0.0003719841770362109,0.009201412089169025,0.01095303799957037
3,1,118,2019-03-13,21157,0.010300058,0.009010253474116325,0.75,0.0014288945822045207,0.007573408540338278,0.013848347589373589
3,1,126,2019-03-13,21223,0.0040676584,0.004079327918589115,0.29,7.223250577226281e-05,0.004046791698783636,0.004396740347146988
3,1,134,2019-03-13,24025,0.0015640284,0.0015780222602188587,0.005,8.494325811625458e-06,0.0015639029443264008,0.0016055312007665634
3,1,135,2019-03-13,26027,0.01699144,0.01814756542444229,0.155,0.0009041564189828932,0.015677915886044502,0.019211482256650925
3,1,137,2019-03-13,26093,0.0057579004,0.0068787625059485435,0.24,0.001571947825141251,0.005034855101257563,0.011634270660579205
3,1,147,2019-03-13,28087,0.0020865253,0.0015518629224970937,0.9,0.0003168031689710915,0.0011952250497415662,0.0025346679612994194
3,1,153,2019-03-13,29133,0.009216011,0.009493788704276085,0.42,0.001574513386003673,0.008127055130898952,0.014606932178139687
3,1,160,2019-03-13,32023,0.00027757438,0.0002757711336016655,0.835,2.7061489618063206e-06,0.00026808850816451013,0.00028193247271701694
3,1,162,2019-03-13,34027,0.0011565682,0.001162355300039053,0.09,1.1061067198170349e-05,0.0011523335706442595,0.0012066276976838708
3,1,165,2019-03-13,35015,0.012108709,0.014104936271905899,0.11,0.002818133682012558,0.011922010220587254,0.024815266951918602
3,1,171,2019-03-13,39015,0.005988409,0.005992623511701822,0.375,5.0488204578869045e-05,0.00597875053063035,0.00623871386051178
3,1,182,2019-03-13,39075,0.005347266,0.00547119602560997,0.29,0.0002616312704049051,0.005015913397073746,0.006360311526805162
3,1,184,2019-03-13,39089,0.0039275032,0.004103865474462509,0.22,0.0002631380339153111,0.003663487732410431,0.00487584387883544
3,1,190,2019-03-13,39151,0.0054693283,0.005533946678042412,0.015,6.755698996130377e-05,0.005466833245009184,0.005776848178356886
3,1,191,2019-03-13,39157,0.0068175504,0.0070267110131680965,0.14,0.00023930812312755734,0.006611065939068794,0.007744192611426115
3,1,193,2019-03-13,40009,0.015091573,0.017319967970252037,0.085,0.0026493791956454515,0.014929926954209805,0.026337841525673866
3,1,194,2019-03-13,40011,0.014664336,0.016328828409314156,0.28,0.003060438670217991,0.013857364654541016,0.02652641013264656
3,1,201,2019-03-13,40043,0.019851426,0.021660834550857544,0.17,0.002340837847441435,0.019481947645545006,0.028828555718064308
3,1,211,2019-03-13,40103,0.026303804,0.02612140402197838,0.81,0.0003180937492288649,0.026001637801527977,0.028088025748729706
3,1,215,2019-03-13,40139,0.016949277,0.017512699589133263,0.405,0.0014332321006804705,0.016053583472967148,0.02197018638253212
3,1,221,2019-03-13,47117,0.0031251155,0.002814651932567358,0.7,0.0004007164970971644,0.0024614802096039057,0.00416220910847187
3,1,222,2019-03-13,47157,0.014294043,0.015821095556020737,0.025,0.0013600582024082541,0.014222425408661366,0.020575320348143578
3,1,230,2019-03-13,48049,0.009607941,0.009433804079890251,0.75,0.00023335179139394313,0.008954012766480446,0.009767726995050907
3,1,231,2019-03-13,48065,0.020316089,0.020344074815511703,0.235,0.0002298656472703442,0.02029644511640072,0.021535905078053474
3,1,234,2019-03-13,48079,0.013568546,0.014716089703142643,0.365,0.0021879938431084156,0.012516605667769909,0.022031519562005997
3,1,237,2019-03-13,48087,0.013453899,0.01583230495452881,0.2,0.0035768907982856035,0.012743859551846981,0.029367737472057343
3,1,241,2019-03-13,48109,0.020270178,0.019721882417798042,0.685,0.0018298238283023238,0.018766911700367928,0.032558783888816833
3,1,245,2019-03-13,48117,0.01887218,0.018544763326644897,0.72,0.0005496533703990281,0.018081042915582657,0.020866665989160538
3,1,246,2019-03-13,48121,0.0026436131,0.0031126230023801327,0.12,0.0007811000104993582,0.0025531731080263853,0.005800184328109026
3,1,249,2019-03-13,48135,0.006830511,0.006878817453980446,0.425,0.0007872674614191055,0.006715331692248583,0.010396979749202728
3,1,256,2019-03-13,48173,0.00647572,0.006839647889137268,0.37,0.0009835116798058152,0.006087976507842541,0.011017955839633942
3,1,262,2019-03-13,48195,0.08834922,0.08829356729984283,0.59,0.00019838279695250094,0.08771087229251862,0.08853180706501007
3,1,282,2019-03-13,48303,0.016303979,0.018067650496959686,0.25,0.0024422556161880493,0.015592808835208416,0.02550608664751053
3,1,294,2019-03-13,48363,0.0033036883,0.004635386168956757,0.13,0.0023827173281461,0.0030768634751439095,0.014787472784519196
3,1,296,2019-03-13,48369,0.013752358,0.01310181524604559,0.66,0.0012949224328622222,0.012121395207941532,0.01745673455297947
3,1,297,2019-03-13,48371,0.0047368756,0.004166350234299898,0.815,0.0004123488033656031,0.003643732750788331,0.004840190056711435
3,1,301,2019-03-13,48383,0.0054715397,0.00593283586204052,0.34,0.0009223964298143983,0.005009058862924576,0.00920457299798727
3,1,315,2019-03-13,48459,0.018226406,0.01861097663640976,0.055,0.00021909734641667455,0.0180418211966753,0.018881581723690033
3,1,317,2019-03-13,48475,0.0075976313,0.00661806995049119,0.79,0.0016351323574781418,0.00543357664719224,0.015666328370571136
3,1,320,2019-03-13,48501,0.011731514,0.014538183808326721,0.29,0.003924578428268433,0.01069143507629633,0.02742464281618595
3,1,321,2021-03-26,01009,0.0067085247,0.006702305283397436,0.5,0.0005147517658770084,0.006008405704051256,0.007987696677446365
3,1,322,2021-03-26,01013,0.013473135,0.013466430827975273,0.655,1.5252833691192791e-05,0.013439237140119076,0.013492729514837265
3,1,324,2021-03-26,01023,0.003310054,0.003266657469794154,0.91,2.825471710821148e-05,0.0032232897356152534,0.003329826518893242
3,1,328,2021-03-26,01035,0.0022277767,0.002154768444597721,0.895,5.302806312101893e-05,0.0020686250645667315,0.00226133456453681
3,1,332,2021-03-26,01045,0.0022465328,0.0021869686897844076,0.81,6.296101491898298e-05,0.002090746071189642,0.002352388808503747
3,1,346,2021-03-26,05001,0.009450344,0.009471692144870758,0.055,1.0971885785693303e-05,0.00943028461188078,0.009494110941886902
3,1,352,2021-03-26,05069,0.009974092,0.009949615225195885,0.78,1.808508204703685e-05,0.009905644692480564,0.009987633675336838
3,1,360,2021-03-26,08015,0.00025404038,0.00028546713292598724,0.295,6.095099888625555e-05,0.00023837032495066524,0.0005866646533831954
3,1,366,2021-03-26,08101,0.0013259163,0.001334159867838025,0.31,1.496491222496843e-05,0.00132119026966393,0.0013838388258591294
3,1,367,2021-03-26,08105,0.00033013348,0.00032896027551032603,0.52,4.0089566027745605e-05,0.0002992969239130616,0.0004960441729053855
3,1,372,2021-03-26,13033,0.0029861736,0.002675948664546013,0.995,0.00012775226787198335,0.0025036598090082407,0.0030231294222176075
3,1,380,2021-03-26,13147,0.004661092,0.004157339688390493,0.745,0.0006337809609249234,0.0033126987982541323,0.005925966892391443
3,1,384,2021-03-26,13205,0.0031640318,0.003097026376053691,0.805,6.927842332515866e-05,0.0029862772207707167,0.0032640614081174135
3,1,392,2021-03-26,13313,0.006196312,0.006013243459165096,0.59,0.0006065383786335588,0.005265149753540754,0.007694185711443424
3,1,401,2021-03-26,16023,0.025365213,0.02504216879606247,0.97,0.0005147797055542469,0.022945871576666832,0.025379415601491928
3,1,402,2021-03-26,16029,0.009961649,0.009908348321914673,0.635,0.00013910747657064348,0.009476148523390293,0.010048044845461845
3,1,403,2021-03-26,16031,0.001270223,0.0015273226890712976,0.145,0.00042866042349487543,0.001225645886734128,0.0032790307886898518
3,1,406,2021-03-26,16039,0.041218325,0.0405849888920784,0.965,0.000815932871773839,0.03747400641441345,0.04123995825648308
3,1,410,2021-03-26,16049,0.04166678,0.04177428036928177,0.41,0.0004839685861952603,0.04135687276721001,0.0446731336414814
3,1,416,2021-03-26,16065,0.008353835,0.009109044447541237,0.44,0.005065836478024721,0.006915548350661993,0.02833898738026619
3,1,419,2021-03-26,16071,0.0012156746,0.0015208148397505283,0.1,0.00031105498783290386,0.0011864122934639454,0.002674896502867341
3,1,437,2021-03-26,17127,0.0055819233,0.005586009006947279,0.18,3.2172526971407933e-06,0.0055758170783519745,0.005590077955275774
3,1,438,2021-03-26,17151,0.0025293054,0.0025627855211496353,0.115,2.532136750232894e-05,0.002506047487258911,0.0026073504704982042
3,1,443,2021-03-26,17193,0.0021753202,0.002183451782912016,0.345,1.916541987156961e-05,0.002155371243134141,0.0022574893664568663
3,1,444,2021-03-26,17199,0.0018553764,0.0018724100664258003,0.23,1.7986163584282622e-05,0.0018364369170740247,0.001906104851514101
3,1,453,2021-03-26,18051,0.002306134,0.00231490982696414,0.285,1.6317100744345225e-05,0.0022976049222052097,0.002381617436185479
3,1,455,2021-03-26,18059,0.0019384549,0.001951992162503302,0.26,2.0889454390271567e-05,0.0019337950507178903,0.0020184596069157124
3,1,457,2021-03-26,18077,0.0030303737,0.003012879518792033,0.62,3.636994006228633e-05,0.0029592339415103197,0.0031094159930944443
3,1,459,2021-03-26,18095,0.002891107,0.0028793984092772007,0.79,1.2813834473490715e-05,0.002854856662452221,0.002907026559114456
3,1,460,2021-03-26,18097,0.0017978385,0.0017976812086999416,0.5,1.1163672752445564e-05,0.0017835989128798246,0.001825047773309052
3,1,468,2021-03-26,18147,0.0022802148,0.0022966633550822735,0.19,2.091675742121879e-05,0.002269571414217353,0.0023957088124006987
3,1,473,2021-03-26,18177,0.0029370089,0.003049628110602498,0.225,0.00010803094482980669,0.0029023068491369486,0.0033033026847988367
3,1,479,2021-03-26,20065,0.0015281009,0.0014785241801291704,0.985,2.1436762835946865e-05,0.0014415543992072344,0.001545848441310227
3,1,489,2021-03-26,20171,0.0015641883,0.0015308883739635348,0.835,3.6796092899749056e-05,0.001470315852202475,0.001633454579859972
3,1,491,2021-03-26,20181,0.001513359,0.0015047159977257252,0.62,1.743043503665831e-05,0.0014885560376569629,0.0015424707671627402
3,1,494,2021-03-26,20199,0.0013372189,0.0013281936990097165,0.64,2.051864612440113e-05,0.0013019134057685733,0.0013751510996371508
3,1,495,2021-03-26,20203,0.0012905061,0.0012597334571182728,0.84,3.1773412047186866e-05,0.0012085846392437816,0.0013518902705982327
3,1,504,2021-03-26,21083,0.0019474883,0.0019241622649133205,0.965,1.4045373973203823e-05,0.0018953426042571664,0.0019680296536535025
3,1,510,2021-03-26,21123,0.0028895843,0.002750974614173174,0.865,9.719443187350407e-05,0.002631064271554351,0.003013819921761751
3,1,515,2021-03-26,21157,0.002561476,0.002565831644460559,0.325,1.0401753570477013e-05,0.0025508671533316374,0.0026052831672132015
3,1,524,2021-03-26,22031,0.0031887628,0.003179276827722788,0.9,4.798503596248338e-06,0.0031728509347885847,0.0031937970779836178
3,1,531,2021-03-26,24021,0.002226959,0.002298073610290885,0.3,0.00044307715143077075,0.0022085357923060656,0.004185421857982874
3,1,533,2021-03-26,24025,0.0014801098,0.001555867725983262,0.125,0.00017079002282116562,0.0014722506748512387,0.0022919022012501955
3,1,536,2021-03-26,24031,0.0011077503,0.001310634659603238,0.015,0.00018218130571767688,0.0011014286428689957,0.0018838979303836823
3,1,541,2021-03-26,25005,0.0052648475,0.005443638190627098,0.485,0.0025600979570299387,0.003811654169112444,0.013789028860628605
3,1,547,2021-03-26,25021,0.0049183336,0.00519999535754323,0.425,0.0016838536830618978,0.004038058687001467,0.012354381382465363
3,1,558,2021-03-26,28087,0.004103618,0.0036895524244755507,0.865,0.0002789549471344799,0.0033396731596440077,0.004325882066041231
3,1,559,2021-03-26,28095,0.005524875,0.004883703775703907,0.96,0.00029766926309093833,0.004503832198679447,0.0056478967890143394
3,1,565,2021-03-26,28161,0.0051192604,0.005040755029767752,0.945,3.95926799683366e-05,0.004996003583073616,0.005173145793378353
3,1,567,2021-03-26,29099,0.0013858378,0.0013880442129448056,0.45,1.2925775081384927e-05,0.0013622285332530737,0.0014149087946861982
3,1,568,2021-03-26,29133,0.0019168026,0.0019203128758817911,0.39,1.5156731024035253e-05,0.0018907706253230572,0.0019581292290240526
3,1,584,2021-03-26,30053,0.018847343,0.016484808176755905,0.65,0.004893873352557421,0.011552074924111366,0.033469922840595245
3,1,585,2021-03-26,30055,0.012536949,0.012507816776633263,0.505,0.0006861418369226158,0.011814597994089127,0.014744879677891731
3,1,586,2021-03-26,30061,0.018719828,0.017619963735342026,0.595,0.006207952741533518,0.010648434050381184,0.035110894590616226
3,1,595,2021-03-26,30083,0.014172082,0.01427535992115736,0.355,0.00030993501422926784,0.013894355855882168,0.01528909057378769
3,1,598,2021-03-26,30089,0.008729413,0.008143379352986813,0.605,0.0018601834308356047,0.00706577580422163,0.015541870146989822
3,1,600,2021-03-26,30093,0.0030410686,0.0043346029706299305,0.255,0.0032817742321640253,0.0029466431587934494,0.019976524636149406
3,1,602,2021-03-26,30097,0.006071343,0.014497485011816025,0.07,0.01047400664538145,0.005603519268333912,0.05018182471394539
3,1,603,2021-03-26,30103,0.0076176273,0.0078887315467,0.285,0.0004036327009089291,0.007463925983756781,0.009168341755867004
3,1,610,2021-03-26,32023,0.00039887216,0.0003988537937402725,0.515,7.071807317515777e-07,0.00039766530971974134,0.0004017225292045623
3,1,613,2021-03-26,34007,0.0040133814,0.00407039001584053,0.46,0.0006210750434547663,0.003365212818607688,0.006109421607106924
3,1,618,2021-03-26,34021,0.002081658,0.0024456330575048923,0.025,0.0004009665281046182,0.0020755650475621223,0.0035876918118447065
3,1,627,2021-03-26,36013,0.010032322,0.009846488945186138,0.725,0.00030219307518564165,0.009428967721760273,0.010597320273518562
3,1,628,2021-03-26,36027,0.0022952156,0.0023195170797407627,0.455,0.0002703771460801363,0.002157145645469427,0.003436664817854762
3,1,629,2021-03-26,36029,0.00929276,0.009234737604856491,0.65,0.00013774794933851808,0.00892680138349533,0.009459803812205791
3,1,632,2021-03-26,36041,0.047740564,0.047453511506319046,0.8,0.0002405528211966157,0.04732959717512131,0.04851755499839783
3,1,637,2021-03-26,36059,0.002989037,0.003471182892099023,0.115,0.0007126125856302679,0.0029231400694698095,0.005993195343762636
3,1,651,2021-03-26,37049,0.0018749792,0.0018667783588171005,0.835,6.592942099814536e-06,0.001861311262473464,0.0018877281108871102
3,1,657,2021-03-26,37127,0.0028646255,0.0028443364426493645,0.865,1.5040174730529543e-05,0.002826811745762825,0.0028926022350788116
3,1,664,2021-03-26,39019,0.008995422,0.00905819982290268,0.425,0.0002354094758629799,0.008561589755117893,0.009438657201826572
3,1,673,2021-03-26,39037,0.009554819,0.00947496946901083,0.79,7.039365300443023e-05,0.009319553151726723,0.009590028785169125
3,1,677,2021-03-26,39055,0.018397842,0.01848103106021881,0.345,0.00019505489035509527,0.018023332580924034,0.018791411072015762
3,1,683,2021-03-26,39073,0.009173758,0.009206868708133698,0.27,4.231243656249717e-05,0.009107866324484348,0.009266317822039127
3,1,684,2021-03-26,39075,0.049608387,0.04966624081134796,0.445,0.0004212509375065565,0.04867984727025032,0.050259776413440704
3,1,686,2021-03-26,39089,0.017262429,0.01723911240696907,0.555,0.00023952395713422447,0.016742927953600883,0.017606889829039574
3,1,698,2021-03-26,39139,0.00631559,0.006314213387668133,0.53,3.249631481594406e-05,0.006253743078559637,0.006395832635462284
3,1,700,2021-03-26,39151,0.0056811776,0.005548149347305298,0.785,0.00010580872185528278,0.005393654573708773,0.005764111876487732
3,1,701,2021-03-26,39153,0.0072831023,0.0073229544796049595,0.255,7.692504732403904e-05,0.0072623202577233315,0.007565318141132593
3,1,703,2021-03-26,39157,0.0059055057,0.005914162844419479,0.46,0.0001654958468861878,0.005615158937871456,0.006194486748427153
3,1,712,2021-03-26,41025,0.0010830074,0.0011467146687209606,0.16,7.959872164065018e-05,0.0010699413251131773,0.0013889963738620281
3,1,713,2021-03-26,41031,0.01146535,0.011457303538918495,0.795,7.958091373438947e-06,0.011439002119004726,0.011477695778012276
3,1,719,2021-03-26,42003,0.0025887294,0.002926360350102186,0.12,0.00040451533277519047,0.0025099599733948708,0.0041355895809829235
3,1,720,2021-03-26,42007,0.0039119623,0.00402274914085865,0.36,0.000330571347149089,0.0036255409941077232,0.004929130431264639
3,1,737,2021-03-26,42133,0.002112098,0.002387427957728505,0.03,0.00044480204815045,0.0021021352149546146,0.004381118807941675
3,1,738,2021-03-26,44007,0.007315703,0.007060264702886343,0.515,0.00357787124812603,0.004926939494907856,0.019714852795004845
3,1,748,2021-03-26,45075,0.0029745745,0.0028999175410717726,0.78,7.448507676599547e-05,0.002787941135466099,0.0030745023395866156
3,1,749,2021-03-26,45079,0.0037991912,0.003758834209293127,0.565,0.00021978255244903266,0.0034406387712806463,0.004331931471824646
3,1,750,2021-03-26,45085,0.00472954,0.004730314016342163,0.49,4.0180362702813e-05,0.00467564444988966,0.00484438706189394
3,1,764,2021-03-26,46047,0.0038264035,0.0037774464581161737,0.675,6.980152102187276e-05,0.0035771303810179234,0.003853796748444438
3,1,770,2021-03-26,46063,0.015993726,0.016166433691978455,0.38,0.0003883483004756272,0.01575452648103237,0.017296766862273216
3,1,771,2021-03-26,46065,0.004083908,0.004132476635277271,0.105,5.4297721362672746e-05,0.004072640091180801,0.004300718195736408
3,1,777,2021-03-26,46089,0.005404863,0.005472535267472267,0.105,7.68537720432505e-05,0.005400046240538359,0.005698331166058779
3,1,778,2021-03-26,46091,0.0023230303,0.002328930888324976,0.18,7.40294035495026e-06,0.00231479131616652,0.0023508176673203707
3,1,781,2021-03-26,46102,0.0018312631,0.0017957359086722136,0.795,2.819535438902676e-05,0.0017607100307941437,0.001863923273049295
3,1,788,2021-03-26,46119,0.003740901,0.0037502634804695845,0.235,2.2021176846465096e-05,0.003728986019268632,0.003824760438874364
3,1,792,2021-03-26,46137,0.009090098,0.00910993106663227,0.39,5.823234096169472e-05,0.009068683721125126,0.009313586167991161
3,1,793,2021-03-26,47003,0.005885335,0.005843685008585453,0.585,0.00021916536206845194,0.005523327272385359,0.006406534928828478
3,1,795,2021-03-26,47013,0.0067272703,0.006838000379502773,0.47,0.0010348440846428275,0.005662272218614817,0.009856339544057846
3,1,798,2021-03-26,47047,0.0068794894,0.00689498707652092,0.385,3.282414763816632e-05,0.006857938598841429,0.006986319087445736
3,1,803,2021-03-26,47097,0.0022693856,0.00228874571621418,0.03,1.812091977626551e-05,0.0022610328160226345,0.002331661293283105
3,1,809,2021-03-26,47157,0.0069616535,0.006961262319236994,0.54,6.057939572201576e-06,0.006954656448215246,0.006982199847698212
3,1,815,2021-03-26,48109,0.00067914155,0.0006797595415264368,0.335,1.217904468830966e-06,0.0006781574338674545,0.0006824988522566855
3,1,822,2021-03-26,50023,0.01770706,0.017378713935613632,0.55,0.001503848354332149,0.015786752104759216,0.021779870614409447
3,1,825,2021-03-26,51119,0.0026019993,0.0024747857823967934,0.85,9.355392103316262e-05,0.002382800215855241,0.0027404846623539925
3,1,826,2021-03-26,51127,0.0023293672,0.0023127999156713486,0.865,1.2098259503545705e-05,0.0022995625622570515,0.002345087006688118
3,1,832,2021-03-26,53013,0.010879052,0.011244062334299088,0.115,0.00025122243096120656,0.010792764835059643,0.01182599551975727
3,1,834,2021-03-26,53021,0.0045874137,0.004717106930911541,0.035,0.00010021369234891608,0.004579734522849321,0.004965077619999647
3,1,846,2021-03-26,55039,0.0026527934,0.002636889461427927,0.79,1.5343932318501174e-05,0.002613493474200368,0.002682154532521963
3,1,849,2021-03-26,56005,0.0031856808,0.0035328450612723827,0.255,0.0006622358923777938,0.0030762222595512867,0.005967117380350828
3,1,856,2021-03-26,56021,0.00065777905,0.0008819578215479851,0.31,0.0005652062245644629,0.000570604344829917,0.003310620551928878
3,1,859,2021-03-26,56029,0.0042364146,0.007068943697959185,0.225,0.006353725213557482,0.0036815283820033073,0.029675018042325974
3,1,869,2021-12-11,04001,0.0065303044,0.007090662606060505,0.15,0.0006652718293480575,0.006367223337292671,0.00900081917643547
3,1,873,2021-12-11,04011,0.0011862683,0.001181343337520957,0.715,1.3697161193704233e-05,0.001153303892351687,0.0012133840937167406
3,1,876,2021-12-11,04019,0.005606888,0.0056077041663229465,0.115,9.717657576402416e-07,0.005606450606137514,0.005610338877886534
3,1,880,2021-12-11,05027,0.007158738,0.006906718481332064,0.905,0.00012801779666915536,0.006808992475271225,0.0074525680392980576
3,1,887,2021-12-11,05069,0.012707282,0.016048487275838852,0.0,0.001624615048058331,0.012821879237890244,0.01848757080733776
3,1,892,2021-12-11,05099,0.019683829,0.01988838240504265,0.17,0.00021042476873844862,0.019593311473727226,0.020321082323789597
3,1,895,2021-12-11,05147,0.038673107,0.04018067568540573,0.325,0.002618414117023349,0.03263895958662033,0.04360422492027283
3,1,898,2021-12-11,06007,0.020707842,0.019748156890273094,0.94,0.0012522605247795582,0.016059253364801407,0.020832328125834465
3,1,901,2021-12-11,06017,0.047269776,0.04438581317663193,0.615,0.00709865428507328,0.029784081503748894,0.052068937569856644
3,1,905,2021-12-11,06029,0.0018739846,0.0018799067474901676,0.37,5.507519017555751e-05,0.001866289065219462,0.002109082182869315
3,1,912,2021-12-11,06049,0.0027969554,0.003994082100689411,0.17,0.0017315148143097758,0.002609602175652981,0.010410072281956673
3,1,917,2021-12-11,06065,0.0020230736,0.002997678704559803,0.005,0.0012008610647171736,0.0019873843993991613,0.007147626485675573
3,1,924,2021-12-11,06091,0.05056619,0.03338530659675598,0.885,0.013944365084171295,0.018860794603824615,0.07499460875988007
3,1,933,2021-12-11,06113,0.0019192442,0.0028427273500710726,0.18,0.0018937857821583748,0.001689869211986661,0.010066614486277103
3,1,937,2021-12-11,08005,0.0025082154,0.002407615538686514,0.82,0.00011689781968016177,0.0020384779199957848,0.0025381550658494234
3,1,938,2021-12-11,08009,0.015446715,0.015536883845925331,0.24,0.00013353978283703327,0.015369119122624397,0.01592741720378399
3,1,939,2021-12-11,08013,0.012469591,0.012472101487219334,0.26,1.494353341513488e-06,0.012468336150050163,0.012472765520215034
3,1,941,2021-12-11,08015,0.0046448177,0.004924450069665909,0.325,0.0005889906315132976,0.0042619043961167336,0.0067617157474160194
3,1,958,2021-12-11,08069,0.008331113,0.008326257579028606,0.795,4.760176580020925e-06,0.008319475688040257,0.008337795734405518
3,1,963,2021-12-11,08081,0.0038203918,0.0038288570940494537,0.215,1.3020010555919725e-05,0.0038173231296241283,0.003874907735735178
3,1,966,2021-12-11,08093,0.11980894,0.1197509914636612,0.58,0.0003300921234767884,0.11871429532766342,0.12012812495231628
3,1,967,2021-12-11,08101,0.049130164,0.04880367964506149,0.82,0.0003645244869403541,0.04762812703847885,0.049217309802770615
3,1,968,2021-12-11,08105,0.005260869,0.005331713240593672,0.385,0.00026100469403900206,0.005054359324276447,0.006093289703130722
3,1,972,2021-12-11,08121,0.0062461505,0.005983991548418999,0.65,0.0005966667085886002,0.005406373646110296,0.00787025410681963
3,1,976,2021-12-11,13215,0.0017643512,0.0017806433606892824,0.38,3.973045022576116e-05,0.0017354489536955953,0.0018804144347086549
3,1,982,2021-12-11,16029,0.0063345516,0.006329112686216831,0.595,1.7404818208888173e-05,0.006293762940913439,0.006360319908708334
3,1,983,2021-12-11,16031,0.0009445446,0.001612563617527485,0.115,0.0010257938411086798,0.00085218227468431,0.006429977715015411
3,1,985,2021-12-11,16071,0.0047698505,0.005040934309363365,0.07,0.001136953942477703,0.0047663296572864056,0.011116928420960903
3,1,991,2021-12-11,17019,0.009585738,0.010531025007367134,0.3,0.0015736282803118229,0.00884319469332695,0.015706200152635574
3,1,1000,2021-12-11,17063,0.0122693805,0.015517039224505424,0.24,0.0062917680479586124,0.0110849067568779,0.03690456971526146
3,1,1007,2021-12-11,17091,0.013086723,0.014894887804985046,0.38,0.006816900335252285,0.011355743743479252,0.04333525523543358
3,1,1011,2021-12-11,17103,0.024645885,0.014967583119869232,0.805,0.007945913821458817,0.009967517107725143,0.042911238968372345
3,1,1013,2021-12-11,17107,0.006203784,0.008153202012181282,0.18,0.004018435254693031,0.005880908574908972,0.02546795643866062
3,1,1017,2021-12-11,17117,0.013869026,0.013709657825529575,0.79,0.0002512384671717882,0.01303081214427948,0.013923958875238895
3,1,1024,2021-12-11,17161,0.018584862,0.01631777361035347,0.645,0.005052502732723951,0.014295443892478943,0.035616856068372726
3,1,1034,2021-12-11,18003,0.012035916,0.017461154609918594,0.03,0.005154354497790337,0.011782302521169186,0.03284798935055733
3,1,1039,2021-12-11,18021,0.008545851,0.008428049273788929,0.505,0.0032227227929979563,0.005807628855109215,0.020050935447216034
3,1,1048,2021-12-11,18053,0.010197049,0.010504544712603092,0.41,0.002015715930610895,0.009828079491853714,0.019274119287729263
3,1,1055,2021-12-11,18087,0.022660486,0.01652868092060089,0.79,0.005344862584024668,0.011799462139606476,0.03322151303291321
3,1,1057,2021-12-11,18095,0.0101091815,0.012270466424524784,0.16,0.0029028221033513546,0.009621134959161282,0.021621787920594215
3,1,1058,2021-12-11,18097,0.0059174434,0.009481740184128284,0.005,0.003020178060978651,0.005882161669433117,0.01867513172328472
3,1,1068,2021-12-11,18131,0.015955212,0.015305936336517334,0.535,0.006425750441849232,0.010286175645887852,0.03673868253827095
3,1,1075,2021-12-11,18169,0.0126913255,0.015315509401261806,0.25,0.003909653052687645,0.011248525232076645,0.027548089623451233
3,1,1077,2021-12-11,18177,0.015459196,0.017706703394651413,0.28,0.0032589209731668234,0.014401658438146114,0.028850160539150238
3,1,1082,2021-12-11,19003,0.023246167,0.023370783776044846,0.03,0.0009045836050063372,0.023243648931384087,0.028080984950065613
3,1,1089,2021-12-11,19017,0.027707776,0.024759436026215553,0.65,0.0064974259585142136,0.01875975914299488,0.04421372711658478
3,1,1104,2021-12-11,19047,0.016691571,0.01677485927939415,0.49,0.003330513136461377,0.013137836940586567,0.02613857202231884
3,1,1105,2021-12-11,19049,0.027491564,0.024899326264858246,0.6,0.007508581504225731,0.018830306828022003,0.0491686649620533
3,1,1110,2021-12-11,19059,0.005949401,0.007481271866708994,0.32,0.004454926587641239,0.004511513281613588,0.023692166432738304
3,1,1111,2021-12-11,19061,0.026442012,0.025899812579154968,0.535,0.006307548377662897,0.02059748023748398,0.04461345449090004
3,1,1117,2021-12-11,19075,0.02873955,0.02210075780749321,0.885,0.004122952930629253,0.020100755617022514,0.036788471043109894
3,1,1127,2021-12-11,19099,0.035682943,0.033508285880088806,0.66,0.0029641410801559687,0.02902248688042164,0.037617769092321396
3,1,1128,2021-12-11,19101,0.019996388,0.01984325423836708,0.68,0.001976707950234413,0.019510094076395035,0.02897346392273903
3,1,1133,2021-12-11,19113,0.02152398,0.022050391882658005,0.45,0.00553582888096571,0.018176168203353882,0.04196973145008087
3,1,1135,2021-12-11,19117,0.02529855,0.02512664720416069,0.58,0.0015703816898167133,0.02497941441833973,0.03470715507864952
3,1,1136,2021-12-11,19119,0.007880403,0.005215929821133614,0.765,0.0027097316924482584,0.003379361005499959,0.014872055500745773
3,1,1140,2021-12-11,19127,0.041317247,0.0274006649851799,0.875,0.008667034097015858,0.020685499534010887,0.056752629578113556
3,1,1142,2021-12-11,19131,0.06894606,0.07992835342884064,0.07,0.006032546516507864,0.06417841464281082,0.08702393621206284
3,1,1152,2021-12-11,19153,0.019340426,0.02470967546105385,0.105,0.007281738333404064,0.018757866695523262,0.04785642400383949
3,1,1155,2021-12-11,19159,0.029856123,0.028746262192726135,0.64,0.002134498208761215,0.024164389818906784,0.031367357820272446
3,1,1157,2021-12-11,19163,0.017284108,0.02004549279808998,0.25,0.005216462071985006,0.016724051907658577,0.039107002317905426
3,1,1163,2021-12-11,19175,0.025554046,0.02506093680858612,0.555,0.003328965976834297,0.02233077958226204,0.03626623377203941
3,1,1165,2021-12-11,19179,0.019432267,0.020194917917251587,0.055,0.0010931759607046843,0.019390875473618507,0.02712387405335903
3,1,1180,2021-12-11,20013,0.045610156,0.049393557012081146,0.055,0.0017728261882439256,0.04364456981420517,0.05113717541098595
3,1,1181,2021-12-11,20015,0.010238722,0.008162791840732098,0.92,0.0010013271821662784,0.00727724889293313,0.011064928025007248
3,1,1182,2021-12-11,20017,0.10089042,0.10127821564674377,0.38,0.001130914781242609,0.09814039617776871,0.10254769027233124
3,1,1184,2021-12-11,20027,0.02113165,0.016189994290471077,0.845,0.0034588982816785574,0.012976893223822117,0.026669640094041824
3,1,1191,2021-12-11,20051,0.09025959,0.09107960760593414,0.22,0.0006761932163499296,0.0888163223862648,0.09152345359325409
3,1,1192,2021-12-11,20053,0.021836715,0.021759238094091415,0.53,0.0009962526382878423,0.020963769406080246,0.024980662390589714
3,1,1197,2021-12-11,20065,0.107576534,0.10844101011753082,0.055,0.00038522190880030394,0.10713239014148712,0.10877744853496552
3,1,1202,2021-12-11,20079,0.013221662,0.014113378711044788,0.29,0.0014300573384389281,0.01259253267198801,0.018124043941497803
3,1,1205,2021-12-11,20087,0.033419352,0.03308185189962387,0.52,0.001758236438035965,0.027479160577058792,0.034847140312194824
3,1,1209,2021-12-11,20103,0.008368498,0.006980673409998417,0.78,0.0011751939309760928,0.006653979886323214,0.01123724039644003
3,1,1219,2021-12-11,20127,0.043350138,0.04542776197195053,0.22,0.001831571920774877,0.040017444640398026,0.04699530079960823
3,1,1238,2021-12-11,20171,0.053334326,0.05366511642932892,0.195,0.0003084719064645469,0.052534863352775574,0.05396311730146408
3,1,1243,2021-12-11,20181,0.011403798,0.010734319686889648,0.955,0.00030139574664644897,0.010470502078533173,0.011809972114861012
3,1,1249,2021-12-11,20197,0.14117414,0.14394155144691467,0.015,0.0010679129045456648,0.13999304175376892,0.14499391615390778
3,1,1250,2021-12-11,20199,0.023720575,0.025119323283433914,0.02,0.0005416540079750121,0.023400451987981796,0.025722164660692215
3,1,1252,2021-12-11,20203,0.14693204,0.1480228751897812,0.025,0.0004119249642826617,0.14669561386108398,0.14846262335777283
3,1,1254,2021-12-11,20209,0.014708626,0.012995129451155663,0.975,0.0013525685062631965,0.010550936684012413,0.014776169322431087
3,1,1256,2021-12-11,21011,0.007770082,0.005910886451601982,0.715,0.0027774127665907145,0.003756979713216424,0.01612658053636551
3,1,1257,2021-12-11,21021,0.012307851,0.01259907428175211,0.405,0.001238472992554307,0.010531681589782238,0.014353551901876926
3,1,1267,2021-12-11,21079,0.003987342,0.004706757143139839,0.05,0.0006744008278474212,0.003907371312379837,0.007274507079273462
3,1,1274,2021-12-11,21129,0.0051202904,0.004745396785438061,0.59,0.0016428583767265081,0.00325211463496089,0.009622815996408463
3,1,1283,2021-12-11,21165,0.05332499,0.05343028903007507,0.42,0.0004691928334068507,0.05231144651770592,0.05400456488132477
3,1,1293,2021-12-11,21205,0.0043225936,0.0040800380520522594,0.53,0.002459500217810273,0.002174904802814126,0.012519579380750656
3,1,1299,2021-12-11,21231,0.0063246046,0.0063664261251688,0.39,0.0001543618564028293,0.006196933798491955,0.006668735295534134
3,1,1305,2021-12-11,23003,0.007139183,0.004865166265517473,0.86,0.0019626026041805744,0.00406981073319912,0.014645028859376907
3,1,1311,2021-12-11,25021,0.008588695,0.009414376690983772,0.38,0.003314005443826318,0.007090198341757059,0.025400865823030472
3,1,1318,2021-12-11,26009,0.13947299,0.14859136939048767,0.315,0.01618816703557968,0.11474108695983887,0.1705889105796814
3,1,1324,2021-12-11,26027,0.09746931,0.10315055400133133,0.155,0.004262788221240044,0.08988659083843231,0.10757094621658325
3,1,1325,2021-12-11,26029,0.06177932,0.06879261136054993,0.31,0.013292373158037663,0.046480901539325714,0.08972439914941788
3,1,1328,2021-12-11,26039,0.038001698,0.047497786581516266,0.365,0.013527843169867992,0.029538851231336594,0.06741439551115036
3,1,1330,2021-12-11,26043,0.015495079,0.021573025733232498,0.08,0.003402798669412732,0.014977997168898582,0.025259889662265778
3,1,1334,2021-12-11,26053,0.03013734,0.03240591287612915,0.38,0.00443190336227417,0.026604868471622467,0.0392344668507576
3,1,1335,2021-12-11,26055,0.026696054,0.021224264055490494,0.805,0.008801345713436604,0.012530464679002762,0.053490664809942245
3,1,1336,2021-12-11,26059,0.02473269,0.012800289317965508,0.945,0.005991124548017979,0.006501251365989447,0.031903717666864395
3,1,1350,2021-12-11,26093,0.02406487,0.02365446835756302,0.525,0.00436275964602828,0.013990017585456371,0.027610138058662415
3,1,1351,2021-12-11,26097,0.086035945,0.09181028604507446,0.26,0.007062578108161688,0.07128773629665375,0.09810935705900192
3,1,1361,2021-12-11,26121,0.007086481,0.010432139970362186,0.235,0.01478911004960537,0.006260858848690987,0.07048003375530243
3,1,1368,2021-12-11,26139,0.0070262062,0.013863804750144482,0.12,0.013870599679648876,0.006849776953458786,0.06814401596784592
3,1,1370,2021-12-11,26143,0.22106306,0.25256043672561646,0.085,0.013199973851442337,0.20942385494709015,0.25895053148269653
3,1,1382,2021-12-11,27015,0.017144846,0.00855750311166048,0.92,0.0043918960727751255,0.004963450133800507,0.022429687902331352
3,1,1389,2021-12-11,27043,0.019877492,0.013461925089359283,0.82,0.0048788744024932384,0.008113712072372437,0.027262602001428604
3,1,1396,2021-12-11,27067,0.0032885452,0.003764792112633586,0.115,0.0021301577799022198,0.0032716875430196524,0.014096098020672798
3,1,1399,2021-12-11,27083,0.005476968,0.005687755532562733,0.45,0.003275669179856777,0.0030975472182035446,0.01636691577732563
3,1,1405,2021-12-11,27105,0.00349293,0.004929769784212112,0.19,0.003080823225900531,0.002868811134248972,0.015571476891636848
3,1,1411,2021-12-11,27131,0.010041458,0.012596509419381618,0.31,0.00612135324627161,0.006996398326009512,0.031704436987638474
3,1,1414,2021-12-11,27141,0.0037573348,0.00883200578391552,0.125,0.00837800744920969,0.003240707330405712,0.03783838078379631
3,1,1420,2021-12-11,27165,0.011547807,0.010020395740866661,0.63,0.004373685456812382,0.006135177332907915,0.024695338681340218
3,1,1423,2021-12-11,27173,0.012739095,0.005320481490343809,0.94,0.0030781410168856382,0.002766851568594575,0.016357311978936195
3,1,1429,2021-12-11,29019,0.005104429,0.005117654334753752,0.495,0.0010769389336928725,0.004131590016186237,0.008997869677841663
3,1,1438,2021-12-11,29049,0.016090494,0.013117154128849506,0.92,0.0013961278600618243,0.01226126216351986,0.019269002601504326
3,1,1441,2021-12-11,29063,0.01582466,0.018990717828273773,0.155,0.0022928863763809204,0.013109234161674976,0.021363401785492897
3,1,1442,2021-12-11,29065,0.0026379856,0.0022805319167673588,0.935,0.00018504803301766515,0.0020755433943122625,0.002867121482267976
3,1,1446,2021-12-11,29073,0.0073084827,0.007218523882329464,0.84,0.00010284184099873528,0.007137507200241089,0.007756915409117937
3,1,1466,2021-12-11,29155,0.15621167,0.15611454844474792,0.515,0.0020865341648459435,0.15008266270160675,0.15838102996349335
3,1,1470,2021-12-11,29165,0.012648621,0.012315597385168076,0.79,0.00036138060386292636,0.01181224174797535,0.013602692633867264
3,1,1472,2021-12-11,29169,0.0023670252,0.002201163675636053,0.805,0.00015258872008416802,0.002008196897804737,0.0026394398882985115
3,1,1473,2021-12-11,29171,0.028342452,0.021842464804649353,0.915,0.0033164627384394407,0.019617585465312004,0.034432150423526764
3,1,1474,2021-12-11,29173,0.007986366,0.0068119284696877,0.7,0.0017034361371770501,0.005348308943212032,0.012285900302231312
3,1,1475,2021-12-11,29175,0.0069625126,0.006451711058616638,0.71,0.0009514657431282103,0.005615235771983862,0.010201537050306797
3,1,1477,2021-12-11,29179,0.012508975,0.012577662244439125,0.115,5.197170321480371e-05,0.012446724809706211,0.012654786929488182
3,1,1484,2021-12-11,29215,0.0058700433,0.005715172737836838,0.975,4.724917744169943e-05,0.005691399332135916,0.005906061735004187
3,1,1491,2021-12-11,30097,0.0005385077,0.0005368683487176895,0.925,8.833440006128512e-07,0.0005355861503630877,0.0005386886186897755
3,1,1496,2021-12-11,32023,0.0016066007,0.0016220821999013424,0.15,3.63532017217949e-05,0.0016040347982198,0.0017832161393016577
3,1,1499,2021-12-11,35003,0.0045124916,0.004563252441585064,0.405,0.00026158898253925145,0.004304063972085714,0.005319494288414717
3,1,1500,2021-12-11,35005,0.00087173196,0.0008650778327137232,0.985,3.5317957554070745e-06,0.0008600177825428545,0.0008718407480046153
3,1,1503,2021-12-11,35015,0.0013667084,0.0013556700432673097,1.0,5.049997525929939e-06,0.0013496966566890478,0.0013666537124663591
3,1,1506,2021-12-11,35027,0.004228657,0.004087843932211399,0.955,0.0001162901462521404,0.0038700143340975046,0.004237079992890358
3,1,1508,2021-12-11,35029,0.0050126053,0.00501251919195056,0.865,8.737725920582307e-08,0.005012324545532465,0.0050127566792070866
3,1,1521,2021-12-11,36003,0.01170507,0.010289164260029793,0.61,0.005385624244809151,0.00574740394949913,0.027812862768769264
3,1,1524,2021-12-11,36013,0.024998762,0.019089821726083755,0.75,0.0074216038919985294,0.01150865200906992,0.042147841304540634
3,1,1527,2021-12-11,36027,0.005419931,0.005463463719934225,0.475,0.003582274541258812,0.004740975797176361,0.024382751435041428
3,1,1528,2021-12-11,36029,0.009417459,0.01246645674109459,0.215,0.006771609652787447,0.00920671783387661,0.03986622020602226
3,1,1534,2021-12-11,36041,0.24642818,0.2590074837207794,0.17,0.009198515675961971,0.22762444615364075,0.26670458912849426
3,1,1542,2021-12-11,36059,0.0037498854,0.004951743874698877,0.135,0.0015957632567733526,0.0035791858099400997,0.01042067538946867
3,1,1554,2021-12-11,36097,0.025455007,0.025565382093191147,0.11,0.0008871509926393628,0.025436824187636375,0.030841529369354248
3,1,1558,2021-12-11,36113,0.011706585,0.008358381688594818,0.685,0.010267672128975391,0.0045367516577243805,0.05148255079984665
3,1,1559,2021-12-11,36115,0.006068345,0.005427906289696693,0.55,0.006459549069404602,0.003445529844611883,0.03600454702973366
3,1,1565,2021-12-11,37067,0.002549449,0.0025637373328208923,0.28,0.0001494893804192543,0.0025413662660866976,0.0034261178225278854
3,1,1569,2021-12-11,37159,0.0019705142,0.001805194653570652,0.81,0.00013461237540468574,0.0017433618195354939,0.002501443028450012
3,1,1572,2021-12-11,39015,0.005042323,0.0057984888553619385,0.44,0.003729217918589711,0.0030420213006436825,0.01761425845324993
3,1,1575,2021-12-11,39037,0.014724953,0.01775442436337471,0.2,0.00376033503562212,0.013531814329326153,0.029505180194973946
3,1,1576,2021-12-11,39039,0.01484077,0.017836712300777435,0.32,0.005919475574046373,0.011209672316908836,0.035930536687374115
3,1,1581,2021-12-11,39055,0.009134256,0.011348887346684933,0.12,0.0024408551398664713,0.00873920414596796,0.02171376720070839
3,1,1586,2021-12-11,39089,0.011546084,0.01245204545557499,0.445,0.0066859545186161995,0.006580615881830454,0.034187328070402145
3,1,1601,2021-12-11,39157,0.009135397,0.008696482516825199,0.54,0.004678547382354736,0.006681846454739571,0.025960365310311317
3,1,1602,2021-12-11,39161,0.018775964,0.022496335208415985,0.285,0.005178729072213173,0.015776703134179115,0.03612872213125229
3,1,1608,2021-12-11,40043,0.011675999,0.012170515023171902,0.24,0.000798232271336019,0.011397934518754482,0.014672880060970783
3,1,1611,2021-12-11,40071,0.009883405,0.010573061183094978,0.26,0.001191154238767922,0.009412067010998726,0.014510086737573147
3,1,1616,2021-12-11,40139,0.013114446,0.013117827475070953,0.44,2.2966241886024363e-05,0.01309235766530037,0.01318864244967699
3,1,1619,2021-12-11,41011,0.01122203,0.011525471694767475,0.475,0.003331462386995554,0.007938574068248272,0.021985499188303947
3,1,1623,2021-12-11,42003,0.0039105956,0.00617617554962635,0.1,0.003639684524387121,0.0036784892436116934,0.021107135340571404
3,1,1629,2021-12-11,44003,0.016598646,0.015012422576546669,0.595,0.011600933037698269,0.008131567388772964,0.06566361337900162
3,1,1630,2021-12-11,44007,0.013951246,0.014084386639297009,0.5,0.009979598224163055,0.0071831620298326015,0.050510138273239136
3,1,1646,2021-12-11,46035,0.004774122,0.00469914311543107,0.905,4.041276406496763e-05,0.004644257016479969,0.004833760671317577
3,1,1652,2021-12-11,46047,0.0005636678,0.0005593094974756241,0.755,3.6696644656331046e-06,0.0005550720961764455,0.000568713468965143
3,1,1655,2021-12-11,46053,0.0060502538,0.005785683169960976,0.975,9.075574780581519e-05,0.005660816561430693,0.006148285698145628
3,1,1659,2021-12-11,46061,0.0027274098,0.0027233497239649296,0.53,4.56546331406571e-05,0.0026863152161240578,0.002878311788663268
3,1,1660,2021-12-11,46063,0.0019345356,0.0019393321126699448,0.4,1.2700429579126649e-05,0.0019269116455689073,0.001984184607863426
3,1,1661,2021-12-11,46065,0.001308131,0.0013180538080632687,0.1,1.2045406947436277e-05,0.001306422520428896,0.001357171917334199
3,1,1673,2021-12-11,46089,0.0010736221,0.0010943396482616663,0.14,2.0984021830372512e-05,0.0010684970766305923,0.0011523314751684666
3,1,1674,2021-12-11,46091,0.0025239112,0.002415318973362446,0.635,0.00032253676909022033,0.002151159103959799,0.003507319837808609
3,1,1679,2021-12-11,46101,0.0037667705,0.002758215880021453,0.715,0.001551574794575572,0.0018170835683122277,0.008525644429028034
3,1,1686,2021-12-11,46119,0.0008402535,0.0008451417088508606,0.355,9.475254046265036e-06,0.0008351021097041667,0.000874334538821131
3,1,1692,2021-12-11,46137,0.0010294621,0.0010421969927847385,0.285,1.7508100427221507e-05,0.0010197832016274333,0.0010967968264594674
3,1,1697,2021-12-11,47037,0.054545082,0.053700000047683716,0.785,0.0010243725264444947,0.05075598880648613,0.05482424423098564
3,1,1698,2021-12-11,47043,0.008444632,0.0071015739813447,0.83,0.0010791384847834706,0.0056680357083678246,0.010058989748358727
3,1,1700,2021-12-11,47047,0.011170708,0.011070734821259975,0.525,0.0015879319980740547,0.008960532955825329,0.015466337092220783
3,1,1701,2021-12-11,47051,0.0031635258,0.0030896738171577454,0.605,0.00024501056759618223,0.002924721920862794,0.0038763845805078745
3,1,1704,2021-12-11,47061,0.0049567535,0.004906292073428631,0.565,0.0002745308156590909,0.004648018628358841,0.005808423738926649
3,1,1713,2021-12-11,47095,0.031562336,0.03416398912668228,0.17,0.002176436362788081,0.02882038801908493,0.0370805449783802
3,1,1715,2021-12-11,47107,0.0038074586,0.0038279611617326736,0.045,0.00011459873348940164,0.0038061346858739853,0.004511031787842512
3,1,1726,2021-12-11,47151,0.0041432627,0.003991205245256424,0.575,0.0006651962175965309,0.003418143605813384,0.006072310730814934
3,1,1728,2021-12-11,47157,0.014312544,0.013184549286961555,0.93,0.0006683713290840387,0.012317048385739326,0.014470648020505905
3,1,1736,2021-12-11,48065,0.027759915,0.02776423469185829,0.38,1.5088577129063196e-05,0.027749191969633102,0.027816252782940865
3,1,1738,2021-12-11,48109,0.0011593185,0.0011569616617634892,0.965,9.682341897132574e-07,0.0011554320808500051,0.0011594867100939155
3,1,1740,2021-12-11,48117,0.0073720682,0.0072470735758543015,0.755,0.00012843670265283436,0.0070883589796721935,0.007616023067384958
3,1,1742,2021-12-11,48195,0.009118837,0.009141912683844566,0.41,8.536636596545577e-05,0.00901646539568901,0.009370922110974789
3,1,1750,2021-12-11,48369,0.0044257124,0.00437174690887332,0.84,4.674326555687003e-05,0.004298859275877476,0.004524356219917536
3,1,1762,2021-12-11,49035,0.0020106796,0.0018961606547236443,0.985,0.00011958455434069037,0.0015772192273288965,0.002012428594753146
3,1,1763,2021-12-11,49045,0.00834397,0.008296280167996883,0.805,4.485992030822672e-05,0.008226053789258003,0.008416932076215744
3,1,1768,2021-12-11,50005,0.0060782735,0.0054876357316970825,0.585,0.003699692664667964,0.003133268328383565,0.02116832323372364
3,1,1769,2021-12-11,50007,0.0044492786,0.0048402948305010796,0.395,0.0031705882865935564,0.004275484476238489,0.019759634509682655
3,1,1777,2021-12-11,50023,0.008449635,0.008396558463573456,0.52,0.005315836984664202,0.0061423336155712605,0.030301248654723167
3,1,1785,2021-12-11,53021,0.0013442885,0.001535753719508648,0.065,0.00022417621221393347,0.001332655898295343,0.0021560508757829666
3,1,1787,2021-12-11,53073,0.042151514,0.043131209909915924,0.43,0.006569380406290293,0.034198060631752014,0.057333651930093765
3,1,1791,2021-12-11,54075,0.004756869,0.004009939730167389,0.595,0.002330292481929064,0.002299151150509715,0.013852068223059177
3,1,1796,2021-12-11,55017,0.014673629,0.027091603726148605,0.05,0.005200962536036968,0.011275693774223328,0.03129664435982704
3,1,1799,2021-12-11,55023,0.019773083,0.01963687315583229,0.52,0.005500428378582001,0.013365145772695541,0.03682023659348488
3,1,1805,2021-12-11,55039,0.022083333,0.024652522057294846,0.295,0.006278507877141237,0.021030277013778687,0.047977264970541
3,1,1806,2021-12-11,55043,0.02733344,0.022809982299804688,0.72,0.006696028634905815,0.016923189163208008,0.04211067035794258
3,1,1807,2021-12-11,55045,0.01584187,0.01797345280647278,0.295,0.005452374462038279,0.015140279196202755,0.03791016340255737
3,1,1818,2021-12-11,55075,0.041143626,0.04099535942077637,0.555,0.0005201630410738289,0.04030928760766983,0.04194662719964981
3,1,1824,2021-12-11,55089,0.024239378,0.01907336711883545,0.8,0.004358820617198944,0.013302560895681381,0.02941564843058586
3,1,1827,2021-12-11,55097,0.019770904,0.014453083276748657,0.985,0.0013268499169498682,0.014248056337237358,0.020537085831165314
3,1,1835,2021-12-11,55123,0.02423521,0.023996204137802124,0.51,0.004389492329210043,0.01977173052728176,0.03655245527625084
3,1,1836,2021-12-11,55125,0.24682602,0.2965240478515625,0.01,0.016170106828212738,0.24489974975585938,0.3078370690345764
3,1,1839,2021-12-11,55133,0.01607318,0.012419533915817738,0.965,0.002937269862741232,0.00787915475666523,0.01889030821621418
3,1,1844,2021-12-11,56005,0.0031867824,0.0031894370913505554,0.33,5.859592056367546e-05,0.0031791094224900007,0.00355424708686769
3,1,1849,2021-12-11,56021,0.008309839,0.008253476582467556,0.99,3.1380557629745454e-05,0.008212785236537457,0.00831209309399128
3,1,1851,2021-12-11,56029,0.0004094194,0.00041600363329052925,0.225,8.045176400628407e-06,0.0004059515194967389,0.00043860782170668244
3,1,1857,2022-06-08,01023,0.0032206574,0.00321961916051805,0.94,5.301898795551097e-07,0.003218958619982004,0.0032211518846452236
3,1,1859,2022-06-08,01045,0.0037004685,0.00365756475366652,0.62,8.869294833857566e-05,0.0035235597752034664,0.003858721349388361
3,1,1866,2022-06-08,05011,0.057477206,0.057469528168439865,0.9,5.258565579424612e-06,0.05745987966656685,0.057481490075588226
3,1,1873,2022-06-08,05149,0.055609915,0.05561244487762451,0.175,3.004562813657685e-06,0.055607087910175323,0.05561842769384384
3,1,1875,2022-06-08,06017,0.010526649,0.010490769520401955,0.715,3.5679364373208955e-05,0.010430057533085346,0.01055094413459301
3,1,1876,2022-06-08,06029,0.0059996243,0.0060005998238921165,0.015,6.375658472279611e-07,0.005999565124511719,0.006001951638609171
3,1,1882,2022-06-08,06091,0.010114571,0.010250067338347435,0.43,0.0004641963168978691,0.009557978250086308,0.011321645230054855
3,1,1884,2022-06-08,08009,0.0047681234,0.0048536984249949455,0.27,0.00012586591765284538,0.004698586650192738,0.005195711273699999
3,1,1890,2022-06-08,08101,0.008482662,0.00848379172384739,0.11,8.731472576073429e-07,0.00848223827779293,0.008486023172736168
3,1,1894,2022-06-08,12031,0.0026255804,0.0026467652060091496,0.4,6.081937317503616e-05,0.0025789844803512096,0.0028116810135543346
3,1,1903,2022-06-08,13229,0.0023061102,0.002288262126967311,0.815,1.874133522505872e-05,0.0022601154632866383,0.00233072810806334
3,1,1905,2022-06-08,16039,0.010151514,0.010151786729693413,0.285,7.072572998367832e-07,0.010150310583412647,0.010153822600841522
3,1,1906,2022-06-08,17019,0.0019618403,0.0019741677679121494,0.205,1.476127090427326e-05,0.0019597255159169436,0.0020178586710244417
3,1,1913,2022-06-08,17117,0.0037428096,0.0037757756654173136,0.195,3.511819159029983e-05,0.003730861935764551,0.003867899300530553
3,1,1922,2022-06-08,18095,0.0016454147,0.0016513098962605,0.285,1.0512295375519898e-05,0.0016433054115623236,0.0016827237559482455
3,1,1925,2022-06-08,18177,0.0035159537,0.003548387670889497,0.23,2.9786386221530847e-05,0.003505757777020335,0.003609849140048027
3,1,1931,2022-06-08,19163,0.0046438733,0.004665326792746782,0.065,2.762156873359345e-05,0.004636826459318399,0.0047617764212191105
3,1,1933,2022-06-08,19175,0.031457502,0.03146839514374733,0.355,2.680972102098167e-05,0.031437527388334274,0.03153955936431885
3,1,1934,2022-06-08,21015,0.0051751453,0.0051623499020934105,0.625,2.3165046513895504e-05,0.005116159562021494,0.005194040015339851
3,1,1938,2022-06-08,21117,0.012403575,0.012408358976244926,0.465,1.8894772438216023e-05,0.012375391088426113,0.012432781048119068
3,1,1941,2022-06-08,22051,0.0058288816,0.005849320441484451,0.2,1.894702472782228e-05,0.005817587021738291,0.005894497502595186
3,1,1945,2022-06-08,23025,0.0029151132,0.0027350070886313915,0.825,0.00016438848979305476,0.002557837637141347,0.0032376351300626993
3,1,1949,2022-06-08,24017,0.0029419223,0.0029398836195468903,0.735,3.3001715564751066e-06,0.0029345867224037647,0.0029474038165062666
3,1,1952,2022-06-08,24031,0.00146733,0.0014480709796771407,0.995,1.0687752364901826e-05,0.0014228798681870103,0.00146763795055449
3,1,1955,2022-06-08,26027,0.0030503096,0.003046405501663685,0.845,3.4506949759816052e-06,0.0030415267683565617,0.0030540991574525833
3,1,1961,2022-06-08,28021,0.010071156,0.010064790025353432,0.91,4.763637662108522e-06,0.0100553585216403,0.010076035745441914
3,1,1969,2022-06-08,28089,0.007710614,0.007702305912971497,0.885,6.916944130352931e-06,0.007689547725021839,0.007715274579823017
3,1,1975,2022-06-08,28149,0.008769742,0.008766530081629753,0.905,1.784402115845296e-06,0.008764180354773998,0.008771330118179321
3,1,1980,2022-06-08,29015,0.0027986993,0.0027987798675894737,0.46,1.5319322983486927e-06,0.0027956957928836346,0.0028037354350090027
3,1,1981,2022-06-08,29019,0.0030587136,0.003053995780646801,0.51,0.00010932706209132448,0.00293699000030756,0.0033946314360946417
3,1,1984,2022-06-08,29049,0.003697972,0.003693528939038515,0.52,1.5746805729577318e-05,0.0036685517989099026,0.0037433181423693895
3,1,1997,2022-06-08,29165,0.024992188,0.024989385157823563,0.57,1.8234164599562064e-05,0.024944620206952095,0.025020133703947067
3,1,2005,2022-06-08,32005,0.010904713,0.011499391868710518,0.065,0.00040302128763869405,0.010850757360458374,0.012425316497683525
3,1,2009,2022-06-08,32015,0.0107183885,0.010737817734479904,0.055,2.192850297433324e-05,0.010716567747294903,0.010807252489030361
3,1,2016,2022-06-08,34007,0.0039671087,0.00397466029971838,0.485,0.0002053642674582079,0.003658824134618044,0.004466688726097345
3,1,2021,2022-06-08,35003,0.00030742201,0.0003017863491550088,0.98,3.5150542316841893e-06,0.00029494904447346926,0.0003089880046900362
3,1,2033,2022-06-08,37049,0.0028179768,0.0028031840920448303,0.725,2.4886194296414033e-05,0.0027656336314976215,0.002860413631424308
3,1,2036,2022-06-08,37061,0.0025750552,0.002527780132368207,0.825,4.49287545052357e-05,0.00246250769123435,0.0026239624712616205
3,1,2039,2022-06-08,37119,0.0011617822,0.0011658093426376581,0.435,6.341565040202113e-06,0.0011578327976167202,0.0011789642740041018
3,1,2046,2022-06-08,37153,0.0016975995,0.0016843178309500217,0.695,2.2004249331075698e-05,0.0016554832691326737,0.0017321091145277023
3,1,2049,2022-06-08,39009,0.033441793,0.03344779834151268,0.295,1.161607178801205e-05,0.03340752050280571,0.033469345420598984
3,1,2051,2022-06-08,39015,0.01307421,0.013084553182125092,0.38,1.3439113899949007e-05,0.013053757138550282,0.01309843547642231
3,1,2058,2022-06-08,39037,0.0010524229,0.0010564826661720872,0.385,9.037193194672e-06,0.0010371971875429153,0.0010698925470933318
3,1,2066,2022-06-08,39073,0.015650524,0.015657607465982437,0.205,9.02371175470762e-06,0.015635205432772636,0.015679044649004936
3,1,2067,2022-06-08,39083,0.0022396916,0.0022406685166060925,0.455,5.900403266423382e-06,0.0022261550184339285,0.002251954982057214
3,1,2091,2022-06-08,40071,0.0021338998,0.0021278727799654007,0.635,1.492096998845227e-05,0.0020914538763463497,0.0021473693195730448
3,1,2092,2022-06-08,40081,0.05795465,0.05801067873835564,0.16,3.787943933275528e-05,0.05788057669997215,0.05805668979883194
3,1,2093,2022-06-08,40097,0.0038710707,0.003883474040776491,0.095,7.807918336766306e-06,0.003863612422719598,0.003895963542163372
3,1,2094,2022-06-08,40103,0.013532062,0.013523571193218231,0.84,7.941146577650215e-06,0.013508830219507217,0.013539174571633339
3,1,2099,2022-06-08,40131,0.004060704,0.004056904930621386,0.735,7.35567846277263e-06,0.004034645389765501,0.004065309651196003
3,1,2101,2022-06-08,40139,0.0036457498,0.0036383443512022495,0.53,6.562897760886699e-05,0.003568690735846758,0.0038321109022945166
3,1,2106,2022-06-08,42007,0.0020133222,0.002005416201427579,0.91,7.526280569436494e-06,0.0019847566727548838,0.0020190649665892124
3,1,2113,2022-06-08,45053,0.0020875225,0.0020724372006952763,0.97,7.220955467346357e-06,0.0020651358645409346,0.0020950245670974255
3,1,2115,2022-06-08,45079,0.0017868137,0.0017790982965379953,0.6,2.98054965242045e-05,0.001732192700728774,0.0018476116238161922
3,1,2124,2022-06-08,46035,0.004442191,0.004435929469764233,0.8,8.034616257646121e-06,0.004418114200234413,0.004459764342755079
3,1,2128,2022-06-08,46053,0.0021603806,0.0021478531416505575,0.9,1.0454342373122927e-05,0.0021279442589730024,0.0021694006863981485
3,1,2131,2022-06-08,46063,0.031093827,0.03112420067191124,0.29,3.76573734683916e-05,0.03102818876504898,0.031176768243312836
3,1,2132,2022-06-08,46065,0.0037363756,0.0037314342334866524,0.62,2.099292578350287e-05,0.003679733956232667,0.0038053570315241814
3,1,2148,2022-06-08,46119,0.0039748996,0.003996463492512703,0.215,2.4272074369946495e-05,0.003921810071915388,0.0040704356506466866
3,1,2154,2022-06-08,48065,0.04366645,0.04366946965456009,0.31,4.223773430567235e-06,0.04366247355937958,0.04367879778146744
3,1,2157,2022-06-08,48087,0.0031170296,0.003092893399298191,0.78,2.4199156541726552e-05,0.0030440292321145535,0.0031352501828223467
3,1,2161,2022-06-08,48117,0.0077866516,0.007784824352711439,0.87,1.5312418781832093e-06,0.007781769149005413,0.007788695860654116
3,1,2162,2022-06-08,48125,0.0025887198,0.0025851752143353224,0.94,2.738119292189367e-06,0.002578925574198365,0.002590027404949069
3,1,2168,2022-06-08,48195,0.14868385,0.14868366718292236,0.515,8.384573447983712e-06,0.1486635059118271,0.1487019956111908
3,1,2175,2022-06-08,48303,0.0022316186,0.0022055725567042828,0.8,2.1292755263857543e-05,0.002170125488191843,0.002240933710709214
3,1,2188,2022-06-08,51003,0.0026899064,0.002679703989997506,0.655,2.3847733245929703e-05,0.002640961203724146,0.002731067594140768
3,1,2190,2022-06-08,51015,0.0020481078,0.002032159361988306,0.625,5.9052585129393265e-05,0.001943168113939464,0.0021744025871157646
3,1,2192,2022-06-08,51047,0.0018512779,0.0018443360459059477,0.85,8.220940799219534e-06,0.0018275176407769322,0.0018602715572342277
3,1,2204,2022-06-08,51127,0.013692545,0.013690415769815445,0.775,2.4644052700750763e-06,0.013686643913388252,0.013696311973035336
3,1,2207,2022-06-08,51149,0.0015181861,0.0014906846918165684,0.845,2.3592674551764503e-05,0.0014541776617988944,0.0015515056438744068
3,1,2209,2022-06-08,51157,0.0031226552,0.003104220377281308,0.67,3.647853009169921e-05,0.0030480811838060617,0.003179850522428751
3,1,2223,2022-06-08,54053,0.0023567916,0.0023609893396496773,0.45,2.3882186724222265e-05,0.0023065898567438126,0.0024109387304633856
3,1,2229,2022-06-08,54091,0.048921082,0.048924319446086884,0.485,4.728766725747846e-05,0.048823174089193344,0.04899589717388153
3,1,2232,2022-06-08,54107,0.006396882,0.006402971222996712,0.295,1.0791851309477352e-05,0.006380158476531506,0.006432508584111929
3,1,2236,2022-06-08,55133,0.0048682475,0.004862845875322819,0.675,9.803733519220259e-06,0.004838946741074324,0.004884339869022369
3,1,2237,2022-06-08,56005,0.0016163985,0.0016140355728566647,0.845,1.4093399158809916e-06,0.0016123426612466574,0.0016184638952836394
3,1,2238,2022-06-08,56021,0.0008052951,0.000804695941042155,0.585,3.479775159576093e-06,0.0007953229360282421,0.000809400575235486
3,1,2245,2024-02-27,04001,0.0024945077,0.0029362100176513195,0.18,0.0006965302163735032,0.002417848212644458,0.005345962941646576
3,1,2250,2024-02-27,06017,0.011563341,0.014667562209069729,0.35,0.005958111025393009,0.009864271618425846,0.03436167538166046
3,1,2253,2024-02-27,06029,0.0023754328,0.0032908902503550053,0.045,0.0008568891789764166,0.002311775926500559,0.006213322281837463
3,1,2263,2024-02-27,06065,0.0012636264,0.0015521114692091942,0.01,0.00033339502988383174,0.0012553074629977345,0.0026163968723267317
3,1,2266,2024-02-27,06075,0.0062640677,0.014525949954986572,0.015,0.014653177931904793,0.0060531264171004295,0.0722758024930954
3,1,2268,2024-02-27,06087,0.005383955,0.017883090302348137,0.045,0.0232244823127985,0.004944187588989735,0.10004500299692154
3,1,2269,2024-02-27,06091,0.12745802,0.13313153386116028,0.185,0.005398868583142757,0.12139656394720078,0.14082196354866028
3,1,2272,2024-02-27,08009,0.002614178,0.0027163377963006496,0.275,0.00012807994789909571,0.0025769381318241358,0.0030854973010718822
3,1,2273,2024-02-27,08013,0.00040294285,0.0004096715711057186,0.3,1.1284299944236409e-05,0.00039300828939303756,0.000439533032476902
3,1,2279,2024-02-27,08051,0.0112811215,0.010606295429170132,0.54,0.006230425555258989,0.005775593686848879,0.030803682282567024
3,1,2280,2024-02-27,08069,0.00042839212,0.0004250315541867167,0.84,2.896040086852736e-06,0.00042044930160045624,0.00043583259684965014
3,1,2283,2024-02-27,08081,0.0072870916,0.006858446169644594,0.82,0.00049332290655002,0.005910118576139212,0.007357915863394737
3,1,2286,2024-02-27,08101,0.0008439154,0.000929842353798449,0.175,7.671152707189322e-05,0.0008238879381678998,0.0011186155024915934
3,1,2288,2024-02-27,08105,0.00809143,0.008534170687198639,0.37,0.0015652921283617616,0.0070250751450657845,0.013733410276472569
3,1,2293,2024-02-27,13073,0.0010598634,0.001027215039357543,0.71,4.658784018829465e-05,0.0009807291207835078,0.0011735741281881928
3,1,2299,2024-02-27,13139,0.0009739838,0.001012739958241582,0.36,7.659590482944623e-05,0.0009365433943457901,0.001280798576772213
3,1,2300,2024-02-27,13147,0.0010734525,0.0009803473949432373,0.85,6.512188701890409e-05,0.000913651252631098,0.001203950960189104
3,1,2311,2024-02-27,16015,0.012146113,0.012180429883301258,0.285,5.885465725441463e-05,0.012123440392315388,0.012370425276458263
3,1,2312,2024-02-27,16025,0.00212506,0.0026757335290312767,0.07,0.0005015245405957103,0.002044492866843939,0.00420490512624383
3,1,2314,2024-02-27,16039,0.008359352,0.008518192917108536,0.075,0.00015205750241875648,0.00834233220666647,0.008989389054477215
3,1,2327,2024-02-27,17063,0.0029339658,0.003215068019926548,0.295,0.00042582020978443325,0.002780565759167075,0.004672645125538111
3,1,2332,2024-02-27,17103,0.0024288849,0.002040416467934847,0.81,0.00033804713166318834,0.0016685749869793653,0.002997442614287138
3,1,2333,2024-02-27,17143,0.0019011638,0.0020459056831896305,0.295,0.00016638166562188417,0.001824494102038443,0.0024866173043847084
3,1,2339,2024-02-27,17193,0.0021486497,0.0019833375699818134,0.92,9.789723117137328e-05,0.001868512830697,0.00225809495896101
3,1,2340,2024-02-27,17199,0.0016863922,0.0016523217782378197,0.72,4.441954297362827e-05,0.0015919121215119958,0.0017661380115896463
3,1,2341,2024-02-27,18003,0.004488266,0.006160919088870287,0.025,0.0012659650528803468,0.00437389500439167,0.009676894173026085
3,1,2342,2024-02-27,18021,0.0025563526,0.002568230265751481,0.49,0.00021046427718829364,0.002362726256251335,0.003265825565904379
3,1,2343,2024-02-27,18051,0.0034396208,0.0032631955109536648,0.685,0.00032975379144772887,0.0028601237572729588,0.004211888648569584
3,1,2344,2024-02-27,18059,0.0028385082,0.003156546503305435,0.115,0.0003771626215893775,0.0027704432141035795,0.004494758788496256
3,1,2350,2024-02-27,18097,0.0028558031,0.0032421709038317204,0.015,0.00039699289482086897,0.0028496566228568554,0.004458579700440168
3,1,2358,2024-02-27,21011,0.0067277947,0.006804270204156637,0.215,6.521155592054129e-05,0.006667031906545162,0.006888840347528458
3,1,2361,2024-02-27,21021,0.0028829696,0.0028065633960068226,0.6,0.00030949729261919856,0.0023643311578780413,0.003723203670233488
3,1,2372,2024-02-27,21083,0.00162232,0.0016749035567045212,0.035,4.179616735200398e-05,0.001617239904589951,0.0018069475190714002
3,1,2374,2024-02-27,21091,0.003626933,0.003686352400109172,0.32,9.771155600901693e-05,0.0035017160698771477,0.003844479564577341
3,1,2376,2024-02-27,21097,0.004369212,0.003593845758587122,0.815,0.000659010955132544,0.002902335487306118,0.005604506935924292
3,1,2389,2024-02-27,21205,0.002609427,0.0025489991530776024,0.565,0.00024318599025718868,0.0022937983740121126,0.0031715133227407932
3,1,2390,2024-02-27,21207,0.00721068,0.007246864959597588,0.265,3.770219336729497e-05,0.007123521063476801,0.007281281519681215
3,1,2397,2024-02-27,25005,0.005712394,0.0059664142318069935,0.45,0.0025986868422478437,0.003968605771660805,0.01606553979218006
3,1,2402,2024-02-27,25021,0.002786325,0.0028626923449337482,0.47,0.0008634764235466719,0.002352821407839656,0.006019337568432093
3,1,2414,2024-02-27,29133,0.0018844871,0.0019027272937819362,0.335,3.131852645310573e-05,0.001852886052802205,0.001992813078686595
3,1,2421,2024-02-27,30007,0.0006558809,0.0006308233132585883,0.945,1.2787255400326103e-05,0.0006140968180261552,0.0006620439235121012
3,1,2426,2024-02-27,30035,0.001151707,0.0010331927333027124,0.92,5.324689482222311e-05,0.0009727542055770755,0.0011679542949423194
3,1,2435,2024-02-27,30073,0.0009578598,0.0008866412099450827,0.81,4.768042708747089e-05,0.0008281004265882075,0.00098739645909518
3,1,2437,2024-02-27,30089,0.007236694,0.007222004234790802,0.53,6.693435716442764e-05,0.007127901539206505,0.007352930493652821
3,1,2442,2024-02-27,32005,0.022758417,0.03921222314238548,0.095,0.013778517954051495,0.0209026075899601,0.07812460511922836
3,1,2446,2024-02-27,32015,0.01556583,0.016785478219389915,0.08,0.0023797657340765,0.015513678081333637,0.027287544682621956
3,1,2449,2024-02-27,32023,0.0065889424,0.012148933485150337,0.06,0.00685131223872304,0.00633560586720705,0.03378283977508545
3,1,2457,2024-02-27,35003,0.0031819495,0.003372016828507185,0.31,0.0003497083089314401,0.0030714257154613733,0.004597113002091646
3,1,2458,2024-02-27,35005,0.003852484,0.0039700730703771114,0.105,0.00011959839321207255,0.0038438381161540747,0.004326981492340565
3,1,2461,2024-02-27,35015,0.0012985403,0.0015697900671511889,0.105,0.0003172790165990591,0.0012657223269343376,0.002451819134876132
3,1,2464,2024-02-27,35027,0.0027317004,0.003010886488482356,0.115,0.0002870508178602904,0.0026902365498244762,0.0038147184532135725
3,1,2466,2024-02-27,35033,0.0036587627,0.004821482580155134,0.11,0.0011011859169229865,0.003506316337734461,0.008269458077847958
3,1,2483,2024-02-27,36027,0.0014803271,0.0015003837179392576,0.435,0.000693245034199208,0.0014070704346522689,0.005367583595216274
3,1,2488,2024-02-27,36041,0.24596976,0.2520040273666382,0.245,0.00631590886041522,0.23309437930583954,0.2577047646045685
3,1,2494,2024-02-27,36059,0.003911883,0.006926918402314186,0.1,0.003914860542863607,0.003714884864166379,0.02246975153684616
3,1,2506,2024-02-27,36113,0.049597472,0.050783075392246246,0.305,0.0019801692105829716,0.04321829602122307,0.052142433822155
3,1,2507,2024-02-27,36115,0.019694135,0.019929546862840652,0.435,0.0011447325814515352,0.015567918308079243,0.020718233659863472
3,1,2509,2024-02-27,36119,0.002319672,0.002792839892208576,0.24,0.0013917391188442707,0.0022149519063532352,0.00878971815109253
3,1,2510,2024-02-27,37067,0.0007478433,0.0008281089831143618,0.035,0.00010345460032112896,0.0007396787405014038,0.0012022852897644043
3,1,2512,2024-02-27,37199,0.0014983994,0.0014392368029803038,0.575,0.00016406104259658605,0.001258073141798377,0.0019149198196828365
3,1,2519,2024-02-27,39089,0.00450541,0.0044680144637823105,0.51,0.0013291677460074425,0.0030959530267864466,0.008883516304194927
3,1,2534,2024-02-27,40139,0.003416513,0.003798897610977292,0.275,0.0005064227152615786,0.0031787846237421036,0.005484290421009064
3,1,2536,2024-02-27,41025,0.013202199,0.01375087071210146,0.15,0.0005742752109654248,0.013074684888124466,0.015328233130276203
3,1,2541,2024-02-27,42087,0.002522556,0.0029010684229433537,0.34,0.000931316171772778,0.0021183686330914497,0.006693410687148571
3,1,2551,2024-02-27,45079,0.0014090583,0.001344403252005577,0.605,0.00012769688328262419,0.0012274717446416616,0.001747319009155035
3,1,2556,2024-02-27,46065,0.001593563,0.0015939732547849417,0.46,3.814185902228928e-06,0.0015847979811951518,0.0016015800647437572
3,1,2560,2024-02-27,47029,0.0015979855,0.0016071132849901915,0.465,4.6657994971610606e-05,0.0015477270353585482,0.0017415358452126384
3,1,2563,2024-02-27,47105,0.026703538,0.026587743312120438,0.86,0.0001020377385430038,0.026357930153608322,0.02672852948307991
3,1,2571,2024-02-27,48065,0.033498928,0.03346838057041168,0.63,5.86300520808436e-05,0.03332949057221413,0.03354649618268013
3,1,2573,2024-02-27,48079,0.0014323925,0.0014700072351843119,0.36,8.009190787561238e-05,0.0013794342521578074,0.0017016477650031447
3,1,2574,2024-02-27,48087,0.005725799,0.005749819800257683,0.255,4.183284181635827e-05,0.005709066055715084,0.00587833859026432
3,1,2575,2024-02-27,48109,0.01061414,0.01059987023472786,0.79,1.22414840006968e-05,0.010578949004411697,0.010619857348501682
3,1,2577,2024-02-27,48117,0.002018708,0.0020007258281111717,0.605,6.995648436713964e-05,0.001888509839773178,0.002157408744096756
3,1,2583,2024-02-27,48195,0.004433339,0.004623447544872761,0.4,0.0006418973789550364,0.003974669147282839,0.006602047942578793
3,1,2590,2024-02-27,48303,0.0011834389,0.0011753295548260212,0.74,6.174538611958269e-06,0.0011661179596558213,0.0011889415327459574
3,1,2594,2024-02-27,48369,0.001901292,0.0018641280476003885,0.6,9.89846303127706e-05,0.0017228280194103718,0.0020814428571611643
3,1,2599,2024-02-27,48501,0.0016155313,0.001677977154031396,0.305,9.04027619981207e-05,0.0015824586153030396,0.001935016131028533
3,1,2604,2024-02-27,49011,0.0037963523,0.005366828758269548,0.025,0.0017203064635396004,0.0037536416202783585,0.01145629771053791
3,1,2613,2024-02-27,49035,0.0072524557,0.008636552840471268,0.005,0.0012796501396223903,0.007237703073769808,0.012733153067529202
3,1,2618,2024-02-27,49045,0.011834411,0.01282873097807169,0.175,0.001654988038353622,0.011554240249097347,0.018508100882172585
3,1,2621,2024-02-27,49051,0.005643638,0.005750378593802452,0.375,0.00023968852474354208,0.005464173387736082,0.006428983993828297
3,1,2626,2024-02-27,50005,0.006566068,0.0054354313760995865,0.63,0.0036036705132573843,0.003504514694213867,0.021249795332551003
3,1,2627,2024-02-27,50007,0.0033240977,0.0034305118024349213,0.455,0.0011077012168243527,0.0029057450592517853,0.007959582842886448
3,1,2635,2024-02-27,50023,0.0072114132,0.007119505666196346,0.52,0.004359287675470114,0.005021542310714722,0.025127019733190536
3,1,2639,2024-02-27,51089,0.0010995454,0.0011170643847435713,0.27,2.5699438992887735e-05,0.0010781679302453995,0.0011588699417188764
3,1,2641,2024-02-27,51680,0.0030654252,0.0030672247521579266,0.445,2.2033760615158826e-05,0.003057673806324601,0.0031713624484837055
3,1,2656,2024-02-27,56021,0.001148632,0.0010697306133806705,0.95,4.992001049686223e-05,0.0009911693632602692,0.0012407762696966529
3,2,2,2019-03-13,01015,0.0022897217,0.002332089003175497,0.08,7.816648576408625e-05,0.0022726550232619047,0.0026209293864667416
3,2,4,2019-03-13,01037,0.018790089,0.018905334174633026,0.235,0.00011961245763814077,0.018538102507591248,0.019130762666463852
3,2,15,2019-03-13,01115,0.0032889247,0.003288872539997101,0.5,2.8381777156027965e-05,0.0032452172599732876,0.0033774522598832846
3,2,18,2019-03-13,01133,0.0068260287,0.006789492443203926,0.96,2.8903257771162316e-05,0.006710821762681007,0.0068379733711481094
3,2,25,2019-03-13,08039,0.023568388,0.02363644540309906,0.17,5.0253249355591834e-05,0.023452013731002808,0.02368326298892498
3,2,26,2019-03-13,08041,0.012397077,0.012518213130533695,0.135,0.00021369617024902254,0.012353198602795601,0.013727565295994282
3,2,27,2019-03-13,08061,0.010720705,0.010026751086115837,0.86,0.00043139912304468453,0.009802225045859814,0.012150054797530174
3,2,38,2019-03-13,17059,0.007858456,0.006689439062029123,0.91,0.0005874215275980532,0.006390934810042381,0.009024365805089474
3,2,41,2019-03-13,17075,0.0066544977,0.0066700829192996025,0.46,0.0013201559195294976,0.006517933681607246,0.016998767852783203
3,2,46,2019-03-13,17145,0.009918139,0.010002922266721725,0.08,0.0002463454147800803,0.009898937307298183,0.011813396587967873
3,2,49,2019-03-13,17165,0.007498684,0.006766843609511852,0.78,0.0007172838086262345,0.006406900938600302,0.009574931114912033
3,2,56,2019-03-13,18019,0.006888218,0.006757721304893494,0.95,0.00017177051631733775,0.006075040437281132,0.006929026450961828
3,2,57,2019-03-13,18037,0.0065565705,0.006919700186699629,0.295,0.001131878118030727,0.005965768359601498,0.011158894747495651
3,2,61,2019-03-13,18063,0.004064284,0.004487618803977966,0.155,0.0008372761076316237,0.00374787044711411,0.008489137515425682
3,2,72,2019-03-13,18141,0.0035503395,0.004496847279369831,0.185,0.00194757420103997,0.0029040533117949963,0.013595017604529858
3,2,77,2019-03-13,18173,0.0051358608,0.005146120674908161,0.49,0.0005242385668680072,0.004733615554869175,0.00803587306290865
3,2,89,2019-03-13,20175,0.015095283,0.007493684068322182,0.97,0.0028196899220347404,0.00607301527634263,0.022753311321139336
3,2,90,2019-03-13,20179,0.011537475,0.009917756542563438,0.945,0.0006210497813299298,0.009615441784262657,0.012373695150017738
3,2,99,2019-03-13,21039,0.052566,0.05261652171611786,0.45,0.0003892678942065686,0.051327019929885864,0.052997324615716934
3,2,100,2019-03-13,21041,0.011098778,0.011084182187914848,0.595,8.633738616481423e-05,0.010701160877943039,0.011211147531867027
3,2,106,2019-03-13,21075,0.010512901,0.008739426732063293,0.885,0.0009438108536414802,0.008191605098545551,0.012249802239239216
3,2,115,2019-03-13,21145,0.011817686,0.011647259816527367,0.87,0.0002763913944363594,0.010909929871559143,0.011871745809912682
3,2,116,2019-03-13,21147,0.003979493,0.00395716680213809,0.545,0.0002755825116764754,0.00370491249486804,0.005013277288526297
3,2,119,2019-03-13,21177,0.0074515915,0.0064937639981508255,0.83,0.0006591716082766652,0.006141273304820061,0.008870753459632397
3,2,125,2019-03-13,21221,0.008189982,0.008236493915319443,0.02,0.00014091107004787773,0.008180738426744938,0.00939958356320858
3,2,127,2019-03-13,21225,0.012380868,0.012293180450797081,0.585,0.00038848508847877383,0.011185752227902412,0.012694372795522213
3,2,128,2019-03-13,21227,0.004130592,0.004360047169029713,0.125,0.0006081773317418993,0.0040301005356013775,0.006927407346665859
3,2,138,2019-03-13,26099,0.004209771,0.004620028659701347,0.115,0.00044721784070134163,0.003725416027009487,0.006665282882750034
3,2,148,2019-03-13,28099,0.0030532093,0.00273269135504961,0.8,0.00021912233205512166,0.0024877318646758795,0.003548532025888562
3,2,150,2019-03-13,28107,0.007074275,0.00519385002553463,0.995,0.0003789133043028414,0.005001725163310766,0.007249613292515278
3,2,156,2019-03-13,29189,0.0015435612,0.001722252694889903,0.01,0.00044313122634775937,0.0015415691304951906,0.0034652433823794127
3,2,157,2019-03-13,29207,0.005316078,0.005135318264365196,0.645,0.0004270893114153296,0.004926980007439852,0.006803559605032206
3,2,163,2019-03-13,34031,0.0022589888,0.002231548773124814,0.925,2.6188405172433704e-05,0.0021312409080564976,0.002293266588822007
3,2,169,2019-03-13,36087,0.0051009036,0.005082582123577595,0.955,1.2376732229313347e-05,0.005035947076976299,0.005112918093800545
3,2,177,2019-03-13,39047,0.02646391,0.02630435675382614,0.675,0.0005030615138821304,0.02442583069205284,0.02716970629990101
3,2,180,2019-03-13,39061,0.002962425,0.0031085070222616196,0.055,0.00021286550327204168,0.0029030898585915565,0.004206728655844927
3,2,183,2019-03-13,39087,0.0014713381,0.0014766224194318056,0.32,1.736617377900984e-05,0.0014633978717029095,0.0015315397176891565
3,2,186,2019-03-13,39119,0.005179052,0.005437701009213924,0.215,0.0003565900260582566,0.0046384138986468315,0.0067586167715489864
3,2,188,2019-03-13,39129,0.0052510253,0.00541930366307497,0.24,0.00025142350932583213,0.004589489195495844,0.006074058823287487
3,2,192,2019-03-13,40007,0.012376382,0.011346103623509407,0.83,0.0009686779230833054,0.011097573675215244,0.01742197945713997
3,2,204,2019-03-13,40055,0.010074097,0.008545405231416225,0.8,0.0014474206836894155,0.007778299041092396,0.01400553435087204
3,2,206,2019-03-13,40059,0.01610483,0.013475636020302773,0.97,0.000984883401542902,0.013303163461387157,0.022398125380277634
3,2,212,2019-03-13,40109,0.0034783985,0.0036901067942380905,0.14,0.0007503327215090394,0.0033981511369347572,0.006689697504043579
3,2,214,2019-03-13,40129,0.013213865,0.012661375105381012,0.705,0.0010888861725106835,0.012291102670133114,0.01728331483900547
3,2,220,2019-03-13,42091,0.00079115713,0.0008189455256797373,0.11,2.2518719561048783e-05,0.000748862570617348,0.0009001547587104142
3,2,226,2019-03-13,48003,0.0053058853,0.0054052239283919334,0.475,0.00041203247383236885,0.004471633117645979,0.005873469635844231
3,2,243,2019-03-13,48113,0.005110124,0.005101802758872509,0.58,4.880142296315171e-05,0.0049715000204741955,0.005155670922249556
3,2,244,2019-03-13,48115,0.008706552,0.007751477882266045,0.805,0.0007175313076004386,0.007517310790717602,0.010722821578383446
3,2,247,2019-03-13,48129,0.0092439465,0.00934844184666872,0.455,0.001574234338477254,0.008701913058757782,0.016561398282647133
3,2,255,2019-03-13,48169,0.012514591,0.008644431829452515,0.97,0.0013893074356019497,0.008014580234885216,0.014657578431069851
3,2,259,2019-03-13,48183,0.0034710867,0.003508560825139284,0.08,2.3380487618851475e-05,0.0034464839845895767,0.0035844086669385433
3,2,265,2019-03-13,48207,0.009464464,0.008500747382640839,0.795,0.0008054728386923671,0.008054498583078384,0.011540637351572514
3,2,269,2019-03-13,48221,0.0034223127,0.003598318435251713,0.095,0.0003738295054063201,0.0033643560018390417,0.004856841638684273
3,2,277,2019-03-13,48257,0.0029635646,0.0027073873206973076,0.85,0.00014363678928930312,0.002605046145617962,0.003192692529410124
3,2,280,2019-03-13,48295,0.012517921,0.011023273691534996,0.775,0.0013809914235025644,0.010392868891358376,0.017529726028442383
3,2,283,2019-03-13,48305,0.021654408,0.02384699136018753,0.045,0.0008529885672032833,0.02092633955180645,0.024388805031776428
3,2,287,2019-03-13,48337,0.0043731476,0.003822383936494589,0.865,0.00029678133432753384,0.003642854979261756,0.0048408410511910915
3,2,289,2019-03-13,48345,0.02213524,0.012984409928321838,0.965,0.0032981750555336475,0.011773292906582355,0.028981156647205353
3,2,291,2019-03-13,48353,0.0039608353,0.0040356796234846115,0.23,0.0001149532399722375,0.003824695246294141,0.004403976257890463
3,2,298,2019-03-13,48375,0.067709394,0.06927181780338287,0.15,0.0010473848087713122,0.06479351222515106,0.06972626596689224
3,2,300,2019-03-13,48381,0.024180666,0.02527756243944168,0.165,0.000715654285158962,0.02241196110844612,0.025537293404340744
3,2,313,2019-03-13,48447,0.042360377,0.04233688861131668,0.755,3.4833003155654296e-05,0.04230538010597229,0.0425063781440258
3,2,314,2019-03-13,48451,0.003915093,0.004226037301123142,0.02,0.0003755863581318408,0.0038494127802550793,0.005453263875097036
3,2,319,2019-03-13,48495,0.005284565,0.005784592591226101,0.18,0.0012942049652338028,0.005137237720191479,0.010831727646291256
3,2,326,2021-03-26,01027,0.005731598,0.004883052781224251,0.98,0.00031584867974743247,0.004610726609826088,0.005777465645223856
3,2,327,2021-03-26,01031,0.0029062096,0.002845282666385174,0.885,3.499297963571735e-05,0.0028058108873665333,0.0029464203398674726
3,2,329,2021-03-26,01037,0.015442252,0.01598004437983036,0.03,0.0002135575341526419,0.01538164634257555,0.016156747937202454
3,2,335,2021-03-26,01071,0.0139414,0.0147370845079422,0.17,0.0013092498993501067,0.013583122752606869,0.0184017326682806
3,2,339,2021-03-26,01093,0.0061475155,0.005985673051327467,0.855,0.00011531956261023879,0.0058096605353057384,0.006303383037447929
3,2,345,2021-03-26,01133,0.009008563,0.008659027516841888,0.895,0.00019819365115836263,0.008449701592326164,0.009175754152238369
3,2,347,2021-03-26,05013,0.006538834,0.00657900795340538,0.305,8.784539386397228e-05,0.006403713952749968,0.006887773983180523
3,2,349,2021-03-26,05039,0.012155003,0.012078732252120972,0.905,5.025614518672228e-05,0.011967044323682785,0.012199398130178452
3,2,355,2021-03-26,05091,0.035239447,0.03504975140094757,0.96,8.730668923817575e-05,0.03486715257167816,0.035286642611026764
3,2,362,2021-03-26,08041,0.0004416688,0.00045434257481247187,0.17,2.2354626707965508e-05,0.0004347368667367846,0.000528066826518625
3,2,369,2021-03-26,12063,0.0018053584,0.0017201193841174245,0.86,4.817836816073395e-05,0.0016733685042709112,0.0018492571543902159
3,2,379,2021-03-26,13137,0.0024034493,0.0024335067719221115,0.375,9.435637184651569e-05,0.0023259115405380726,0.002690807683393359
3,2,381,2021-03-26,13149,0.06602032,0.06650304794311523,0.08,0.00025128445122390985,0.06592044234275818,0.06678133457899094
3,2,383,2021-03-26,13193,0.003214377,0.0030973334796726704,0.885,6.295569619396701e-05,0.00303421588614583,0.00327970739454031
3,2,386,2021-03-26,13225,0.0049160696,0.004912508185952902,0.585,2.0060600945726037e-05,0.004893166013062,0.0049616433680057526
3,2,399,2021-03-26,16019,0.022351595,0.021978139877319336,0.75,0.001720063155516982,0.02028692327439785,0.035129863768815994
3,2,405,2021-03-26,16035,0.021554628,0.021079223603010178,0.79,0.0011209120275452733,0.01511093694716692,0.021840015426278114
3,2,407,2021-03-26,16041,0.001389859,0.0014073039637878537,0.18,3.208751149941236e-05,0.001384526607580483,0.0016170813469216228
3,2,417,2021-03-26,16067,0.0006503089,0.0006997272721491754,0.135,9.069156658370048e-05,0.0006288098520599306,0.0010151240276172757
3,2,418,2021-03-26,16069,0.0031951296,0.0031302408315241337,0.935,7.371931860689074e-05,0.0029396931640803814,0.0032090607564896345
3,2,421,2021-03-26,16077,0.0011164832,0.0011408233549445868,0.295,0.00012018076813546941,0.0010807137005031109,0.0017426896374672651
3,2,430,2021-03-26,17059,0.001647339,0.0016830969834700227,0.115,2.8448692319216207e-05,0.0016111477743834257,0.0017602985026314855
3,2,435,2021-03-26,17119,0.0023223562,0.0023211236111819744,0.67,2.6121260816580616e-06,0.0023136793170124292,0.002327416790649295
3,2,440,2021-03-26,17165,0.001620351,0.0016186162829399109,0.525,1.9170409359503537e-05,0.0015771291218698025,0.001687734737060964
3,2,445,2021-03-26,18005,0.00326298,0.0032754165586084127,0.025,4.821975380764343e-06,0.0032590883783996105,0.003284054808318615
3,2,450,2021-03-26,18035,0.001813646,0.0017888870788738132,0.835,2.3810333004803397e-05,0.0017439824296161532,0.0018544027116149664
3,2,452,2021-03-26,18047,0.0058427206,0.005838293582201004,0.585,1.4343433576868847e-05,0.0058247302658855915,0.005873474292457104
3,2,456,2021-03-26,18063,0.0017292097,0.0017301402986049652,0.485,1.2196490388305392e-05,0.0017053382471203804,0.0017571167554706335
3,2,470,2021-03-26,18161,0.0028494054,0.0027021069545298815,0.955,6.180104537634179e-05,0.002639028010889888,0.0028669461607933044
3,2,472,2021-03-26,18173,0.0028021557,0.0028131608851253986,0.33,3.188876871718094e-05,0.0027205715887248516,0.002921793144196272
3,2,480,2021-03-26,20085,0.0017395323,0.0018269035499542952,0.16,6.835520616732538e-05,0.0016577898059040308,0.001915590837597847
3,2,485,2021-03-26,20141,0.00150117,0.0015460383147001266,0.265,4.377942968858406e-05,0.001464580069296062,0.0016238009557127953
3,2,490,2021-03-26,20179,0.0013110924,0.0013538893545046449,0.315,6.543569179484621e-05,0.0012099656742066145,0.0015197651227936149
3,2,499,2021-03-26,21039,0.0020429848,0.0020415836479514837,0.545,7.772910976200365e-06,0.0020248161163181067,0.0020620268769562244
3,2,503,2021-03-26,21075,0.0013416789,0.001357905799522996,0.26,2.161167867598124e-05,0.001310880878008902,0.0013887250097468495
3,2,513,2021-03-26,21145,0.0014335081,0.0014233168913051486,0.775,1.4030971215106547e-05,0.0013903125654906034,0.0014498326927423477
3,2,516,2021-03-26,21177,0.0027601728,0.0026750797405838966,0.96,3.863082019961439e-05,0.0026208593044430017,0.002802696079015732
3,2,517,2021-03-26,21183,0.003956806,0.003945080563426018,0.97,4.6067148105066735e-06,0.003939469810575247,0.003957706969231367
3,2,518,2021-03-26,21209,0.0027298871,0.002684415550902486,0.715,5.008387961424887e-05,0.002625552471727133,0.0028090383857488632
3,2,520,2021-03-26,21221,0.013671926,0.013650517910718918,0.95,1.100679310184205e-05,0.013632019981741905,0.01367784384638071
3,2,521,2021-03-26,21225,0.0019303643,0.0019377748249098659,0.465,3.832046058960259e-05,0.0018441005377098918,0.002015362260863185
3,2,530,2021-03-26,24015,0.0014717117,0.0015491531230509281,0.205,0.00017000343359541148,0.0014149798080325127,0.0021340781822800636
3,2,532,2021-03-26,24023,0.026094977,0.02596726454794407,0.905,7.236876990646124e-05,0.025862110778689384,0.026215258985757828
3,2,544,2021-03-26,25013,0.0024711755,0.0028759536799043417,0.07,0.002501697978004813,0.0023978021927177906,0.014506595209240913
3,2,545,2021-03-26,25015,0.002965342,0.0032681040465831757,0.275,0.0019952973816543818,0.0027124006301164627,0.012802842073142529
3,2,552,2021-03-26,28013,0.0038729606,0.0038733321707695723,0.49,2.9411983632599004e-05,0.0037964868824929,0.003943650517612696
3,2,554,2021-03-26,28029,0.0036581235,0.003614716697484255,0.925,2.8911035769851878e-05,0.003563137026503682,0.003689029486849904
3,2,560,2021-03-26,28107,0.00621191,0.006274049170315266,0.09,3.6028977774549276e-05,0.006169797386974096,0.006330362055450678
3,2,563,2021-03-26,28137,0.004650445,0.004691633395850658,0.18,3.8558675441890955e-05,0.004588725045323372,0.00475847814232111
3,2,570,2021-03-26,29187,0.00064915844,0.0006731281173415482,0.17,1.8174017895944417e-05,0.0006281508831307292,0.0006957824807614088
3,2,577,2021-03-26,30021,0.010386569,0.010576042346656322,0.235,0.0005566926556639373,0.010310488753020763,0.012717233039438725
3,2,580,2021-03-26,30029,0.012746534,0.014204103499650955,0.12,0.01081915758550167,0.012459946796298027,0.06984145194292068
3,2,590,2021-03-26,30071,0.009489777,0.01004759967327118,0.105,0.001518074655905366,0.009414992295205593,0.016923530027270317
3,2,597,2021-03-26,30087,0.01126577,0.011318914592266083,0.17,0.00048590623191557825,0.01125502772629261,0.013572042807936668
3,2,601,2021-03-26,30095,0.025521107,0.025330130010843277,0.81,0.0007444843649864197,0.024968618527054787,0.03197593241930008
3,2,606,2021-03-26,30109,0.011763826,0.01201726496219635,0.22,0.0006192887085489929,0.01165880635380745,0.014903109520673752
3,2,607,2021-03-26,30111,0.0047523556,0.005543875508010387,0.205,0.002768231788650155,0.004544134717434645,0.024072078987956047
3,2,612,2021-03-26,34005,0.0041260677,0.0037956431042402983,0.685,0.0004803398041985929,0.003160546999424696,0.005024903919547796
3,2,624,2021-03-26,34041,0.003603335,0.003598512150347233,0.565,0.00015031614748295397,0.003551987698301673,0.004398468416184187
3,2,625,2021-03-26,36001,0.0031566157,0.003252541646361351,0.25,0.0002622483589220792,0.0031007183715701103,0.004224176984280348
3,2,636,2021-03-26,36057,0.0046536312,0.005032538436353207,0.3,0.0009855754906311631,0.004327374044805765,0.007998289540410042
3,2,641,2021-03-26,36083,0.0030240887,0.0031723594292998314,0.145,0.0002954299852717668,0.002987729152664542,0.004149818327277899
3,2,642,2021-03-26,36085,0.0018005953,0.002003493718802929,0.03,0.00024208847025875002,0.0017699649324640632,0.0027429917827248573
3,2,645,2021-03-26,36101,0.00834545,0.008218079805374146,0.755,0.00018726589041762054,0.007782526779919863,0.008428115397691727
3,2,656,2021-03-26,37115,0.011157743,0.011169595643877983,0.435,8.128592889988795e-05,0.01110765803605318,0.01141300518065691
3,2,660,2021-03-26,37183,0.0013033813,0.001323610544204712,0.065,1.1885768799402285e-05,0.0012924923794344068,0.0013504383387044072
3,2,665,2021-03-26,39021,0.01821577,0.018143950030207634,0.695,0.00012160259211668745,0.017849233001470566,0.01827009953558445
3,2,666,2021-03-26,39023,0.0033146832,0.0033305021934211254,0.415,8.357034676009789e-05,0.0032326902728527784,0.0035264112520962954
3,2,675,2021-03-26,39047,0.0049761203,0.00504658930003643,0.16,9.738303924677894e-05,0.0049279192462563515,0.005306219682097435
3,2,679,2021-03-26,39061,0.003087499,0.00312761589884758,0.29,7.466197712346911e-05,0.0030551860108971596,0.0033046570606529713
3,2,687,2021-03-26,39091,0.05465791,0.05462242662906647,0.675,7.940079376567155e-05,0.05439621955156326,0.05471246689558029
3,2,688,2021-03-26,39093,0.007955987,0.008061539381742477,0.285,0.0002145518665201962,0.007839765399694443,0.008627797476947308
3,2,696,2021-03-26,39129,0.004988555,0.0051020304672420025,0.085,0.0001437536848243326,0.004962410777807236,0.0054969629272818565
3,2,704,2021-03-26,39159,0.0046496433,0.00471982266753912,0.32,0.0001287163031520322,0.004570513963699341,0.005021793767809868
3,2,705,2021-03-26,39165,0.0031448987,0.003142939880490303,0.54,2.4598537493147887e-05,0.00311275920830667,0.00320898974314332
3,2,710,2021-03-26,41021,0.0024729574,0.0025875705759972334,0.12,0.00012755584612023085,0.002449630293995142,0.0029169509653002024
3,2,716,2021-03-26,41055,0.0018991332,0.0019378399010747671,0.095,4.229663318255916e-05,0.0018875215901061893,0.002078531077131629
3,2,718,2021-03-26,41065,0.0017250893,0.0018328590085729957,0.125,0.00014951609773561358,0.001703696558251977,0.002325182780623436
3,2,721,2021-03-26,42017,0.001867902,0.001880912808701396,0.455,0.00017032006871886551,0.001746414229273796,0.0024547220673412085
3,2,724,2021-03-26,42039,0.011403165,0.011371972039341927,0.64,9.227244299836457e-05,0.011136154644191265,0.011463477276265621
3,2,726,2021-03-26,42049,0.010159895,0.010179905220866203,0.48,0.0002535186358727515,0.00996864028275013,0.010887728072702885
3,2,733,2021-03-26,42091,0.0016877878,0.0019744294695556164,0.055,0.00031872253748588264,0.00161217141430825,0.0029335448052734137
3,2,741,2021-03-26,45017,0.002669283,0.0025518187321722507,0.975,4.3938212911598384e-05,0.002501371316611767,0.0026906393468379974
3,2,742,2021-03-26,45029,0.0016373732,0.0015998785383999348,0.78,3.274329719715752e-05,0.0015667439438402653,0.0016904633957892656
3,2,745,2021-03-26,45059,0.004748481,0.004513285122811794,0.695,0.0002888741437345743,0.004266869276762009,0.005274398252367973
3,2,762,2021-03-26,46041,0.0042842403,0.004340867046266794,0.04,8.09587218100205e-05,0.004277646075934172,0.0046195974573493
3,2,763,2021-03-26,46045,0.0027057207,0.002702105790376663,0.565,3.873951209243387e-05,0.0026564751751720905,0.0028284862637519836
3,2,766,2021-03-26,46051,0.001696327,0.0016049358528107405,0.965,3.676382402773015e-05,0.0015607724199071527,0.0017816119361668825
3,2,774,2021-03-26,46075,0.016743457,0.01673765480518341,0.75,1.993214391404763e-05,0.016675569117069244,0.016752978786826134
3,2,776,2021-03-26,46085,0.0021707127,0.0021847556345164776,0.075,2.761084761004895e-05,0.0021584678906947374,0.0022826639469712973
3,2,779,2021-03-26,46093,0.0034384294,0.0035443438682705164,0.215,0.0002462898555677384,0.0033869005274027586,0.004416201263666153
3,2,782,2021-03-26,46103,0.0011284825,0.0011445698328316212,0.125,3.437058694544248e-05,0.001123140100389719,0.0012720078229904175
3,2,783,2021-03-26,46105,0.01186395,0.012047959491610527,0.295,0.0006704683764837682,0.011662709526717663,0.014558258466422558
3,2,794,2021-03-26,47011,0.014077716,0.012784900143742561,0.675,0.0016131040174514055,0.011442170478403568,0.016732295975089073
3,2,799,2021-03-26,47059,0.0038533735,0.0038668992929160595,0.39,7.319510768866166e-05,0.00380748906172812,0.004073556046932936
3,2,800,2021-03-26,47069,0.0025146122,0.0026903918478637934,0.075,0.00010557692439761013,0.0024681640788912773,0.0028715189546346664
3,2,813,2021-03-26,48037,0.0024807563,0.002793357241898775,0.02,0.0001356658904114738,0.002429045271128416,0.0030091304797679186
3,2,821,2021-03-26,50001,0.0043194434,0.004354100674390793,0.135,8.833078754832968e-05,0.00430186977609992,0.0046313065104186535
3,2,829,2021-03-26,51199,0.0039045997,0.003907741513103247,0.145,5.542815870285267e-06,0.0038984494749456644,0.003925974015146494
3,2,831,2021-03-26,53005,0.0021999497,0.0024472405202686787,0.065,0.00034823938040062785,0.002182307653129101,0.0037827519699931145
3,2,835,2021-03-26,53025,0.0007553511,0.0007691823411732912,0.05,1.5351690308307298e-05,0.0007522468222305179,0.0008188788197003305
3,2,843,2021-03-26,54029,0.006845519,0.00708191841840744,0.27,0.0004171399923507124,0.006720360368490219,0.008313886821269989
3,2,855,2021-03-26,56019,0.001476532,0.0017062283586710691,0.09,0.0003620887000579387,0.0014463894767686725,0.00301179732196033
3,2,861,2021-03-26,56037,0.00075756566,0.000750022241845727,0.545,0.00011220981104997918,0.0006860466673970222,0.0012307189172133803
3,2,862,2021-03-26,56039,0.012469776,0.012844692915678024,0.335,0.00509051326662302,0.012011394836008549,0.042407672852277756
3,2,863,2021-03-26,56043,0.001177311,0.0013571836752817035,0.175,0.0005829715519212186,0.0011450900929048657,0.004878532141447067
3,2,864,2021-03-26,56045,0.003038417,0.00300188222900033,0.75,4.948669084114954e-05,0.00289770751260221,0.0030570756644010544
3,2,865,2021-12-11,01071,0.001412117,0.0015195317100733519,0.13,0.00023661699378862977,0.0013546936679631472,0.0023340624757111073
3,2,871,2021-12-11,04005,0.0017628218,0.0017992116045206785,0.365,0.00011832884047180414,0.0017062571132555604,0.00215815263800323
3,2,877,2021-12-11,04023,0.001163324,0.0011505142319947481,0.92,9.698434041638393e-06,0.0011321785859763622,0.0011650188826024532
3,2,883,2021-12-11,05039,0.02386996,0.013401469215750694,0.835,0.0059296851977705956,0.011101746931672096,0.03239177539944649
3,2,889,2021-12-11,05081,0.015982319,0.015649713575839996,0.98,0.0001121590321417898,0.015569995157420635,0.01611701212823391
3,2,893,2021-12-11,05111,0.10056221,0.09897010028362274,0.595,0.008346239104866982,0.07056885212659836,0.10544489324092865
3,2,900,2021-12-11,06011,0.025725678,0.025704853236675262,0.835,3.1379891879623756e-05,0.025668451562523842,0.025984039530158043
3,2,902,2021-12-11,06019,0.0016080735,0.0016700041014701128,0.045,0.000256942817941308,0.0016025324584916234,0.0033092189114540815
3,2,906,2021-12-11,06031,0.0032444608,0.0033738864585757256,0.11,0.0013970514992251992,0.0032322441693395376,0.013168953359127045
3,2,908,2021-12-11,06039,0.001959859,0.0022161961533129215,0.08,0.0005717423628084362,0.0018960663583129644,0.005185203161090612
3,2,914,2021-12-11,06059,0.003622614,0.004828193224966526,0.0,0.0019107640255242586,0.003634160151705146,0.012491090223193169
3,2,919,2021-12-11,06071,0.0014926154,0.0013303481973707676,0.955,0.00014507430023513734,0.0010459843324497342,0.0015042010927572846
3,2,930,2021-12-11,06103,0.019675385,0.019259735941886902,0.955,0.000717307033482939,0.016913780942559242,0.01972476951777935
3,2,934,2021-12-11,06115,0.008474194,0.00839080661535263,0.825,0.00019958541088271886,0.007985170930624008,0.009342174977064133
3,2,946,2021-12-11,08027,0.020912819,0.020661883056163788,0.67,0.0004982298123650253,0.020333364605903625,0.023451685905456543
3,2,949,2021-12-11,08039,0.0017374279,0.0014997455291450024,0.835,0.00023278351000044495,0.0013826193753629923,0.0026286079082638025
3,2,950,2021-12-11,08041,0.014644119,0.013213228434324265,0.905,0.0018805672880262136,0.00971836969256401,0.021774224936962128
3,2,952,2021-12-11,08045,0.0029641353,0.003008638508617878,0.205,7.430429104715586e-05,0.00294122495688498,0.0032275603152811527
3,2,955,2021-12-11,08061,0.052254017,0.023510074242949486,0.865,0.018098484724760056,0.016802512109279633,0.1082848608493805
3,2,969,2021-12-11,08107,0.0010955792,0.0010931417346000671,0.685,3.818975983449491e-06,0.0010879338951781392,0.001103238551877439
3,2,970,2021-12-11,08109,0.007042876,0.0072088101878762245,0.205,0.00030574097763746977,0.006942457519471645,0.008294071070849895
3,2,974,2021-12-11,13045,0.0021676887,0.002151479246094823,0.66,2.834448969224468e-05,0.002131939399987459,0.0022386698983609676
3,2,978,2021-12-11,13319,0.019538734,0.019541170448064804,0.145,2.2700053250446217e-06,0.019533615559339523,0.019547006115317345
3,2,984,2021-12-11,16067,0.0008379809,0.0009295546915382147,0.3,0.00020997699175495654,0.0007454217993654311,0.0020442844834178686
3,2,986,2021-12-11,16077,0.048737857,0.048738472163677216,0.475,0.000102959071227815,0.04871702566742897,0.0495293065905571
3,2,987,2021-12-11,17001,0.004051598,0.0036716109607368708,0.625,0.0021305796690285206,0.003059959737583995,0.018912455067038536
3,2,995,2021-12-11,17045,0.0046773055,0.004791684448719025,0.23,0.0011176980333402753,0.0046499744057655334,0.010689632035791874
3,2,1002,2021-12-11,17075,0.004889139,0.006267866585403681,0.175,0.005855899304151535,0.0043218256905674934,0.0533832386136055
3,2,1018,2021-12-11,17119,0.016663175,0.016424383968114853,0.93,0.0002287722600158304,0.01580694317817688,0.01670163869857788
3,2,1021,2021-12-11,17137,0.004816983,0.003901180811226368,0.735,0.0027579879388213158,0.003153960220515728,0.036364227533340454
3,2,1022,2021-12-11,17139,0.05833955,0.058263085782527924,0.595,0.00040622803498990834,0.056733667850494385,0.05857224017381668
3,2,1025,2021-12-11,17167,0.0030152295,0.0032177099492400885,0.295,0.0030026889871805906,0.0028050323016941547,0.030776452273130417
3,2,1026,2021-12-11,17173,0.028471196,0.02853892743587494,0.365,0.00019116840849164873,0.027899127453565598,0.02872263640165329
3,2,1027,2021-12-11,17177,0.028526032,0.01562562771141529,0.705,0.026613935828208923,0.010868953540921211,0.12680980563163757
3,2,1030,2021-12-11,17183,0.003871472,0.004404132254421711,0.29,0.0031968113034963608,0.003419699613004923,0.026785142719745636
3,2,1033,2021-12-11,18001,0.011104601,0.013952851295471191,0.29,0.014826194383203983,0.009328826330602169,0.07996644079685211
3,2,1044,2021-12-11,18035,0.0073769093,0.007749836891889572,0.4,0.0073830862529575825,0.006820620968937874,0.050601836293935776
3,2,1059,2021-12-11,18099,0.0077470024,0.010085761547088623,0.16,0.012924193404614925,0.007352735847234726,0.08528706431388855
3,2,1063,2021-12-11,18113,0.00917883,0.013446387834846973,0.225,0.022916650399565697,0.007828772999346256,0.10248686373233795
3,2,1074,2021-12-11,18151,0.0076800613,0.009519771672785282,0.385,0.023284509778022766,0.006168595980852842,0.10962167382240295
3,2,1076,2021-12-11,18171,0.01783668,0.01762402057647705,0.57,0.002036512130871415,0.017160169780254364,0.03291440010070801
3,2,1083,2021-12-11,19005,0.05860577,0.0592154935002327,0.385,0.01682737097144127,0.056571971625089645,0.1478046476840973
3,2,1084,2021-12-11,19007,0.11500647,0.11467696726322174,0.56,0.007459122687578201,0.07633686810731888,0.11632933467626572
3,2,1086,2021-12-11,19011,0.016995668,0.019606035202741623,0.245,0.024435080587863922,0.015418141148984432,0.15417511761188507
3,2,1088,2021-12-11,19015,0.035340916,0.03438979387283325,0.53,0.010612384416162968,0.02088717557489872,0.10609997808933258
3,2,1102,2021-12-11,19043,0.05198619,0.042532823979854584,0.585,0.037721820175647736,0.022588437423110008,0.18383873999118805
3,2,1107,2021-12-11,19053,0.008828499,0.007851654663681984,0.625,0.012008235789835453,0.006555275525897741,0.07372751832008362
3,2,1112,2021-12-11,19063,0.017535914,0.019134484231472015,0.035,0.0024204140063375235,0.01709406077861786,0.04068303480744362
3,2,1115,2021-12-11,19069,0.06751455,0.07293814420700073,0.37,0.01453291904181242,0.03270656615495682,0.08953395485877991
3,2,1116,2021-12-11,19073,0.3083173,0.3085794448852539,0.485,0.017080113291740417,0.23068267107009888,0.3181331753730774
3,2,1119,2021-12-11,19079,0.025182059,0.026785897091031075,0.335,0.022738823667168617,0.023453164845705032,0.14219065010547638
3,2,1121,2021-12-11,19083,0.035751462,0.036883994936943054,0.01,0.024270586669445038,0.0357210598886013,0.15664798021316528
3,2,1122,2021-12-11,19087,0.013084495,0.013239959254860878,0.15,0.013920897617936134,0.013069860637187958,0.08892688155174255
3,2,1134,2021-12-11,19115,0.087890856,0.00967525877058506,0.995,0.013585342094302177,0.009257854893803596,0.09632617980241776
3,2,1138,2021-12-11,19123,0.019555667,0.018086455762386322,0.56,0.028076007962226868,0.014465794898569584,0.17195118963718414
3,2,1147,2021-12-11,19143,0.0076755853,0.004918406251817942,0.93,0.002802868839353323,0.004639674909412861,0.029788630083203316
3,2,1148,2021-12-11,19145,0.06877092,0.06984160840511322,0.365,0.007599412463605404,0.02521822415292263,0.072175532579422
3,2,1159,2021-12-11,19167,0.005329521,0.005166512914001942,0.725,0.0004689694906119257,0.004830112215131521,0.007975527085363865
3,2,1161,2021-12-11,19171,0.04653729,0.04703458398580551,0.06,0.016347283497452736,0.046368833631277084,0.1491221785545349
3,2,1166,2021-12-11,19181,0.013222345,0.012005610391497612,0.605,0.020446501672267914,0.009168329648673534,0.12051256000995636
3,2,1179,2021-12-11,20011,0.01003286,0.0031842985190451145,0.96,0.0028289363253861666,0.0030348359141498804,0.02275947295129299
3,2,1185,2021-12-11,20029,0.03524372,0.018305502831935883,0.765,0.020116588100790977,0.010137476027011871,0.12323193997144699
3,2,1186,2021-12-11,20035,0.016014956,0.010108644142746925,0.825,0.004720014054328203,0.007365378085523844,0.03297413885593414
3,2,1200,2021-12-11,20073,0.021217497,0.0072206538170576096,0.935,0.006162475794553757,0.006544655188918114,0.04781447723507881
3,2,1204,2021-12-11,20085,0.046684265,0.022767435759305954,0.85,0.0229886956512928,0.016144946217536926,0.14407750964164734
3,2,1207,2021-12-11,20091,0.0060669463,0.008090716786682606,0.005,0.007430543657392263,0.006019897293299437,0.05931811034679413
3,2,1210,2021-12-11,20105,0.032645117,0.046397723257541656,0.035,0.004960762336850166,0.031346216797828674,0.050200920552015305
3,2,1213,2021-12-11,20113,0.018220892,0.010108506307005882,0.79,0.010640723630785942,0.007175345905125141,0.06266988813877106
3,2,1215,2021-12-11,20117,0.040420104,0.036565620452165604,0.925,0.004979333840310574,0.033097125589847565,0.07089214026927948
3,2,1216,2021-12-11,20121,0.014971106,0.006570437923073769,0.96,0.00462754163891077,0.0063050598837435246,0.05675125867128372
3,2,1225,2021-12-11,20141,0.028341448,0.019237088039517403,0.76,0.011572379618883133,0.01464857254177332,0.06420901417732239
3,2,1226,2021-12-11,20143,0.11963171,0.1417614221572876,0.18,0.016592903062701225,0.07720853388309479,0.1483698934316635
3,2,1236,2021-12-11,20167,0.028716702,0.03476669639348984,0.185,0.004139486234635115,0.025362500920891762,0.05248384177684784
3,2,1240,2021-12-11,20175,0.017828254,0.01439667958766222,0.965,0.0012826620368286967,0.013477291911840439,0.01926303282380104
3,2,1242,2021-12-11,20179,0.035463225,0.0317302942276001,0.925,0.0023709984961897135,0.03144433721899986,0.05032212659716606
3,2,1258,2021-12-11,21027,0.0209696,0.008160739205777645,0.795,0.011126382276415825,0.005637398920953274,0.06197356805205345
3,2,1265,2021-12-11,21065,0.0042697424,0.004165460355579853,0.555,0.004819382913410664,0.0034714180510491133,0.027986623346805573
3,2,1266,2021-12-11,21075,0.130159,0.13364499807357788,0.275,0.0035645649768412113,0.12363752722740173,0.13641522824764252
3,2,1276,2021-12-11,21137,0.0062683243,0.006501047872006893,0.015,0.0006769138853996992,0.006262409500777721,0.011470400728285313
3,2,1279,2021-12-11,21147,0.0047920635,0.004662490915507078,0.605,0.00041966320713981986,0.0044712102971971035,0.006489448249340057
3,2,1280,2021-12-11,21151,0.0050825677,0.005463791079819202,0.35,0.0034769456833601,0.004203328397125006,0.028689412400126457
3,2,1284,2021-12-11,21167,0.009950097,0.006472300738096237,0.74,0.0045023513957858086,0.004514732863754034,0.028648607432842255
3,2,1287,2021-12-11,21177,0.03990314,0.026183735579252243,0.96,0.004358316771686077,0.0243864506483078,0.04638492316007614
3,2,1288,2021-12-11,21183,0.089774735,0.10405544936656952,0.075,0.006132043898105621,0.08605291694402695,0.10768169164657593
3,2,1294,2021-12-11,21209,0.008243868,0.00490978080779314,0.74,0.004314252641052008,0.002799268811941147,0.02124858647584915
3,2,1300,2021-12-11,21235,0.0024679874,0.0025072090793401003,0.43,0.00037604093085974455,0.0022678037639707327,0.004048121627420187
3,2,1304,2021-12-11,22119,0.004495257,0.003907587844878435,0.9,0.0003306191065348685,0.003573046065866947,0.004872591234743595
3,2,1312,2021-12-11,25023,0.0049034795,0.005302611738443375,0.215,0.004377295728772879,0.00464110029861331,0.038187459111213684
3,2,1314,2021-12-11,26001,0.16409166,0.24128401279449463,0.105,0.03421814739704132,0.13435547053813934,0.2520814836025238
3,2,1345,2021-12-11,26081,0.010068776,0.00982366967946291,0.58,0.029793554916977882,0.006175426300615072,0.15772666037082672
3,2,1346,2021-12-11,26083,0.08381716,0.08621806651353836,0.045,0.0011673362459987402,0.08016419410705566,0.08750638365745544
3,2,1348,2021-12-11,26089,0.054116186,0.07532285898923874,0.16,0.014775869436562061,0.02493508905172348,0.07981915771961212
3,2,1352,2021-12-11,26099,0.008131913,0.008170230314135551,0.48,0.023818818852305412,0.0073752677999436855,0.12970298528671265
3,2,1354,2021-12-11,26103,0.008276589,0.00815410166978836,0.805,0.00012378270912449807,0.007650529965758324,0.008381593972444534
3,2,1355,2021-12-11,26105,0.06732717,0.018948107957839966,0.91,0.02450227551162243,0.01590346172451973,0.14654868841171265
3,2,1358,2021-12-11,26113,0.03611576,0.15181802213191986,0.015,0.0383429154753685,0.03538355603814125,0.1579563319683075
3,2,1359,2021-12-11,26115,0.07324373,0.06896883249282837,0.9,0.009546181187033653,0.04555680602788925,0.09819165617227554
3,2,1360,2021-12-11,26119,0.019695817,0.06023669242858887,0.005,0.02006988413631916,0.019453253597021103,0.07876251637935638
3,2,1362,2021-12-11,26123,0.07386926,0.04719116911292076,0.93,0.015700889751315117,0.025280378758907318,0.11737778037786484
3,2,1363,2021-12-11,26125,0.012999526,0.012186650186777115,0.69,0.020606104284524918,0.007729453034698963,0.1030493751168251
3,2,1386,2021-12-11,27037,0.010686136,0.013977216556668282,0.02,0.005552282091230154,0.010297169908881187,0.07532790303230286
3,2,1393,2021-12-11,27053,0.0055908146,0.007609168067574501,0.07,0.005687096621841192,0.004797481466084719,0.04856319725513458
3,2,1394,2021-12-11,27055,0.0286218,0.028406687080860138,0.54,0.008723062463104725,0.022353125736117363,0.08092454075813293
3,2,1395,2021-12-11,27063,0.007224031,0.006399689242243767,0.84,0.0013893024297431111,0.004549945704638958,0.017027102410793304
3,2,1398,2021-12-11,27081,0.001679068,0.0013486598618328571,0.85,0.0002671307302080095,0.0011174684623256326,0.0027703552041202784
3,2,1404,2021-12-11,27103,0.010612804,0.009002478793263435,0.855,0.0028204121626913548,0.00655210018157959,0.034619227051734924
3,2,1412,2021-12-11,27133,0.0021307978,0.0018966173520311713,0.79,0.0003526790824253112,0.0014636687701568007,0.0036719967611134052
3,2,1415,2021-12-11,27143,0.015797552,0.01587972417473793,0.45,0.00038659738493151963,0.014965067617595196,0.01681654155254364
3,2,1421,2021-12-11,27169,0.009575099,0.010702697560191154,0.325,0.003075047628954053,0.007145028095692396,0.028480807319283485
3,2,1430,2021-12-11,29021,0.05209989,0.05179329961538315,0.525,0.005079435184597969,0.037761390209198,0.05577974393963814
3,2,1450,2021-12-11,29081,0.018363323,0.024973522871732712,0.14,0.004513031803071499,0.01223009079694748,0.04668152332305908
3,2,1459,2021-12-11,29123,0.002149172,0.0022157439962029457,0.07,3.816691241809167e-05,0.002123534679412842,0.002273624064400792
3,2,1461,2021-12-11,29129,0.028624643,0.01659568026661873,0.82,0.014187506400048733,0.013999717310070992,0.10047174990177155
3,2,1464,2021-12-11,29147,0.022514166,0.02539023756980896,0.28,0.004344935063272715,0.012869970872998238,0.033281903713941574
3,2,1469,2021-12-11,29163,0.0035789476,0.002778095193207264,0.815,0.0008922675042413175,0.0023283783812075853,0.007998179644346237
3,2,1471,2021-12-11,29167,0.0057819504,0.005785370711237192,0.47,5.578189666266553e-05,0.005744701251387596,0.006017153616994619
3,2,1476,2021-12-11,29177,0.0130096655,0.007527076173573732,0.745,0.01106210332363844,0.005983335897326469,0.06834553927183151
3,2,1478,2021-12-11,29183,0.005284339,0.005291489418596029,0.435,0.0005504286382347345,0.005230829119682312,0.011609951965510845
3,2,1479,2021-12-11,29197,0.034753256,0.03499744087457657,0.345,0.0067112985998392105,0.03361167386174202,0.10297506302595139
3,2,1481,2021-12-11,29209,0.0076307775,0.007622251287102699,0.57,4.754224210046232e-05,0.007495841942727566,0.007684674113988876
3,2,1487,2021-12-11,29229,0.0019302203,0.001782987266778946,0.75,0.00014771637506783009,0.0016735147219151258,0.0023432299494743347
3,2,1490,2021-12-11,30095,0.0004301122,0.00043861899757757783,0.065,1.0964235116261989e-05,0.00042820032103918493,0.00047271285438910127
3,2,1497,2021-12-11,33005,0.006818497,0.006056983023881912,0.575,0.020113378763198853,0.005857423413544893,0.13240593671798706
3,2,1507,2021-12-11,35028,0.005337767,0.005288832355290651,0.72,5.82097090955358e-05,0.00515775615349412,0.00536964600905776
3,2,1512,2021-12-11,35043,0.004237609,0.004262890201061964,0.125,2.279706131957937e-05,0.004227344412356615,0.00431476254016161
3,2,1517,2021-12-11,35057,0.0028947291,0.002873394638299942,0.8,2.675667747098487e-05,0.002808901946991682,0.002936533186584711
3,2,1520,2021-12-11,36001,0.0015344983,0.0023288801312446594,0.22,0.008612670004367828,0.0013622855767607689,0.0617670975625515
3,2,1526,2021-12-11,36021,0.0014496103,0.002136311726644635,0.23,0.008219895884394646,0.0011244133347645402,0.09215854853391647
3,2,1536,2021-12-11,36045,0.0071786377,0.013120230287313461,0.015,0.03677414357662201,0.007049910258501768,0.16797734797000885
3,2,1541,2021-12-11,36057,0.012197525,0.012574114836752415,0.3,0.021327074617147446,0.011780410073697567,0.11425856500864029
3,2,1546,2021-12-11,36069,0.007060764,0.00843801535665989,0.015,0.024204587563872337,0.007051568944007158,0.1530447006225586
3,2,1548,2021-12-11,36075,0.011288207,0.014188989996910095,0.295,0.04244378209114075,0.005811137147247791,0.1644952893257141
3,2,1549,2021-12-11,36083,0.003647655,0.00583637785166502,0.14,0.020199697464704514,0.003335964633151889,0.1007382795214653
3,2,1555,2021-12-11,36099,0.02625317,0.02625485137104988,0.5,0.01369556039571762,0.02102631889283657,0.11687340587377548
3,2,1556,2021-12-11,36101,0.0060594385,0.006387703120708466,0.325,0.019296789541840553,0.005460723768919706,0.0953914150595665
3,2,1564,2021-12-11,37057,0.0008985579,0.0009338433155789971,0.325,0.0001400180481141433,0.0008603581809438765,0.0017312581185251474
3,2,1578,2021-12-11,39047,0.004610307,0.0053957439959049225,0.215,0.01120744552463293,0.004433588590472937,0.05989788845181465
3,2,1582,2021-12-11,39063,0.03274424,0.03266461193561554,0.535,0.007547133602201939,0.03132706135511398,0.07153762876987457
3,2,1584,2021-12-11,39069,0.0101989405,0.013385375030338764,0.21,0.024832002818584442,0.008712994866073132,0.1302804797887802
3,2,1587,2021-12-11,39091,0.009445393,0.009447969496250153,0.5,0.013068458996713161,0.008426629938185215,0.0789366140961647
3,2,1588,2021-12-11,39093,0.004883114,0.008446041494607925,0.115,0.021129455417394638,0.004534948151558638,0.10689426958560944
3,2,1592,2021-12-11,39119,0.0025924284,0.003611465450376272,0.125,0.01754671335220337,0.0024146437644958496,0.0944381132721901
3,2,1597,2021-12-11,39135,0.0069309073,0.006882982328534126,0.52,0.005776854697614908,0.00619807792827487,0.05145782604813576
3,2,1599,2021-12-11,39143,0.009833759,0.01074154768139124,0.185,0.01842496544122696,0.009292148984968662,0.12269119918346405
3,2,1606,2021-12-11,40007,0.008889713,0.008739098906517029,0.7,0.00035969572491012514,0.008698769845068455,0.010291979648172855
3,2,1610,2021-12-11,40059,0.011068269,0.007336202077567577,0.93,0.0018920815782621503,0.006344732362776995,0.01766262762248516
3,2,1613,2021-12-11,40077,0.024611574,0.024613458663225174,0.455,2.6499903469812125e-05,0.024589769542217255,0.024698728695511818
3,2,1615,2021-12-11,40109,0.0037632056,0.004040428437292576,0.055,0.00042233720887452364,0.0037267752923071384,0.0065258038230240345
3,2,1625,2021-12-11,42049,0.0077944826,0.00804140791296959,0.495,0.01886836066842079,0.004496815614402294,0.12050283700227737
3,2,1637,2021-12-11,46011,0.0016007337,0.0013920097844675183,0.775,0.00023650855291634798,0.0011779421474784613,0.0030411777552217245
3,2,1649,2021-12-11,46041,0.0010490392,0.0010560625232756138,0.225,1.5660309145459905e-05,0.0010381988249719143,0.001109038945287466
3,2,1651,2021-12-11,46045,0.00074735313,0.0007520745857618749,0.455,3.2081774406833574e-05,0.0007179165841080248,0.0008678151061758399
3,2,1654,2021-12-11,46051,0.0030730737,0.002106182277202606,0.95,0.0004879172192886472,0.001765688881278038,0.004927190486341715
3,2,1662,2021-12-11,46067,0.017961679,0.017935942858457565,0.805,2.8420461603673175e-05,0.017866341397166252,0.018038488924503326
3,2,1665,2021-12-11,46073,0.0019284956,0.0018915755208581686,0.885,2.3589802367496304e-05,0.0018509882502257824,0.0019763971213251352
3,2,1666,2021-12-11,46075,0.0012027833,0.0012059689033776522,0.335,9.0565845312085e-06,0.0011936898808926344,0.001240466837771237
3,2,1668,2021-12-11,46079,0.0019801,0.0019591310992836952,0.52,0.00041088747093454003,0.001565989456139505,0.004478913731873035
3,2,1671,2021-12-11,46085,0.0016810916,0.001667196862399578,0.825,1.8048456695396453e-05,0.0016121906228363514,0.0017043910920619965
3,2,1675,2021-12-11,46093,0.0026507087,0.00271352706477046,0.4,0.0002937648678198457,0.002504846313968301,0.004441572818905115
3,2,1680,2021-12-11,46103,0.001233961,0.0012989030219614506,0.185,9.007871267385781e-05,0.0011873194016516209,0.0015626249369233847
3,2,1683,2021-12-11,46111,0.03638867,0.03638659417629242,0.585,7.779017323628068e-06,0.036377280950546265,0.03641846403479576
3,2,1690,2021-12-11,46127,0.006391816,0.006022429093718529,0.935,0.00020237032731529325,0.005678101442754269,0.006724931765347719
3,2,1694,2021-12-11,47009,0.007810455,0.007838688790798187,0.19,0.00038919327198527753,0.007798371370881796,0.010448486544191837
3,2,1699,2021-12-11,47045,0.023620931,0.022998761385679245,0.545,0.0075805895030498505,0.01721041277050972,0.04691885784268379
3,2,1702,2021-12-11,47053,0.018561082,0.02289310097694397,0.07,0.00689142057672143,0.01779351197183132,0.04520270600914955
3,2,1703,2021-12-11,47055,0.005534369,0.005543950013816357,0.465,6.92613612045534e-05,0.0054154894314706326,0.005643741227686405
3,2,1708,2021-12-11,47079,0.054631762,0.02928541786968708,0.94,0.009401406161487103,0.025335222482681274,0.06259817630052567
3,2,1712,2021-12-11,47093,0.009857081,0.009846269153058529,0.74,0.000242631824221462,0.009825526736676693,0.011476458981633186
3,2,1734,2021-12-11,48037,0.004132628,0.0036801439709961414,0.845,0.0003333944478072226,0.0034294158685952425,0.004719293210655451
3,2,1751,2021-12-11,48375,0.009178505,0.007999362424015999,0.895,0.0007944091921672225,0.007142218761146069,0.011380148120224476
3,2,1752,2021-12-11,48381,0.0075895884,0.00594162754714489,0.895,0.000950380286667496,0.004962875507771969,0.009759500622749329
3,2,1756,2021-12-11,49001,0.097211294,0.0972026064991951,0.64,3.533251219778322e-05,0.097072072327137,0.09722555428743362
3,2,1766,2021-12-11,50001,0.0026402075,0.003495638258755207,0.16,0.0047728512436151505,0.0024689005222171545,0.03190843388438225
3,2,1767,2021-12-11,50003,0.029049495,0.028411272913217545,0.51,0.04647017642855644,0.010637692175805569,0.1899770051240921
3,2,1770,2021-12-11,50009,0.00884535,0.010301199741661549,0.33,0.009742354042828083,0.007039306685328484,0.06547146290540695
3,2,1772,2021-12-11,50013,0.0021891731,0.0022136750631034374,0.265,0.007014213129878044,0.002103774808347225,0.04919635131955147
3,2,1781,2021-12-11,51155,0.0013031841,0.0013053026050329208,0.495,0.0003087726072408259,0.001148699433542788,0.0029993446078151464
3,2,1784,2021-12-11,53005,0.0010816768,0.001214056508615613,0.005,0.00019268349569756538,0.0010806432692334056,0.0021822184789925814
3,2,1788,2021-12-11,54033,0.007757076,0.008177194744348526,0.26,0.015075396746397018,0.007308607921004295,0.08821643888950348
3,2,1798,2021-12-11,55021,0.019531315,0.02015811577439308,0.175,0.0040897103026509285,0.018960047513246536,0.05497337132692337
3,2,1804,2021-12-11,55035,0.013619669,0.013932695612311363,0.375,0.0016740140272304416,0.012234297581017017,0.028137579560279846
3,2,1810,2021-12-11,55053,0.028763477,0.022495780140161514,0.96,0.003564371494576335,0.019145743921399117,0.061423469334840775
3,2,1813,2021-12-11,55059,0.010409478,0.012810885906219482,0.275,0.018921388313174248,0.009417918510735035,0.12509272992610931
3,2,1820,2021-12-11,55079,0.0036662966,0.0035523008555173874,0.565,0.012925626710057259,0.0029294397681951523,0.10723596811294556
3,2,1821,2021-12-11,55081,0.015959453,0.017880644649267197,0.04,0.0027768139261752367,0.015119084157049656,0.03588990122079849
3,2,1825,2021-12-11,55091,0.01838421,0.01753416657447815,0.715,0.0029364379588514566,0.015593509189784527,0.03838018327951431
3,2,1828,2021-12-11,55099,0.06669844,0.03677326440811157,0.71,0.04270469769835472,0.008502128534018993,0.1922169029712677
3,2,1830,2021-12-11,55103,0.025243623,0.026962395757436752,0.375,0.010697370395064354,0.021713661029934883,0.07956699281930923
3,2,1840,2021-12-11,55137,0.023281043,0.022395405918359756,0.86,0.0007829396054148674,0.021387340500950813,0.026926642283797264
3,2,1853,2021-12-11,56037,0.0013158368,0.0013258237158879638,0.475,0.0001617869274923578,0.0011988916667178273,0.002007674193009734
3,2,1855,2021-12-11,56045,0.00279865,0.0028003777842968702,0.3,5.492171567311743e-06,0.0027979020960628986,0.002823163289576769
3,2,1870,2022-06-08,05057,0.004927507,0.004881136119365692,0.84,3.23335625580512e-05,0.004842876456677914,0.004956038203090429
3,2,1886,2022-06-08,08045,0.0027411291,0.004387829918414354,0.11,0.004020377993583679,0.0024629069957882166,0.02295665442943573
3,2,1892,2022-06-08,12015,0.00336233,0.0034626417327672243,0.245,0.00019760054419748485,0.0032830105628818274,0.004016060847789049
3,2,1896,2022-06-08,12059,0.0053134803,0.005293866153806448,0.9,9.642452823754866e-06,0.005286038853228092,0.005319476127624512
3,2,1897,2022-06-08,12109,0.0031619775,0.0031796102412045,0.085,1.9598559447331354e-05,0.0031302841380238533,0.003258007811382413
3,2,1914,2022-06-08,17137,0.0020142666,0.001924445852637291,0.74,8.05518138804473e-05,0.0018563760677352548,0.002160419709980488
3,2,1915,2022-06-08,17183,0.0019159337,0.0019119263160973787,0.765,5.529348982236115e-06,0.001899255788885057,0.0019390679663047194
3,2,1918,2022-06-08,18063,0.0016520373,0.001665936317294836,0.16,1.8454114979249425e-05,0.0016389746451750398,0.0017154663801193237
3,2,1928,2022-06-08,19053,0.004430195,0.00435528252273798,0.95,4.979807999916375e-05,0.004247481003403664,0.004671842325478792
3,2,1929,2022-06-08,19145,0.004003347,0.0039742859080433846,0.55,0.00019310950301587582,0.003534250892698765,0.004212520085275173
3,2,1937,2022-06-08,21089,0.0017090321,0.0017073133494704962,0.53,2.3265083655132912e-05,0.0016800669254735112,0.001776828314177692
3,2,1944,2022-06-08,22115,0.011782862,0.011776030994951725,0.775,6.993680926825618e-06,0.01175587810575962,0.01179674081504345
3,2,1950,2022-06-08,24023,0.0027373384,0.0027395912911742926,0.345,9.054316251422279e-06,0.002724430989474058,0.0027642492204904556
3,2,1953,2022-06-08,24037,0.0027327524,0.0027277301996946335,0.85,3.851902874885127e-06,0.002722207922488451,0.002737108850851655
3,2,1954,2022-06-08,26021,0.0036420657,0.0036395294591784477,0.675,3.568431793610216e-06,0.003635253058746457,0.0036483604926615953
3,2,1968,2022-06-08,28073,0.0023130102,0.0022932784631848335,0.965,9.084043995244429e-06,0.002285013673827052,0.0023144588340073824
3,2,1973,2022-06-08,28133,0.016346565,0.016345780342817307,0.56,2.915202912845416e-06,0.0163376796990633,0.016348229721188545
3,2,1977,2022-06-08,28153,0.007755786,0.00775520084425807,0.665,1.276783677894855e-06,0.007751141209155321,0.0077585880644619465
3,2,1998,2022-06-08,29195,0.010293899,0.010313269682228565,0.27,1.9182136384188198e-05,0.010264807380735874,0.010332453064620495
3,2,2003,2022-06-08,30087,0.0006541332,0.0006312308833003044,0.88,2.8779411877621897e-05,0.0005522022256627679,0.000665529165416956
3,2,2010,2022-06-08,32019,0.005114204,0.00596381351351738,0.14,0.0028702346608042717,0.005049331579357386,0.019138868898153305
3,2,2014,2022-06-08,32510,0.009658631,0.010271742008626461,0.12,0.0013623248087242246,0.009522671811282635,0.015224827453494072
3,2,2015,2022-06-08,34005,0.0037543527,0.0033470946364104748,0.84,0.00027450270135886967,0.003103099763393402,0.004123144783079624
3,2,2022,2022-06-08,35013,0.0008685703,0.0009011561633087695,0.11,3.2199546694755554e-05,0.000852955796290189,0.001000529620796442
3,2,2038,2022-06-08,37105,0.0014052922,0.0014171795919537544,0.02,6.541466973430943e-06,0.0014025864657014608,0.0014330155681818724
3,2,2047,2022-06-08,37183,0.0014696022,0.0014900509268045425,0.0,1.1500803339004051e-05,0.001470409450121224,0.0015306624118238688
3,2,2050,2022-06-08,39013,0.00808745,0.008087056688964367,0.535,3.2157292935153237e-06,0.008079740218818188,0.008094237186014652
3,2,2053,2022-06-08,39021,0.0039177653,0.003916764631867409,0.63,2.614365939734853e-06,0.003910639323294163,0.003923393320292234
3,2,2054,2022-06-08,39023,0.007880632,0.007894599810242653,0.09,1.1163189810758922e-05,0.007864178158342838,0.007927303202450275
3,2,2064,2022-06-08,39061,0.01358513,0.013586834073066711,0.345,4.4222897486179136e-06,0.013580634258687496,0.013597166165709496
3,2,2068,2022-06-08,39087,0.002120076,0.002122511388733983,0.47,2.5055856895050965e-05,0.0020827422849833965,0.002216567751020193
3,2,2076,2022-06-08,39135,0.020167679,0.020172348245978355,0.36,1.1986258869001176e-05,0.02015789970755577,0.02019726298749447
3,2,2079,2022-06-08,39159,0.0010370846,0.001023320248350501,0.69,1.761026396707166e-05,0.000982422730885446,0.0010559862712398171
3,2,2080,2022-06-08,39163,0.033099044,0.033088892698287964,0.84,1.1110666491731536e-05,0.033051811158657074,0.03311584144830704
3,2,2081,2022-06-08,39165,0.031218242,0.031218893826007843,0.44,3.259250433984562e-06,0.031215040013194084,0.03122701682150364
3,2,2085,2022-06-08,40033,0.046400543,0.046403709799051285,0.345,9.536805919196922e-06,0.04638897627592087,0.046429846435785294
3,2,2089,2022-06-08,40063,0.0055940095,0.005423291586339474,0.955,9.950620733434334e-05,0.005190074443817139,0.005660705734044313
3,2,2102,2022-06-08,40141,0.024833579,0.024833466857671738,0.505,6.673506504739635e-06,0.02482471987605095,0.02485170029103756
3,2,2110,2022-06-08,45013,0.0025238248,0.002549540949985385,0.395,7.165193528635427e-05,0.002389144152402878,0.0026370009873062372
3,2,2126,2022-06-08,46041,0.0038181064,0.003689639735966921,0.995,0.00012162623897893354,0.0034005942288786173,0.003829144174233079
3,2,2135,2022-06-08,46073,0.002694009,0.002771788276731968,0.25,7.536141492892057e-05,0.002612335840240121,0.002878654282540083
3,2,2136,2022-06-08,46075,0.04120049,0.0413525253534317,0.025,8.049137977650389e-05,0.04116657376289368,0.041518863290548325
3,2,2139,2022-06-08,46085,0.0054998714,0.005536647979170084,0.0,2.3084845452103764e-05,0.005502399057149887,0.005595575552433729
3,2,2140,2022-06-08,46093,0.00096763,0.0009579614270478487,0.63,1.9026580048375763e-05,0.0009223974775522947,0.0009872838854789734
3,2,2142,2022-06-08,46103,0.002368005,0.0023510341998189688,0.695,5.209935989114456e-05,0.0021840755362063646,0.002422288293018937
3,2,2143,2022-06-08,46105,0.0061035664,0.005949836224317551,0.715,0.00033636708394624293,0.005142783746123314,0.006306111812591553
3,2,2151,2022-06-08,48009,0.0052482,0.005240267608314753,0.835,4.975272986484924e-06,0.00523416930809617,0.005252481438219547
3,2,2164,2022-06-08,48169,0.0030939847,0.0029813251458108425,0.965,4.818679371965118e-05,0.002904595574364066,0.003144335001707077
3,2,2174,2022-06-08,48295,0.0026996713,0.0025723378639668226,0.985,5.7839799410430714e-05,0.002468006918206811,0.002706666477024555
3,2,2177,2022-06-08,48345,0.004786527,0.004783491604030132,0.77,2.4721191493881634e-06,0.004779632668942213,0.004790286533534527
3,2,2180,2022-06-08,48375,0.0032545852,0.003244765568524599,0.74,1.1037969670724124e-05,0.0032228208146989346,0.003262812737375498
3,2,2181,2022-06-08,48381,0.0030594612,0.0030503515154123306,0.745,1.2926519957545679e-05,0.0030219024047255516,0.003094606101512909
3,2,2187,2022-06-08,49041,0.0028203495,0.002818794222548604,0.79,1.854376250776113e-06,0.0028143750969320536,0.0028207788709551096
3,2,2191,2022-06-08,51035,0.0011256478,0.0011332830181345344,0.36,2.2063737560529262e-05,0.0011061911936849356,0.0011875429190695286
3,2,2197,2022-06-08,51073,0.002826063,0.0027204048819839954,0.95,4.950902803102508e-05,0.0026615073438733816,0.0028470875695347786
3,2,2199,2022-06-08,51077,0.0064467965,0.00644313357770443,0.945,4.011184955743374e-06,0.0064332433976233006,0.006449350621551275
3,2,2200,2022-06-08,51085,0.00323671,0.003207823261618614,0.83,2.163977660529781e-05,0.0031857923604547977,0.003268897533416748
3,2,2205,2022-06-08,51139,0.002194158,0.002184938406571746,0.52,0.00011299329344183207,0.0020562552381306887,0.002440252574160695
3,2,2217,2022-06-08,54033,0.010432969,0.010436859913170338,0.395,1.694001730356831e-05,0.01039766613394022,0.010492656379938126
3,2,2218,2022-06-08,54035,0.002270773,0.002267620526254177,0.615,1.103994782170048e-05,0.0022255564108490944,0.0022896158043295145
3,2,2222,2022-06-08,54051,0.021139504,0.02113814651966095,0.52,1.8948756405734457e-05,0.021117357537150383,0.02118576504290104
3,2,2226,2022-06-08,54065,0.021933766,0.021916592493653297,0.805,1.3335768016986549e-05,0.021895939484238625,0.021946702152490616
3,2,2235,2022-06-08,55079,0.0049249893,0.00489780493080616,0.905,2.209169542766176e-05,0.004828198347240686,0.0049597895704209805
3,2,2239,2022-06-08,56039,0.0013747325,0.0013696078676730394,0.54,7.061052019707859e-05,0.0013072234578430653,0.0015572139527648687
3,2,2240,2022-06-08,56045,0.0029694643,0.0029293010011315346,0.79,6.446028419304639e-05,0.002730049891397357,0.003147460985928774
3,2,2241,2024-02-27,01071,0.0009811334,0.0010302946902811527,0.28,0.00013344692706596106,0.0009002336300909519,0.0014513022033497691
3,2,2246,2024-02-27,04005,0.009022087,0.01130419410765171,0.23,0.0057013873010873795,0.00841365847736597,0.03733331710100174
3,2,2251,2024-02-27,06023,0.015716763,0.015343759208917618,0.615,0.01233406737446785,0.0123811149969697,0.076872318983078
3,2,2257,2024-02-27,06039,0.0019641716,0.0026284558698534966,0.155,0.008144834078848362,0.0016722115688025951,0.04537764936685562
3,2,2264,2024-02-27,06071,0.001521653,0.0015914409887045622,0.105,0.0006565961521118879,0.0015178347239270806,0.0059611741453409195
3,2,2267,2024-02-27,06079,0.001205054,0.0018589419778436422,0.055,0.02160865254700184,0.001189282862469554,0.12794603407382965
3,2,2274,2024-02-27,08027,0.007843019,0.0056866854429244995,0.71,0.00515625299885869,0.003838807810097933,0.03298219293355942
3,2,2277,2024-02-27,08045,0.005317877,0.0054635414853692055,0.16,0.0002569758507888764,0.0052886586636304855,0.006519265007227659
3,2,2278,2024-02-27,08049,0.0011312726,0.001135657075792551,0.32,7.900081072875764e-06,0.0011267884401604533,0.0011606861371546984
3,2,2289,2024-02-27,08107,0.0019650038,0.0019803112372756004,0.28,4.0941024053609e-05,0.0019461242482066154,0.0021441259887069464
3,2,2290,2024-02-27,12011,0.000933381,0.0010544154793024063,0.095,0.00014823273522779346,0.0008548615733161569,0.0020768027752637863
3,2,2303,2024-02-27,13219,0.0037533767,0.003745320253074169,0.655,2.8427557481336407e-05,0.0036665445659309626,0.0038007935509085655
3,2,2307,2024-02-27,13295,0.0015276055,0.0014899859670549631,0.77,4.962330422131345e-05,0.0014672486577183008,0.0017581603024154902
3,2,2315,2024-02-27,16045,0.006065379,0.0069684796035289764,0.15,0.0014062848640605807,0.005809633526951075,0.010979688726365566
3,2,2317,2024-02-27,16069,0.002279117,0.0022928938269615173,0.205,2.0543369828374125e-05,0.002257616724818945,0.0023598582483828068
3,2,2323,2024-02-27,17037,0.0021229917,0.00227560056373477,0.23,0.0005006352439522743,0.0018431406933814287,0.0048139579594135284
3,2,2326,2024-02-27,17059,0.0025111977,0.002198545727878809,0.89,0.00019148504361510277,0.001936118584126234,0.0027478099800646305
3,2,2335,2024-02-27,17165,0.0018253721,0.0017170071369037032,0.825,8.861252717906609e-05,0.0016078745247796178,0.0020621856674551964
3,2,2345,2024-02-27,18063,0.0016146494,0.0017124402802437544,0.145,0.00018940321751870215,0.0015535851707682014,0.002677228534594178
3,2,2356,2024-02-27,18161,0.002226758,0.0016441716579720378,0.905,0.00031407270580530167,0.0014704879140481353,0.0034061449114233255
3,2,2362,2024-02-27,21027,0.002180074,0.00205501401796937,0.64,0.00029166406602598727,0.0018025999888777733,0.0032246410846710205
3,2,2363,2024-02-27,21039,0.0014173238,0.0014251654502004385,0.445,6.780822150176391e-05,0.0013564719120040536,0.0016314456006512046
3,2,2368,2024-02-27,21065,0.0019135049,0.001916092587634921,0.46,6.794014916522428e-05,0.0018815563526004553,0.002200240967795253
3,2,2371,2024-02-27,21075,0.0016163411,0.0014566367026418447,0.925,8.01111018517986e-05,0.0013636649819090962,0.001745704561471939
3,2,2381,2024-02-27,21145,0.0013456887,0.0013915726449340582,0.13,6.455079710576683e-05,0.0013124204706400633,0.0015947649953886867
3,2,2383,2024-02-27,21151,0.0015067082,0.0015756472712382674,0.37,0.00026930368039757013,0.0013594713527709246,0.002511948114261031
3,2,2384,2024-02-27,21173,0.0017114384,0.001717287814244628,0.49,0.000303339387755841,0.0014830469153821468,0.0027445193845778704
3,2,2385,2024-02-27,21177,0.0016812686,0.0014601706061512232,0.855,0.00014015359920449555,0.0013090006541460752,0.0019794690888375044
3,2,2388,2024-02-27,21183,0.0023101892,0.0018367788288742304,0.92,0.00023376541503239423,0.0016304469900205731,0.0026659350842237473
3,2,2391,2024-02-27,21209,0.0024945727,0.0022690179757773876,0.625,0.0006686123088002205,0.0016727414913475513,0.005124340765178204
3,2,2392,2024-02-27,21225,0.004181131,0.004179679788649082,0.615,1.2928365322295576e-05,0.004166956525295973,0.004247611854225397
3,2,2400,2024-02-27,25013,0.0023345153,0.003619896713644266,0.07,0.006417403928935528,0.0021199954207986593,0.05082269385457039
3,2,2403,2024-02-27,25023,0.0027659372,0.0033431146293878555,0.285,0.009977329522371292,0.002183409407734871,0.06104283779859543
3,2,2416,2024-02-27,29181,0.0008842657,0.000857864273712039,0.74,2.0600376956281252e-05,0.0008296256419271231,0.0009108116501010954
3,2,2418,2024-02-27,29207,0.001004984,0.000987705308943987,0.715,2.936633063654881e-05,0.0009475745027884841,0.0010841647163033485
3,2,2423,2024-02-27,30027,0.00083487376,0.0007716657128185034,0.875,5.275469447951764e-05,0.0006839074194431305,0.000865299254655838
3,2,2424,2024-02-27,30029,0.003351859,0.003233281895518303,0.825,0.00012075398990418762,0.0029936167411506176,0.0034196595661342144
3,2,2425,2024-02-27,30031,0.002260269,0.002242560964077711,0.805,2.0925272110616788e-05,0.0021966262720525265,0.002268047071993351
3,2,2439,2024-02-27,30101,0.0014030376,0.0013779141008853912,0.715,3.065048804273829e-05,0.0013257934479042888,0.0014365371316671371
3,2,2447,2024-02-27,32019,0.006515745,0.006866490468382835,0.27,0.030790727585554123,0.006362038664519787,0.13199563324451447
3,2,2453,2024-02-27,32510,0.035667732,0.03690974786877632,0.1,0.0043463557958602905,0.035374030470848083,0.0681401714682579
3,2,2455,2024-02-27,34039,0.002077587,0.0027785173151642084,0.185,0.00871670339256525,0.0018510720692574978,0.050766438245773315
3,2,2460,2024-02-27,35013,0.0019144672,0.0029383301734924316,0.18,0.003427365096285939,0.0017472364706918597,0.016749901697039604
3,2,2470,2024-02-27,35043,0.005540128,0.01665300503373146,0.14,0.03605973348021507,0.004416679497808218,0.1285204440355301
3,2,2474,2024-02-27,35055,0.012521812,0.01633334346115589,0.265,0.01826944388449192,0.01145127322524786,0.09133196622133255
3,2,2475,2024-02-27,35057,0.015047011,0.015885639935731888,0.375,0.0018987228395417333,0.01077253557741642,0.017003482207655907
3,2,2478,2024-02-27,36001,0.009929292,0.009521158412098885,0.79,0.002226796932518482,0.007039183285087347,0.027513636276125908
3,2,2482,2024-02-27,36021,0.0014324536,0.001475389814004302,0.13,0.00132340332493186,0.0014216098934412003,0.010258409194648266
3,2,2490,2024-02-27,36045,0.0054652025,0.004994233138859272,0.545,0.008206570520997047,0.003417101688683033,0.06313668191432953
3,2,2493,2024-02-27,36057,0.025259791,0.024293065071105957,0.665,0.009008185006678104,0.013159926049411297,0.08567021787166595
3,2,2495,2024-02-27,36069,0.011943892,0.01174936257302761,0.58,0.0015025510219857097,0.006313709542155266,0.012550060637295246
3,2,2496,2024-02-27,36075,0.022187062,0.021780652925372124,0.66,0.002763329306617379,0.014734901487827301,0.03545791655778885
3,2,2498,2024-02-27,36083,0.0045872135,0.004479261115193367,0.645,0.008226596750319004,0.0041686734184622765,0.08779752999544144
3,2,2499,2024-02-27,36085,0.002094656,0.0033899033442139626,0.01,0.009916361421346664,0.0020612028893083334,0.05865250527858734
3,2,2513,2024-02-27,39023,0.009842543,0.009746206924319267,0.91,0.00017761188792064786,0.00899032223969698,0.009882346726953983
3,2,2518,2024-02-27,39087,0.0014826667,0.001524179708212614,0.405,0.000507091055624187,0.0012246455298736691,0.0036178219597786665
3,2,2523,2024-02-27,39119,0.0035769301,0.004043714143335819,0.395,0.0031068758107721806,0.0026665960904210806,0.019450141116976738
3,2,2524,2024-02-27,39121,0.0023041249,0.002159588038921356,0.555,0.001631448743864894,0.001589309424161911,0.009211557917296886
3,2,2526,2024-02-27,39129,0.0016228057,0.0018190223490819335,0.185,0.0006394540541805327,0.0015447847545146942,0.005333711858838797
3,2,2527,2024-02-27,39135,0.002310078,0.002305051777511835,0.53,0.0001386969379382208,0.0022052612621337175,0.0029523607809096575
3,2,2529,2024-02-27,40007,0.007421939,0.004174487665295601,0.74,0.0051413169130682945,0.0022533894516527653,0.02607160061597824
3,2,2533,2024-02-27,40059,0.011184974,0.004131822846829891,0.855,0.003955612890422344,0.0026337832678109407,0.01895611174404621
3,2,2544,2024-02-27,45023,0.009581895,0.009655560366809368,0.245,0.00010280934657203034,0.009275557473301888,0.009740186855196953
3,2,2546,2024-02-27,45055,0.0016074156,0.0013794128317385912,0.73,0.0003374134248588234,0.0010804348858073354,0.0031204642727971077
3,2,2547,2024-02-27,45059,0.000944549,0.00087394641013816,0.62,0.00019031630654353648,0.0007348711369559169,0.0018360636895522475
3,2,2555,2024-02-27,46045,0.0011438678,0.0011380963260307908,0.72,6.46294211037457e-06,0.0011294223368167877,0.001156294601969421
3,2,2557,2024-02-27,46085,0.0012534459,0.0012641132343560457,0.145,1.3098642739350908e-05,0.0012485288316383958,0.0013000662438571453
3,2,2559,2024-02-27,47009,0.005761786,0.0056625846773386,0.995,0.00013227720046415925,0.005208168178796768,0.005764191970229149
3,2,2565,2024-02-27,47147,0.0009440676,0.0010048995027318597,0.225,0.00011363021621946245,0.0008793282322585583,0.001377965323626995
3,2,2589,2024-02-27,48295,0.005702351,0.0034420089796185493,0.755,0.0029432247392833233,0.0020878734067082405,0.016827568411827087
3,2,2595,2024-02-27,48375,0.003676785,0.0024902326986193657,0.8,0.0009692481253296137,0.0019343296298757195,0.0060802036896348
3,2,2596,2024-02-27,48381,0.0028924246,0.0022339271381497383,0.835,0.00045029056491330266,0.0019658287055790424,0.004044727422297001
3,2,2600,2024-02-27,49001,0.027601723,0.028454773128032684,0.315,0.0222501028329134,0.026870885863900185,0.14748074114322662
3,2,2603,2024-02-27,49007,0.0098768165,0.011731334961950779,0.21,0.01293971762061119,0.009288216941058636,0.10029354691505432
3,2,2615,2024-02-27,49039,0.01258921,0.013684110715985298,0.125,0.0029593156650662422,0.01241568848490715,0.032015468925237656
3,2,2616,2024-02-27,49041,0.013361998,0.01437243539839983,0.19,0.005276500713080168,0.013048922643065453,0.054195836186409
3,2,2624,2024-02-27,50001,0.006912364,0.007060045376420021,0.135,0.0019038680475205183,0.00686365133151412,0.02383122220635414
3,2,2625,2024-02-27,50003,0.019810596,0.019223853945732117,0.51,0.05683194100856781,0.012691071256995201,0.23250927031040192
3,2,2628,2024-02-27,50009,0.032021433,0.03261331468820572,0.26,0.02678082510828972,0.0319424644112587,0.17258115112781525
3,2,2630,2024-02-27,50013,0.0048362454,0.00529162073507905,0.37,0.006778977811336517,0.004128037486225367,0.04266767576336861
3,2,2642,2024-02-27,51770,0.005884969,0.0058252280578017235,0.94,9.602100908523425e-05,0.005484368652105331,0.005899890325963497
3,2,2646,2024-02-27,54051,0.003380677,0.0033916253596544266,0.48,0.0004895399906672537,0.0030582102481275797,0.008754529058933258
3,2,2652,2024-02-27,54097,0.0020968986,0.002094406634569168,0.505,0.0010230374755337834,0.0016531555447727442,0.009374409914016724
3,2,2658,2024-02-27,56037,0.001151143,0.0011105649173259735,0.56,0.0005616984562948346,0.0008899483946152031,0.003952160011976957
3,3,3,2019-03-13,01021,0.010754981,0.01118804607540369,0.055,0.00016098457854241133,0.010697348043322563,0.011280510574579239
3,3,5,2019-03-13,01043,0.0041680764,0.004130513407289982,0.785,9.144646173808724e-05,0.003856443567201495,0.004181037191301584
3,3,10,2019-03-13,01075,0.007521109,0.007316363975405693,0.935,7.979338261066005e-05,0.00730107119306922,0.007636514957994223
3,3,16,2019-03-13,01125,0.0026853946,0.002237314824014902,0.72,0.0005588180501945317,0.0019452441483736038,0.003928350284695625
3,3,24,2019-03-13,08017,0.17206132,0.17208586633205414,0.49,0.0004005609662272036,0.17097245156764984,0.17228087782859802
3,3,30,2019-03-13,08089,0.0076506874,0.0061719720251858234,0.735,0.0013281231513246894,0.005521125625818968,0.009922380559146404
3,3,34,2019-03-13,17003,0.01638738,0.015959803014993668,0.83,0.000335594144416973,0.015898937359452248,0.017276523634791374
3,3,39,2019-03-13,17065,0.0063752723,0.00518490094691515,0.66,0.0027591586112976074,0.0038159722462296486,0.01293708011507988
3,3,43,2019-03-13,17081,0.005352663,0.004451693035662174,0.67,0.0022235559299588203,0.0037392214871942997,0.011487068608403206
3,3,50,2019-03-13,17179,0.0052138874,0.005748978815972805,0.355,0.0022380384616553783,0.004545317031443119,0.012016315013170242
3,3,51,2019-03-13,17181,0.010737759,0.007429386489093304,0.835,0.0019209017045795918,0.00620702188462019,0.01306074671447277
3,3,53,2019-03-13,17191,0.0053792186,0.005220118910074234,0.52,0.0026760143227875233,0.004118793644011021,0.012777856551110744
3,3,58,2019-03-13,18039,0.0029405055,0.003408001735806465,0.22,0.0017730329418554902,0.0026403688825666904,0.008295864798128605
3,3,62,2019-03-13,18071,0.0060024527,0.00577172264456749,0.625,0.0007327728089876473,0.005428866483271122,0.00807252712547779
3,3,65,2019-03-13,18091,0.0059458762,0.004613649565726519,0.72,0.0019165131961926818,0.0036849856842309237,0.010484481230378151
3,3,76,2019-03-13,18163,0.0053367037,0.0059937783516943455,0.06,0.001285633770748973,0.005312093999236822,0.009931061416864395
3,3,86,2019-03-13,20129,0.012911811,0.013053715229034424,0.415,0.0016415663994848728,0.012625989504158497,0.018046261742711067
3,3,88,2019-03-13,20153,0.016886553,0.01591154932975769,0.695,0.002087602624669671,0.01524706557393074,0.022173410281538963
3,3,92,2019-03-13,20193,0.01839396,0.014390531927347183,0.87,0.002033360069617629,0.013470195233821869,0.02002822421491146
3,3,103,2019-03-13,21059,0.011218444,0.010736970230937004,0.6,0.0016217584488913417,0.009689733386039734,0.015066311694681644
3,3,104,2019-03-13,21061,0.016334144,0.01647418737411499,0.17,8.489823085255921e-05,0.016282351687550545,0.01655091904103756
3,3,111,2019-03-13,21105,0.007694013,0.008949191309511662,0.095,0.0023555289953947067,0.007536038290709257,0.0155293308198452
3,3,120,2019-03-13,21187,0.005895312,0.005323375575244427,0.715,0.0006702531827613711,0.004810551647096872,0.007120080757886171
3,3,121,2019-03-13,21191,0.005859804,0.0053781913593411446,0.81,0.0004165148420725018,0.005111872684210539,0.006649738643318415
3,3,124,2019-03-13,21219,0.010064412,0.009015166200697422,0.665,0.001913150423206389,0.008050915785133839,0.014420866034924984
3,3,129,2019-03-13,21229,0.008838925,0.00861479714512825,0.565,0.0010342992609366775,0.00793350301682949,0.011570201255381107
3,3,132,2019-03-13,22027,0.00859368,0.0034447009675204754,0.945,0.0019405768252909184,0.002604088746011257,0.009212540462613106
3,3,140,2019-03-13,26157,0.0025092193,0.003529718378558755,0.015,0.0013554642209783196,0.002457113703712821,0.007617360912263393
3,3,144,2019-03-13,28025,0.0017757105,0.001112311496399343,0.95,0.00024785372079350054,0.0009912872919812799,0.0018903218442574143
3,3,149,2019-03-13,28105,0.001912413,0.0012439033016562462,0.985,0.00021677520999219269,0.0011277978774160147,0.001955315237864852
3,3,151,2019-03-13,29017,0.009294005,0.004802921321243048,0.865,0.0023273706901818514,0.0036519335117191076,0.012485210783779621
3,3,155,2019-03-13,29157,0.013736088,0.005474084988236427,0.93,0.0033465279266238213,0.004146046470850706,0.016748983412981033
3,3,161,2019-03-13,34013,0.001553582,0.001582952681928873,0.225,3.092736005783081e-05,0.0015140441246330738,0.0016377769643440843
3,3,167,2019-03-13,35037,0.022930697,0.020963134244084358,0.77,0.0015589684480801225,0.01979416236281395,0.02492908388376236
3,3,176,2019-03-13,39045,0.0058489703,0.006350103300064802,0.06,0.00042677659075707197,0.00578492134809494,0.00756977591663599
3,3,181,2019-03-13,39071,0.02036783,0.02009221725165844,0.76,0.0002667212684173137,0.019856976345181465,0.020883912220597267
3,3,187,2019-03-13,39127,0.008584995,0.008076765574514866,0.94,0.00027957046404480934,0.007600138429552317,0.008797509595751762
3,3,189,2019-03-13,39131,0.023718929,0.023564022034406662,0.82,0.00014085839211475104,0.023364802822470665,0.023956280201673508
3,3,196,2019-03-13,40019,0.0037382308,0.004062563180923462,0.395,0.0018727579154074192,0.0032502247486263514,0.009572425857186317
3,3,197,2019-03-13,40025,0.013544682,0.010094286873936653,0.805,0.0022676701191812754,0.008435073308646679,0.015754500404000282
3,3,202,2019-03-13,40045,0.015686644,0.015804637223482132,0.245,0.0007635140209458768,0.015648337081074715,0.01877443492412567
3,3,207,2019-03-13,40065,0.010451654,0.012591523118317127,0.08,0.0038916917983442545,0.010209091939032078,0.023103587329387665
3,3,209,2019-03-13,40083,0.008566141,0.008413389325141907,0.525,0.0030194188002496958,0.0071901180781424046,0.01866547018289566
3,3,213,2019-03-13,40123,0.004495288,0.003460954176262021,0.765,0.0010677307145670056,0.0029943077825009823,0.0068794237449765205
3,3,223,2019-03-13,47161,0.018038569,0.011494681239128113,0.965,0.002419368363916874,0.010190670378506184,0.018928464502096176
3,3,242,2019-03-13,48111,0.012232247,0.012103330343961716,0.545,0.0011326087405905128,0.011505055241286755,0.015478778630495071
3,3,248,2019-03-13,48133,0.048414845,0.04879174381494522,0.435,0.0025871372781693935,0.04173678159713745,0.050193022936582565
3,3,258,2019-03-13,48181,0.0043879207,0.002847048919647932,0.755,0.0012291078455746174,0.0023000689689069986,0.0064581530168652534
3,3,266,2019-03-13,48211,0.02635727,0.026171568781137466,0.735,0.00024554392439313233,0.026152750477194786,0.027102431282401085
3,3,273,2019-03-13,48237,0.01715876,0.017199181020259857,0.16,0.0008901237742975354,0.017111821100115776,0.020691459998488426
3,3,274,2019-03-13,48243,0.004161486,0.0057214852422475815,0.205,0.005098766181617975,0.0036980588920414448,0.021168552339076996
3,3,275,2019-03-13,48251,0.010704228,0.01026296615600586,0.96,0.00033290358260273933,0.009572464972734451,0.010715046897530556
3,3,279,2019-03-13,48279,0.011030139,0.010865049436688423,0.53,0.002523055300116539,0.009740913286805153,0.018990829586982727
3,3,281,2019-03-13,48301,0.06696521,0.06567572057247162,0.97,0.0027718401979655027,0.05800635367631912,0.06700947880744934
3,3,286,2019-03-13,48335,0.0082367975,0.007815342396497726,0.59,0.0018039960414171219,0.007333817891776562,0.013911672867834568
3,3,293,2019-03-13,48359,0.052255336,0.052736856043338776,0.11,0.0002469449827913195,0.05205947160720825,0.05291645601391792
3,3,295,2019-03-13,48367,0.0030130036,0.0032890127040445805,0.1,0.0016013073036447167,0.002986425766721368,0.008773181587457657
3,3,299,2019-03-13,48377,0.026155198,0.026113709434866905,0.935,7.51987099647522e-05,0.02591436170041561,0.026159288361668587
3,3,302,2019-03-13,48389,0.011773584,0.008033256977796555,0.755,0.004781781230121851,0.0075879208743572235,0.024658014997839928
3,3,303,2019-03-13,48393,0.07325308,0.07339513301849365,0.32,0.0002579766442067921,0.07267136871814728,0.07355547696352005
3,3,305,2019-03-13,48401,0.02152156,0.02307504042983055,0.05,0.0006115841097198427,0.021184002980589867,0.023504631593823433
3,3,306,2019-03-13,48415,0.027932934,0.028548849746584892,0.005,0.00025882950285449624,0.027884213253855705,0.029082126915454865
3,3,307,2019-03-13,48421,0.020154001,0.017623070627450943,0.885,0.001305165933445096,0.016671618446707726,0.02083229459822178
3,3,310,2019-03-13,48437,0.026672646,0.018834304064512253,0.82,0.004157727118581533,0.016858050599694252,0.02965633012354374
3,3,323,2021-03-26,01021,0.019072233,0.019665155559778214,0.14,0.000412095949286595,0.018779171630740166,0.02018926851451397
3,3,331,2021-03-26,01043,0.016873617,0.01700136438012123,0.115,0.00028055341681465507,0.01684451475739479,0.017768757417798042
3,3,333,2021-03-26,01059,0.0054546953,0.005320250056684017,0.57,0.00042693314026109874,0.0049053519032895565,0.00646077748388052
3,3,334,2021-03-26,01069,0.0014519594,0.001392972539179027,0.73,5.9207497542956844e-05,0.001341473194770515,0.0015362281119450927
3,3,336,2021-03-26,01073,0.005314751,0.0053060161881148815,0.55,5.124976087245159e-05,0.005220623686909676,0.005444153677672148
3,3,337,2021-03-26,01089,0.008229555,0.009350873529911041,0.02,0.0011536290403455496,0.008160474710166454,0.01201963797211647
3,3,356,2021-03-26,05093,0.0043747486,0.00435470137745142,0.845,1.7414293324691243e-05,0.004317065700888634,0.004391172435134649
3,3,357,2021-03-26,05103,0.013275965,0.013262365013360977,0.79,1.4227069186745211e-05,0.013244377449154854,0.013304740190505981
3,3,359,2021-03-26,08003,0.0012782672,0.0012811701744794846,0.445,3.816896423813887e-05,0.001269630272872746,0.0014133359072729945
3,3,365,2021-03-26,08089,0.002206096,0.0022017317824065685,0.735,1.1554213415365666e-05,0.0021941298618912697,0.0022486683446913958
3,3,368,2021-03-26,10003,0.0023628538,0.002357638906687498,0.54,0.00036968584754504263,0.0022797263227403164,0.0037020959425717592
3,3,373,2021-03-26,13077,0.017873159,0.018033120781183243,0.295,0.00017448811559006572,0.017574330791831017,0.01816592551767826
3,3,375,2021-03-26,13099,0.0015181209,0.0014102633576840162,0.735,8.806597179500386e-05,0.0013256499078124762,0.0016109088901430368
3,3,378,2021-03-26,13135,0.0022526872,0.002541026333346963,0.15,0.00046086974907666445,0.0021730922162532806,0.0036865833681076765
3,3,388,2021-03-26,13289,0.0032868546,0.0029532015323638916,0.915,0.0001504108658991754,0.002857005223631859,0.003347598947584629
3,3,398,2021-03-26,16017,0.037576895,0.03661666065454483,0.695,0.003459778381511569,0.027178270742297173,0.038565557450056076
3,3,400,2021-03-26,16021,0.009671915,0.010719962418079376,0.29,0.004407811909914017,0.008583007380366325,0.022894401103258133
3,3,408,2021-03-26,16043,0.004686393,0.004752256907522678,0.355,0.004053255543112755,0.004572144243866205,0.018707208335399628
3,3,411,2021-03-26,16051,0.004412087,0.003953902516514063,0.735,0.0008299379260279238,0.003871527034789324,0.006869043223559856
3,3,412,2021-03-26,16053,0.0011651397,0.0012028191704303026,0.185,0.00010425320215290412,0.0011549106566235423,0.0015186890959739685
3,3,422,2021-03-26,16081,0.02075586,0.010166081599891186,0.85,0.0055511207319796085,0.008646382950246334,0.028272833675146103
3,3,424,2021-03-26,17003,0.001792533,0.0018289235886186361,0.02,2.8905020371894352e-05,0.0017895314376801252,0.0018837136449292302
3,3,425,2021-03-26,17005,0.0026697235,0.0026627853512763977,0.62,1.34937954499037e-05,0.0026386932004243135,0.00269448128528893
3,3,431,2021-03-26,17065,0.0018544929,0.0018697143532335758,0.275,2.892363045248203e-05,0.0018168640090152621,0.001954878680408001
3,3,441,2021-03-26,17181,0.0018645172,0.0018907934427261353,0.055,1.818020064092707e-05,0.00185614381916821,0.0019300138810649514
3,3,446,2021-03-26,18011,0.0026828477,0.0026276910211890936,0.775,5.1683164201676846e-05,0.002545928815379739,0.0027623267378658056
3,3,449,2021-03-26,18031,0.006894957,0.006899865344166756,0.435,3.721790199051611e-05,0.006878622807562351,0.007001720834523439
3,3,451,2021-03-26,18041,0.0035062286,0.003302881494164467,0.655,0.00031217190553434193,0.002991528483107686,0.004057657439261675
3,3,454,2021-03-26,18057,0.003103675,0.003053214168176055,0.88,3.3810469176387414e-05,0.003008354688063264,0.003146940376609564
3,3,471,2021-03-26,18163,0.0022029828,0.0022230083122849464,0.29,4.237828397890553e-05,0.0021592886187136173,0.0023333257995545864
3,3,474,2021-03-26,20023,0.0006813438,0.0006830623606219888,0.375,5.9764133766293526e-06,0.0006696452619507909,0.0006976875592954457
3,3,477,2021-03-26,20061,0.0022746066,0.0022995183244347572,0.22,7.381987234111875e-05,0.0022602484095841646,0.002579458523541689
3,3,487,2021-03-26,20153,0.0028082607,0.002810058183968067,0.43,6.663298790954286e-06,0.002788746962323785,0.0028197907377034426
3,3,492,2021-03-26,20183,0.0018495661,0.0019043816719204187,0.2,5.157868508831598e-05,0.0017588698538020253,0.001972074154764414
3,3,493,2021-03-26,20193,0.0018583452,0.0018690343713387847,0.43,4.8043144488474354e-05,0.0017672871472314,0.0019607744179666042
3,3,502,2021-03-26,21059,0.0031226587,0.0029967757873237133,0.89,7.683979492867365e-05,0.0028983918018639088,0.0031978944316506386
3,3,508,2021-03-26,21105,0.09590995,0.09591144323348999,0.245,4.022733719466487e-06,0.09590873122215271,0.09592331200838089
3,3,519,2021-03-26,21219,0.0038599614,0.0038056299090385437,0.585,0.00011405100667616352,0.0036456366069614887,0.004048698116093874
3,3,527,2021-03-26,23021,0.023590913,0.023573467507958412,0.61,4.980689845979214e-05,0.023423856124281883,0.02364696003496647
3,3,529,2021-03-26,24005,0.0013643511,0.0015034372918307781,0.245,0.000474687316454947,0.0013326695188879967,0.0029627468902617693
3,3,535,2021-03-26,24029,0.0053157383,0.0033754685427993536,0.9,0.0008802025113254786,0.002939207712188363,0.005969092715531588
3,3,539,2021-03-26,25001,0.014348453,0.01596703939139843,0.15,0.009575586766004562,0.014096841216087341,0.04995052143931389
3,3,543,2021-03-26,25011,0.008457441,0.009022820740938187,0.42,0.004861101973801851,0.0075504663400352,0.02461940236389637
3,3,550,2021-03-26,26003,0.0236134,0.023509308695793152,0.93,4.998069925932214e-05,0.023452458903193474,0.023635026067495346
3,3,553,2021-03-26,28025,0.0053753257,0.004649357870221138,0.81,0.000516001193318516,0.004245258402079344,0.0059793004766106606
3,3,562,2021-03-26,28129,0.0025300153,0.0023732001427561045,0.82,0.00011564893065951765,0.002215525833889842,0.002596145961433649
3,3,564,2021-03-26,28143,0.0077194916,0.0076227388344705105,0.875,6.444713653763756e-05,0.007526696659624577,0.007789632771164179
3,3,579,2021-03-26,30025,0.016356055,0.0165240541100502,0.215,0.00038208632031455636,0.016290893778204918,0.017618002369999886
3,3,583,2021-03-26,30047,0.008222664,0.010605625808238983,0.17,0.009450344368815422,0.0076988632790744305,0.036680202931165695
3,3,588,2021-03-26,30065,0.0077452925,0.007843966595828533,0.435,0.0009525504428893328,0.007420715875923634,0.0108902957290411
3,3,591,2021-03-26,30075,0.0058527957,0.005879365839064121,0.33,0.00017642194870859385,0.005839336663484573,0.006428184453397989
3,3,592,2021-03-26,30077,0.0071220044,0.014588786289095879,0.28,0.02163725532591343,0.004376125521957874,0.0686740055680275
3,3,596,2021-03-26,30085,0.0154552935,0.015489960089325905,0.49,0.001036343164741993,0.014855300076305866,0.01824204996228218
3,3,599,2021-03-26,30091,0.015843133,0.014653281308710575,0.73,0.0012077136198058724,0.013813327997922897,0.017804477363824844
3,3,609,2021-03-26,32013,0.0015822425,0.0015904530882835388,0.12,2.0175020836177282e-05,0.0015813489444553852,0.0016554228495806456
3,3,614,2021-03-26,34013,0.0014232395,0.0015560470055788755,0.265,0.0006678487989120185,0.0013498859480023384,0.003723979229107499
3,3,619,2021-03-26,34023,0.0020514813,0.002253730548545718,0.225,0.0006231245934031904,0.0019915273878723383,0.004357018042355776
3,3,622,2021-03-26,34033,0.005749381,0.004354923497885466,0.935,0.000522865098901093,0.004211894702166319,0.00608514528721571
3,3,630,2021-03-26,36031,0.008492789,0.008298097178339958,0.57,0.001174479490146041,0.007681386079639196,0.011705446057021618
3,3,634,2021-03-26,36049,0.008515449,0.006946957670152187,0.8,0.0010227654129266739,0.006132502108812332,0.00971212238073349
3,3,643,2021-03-26,36089,0.0064202654,0.00527399405837059,0.985,0.0004691419890150428,0.0048871166072785854,0.006525842007249594
3,3,647,2021-03-26,36111,0.0059803515,0.005971815437078476,0.505,0.0006032403907738626,0.005220524501055479,0.008042410016059875
3,3,648,2021-03-26,36121,0.0074873944,0.00733597856014967,0.54,0.0007568446453660727,0.00672760559245944,0.009146439842879772
3,3,649,2021-03-26,37015,0.004911903,0.0046373289078474045,0.95,0.0001341644674539566,0.004506726283580065,0.004964336287230253
3,3,658,2021-03-26,37135,0.0022966324,0.0022583408281207085,0.7,6.975408177822828e-05,0.002216680906713009,0.0024764887057244778
3,3,663,2021-03-26,39017,0.0025251578,0.002513788640499115,0.6,5.5892283853609115e-05,0.002482531825080514,0.0027017334941774607
3,3,674,2021-03-26,39045,0.0064195325,0.006172003224492073,0.575,0.0006765557336620986,0.005641239695250988,0.007862798869609833
3,3,681,2021-03-26,39067,0.013916112,0.013712176121771336,0.65,0.0003434016543906182,0.013139988295733929,0.014176965691149235
3,3,682,2021-03-26,39071,0.007998222,0.008001568727195263,0.485,7.391499093500897e-05,0.007867651991546154,0.008162186481058598
3,3,685,2021-03-26,39081,0.005716859,0.006793962325900793,0.065,0.0012399641564115882,0.005618717055767775,0.009547539986670017
3,3,690,2021-03-26,39099,0.0066038626,0.007094951346516609,0.075,0.000671333575155586,0.006551200058311224,0.008731858804821968
3,3,693,2021-03-26,39109,0.0056088613,0.005703185684978962,0.22,0.00015853960940148681,0.005558602511882782,0.006123374216258526
3,3,695,2021-03-26,39127,0.012297669,0.012443538755178452,0.34,0.0002007142174988985,0.012096201069653034,0.01275123842060566
3,3,697,2021-03-26,39133,0.0064962422,0.006170047912746668,0.625,0.0008329440606757998,0.0054144179448485374,0.008133606985211372
3,3,707,2021-03-26,41001,0.013596502,0.01356249488890171,0.67,0.00011654252011794597,0.013202712871134281,0.013630782254040241
3,3,715,2021-03-26,41049,0.003669227,0.0036665531806647778,0.55,1.7376780306221917e-05,0.003630025777965784,0.003700586734339595
3,3,727,2021-03-26,42051,0.0062038926,0.006719409022480249,0.37,0.0027227250393480062,0.005530219059437513,0.014195905067026615
3,3,732,2021-03-26,42085,0.00791655,0.007947098463773727,0.49,0.0009798852261155844,0.007196876686066389,0.010383174754679203
3,3,734,2021-03-26,42101,0.0024320497,0.0030379383824765682,0.055,0.0009064663900062442,0.002394583774730563,0.005450870841741562
3,3,735,2021-03-26,42111,0.008616081,0.007497857324779034,0.655,0.0023563243448734283,0.006333733908832073,0.014589101076126099
3,3,739,2021-03-26,44009,0.006139144,0.007974391803145409,0.27,0.008863277733325958,0.005496141035109758,0.03772477060556412
3,3,746,2021-03-26,45063,0.002937467,0.0029724675696343184,0.44,0.0002818070934154093,0.0027349332813173532,0.0036155306734144688
3,3,754,2021-03-26,46019,0.012878888,0.013027677312493324,0.23,0.00037358427653089166,0.012830618768930435,0.014198245480656624
3,3,756,2021-03-26,46025,0.003656978,0.00365360826253891,0.695,7.001657650107518e-06,0.003638148307800293,0.003668168792501092
3,3,757,2021-03-26,46029,0.0029488378,0.0029183095321059227,0.77,3.332720370963216e-05,0.002898487728089094,0.0030274291057139635
3,3,772,2021-03-26,46069,0.0044710184,0.004471651278436184,0.485,2.536853753554169e-05,0.0044464850798249245,0.004558489192277193
3,3,780,2021-03-26,46095,0.0023668027,0.0023648247588425875,0.55,1.531995803816244e-05,0.0023394108284264803,0.002398580079898238
3,3,784,2021-03-26,46107,0.0077438555,0.007764382287859917,0.1,1.7373204173054546e-05,0.007733955979347229,0.007810084614902735
3,3,785,2021-03-26,46109,0.0028225041,0.0027772425673902035,0.76,3.699777880683541e-05,0.002755574882030487,0.0028908501844853163
3,3,786,2021-03-26,46115,0.002335446,0.00230675982311368,0.92,1.852129389590118e-05,0.002275157021358609,0.0023499056696891785
3,3,789,2021-03-26,46121,0.0020270722,0.002032198943197727,0.325,1.1567163710424211e-05,0.002013956429436803,0.0020620173308998346
3,3,796,2021-03-26,47023,0.017448692,0.0173499658703804,0.835,7.432387064909562e-05,0.01727583445608616,0.017580384388566017
3,3,804,2021-03-26,47099,0.006127981,0.0061921002343297005,0.445,0.00034017354482784867,0.0058463639579713345,0.007019945420324802
3,3,806,2021-03-26,47119,0.004255722,0.004534808453172445,0.11,0.000402256177039817,0.004160331096500158,0.005607945844531059
3,3,816,2021-03-26,48347,0.002205693,0.0021949701476842165,0.635,4.3232816096860915e-05,0.002079133875668049,0.0022625077981501818
3,3,817,2021-03-26,48365,0.041188113,0.04123614728450775,0.02,1.8260767319588922e-05,0.04117923974990845,0.04127845540642738
3,3,818,2021-03-26,48401,0.0058752126,0.00588627764955163,0.375,4.335916310083121e-05,0.0058251796290278435,0.006033009383827448
3,3,824,2021-03-26,51107,0.0016487332,0.0016511266585439444,0.49,0.000530368066392839,0.0015809849137440324,0.003723835339769721
3,3,827,2021-03-26,51173,0.0075651268,0.007717194966971874,0.37,0.000899570353794843,0.007287526503205299,0.010337762534618378
3,3,838,2021-03-26,53071,0.004872053,0.004938368685543537,0.12,0.00010483904770808294,0.004860925953835249,0.005223698448389769
3,3,842,2021-03-26,54023,0.00940784,0.009928308427333832,0.44,0.0030014871153980494,0.008212686516344547,0.019847389310598373
3,3,845,2021-03-26,54077,0.0089438185,0.008792105130851269,0.525,0.0020850333385169506,0.007570862304419279,0.015316382050514221
3,3,848,2021-03-26,56003,0.012957104,0.012901759706437588,0.855,9.339374810224399e-05,0.012677612714469433,0.012966528534889221
3,3,853,2021-03-26,56013,0.0014429805,0.0018933266401290894,0.305,0.004704028367996216,0.0010523786768317223,0.0176090095192194
3,3,858,2021-03-26,56025,0.0039254944,0.0039350492879748344,0.495,0.010774272494018078,0.0015701812226325274,0.039510276168584824
3,3,860,2021-03-26,56035,0.001691748,0.002084449864923954,0.34,0.002801356138661504,0.0014418833889067173,0.011382692493498325
3,3,868,2021-12-11,01089,0.0020096933,0.0022443938069045544,0.15,0.0005438669468276203,0.0019805352203547955,0.0039038085378706455
3,3,870,2021-12-11,04003,0.00094059826,0.0009291705209761858,0.835,1.4225731320038904e-05,0.0008975325035862625,0.000946624728385359
3,3,874,2021-12-11,04015,0.005483086,0.0071138194762170315,0.08,0.0021695285104215145,0.005351915955543518,0.01249136682599783
3,3,882,2021-12-11,05035,0.016704049,0.013810738921165466,0.575,0.006263692397624254,0.007879274897277355,0.02874060906469822
3,3,885,2021-12-11,05053,0.026040139,0.033373042941093445,0.04,0.0038906275294721127,0.02573615498840809,0.037422552704811096
3,3,891,2021-12-11,05093,0.025527788,0.028768906369805336,0.315,0.0038630999624729156,0.02154814451932907,0.03262728080153465
3,3,899,2021-12-11,06009,0.006278457,0.006274307146668434,0.535,0.0040382081642746925,0.006057852879166603,0.02265692688524723
3,3,903,2021-12-11,06021,0.011619465,0.011680873110890388,0.055,0.0003984787908848375,0.011617612093687057,0.013187897391617298
3,3,904,2021-12-11,06025,0.0017081699,0.0017159481067210436,0.295,1.8991066099260934e-05,0.0017042226390913129,0.0017682078760117292
3,3,909,2021-12-11,06041,0.0028546194,0.003189119743183255,0.015,0.0006659673526883125,0.0028492757119238377,0.005034519825130701
3,3,910,2021-12-11,06043,0.004947476,0.005249666981399059,0.005,0.0008141873986460268,0.004944239743053913,0.007731771096587181
3,3,913,2021-12-11,06057,0.031470515,0.03146246075630188,0.845,2.2784517568652518e-05,0.03138909488916397,0.03147469088435173
3,3,918,2021-12-11,06067,0.0035467697,0.003850542940199375,0.385,0.01047938596457243,0.003408676479011774,0.042155466973781586
3,3,929,2021-12-11,06101,0.0052542114,0.0053635877557098866,0.365,0.0014167206827551126,0.004932747222483158,0.012138980440795422
3,3,935,2021-12-11,08001,0.0006472215,0.0006377407698892057,0.68,4.254900704836473e-05,0.0006343849818222225,0.0007843927596695721
3,3,936,2021-12-11,08003,0.0060740863,0.006072917953133583,0.505,8.845977572491392e-05,0.006030577700585127,0.0063187130726873875
3,3,942,2021-12-11,08017,0.013161268,0.01308622770011425,0.59,0.0004900150815956295,0.012948363088071346,0.014856669120490551
3,3,943,2021-12-11,08019,0.012799478,0.01273234374821186,0.59,0.0003060021554119885,0.012039834633469582,0.012965778820216656
3,3,954,2021-12-11,08059,0.0110048205,0.010721364989876747,0.875,0.0005366824334487319,0.009351927787065506,0.011050496250391006
3,3,961,2021-12-11,08077,0.004137507,0.004172033630311489,0.38,0.00013851617404725403,0.0040895468555390835,0.004556780681014061
3,3,965,2021-12-11,08089,0.12473064,0.1258849799633026,0.24,0.0009794954676181078,0.12315404415130615,0.12646891176700592
3,3,975,2021-12-11,13213,0.0034152907,0.003901595948264003,0.155,0.0009228959097526968,0.0032990428153425455,0.006444460246711969
3,3,977,2021-12-11,13297,0.0010901287,0.001110185869038105,0.335,8.856289059622213e-05,0.0010652010096237063,0.0013500931672751904
3,3,988,2021-12-11,17003,0.004505785,0.00376760121434927,0.795,0.0004706419713329524,0.0034501859918236732,0.004971840884536505
3,3,989,2021-12-11,17005,0.0032769975,0.003373328596353531,0.195,0.00017101969569921494,0.0032536943908780813,0.003859203774482012
3,3,990,2021-12-11,17017,0.013302632,0.0067292470484972,0.92,0.0024986229836940765,0.006067122332751751,0.01623617112636566
3,3,993,2021-12-11,17031,0.013339059,0.016832467168569565,0.05,0.011919158510863781,0.013189251534640789,0.054762836545705795
3,3,997,2021-12-11,17051,0.015554847,0.015514105558395386,0.64,0.00016951932047959417,0.015082603320479393,0.015643203631043434
3,3,998,2021-12-11,17053,0.011114999,0.010747537016868591,0.545,0.0043593039736151695,0.008780794218182564,0.02369461953639984
3,3,1006,2021-12-11,17089,0.012250458,0.015311888419091702,0.08,0.010774887166917324,0.01213581021875143,0.049804266542196274
3,3,1009,2021-12-11,17099,0.015630594,0.012475600466132164,0.685,0.006810611113905907,0.010381480678915977,0.03347373753786087
3,3,1020,2021-12-11,17135,0.0023662236,0.002629402792081237,0.21,0.0005083754076622427,0.002288525691255927,0.003963483031839132
3,3,1028,2021-12-11,17179,0.0074614193,0.008416008204221725,0.31,0.005243480205535889,0.006474897265434265,0.025648145005106926
3,3,1029,2021-12-11,17181,0.0037373176,0.003183075925335288,0.83,0.0003096050349995494,0.0029437451157718897,0.003947135992348194
3,3,1045,2021-12-11,18039,0.0134027405,0.014328422024846077,0.43,0.010729002766311169,0.009446938522160053,0.04481000080704689
3,3,1046,2021-12-11,18041,0.028697768,0.01669047772884369,0.775,0.00717162387445569,0.012595127336680889,0.034209705889225006
3,3,1049,2021-12-11,18057,0.010401477,0.01374749280512333,0.09,0.00574827054515481,0.01000097393989563,0.029454009607434273
3,3,1050,2021-12-11,18069,0.016801704,0.016072584316134453,0.53,0.008150863461196423,0.01125487219542265,0.03766125813126564
3,3,1052,2021-12-11,18075,0.023587838,0.019267693161964417,0.67,0.006774536799639463,0.015256446786224842,0.03618176281452179
3,3,1060,2021-12-11,18103,0.019896759,0.015582559630274773,0.66,0.0073487842455506325,0.01179550588130951,0.03506733849644661
3,3,1062,2021-12-11,18107,0.010329986,0.009307969361543655,0.57,0.004655166994780302,0.0069693163968622684,0.0221736878156662
3,3,1064,2021-12-11,18115,0.027861305,0.01310640387237072,0.88,0.007071127649396658,0.00898364931344986,0.03178587183356285
3,3,1069,2021-12-11,18133,0.007602858,0.006966764573007822,0.695,0.0034142404329031706,0.006428639404475689,0.018032411113381386
3,3,1073,2021-12-11,18149,0.022942655,0.019507315009832382,0.75,0.006082101725041866,0.01923448219895363,0.04094874486327171
3,3,1085,2021-12-11,19009,0.026284348,0.02561078779399395,0.71,0.002032267628237605,0.020242314785718918,0.026840107515454292
3,3,1090,2021-12-11,19019,0.018611467,0.019641442224383354,0.19,0.005312910303473473,0.018319083377718925,0.03578602522611618
3,3,1093,2021-12-11,19025,0.045269944,0.04293689504265785,0.935,0.0035927481949329376,0.03438412398099899,0.045735087245702744
3,3,1094,2021-12-11,19027,0.02023552,0.015877723693847656,0.845,0.002946940017864108,0.014649488031864166,0.025927411392331123
3,3,1096,2021-12-11,19031,0.018622678,0.0174650140106678,0.805,0.0023118320386856794,0.017368819564580917,0.02717932127416134
3,3,1101,2021-12-11,19041,0.011680473,0.013895324431359768,0.26,0.0064330678433179855,0.010138028301298618,0.031093664467334747
3,3,1108,2021-12-11,19055,0.019837953,0.018776923418045044,0.625,0.0054035307839512825,0.01751086488366127,0.03589971736073494
3,3,1114,2021-12-11,19067,0.025974054,0.027702610939741135,0.39,0.004727704916149378,0.018073147162795067,0.031335342675447464
3,3,1139,2021-12-11,19125,0.010121012,0.008913891389966011,0.765,0.0027191827539354563,0.008655041456222534,0.019787363708019257
3,3,1141,2021-12-11,19129,0.12503156,0.12457454204559326,0.815,0.001984870759770274,0.11806969344615936,0.12527547776699066
3,3,1149,2021-12-11,19147,0.034391366,0.03430549055337906,0.515,0.002970818430185318,0.027501840144395828,0.03729566931724548
3,3,1150,2021-12-11,19149,0.013390375,0.013514325022697449,0.305,0.0001661343703744933,0.01313081569969654,0.013698376715183258
3,3,1154,2021-12-11,19157,0.023239437,0.023701772093772888,0.08,0.0009141301270574331,0.022949494421482086,0.027101006358861923
3,3,1158,2021-12-11,19165,0.009940044,0.009955881163477898,0.425,0.0010797433787956834,0.009901403449475765,0.013947972096502781
3,3,1162,2021-12-11,19173,0.01955446,0.019619915634393692,0.36,0.0007358692237176001,0.01948137953877449,0.022165292873978615
3,3,1167,2021-12-11,19185,0.0528939,0.05275043845176697,0.61,0.0010170354507863522,0.04952280968427658,0.05315105989575386
3,3,1169,2021-12-11,19189,0.050074954,0.04953976720571518,0.59,0.004121551290154457,0.03739850968122482,0.05202798172831535
3,3,1173,2021-12-11,19197,0.13979039,0.1388494372367859,0.615,0.00582593958824873,0.12100905925035477,0.1422450691461563
3,3,1174,2021-12-11,20001,0.01638266,0.016836844384670258,0.135,0.00022661291586700827,0.016320819035172462,0.0170047115534544
3,3,1176,2021-12-11,20005,0.030832035,0.032692618668079376,0.195,0.0015300163067877293,0.027759723365306854,0.033298272639513016
3,3,1183,2021-12-11,20023,0.009007333,0.008919129148125648,0.59,0.00030667902319692075,0.008703844621777534,0.009721358306705952
3,3,1188,2021-12-11,20041,0.11619268,0.11615964770317078,0.5,0.002273980528116226,0.10909055173397064,0.11730453372001648
3,3,1189,2021-12-11,20043,0.09970236,0.10068170726299286,0.235,0.0009234927711077034,0.09777969866991043,0.10098614543676376
3,3,1190,2021-12-11,20045,0.009980047,0.010250570252537727,0.33,0.0014674082631245255,0.009731529280543327,0.015678100287914276
3,3,1194,2021-12-11,20059,0.008525796,0.007558249402791262,0.825,0.0007322411984205246,0.007398010231554508,0.010327097959816456
3,3,1195,2021-12-11,20061,0.049562022,0.04917201027274132,0.65,0.002446366474032402,0.04144761711359024,0.050221413373947144
3,3,1220,2021-12-11,20129,0.08948642,0.08948598802089691,0.505,6.715314520988613e-05,0.08929818868637085,0.08955701440572739
3,3,1229,2021-12-11,20151,0.015064925,0.015132255852222443,0.475,0.0009696417837403715,0.014659939333796501,0.01801888644695282
3,3,1230,2021-12-11,20153,0.017529225,0.017455022782087326,0.675,0.0001225584273925051,0.01738426275551319,0.017781198024749756
3,3,1237,2021-12-11,20169,0.13281132,0.13285554945468903,0.475,0.0013349864166229963,0.12850205600261688,0.13343699276447296
3,3,1239,2021-12-11,20173,0.012520625,0.012959230691194534,0.055,0.0011308162938803434,0.012503962963819504,0.01631089299917221
3,3,1244,2021-12-11,20183,0.020618489,0.020771555602550507,0.42,0.0006556798471137881,0.020336318761110306,0.02255166880786419
3,3,1245,2021-12-11,20185,0.07330484,0.07375892996788025,0.28,0.0007346507045440376,0.07152003794908524,0.07424556463956833
3,3,1247,2021-12-11,20193,0.015808774,0.015817172825336456,0.055,6.590619705093559e-06,0.015806157141923904,0.015828335657715797
3,3,1251,2021-12-11,20201,0.040856462,0.041207365691661835,0.465,0.0025235596112906933,0.034162066876888275,0.042503464967012405
3,3,1255,2021-12-11,21001,0.005831848,0.004978781100362539,0.71,0.001143101486377418,0.004108532331883907,0.007873638533055782
3,3,1259,2021-12-11,21029,0.0053351633,0.005600741133093834,0.18,0.002636680379509926,0.005163895897567272,0.013719663955271244
3,3,1268,2021-12-11,21087,0.0045641805,0.003995262552052736,0.665,0.0012796935625374317,0.0031459988094866276,0.007335746195167303
3,3,1270,2021-12-11,21095,0.011823791,0.011552652344107628,0.575,0.0013156917411834002,0.008659186773002148,0.012909410521388054
3,3,1271,2021-12-11,21099,0.025155691,0.026942817494273186,0.245,0.0018257501069456339,0.022631021216511726,0.028656404465436935
3,3,1275,2021-12-11,21133,0.007239256,0.007569640874862671,0.275,0.0026051749009639025,0.007157008163630962,0.01678275875747204
3,3,1290,2021-12-11,21197,0.0060043917,0.00685898307710886,0.35,0.003260350786149502,0.00518613588064909,0.01522041205316782
3,3,1298,2021-12-11,21219,0.17315297,0.17485801875591278,0.345,0.003287508385255933,0.16709870100021362,0.1772378832101822
3,3,1306,2021-12-11,23009,0.022948312,0.006812739185988903,0.79,0.013243983499705791,0.004453054163604975,0.051980938762426376
3,3,1307,2021-12-11,23021,0.007509841,0.006945089437067509,0.845,0.00048047598102129996,0.006865916308015585,0.008823167532682419
3,3,1309,2021-12-11,25001,0.021907572,0.02312728762626648,0.07,0.00222565233707428,0.02176140807569027,0.02927638404071331
3,3,1315,2021-12-11,26003,0.028184228,0.025804489850997925,0.955,0.0008352402946911752,0.025507094338536263,0.029091931879520416
3,3,1316,2021-12-11,26005,0.009848568,0.012266689911484718,0.245,0.007711620535701513,0.007453455589711666,0.037978243082761765
3,3,1326,2021-12-11,26031,0.029556459,0.07487432658672333,0.04,0.019389597699046135,0.02883673831820488,0.08583099395036697
3,3,1327,2021-12-11,26033,0.021281442,0.031888075172901154,0.045,0.003917037043720484,0.02010023035109043,0.03391047939658165
3,3,1333,2021-12-11,26051,0.04868342,0.04510168731212616,0.78,0.013212374411523342,0.03110475279390812,0.08657298237085342
3,3,1338,2021-12-11,26063,0.015728643,0.01644320785999298,0.2,0.016199318692088127,0.01531773991882801,0.07238096743822098
3,3,1342,2021-12-11,26075,0.013419119,0.014348085969686508,0.375,0.006774557288736105,0.010799200274050236,0.03714423626661301
3,3,1344,2021-12-11,26079,0.039259255,0.06720335781574249,0.165,0.014640717767179012,0.0345553494989872,0.07577311247587204
3,3,1347,2021-12-11,26087,0.053670406,0.06388747692108154,0.22,0.006170489359647036,0.04990857467055321,0.06842313706874847
3,3,1349,2021-12-11,26091,0.013282351,0.014846760779619217,0.1,0.008194515481591225,0.012877214699983597,0.04082402214407921
3,3,1353,2021-12-11,26101,0.03369797,0.05000016838312149,0.27,0.012206269428133965,0.020852183923125267,0.058476775884628296
3,3,1376,2021-12-11,26157,0.023735505,0.025871792808175087,0.0,0.009204493835568428,0.023753255605697632,0.0589185506105423
3,3,1378,2021-12-11,26161,0.014190049,0.01630115695297718,0.01,0.008041268214583397,0.014062839560210705,0.04344838485121727
3,3,1380,2021-12-11,26165,0.047577713,0.04851721227169037,0.45,0.010928485542535782,0.021717436611652374,0.05840931460261345
3,3,1383,2021-12-11,27019,0.008773206,0.010653035715222359,0.2,0.00874461978673935,0.008146383799612522,0.03735653683543205
3,3,1385,2021-12-11,27033,0.005234212,0.005368225276470184,0.44,0.0023824088275432587,0.0047042821533977985,0.012753119692206383
3,3,1401,2021-12-11,27093,0.0064992737,0.006768618710339069,0.415,0.0034785920288413763,0.005827662535011768,0.017973758280277252
3,3,1403,2021-12-11,27101,0.0036628316,0.001767501002177596,0.84,0.0011293994029983878,0.0016718334518373013,0.005761088337749243
3,3,1408,2021-12-11,27121,0.003453528,0.0033714058808982372,0.555,0.002667295979335904,0.0027981738094240427,0.011841538362205029
3,3,1413,2021-12-11,27139,0.012687312,0.015310708433389664,0.18,0.01120805274695158,0.01151011511683464,0.04785579815506935
3,3,1417,2021-12-11,27147,0.011960499,0.01578562520444393,0.145,0.008055954240262508,0.01076020672917366,0.038037821650505066
3,3,1419,2021-12-11,27161,0.010537973,0.010179092176258564,0.535,0.007384232711046934,0.007800542749464512,0.033122479915618896
3,3,1424,2021-12-11,28033,0.010621973,0.0122342174872756,0.275,0.0038550219032913446,0.009144237264990807,0.022368377074599266
3,3,1426,2021-12-11,29005,0.023691693,0.023627962917089462,0.6,0.0005025124410167336,0.022391585633158684,0.023864667862653732
3,3,1433,2021-12-11,29029,0.0043037194,0.004136101342737675,0.925,6.34331809123978e-05,0.004114718642085791,0.004376338329166174
3,3,1436,2021-12-11,29043,0.0019106336,0.001897853217087686,0.575,8.43738962430507e-05,0.0018549365922808647,0.0021783134434372187
3,3,1445,2021-12-11,29071,0.004847337,0.004021003842353821,0.885,0.0003970664110966027,0.0038529036100953817,0.005281662568449974
3,3,1448,2021-12-11,29077,0.0030299304,0.003059250535443425,0.045,6.22462248429656e-05,0.0030286340042948723,0.003233148017898202
3,3,1449,2021-12-11,29079,0.016410032,0.016356682404875755,0.53,0.0015784269198775291,0.01578563265502453,0.021176327019929886
3,3,1453,2021-12-11,29101,0.009091874,0.009030851535499096,0.525,0.0012932296376675367,0.008494706824421883,0.013442810624837875
3,3,1454,2021-12-11,29105,0.0021315722,0.0017675850540399551,0.95,0.00013702301657758653,0.001687221578322351,0.0022038391325622797
3,3,1458,2021-12-11,29117,0.015959542,0.015750456601381302,0.595,0.0014561660354956985,0.015208116732537746,0.02050708420574665
3,3,1465,2021-12-11,29151,0.0103904,0.010469114407896996,0.125,4.945510227116756e-05,0.010363524779677391,0.010532890446484089
3,3,1467,2021-12-11,29157,0.0033153966,0.002789060352370143,0.945,0.0002568946802057326,0.0025488471146672964,0.0034119742922484875
3,3,1483,2021-12-11,29213,0.0027575383,0.002769289305433631,0.225,5.385687109082937e-05,0.0027483433950692415,0.002945215906947851
3,3,1493,2021-12-11,32003,0.0020175213,0.0024647542741149664,0.035,0.0007274996605701745,0.0020028124563395977,0.0045647528022527695
3,3,1495,2021-12-11,32013,0.0034855243,0.0035660038702189922,0.105,0.0002656801079865545,0.0034794716630131006,0.004502629395574331
3,3,1498,2021-12-11,35001,0.000970408,0.0009642463410273194,0.885,7.022119461908005e-06,0.0009442308219149709,0.0009741231333464384
3,3,1510,2021-12-11,35037,0.0068081403,0.006649743299931288,0.915,7.565420673927292e-05,0.006576824467629194,0.00685545289888978
3,3,1513,2021-12-11,35045,0.005597447,0.005590279586613178,0.585,1.8446362446411513e-05,0.005562938284128904,0.0056186458095908165
3,3,1515,2021-12-11,35049,0.0049118274,0.004920653998851776,0.205,1.5320918464567512e-05,0.004895374178886414,0.004965204279869795
3,3,1516,2021-12-11,35053,0.0030381123,0.0030585345812141895,0.415,0.00010262587602483109,0.002977148862555623,0.003338063368573785
3,3,1523,2021-12-11,36011,0.008413019,0.009254823438823223,0.215,0.01477925293147564,0.008279315195977688,0.054688114672899246
3,3,1529,2021-12-11,36031,0.022218816,0.024532217532396317,0.2,0.0036410526372492313,0.02087165229022503,0.037941765040159225
3,3,1537,2021-12-11,36049,0.08714516,0.12138491868972778,0.095,0.016398847103118896,0.0827772319316864,0.13132038712501526
3,3,1544,2021-12-11,36065,0.039711528,0.013609870336949825,0.68,0.0318344384431839,0.006755852606147528,0.10070479661226273
3,3,1545,2021-12-11,36067,0.003105228,0.009788252413272858,0.14,0.016500262543559074,0.002577373292297125,0.05743030458688736
3,3,1550,2021-12-11,36089,0.03009927,0.02833297848701477,0.68,0.005579634569585323,0.02066168375313282,0.04661200940608978
3,3,1557,2021-12-11,36111,0.008245501,0.0086622703820467,0.405,0.00842350348830223,0.0036716507747769356,0.03668559342622757
3,3,1561,2021-12-11,36121,0.025660876,0.026017863303422928,0.335,0.0072503541596233845,0.0251761581748724,0.04824134334921837
3,3,1562,2021-12-11,36123,0.035094246,0.033756133168935776,0.735,0.003199367318302393,0.02657558023929596,0.035891637206077576
3,3,1563,2021-12-11,37001,0.0012738685,0.0013391536194831133,0.315,0.00034822890302166343,0.0012240028008818626,0.002527570119127631
3,3,1580,2021-12-11,39051,0.01824478,0.0173284150660038,0.54,0.011535024270415306,0.01133896317332983,0.04786865785717964
3,3,1585,2021-12-11,39071,0.011443677,0.009174151346087456,0.635,0.008470791392028332,0.007842051796615124,0.034867770969867706
3,3,1590,2021-12-11,39109,0.0114681935,0.013651615008711815,0.08,0.006533215753734112,0.011364196427166462,0.032280899584293365
3,3,1595,2021-12-11,39131,0.013735666,0.009380428120493889,0.66,0.011975553818047047,0.00727103604003787,0.04323627054691315
3,3,1596,2021-12-11,39133,0.008558157,0.009318206459283829,0.47,0.015064769424498081,0.006523119285702705,0.05477406457066536
3,3,1598,2021-12-11,39137,0.019180343,0.01837766543030739,0.535,0.009245933033525944,0.01453746110200882,0.042527973651885986
3,3,1604,2021-12-11,39173,0.015759323,0.01707376167178154,0.3,0.006545152515172958,0.015099330805242062,0.036368478089571
3,3,1605,2021-12-11,40003,0.011412667,0.011386167258024216,0.5,0.0008724639192223549,0.010834836401045322,0.014016826637089252
3,3,1607,2021-12-11,40025,0.013045528,0.013169130310416222,0.195,8.07080723461695e-05,0.012996013276278973,0.01325312815606594
3,3,1609,2021-12-11,40045,0.010917284,0.011114520952105522,0.185,0.0004114691400900483,0.010778205469250679,0.012240184471011162
3,3,1621,2021-12-11,41019,0.002852459,0.0031237436924129725,0.15,0.0005766918184235692,0.0027937970589846373,0.004922107327729464
3,3,1631,2021-12-11,44009,0.013661192,0.01480252854526043,0.285,0.006658265367150307,0.012155414558947086,0.03335868567228317
3,3,1632,2021-12-11,45083,0.0014368689,0.0015561721520498395,0.085,0.0005055124638602138,0.0014222566969692707,0.0034093402791768312
3,3,1633,2021-12-11,46003,0.004092221,0.004171130247414112,0.13,0.0001410143740940839,0.004081397317349911,0.0045221587643027306
3,3,1641,2021-12-11,46023,0.006202102,0.006218043155968189,0.19,3.8478756323456764e-05,0.006196085829287767,0.006332548335194588
3,3,1642,2021-12-11,46025,0.0026656364,0.0027991612441837788,0.155,0.00034978659823536873,0.0026145472656935453,0.003760717576369643
3,3,1644,2021-12-11,46029,0.003396354,0.0022605163976550102,0.85,0.0006982410559430718,0.0020651828963309526,0.004623422399163246
3,3,1663,2021-12-11,46069,0.0015836068,0.0016011844854801893,0.225,3.278274743934162e-05,0.0015774701023474336,0.0016873006243258715
3,3,1667,2021-12-11,46077,0.002582754,0.002652515424415469,0.285,0.0003230160509701818,0.0025127066764980555,0.003665533848106861
3,3,1676,2021-12-11,46095,0.0015822477,0.0015888316556811333,0.43,4.705791434389539e-05,0.0015593835851177573,0.0017237580614164472
3,3,1678,2021-12-11,46099,0.0031527975,0.003185329493135214,0.46,0.0007899468764662743,0.002903128042817116,0.00587824871763587
3,3,1681,2021-12-11,46107,0.0013099436,0.0013077491894364357,0.51,6.867064075777307e-05,0.0012521636672317982,0.0014992817305028439
3,3,1682,2021-12-11,46109,0.0043304376,0.0029174876399338245,0.86,0.0007282329024747014,0.0026773016434162855,0.0052991826087236404
3,3,1684,2021-12-11,46115,0.0030316664,0.0031688506714999676,0.05,0.00018559271120466292,0.0030205019284039736,0.0036852594930678606
3,3,1687,2021-12-11,46121,0.0029916414,0.0029698400758206844,0.565,0.0001245663152076304,0.002880753017961979,0.0032912155147641897
3,3,1693,2021-12-11,47007,0.0071057347,0.007171059958636761,0.33,0.00029404673841781914,0.007055122405290604,0.008162169717252254
3,3,1705,2021-12-11,47063,0.0025981432,0.0028969505801796913,0.05,0.0006265640258789062,0.0025872366968542337,0.00474849808961153
3,3,1709,2021-12-11,47081,0.009560095,0.006521566770970821,0.835,0.0016285943565890193,0.005498803220689297,0.010755426250398159
3,3,1710,2021-12-11,47087,0.0075079226,0.00797472894191742,0.345,0.0015354796778410673,0.006832794286310673,0.012091091834008694
3,3,1714,2021-12-11,47099,0.006380687,0.006388555746525526,0.5,0.0010346475755795836,0.005822047591209412,0.00930010061711073
3,3,1716,2021-12-11,47113,0.007951701,0.008041132241487503,0.485,0.002699566539376974,0.006824056152254343,0.01581595279276371
3,3,1720,2021-12-11,47127,0.0043452154,0.00496706273406744,0.175,0.0013240235857665539,0.004169800318777561,0.00828035082668066
3,3,1722,2021-12-11,47133,0.005155681,0.0049413032829761505,0.56,0.0010810592211782932,0.004443792626261711,0.008155533112585545
3,3,1730,2021-12-11,47161,0.030307926,0.036676570773124695,0.05,0.0030762008391320705,0.03008764609694481,0.039442043751478195
3,3,1739,2021-12-11,48111,0.009242622,0.009228462353348732,0.535,0.00011915398499695584,0.009107735008001328,0.0095121581107378
3,3,1744,2021-12-11,48211,0.0072398623,0.0068949563428759575,0.75,0.0003053014515899122,0.006678649224340916,0.007811091840267181
3,3,1749,2021-12-11,48359,0.0066015073,0.006488075479865074,0.865,6.235855835257098e-05,0.006435430608689785,0.0066542127169668674
3,3,1753,2021-12-11,48393,0.008288992,0.008153744041919708,0.705,0.00019512389553710818,0.007973713800311089,0.008624641224741936
3,3,1754,2021-12-11,48421,0.012738855,0.012559346854686737,0.91,8.883856207830831e-05,0.012477535754442215,0.012767151929438114
3,3,1755,2021-12-11,48437,0.003707352,0.003554539754986763,0.855,9.85677179414779e-05,0.0034685826394706964,0.003854491049423814
3,3,1761,2021-12-11,49027,0.0028923799,0.0028776624239981174,0.525,0.0002447145525366068,0.002772352658212185,0.003657775931060314
3,3,1764,2021-12-11,49049,0.0029776804,0.0029889505822211504,0.06,1.41683258334524e-05,0.002976983319967985,0.003023462602868676
3,3,1771,2021-12-11,50011,0.0055923685,0.0069932774640619755,0.355,0.014919649809598923,0.004415709525346756,0.05697362869977951
3,3,1774,2021-12-11,50017,0.01117215,0.01132882572710514,0.415,0.002953415736556053,0.010675529018044472,0.022062161937355995
3,3,1779,2021-12-11,51071,0.0032157798,0.003285661805421114,0.4,0.0008860912639647722,0.0031005737837404013,0.006209890358150005
3,3,1782,2021-12-11,51173,0.014439031,0.013875890523195267,0.685,0.0015672113513574004,0.009931459091603756,0.014949704520404339
3,3,1786,2021-12-11,53071,0.00138897,0.00145992380566895,0.15,9.344916907139122e-05,0.001376261468976736,0.0017199063440784812
3,3,1790,2021-12-11,54069,0.009147333,0.008747542276978493,0.605,0.00939519889652729,0.007243471685796976,0.03687363117933273
3,3,1803,2021-12-11,55033,0.051285602,0.020416419953107834,0.97,0.011788034811615944,0.015812953934073448,0.05259273946285248
3,3,1809,2021-12-11,55049,0.04096001,0.05048450827598572,0.095,0.003954297862946987,0.0379122830927372,0.051907334476709366
3,3,1814,2021-12-11,55063,0.01832414,0.01894449070096016,0.425,0.004538715351372957,0.016760731115937233,0.03299675136804581
3,3,1815,2021-12-11,55065,0.009774558,0.0101056769490242,0.325,0.004826268646866083,0.009391695261001587,0.02604917250573635
3,3,1817,2021-12-11,55073,0.010943714,0.011293625459074974,0.405,0.004051041789352894,0.008546121418476105,0.02522817999124527
3,3,1822,2021-12-11,55085,0.039833315,0.07667261362075806,0.055,0.015869123861193657,0.039631906896829605,0.08437197655439377
3,3,1823,2021-12-11,55087,0.016549714,0.016881518065929413,0.03,0.0012623531511053443,0.016533203423023224,0.02154413051903248
3,3,1826,2021-12-11,55093,0.018579125,0.01618919149041176,0.6,0.009273006580770016,0.012024449184536934,0.04290848225355148
3,3,1833,2021-12-11,55117,0.010336665,0.012241372838616371,0.14,0.009336902759969234,0.00991909857839346,0.04158787056803703
3,3,1842,2021-12-11,55141,0.010260472,0.012083486653864384,0.205,0.0016849087551236153,0.008790282532572746,0.016218841075897217
3,3,1848,2021-12-11,56013,0.00094076514,0.0009741262183524668,0.375,0.0001769849768606946,0.0008971861680038273,0.0014990373747423291
3,3,1850,2021-12-11,56025,0.0013557953,0.0013755285181105137,0.4,0.00019405515922699124,0.0013288494665175676,0.0020703603513538837
3,3,1852,2021-12-11,56035,0.0005052298,0.0005068721366114914,0.38,6.521671366499504e-06,0.0005027870065532625,0.0005264743813313544
3,3,1860,2022-06-08,01059,0.01235925,0.012356743216514587,0.6,9.31076556298649e-06,0.012330146506428719,0.012369346804916859
3,3,1861,2022-06-08,01073,0.0051924125,0.005189205519855022,0.525,2.7907328330911696e-05,0.0051219407469034195,0.005224782507866621
3,3,1862,2022-06-08,01089,0.001884231,0.0018643406219780445,0.65,4.9055121053243056e-05,0.0017888732254505157,0.0020004974212497473
3,3,1872,2022-06-08,05139,0.013402222,0.013404031284153461,0.345,4.502979209064506e-06,0.013393272645771503,0.013413122855126858
3,3,1878,2022-06-08,06051,0.05051945,0.05037353187799454,0.79,0.0002868138253688812,0.04967859759926796,0.05058804899454117
3,3,1879,2022-06-08,06057,0.006958419,0.007074694149196148,0.185,0.0002234716812381521,0.006913456134498119,0.007626127917319536
3,3,1888,2022-06-08,08077,0.0013704968,0.001420966349542141,0.365,0.00018524991173762828,0.0012752801412716508,0.0019381834426894784
3,3,1898,2022-06-08,12111,0.0023185892,0.002330734860152006,0.365,3.4154527384089306e-05,0.0022930882405489683,0.0024008203763514757
3,3,1899,2022-06-08,12133,0.02325122,0.02327130176126957,0.175,1.2323333066888154e-05,0.023245716467499733,0.023284897208213806
3,3,1901,2022-06-08,13077,0.012076766,0.012077903375029564,0.275,1.6448055930595729e-06,0.012075591832399368,0.01208182331174612
3,3,1904,2022-06-08,13297,0.0020542792,0.0020653093233704567,0.145,1.1866984095831867e-05,0.0020433031022548676,0.002096924465149641
3,3,1907,2022-06-08,17031,0.0012649741,0.0012387149035930634,0.78,2.5123203158727847e-05,0.0012107007205486298,0.0013236415106803179
3,3,1909,2022-06-08,17089,0.0011357119,0.001090950216166675,0.98,1.8868935512728058e-05,0.0010581333190202713,0.001140494248829782
3,3,1919,2022-06-08,18067,0.0012288436,0.0012274642940610647,0.53,2.6604209779179655e-05,0.0011703076306730509,0.0013002889463678002
3,3,1920,2022-06-08,18069,0.0012909768,0.0012645430397242308,0.695,4.478021219256334e-05,0.0011637682328000665,0.001366681419312954
3,3,1932,2022-06-08,19173,0.005606809,0.005663708318024874,0.15,4.099670331925154e-05,0.00554613396525383,0.005711052101105452
3,3,1935,2022-06-08,21037,0.021854118,0.021858181804418564,0.175,5.187336228118511e-06,0.02185126394033432,0.021871771663427353
3,3,1942,2022-06-08,22067,0.015278159,0.015275400131940842,0.765,2.541728690630407e-06,0.015271442010998726,0.015279732644557953
3,3,1947,2022-06-08,24005,0.002400181,0.0024601202458143234,0.055,4.216322849970311e-05,0.0023891027085483074,0.002544349990785122
3,3,1957,2022-06-08,27033,0.0030912799,0.0031188454013317823,0.125,1.8845417798729613e-05,0.003064240561798215,0.003142885398119688
3,3,1958,2022-06-08,27089,0.0012175132,0.0014043059200048447,0.01,7.021787314442918e-05,0.0012165557127445936,0.0015003700973466039
3,3,1963,2022-06-08,28049,0.011535104,0.011527691036462784,0.805,6.917416158103151e-06,0.011514786630868912,0.011541285552084446
3,3,1965,2022-06-08,28053,0.015552675,0.015570145100355148,0.095,8.737498319533188e-06,0.015549642965197563,0.015579182654619217
3,3,1970,2022-06-08,28111,0.021330096,0.021328886970877647,0.6,5.160487035027472e-06,0.021314676851034164,0.021335555240511894
3,3,1972,2022-06-08,28129,0.013094325,0.013093816116452217,0.62,2.5481222110101953e-06,0.013085790909826756,0.013096773065626621
3,3,1979,2022-06-08,29005,0.005023438,0.005012526176869869,0.535,5.977116961730644e-05,0.004917220212519169,0.005126867443323135
3,3,1982,2022-06-08,29029,0.012049917,0.0120492372661829,0.805,1.0875978659896646e-06,0.012046070769429207,0.012050719000399113
3,3,1986,2022-06-08,29071,0.0033819096,0.0033297843765467405,0.805,3.2809082767926157e-05,0.003304768353700638,0.003409468336030841
3,3,1987,2022-06-08,29079,0.0035473248,0.003439396619796753,0.835,8.295299630844966e-05,0.003326990408822894,0.003686009207740426
3,3,1990,2022-06-08,29101,0.0038027714,0.003820560872554779,0.095,9.897278687276412e-06,0.0037932966370135546,0.0038365519139915705
3,3,1991,2022-06-08,29107,0.01911718,0.01915929839015007,0.005,1.5383120626211166e-05,0.0191170796751976,0.019183089956641197
3,3,2002,2022-06-08,30075,0.008563438,0.008573431521654129,0.085,8.18577336758608e-06,0.008561267517507076,0.008588132448494434
3,3,2007,2022-06-08,32011,0.02062545,0.020615238696336746,0.795,1.7496160580776632e-05,0.020569562911987305,0.020629508420825005
3,3,2008,2022-06-08,32013,0.0055202655,0.005509337410330772,0.985,1.4443542568187695e-05,0.005471454933285713,0.005520974285900593
3,3,2020,2022-06-08,35001,0.0005949239,0.0006007390911690891,0.11,5.193875495024258e-06,0.0005926301819272339,0.0006138564203865826
3,3,2024,2022-06-08,35035,0.0021419406,0.0021452894434332848,0.405,2.3403868908644654e-05,0.002114552306011319,0.00219988776370883
3,3,2025,2022-06-08,35037,0.0023469275,0.0023176188115030527,0.975,1.7583914086571895e-05,0.002276182174682617,0.002354271477088332
3,3,2028,2022-06-08,35053,0.0005137088,0.0005112627404741943,0.63,6.054687219148036e-06,0.0004968359135091305,0.0005231822142377496
3,3,2030,2022-06-08,37001,0.001596487,0.0016000054311007261,0.455,1.4701405234518461e-05,0.0015855056699365377,0.0016348861390724778
3,3,2042,2022-06-08,37135,0.0015903913,0.0015800362452864647,0.685,1.1536757483554538e-05,0.001570700784213841,0.0016087288968265057
3,3,2043,2022-06-08,37145,0.0011821187,0.0011662428732961416,0.695,2.1617786842398345e-05,0.001142432913184166,0.0012229892890900373
3,3,2044,2022-06-08,37147,0.0015038088,0.001472972333431244,0.98,1.571772554598283e-05,0.0014478755183517933,0.0015047300839796662
3,3,2052,2022-06-08,39017,0.031535283,0.031542424112558365,0.125,7.478174211428268e-06,0.03153311461210251,0.031559400260448456
3,3,2060,2022-06-08,39045,0.0365339,0.03655591979622841,0.08,1.1957386050198693e-05,0.036519259214401245,0.03657728061079979
3,3,2065,2022-06-08,39071,0.007871103,0.007873800583183765,0.225,4.5889019020251e-06,0.007868918590247631,0.007886256091296673
3,3,2069,2022-06-08,39105,0.0012529464,0.0012783687561750412,0.32,5.793411401100457e-05,0.0012173246359452605,0.0014425186673179269
3,3,2071,2022-06-08,39109,0.0074533294,0.007455255836248398,0.04,4.04379852625425e-06,0.007453177589923143,0.007466807030141354
3,3,2072,2022-06-08,39111,0.016998604,0.017003778368234634,0.365,1.4725831533723976e-05,0.01698715053498745,0.017039956524968147
3,3,2074,2022-06-08,39127,0.005581536,0.005574885755777359,0.755,7.0631085691275075e-06,0.005571317858994007,0.005598812364041805
3,3,2075,2022-06-08,39131,0.012323261,0.012325465679168701,0.41,8.19914203020744e-06,0.01231689564883709,0.01234988309442997
3,3,2077,2022-06-08,39141,0.008039458,0.008031198754906654,0.6,2.0272691472200677e-05,0.008010365068912506,0.008082213811576366
3,3,2083,2022-06-08,40015,0.035421688,0.03542955964803696,0.15,9.852429684542585e-06,0.035417310893535614,0.035452719777822495
3,3,2090,2022-06-08,40065,0.004015865,0.004019392654299736,0.455,1.705983595456928e-05,0.003988359589129686,0.004053499083966017
3,3,2096,2022-06-08,40113,0.0021550087,0.0021634604781866074,0.245,1.1477079169708304e-05,0.0021418395917862654,0.002197955036535859
3,3,2097,2022-06-08,40119,0.0038342723,0.0038564028218388557,0.275,3.661355731310323e-05,0.003791420953348279,0.003948323428630829
3,3,2098,2022-06-08,40123,0.00544619,0.005449578166007996,0.315,5.514826170838205e-06,0.005442339926958084,0.0054634143598377705
3,3,2107,2022-06-08,42051,0.006798552,0.006796267814934254,0.56,1.5468911442440003e-05,0.006749176885932684,0.006815737579017878
3,3,2109,2022-06-08,42111,0.0036120063,0.00355438981205225,0.595,0.00013539679639507085,0.0034445752389729023,0.0038829254917800426
3,3,2111,2022-06-08,45015,0.0021072756,0.0021266737021505833,0.12,1.203875490318751e-05,0.0020866533741354942,0.002140664728358388
3,3,2116,2022-06-08,46003,0.0033527785,0.003344410564750433,0.7,2.0516299628070556e-05,0.0032864874228835106,0.0033726573456078768
3,3,2119,2022-06-08,46019,0.021610353,0.021643582731485367,0.035,2.632462201290764e-05,0.02160639874637127,0.021695727482438087
3,3,2120,2022-06-08,46023,0.002817753,0.0028008355293422937,0.79,2.2757343685952947e-05,0.002740005496889353,0.00283187348395586
3,3,2121,2022-06-08,46025,0.0023964534,0.0024067750200629234,0.37,1.995953789446503e-05,0.0023498123046010733,0.002435012487694621
3,3,2133,2022-06-08,46069,0.003796607,0.003769203554838896,0.855,4.539282599580474e-05,0.003634127089753747,0.003822979284450412
3,3,2137,2022-06-08,46077,0.0027763837,0.0027819923125207424,0.125,1.1245578207308426e-05,0.0027722555678337812,0.002815945539623499
3,3,2141,2022-06-08,46095,0.0021866218,0.002241447102278471,0.04,4.1614526708144695e-05,0.0021658814512193203,0.002360842889174819
3,3,2144,2022-06-08,46107,0.0024696519,0.002468408551067114,0.51,2.7554733605938964e-05,0.0024033933877944946,0.002512108301743865
3,3,2145,2022-06-08,46109,0.0017594807,0.0017701969482004642,0.36,1.9273247744422406e-05,0.001729270676150918,0.0017960756085813046
3,3,2146,2022-06-08,46115,0.0027093757,0.002702263882383704,0.605,3.1102179491426796e-05,0.0026171826757490635,0.0027387021109461784
3,3,2149,2022-06-08,46121,0.0031110167,0.0030266414396464825,0.82,6.411225331248716e-05,0.0029588714241981506,0.003194944467395544
3,3,2160,2022-06-08,48111,0.0037425929,0.003711399622261524,0.695,4.6273333282442763e-05,0.0036847672890871763,0.003850772511214018
3,3,2173,2022-06-08,48279,0.0028082787,0.0027808803133666515,0.625,8.33887024782598e-05,0.0025996179319918156,0.0028567505069077015
3,3,2179,2022-06-08,48359,0.002988636,0.0030007283203303814,0.135,1.4661220120615326e-05,0.002976850373670459,0.0030364012345671654
3,3,2182,2022-06-08,48393,0.0022973751,0.0023474108893424273,0.265,7.107497367542237e-05,0.0022336961701512337,0.002501911949366331
3,3,2183,2022-06-08,48421,0.0031068965,0.003059373702853918,0.785,3.849188215099275e-05,0.0030169158708304167,0.0031653374899178743
3,3,2184,2022-06-08,48437,0.0026469552,0.002739494666457176,0.1,5.862654506927356e-05,0.002610850613564253,0.0028326096944510937
3,3,2185,2022-06-08,48485,0.004533477,0.0045305523090064526,0.63,6.347737325995695e-06,0.004519493784755468,0.004547785967588425
3,3,2189,2022-06-08,51007,0.0091875065,0.009146636351943016,0.855,2.51610890700249e-05,0.009118893183767796,0.009200078435242176
3,3,2194,2022-06-08,51059,0.0011508734,0.0011363665107637644,0.915,1.1294974683551118e-05,0.0011144328163936734,0.0011543667642399669
3,3,2202,2022-06-08,51107,0.0018779935,0.0018624374642968178,0.915,1.3157132343621925e-05,0.001830054447054863,0.0018843733705580235
3,3,2206,2022-06-08,51147,0.0026108918,0.002563783898949623,0.715,4.951828668708913e-05,0.00249437871389091,0.0026476457715034485
3,3,2208,2022-06-08,51153,0.001397906,0.001393285347148776,0.785,6.2246590459835716e-06,0.0013796845450997353,0.001403166796080768
3,3,2213,2022-06-08,51590,0.0023169336,0.0023282943293452263,0.325,2.4057817427092232e-05,0.002305668080225587,0.002388493623584509
3,3,2227,2022-06-08,54077,0.010158415,0.010164538398385048,0.21,1.2561963558255229e-05,0.010132904164493084,0.010205479338765144
3,3,2228,2022-06-08,54079,0.0059204106,0.005875038914382458,0.88,5.4388801800087094e-05,0.005723866634070873,0.005946930032223463
3,3,2230,2022-06-08,54095,0.0020934513,0.0021131953690201044,0.33,5.046304067946039e-05,0.0020710963290184736,0.002240133937448263
3,3,2231,2022-06-08,54103,0.020236185,0.020237840712070465,0.445,1.7219692381331697e-05,0.020186878740787506,0.020264625549316406
3,3,2242,2024-02-27,01089,0.0015449377,0.001571059226989746,0.03,4.161825927440077e-05,0.0015446142060682178,0.0017080253455787897
3,3,2249,2024-02-27,06015,0.027479507,0.02918032556772232,0.31,0.004331456497311592,0.02657732367515564,0.040899064391851425
3,3,2259,2024-02-27,06051,0.01805411,0.01779777556657791,0.815,0.0007691562059335411,0.015888221561908722,0.018107274547219276
3,3,2260,2024-02-27,06057,0.01504321,0.015082074329257011,0.07,0.00011553291551535949,0.015034126117825508,0.015479236841201782
3,3,2270,2024-02-27,06105,0.08041375,0.08035603910684586,0.845,0.00010731749352999032,0.0799352303147316,0.08043772727251053
3,3,2271,2024-02-27,08003,0.006267887,0.0067835645750164986,0.455,0.00796496495604515,0.00396847166121006,0.028657760471105576
3,3,2281,2024-02-27,08071,0.004841003,0.004938330501317978,0.33,0.00033455711673013866,0.004679384175688028,0.005720716901123524
3,3,2282,2024-02-27,08077,0.007888396,0.008047541603446007,0.405,0.0017172590596601367,0.007614901289343834,0.013952228240668774
3,3,2284,2024-02-27,08085,0.011494773,0.011650100350379944,0.385,0.0015498505672439933,0.011341337114572525,0.016564147546887398
3,3,2285,2024-02-27,08089,0.0039759446,0.0038890684954822063,0.745,8.473711932310835e-05,0.003840656718239188,0.0041403574869036674
3,3,2294,2024-02-27,13077,0.0018248864,0.001813175855204463,0.62,4.439619442564435e-05,0.001787035376764834,0.00196027010679245
3,3,2297,2024-02-27,13119,0.002683529,0.002690340159460902,0.335,1.5208848708425649e-05,0.0026485652197152376,0.002707713982090354
3,3,2298,2024-02-27,13135,0.0014744886,0.0015308039728552103,0.035,9.28440858842805e-05,0.0014691713731735945,0.0017905718414112926
3,3,2308,2024-02-27,13297,0.001965958,0.0019658119417726994,0.505,7.14541383786127e-05,0.0019081073114648461,0.002181585878133774
3,3,2310,2024-02-27,16003,0.014151799,0.014274897053837776,0.09,0.0001947770215338096,0.014133589342236519,0.01482107862830162
3,3,2313,2024-02-27,16027,0.0021791616,0.002369843889027834,0.01,0.0003043714095838368,0.002176706911996007,0.003301949007436633
3,3,2321,2024-02-27,17003,0.0018807994,0.0018451886717230082,0.74,4.447953688213602e-05,0.0018149890238419175,0.001986235147342086
3,3,2322,2024-02-27,17031,0.0024704295,0.0028672395274043083,0.01,0.0006106084329076111,0.002453007036820054,0.004539476241916418
3,3,2330,2024-02-27,17089,0.002335785,0.0025825430639088154,0.0,0.0003606212558224797,0.0023481114767491817,0.003586862236261368
3,3,2336,2024-02-27,17179,0.0020557512,0.00213642418384552,0.05,9.43881823332049e-05,0.0020475282799452543,0.002387448912486434
3,3,2337,2024-02-27,17181,0.0020983669,0.001991509459912777,0.885,5.173621320864186e-05,0.001957234926521778,0.002142619574442506
3,3,2347,2024-02-27,18067,0.0048720734,0.00490815844386816,0.305,0.000129641528474167,0.0048466213047504425,0.0052721682004630566
3,3,2348,2024-02-27,18069,0.003999686,0.004070013761520386,0.47,0.0012761889956891537,0.003237257245928049,0.007573267444968224
3,3,2353,2024-02-27,18133,0.0027415608,0.0027971933595836163,0.27,0.00015394127694889903,0.002671251306310296,0.003239569952711463
3,3,2367,2024-02-27,21059,0.0028889857,0.0027775377966463566,0.58,0.00039018929237499833,0.0024709836579859257,0.0037941921036690474
3,3,2370,2024-02-27,21069,0.005894055,0.005972151644527912,0.04,0.00029021844966337085,0.005885722581297159,0.0068907528184354305
3,3,2375,2024-02-27,21095,0.0040920014,0.004108923487365246,0.365,8.534084190614522e-05,0.0040661972016096115,0.004376881290227175
3,3,2378,2024-02-27,21105,0.0016597959,0.0016934836748987436,0.045,6.526525976369157e-05,0.0016583623364567757,0.001878792536444962
3,3,2386,2024-02-27,21179,0.00641282,0.006439776159822941,0.055,8.509830513503402e-05,0.0064075845293700695,0.006709219887852669
3,3,2387,2024-02-27,21181,0.0038135427,0.0031183683313429356,0.72,0.0008578621200285852,0.002552194520831108,0.005502241663634777
3,3,2394,2024-02-27,23009,0.05821726,0.01931925117969513,0.79,0.02530885487794876,0.011902542784810066,0.09033314138650894
3,3,2399,2024-02-27,25011,0.005237178,0.0051974644884467125,0.515,0.006328646093606949,0.004942141007632017,0.02657005563378334
3,3,2410,2024-02-27,29017,0.0017673575,0.0017025223933160305,0.91,2.9439537684083916e-05,0.0016855839639902115,0.001793704112060368
3,3,2411,2024-02-27,29023,0.0011346879,0.0011234739795327187,0.72,1.9068200344918296e-05,0.0011106125311926007,0.0011886591091752052
3,3,2427,2024-02-27,30041,0.0013373103,0.0013477744068950415,0.36,2.2932874344405718e-05,0.0013073448790237308,0.001397221232764423
3,3,2430,2024-02-27,30047,0.0027032206,0.002671425696462393,0.79,2.7830803446704522e-05,0.0026293557602912188,0.0027259045746177435
3,3,2432,2024-02-27,30057,0.0028696186,0.0028643999248743057,0.61,1.2511532986536622e-05,0.002844449132680893,0.0028865986969321966
3,3,2438,2024-02-27,30099,0.000830043,0.0007900407072156668,0.685,5.140430948813446e-05,0.0007370755192823708,0.0009052056702785194
3,3,2441,2024-02-27,32003,0.004553321,0.005241934210062027,0.02,0.0038140949327498674,0.004546613432466984,0.018274690955877304
3,3,2444,2024-02-27,32011,0.0027457399,0.003261700738221407,0.235,0.001709327450953424,0.002588642528280616,0.00910446047782898
3,3,2445,2024-02-27,32013,0.023412298,0.024929482489824295,0.12,0.0033094235695898533,0.023197580128908157,0.03386068716645241
3,3,2456,2024-02-27,35001,0.0026126467,0.0031569586135447025,0.05,0.0022573808673769236,0.0025898157618939877,0.01026246976107359
3,3,2467,2024-02-27,35035,0.001931643,0.0021946995984762907,0.195,0.0006314367055892944,0.0018367912853136659,0.004039997700601816
3,3,2468,2024-02-27,35037,0.0035826454,0.003419842105358839,0.845,0.00010361844033468515,0.0033346484415233135,0.0037045811768621206
3,3,2472,2024-02-27,35049,0.0047897487,0.0068033672869205475,0.205,0.004007844720035791,0.004100350197404623,0.016878876835107803
3,3,2473,2024-02-27,35053,0.0021047245,0.002039763145148754,0.705,0.00013088221021462232,0.0017727954545989633,0.0021441099233925343
3,3,2480,2024-02-27,36011,0.01199081,0.011973485350608826,0.57,0.0002290682605234906,0.011494207195937634,0.012798264622688293
3,3,2484,2024-02-27,36031,0.03270692,0.03441236913204193,0.39,0.006909615360200405,0.016146773472428322,0.03647158294916153
3,3,2491,2024-02-27,36049,0.025754064,0.03758634626865387,0.095,0.005226764362305403,0.025105474516749382,0.0402882918715477
3,3,2497,2024-02-27,36081,0.0024549991,0.003562293015420437,0.025,0.0028480158653110266,0.0024473723024129868,0.012252748012542725
3,3,2500,2024-02-27,36089,0.01808079,0.009641751646995544,0.815,0.006852780468761921,0.007963987998664379,0.031320296227931976
3,3,2505,2024-02-27,36111,0.011238719,0.01096182968467474,0.62,0.0011707808589562774,0.007892444729804993,0.011742977425456047
3,3,2514,2024-02-27,39045,0.028017567,0.027059800922870636,0.685,0.001959798391908407,0.02256537601351738,0.028945110738277435
3,3,2517,2024-02-27,39067,0.010356375,0.009852230548858643,0.595,0.005831570364534855,0.006493843626230955,0.027209728956222534
3,3,2521,2024-02-27,39111,0.027090771,0.027038127183914185,0.575,0.0007161020766943693,0.024892859160900116,0.027439270168542862
3,3,2525,2024-02-27,39127,0.013075908,0.013656750321388245,0.015,0.00028859314625151455,0.013015332631766796,0.01431225799024105
3,3,2528,2024-02-27,40003,0.0021712815,0.0021506939083337784,0.61,7.816780998837203e-05,0.002101612975820899,0.0023665030021220446
3,3,2530,2024-02-27,40025,0.004726999,0.004574616439640522,0.805,0.00011630867811618373,0.004537259228527546,0.004983389750123024
3,3,2532,2024-02-27,40045,0.0037590659,0.003804644336923957,0.23,0.00017168241902254522,0.003749479539692402,0.004338311497122049
3,3,2535,2024-02-27,41001,0.0056626494,0.005913307890295982,0.1,0.0004424543585628271,0.005616677459329367,0.0071290405467152596
3,3,2538,2024-02-27,42009,0.012412676,0.012323168106377125,0.745,0.00025003624614328146,0.011533414013683796,0.012525401078164577
3,3,2539,2024-02-27,42051,0.0029611834,0.0030441610142588615,0.08,0.0009128002566285431,0.00295620528049767,0.006400468293577433
3,3,2545,2024-02-27,45045,0.00080537633,0.0008888862794265151,0.055,0.0001317693677265197,0.0008030721801333129,0.0013108177809044719
3,3,2548,2024-02-27,45063,0.0012856866,0.0013215431245043874,0.275,0.00010631285113049671,0.001247556647285819,0.001615446642972529
3,3,2553,2024-02-27,45083,0.00068135746,0.0007180774118751287,0.18,9.697413042886183e-05,0.000673076428938657,0.001057217363268137
3,3,2558,2024-02-27,46109,0.0028152626,0.002794247819110751,0.855,1.1111726962553803e-05,0.0027875814121216536,0.002827929798513651
3,3,2567,2024-02-27,47167,0.001678048,0.0016222926788032055,0.68,8.837892528390512e-05,0.001555978786200285,0.001858275500126183
3,3,2570,2024-02-27,48061,0.0016828218,0.0016719576669856906,0.605,3.3049818739527836e-05,0.0016408549854531884,0.001770692877471447
3,3,2576,2024-02-27,48111,0.0040530493,0.00406359788030386,0.48,0.0002546552277635783,0.0038981186226010323,0.004719564225524664
3,3,2585,2024-02-27,48211,0.018747747,0.018819473683834076,0.235,6.385723827406764e-05,0.0186484232544899,0.01887289248406887
3,3,2588,2024-02-27,48279,0.0011116395,0.0011155260726809502,0.475,3.846211620839313e-05,0.0010840074392035604,0.0012119270395487547
3,3,2593,2024-02-27,48359,0.0034053535,0.003187010530382395,0.865,0.00012662060908041894,0.0030734441243112087,0.00352511927485466
3,3,2597,2024-02-27,48421,0.0047437763,0.003884280566126108,0.89,0.00041552746552042663,0.003616048488765955,0.0050467196851968765
3,3,2598,2024-02-27,48437,0.0014290647,0.0013380625750869513,0.825,5.19560016982723e-05,0.0013053235597908497,0.0014732559211552143
3,3,2602,2024-02-27,49005,0.01592801,0.017574580386281013,0.185,0.0032087534200400114,0.015064912848174572,0.02594696171581745
3,3,2609,2024-02-27,49027,0.024182819,0.023433871567249298,0.625,0.003229987807571888,0.02249421365559101,0.034184135496616364
3,3,2614,2024-02-27,49037,0.0038861453,0.004486586898565292,0.105,0.001774957636371255,0.003785330569371581,0.010203633457422256
3,3,2617,2024-02-27,49043,0.022036461,0.021992255002260208,0.55,0.00033425926812924445,0.02184457890689373,0.022959813475608826
3,3,2620,2024-02-27,49049,0.010779423,0.011777921579778194,0.06,0.001724947476759553,0.010687579400837421,0.01646740548312664
3,3,2629,2024-02-27,50011,0.0073321788,0.007429102435708046,0.34,0.0028673317283391953,0.0072752730920910835,0.017230086028575897
3,3,2632,2024-02-27,50017,0.0131463725,0.013651619665324688,0.405,0.00781259499490261,0.012745260260999203,0.03736618533730507
3,3,2643,2024-02-27,54023,0.0052972296,0.005891744047403336,0.4,0.0028539150953292847,0.003978145308792591,0.013814803212881088
3,3,2645,2024-02-27,54047,0.011604028,0.011527094058692455,0.64,0.00026172862271778286,0.010837635956704617,0.011726761236786842
3,3,2648,2024-02-27,54079,0.0030463175,0.0031436262652277946,0.275,0.0006623241351917386,0.0030221363995224237,0.0052274856716394424
3,3,2650,2024-02-27,54085,0.0098474305,0.009800123982131481,0.54,0.0007327114581130445,0.009613323025405407,0.012222511693835258
3,3,2657,2024-02-27,56025,0.0025730892,0.0025407164357602596,0.54,0.00021525478223338723,0.0024043191224336624,0.003102624788880348
3,4,6,2019-03-13,01047,0.0022989996,0.0021958881989121437,0.985,3.975597792305052e-05,0.00212135654874146,0.002329443348571658
3,4,7,2019-03-13,01051,0.005621866,0.0056276749819517136,0.33,2.081502680084668e-05,0.005575011949986219,0.005687939468771219
3,4,11,2019-03-13,01079,0.00096235547,0.0010133001487702131,0.165,6.79179938742891e-05,0.0008829243015497923,0.001252824324183166
3,4,20,2019-03-13,05031,0.0024351052,0.002354963216930628,0.68,0.0001352544204564765,0.002236580476164818,0.0028431268874555826
3,4,21,2019-03-13,05073,0.0051356936,0.004027621820569038,0.955,0.0004828177625313401,0.003671714337542653,0.005444900598376989
3,4,29,2019-03-13,08073,0.016221363,0.01622256264090538,0.495,0.00019667900050990283,0.016101587563753128,0.017991693690419197
3,4,32,2019-03-13,13115,0.0018045654,0.0016110797878354788,0.895,0.00012166452506789938,0.0014070264296606183,0.0020576787646859884
3,4,36,2019-03-13,17047,0.0037782993,0.003860341152176261,0.42,0.0006345541914924979,0.0033823074772953987,0.006849342491477728
3,4,37,2019-03-13,17055,0.0026141556,0.002599721774458885,0.55,0.00023078454250935465,0.0025533041916787624,0.0036231938283890486
3,4,42,2019-03-13,17077,0.0044176383,0.004426286555826664,0.11,7.649225153727457e-06,0.00441449461504817,0.004447994753718376
3,4,48,2019-03-13,17153,0.0029224548,0.002729309257119894,0.885,0.00011812692537205294,0.0025951561983674765,0.0032218697015196085
3,4,63,2019-03-13,18083,0.0054126494,0.005274901166558266,0.575,0.0014253166737034917,0.004334331955760717,0.01330647710710764
3,4,69,2019-03-13,18127,0.0032749185,0.003794304793700576,0.305,0.0023736378643661737,0.002727000042796135,0.01439954899251461
3,4,70,2019-03-13,18129,0.010850843,0.01100616343319416,0.11,8.221397001761943e-05,0.010834554210305214,0.011097383685410023
3,4,71,2019-03-13,18137,0.0074430257,0.007131291553378105,0.68,0.0008813324966467917,0.00622126180678606,0.010208476334810257
3,4,78,2019-03-13,18175,0.00989094,0.009767327457666397,0.575,0.00045942922588437796,0.009344877675175667,0.011580286547541618
3,4,84,2019-03-13,20083,0.00913936,0.0052052708342671394,0.88,0.006104998756200075,0.004321914631873369,0.05134269595146179
3,4,85,2019-03-13,20109,0.015464972,0.015279409475624561,0.96,8.445497951470315e-05,0.015253041870892048,0.0159150343388319
3,4,87,2019-03-13,20137,0.0072877114,0.007233473472297192,0.61,0.0004692489455919713,0.0070195673033595085,0.009794294834136963
3,4,96,2019-03-13,21023,0.0102681825,0.010059062391519547,0.74,0.0003839904675260186,0.009696661494672298,0.012147394940257072
3,4,97,2019-03-13,21033,0.0068873954,0.006578419357538223,0.76,0.0003295812348369509,0.006347194779664278,0.008227250538766384
3,4,102,2019-03-13,21055,0.0066781137,0.006225781515240669,0.965,0.0001753466494847089,0.006071143783628941,0.007004098035395145
3,4,110,2019-03-13,21101,0.017721472,0.01783212646842003,0.28,0.0001274598325835541,0.01750824600458145,0.018005017191171646
3,4,113,2019-03-13,21139,0.008146896,0.008013678714632988,0.955,4.6512166591128334e-05,0.00796585250645876,0.008207719773054123
3,4,117,2019-03-13,21149,0.008440457,0.008157860487699509,0.67,0.0007630517357029021,0.00775689585134387,0.011727554723620415
3,4,123,2019-03-13,21211,0.0048421607,0.004730300046503544,0.63,0.0003820810525212437,0.003589699976146221,0.00534089608117938
3,4,131,2019-03-13,22017,0.0045412453,0.0034995870664715767,0.865,0.0005795491160824895,0.003138555446639657,0.005196447018533945
3,4,136,2019-03-13,26049,0.0019606045,0.00211577070876956,0.215,0.00038055781624279916,0.0019213168416172266,0.004814303480088711
3,4,141,2019-03-13,26159,0.002554757,0.0022327150218188763,0.675,0.0012097775470465422,0.001671547768637538,0.010608806274831295
3,4,142,2019-03-13,28011,0.00633929,0.005515587516129017,0.86,0.0005127390613779426,0.0050009083934128284,0.007410132791846991
3,4,152,2019-03-13,29031,0.0014710611,0.0014697798760607839,0.515,7.771373202558607e-05,0.0013895267620682716,0.001811971073038876
3,4,154,2019-03-13,29143,0.00506956,0.0050337230786681175,0.605,0.0001618721435079351,0.0048149460926651955,0.005656519439071417
3,4,159,2019-03-13,32007,0.00020320891,0.00020460563246160746,0.22,2.413781203358667e-06,0.00020148135081399232,0.00021810864564031363
3,4,168,2019-03-13,35051,0.0062860213,0.006967463064938784,0.065,0.0009215293684974313,0.006218499504029751,0.010403369553387165
3,4,172,2019-03-13,39025,0.005131689,0.005014031194150448,0.94,6.912562093930319e-05,0.004878765903413296,0.00520107988268137
3,4,175,2019-03-13,39031,0.006003489,0.005810778588056564,0.715,0.00048345455434173346,0.004775951616466045,0.006989661604166031
3,4,179,2019-03-13,39059,0.005996073,0.005948534235358238,0.625,0.0002071335184155032,0.005506623070687056,0.006409280002117157
3,4,185,2019-03-13,39097,0.01709229,0.017001822590827942,0.885,7.962047675391659e-05,0.01688223145902157,0.017397917807102203
3,4,195,2019-03-13,40013,0.0024183595,0.0022524031810462475,0.9,7.981620001373813e-05,0.0022223442792892456,0.0025552893057465553
3,4,198,2019-03-13,40027,0.001718394,0.0017283337656408548,0.29,3.370246122358367e-05,0.0017018861835822463,0.001900374423712492
3,4,200,2019-03-13,40039,0.008158778,0.008548807352781296,0.185,0.0017082847189158201,0.008011771366000175,0.019174853339791298
3,4,203,2019-03-13,40047,0.0058468585,0.00565190427005291,0.545,0.002616334706544876,0.004664537031203508,0.026511115953326225
3,4,205,2019-03-13,40057,0.009645961,0.010613994672894478,0.295,0.005769262555986643,0.009101344272494316,0.046919114887714386
3,4,217,2019-03-13,40151,0.0073084454,0.007730396464467049,0.315,0.004989417269825935,0.006927753798663616,0.06843279302120209
3,4,224,2019-03-13,47165,0.00265104,0.0029483609832823277,0.155,0.000578756385948509,0.0024368814192712307,0.005478015169501305
3,4,227,2019-03-13,48011,0.036363907,0.0361645445227623,0.63,0.0009100909810513258,0.03028787113726139,0.03651747480034828
3,4,228,2019-03-13,48017,0.014616659,0.013468578457832336,0.925,0.0006656684563495219,0.013083078898489475,0.016904322430491447
3,4,229,2019-03-13,48045,0.016849294,0.015639714896678925,0.68,0.005031586159020662,0.014476568438112736,0.05626935884356499
3,4,232,2019-03-13,48069,0.03348514,0.033595383167266846,0.235,0.0003384235315024853,0.03344540670514107,0.035727109760046005
3,4,239,2019-03-13,48103,0.040305138,0.040035001933574677,0.725,0.00038050676812417805,0.03932006284594536,0.04115751013159752
3,4,240,2019-03-13,48107,0.0048861867,0.005054853856563568,0.27,0.0013025365769863129,0.00478189904242754,0.014513838104903698
3,4,251,2019-03-13,48141,0.008395728,0.009080605581402779,0.08,0.0014325210358947515,0.008321434259414673,0.016667015850543976
3,4,252,2019-03-13,48147,0.0037477897,0.003492257557809353,0.92,0.0001163113847724162,0.0034556007012724876,0.003982140216976404
3,4,253,2019-03-13,48153,0.019072179,0.015223459340631962,0.915,0.0024525532498955727,0.014337162487208843,0.030962307006120682
3,4,254,2019-03-13,48165,0.008737518,0.008922748267650604,0.325,0.002315471414476633,0.00852175708860159,0.029309675097465515
3,4,260,2019-03-13,48189,0.013111983,0.013607342727482319,0.23,0.0012071975506842136,0.012960453517735004,0.021820399910211563
3,4,267,2019-03-13,48217,0.0048636883,0.004887863993644714,0.42,0.00019564249669201672,0.004743638914078474,0.0056982021778821945
3,4,268,2019-03-13,48219,0.010257028,0.009044848382472992,0.895,0.0009701789822429419,0.008566459640860558,0.01454759482294321
3,4,271,2019-03-13,48229,0.0076934993,0.009100792929530144,0.135,0.005794610362499952,0.007478093728423119,0.04036391153931618
3,4,285,2019-03-13,48329,0.00351956,0.00400320440530777,0.115,0.0011938587995246053,0.0034525752998888493,0.011271125636994839
3,4,288,2019-03-13,48341,0.13247395,0.13284236192703247,0.2,0.0003319314564578235,0.13133299350738525,0.13311105966567993
3,4,308,2019-03-13,48423,0.0036101798,0.0036692190915346146,0.315,7.154961349442601e-05,0.0035392174031585455,0.0037586211692541838
3,4,311,2019-03-13,48439,0.0026454304,0.002537291496992111,0.97,9.193902224069461e-05,0.002306343987584114,0.002667947905138135
3,4,312,2019-03-13,48445,0.012706072,0.013265611603856087,0.365,0.003188305301591754,0.011950861662626266,0.03325866907835007
3,4,325,2021-03-26,01025,0.003467353,0.003281228942796588,0.82,0.0001326386845903471,0.0031355819664895535,0.0035630431957542896
3,4,340,2021-03-26,01095,0.01272151,0.011283316649496555,0.665,0.0013567773858085275,0.010193467140197754,0.0143327247351408
3,4,344,2021-03-26,01123,0.007355626,0.005761667154729366,0.855,0.0009453926468268037,0.005003001540899277,0.00793622899800539
3,4,351,2021-03-26,05043,0.005574693,0.005567115265876055,0.635,3.5283916076878086e-05,0.005518405698239803,0.00569145567715168
3,4,353,2021-03-26,05073,0.004202473,0.004126106388866901,0.815,0.00013974789180792868,0.0037745595909655094,0.004439110867679119
3,4,354,2021-03-26,05079,0.015913136,0.015967532992362976,0.09,3.3651202102191746e-05,0.015860866755247116,0.016036314889788628
3,4,358,2021-03-26,05107,0.0060029547,0.005950836930423975,0.89,3.475025005172938e-05,0.005910497158765793,0.006080277264118195
3,4,363,2021-03-26,08043,0.00026211463,0.00027099193539470434,0.245,2.7406213121139444e-05,0.0002468310121912509,0.000447609752882272
3,4,370,2021-03-26,12119,0.0023480877,0.0023314631544053555,0.82,1.3293602023622952e-05,0.0023172637447714806,0.002371534239500761
3,4,376,2021-03-26,13113,0.003959462,0.004368200898170471,0.225,0.0005188382929190993,0.003852780908346176,0.005521582905203104
3,4,377,2021-03-26,13115,0.008968623,0.00834771990776062,0.895,0.00029879328212700784,0.008206553757190704,0.009179867804050446
3,4,382,2021-03-26,13153,0.0018949922,0.0018609201069921255,0.575,6.188825500430539e-05,0.0018115934217348695,0.0020251478999853134
3,4,385,2021-03-26,13223,0.0038794235,0.003832257119938731,0.54,0.00044252577936276793,0.003419005312025547,0.004834344610571861
3,4,391,2021-03-26,13311,0.002262846,0.002529759891331196,0.095,0.0002691188419703394,0.002240137429907918,0.0030420764815062284
3,4,396,2021-03-26,16011,0.006803048,0.0067870132625103,0.655,0.00011183889728272334,0.006165183614939451,0.00686206528916955
3,4,404,2021-03-26,16033,0.0008682128,0.0008837996865622699,0.28,0.0001310920197283849,0.0008467554580420256,0.001991564640775323
3,4,413,2021-03-26,16055,0.025582306,0.02527892217040062,0.735,0.001903696684166789,0.014092409051954746,0.025772301480174065
3,4,415,2021-03-26,16061,0.0010971546,0.001085722353309393,0.655,3.1310391932493076e-05,0.0009787483140826225,0.001140077831223607
3,4,420,2021-03-26,16073,0.0027557032,0.00273287296295166,0.91,3.912422471330501e-05,0.0025516594760119915,0.002773802727460861
3,4,423,2021-03-26,16083,0.0060951947,0.006039747502654791,0.9,9.108702215598896e-05,0.005531873553991318,0.006123047322034836
3,4,427,2021-03-26,17023,0.002839431,0.002851978875696659,0.02,1.0591941645543557e-05,0.002837735926732421,0.0028799979481846094
3,4,428,2021-03-26,17047,0.0035763218,0.003466543275862932,0.62,0.00016799947479739785,0.0032873055897653103,0.003787324531003833
3,4,429,2021-03-26,17055,0.0046916855,0.004635014571249485,0.97,3.1739738915348426e-05,0.004598268307745457,0.004697964992374182
3,4,433,2021-03-26,17077,0.0016284911,0.0016174339689314365,0.715,1.5617175449733622e-05,0.0015946272760629654,0.0016704503213986754
3,4,436,2021-03-26,17121,0.00119182,0.001156765385530889,0.82,2.5451023248024285e-05,0.0011254200944676995,0.00121538364328444
3,4,439,2021-03-26,17153,0.0020525078,0.0020528428722172976,0.475,1.1719382200681139e-05,0.0020303293131291866,0.0020903421100229025
3,4,448,2021-03-26,18029,0.0028708884,0.002928389236330986,0.1,7.445130177075043e-05,0.0028665654826909304,0.0031065659131854773
3,4,458,2021-03-26,18081,0.0049338434,0.004949640948325396,0.135,1.3260658306535333e-05,0.004928824957460165,0.00497015006840229
3,4,463,2021-03-26,18119,0.009795359,0.00977445486932993,0.735,2.4173255951609462e-05,0.009730968624353409,0.009806887246668339
3,4,465,2021-03-26,18129,0.008020565,0.007994567975401878,0.795,2.2664782591164112e-05,0.007967124693095684,0.008072445169091225
3,4,466,2021-03-26,18137,0.0030145904,0.0028959568589925766,0.745,0.0001080008369171992,0.0027683989610522985,0.003090198151767254
3,4,476,2021-03-26,20055,0.0009115117,0.0008620999287813902,0.96,3.97240073652938e-05,0.0007685184828005731,0.0009628993575461209
3,4,482,2021-03-26,20109,0.0009993896,0.0009577322052791715,0.955,3.674147228593938e-05,0.0008606858900748193,0.0010353761026635766
3,4,483,2021-03-26,20123,0.0015847471,0.0015664887614548206,0.62,7.87143872003071e-05,0.001353548956103623,0.001645504031330347
3,4,484,2021-03-26,20137,0.001210335,0.0011412628227844834,0.895,6.657843914581463e-05,0.0010149948066100478,0.0013021189952269197
3,4,486,2021-03-26,20147,0.0037524165,0.0037849261425435543,0.095,3.4411274100420997e-05,0.0037213244941085577,0.0038522789254784584
3,4,497,2021-03-26,21033,0.0030208633,0.0029848935082554817,0.635,7.289690984180197e-05,0.002867631148546934,0.0031019088346511126
3,4,501,2021-03-26,21055,0.0031834438,0.00316424248740077,0.61,5.366373079596087e-05,0.003095020540058613,0.003316000569611788
3,4,507,2021-03-26,21101,0.003297888,0.003255569376051426,0.785,5.6363234762102365e-05,0.00318217184394598,0.0034628137946128845
3,4,511,2021-03-26,21139,0.0023643763,0.0023690136149525642,0.455,3.23340245813597e-05,0.002324529690667987,0.0024434542283415794
3,4,514,2021-03-26,21149,0.003427483,0.003356912173330784,0.92,4.520713628153317e-05,0.0032958409283310175,0.0034679698292165995
3,4,523,2021-03-26,22017,0.0049347878,0.00513081531971693,0.09,0.00013983520329929888,0.004829458426684141,0.005542829167097807
3,4,526,2021-03-26,23007,0.031162068,0.03083847463130951,0.605,0.0009568680543452501,0.02686147205531597,0.03165809437632561
3,4,534,2021-03-26,24027,0.0009214863,0.0009350801119580865,0.13,2.4307451894856058e-05,0.0009008946362882853,0.0010462396312505007
3,4,538,2021-03-26,24043,0.0030777932,0.003272507106885314,0.245,0.0003606502723414451,0.003003438701853156,0.00450363103300333
3,4,540,2021-03-26,25003,0.0055812746,0.006359230726957321,0.235,0.001911959145218134,0.005360781215131283,0.016374390572309494
3,4,546,2021-03-26,25017,0.002675195,0.0036734160967171192,0.02,0.005111805163323879,0.002646996406838298,0.036599695682525635
3,4,549,2021-03-26,25027,0.005758553,0.006502037867903709,0.19,0.006190994754433632,0.005668808706104755,0.052495893090963364
3,4,551,2021-03-26,28011,0.007272839,0.007315242663025856,0.17,4.9827704060589895e-05,0.007222059648483992,0.007400344591587782
3,4,555,2021-03-26,28031,0.0033432345,0.0032106549479067326,0.73,0.00011083533172495663,0.003107810392975807,0.0034771068021655083
3,4,556,2021-03-26,28067,0.0023343156,0.002284703543409705,0.65,7.281434955075383e-05,0.0022042347118258476,0.002429031068459153
3,4,566,2021-03-26,29031,0.0013101631,0.0013115638867020607,0.465,1.3109807696309872e-05,0.001285548903979361,0.0013393384870141745
3,4,569,2021-03-26,29143,0.008537147,0.008514536544680595,0.96,1.249523938895436e-05,0.00850202888250351,0.008542255498468876
3,4,572,2021-03-26,30003,0.0029212092,0.003114087041467428,0.18,0.0030009527690708637,0.0028180007357150316,0.033328525722026825
3,4,575,2021-03-26,30017,0.0043132,0.00442011933773756,0.26,0.0004957565106451511,0.004237803164869547,0.007075253874063492
3,4,576,2021-03-26,30019,0.0068275966,0.006829029880464077,0.49,0.00015615762094967067,0.0066912672482430935,0.007704001851379871
3,4,582,2021-03-26,30039,0.0046638097,0.004476472269743681,0.525,0.03402826189994812,0.003214481985196471,0.2039087563753128
3,4,593,2021-03-26,30079,0.01845312,0.018484268337488174,0.23,0.00014661005116067827,0.01843118481338024,0.019278516992926598
3,4,604,2021-03-26,30105,0.008053821,0.008224977180361748,0.23,0.0010212648194283247,0.007921100594103336,0.01594008319079876
3,4,605,2021-03-26,30107,0.0050343797,0.005250550340861082,0.235,0.008607513271272182,0.004822921939194202,0.07581732422113419
3,4,608,2021-03-26,32007,0.00039037317,0.00043350961641408503,0.155,7.156825449783355e-05,0.00036742896190844476,0.0007690440397709608
3,4,611,2021-03-26,33003,0.017742377,0.017492011189460754,0.64,0.0059622302651405334,0.01586737483739853,0.0680551528930664
3,4,617,2021-03-26,34019,0.009180456,0.009108370169997215,0.64,0.00019986361439805478,0.008408418856561184,0.009268878027796745
3,4,621,2021-03-26,34029,0.0024890276,0.002542080357670784,0.32,0.00014917264343239367,0.0023702385369688272,0.003116813488304615
3,4,626,2021-03-26,36009,0.011104063,0.011271035298705101,0.375,0.0004596687213052064,0.010896404273808002,0.012476790696382523
3,4,631,2021-03-26,36037,0.015039278,0.015288161113858223,0.185,0.0002093086513923481,0.014966373331844807,0.015564567409455776
3,4,635,2021-03-26,36055,0.003326397,0.0031585977412760258,0.74,0.00014716233999934047,0.0030580186285078526,0.003551734611392021
3,4,646,2021-03-26,36103,0.003404084,0.0037533699069172144,0.265,0.0021781870163977146,0.003224184038117528,0.01729421690106392
3,4,650,2021-03-26,37023,0.0022610377,0.002427090425044298,0.38,0.0003885967889800668,0.0020656415726989508,0.00337029155343771
3,4,653,2021-03-26,37059,0.001329503,0.001357588334940374,0.41,7.846335211070254e-05,0.0012835278175771236,0.0015304465778172016
3,4,655,2021-03-26,37107,0.0034893933,0.0033610682003200054,0.86,9.848186891758814e-05,0.003257517470046878,0.003703474998474121
3,4,667,2021-03-26,39025,0.003003326,0.003024204634130001,0.425,7.531806477345526e-05,0.0029523472767323256,0.0031913158018141985
3,4,670,2021-03-26,39031,0.0068059624,0.006735502276569605,0.655,8.113536750897765e-05,0.006614025216549635,0.006869342178106308
3,4,671,2021-03-26,39033,0.008940549,0.008519090712070465,0.725,0.00037347746547311544,0.008159867487847805,0.009296166710555553
3,4,680,2021-03-26,39065,0.010806602,0.010608050972223282,0.815,0.00011775334132835269,0.010520322248339653,0.010883654467761517
3,4,689,2021-03-26,39097,0.0042297086,0.004269005730748177,0.43,0.00021310863667167723,0.004083896987140179,0.004700655583292246
3,4,691,2021-03-26,39101,0.007312592,0.0070041511207818985,0.73,0.000310805335175246,0.006618602201342583,0.007609759923070669
3,4,692,2021-03-26,39107,0.005549081,0.005295216105878353,0.855,0.00019359808356966823,0.005050901789218187,0.005675960797816515
3,4,702,2021-03-26,39155,0.0066821994,0.006984219420701265,0.15,0.00033727684058248997,0.006645536981523037,0.007753646932542324
3,4,706,2021-03-26,39169,0.02131667,0.021032346412539482,0.965,0.00025222465046681464,0.02054744027554989,0.02132643572986126
3,4,708,2021-03-26,41013,0.0027716756,0.003216890385374427,0.18,0.0012800245312973857,0.0025957885663956404,0.011357177048921585
3,4,711,2021-03-26,41023,0.0010059776,0.0009985256474465132,0.655,2.3585149392602034e-05,0.0009675201145000756,0.0011399610666558146
3,4,717,2021-03-26,41059,0.0027744926,0.002775169676169753,0.41,4.8648935262463056e-06,0.002769916085526347,0.0027889965567737818
3,4,725,2021-03-26,42045,0.0019997489,0.002163066528737545,0.06,0.00023957002849783748,0.001978496089577675,0.0028631892055273056
3,4,728,2021-03-26,42065,0.008075448,0.00811471976339817,0.455,0.0002244397037429735,0.007559334859251976,0.008316831663250923
3,4,736,2021-03-26,42129,0.003804,0.0041161151602864265,0.31,0.000722444907296449,0.003582725068554282,0.0062470817938447
3,4,740,2021-03-26,45003,0.0031406302,0.0031029488891363144,0.555,0.0001591071777511388,0.002941947663202882,0.003512660041451454
3,4,744,2021-03-26,45047,0.0050889654,0.004766704514622688,0.67,0.000470638187834993,0.004329901188611984,0.00593537837266922
3,4,752,2021-03-26,46013,0.0014235303,0.0014327848330140114,0.12,6.9800621531612705e-06,0.0014130061026662588,0.0014601413859054446
3,4,755,2021-03-26,46021,0.004493949,0.004480433650314808,0.55,0.0001010408450383693,0.0043992288410663605,0.00484407227486372
3,4,759,2021-03-26,46033,0.002724785,0.0027204789221286774,0.8,8.623488611192442e-06,0.002682488178834319,0.002728675724938512
3,4,761,2021-03-26,46039,0.0012445684,0.0012342726113274693,0.8,1.826217157940846e-05,0.0012036440894007683,0.0013200105167925358
3,4,765,2021-03-26,46049,0.0020420477,0.002025812864303589,0.765,1.8919325157185085e-05,0.002003773581236601,0.0021032874938100576
3,4,769,2021-03-26,46059,0.0018655384,0.0018873591907322407,0.08,1.1718466339516453e-05,0.001852808753028512,0.0019222975242882967
3,4,775,2021-03-26,46081,0.0025649427,0.00279748672619462,0.37,0.0009481534361839294,0.0024248892441391945,0.008377987891435623
3,4,787,2021-03-26,46117,0.002664549,0.0026877401396632195,0.115,3.5813136491924524e-05,0.0026607101317495108,0.0028202314861118793
3,4,797,2021-03-26,47025,0.005310813,0.005314026027917862,0.495,0.0005388928693719208,0.005014736671000719,0.0067399307154119015
3,4,801,2021-03-26,47073,0.005535041,0.005508778151124716,0.545,0.00022232676565181464,0.005443830043077469,0.006413367111235857
3,4,802,2021-03-26,47077,0.005865045,0.005650931037962437,0.97,0.00012230761058162898,0.005484334658831358,0.005916711874306202
3,4,805,2021-03-26,47101,0.005910225,0.0056269182823598385,0.655,0.0003184219531249255,0.005301863420754671,0.006389382295310497
3,4,814,2021-03-26,48073,0.007910007,0.007997045293450356,0.0,6.221367948455736e-05,0.007911273278295994,0.00815308466553688
3,4,819,2021-03-26,49019,0.00055959605,0.0005594215472228825,0.51,7.884440492489375e-06,0.000544268055818975,0.0005935633089393377
3,4,828,2021-03-26,51191,0.002670778,0.0028429795056581497,0.31,0.0004070366849191487,0.0025391201488673687,0.003940464463084936
3,4,830,2021-03-26,53001,0.0056684404,0.005733795929700136,0.37,0.00021947863569948822,0.005586263723671436,0.006879563443362713
3,4,836,2021-03-26,53043,0.0019676052,0.0019778909627348185,0.275,2.920041879406199e-05,0.0019534940365701914,0.0021278439089655876
3,4,839,2021-03-26,53075,0.0031144654,0.0031120399944484234,0.68,1.5408440958708525e-05,0.00310337683185935,0.0032379452604800463
3,4,841,2021-03-26,54011,0.004232348,0.00428624264895916,0.345,9.808700269786641e-05,0.004192947410047054,0.00452149985358119
3,4,852,2021-03-26,56011,0.0019349491,0.0019631313625723124,0.245,8.441125100944191e-05,0.0019101412035524845,0.00243577198125422
3,4,854,2021-03-26,56017,0.000711226,0.0007878498872742057,0.235,0.0002747227263171226,0.0006542410119436681,0.0029116866644471884
3,4,857,2021-03-26,56023,0.000907068,0.0009486505878157914,0.4,0.0005517160752788186,0.0007962530944496393,0.005338492337614298
3,4,866,2021-12-11,01077,0.0143375285,0.014284396544098854,0.675,0.0001762606989359483,0.014086463488638401,0.015325023792684078
3,4,872,2021-12-11,04009,0.0009969075,0.0010227584280073643,0.095,2.3380302081932314e-05,0.0009820392588153481,0.0010837515583261847
3,4,878,2021-12-11,04025,0.0018574289,0.0021119771990925074,0.125,0.00041952275205403566,0.0017681305762380362,0.0041413819417357445
3,4,881,2021-12-11,05031,0.0109738745,0.02042997255921364,0.075,0.006255661137402058,0.010535387322306633,0.05187583714723587
3,4,886,2021-12-11,05067,0.037934143,0.037449851632118225,0.665,0.0023969069588929415,0.037230875343084335,0.051557157188653946
3,4,888,2021-12-11,05079,0.019406648,0.018494602292776108,0.925,0.0004758154973387718,0.01812521554529667,0.020066265016794205
3,4,890,2021-12-11,05083,0.0023639174,0.0023510316386818886,0.525,0.0001676633401075378,0.0021689648274332285,0.0028709995094686747
3,4,897,2021-12-11,06005,0.039172743,0.03915634751319885,0.72,0.004275734536349773,0.039076510816812515,0.07625970989465714
3,4,911,2021-12-11,06047,0.0030836314,0.004093832802027464,0.09,0.024218140169978142,0.003061389084905386,0.18062752485275269
3,4,915,2021-12-11,06061,0.012353524,0.01778237894177437,0.1,0.02559858001768589,0.011333663016557693,0.158220574259758
3,4,922,2021-12-11,06085,0.0018548344,0.003518681973218918,0.015,0.008740438148379326,0.0018145310459658504,0.0790766030550003
3,4,925,2021-12-11,06093,0.02852718,0.02856811322271824,0.37,0.01170375570654869,0.027714887633919716,0.10546493530273438
3,4,927,2021-12-11,06097,0.004873299,0.005116086453199387,0.005,0.0006102386978454888,0.004872872028499842,0.008812978863716125
3,4,932,2021-12-11,06109,0.02595108,0.025770403444767,0.505,0.03449689596891403,0.016314256936311722,0.22715801000595093
3,4,940,2021-12-11,08014,0.010211903,0.010495150461792946,0.05,0.0013564564287662506,0.010185816325247288,0.02156936749815941
3,4,948,2021-12-11,08035,0.0031455115,0.0035263095051050186,0.115,0.001587984967045486,0.003087985562160611,0.014101813547313213
3,4,951,2021-12-11,08043,0.010342876,0.010341128334403038,0.665,6.789186045352835e-06,0.010306939482688904,0.010350278578698635
3,4,953,2021-12-11,08047,0.02055455,0.020554102957248688,0.545,8.612454621470533e-06,0.020544182509183884,0.020597010850906372
3,4,957,2021-12-11,08067,0.0057571786,0.0061674173921346664,0.155,0.0016825055936351418,0.005572455935180187,0.019006192684173584
3,4,959,2021-12-11,08073,0.005498727,0.0063621485605835915,0.36,0.008451014757156372,0.004567816853523254,0.06489090621471405
3,4,960,2021-12-11,08075,0.009979404,0.0099971704185009,0.2,3.444314643274993e-05,0.009868203662335873,0.010048997588455677
3,4,962,2021-12-11,08079,0.01974961,0.019745178520679474,0.74,9.373136890644673e-06,0.019727330654859543,0.01977204903960228
3,4,980,2021-12-11,16011,0.004876336,0.004831640515476465,0.71,0.00010474357986822724,0.004748936276882887,0.0059279934503138065
3,4,992,2021-12-11,17029,0.018146811,0.018278606235980988,0.425,0.0009165894007310271,0.014923589304089546,0.019014040008187294
3,4,994,2021-12-11,17043,0.007877438,0.009672789834439754,0.0,0.01996511220932007,0.007896489463746548,0.1682647317647934
3,4,996,2021-12-11,17049,0.0019993878,0.002111210720613599,0.255,0.00024322679382748902,0.0018503214232623577,0.0032188163604587317
3,4,1001,2021-12-11,17071,0.09262035,0.09269161522388458,0.42,0.0018891768995672464,0.08897462487220764,0.11203066259622574
3,4,1003,2021-12-11,17077,0.0043793684,0.004219765774905682,0.91,9.469234646530822e-05,0.004132720176130533,0.004588031210005283
3,4,1008,2021-12-11,17097,0.009778891,0.012350333854556084,0.04,0.033259276300668716,0.009634851478040218,0.18484431505203247
3,4,1012,2021-12-11,17105,0.008562646,0.008073046803474426,0.595,0.004992073401808739,0.0073414146900177,0.06546415388584137
3,4,1023,2021-12-11,17149,0.004893539,0.004518652800470591,0.68,0.0022678577806800604,0.003713079495355487,0.023135101422667503
3,4,1032,2021-12-11,17201,0.0110440785,0.012520226649940014,0.11,0.02640887163579464,0.01046209316700697,0.16607971489429474
3,4,1037,2021-12-11,18015,0.008772359,0.010834818705916405,0.02,0.007524640765041113,0.00869042333215475,0.07030265778303146
3,4,1038,2021-12-11,18017,0.017921647,0.01133724208921194,0.76,0.011351409368216991,0.008420801721513271,0.10147437453269958
3,4,1042,2021-12-11,18029,0.0050795367,0.006629868410527706,0.245,0.011093567125499249,0.004154909867793322,0.0687074288725853
3,4,1043,2021-12-11,18033,0.015527442,0.012046612799167633,0.625,0.034106943756341934,0.006418125703930855,0.20023129880428314
3,4,1051,2021-12-11,18073,0.013147453,0.00904160924255848,0.715,0.019965123385190964,0.005369917955249548,0.13381029665470123
3,4,1053,2021-12-11,18081,0.0068897605,0.007675555534660816,0.385,0.009790800511837006,0.006448007188737392,0.071434885263443
3,4,1054,2021-12-11,18083,0.010911281,0.007926267571747303,0.66,0.010577527806162834,0.004297641571611166,0.07197576016187668
3,4,1065,2021-12-11,18119,0.0137015665,0.016911707818508148,0.255,0.013828586786985397,0.011301609687507153,0.09995455294847488
3,4,1067,2021-12-11,18127,0.014506732,0.01493309997022152,0.395,0.01745067723095417,0.012920966371893883,0.12494418025016785
3,4,1070,2021-12-11,18137,0.007468669,0.004944999236613512,0.765,0.005661227740347385,0.0038930990267544985,0.04188953712582588
3,4,1078,2021-12-11,18179,0.0149598075,0.012214676477015018,0.635,0.019268231466412544,0.007779527921229601,0.11756456643342972
3,4,1080,2021-12-11,18183,0.0097012855,0.009882028214633465,0.49,0.019528545439243317,0.006396793294698,0.13216523826122284
3,4,1081,2021-12-11,19001,0.025297817,0.024295024573802948,0.55,0.029485879465937614,0.020382575690746307,0.17291252315044403
3,4,1087,2021-12-11,19013,0.019787364,0.020619623363018036,0.31,0.031155353412032127,0.018133951351046562,0.19899044930934906
3,4,1091,2021-12-11,19021,0.014127883,0.013546008616685867,0.535,0.023346710950136185,0.01015559397637844,0.159397691488266
3,4,1092,2021-12-11,19023,0.059748955,0.058949463069438934,0.715,0.021387876942753792,0.05855781212449074,0.19336995482444763
3,4,1098,2021-12-11,19035,0.021371026,0.007125634700059891,0.905,0.016741763800382614,0.004384095314890146,0.13477195799350739
3,4,1103,2021-12-11,19045,0.016484486,0.016065318137407303,0.515,0.024190634489059448,0.014111791737377644,0.16058512032032013
3,4,1109,2021-12-11,19057,0.01096977,0.01165016833692789,0.175,0.015112709254026413,0.010405912064015865,0.11607978492975235
3,4,1118,2021-12-11,19077,0.06902109,0.07410869002342224,0.29,0.01171809807419777,0.04747295752167702,0.13853642344474792
3,4,1120,2021-12-11,19081,0.0649273,0.02255881577730179,0.89,0.03405892476439476,0.017871199175715446,0.2000705599784851
3,4,1123,2021-12-11,19089,0.17030828,0.16843897104263306,0.55,0.0255855955183506,0.0659307986497879,0.17813728749752045
3,4,1124,2021-12-11,19091,0.038725022,0.03929634019732475,0.385,0.02992752566933632,0.03636689484119415,0.19287799298763275
3,4,1126,2021-12-11,19097,0.017798608,0.017785685136914253,0.505,0.027562284842133522,0.01581844501197338,0.17513376474380493
3,4,1129,2021-12-11,19103,0.014702225,0.014900471083819866,0.445,0.01861318200826645,0.013738518580794334,0.16098259389400482
3,4,1131,2021-12-11,19109,0.010629344,0.015450913459062576,0.16,0.02785651758313179,0.009066285565495491,0.1516101211309433
3,4,1132,2021-12-11,19111,0.010884562,0.010424905456602573,0.58,0.01863943599164486,0.008428729139268398,0.1277836412191391
3,4,1146,2021-12-11,19141,0.018475462,0.020214132964611053,0.185,0.009137008339166641,0.015331766568124294,0.08904823660850525
3,4,1151,2021-12-11,19151,0.023968622,0.021845290437340736,0.58,0.041618477553129196,0.01422579400241375,0.20602020621299744
3,4,1156,2021-12-11,19161,0.09362466,0.04125332087278366,0.905,0.030942853540182114,0.03810436278581619,0.2109643667936325
3,4,1160,2021-12-11,19169,0.052634545,0.0237130057066679,0.845,0.04102597385644913,0.018167048692703247,0.23048719763755798
3,4,1193,2021-12-11,20055,0.020447642,0.020516976714134216,0.495,0.008093099109828472,0.017282681539654732,0.07292060554027557
3,4,1198,2021-12-11,20069,0.018902125,0.020856685936450958,0.24,0.005047633778303862,0.018138576298952103,0.04762294143438339
3,4,1199,2021-12-11,20071,0.11147796,0.1184888705611229,0.14,0.01671777479350567,0.02446315996348858,0.1200508400797844
3,4,1201,2021-12-11,20075,0.019387728,0.01825442910194397,0.695,0.007687996607273817,0.017207453027367592,0.07665717601776123
3,4,1203,2021-12-11,20083,0.041513626,0.044253185391426086,0.075,0.0026634170208126307,0.040452927350997925,0.07032609730958939
3,4,1211,2021-12-11,20109,0.034184027,0.024028707295656204,0.95,0.007483707275241613,0.023675478994846344,0.08067445456981659
3,4,1212,2021-12-11,20111,0.012285526,0.018563371151685715,0.105,0.012291526421904564,0.010560773313045502,0.09040123224258423
3,4,1217,2021-12-11,20123,0.049017224,0.033955998718738556,0.755,0.033298004418611526,0.022701507434248924,0.19226352870464325
3,4,1221,2021-12-11,20131,0.03709944,0.02730618789792061,0.84,0.018396366387605667,0.023775167763233185,0.13586154580116272
3,4,1222,2021-12-11,20133,0.005371783,0.004934733267873526,0.66,0.0036053506191819906,0.0033991876989603043,0.0291709266602993
3,4,1224,2021-12-11,20137,0.018753547,0.018812384456396103,0.5,0.005737197119742632,0.016511132940649986,0.0656808465719223
3,4,1227,2021-12-11,20147,0.018974245,0.020825698971748352,0.44,0.015151304192841053,0.012542960233986378,0.10451819747686386
3,4,1228,2021-12-11,20149,0.03386557,0.03499085456132889,0.41,0.02063373662531376,0.029612720012664795,0.15991611778736115
3,4,1241,2021-12-11,20177,0.0382129,0.03202249854803085,0.825,0.015473870560526848,0.011804458685219288,0.1121227815747261
3,4,1246,2021-12-11,20191,0.019564906,0.014963746070861816,0.775,0.009537890553474426,0.01099629420787096,0.06914947926998138
3,4,1253,2021-12-11,20205,0.010665884,0.009616877883672714,0.61,0.006248863413929939,0.006073428317904472,0.043221548199653625
3,4,1260,2021-12-11,21031,0.048855167,0.030019009485840797,0.71,0.02293315902352333,0.01708999276161194,0.11555685847997665
3,4,1261,2021-12-11,21033,0.06028568,0.061729513108730316,0.29,0.0033796336501836777,0.059278786182403564,0.0818459689617157
3,4,1262,2021-12-11,21045,0.0058997665,0.0059046316891908646,0.48,0.0004024475929327309,0.005854396615177393,0.008592935279011726
3,4,1264,2021-12-11,21049,0.0025201852,0.002618686528876424,0.015,0.0032828478142619133,0.00251958379521966,0.029021117836236954
3,4,1273,2021-12-11,21125,0.0027628534,0.002921230625361204,0.375,0.000886270310729742,0.00249022850766778,0.008068406954407692
3,4,1281,2021-12-11,21153,0.008310955,0.004353242460638285,0.77,0.010012680664658546,0.0027815953362733126,0.060698118060827255
3,4,1285,2021-12-11,21171,0.007167625,0.00717924814671278,0.435,9.750356548465788e-05,0.007115812506526709,0.007969070225954056
3,4,1295,2021-12-11,21211,0.006335108,0.00605348963290453,0.505,0.019777599722146988,0.0023381165228784084,0.11994387209415436
3,4,1296,2021-12-11,21215,0.023094615,0.02316996082663536,0.495,0.006563236936926842,0.015722475945949554,0.06407877057790756
3,4,1301,2021-12-11,21237,0.0057339347,0.004498419351875782,0.62,0.008708175271749496,0.002701790537685156,0.06678415089845657
3,4,1303,2021-12-11,22017,0.0036172485,0.0032102304976433516,0.88,0.0002653130213730037,0.0029191875364631414,0.0038223089650273323
3,4,1308,2021-12-11,23029,0.006649794,0.004505174234509468,0.65,0.016448484733700752,0.0029208725318312645,0.11590774357318878
3,4,1310,2021-12-11,25003,0.0052014827,0.01100391149520874,0.265,0.03854789957404137,0.003408395918086171,0.20281437039375305
3,4,1313,2021-12-11,25027,0.00486876,0.00879662111401558,0.25,0.04108856990933418,0.0038836973253637552,0.23867692053318024
3,4,1319,2021-12-11,26015,0.0072549554,0.014069190248847008,0.09,0.022011414170265198,0.006003699265420437,0.16638213396072388
3,4,1320,2021-12-11,26017,0.017697604,0.020825985819101334,0.265,0.04629668593406677,0.015336072072386742,0.27434951066970825
3,4,1321,2021-12-11,26019,0.03222956,0.05229945108294487,0.025,0.01538594625890255,0.02973603829741478,0.15447141230106354
3,4,1323,2021-12-11,26025,0.011426308,0.00713846180588007,0.805,0.021121405065059662,0.004740157164633274,0.1433442384004593
3,4,1332,2021-12-11,26049,0.008729991,0.00930146872997284,0.325,0.029766742140054703,0.0067501249723136425,0.1660868525505066
3,4,1337,2021-12-11,26061,0.0074965763,0.007260579150170088,0.72,0.005865856539458036,0.006915838457643986,0.06186820939183235
3,4,1341,2021-12-11,26073,0.030702412,0.017347916960716248,0.79,0.05102527514100075,0.010397540405392647,0.25393667817115784
3,4,1343,2021-12-11,26077,0.0048434855,0.006856234278529882,0.035,0.013754763640463352,0.004736277274787426,0.10171129554510117
3,4,1356,2021-12-11,26109,0.04727846,0.04726046323776245,0.79,7.671283674426377e-05,0.04722809046506882,0.04811709001660347
3,4,1371,2021-12-11,26145,0.010245087,0.015048414468765259,0.055,0.032980483025312424,0.009876420721411705,0.1903126984834671
3,4,1372,2021-12-11,26147,0.051053666,0.05487474799156189,0.385,0.009351534768939018,0.038173627108335495,0.1091373935341835
3,4,1373,2021-12-11,26149,0.011736026,0.011576210148632526,0.645,0.018249427899718285,0.010747064836323261,0.13233958184719086
3,4,1374,2021-12-11,26151,0.078599505,0.08161116391420364,0.395,0.009216520003974438,0.055175136774778366,0.10552854835987091
3,4,1377,2021-12-11,26159,0.024368286,0.03556536138057709,0.08,0.006899069994688034,0.019194869324564934,0.08634068071842194
3,4,1381,2021-12-11,27013,0.0042743194,0.007022058125585318,0.02,0.007665800396353006,0.004236334934830666,0.0734885185956955
3,4,1387,2021-12-11,27039,0.07761868,0.07457106560468674,0.805,0.010778832249343395,0.06912895292043686,0.16086190938949585
3,4,1388,2021-12-11,27041,0.0013421171,0.0013041208731010556,0.575,0.0007363750482909381,0.0010931823635473847,0.007339051458984613
3,4,1390,2021-12-11,27045,0.053254258,0.029496189206838608,0.79,0.037413839250802994,0.017305025830864906,0.18902818858623505
3,4,1400,2021-12-11,27091,0.0056409207,0.008045687340199947,0.115,0.012998385354876518,0.005255642347037792,0.09204444289207458
3,4,1406,2021-12-11,27109,0.011422214,0.011654929257929325,0.495,0.02577321045100689,0.007555426098406315,0.17368431389331818
3,4,1409,2021-12-11,27127,0.025360815,0.025193307548761368,0.55,0.002096239710226655,0.017461679875850677,0.02665695920586586
3,4,1416,2021-12-11,27145,0.0025475582,0.0027577897999435663,0.39,0.007046496495604515,0.00193655991461128,0.06544911116361618
3,4,1427,2021-12-11,29007,0.0022142078,0.0023725975770503283,0.065,0.0009618824697099626,0.00213535875082016,0.010870352387428284
3,4,1428,2021-12-11,29009,0.0018041687,0.0018856870010495186,0.185,0.00015372360940091312,0.0017185714095830917,0.002437284681946039
3,4,1431,2021-12-11,29025,0.015555821,0.013370927423238754,0.755,0.00927549134939909,0.011273357085883617,0.08481014519929886
3,4,1432,2021-12-11,29027,0.0031164761,0.0031302268616855145,0.48,0.0008398553472943604,0.0026794690638780594,0.008921926841139793
3,4,1434,2021-12-11,29031,0.0031217015,0.00304465857334435,0.575,0.000276030448731035,0.002799753798171878,0.00408009672537446
3,4,1437,2021-12-11,29047,0.0072696386,0.008529605343937874,0.08,0.009869877249002457,0.0069723790511488914,0.06944386661052704
3,4,1439,2021-12-11,29051,0.0016797653,0.0017327314708381891,0.325,0.0002746330574154854,0.0014830754371359944,0.0031952958088368177
3,4,1440,2021-12-11,29061,0.018289307,0.019918443635106087,0.21,0.008723720908164978,0.0155820082873106,0.09144555777311325
3,4,1451,2021-12-11,29087,0.06888135,0.07294332981109619,0.215,0.009426369331777096,0.026958109810948372,0.07537434995174408
3,4,1457,2021-12-11,29115,0.013472902,0.012515770271420479,0.655,0.011252555064857006,0.010479875840246677,0.09530573338270187
3,4,1460,2021-12-11,29125,0.027344136,0.02736358344554901,0.345,3.560804543667473e-05,0.027289018034934998,0.02741626463830471
3,4,1463,2021-12-11,29139,0.00212326,0.0021049173083156347,0.52,0.00040988822001963854,0.0017607699846848845,0.004921502899378538
3,4,1485,2021-12-11,29225,0.0020435038,0.002018928062170744,0.555,0.00017728326201904565,0.0017940541729331017,0.002747489605098963
3,4,1486,2021-12-11,29227,0.08390127,0.08711247146129608,0.14,0.003958999644964933,0.07014917582273483,0.08847156912088394
3,4,1492,2021-12-11,30107,0.000668647,0.0006670102011412382,0.875,2.1636874407704454e-06,0.0006625042879022658,0.0006689794827252626
3,4,1494,2021-12-11,32007,0.0011449055,0.001239383826032281,0.255,0.0004514513711910695,0.0010602460242807865,0.004380050580948591
3,4,1504,2021-12-11,35017,0.0007899521,0.0007809411617927253,0.88,1.2701298146566842e-05,0.0007522576488554478,0.0007950984872877598
3,4,1509,2021-12-11,35031,0.0054383846,0.005374307744204998,0.825,9.63413403951563e-05,0.005243685562163591,0.0058921766467392445
3,4,1514,2021-12-11,35047,0.008317443,0.008619244210422039,0.135,0.0004326262278482318,0.008189408108592033,0.010246427729725838
3,4,1519,2021-12-11,35061,0.0011710015,0.0011825044639408588,0.265,3.3396932849427685e-05,0.001141429296694696,0.0013265529414638877
3,4,1522,2021-12-11,36009,0.005035734,0.006790104787796736,0.05,0.031040199100971222,0.004936885088682175,0.1863897740840912
3,4,1525,2021-12-11,36019,0.047898,0.04854702204465866,0.395,0.018100310117006302,0.0258322786539793,0.19157588481903076
3,4,1531,2021-12-11,36035,0.019841686,0.021961210295557976,0.11,0.033803727477788925,0.01934143714606762,0.21083831787109375
3,4,1532,2021-12-11,36037,0.060094804,0.07897277176380157,0.285,0.026851937174797058,0.030892301350831985,0.20714734494686127
3,4,1539,2021-12-11,36053,0.025107406,0.024319808930158615,0.595,0.017596343532204628,0.014755838550627232,0.1332581788301468
3,4,1540,2021-12-11,36055,0.020504769,0.021047301590442657,0.455,0.04183787852525711,0.014293256215751171,0.22298049926757812
3,4,1560,2021-12-11,36117,0.035853855,0.03228670358657837,0.615,0.02214241586625576,0.01578274741768837,0.14975298941135406
3,4,1568,2021-12-11,37157,0.003583035,0.003447139635682106,0.805,0.0008588006603531539,0.0034092452842742205,0.00929044559597969
3,4,1573,2021-12-11,39033,0.007706818,0.008111124858260155,0.395,0.0048656463623046875,0.006557396147400141,0.04983619600534439
3,4,1583,2021-12-11,39065,0.021116301,0.02098829671740532,0.675,0.013312230817973614,0.020731301978230476,0.14177225530147552
3,4,1589,2021-12-11,39095,0.0098569235,0.016557365655899048,0.205,0.04589362442493439,0.008644722402095795,0.2374841868877411
3,4,1593,2021-12-11,39123,0.029808661,0.02813538908958435,0.57,0.03449534997344017,0.024815190583467484,0.20327983796596527
3,4,1594,2021-12-11,39125,0.021292223,0.020579814910888672,0.545,0.026125887408852577,0.019456064328551292,0.16102920472621918
3,4,1600,2021-12-11,39155,0.0033962904,0.00584435323253274,0.24,0.029391923919320107,0.0031958092004060745,0.16331401467323303
3,4,1612,2021-12-11,40073,0.013848249,0.013654230162501335,0.53,0.0033249719999730587,0.011436683125793934,0.03317628055810928
3,4,1617,2021-12-11,40151,0.016747562,0.01826939731836319,0.335,0.007021621335297823,0.014905786141753197,0.05770151689648628
3,4,1620,2021-12-11,41015,0.015581536,0.015949904918670654,0.265,0.00812950637191534,0.015223119407892227,0.07645751535892487
3,4,1626,2021-12-11,42065,0.0059536994,0.007948298938572407,0.205,0.021474020555615425,0.004332964774221182,0.1376878172159195
3,4,1628,2021-12-11,42129,0.0051422114,0.0068993158638477325,0.315,0.03659505397081375,0.004695329815149307,0.18700239062309265
3,4,1636,2021-12-11,46009,0.0044412925,0.004306055139750242,0.725,0.0003670373116619885,0.0038195981178432703,0.00559241883456707
3,4,1638,2021-12-11,46013,0.0010391531,0.0010426612570881844,0.46,5.236256038188003e-05,0.000995574169792235,0.0013135818298906088
3,4,1639,2021-12-11,46015,0.0021394226,0.0021344327833503485,0.72,1.8743627151707187e-05,0.0020913134794682264,0.0022119972854852676
3,4,1645,2021-12-11,46033,0.0016730877,0.0016732384683564305,0.3,3.1987937632038665e-07,0.0016728541813790798,0.0016739689745008945
3,4,1648,2021-12-11,46039,0.0012287084,0.0010883058421313763,0.8,0.0005750571726821363,0.0009758802480064332,0.006506875157356262
3,4,1653,2021-12-11,46049,0.00060683885,0.0006056078709661961,0.535,2.5278206521761604e-05,0.0005830798181705177,0.0007570844609290361
3,4,1658,2021-12-11,46059,0.00093125587,0.0009305824059993029,0.55,1.0634653335728217e-05,0.0009163206559605896,0.000977732241153717
3,4,1669,2021-12-11,46081,0.0005338397,0.0005292705027386546,0.545,0.0017749133985489607,0.00047989116865210235,0.014561193063855171
3,4,1670,2021-12-11,46083,0.0069462894,0.0053475480526685715,0.885,0.0013824966736137867,0.004088669549673796,0.01388605684041977
3,4,1672,2021-12-11,46087,0.0027343049,0.002568399766460061,0.715,0.0005022592376917601,0.002166958060115576,0.005605168174952269
3,4,1677,2021-12-11,46097,0.0019506334,0.001932240091264248,0.6,9.521044557914138e-05,0.001815637806430459,0.0023999034892767668
3,4,1685,2021-12-11,46117,0.0005228872,0.0005222407635301352,0.55,6.503115855593933e-06,0.0005097326938994229,0.0005552280927076936
3,4,1691,2021-12-11,46135,0.0052212453,0.005104306619614363,0.67,0.0004725453909486532,0.004523569252341986,0.007176627870649099
3,4,1695,2021-12-11,47021,0.010138327,0.008074442856013775,0.745,0.0023903220426291227,0.007126277778297663,0.017873842269182205
3,4,1706,2021-12-11,47065,0.0019558184,0.0021845530718564987,0.105,0.00092210533330217,0.0019155978225171566,0.007443497888743877
3,4,1707,2021-12-11,47077,0.019167826,0.007543475367128849,0.99,0.0024061414878815413,0.007400957401841879,0.02224508859217167
3,4,1717,2021-12-11,47115,0.002135737,0.002472340129315853,0.22,0.0006680891965515912,0.002032275777310133,0.004979951772838831
3,4,1721,2021-12-11,47131,0.036353976,0.03714193403720856,0.305,0.0033688279800117016,0.03461521863937378,0.05516322702169418
3,4,1723,2021-12-11,47137,0.0042466153,0.004129513166844845,0.55,0.0009567393572069705,0.003681550268083811,0.00866658054292202
3,4,1731,2021-12-11,47165,0.018821629,0.01747145503759384,0.93,0.0010194911155849695,0.016041405498981476,0.020130105316638947
3,4,1732,2021-12-11,47187,0.003517386,0.0038318801671266556,0.245,0.0010931758442893624,0.0033040291164070368,0.008993823081254959
3,4,1735,2021-12-11,48045,0.0040685893,0.0038314189296215773,0.77,0.00028928444953635335,0.0034495762083679438,0.004941738210618496
3,4,1737,2021-12-11,48069,0.004025498,0.004075154662132263,0.395,0.00020149066403973848,0.003736942308023572,0.004749425686895847
3,4,1747,2021-12-11,48341,0.017528508,0.017808441072702408,0.21,0.00022918909962754697,0.0170951709151268,0.018039651215076447
3,4,1758,2021-12-11,49019,0.0127692735,0.012590751051902771,0.835,0.000895506760571152,0.011743691749870777,0.021085001528263092
3,4,1759,2021-12-11,49021,0.0029138944,0.0038562288973480463,0.22,0.006098068784922361,0.00222483417019248,0.04490693658590317
3,4,1765,2021-12-11,49053,0.0035917244,0.006459765136241913,0.105,0.00898013636469841,0.0033078219275921583,0.05039815232157707
3,4,1775,2021-12-11,50019,0.01803948,0.018456920981407166,0.37,0.02017763815820217,0.0162226352840662,0.18385741114616394
3,4,1776,2021-12-11,50021,0.005673739,0.008322328329086304,0.245,0.0337798073887825,0.00461021950468421,0.21282607316970825
3,4,1780,2021-12-11,51105,0.012639038,0.012682322412729263,0.21,0.00720800319686532,0.012615225277841091,0.06552213430404663
3,4,1789,2021-12-11,54059,0.0071023335,0.007291001733392477,0.475,0.014326087199151516,0.006229541730135679,0.08771707117557526
3,4,1794,2021-12-11,55011,0.01097301,0.011222705245018005,0.245,0.0005229624221101403,0.010429412126541138,0.014697056263685226
3,4,1800,2021-12-11,55025,0.0183646,0.02073577418923378,0.005,0.0306138526648283,0.018197398632764816,0.1841544210910797
3,4,1801,2021-12-11,55027,0.01799165,0.020654017105698586,0.085,0.04055199772119522,0.01725512184202671,0.19368499517440796
3,4,1808,2021-12-11,55047,0.023294328,0.023968422785401344,0.15,0.0019491330021992326,0.023243827745318413,0.0406709723174572
3,4,1812,2021-12-11,55057,0.019934777,0.020217925310134888,0.05,0.00035809705150313675,0.019920671358704567,0.0221401434391737
3,4,1816,2021-12-11,55067,0.09657567,0.04779829829931259,0.99,0.006985851097851992,0.03513495996594429,0.11896590143442154
3,4,1819,2021-12-11,55077,0.02877904,0.02877970039844513,0.495,0.0009524996276013553,0.028609154745936394,0.038496166467666626
3,4,1831,2021-12-11,55105,0.01480108,0.01555284857749939,0.34,0.027142511680722237,0.01353073213249445,0.17100967466831207
3,4,1832,2021-12-11,55111,0.020124177,0.02086176723241806,0.31,0.005816818680614233,0.01955585740506649,0.08038395643234253
3,4,1841,2021-12-11,55139,0.022403548,0.02245504781603813,0.225,5.89830924582202e-05,0.02239173650741577,0.02272346056997776
3,4,1847,2021-12-11,56011,0.0024736447,0.00247315620072186,0.565,0.0031065999064594507,0.002470141276717186,0.03952118754386902
3,4,1856,2022-06-08,01003,0.0032192844,0.0030869822949171066,0.96,6.549635872943327e-05,0.003017001086845994,0.0032338129822164774
3,4,1858,2022-06-08,01025,0.0017379051,0.0016736782854422927,0.84,4.37536473327782e-05,0.0016272554639726877,0.001762941014021635
3,4,1869,2022-06-08,05043,0.027742587,0.02774091437458992,0.67,3.957818535127444e-06,0.027728717774152756,0.027748724445700645
3,4,1871,2022-06-08,05079,0.0012155111,0.0012138762976974249,0.565,6.212742846400943e-06,0.0012039109133183956,0.0012273051543161273
3,4,1880,2022-06-08,06061,0.0025283578,0.0026506963185966015,0.08,0.0001977553911274299,0.002508562756702304,0.0033256830647587776
3,4,1891,2022-06-08,12009,0.0051489933,0.005156751722097397,0.485,9.083905752049759e-05,0.005051448941230774,0.005404775496572256
3,4,1895,2022-06-08,12033,0.0034365274,0.003453096840530634,0.375,3.950835525756702e-05,0.00341026927344501,0.003541423473507166
3,4,1902,2022-06-08,13121,0.00138234,0.0013805676717311144,0.545,6.273535291256849e-06,0.0013742949813604355,0.0013959319330751896
3,4,1908,2022-06-08,17043,0.0014019527,0.0013704377925023437,0.675,3.641244620666839e-05,0.0013323808088898659,0.0014567581238225102
3,4,1910,2022-06-08,17097,0.0012684569,0.0013327909400686622,0.185,5.564880120800808e-05,0.0012326152063906193,0.00156889739446342
3,4,1917,2022-06-08,18029,0.0028982242,0.0029416929464787245,0.06,4.325016197981313e-05,0.0028929340187460184,0.0030506248585879803
3,4,1923,2022-06-08,18137,0.0024018593,0.0023159750271588564,0.75,7.367517537204549e-05,0.0022377001587301493,0.0025093453004956245
3,4,1926,2022-06-08,19001,0.0050774105,0.005202300846576691,0.02,5.817966302856803e-05,0.005067901685833931,0.005288843065500259
3,4,1936,2022-06-08,21063,0.0043007433,0.004299976862967014,0.525,1.0016802661994006e-05,0.004289885517209768,0.004330603871494532
3,4,1939,2022-06-08,21237,0.0017080378,0.001707513234578073,0.51,3.018648931174539e-05,0.0016852678963914514,0.0017992387292906642
3,4,1943,2022-06-08,22069,0.0062730294,0.006136773154139519,1.0,5.4195072152651846e-05,0.0061021726578474045,0.006272963248193264
3,4,1948,2022-06-08,24009,0.0020457758,0.002036344027146697,0.665,1.5949297448969446e-05,0.002012381562963128,0.0020795136224478483
3,4,1951,2022-06-08,24027,0.0025930863,0.002595245372503996,0.295,3.2335767627955647e-06,0.0025916711892932653,0.002602444961667061
3,4,1956,2022-06-08,26159,0.0018009791,0.0017848286079242826,0.975,7.055064997985028e-06,0.0017783998046070337,0.001803048187866807
3,4,1959,2022-06-08,27113,0.0023700313,0.0025041806511580944,0.22,0.0001431228156434372,0.002165224403142929,0.0029097634833306074
3,4,1960,2022-06-08,28011,0.008917067,0.008916711434721947,0.845,3.6479883647189126e-07,0.008916109800338745,0.008917520754039288
3,4,1967,2022-06-08,28067,0.008686074,0.008682049810886383,0.915,2.684198761926382e-06,0.008674854412674904,0.008688915520906448
3,4,1974,2022-06-08,28147,0.016289825,0.016298621892929077,0.33,1.1476834515633527e-05,0.016273966059088707,0.01630914956331253
3,4,1976,2022-06-08,28151,0.0106839035,0.010692296549677849,0.07,5.48012985746027e-06,0.01068208459764719,0.010699024423956871
3,4,1983,2022-06-08,29047,0.038545735,0.038530685007572174,0.675,3.337357338750735e-05,0.03846035897731781,0.03856275603175163
3,4,1985,2022-06-08,29053,0.0044678086,0.004484524019062519,0.325,2.1286887204041705e-05,0.004440369550138712,0.004507481586188078
3,4,1988,2022-06-08,29087,0.0050611626,0.005233073607087135,0.165,0.0001054435851983726,0.0049860551953315735,0.0053265281021595
3,4,1992,2022-06-08,29125,0.024350317,0.02434978261590004,0.56,3.3456799428677186e-06,0.024341998621821404,0.02435268834233284
3,4,1994,2022-06-08,29139,0.0036606314,0.003555202390998602,0.64,0.00022231406182982028,0.003280461998656392,0.004145435988903046
3,4,1996,2022-06-08,29161,0.0028257095,0.0028181078378111124,0.71,1.8813125279848464e-05,0.0027731216978281736,0.002833212725818157
3,4,2000,2022-06-08,29225,0.001457905,0.0014509687898680568,0.53,5.4399497457779944e-05,0.0013580633094534278,0.0015322775579988956
3,4,2001,2022-06-08,30003,0.0541577,0.05416993424296379,0.05,9.74309841694776e-06,0.05415700003504753,0.05418649688363075
3,4,2006,2022-06-08,32007,0.0008410265,0.0008746479288674891,0.1,4.967101267538965e-05,0.0008296637097373605,0.0010491139255464077
3,4,2011,2022-06-08,32021,0.012417421,0.012422995641827583,0.115,6.845316875114804e-06,0.012416417710483074,0.012449299916625023
3,4,2012,2022-06-08,32027,0.0021832993,0.002446819329634309,0.055,0.000435941998148337,0.0021626956295222044,0.0042740232311189175
3,4,2019,2022-06-08,34029,0.004058585,0.003952587954699993,0.57,0.00038669671630486846,0.0035368383396416903,0.004926372319459915
3,4,2023,2022-06-08,35031,0.00065048976,0.0006501690950244665,0.505,7.342211029026657e-05,0.0005787730915471911,0.0008753808797337115
3,4,2026,2022-06-08,35047,0.0052505783,0.00527532771229744,0.125,2.493961073923856e-05,0.005241205915808678,0.005349252372980118
3,4,2027,2022-06-08,35051,0.0010442242,0.0010457818862050772,0.115,1.5484783943975344e-06,0.0010437547462061048,0.001049792510457337
3,4,2031,2022-06-08,37013,0.0019512962,0.0019470395054668188,0.63,1.9472301573841833e-05,0.001918124035000801,0.0020093873608857393
3,4,2032,2022-06-08,37023,0.0009337982,0.0009372790809720755,0.41,1.0479857337486465e-05,0.0009265982662327588,0.0009647271363064647
3,4,2034,2022-06-08,37051,0.0025538446,0.0025505684316158295,0.51,5.6992226745933294e-05,0.0024756069760769606,0.002688855165615678
3,4,2040,2022-06-08,37125,0.0027088295,0.0026837436016649008,0.875,1.649937439651694e-05,0.0026614684611558914,0.002734122797846794
3,4,2048,2022-06-08,39001,0.0155330915,0.015521207824349403,0.785,1.4710151845065411e-05,0.015482923947274685,0.015539390034973621
3,4,2055,2022-06-08,39025,0.016238978,0.01624211296439171,0.11,2.4723412934690714e-06,0.01623121276497841,0.01624424010515213
3,4,2061,2022-06-08,39053,0.0012565688,0.0012489096261560917,0.665,1.3981265510665253e-05,0.0012231473810970783,0.0012668563285842538
3,4,2063,2022-06-08,39059,0.0013834332,0.001399096567183733,0.315,2.1474106688401662e-05,0.001370364218018949,0.0014418497448787093
3,4,2070,2022-06-08,39107,0.0011080261,0.0010729238856583834,0.935,1.608032653166447e-05,0.0010461905039846897,0.0011279778555035591
3,4,2084,2022-06-08,40021,0.0042036176,0.004214468412101269,0.48,0.00011208179057575762,0.00410940358415246,0.004433772061020136
3,4,2086,2022-06-08,40039,0.023121068,0.02312573976814747,0.34,1.0748447493824642e-05,0.02309492416679859,0.02314612828195095
3,4,2088,2022-06-08,40057,0.004121898,0.0041343048214912415,0.205,1.801072903617751e-05,0.004100636579096317,0.004187945742160082
3,4,2095,2022-06-08,40107,0.011084055,0.011013232171535492,0.865,9.921489254338667e-05,0.010675978846848011,0.011161413043737411
3,4,2100,2022-06-08,40135,0.0034142397,0.0034405263140797615,0.2,3.6467496101977304e-05,0.0034062869381159544,0.003524517873302102
3,4,2105,2022-06-08,41059,0.0018109878,0.0018058399436995387,0.695,9.932470675266813e-06,0.001780145801603794,0.0018380018882453442
3,4,2112,2022-06-08,45035,0.002121224,0.0021218638867139816,0.48,1.1418230315030087e-05,0.0020955074578523636,0.0021400332916527987
3,4,2117,2022-06-08,46013,0.0019658145,0.0019607949070632458,0.75,9.713390682009049e-06,0.001939793466590345,0.001993814017623663
3,4,2118,2022-06-08,46015,0.003701122,0.00364194018766284,0.87,8.057410013861954e-05,0.003454542253166437,0.0037789028137922287
3,4,2123,2022-06-08,46033,0.0027009752,0.0027256403118371964,0.37,0.00011022655962733552,0.002529741730540991,0.0030803289264440536
3,4,2127,2022-06-08,46049,0.0035617244,0.0036583631299436092,0.19,5.860355304321274e-05,0.003521191654726863,0.0037000186275690794
3,4,2130,2022-06-08,46059,0.0043342602,0.004572974517941475,0.23,0.0001592632761457935,0.00417909724637866,0.004819253459572792
3,4,2138,2022-06-08,46081,0.0013341373,0.0013136761263012886,0.715,3.03792239719769e-05,0.0012548859231173992,0.0013457696186378598
3,4,2147,2022-06-08,46117,0.0048531084,0.004836185835301876,0.555,0.00014688351075164974,0.004560320172458887,0.005380307789891958
3,4,2152,2022-06-08,48011,0.0028992826,0.0028826689813286066,0.725,2.1808928067912348e-05,0.002839477965608239,0.0029126026201993227
3,4,2153,2022-06-08,48045,0.030926796,0.030928529798984528,0.01,1.1876170447067125e-06,0.03092663362622261,0.03093242458999157
3,4,2155,2022-06-08,48069,0.0046754424,0.004682744853198528,0.345,1.4341594578581862e-05,0.00465984083712101,0.004722096957266331
3,4,2159,2022-06-08,48107,0.003266505,0.00329472403973341,0.24,3.081891918554902e-05,0.003246694104745984,0.0033616716973483562
3,4,2163,2022-06-08,48153,0.0035851137,0.0035794847644865513,0.72,8.355982572538778e-06,0.003565523773431778,0.00360531616024673
3,4,2166,2022-06-08,48189,0.003621305,0.003642433788627386,0.14,1.57036029122537e-05,0.0036140780430287123,0.0036838797386735678
3,4,2170,2022-06-08,48219,0.0034225683,0.0033418063540011644,0.99,3.700542583828792e-05,0.003286026418209076,0.0034266114234924316
3,4,2172,2022-06-08,48263,0.003189217,0.0031454337295144796,0.99,1.5846719179535285e-05,0.003118191845715046,0.003198168473318219
3,4,2176,2022-06-08,48341,0.003955513,0.0039712730795145035,0.14,2.1410087356343865e-05,0.003918690141290426,0.004043152090162039
3,4,2196,2022-06-08,51065,0.009970677,0.009974749758839607,0.425,1.3076660252409056e-05,0.0099624153226614,0.01000265870243311
3,4,2201,2022-06-08,51087,0.012381567,0.012395104393362999,0.345,2.3086431610863656e-05,0.012372809462249279,0.012438763864338398
3,4,2203,2022-06-08,51113,0.0018967803,0.0019613467156887054,0.26,8.63746608956717e-05,0.001862013596110046,0.0021453569643199444
3,4,2210,2022-06-08,51159,0.001829186,0.001785013359040022,0.935,2.79361083812546e-05,0.0017460896633565426,0.0018532753456383944
3,4,2211,2022-06-08,51177,0.0017327687,0.0016604135744273663,0.955,4.162460027146153e-05,0.0016045506345108151,0.001749432529322803
3,4,2216,2022-06-08,54027,0.002864873,0.0027603646740317345,0.605,0.00023850704019423574,0.0024309048894792795,0.0032585617154836655
3,4,2220,2022-06-08,54041,0.0023393559,0.002386050298810005,0.415,0.00015947280917316675,0.002223247429355979,0.0027586992364376783
3,4,2221,2022-06-08,54049,0.0030809788,0.0031083975918591022,0.26,5.3832249250262976e-05,0.0030620081815868616,0.003250457113608718
3,4,2233,2022-06-08,55025,0.0065657347,0.006203901022672653,0.965,0.00018462128355167806,0.005923421587795019,0.006596162915229797
3,4,2243,2024-02-27,01095,0.0009485465,0.0010069450363516808,0.09,7.857689342927188e-05,0.000889226037543267,0.0013287757756188512
3,4,2252,2024-02-27,06027,0.030152129,0.030165545642375946,0.47,0.03166348487138748,0.029349051415920258,0.1862274408340454
3,4,2258,2024-02-27,06045,0.007093914,0.010790495201945305,0.17,0.02458866499364376,0.006534453947097063,0.15096628665924072
3,4,2261,2024-02-27,06061,0.01407814,0.01747606135904789,0.105,0.011159513145685196,0.012244125828146935,0.09575051814317703
3,4,2275,2024-02-27,08029,0.011627707,0.011823778040707111,0.13,0.0019486733945086598,0.01157646719366312,0.02407343126833439
3,4,2276,2024-02-27,08043,0.00049673725,0.0005057696253061295,0.18,1.4195390576787759e-05,0.0004919508355669677,0.0005559789133258164
3,4,2291,2024-02-27,13057,0.0027469997,0.0027313376776874065,0.805,2.0230310838087462e-05,0.0026754143182188272,0.0027810176834464073
3,4,2292,2024-02-27,13067,0.00164781,0.0016194244381040335,0.93,1.657953907852061e-05,0.0015869800699874759,0.0016686946619302034
3,4,2295,2024-02-27,13089,0.0011751625,0.0011916388757526875,0.045,3.3418811653973535e-05,0.0011732797138392925,0.0013674841029569507
3,4,2296,2024-02-27,13113,0.0034795285,0.003474137745797634,0.705,1.4124322660791222e-05,0.0034265152644366026,0.0035029947757720947
3,4,2305,2024-02-27,13223,0.00070475263,0.0007440409972332418,0.175,7.664792065043002e-05,0.0006560413166880608,0.0010507593397051096
3,4,2316,2024-02-27,16061,0.003561191,0.0035860533826053143,0.265,5.497557867784053e-05,0.003500863676890731,0.0038223478477448225
3,4,2318,2024-02-27,16073,0.002686198,0.002757095266133547,0.115,8.268125384347513e-05,0.002669672714546323,0.0030446387827396393
3,4,2320,2024-02-27,16087,0.005081523,0.005806176923215389,0.07,0.0011722345370799303,0.004997731186449528,0.010416713543236256
3,4,2324,2024-02-27,17043,0.0016876569,0.002145319012925029,0.01,0.0004206096346024424,0.001655385596677661,0.004378068260848522
3,4,2325,2024-02-27,17047,0.0015687925,0.0015854131197556853,0.465,0.00015591148985549808,0.0013994381297379732,0.002195747336372733
3,4,2328,2024-02-27,17073,0.0011697521,0.0011746669188141823,0.47,0.00011780066415667534,0.0010351920500397682,0.0016735484823584557
3,4,2329,2024-02-27,17077,0.0013172337,0.0012801497941836715,0.895,2.609496186778415e-05,0.0012321657268330455,0.0013698983239009976
3,4,2331,2024-02-27,17097,0.0017335201,0.0019985565450042486,0.045,0.00026899573276750743,0.0016809621592983603,0.00406694458797574
3,4,2334,2024-02-27,17153,0.0017441137,0.0016612672479823232,0.92,4.6221481170505285e-05,0.0016060222405940294,0.0018337132642045617
3,4,2352,2024-02-27,18129,0.0023328844,0.0021892813965678215,0.81,0.0001482472725911066,0.00197937386110425,0.002719406271353364
3,4,2359,2024-02-27,21017,0.002284633,0.002006474882364273,0.7,0.00048746034735813737,0.001796827302314341,0.004692367278039455
3,4,2364,2024-02-27,21045,0.0009021297,0.0009156157611869276,0.425,8.205994527088478e-05,0.000882366148289293,0.0013130162842571735
3,4,2366,2024-02-27,21049,0.0020030036,0.002115152543410659,0.14,0.00043698298395611346,0.0019816129934042692,0.004337226506322622
3,4,2377,2024-02-27,21101,0.0022750518,0.0021252138540148735,0.7,0.0002352490118937567,0.0018058100249618292,0.0028982895892113447
3,4,2380,2024-02-27,21125,0.00295929,0.002956876065582037,0.665,1.1964297300437465e-05,0.002906082198023796,0.0029789377003908157
3,4,2382,2024-02-27,21149,0.0025638125,0.0024167587980628014,0.63,0.00028805789770558476,0.0021124992053955793,0.0034084683284163475
3,4,2395,2024-02-27,23029,0.0113618625,0.011532874777913094,0.185,0.015464075841009617,0.011228887364268303,0.15402159094810486
3,4,2396,2024-02-27,25003,0.003930535,0.004817230626940727,0.355,0.023297129198908806,0.0026939695235341787,0.17135310173034668
3,4,2401,2024-02-27,25017,0.0016736613,0.0017696170834824443,0.015,0.0011841192608699203,0.0016710830386728048,0.011671338230371475
3,4,2405,2024-02-27,25027,0.0025553564,0.00264670979231596,0.31,0.00637056166306138,0.0025016681756824255,0.04684462025761604
3,4,2406,2024-02-27,26025,0.0078530805,0.007912795059382915,0.31,0.00020036115893162787,0.00707341218367219,0.008141384460031986
3,4,2407,2024-02-27,26049,0.0039585102,0.0038023549132049084,0.98,0.00011424488184275106,0.0034388885833323,0.003978201653808355
3,4,2408,2024-02-27,26159,0.0032089865,0.003193099517375231,0.635,0.0002738380280788988,0.0031563318334519863,0.005433846730738878
3,4,2409,2024-02-27,28081,0.000709665,0.0007158503867685795,0.46,3.3589622034924105e-05,0.0006614315789192915,0.0008312327554449439
3,4,2412,2024-02-27,29031,0.0019138767,0.0019093299051746726,0.55,2.769550701486878e-05,0.0018639828776940703,0.002007344737648964
3,4,2415,2024-02-27,29143,0.0013652659,0.0013463107170537114,0.645,3.2169900805456564e-05,0.0012921759625896811,0.001434145960956812
3,4,2419,2024-02-27,29223,0.0011692828,0.0011385772377252579,0.935,1.4492296941170935e-05,0.0011148741468787193,0.0011891754111275077
3,4,2422,2024-02-27,30013,0.00079363224,0.0007723337039351463,0.68,2.4343817131011747e-05,0.0007369652157649398,0.0008135789539664984
3,4,2429,2024-02-27,30045,0.00049902464,0.0004937117919325829,0.535,3.5839304473483935e-05,0.00043016421841457486,0.000538342515937984
3,4,2443,2024-02-27,32007,0.0018550804,0.0022650612518191338,0.215,0.0020056741777807474,0.0015936733689159155,0.013614787720143795
3,4,2448,2024-02-27,32021,0.013586697,0.013587184250354767,0.44,0.00562608428299427,0.013564259745180607,0.0597006231546402
3,4,2450,2024-02-27,32027,0.011282242,0.012733440846204758,0.1,0.0119414571672678,0.011094783432781696,0.09754927456378937
3,4,2451,2024-02-27,32029,0.012707448,0.01483716256916523,0.155,0.010280199348926544,0.011600215919315815,0.10606098920106888
3,4,2465,2024-02-27,35031,0.018947294,0.00942905806005001,0.725,0.03310900926589966,0.003713353769853711,0.14764580130577087
3,4,2471,2024-02-27,35047,0.003705549,0.0041451966390013695,0.075,0.0010957946069538593,0.0036655075382441282,0.010646584443747997
3,4,2477,2024-02-27,35061,0.0020164878,0.0027308757416903973,0.335,0.0133915850892663,0.0017012894386425614,0.09721125662326813
3,4,2479,2024-02-27,36007,0.0019132212,0.0019085868261754513,0.54,0.0005201655440032482,0.0018764976412057877,0.0075621106661856174
3,4,2481,2024-02-27,36019,0.007129545,0.006984086707234383,0.63,0.009429695084691048,0.006050112657248974,0.10588469356298447
3,4,2486,2024-02-27,36035,0.06891618,0.07043357193470001,0.35,0.009823007509112358,0.02793092466890812,0.10943759232759476
3,4,2492,2024-02-27,36055,0.0019446013,0.002948447596281767,0.075,0.008955481462180614,0.001831150846555829,0.05917736142873764
3,4,2504,2024-02-27,36103,0.0019349323,0.002766176126897335,0.01,0.013633458875119686,0.0018889508210122585,0.10842570662498474
3,4,2508,2024-02-27,36117,0.032158036,0.032179199159145355,0.48,0.0028037289157509804,0.014460671693086624,0.03286406770348549
3,4,2520,2024-02-27,39097,0.019630777,0.01968519762158394,0.355,0.00019283661094959825,0.018687373027205467,0.019886912778019905
3,4,2531,2024-02-27,40039,0.0008130726,0.0009151524864137173,0.095,0.0001473700685892254,0.000796973705291748,0.0016924847150221467
3,4,2537,2024-02-27,41045,0.0095161935,0.01019267551600933,0.09,0.0012419281993061304,0.00941156130284071,0.015254048630595207
3,4,2542,2024-02-27,45003,0.0014991139,0.0014663627371191978,0.585,0.00013695989036932588,0.001287052407860756,0.0019460152834653854
3,4,2543,2024-02-27,45007,0.0047022663,0.00468091294169426,0.87,1.8044584066956304e-05,0.004633638542145491,0.0047272020019590855
3,4,2549,2024-02-27,45065,0.0020402204,0.001956026069819927,0.865,5.7477187510812655e-05,0.0018872234504669905,0.0021710332948714495
3,4,2562,2024-02-27,47073,0.0033645874,0.0033689052797853947,0.185,1.3924725863034837e-05,0.00335517805069685,0.003433587495237589
3,4,2568,2024-02-27,48017,0.0013459929,0.0011349846608936787,0.88,0.0001385897776344791,0.0009983341442421079,0.0015477606793865561
3,4,2569,2024-02-27,48045,0.001028141,0.001019065733999014,0.525,9.023949678521603e-05,0.0009403974981978536,0.001323425560258329
3,4,2572,2024-02-27,48069,0.0013025609,0.0013877786695957184,0.3,0.000160078881890513,0.0012547435471788049,0.0018613722641021013
3,4,2578,2024-02-27,48141,0.0007878121,0.0008545698365196586,0.12,0.0001413352001691237,0.0007759871077723801,0.0015222178772091866
3,4,2579,2024-02-27,48153,0.0009191104,0.0008637092541903257,0.895,3.048606049560476e-05,0.0008417630451731384,0.0009546239743940532
3,4,2581,2024-02-27,48189,0.0007964286,0.0008207299979403615,0.155,2.8529435439850204e-05,0.0007922422373667359,0.0008982442086562514
3,4,2586,2024-02-27,48219,0.0008697098,0.0008313156431540847,0.7,3.9527170883957297e-05,0.0007998623768799007,0.0009540280443616211
3,4,2591,2024-02-27,48329,0.00083259057,0.0009060739539563656,0.025,6.057149948901497e-05,0.0008307706448249519,0.001056808396242559
3,4,2592,2024-02-27,48341,0.006369777,0.006865409202873707,0.18,0.00039396536885760725,0.005839020479470491,0.00723229581490159
3,4,2605,2024-02-27,49015,0.0058313967,0.008878342807292938,0.075,0.035814885050058365,0.0056741125881671906,0.14822465181350708
3,4,2606,2024-02-27,49019,0.010611027,0.016566988080739975,0.13,0.02446329966187477,0.010013086721301079,0.18008175492286682
3,4,2607,2024-02-27,49021,0.048933215,0.04959136247634888,0.17,0.017647897824645042,0.04875021055340767,0.16887234151363373
3,4,2611,2024-02-27,49031,0.024445899,0.024987006559967995,0.27,0.0026879399083554745,0.023935379460453987,0.04343442618846893
3,4,2622,2024-02-27,49053,0.015373489,0.016933364793658257,0.11,0.01438665110617876,0.015248806215822697,0.11745802313089371
3,4,2623,2024-02-27,49057,0.010623624,0.012274828739464283,0.17,0.01519380509853363,0.010133915580809116,0.10419423878192902
3,4,2633,2024-02-27,50019,0.007946168,0.007556309923529625,0.575,0.02494071237742901,0.006824319250881672,0.2218952625989914
3,4,2634,2024-02-27,50021,0.005902955,0.006131365429610014,0.135,0.016934961080551147,0.00588762853294611,0.13184843957424164
3,4,2637,2024-02-27,50027,0.009149835,0.010430142283439636,0.03,0.046866971999406815,0.009140978567302227,0.24299287796020508
3,4,2638,2024-02-27,51031,0.0014847749,0.0014854371547698975,0.44,1.3553174539993051e-05,0.001473312033340335,0.0015897538978606462
3,5,0,2019-03-13,01001,0.0021544965,0.0018640172202140093,0.825,0.0001745028275763616,0.0017647597705945373,0.002325343433767557
3,5,12,2019-03-13,01091,0.0024100966,0.0018379355315119028,0.99,0.0001799508318072185,0.0017661734018474817,0.002420256147161126
3,5,13,2019-03-13,01105,0.008310056,0.0091547267511487,0.075,0.0003525184001773596,0.008210607804358006,0.009378841146826744
3,5,14,2019-03-13,01111,0.0014155331,0.0013858957681804895,0.535,0.00034777959808707237,0.0012386622838675976,0.00238808523863554
3,5,22,2019-03-13,06073,0.0011411456,0.0011752145364880562,0.02,5.7899716921383515e-05,0.0011390113504603505,0.0013229749165475368
3,5,28,2019-03-13,08063,0.18828577,0.18840402364730835,0.385,0.00033291842555627227,0.18754921853542328,0.18862228095531464
3,5,33,2019-03-13,13233,0.015802931,0.015834588557481766,0.265,4.618692400981672e-05,0.01568419672548771,0.015867380425333977
3,5,35,2019-03-13,17025,0.007795664,0.0055193714797496796,0.82,0.001827871659770608,0.004655146040022373,0.0110388258472085
3,5,40,2019-03-13,17069,0.018116094,0.017928291112184525,0.68,0.0003655424516182393,0.017849626019597054,0.01905752345919609
3,5,44,2019-03-13,17087,0.008986955,0.008459717035293579,0.68,0.0009131746483035386,0.008203939534723759,0.011268695816397667
3,5,52,2019-03-13,17185,0.0071121813,0.00726325623691082,0.42,0.001202346757054329,0.00671358173713088,0.010758589021861553
3,5,60,2019-03-13,18061,0.0060069705,0.006055169738829136,0.225,0.00016459992912132293,0.005982669070363045,0.00654210802167654
3,5,64,2019-03-13,18089,0.004160312,0.004406727384775877,0.245,0.0008827688288874924,0.003998508211225271,0.007558487821370363
3,5,67,2019-03-13,18121,0.0061031375,0.005543243605643511,0.65,0.0014914436032995582,0.004671013448387384,0.009564727544784546
3,5,68,2019-03-13,18125,0.007908936,0.005524791311472654,0.865,0.001267781830392778,0.00509084016084671,0.009452873840928078
3,5,75,2019-03-13,18155,0.0068222405,0.006790530867874622,0.565,0.00035544950515031815,0.006499789655208588,0.007859032601118088
3,5,79,2019-03-13,20007,0.013648601,0.014100903645157814,0.045,0.0015306135173887014,0.01362618338316679,0.01857336424291134
3,5,80,2019-03-13,20039,0.03945596,0.03968382626771927,0.2,0.000400165852624923,0.039386533200740814,0.04057537391781807
3,5,82,2019-03-13,20063,0.015547507,0.015579708851873875,0.335,0.0001851974957389757,0.015508844517171383,0.01610597036778927
3,5,94,2019-03-13,21007,0.06681476,0.06675506383180618,0.525,0.0010274959495291114,0.06361036747694016,0.06725868582725525
3,5,98,2019-03-13,21035,0.012827482,0.01296372339129448,0.455,0.002758417744189501,0.011660892516374588,0.02014102414250374
3,5,101,2019-03-13,21047,0.009443435,0.009639935567975044,0.36,0.001866107457317412,0.008872302249073982,0.01508418284356594
3,5,112,2019-03-13,21107,0.011719148,0.008136057294905186,0.88,0.0017477485816925764,0.007384803611785173,0.012949422933161259
3,5,114,2019-03-13,21143,0.025036152,0.02567882090806961,0.28,0.00044097306090407073,0.024788081645965576,0.025991259142756462
3,5,122,2019-03-13,21203,0.010101568,0.010219856165349483,0.405,0.0006696826312690973,0.009869156405329704,0.012186500243842602
3,5,130,2019-03-13,21233,0.0080000805,0.007451227866113186,0.645,0.0017021199455484748,0.006822790019214153,0.011965510435402393
3,5,133,2019-03-13,22111,0.017259292,0.00791417621076107,0.96,0.003665370400995016,0.006253288593143225,0.01816629059612751
3,5,139,2019-03-13,26155,0.03418934,0.03441207483410835,0.42,0.0010846569202840328,0.03060627169907093,0.035616762936115265
3,5,143,2019-03-13,28019,0.0061060158,0.00609771441668272,0.625,3.413506055949256e-05,0.005992334336042404,0.006158064119517803
3,5,145,2019-03-13,28061,0.0037844907,0.002667119726538658,0.96,0.0003785819571930915,0.0025210073217749596,0.003850033972412348
3,5,146,2019-03-13,28075,0.004675769,0.003001023782417178,0.925,0.0006372140487655997,0.0026953876949846745,0.004809083882719278
3,5,158,2019-03-13,29510,0.0043322844,0.004871620796620846,0.01,0.0013728475896641612,0.004321861080825329,0.008858459070324898
3,5,164,2019-03-13,34035,0.0015191277,0.001552891917526722,0.2,5.175402111490257e-05,0.0014809269923716784,0.001704611349850893
3,5,166,2019-03-13,35025,0.010600884,0.011316546238958836,0.185,0.0015667895786464214,0.010388880968093872,0.01521079521626234
3,5,170,2019-03-13,39011,0.010358434,0.01053598616272211,0.105,0.00026786551461555064,0.010257648304104805,0.011403270065784454
3,5,173,2019-03-13,39027,0.10282228,0.10277166962623596,0.68,0.0001292205270146951,0.10240525752305984,0.10293016582727432
3,5,174,2019-03-13,39029,0.00533293,0.005209770053625107,0.685,0.00022407108917832375,0.004745788406580687,0.005589695181697607
3,5,178,2019-03-13,39049,0.004506954,0.0045676156878471375,0.48,0.0004918523482047021,0.003797050565481186,0.005841719917953014
3,5,199,2019-03-13,40031,0.0066689784,0.007572765462100506,0.015,0.0018192764837294817,0.006604450289160013,0.012215515598654747
3,5,208,2019-03-13,40075,0.014636999,0.014922916889190674,0.3,0.0014036897337064147,0.014354851096868515,0.018860360607504845
3,5,210,2019-03-13,40085,0.003899033,0.004674952477216721,0.12,0.0033568739891052246,0.003729710355401039,0.01388862170279026
3,5,216,2019-03-13,40149,0.0133777,0.014049416407942772,0.08,0.001765442080795765,0.013259249739348888,0.019207553938031197
3,5,218,2019-03-13,40153,0.01576006,0.015939224511384964,0.245,0.0008485259604640305,0.01568116620182991,0.018657494336366653
3,5,219,2019-03-13,42073,0.0030141806,0.002934298012405634,0.735,0.00015385489678010345,0.0026262416504323483,0.0031644809059798717
3,5,225,2019-03-13,47189,0.0034346173,0.0036447900347411633,0.135,0.000813143327832222,0.003389720106497407,0.006197796203196049
3,5,233,2019-03-13,48075,0.014492462,0.01549466885626316,0.025,0.0024466305039823055,0.01441201101988554,0.022196630015969276
3,5,235,2019-03-13,48081,0.0045910925,0.005012037698179483,0.05,0.0013819956220686436,0.004544704221189022,0.009071012027561665
3,5,236,2019-03-13,48085,0.0036429202,0.0042250980623066425,0.115,0.0023122539278119802,0.003463369095697999,0.011020030826330185
3,5,238,2019-03-13,48101,0.015790297,0.016589641571044922,0.035,0.002253323793411255,0.01571095921099186,0.023832354694604874
3,5,250,2019-03-13,48139,0.0046261097,0.004674878902733326,0.475,0.002507962519302964,0.0041426559910178185,0.01306949369609356
3,5,257,2019-03-13,48179,0.010904576,0.0111920777708292,0.185,0.0010391123360022902,0.010799276642501354,0.014003615826368332
3,5,261,2019-03-13,48191,0.024658784,0.024954520165920258,0.09,0.0011915219947695732,0.024629827588796616,0.028521332889795303
3,5,263,2019-03-13,48203,0.010476033,0.004689410328865051,0.945,0.0022593631874769926,0.0037792203947901726,0.011366580612957478
3,5,264,2019-03-13,48205,0.030272197,0.030261293053627014,0.79,2.6019697543233633e-05,0.030187981203198433,0.03027692809700966
3,5,270,2019-03-13,48227,0.0086075375,0.008503749035298824,0.56,0.001182459993287921,0.00808870978653431,0.011639993637800217
3,5,272,2019-03-13,48233,0.12106917,0.1210150271654129,0.95,0.00016979662177618593,0.12052220106124878,0.12107963114976883
3,5,276,2019-03-13,48253,0.03137773,0.031385257840156555,0.475,0.0001524140388937667,0.031308360397815704,0.031803689897060394
3,5,278,2019-03-13,48267,0.019885654,0.019667141139507294,0.855,0.0003708908043336123,0.018756430596113205,0.019931908696889877
3,5,284,2019-03-13,48317,0.012559255,0.012110242620110512,0.815,0.0006902609020471573,0.01068636029958725,0.012745014391839504
3,5,290,2019-03-13,48349,0.009027725,0.0059586684219539165,0.81,0.0022279152180999517,0.005390508566051722,0.012742770835757256
3,5,292,2019-03-13,48357,0.016963378,0.01716163381934166,0.095,0.00048352955491282046,0.01693926937878132,0.018453091382980347
3,5,304,2019-03-13,48399,0.029945835,0.02978675812482834,0.92,0.0002245564537588507,0.029157893732190132,0.029961273074150085
3,5,309,2019-03-13,48433,0.011730341,0.012380322441458702,0.085,0.0021095520351082087,0.011588018387556076,0.018537068739533424
3,5,316,2019-03-13,48467,0.0066452576,0.004711169749498367,0.71,0.002579151187092066,0.0036315766628831625,0.012212570756673813
3,5,318,2019-03-13,48483,0.013809028,0.014238173142075539,0.05,0.001199514837935567,0.013766669668257236,0.017650028690695763
3,5,330,2021-03-26,01041,0.0031029785,0.0028125024400651455,0.91,0.00014316586020868272,0.0026910051237791777,0.003133881138637662
3,5,338,2021-03-26,01091,0.0029835803,0.002672672737389803,0.845,0.00016589761071372777,0.0025666337460279465,0.0030600239988416433
3,5,341,2021-03-26,01099,0.0031683322,0.0027299723587930202,0.86,0.00024207367096096277,0.0024951917584985495,0.0032273922115564346
3,5,342,2021-03-26,01103,0.0070951534,0.007009468972682953,0.525,0.000944383442401886,0.006311751902103424,0.009217487648129463
3,5,343,2021-03-26,01111,0.021754712,0.021695975214242935,0.565,0.0005669668898917735,0.020378269255161285,0.02207578904926777
3,5,348,2021-03-26,05037,0.006857513,0.0068323384039103985,0.905,1.5730327504570596e-05,0.006812211126089096,0.0068660518154501915
3,5,350,2021-03-26,05041,0.0035877062,0.003420446766540408,0.925,6.399088306352496e-05,0.0033775295596569777,0.00363336899317801
3,5,361,2021-03-26,08023,0.000829722,0.0008162228623405099,0.54,0.00042701783240772784,0.0007285242900252342,0.002211688319221139
3,5,364,2021-03-26,08063,0.0020101091,0.0020208389032632113,0.325,1.399030770699028e-05,0.0019967290572822094,0.002041690517216921
3,5,371,2021-03-26,13015,0.011473389,0.011199748143553734,0.675,0.000795744068454951,0.009361186996102333,0.011797844432294369
3,5,374,2021-03-26,13091,0.00289514,0.002400022465735674,0.94,0.0001963905233424157,0.0023122052662074566,0.0029448603745549917
3,5,387,2021-03-26,13255,0.003369251,0.0027596999425441027,0.705,0.0005878746160306036,0.0024219974875450134,0.004236381035298109
3,5,389,2021-03-26,13291,0.004014793,0.004148629494011402,0.4,0.0005836474010720849,0.003599924733862281,0.005562686827033758
3,5,390,2021-03-26,13303,0.0038922697,0.003294791094958782,0.97,0.00024389104510191828,0.0031815078109502792,0.003928502090275288
3,5,393,2021-03-26,16001,0.00191006,0.0019053374417126179,0.605,1.613857784832362e-05,0.0018611267441883683,0.0019283645087853074
3,5,394,2021-03-26,16005,0.0023739308,0.0024960373993963003,0.225,0.0005092098144814372,0.0022838932927697897,0.004338451661169529
3,5,395,2021-03-26,16007,0.0011800941,0.0012830188497900963,0.26,0.0004967183922417462,0.0011125927558168769,0.002791163045912981
3,5,397,2021-03-26,16013,0.0014906686,0.0016135349869728088,0.17,0.0004050031420774758,0.0014455071650445461,0.002997331554070115
3,5,409,2021-03-26,16047,0.004686747,0.004632167052477598,0.84,0.00014796773029956967,0.004223061725497246,0.004697566851973534
3,5,414,2021-03-26,16059,0.018665642,0.01868000626564026,0.47,0.0003425995528232306,0.018208472058176994,0.019648879766464233
3,5,426,2021-03-26,17021,0.024110507,0.024051621556282043,0.995,2.870515345421154e-05,0.02401917055249214,0.024110740050673485
3,5,432,2021-03-26,17069,0.0022747405,0.00229156413115561,0.23,2.2957116016186774e-05,0.0022436114959418774,0.00233960198238492
3,5,434,2021-03-26,17087,0.0022488055,0.002264950890094042,0.065,1.7934122297447175e-05,0.002240824280306697,0.0023102008271962404
3,5,442,2021-03-26,17185,0.0034667142,0.0034662336111068726,0.5,8.479827374685556e-05,0.0033562027383595705,0.0036431699991226196
3,5,447,2021-03-26,18013,0.006891915,0.006892740726470947,0.495,5.2543684432748705e-05,0.00679590692743659,0.006965692155063152
3,5,461,2021-03-26,18105,0.0028370675,0.0028363987803459167,0.505,7.938053749967366e-05,0.0027855474036186934,0.0030359639786183834
3,5,462,2021-03-26,18109,0.0074344827,0.0074341814033687115,0.52,6.624607976846164e-06,0.007416327949613333,0.007446092087775469
3,5,464,2021-03-26,18125,0.0039728326,0.0038403598591685295,0.87,8.428527507930994e-05,0.003736346261575818,0.004009445663541555
3,5,467,2021-03-26,18145,0.003286833,0.003078398760408163,0.67,0.0002306438545929268,0.002866520546376705,0.0035479459911584854
3,5,469,2021-03-26,18155,0.009811795,0.009853439405560493,0.23,9.473454701947048e-05,0.009779752232134342,0.01007813960313797
3,5,475,2021-03-26,20039,0.003260628,0.003258194075897336,0.85,3.5025482247874606e-06,0.003247566521167755,0.0032623419538140297
3,5,478,2021-03-26,20063,0.0016146182,0.0016192627372220159,0.475,5.4360043577617034e-05,0.001491996576078236,0.0016756638651713729
3,5,481,2021-03-26,20089,0.0019182448,0.001918671652674675,0.495,8.800374052952975e-05,0.0018063581082969904,0.002176242647692561
3,5,488,2021-03-26,20163,0.0016495391,0.001650725374929607,0.495,6.864565511932597e-05,0.0015597700839862227,0.0018464198801666498
3,5,496,2021-03-26,21007,0.0024985708,0.0025126561522483826,0.24,2.080375634250231e-05,0.0024808263406157494,0.0025713129434734583
3,5,498,2021-03-26,21035,0.0021639664,0.0021613785065710545,0.51,4.809469101019204e-05,0.0021143413614481688,0.0022711572237312794
3,5,500,2021-03-26,21047,0.003158183,0.00310327997431159,0.56,0.00014884960546623915,0.0029676035046577454,0.0034437463618814945
3,5,505,2021-03-26,21085,0.004348068,0.004379051737487316,0.18,0.00010173599002882838,0.0043364958837628365,0.004677267279475927
3,5,506,2021-03-26,21093,0.003376766,0.003359988098964095,0.52,0.0002669247332960367,0.003193345619365573,0.00408299220725894
3,5,509,2021-03-26,21107,0.002439974,0.002321213949471712,0.965,5.820392834721133e-05,0.002261473797261715,0.0024541851598769426
3,5,512,2021-03-26,21143,0.002103192,0.0020821429789066315,0.635,6.072329051676206e-05,0.0020155049860477448,0.00223497673869133
3,5,522,2021-03-26,21233,0.0027005845,0.0026521445252001286,0.78,4.1971034079324454e-05,0.002591300755739212,0.0027310564182698727
3,5,525,2021-03-26,22111,0.003841322,0.003852556925266981,0.05,4.809150141227292e-06,0.0038339081220328808,0.003859722288325429
3,5,528,2021-03-26,24001,0.00647399,0.006934395991265774,0.015,0.0019763028249144554,0.006438407115638256,0.012699492275714874
3,5,537,2021-03-26,24035,0.007939049,0.004355316981673241,0.925,0.0014325566589832306,0.003824852406978607,0.008279789239168167
3,5,542,2021-03-26,25009,0.007016282,0.00589723140001297,0.69,0.0025550974532961845,0.005433307029306889,0.014811749570071697
3,5,548,2021-03-26,25025,0.005101294,0.005514997523277998,0.1,0.0020890883170068264,0.005019952077418566,0.012656854465603828
3,5,557,2021-03-26,28071,0.004280882,0.003759241197258234,0.845,0.0002640696766320616,0.003578795585781336,0.004512361716479063
3,5,561,2021-03-26,28115,0.010062604,0.009680533781647682,0.805,0.00022635616187471896,0.009509890340268612,0.010244841687381268
3,5,571,2021-03-26,29201,0.0020206256,0.0020428027492016554,0.19,2.192789725086186e-05,0.001998962601646781,0.0020788705442100763
3,5,573,2021-03-26,30009,0.014458369,0.01403370127081871,0.765,0.001409690361469984,0.010186709463596344,0.014745814725756645
3,5,574,2021-03-26,30011,0.010539191,0.01059645414352417,0.335,0.00024582145852036774,0.010478663258254528,0.01124721858650446
3,5,578,2021-03-26,30023,0.012268434,0.013304535299539566,0.355,0.0045621986500918865,0.010058538988232613,0.024339543655514717
3,5,581,2021-03-26,30037,0.0075506847,0.0078075239434838295,0.195,0.000707402010448277,0.007445723749697208,0.009838101454079151
3,5,587,2021-03-26,30063,0.015444574,0.017155230045318604,0.395,0.004515750799328089,0.012381358072161674,0.025981726124882698
3,5,589,2021-03-26,30067,0.011116986,0.012933293357491493,0.315,0.005411929450929165,0.009053030982613564,0.026991862803697586
3,5,594,2021-03-26,30081,0.014100685,0.014458419755101204,0.475,0.005130230449140072,0.010038443841040134,0.026482412591576576
3,5,615,2021-03-26,34015,0.0072591957,0.004748617298901081,0.81,0.0015828643226996064,0.003983843140304089,0.008874563500285149
3,5,616,2021-03-26,34017,0.0022431423,0.0024414872750639915,0.03,0.001049882615916431,0.0022166678681969643,0.0058698090724647045
3,5,620,2021-03-26,34025,0.0041594557,0.0038652871735394,0.655,0.0009523029439151287,0.0038402921054512262,0.0071105738170444965
3,5,623,2021-03-26,34035,0.0027336169,0.0028452808037400246,0.35,0.0007541296072304249,0.0026317175943404436,0.0052102720364928246
3,5,633,2021-03-26,36043,0.019028544,0.01168888434767723,0.935,0.0028468025848269463,0.010538660921156406,0.019981127232313156
3,5,638,2021-03-26,36063,0.007840686,0.006035177037119865,0.8,0.0009855410316959023,0.005481250584125519,0.008376039564609528
3,5,639,2021-03-26,36071,0.002943581,0.002972741611301899,0.48,0.0012966507347300649,0.0027098865248262882,0.007043983321636915
3,5,640,2021-03-26,36073,0.008815193,0.007373870350420475,0.895,0.0006431296351365745,0.007008011918514967,0.009224936366081238
3,5,644,2021-03-26,36095,0.011859122,0.011527769267559052,0.61,0.0009931516833603382,0.011082307435572147,0.014187570661306381
3,5,652,2021-03-26,37053,0.0033245021,0.003211749717593193,0.885,5.2674429753096774e-05,0.003178646555170417,0.003345248056575656
3,5,654,2021-03-26,37081,0.0015831675,0.0016369465738534927,0.25,0.00025873020058497787,0.0015464789466932416,0.0023914342746138573
3,5,659,2021-03-26,37151,0.0021418454,0.002169008832424879,0.25,0.00012778397649526596,0.002123638754710555,0.0025603314861655235
3,5,661,2021-03-26,39003,0.008258449,0.008052125573158264,0.785,0.000154381719767116,0.007876288145780563,0.00838772114366293
3,5,662,2021-03-26,39011,0.0071840114,0.006874476559460163,0.805,0.00021484702301677316,0.006632090546190739,0.007304740138351917
3,5,668,2021-03-26,39027,0.019033423,0.019378244876861572,0.07,0.00016973201127257198,0.018995940685272217,0.019544651731848717
3,5,669,2021-03-26,39029,0.0070886123,0.007543053012341261,0.12,0.0006301097455434501,0.006953239440917969,0.009059264324605465
3,5,672,2021-03-26,39035,0.010305989,0.010353206656873226,0.4,0.0003401302092242986,0.010109465569257736,0.011170890182256699
3,5,676,2021-03-26,39049,0.0070122313,0.007292026653885841,0.165,0.0004990085726603866,0.006863994989544153,0.008433328941464424
3,5,678,2021-03-26,39057,0.005945826,0.0059599727392196655,0.235,1.6133348253788427e-05,0.005927480757236481,0.005999045446515083
3,5,694,2021-03-26,39113,0.0032465914,0.00344364857301116,0.205,0.0004441680503077805,0.0030971840023994446,0.0045299953781068325
3,5,699,2021-03-26,39149,0.013452081,0.013594357296824455,0.185,0.0001224963052663952,0.01339048333466053,0.013765913434326649
3,5,709,2021-03-26,41017,0.0077674286,0.007804349064826965,0.475,0.000380974990548566,0.006746029946953058,0.00801644567400217
3,5,714,2021-03-26,41037,0.0008158226,0.0008088313043117523,0.67,2.0747038433910348e-05,0.0007950045983307064,0.0008741857600398362
3,5,722,2021-03-26,42021,0.010302436,0.009624818339943886,0.695,0.001178332488052547,0.009531921707093716,0.013346031308174133
3,5,723,2021-03-26,42029,0.0025857538,0.00270757544785738,0.41,0.0013074553571641445,0.002322249813005328,0.0064927032217383385
3,5,729,2021-03-26,42069,0.0060022506,0.0062131863087415695,0.34,0.0009462004527449608,0.00575494347140193,0.008811517618596554
3,5,730,2021-03-26,42071,0.002682419,0.0030745393596589565,0.26,0.00205765338614583,0.0024907782208174467,0.008885673247277737
3,5,731,2021-03-26,42073,0.023095818,0.023183029145002365,0.355,0.00020361816859804094,0.022749483585357666,0.023371919989585876
3,5,743,2021-03-26,45037,0.0047665313,0.003676424501463771,0.785,0.0007614719797857106,0.0033200043253600597,0.00569511903449893
3,5,747,2021-03-26,45071,0.0030219844,0.002255406929180026,0.77,0.00044848190736956894,0.001978245098143816,0.0032742382027208805
3,5,751,2021-03-26,46007,0.0019226782,0.0019321480067446828,0.19,1.2603294635482598e-05,0.001906540128402412,0.001960617955774069
3,5,753,2021-03-26,46017,0.0040521254,0.0040543898940086365,0.415,4.6135155571391806e-05,0.004016790073364973,0.004201807547360659
3,5,758,2021-03-26,46031,0.012133155,0.012180402874946594,0.095,0.00014080823166295886,0.012121222913265228,0.012579480186104774
3,5,760,2021-03-26,46037,0.0030436092,0.003055818844586611,0.055,3.3973621611949056e-05,0.0030359821394085884,0.0031790570355951786
3,5,767,2021-03-26,46055,0.00485865,0.004887832794338465,0.04,5.137345215189271e-05,0.004855948034673929,0.005076226312667131
3,5,768,2021-03-26,46057,0.0031155318,0.003119107335805893,0.385,4.368122972664423e-05,0.003101263428106904,0.003273286623880267
3,5,773,2021-03-26,46071,0.0021902323,0.002192986663430929,0.465,2.1643631043843925e-05,0.0021530112717300653,0.0022401788737624884
3,5,790,2021-03-26,46123,0.0025235661,0.0025316611863672733,0.23,1.6532412701053545e-05,0.002504004631191492,0.0025763772428035736
3,5,791,2021-03-26,46129,0.006740542,0.006747693754732609,0.385,7.001228368608281e-05,0.006724320352077484,0.0069762845523655415
3,5,807,2021-03-26,47149,0.0062794234,0.006575976964086294,0.285,0.0005365750403143466,0.006049920804798603,0.007710161153227091
3,5,808,2021-03-26,47155,0.0051100687,0.005762122571468353,0.37,0.002363416366279125,0.004362459294497967,0.011931298300623894
3,5,810,2021-03-26,47163,0.0039406894,0.004232526291161776,0.13,0.001020402880385518,0.0038499287329614162,0.007261835504323244
3,5,811,2021-03-26,47181,0.0045826198,0.004189216066151857,0.725,0.0003224315296392888,0.003910009749233723,0.004985467065125704
3,5,812,2021-03-26,47189,0.006695311,0.0068527283146977425,0.315,0.0005315152229741216,0.006482279393821955,0.008126183412969112
3,5,820,2021-03-26,49047,0.0031158833,0.003106334712356329,0.645,2.564652641012799e-05,0.0030450501944869757,0.003125235438346863
3,5,823,2021-03-26,51043,0.0028861084,0.003077041357755661,0.14,0.0011478050146251917,0.0027984543703496456,0.0070877596735954285
3,5,833,2021-03-26,53017,0.0019514306,0.0019668126478791237,0.2,4.105264088138938e-05,0.0019447183003649116,0.002093433402478695
3,5,837,2021-03-26,53063,0.0038635219,0.004007000010460615,0.235,0.0004146493156440556,0.003786529414355755,0.00526267709210515
3,5,840,2021-03-26,53077,0.0061552566,0.0062636928632855415,0.31,0.0003581146302167326,0.0059943534433841705,0.0070838662795722485
3,5,844,2021-03-26,54057,0.008060588,0.008359117433428764,0.385,0.002214729553088546,0.007482932414859533,0.014878300949931145
3,5,847,2021-03-26,56001,0.0048744725,0.005212868098169565,0.39,0.0030370985623449087,0.004199153743684292,0.013436543755233288
3,5,850,2021-03-26,56007,0.0044327234,0.003687456250190735,0.61,0.0027268086560070515,0.002650404814630747,0.011744111776351929
3,5,851,2021-03-26,56009,0.003772688,0.003953841514885426,0.4,0.0014795027673244476,0.00339421140961349,0.007745514158159494
3,5,867,2021-12-11,01083,0.0036706023,0.0033897103276103735,0.555,0.001516144722700119,0.002741221571341157,0.0076805767603218555
3,5,875,2021-12-11,04017,0.0064120423,0.006393595598638058,0.585,0.00010773927351692691,0.006131788715720177,0.006468527019023895
3,5,879,2021-12-11,05019,0.0110058095,0.004661692306399345,0.975,0.0026736350264400244,0.003549674293026328,0.011367259547114372
3,5,884,2021-12-11,05047,0.0034562682,0.0035162444692105055,0.32,0.00019259005784988403,0.003401726484298706,0.004000036511570215
3,5,894,2021-12-11,05119,0.01657863,0.012700177729129791,0.695,0.0041269888170063496,0.008874705992639065,0.021495206281542778
3,5,896,2021-12-11,06003,0.020919034,0.02089432254433632,0.54,0.0009849893394857645,0.020793579518795013,0.024288807064294815
3,5,907,2021-12-11,06035,0.0068338024,0.006863274611532688,0.47,0.0007507017580792308,0.006606380920857191,0.009052567183971405
3,5,916,2021-12-11,06063,0.12932101,0.12940745055675507,0.47,0.002996721537783742,0.11984796822071075,0.13031993806362152
3,5,920,2021-12-11,06073,0.0046528424,0.006051043979823589,0.015,0.002441233489662409,0.004592773504555225,0.012524004094302654
3,5,921,2021-12-11,06077,0.0054223496,0.00552744884043932,0.295,0.0013287737965583801,0.005146881099790335,0.0106727946549654
3,5,923,2021-12-11,06089,0.008374716,0.008551039732992649,0.245,0.003251865739002824,0.00832691416144371,0.018759509548544884
3,5,926,2021-12-11,06095,0.0016575679,0.0017508062301203609,0.06,0.001424928312189877,0.001649282407015562,0.0074029238894581795
3,5,928,2021-12-11,06099,0.0020487546,0.0030641849152743816,0.005,0.004712511785328388,0.0020422907546162605,0.017811264842748642
3,5,931,2021-12-11,06107,0.0021115905,0.0021542960312217474,0.22,0.00028991387807764113,0.002093792660161853,0.003203124040737748
3,5,944,2021-12-11,08021,0.063004024,0.06300638616085052,0.495,0.0002339184284210205,0.062349189072847366,0.06313486397266388
3,5,945,2021-12-11,08023,0.03566769,0.035664573311805725,0.625,3.788878893828951e-05,0.035530149936676025,0.03567536547780037
3,5,947,2021-12-11,08031,0.010162276,0.010057466104626656,0.975,0.00024164865317288786,0.009316607378423214,0.010169480927288532
3,5,956,2021-12-11,08063,0.009112423,0.009111851453781128,0.5,0.00022015046852175146,0.009006263688206673,0.009739138185977936
3,5,964,2021-12-11,08087,0.0014329135,0.0014485673746094108,0.3,5.865561979589984e-05,0.00142288813367486,0.0016273224027827382
3,5,971,2021-12-11,08119,0.087604314,0.08758706599473953,0.62,4.962506136507727e-05,0.0874633938074112,0.08762529492378235
3,5,973,2021-12-11,08123,0.0018666823,0.0018690477591007948,0.44,3.3709369745338336e-05,0.0018499072175472975,0.0019783531315624714
3,5,979,2021-12-11,16005,0.01291337,0.012820681557059288,0.795,0.00024128587392624468,0.012166256085038185,0.012974711135029793
3,5,981,2021-12-11,16013,0.0011227878,0.0011799362255260348,0.26,0.0004689421330112964,0.001062863739207387,0.0027179180178791285
3,5,999,2021-12-11,17061,0.00664227,0.00594668323174119,0.725,0.000990423490293324,0.005454893223941326,0.009123271331191063
3,5,1004,2021-12-11,17083,0.004687088,0.004774932749569416,0.415,0.0009909059153869748,0.004347370006144047,0.007809532340615988
3,5,1005,2021-12-11,17085,0.013406129,0.013472914695739746,0.09,0.0007905754609964788,0.01340363547205925,0.016045082360506058
3,5,1010,2021-12-11,17101,0.009351119,0.007628956809639931,0.66,0.002115338807925582,0.006209307815879583,0.012561416253447533
3,5,1014,2021-12-11,17109,0.010313289,0.010295547544956207,0.525,0.0013244490837678313,0.009721852838993073,0.01566663570702076
3,5,1015,2021-12-11,17111,0.015538837,0.015876520425081253,0.27,0.0019848330412060022,0.01526574231684208,0.022305721417069435
3,5,1016,2021-12-11,17115,0.0074058278,0.007019751239567995,0.645,0.0008385032997466624,0.006444503087550402,0.009462838992476463
3,5,1019,2021-12-11,17129,0.033619486,0.03345421329140663,0.755,0.0004154604393988848,0.03339144587516785,0.03506527096033096
3,5,1031,2021-12-11,17197,0.013682287,0.013976221904158592,0.425,0.0030473507940769196,0.012693044729530811,0.023019809275865555
3,5,1035,2021-12-11,18009,0.015349103,0.01435825228691101,0.67,0.001740048872306943,0.012893354520201683,0.018380964174866676
3,5,1036,2021-12-11,18013,0.03754712,0.03915867209434509,0.25,0.001588458544574678,0.035214051604270935,0.04030466824769974
3,5,1040,2021-12-11,18023,0.014811344,0.012799969874322414,0.78,0.0016456925077363849,0.011686601676046848,0.016963524743914604
3,5,1041,2021-12-11,18027,0.00968899,0.009671428240835667,0.5,0.002601880580186844,0.007977967150509357,0.016115333884954453
3,5,1047,2021-12-11,18045,0.04742493,0.04919755458831787,0.155,0.0011687511578202248,0.04585649445652962,0.050009869039058685
3,5,1056,2021-12-11,18089,0.011376185,0.01153077557682991,0.48,0.002729858970269561,0.010141207836568356,0.018806880339980125
3,5,1061,2021-12-11,18105,0.006674328,0.006391868460923433,0.52,0.00141107605304569,0.004205934703350067,0.008357871323823929
3,5,1066,2021-12-11,18121,0.007760663,0.006933256983757019,0.69,0.0013619093224406242,0.006070610601454973,0.010838320478796959
3,5,1071,2021-12-11,18139,0.016841821,0.015611921437084675,0.685,0.0016219893004745245,0.014471386559307575,0.020095497369766235
3,5,1072,2021-12-11,18145,0.014190109,0.013447226956486702,0.58,0.0018284625839442015,0.012033546343445778,0.017832526937127113
3,5,1079,2021-12-11,18181,0.014632054,0.013754276558756828,0.595,0.002018267521634698,0.011845623143017292,0.018266059458255768
3,5,1095,2021-12-11,19029,0.015619871,0.01566525734961033,0.195,0.0002395011397311464,0.015601440332829952,0.01643580012023449
3,5,1097,2021-12-11,19033,0.06653458,0.06821693480014801,0.25,0.001834810827858746,0.06381810456514359,0.07002877444028854
3,5,1099,2021-12-11,19037,0.008822321,0.009308075532317162,0.105,0.00036169352824799716,0.008731219917535782,0.009948235005140305
3,5,1100,2021-12-11,19039,0.010914079,0.010935133323073387,0.03,0.0002125405299011618,0.01090913638472557,0.011740722693502903
3,5,1106,2021-12-11,19051,0.010372548,0.010587505996227264,0.07,9.82867568382062e-05,0.010288669727742672,0.01069712545722723
3,5,1113,2021-12-11,19065,0.017868662,0.017996419221162796,0.34,0.0007995667401701212,0.017691288143396378,0.020864952355623245
3,5,1125,2021-12-11,19093,0.014517393,0.01493277121335268,0.245,0.001178364735096693,0.014057578518986702,0.018351778388023376
3,5,1130,2021-12-11,19105,0.02349918,0.02348914183676243,0.56,0.0001395252184011042,0.023441804572939873,0.02398177608847618
3,5,1137,2021-12-11,19121,0.01965151,0.01967586763203144,0.49,0.0008905772701837122,0.019345732405781746,0.022564653307199478
3,5,1143,2021-12-11,19135,0.019839045,0.019925491884350777,0.385,0.0006477959686890244,0.017697051167488098,0.020125770941376686
3,5,1144,2021-12-11,19137,0.013804958,0.013671396300196648,0.925,0.000183526732143946,0.013223892077803612,0.01382096391171217
3,5,1145,2021-12-11,19139,0.014782382,0.015085175633430481,0.145,0.0016230674227699637,0.014652918092906475,0.020558899268507957
3,5,1153,2021-12-11,19155,0.014348836,0.013978144153952599,0.95,0.000587509770411998,0.012221032753586769,0.014388663694262505
3,5,1164,2021-12-11,19177,0.0098077,0.008279440924525261,0.91,0.0006566332303918898,0.008104192093014717,0.010543146170675755
3,5,1168,2021-12-11,19187,0.033792034,0.03482642024755478,0.205,0.0009045195765793324,0.032739341259002686,0.03579392284154892
3,5,1170,2021-12-11,19191,0.15025331,0.1487675905227661,0.885,0.0021982749458402395,0.14303414523601532,0.15065725147724152
3,5,1171,2021-12-11,19193,0.009404154,0.009805737063288689,0.055,0.000981782330200076,0.009339965879917145,0.01280182134360075
3,5,1172,2021-12-11,19195,0.075102374,0.07709849625825882,0.22,0.0021090293303132057,0.07144875079393387,0.07886386662721634
3,5,1175,2021-12-11,20003,0.012960294,0.01283275056630373,0.99,0.000226298623601906,0.012178809382021427,0.012969991192221642
3,5,1177,2021-12-11,20007,0.013976713,0.01418104488402605,0.055,0.00035325950011610985,0.013956570997834206,0.015263881534337997
3,5,1178,2021-12-11,20009,0.055636894,0.05558813735842705,0.77,0.00015564850764349103,0.05511276796460152,0.055662043392658234
3,5,1187,2021-12-11,20039,0.039685477,0.03964473307132721,0.715,0.0001944651157828048,0.03904326260089874,0.039717938750982285
3,5,1196,2021-12-11,20063,0.023618303,0.02359320968389511,0.765,9.653063170844689e-05,0.023277146741747856,0.02363097108900547
3,5,1206,2021-12-11,20089,0.01916202,0.01939374953508377,0.205,0.0005908156745135784,0.019068023189902306,0.02136087603867054
3,5,1208,2021-12-11,20095,0.00873945,0.008870271034538746,0.21,0.0003870844666380435,0.008665129542350769,0.010066981427371502
3,5,1214,2021-12-11,20115,0.06283702,0.06266412883996964,0.83,0.0004237388784531504,0.06145316734910011,0.0629030168056488
3,5,1218,2021-12-11,20125,0.0038554224,0.00412601325660944,0.005,0.0006425579194910824,0.0038472935557365417,0.006007486488670111
3,5,1223,2021-12-11,20135,0.02788443,0.027881717309355736,0.55,3.580114207579754e-05,0.027780216187238693,0.027897395193576813
3,5,1231,2021-12-11,20155,0.031313,0.031354282051324844,0.38,0.00016868217790033668,0.03085901029407978,0.031434476375579834
3,5,1232,2021-12-11,20157,0.018758796,0.018921108916401863,0.15,0.00040649555739946663,0.018725300207734108,0.02017488330602646
3,5,1233,2021-12-11,20159,0.028840939,0.02881297469139099,0.64,0.00011990061466349289,0.02840115875005722,0.02887970581650734
3,5,1234,2021-12-11,20161,0.019874562,0.019600724801421165,0.975,0.0005602470482699573,0.01800462231040001,0.019895507022738457
3,5,1235,2021-12-11,20163,0.060710765,0.06061866879463196,0.835,0.00024407748423982412,0.059840258210897446,0.060732923448085785
3,5,1248,2021-12-11,20195,0.05924996,0.0592237152159214,0.78,0.00011576049291761592,0.058841194957494736,0.0592631995677948
3,5,1263,2021-12-11,21047,0.050857536,0.05036836117506027,0.58,0.0015708617866039276,0.04722592234611511,0.05183040350675583
3,5,1269,2021-12-11,21093,0.008055046,0.008570177480578423,0.4,0.002372517017647624,0.007081275340169668,0.015210354700684547
3,5,1272,2021-12-11,21107,0.20167933,0.2041083127260208,0.11,0.001163385109975934,0.20137207210063934,0.20492391288280487
3,5,1277,2021-12-11,21141,0.047870092,0.04705061763525009,0.655,0.00181343883741647,0.04316592589020729,0.048713453114032745
3,5,1278,2021-12-11,21143,0.028646087,0.030929017812013626,0.295,0.0019864800851792097,0.026764342561364174,0.032315079122781754
3,5,1282,2021-12-11,21155,0.017317003,0.01694202423095703,0.715,0.0009264081018045545,0.014624119736254215,0.01759994961321354
3,5,1286,2021-12-11,21175,0.008008838,0.008036467246711254,0.49,0.002752985106781125,0.00628186808899045,0.014600614085793495
3,5,1289,2021-12-11,21195,0.006097952,0.006164141930639744,0.47,0.0018948129145428538,0.005717766936868429,0.012641755864024162
3,5,1291,2021-12-11,21199,0.012049341,0.011734899133443832,0.82,0.0004304514150135219,0.010859333910048008,0.012150373309850693
3,5,1292,2021-12-11,21203,0.0053722914,0.005986370146274567,0.21,0.0015091166133061051,0.005092304665595293,0.009586494415998459
3,5,1297,2021-12-11,21217,0.005112103,0.005943111144006252,0.085,0.001423695357516408,0.004942753352224827,0.009314408525824547
3,5,1302,2021-12-11,21239,0.0056129773,0.006925954483449459,0.035,0.002267753705382347,0.00551519263535738,0.012738795019686222
3,5,1317,2021-12-11,26007,0.01908984,0.015842683613300323,0.96,0.0010968669084832072,0.015366662293672562,0.019306804984807968
3,5,1322,2021-12-11,26023,0.009609978,0.010693518444895744,0.035,0.0006007089396007359,0.00951746478676796,0.011699245311319828
3,5,1329,2021-12-11,26041,0.036626257,0.025718333199620247,0.975,0.004729859996587038,0.021123263984918594,0.036816563457250595
3,5,1331,2021-12-11,26047,0.028108086,0.027725400403141975,0.745,0.0005654071574099362,0.0264873169362545,0.028553556650877
3,5,1339,2021-12-11,26069,0.09223062,0.10335461050271988,0.04,0.003777227131649852,0.09170684218406677,0.10453037917613983
3,5,1340,2021-12-11,26071,0.073872015,0.08361722528934479,0.01,0.004621964879333973,0.0738036036491394,0.09042903035879135
3,5,1357,2021-12-11,26111,0.05048099,0.0559440441429615,0.02,0.002485486213117838,0.05030223727226257,0.05769011378288269
3,5,1364,2021-12-11,26127,0.023310916,0.02519770711660385,0.2,0.0011685978388413787,0.021852029487490654,0.02593832090497017
3,5,1365,2021-12-11,26129,0.18303274,0.1965934932231903,0.12,0.0061624483205378056,0.17764683067798615,0.19821089506149292
3,5,1366,2021-12-11,26135,0.16517115,0.18056252598762512,0.025,0.005507686175405979,0.1650572568178177,0.1825312376022339
3,5,1367,2021-12-11,26137,0.030273933,0.03452025353908539,0.015,0.0026644538156688213,0.030202118679881096,0.03858437016606331
3,5,1369,2021-12-11,26141,0.026874451,0.03406369686126709,0.0,0.0019643125124275684,0.02694915607571602,0.03438960388302803
3,5,1375,2021-12-11,26155,0.009760525,0.004916022997349501,0.82,0.0028071643318980932,0.004096239805221558,0.012514021247625351
3,5,1379,2021-12-11,26163,0.027463824,0.02666701376438141,0.97,0.0015221837675198913,0.022854939103126526,0.027501974254846573
3,5,1384,2021-12-11,27023,0.0076940334,0.0055654034949839115,0.685,0.0025734775699675083,0.003991369623690844,0.012134404852986336
3,5,1391,2021-12-11,27047,0.016896782,0.013421762734651566,0.79,0.002793855732306838,0.01134757325053215,0.020709505304694176
3,5,1392,2021-12-11,27049,0.0076321736,0.006963538471609354,0.58,0.00367735861800611,0.0047917235642671585,0.018129579722881317
3,5,1397,2021-12-11,27079,0.020170588,0.016065118834376335,0.815,0.0033042787108570337,0.014240588992834091,0.02603069879114628
3,5,1402,2021-12-11,27099,0.022357266,0.021439550444483757,0.6,0.00245297490619123,0.01928676851093769,0.028212860226631165
3,5,1407,2021-12-11,27117,0.0029879506,0.0028961366042494774,0.535,0.0017792476573958993,0.0023478178773075342,0.008734086528420448
3,5,1410,2021-12-11,27129,0.0062096193,0.005557483062148094,0.6,0.003085393225774169,0.003457736223936081,0.013548956252634525
3,5,1418,2021-12-11,27157,0.020857075,0.019871007651090622,0.8,0.0015288724098354578,0.016390759497880936,0.0213920958340168
3,5,1422,2021-12-11,27171,0.016300298,0.011224539950489998,0.705,0.005042032804340124,0.007502967957407236,0.023423317819833755
3,5,1425,2021-12-11,29003,0.07926812,0.0790122002363205,0.84,0.0006546854274347425,0.07673470675945282,0.07932644337415695
3,5,1435,2021-12-11,29037,0.011139188,0.011348212137818336,0.275,0.0007757080020383,0.011011292226612568,0.013584027998149395
3,5,1443,2021-12-11,29067,0.0026878673,0.002676174510270357,0.515,0.00023565850278828293,0.0025464266072958708,0.003306915517896414
3,5,1444,2021-12-11,29069,0.016259711,0.01262605655938387,0.73,0.003458888502791524,0.009534129872918129,0.02004285342991352
3,5,1447,2021-12-11,29075,0.03206149,0.03191371634602547,0.825,0.0005268299137242138,0.030295582488179207,0.03213723748922348
3,5,1452,2021-12-11,29095,0.0048888274,0.005108067765831947,0.025,0.0007553814211860299,0.004873309284448624,0.007604176178574562
3,5,1455,2021-12-11,29111,0.010586626,0.008766092360019684,0.885,0.0009808865142986178,0.008430548012256622,0.012119632214307785
3,5,1456,2021-12-11,29113,0.014401108,0.013896577060222626,0.88,0.0002340307692065835,0.013860432431101799,0.014681447297334671
3,5,1462,2021-12-11,29131,0.0107696215,0.010763909667730331,0.71,2.3764434445183724e-05,0.010758493095636368,0.010863406583666801
3,5,1468,2021-12-11,29159,0.006780713,0.0070619601756334305,0.155,0.0009387044119648635,0.0066284481436014175,0.009914477355778217
3,5,1480,2021-12-11,29201,0.0058662696,0.005465935915708542,0.63,0.0008683138876222074,0.004868490621447563,0.007587925996631384
3,5,1482,2021-12-11,29211,0.02098253,0.0208392683416605,0.735,0.0005518200341612101,0.01927359215915203,0.021085446700453758
3,5,1488,2021-12-11,30037,0.0015441813,0.001551637426018715,0.18,2.396644777036272e-05,0.0015414226800203323,0.0016237817471846938
3,5,1489,2021-12-11,30067,0.00053951325,0.0005397250060923398,0.47,9.39583514991682e-06,0.0005378478090278804,0.0005708456155844033
3,5,1501,2021-12-11,35006,0.0064931074,0.006422275211662054,0.74,0.0001201483974000439,0.006310237105935812,0.006788739003241062
3,5,1502,2021-12-11,35009,0.0036124936,0.003669531550258398,0.0,2.3534759748145007e-05,0.003612504107877612,0.003700070083141327
3,5,1505,2021-12-11,35019,0.01128064,0.011284382082521915,0.35,1.4983476830821019e-05,0.01125703752040863,0.011323940008878708
3,5,1511,2021-12-11,35039,0.20834185,0.2084077000617981,0.32,0.00016303101438097656,0.2079235166311264,0.20847676694393158
3,5,1518,2021-12-11,35059,0.009722898,0.009760109707713127,0.29,0.0001158449740614742,0.0096836993470788,0.010079922154545784
3,5,1530,2021-12-11,36033,0.040153578,0.04370594769716263,0.025,0.0015736640198156238,0.040136806666851044,0.04519341140985489
3,5,1533,2021-12-11,36039,0.0052181133,0.00515852402895689,0.505,0.004237043671309948,0.00392533466219902,0.017357423901557922
3,5,1535,2021-12-11,36043,0.023906728,0.013972130604088306,0.95,0.0033533440437167883,0.013159357942640781,0.02462025173008442
3,5,1538,2021-12-11,36051,0.012549155,0.012071669101715088,0.64,0.001566799357533455,0.011384225450456142,0.016929959878325462
3,5,1543,2021-12-11,36063,0.03894687,0.04109905660152435,0.075,0.0010517381597310305,0.0387456975877285,0.042091917246580124
3,5,1547,2021-12-11,36073,0.09032254,0.09343144297599792,0.135,0.0020244596526026726,0.08759061992168427,0.0947202518582344
3,5,1551,2021-12-11,36091,0.009408579,0.009841551072895527,0.27,0.005180835723876953,0.009013772942125797,0.02364659123122692
3,5,1552,2021-12-11,36093,0.006683682,0.005163544323295355,0.66,0.0037743174470961094,0.003981171641498804,0.016117285937070847
3,5,1553,2021-12-11,36095,0.009098272,0.008859729394316673,0.56,0.0018938869470730424,0.008688138797879219,0.014407924376428127
3,5,1566,2021-12-11,37081,0.0016330342,0.0018540527671575546,0.095,0.0007951349252834916,0.001597571186721325,0.004146931227296591
3,5,1567,2021-12-11,37151,0.0014406072,0.0014865996781736612,0.33,0.00028837521676905453,0.0014085156144574285,0.00251006823964417
3,5,1570,2021-12-11,39003,0.021189941,0.019795093685388565,0.695,0.001731609576381743,0.018743902444839478,0.024565430358052254
3,5,1571,2021-12-11,39007,0.047730673,0.05167090892791748,0.075,0.0018332010367885232,0.04757453128695488,0.05334088206291199
3,5,1574,2021-12-11,39035,0.0076381234,0.008242319338023663,0.215,0.0022708638571202755,0.007232306525111198,0.014708944596350193
3,5,1577,2021-12-11,39043,0.015579363,0.014123826287686825,0.68,0.0021843365393579006,0.013016678392887115,0.020366476848721504
3,5,1579,2021-12-11,39049,0.007408635,0.008828312158584595,0.065,0.0029450668953359127,0.007027346640825272,0.01645546220242977
3,5,1591,2021-12-11,39113,0.00980634,0.011093076318502426,0.105,0.00264184083789587,0.009509047493338585,0.017735183238983154
3,5,1603,2021-12-11,39171,0.013873624,0.01279633492231369,0.63,0.00260650715790689,0.01099287811666727,0.019644446671009064
3,5,1614,2021-12-11,40093,0.009825398,0.009897449053823948,0.11,0.00018703634850680828,0.009809654206037521,0.010468188673257828
3,5,1618,2021-12-11,40153,0.011800735,0.01189411897212267,0.07,0.00016500824131071568,0.01179075613617897,0.012424938380718231
3,5,1622,2021-12-11,41037,0.008218306,0.008432307280600071,0.46,0.002169134793803096,0.006821878720074892,0.013688717968761921
3,5,1624,2021-12-11,42019,0.0063381433,0.006048120092600584,0.61,0.001916811103001237,0.005773110315203667,0.01260059792548418
3,5,1627,2021-12-11,42121,0.016585419,0.017072360962629318,0.28,0.0004360949678812176,0.016150329262018204,0.017564360052347183
3,5,1634,2021-12-11,46005,0.0031882918,0.0031501026824116707,0.64,0.00012236731708981097,0.003076404333114624,0.0035298126749694347
3,5,1635,2021-12-11,46007,0.0019042933,0.0019003472989425063,0.555,2.8597403797903098e-05,0.0018888331251218915,0.0019868239760398865
3,5,1640,2021-12-11,46017,0.0023498507,0.002356057520955801,0.115,3.199951970600523e-05,0.002348433481529355,0.0024674127344042063
3,5,1643,2021-12-11,46027,0.010977028,0.011117064394056797,0.36,0.0008722948259674013,0.01056739129126072,0.01403880026191473
3,5,1647,2021-12-11,46037,0.0037755321,0.0032311282120645046,0.66,0.001089771743863821,0.0026764071080833673,0.006405223160982132
3,5,1650,2021-12-11,46043,0.00692474,0.006982926279306412,0.23,0.00012792355846613646,0.006876075640320778,0.007383000571280718
3,5,1656,2021-12-11,46055,0.0016991491,0.0017193930689245462,0.45,0.00013415658031590283,0.0016354823019355536,0.0020704707130789757
3,5,1657,2021-12-11,46057,0.0024119092,0.0024855672381818295,0.345,0.00043915913556702435,0.002254862105473876,0.003992327488958836
3,5,1664,2021-12-11,46071,0.0018309498,0.0018449928611516953,0.225,5.060523108113557e-05,0.0018250364810228348,0.0019880826584994793
3,5,1688,2021-12-11,46123,0.0035550748,0.003585818689316511,0.435,0.00022871719556860626,0.003483888227492571,0.004259999841451645
3,5,1689,2021-12-11,46125,0.0068727797,0.006412029266357422,0.74,0.0008636400452814996,0.005948258563876152,0.009166979230940342
3,5,1696,2021-12-11,47027,0.04007547,0.039933376014232635,0.59,0.0006959116435609758,0.03801443800330162,0.04035622999072075
3,5,1711,2021-12-11,47089,0.0029171736,0.003034504596143961,0.18,0.0006658735801465809,0.002873747842386365,0.005234816111624241
3,5,1718,2021-12-11,47123,0.006244217,0.0063476418145000935,0.415,0.0003670457226689905,0.0054163518361747265,0.0065602827817201614
3,5,1719,2021-12-11,47125,0.0060057947,0.005905285011976957,0.55,0.001983888214454055,0.005159041378647089,0.01104450598359108
3,5,1724,2021-12-11,47139,0.011245921,0.011265154927968979,0.465,0.0003229104622732848,0.010351179167628288,0.011433571577072144
3,5,1725,2021-12-11,47149,0.009095059,0.010061689652502537,0.1,0.001570365042425692,0.008940589614212513,0.01358735654503107
3,5,1727,2021-12-11,47155,0.0046499083,0.004678608383983374,0.195,0.00012862097355537117,0.0046285586431622505,0.005172977223992348
3,5,1729,2021-12-11,47159,0.0056855986,0.006195574067533016,0.145,0.0017526890151202679,0.005426499061286449,0.010912797413766384
3,5,1733,2021-12-11,47189,0.008135149,0.008157439529895782,0.25,0.0007684034644626081,0.008110103197395802,0.010279115289449692
3,5,1741,2021-12-11,48179,0.0055769803,0.005612140521407127,0.13,6.975235010031611e-05,0.005559904035180807,0.0058148084208369255
3,5,1743,2021-12-11,48205,0.015096252,0.015080206096172333,0.88,2.4221739295171574e-05,0.015019292943179607,0.015100590884685516
3,5,1745,2021-12-11,48233,0.008534244,0.00855555385351181,0.085,4.4689415517495945e-05,0.008529364131391048,0.008682657033205032
3,5,1746,2021-12-11,48315,0.0023361682,0.0023148765321820974,0.83,2.084697007376235e-05,0.002291248645633459,0.0023853883612900972
3,5,1748,2021-12-11,48357,0.00841988,0.008438938297331333,0.025,3.557249510777183e-05,0.008418667130172253,0.008543014526367188
3,5,1757,2021-12-11,49003,0.007539502,0.007531685754656792,0.52,0.00010704172746045515,0.007233693730086088,0.007605195045471191
3,5,1760,2021-12-11,49023,0.0008925475,0.0010206454899162054,0.17,0.0003109516983386129,0.0008658915176056325,0.0018436390673741698
3,5,1773,2021-12-11,50015,0.01564693,0.014411525800824165,0.56,0.006396185606718063,0.010628114454448223,0.0314997136592865
3,5,1778,2021-12-11,50025,0.009915717,0.010281484574079514,0.145,0.003580080345273018,0.009740802459418774,0.022297034040093422
3,5,1783,2021-12-11,51197,0.007627451,0.007630789652466774,0.465,0.00010201732948189601,0.007605003193020821,0.007966509088873863
3,5,1792,2021-12-11,54093,0.020259375,0.021663054823875427,0.33,0.0013860416365787387,0.018812593072652817,0.022857941687107086
3,5,1793,2021-12-11,55001,0.029692085,0.022124335169792175,0.92,0.00302318437024951,0.020014949142932892,0.03111877292394638
3,5,1795,2021-12-11,55015,0.026274312,0.025338608771562576,0.61,0.003059740411117673,0.023130733519792557,0.0344710648059845
3,5,1797,2021-12-11,55019,0.030981513,0.03598964959383011,0.055,0.002255490515381098,0.03060414083302021,0.0387408621609211
3,5,1802,2021-12-11,55029,0.023659613,0.01989651843905449,0.885,0.001989693148061633,0.018648717552423477,0.026155870407819748
3,5,1811,2021-12-11,55055,0.010113257,0.01032009907066822,0.245,0.0005627401988022029,0.009890275076031685,0.012270272709429264
3,5,1829,2021-12-11,55101,0.012238656,0.01272953487932682,0.155,0.001695800805464387,0.012088846415281296,0.018037855625152588
3,5,1834,2021-12-11,55121,0.02264751,0.023477565497159958,0.335,0.0017199640860781074,0.01963748224079609,0.025315798819065094
3,5,1837,2021-12-11,55127,0.011385056,0.011191826313734055,0.55,0.002144677797332406,0.010263827629387379,0.01790725626051426
3,5,1838,2021-12-11,55131,0.01854844,0.018093131482601166,0.74,0.001184194697998464,0.015088658779859543,0.018890049308538437
3,5,1843,2021-12-11,56001,0.0047560716,0.004762410186231136,0.365,1.7453390682931058e-05,0.004716060124337673,0.004781225696206093
3,5,1845,2021-12-11,56007,0.0010621111,0.0010301114525645971,0.59,0.0001871040731202811,0.0009410965139977634,0.0015783538110554218
3,5,1846,2021-12-11,56009,0.014719053,0.014717673882842064,0.53,3.4390159271424636e-05,0.014708039350807667,0.014822044409811497
3,5,1854,2021-12-11,56041,0.0019602093,0.0018686435651034117,0.625,0.00022581445227842778,0.0017777731409296393,0.002566055627539754
3,5,1863,2022-06-08,01099,0.005624958,0.005357346497476101,0.865,0.00012644549133256078,0.00528686260804534,0.0056779352016747
3,5,1864,2022-06-08,01103,0.0019742858,0.002042782260105014,0.21,6.501540337922052e-05,0.0019438996678218246,0.002191385021433234
3,5,1865,2022-06-08,01129,0.00206101,0.0019402733305469155,0.855,6.451391527662054e-05,0.0018874795641750097,0.002084181411191821
3,5,1867,2022-06-08,05019,0.009031468,0.00902548898011446,0.84,4.368000645627035e-06,0.009018481709063053,0.009033376350998878
3,5,1868,2022-06-08,05041,0.0731415,0.07314083725214005,0.545,5.483641416503815e-06,0.07313214242458344,0.07315525412559509
3,5,1874,2022-06-08,06003,0.008698553,0.008877504616975784,0.235,0.0004221948329359293,0.008584271185100079,0.00985044613480568
3,5,1877,2022-06-08,06035,0.005659332,0.005808992777019739,0.4,0.0005444476846605539,0.005397570785135031,0.006944022141396999
3,5,1881,2022-06-08,06063,0.009501888,0.009691266342997551,0.335,0.0007008293177932501,0.00933750532567501,0.01140567660331726
3,5,1883,2022-06-08,06107,0.0011340526,0.0011337656760588288,0.79,3.149001202018553e-07,0.001133169513195753,0.0011343661462888122
3,5,1885,2022-06-08,08031,0.0027238824,0.0027312515303492546,0.025,1.2615380001079757e-05,0.0027232933789491653,0.0027628187090158463
3,5,1887,2022-06-08,08063,0.002741801,0.0026914989575743675,0.66,9.17955330805853e-05,0.0026467484422028065,0.0029585440643131733
3,5,1889,2022-06-08,08099,0.0021165428,0.0021582655608654022,0.355,0.0002175625559175387,0.0020234487019479275,0.002773848595097661
3,5,1893,2022-06-08,12019,0.0026811217,0.0024901803117245436,0.95,8.245011849794537e-05,0.00242527830414474,0.00269065098837018
3,5,1900,2022-06-08,13051,0.0021627524,0.0021888725459575653,0.285,3.235084659536369e-05,0.00212189182639122,0.0022423993796110153
3,5,1911,2022-06-08,17109,0.0041275835,0.003872386645525694,0.755,0.00029233330860733986,0.0037460257299244404,0.004815175198018551
3,5,1912,2022-06-08,17111,0.0009876175,0.0009902644669637084,0.31,1.3994589608046226e-05,0.0009788947645574808,0.001033185631968081
3,5,1916,2022-06-08,18013,0.0057298667,0.005724476650357246,0.565,1.3260239029477816e-05,0.005713197402656078,0.005754830781370401
3,5,1921,2022-06-08,18079,0.002037177,0.001968356780707836,0.8,4.73944928671699e-05,0.001915935892611742,0.002062893006950617
3,5,1924,2022-06-08,18139,0.0026121878,0.002481915522366762,0.71,0.00011401761730667204,0.0023672112729400396,0.002720294985920191
3,5,1927,2022-06-08,19039,0.0075283702,0.007736390456557274,0.095,0.00021386677690315992,0.0074764639139175415,0.008379371836781502
3,5,1930,2022-06-08,19155,0.003359169,0.0033759938087314367,0.39,6.636160833295435e-05,0.003272092202678323,0.003546164371073246
3,5,1940,2022-06-08,22033,0.0032496261,0.0032515255734324455,0.41,5.254079042060766e-06,0.0032418444752693176,0.0032658937852829695
3,5,1946,2022-06-08,24003,0.0022278824,0.002222096547484398,0.82,4.400690158945508e-06,0.002215212443843484,0.002231292426586151
3,5,1962,2022-06-08,28035,0.011791038,0.011787180788815022,0.91,2.5301362711616093e-06,0.011782525107264519,0.01179226953536272
3,5,1964,2022-06-08,28051,0.013403707,0.013429107144474983,0.115,1.5024467757029925e-05,0.013400859199464321,0.013446235097944736
3,5,1966,2022-06-08,28061,0.0013030366,0.00127676862757653,0.8,1.737017009872943e-05,0.0012601930648088455,0.001316550187766552
3,5,1971,2022-06-08,28121,0.0032231547,0.003217848017811775,0.92,4.207779511489207e-06,0.00321018323302269,0.003225293243303895
3,5,1978,2022-06-08,28163,0.002447149,0.0024444819428026676,1.0,1.101169004869007e-06,0.0024437576066702604,0.002447129925712943
3,5,1989,2022-06-08,29095,0.014825997,0.014828533865511417,0.43,1.2839438568335027e-05,0.014801910147070885,0.014843873679637909
3,5,1993,2022-06-08,29131,0.0081711225,0.008173340931534767,0.4,5.093972959002713e-06,0.00816213060170412,0.008177908137440681
3,5,1995,2022-06-08,29159,0.0042454866,0.004252731800079346,0.115,6.805496013839729e-06,0.004240724258124828,0.004269970115274191
3,5,1999,2022-06-08,29221,0.0045119193,0.004502521827816963,0.85,5.0799872042261995e-06,0.004500883165746927,0.004517422057688236
3,5,2004,2022-06-08,32001,0.0014280864,0.0014547770842909813,0.355,9.775944636203349e-05,0.0013981795636937022,0.0017186233308166265
3,5,2013,2022-06-08,32031,0.0030544545,0.003123893868178129,0.105,0.00011980805720668286,0.0030408892780542374,0.0034099998883903027
3,5,2017,2022-06-08,34015,0.0040654633,0.0035462183877825737,0.84,0.00025956545141525567,0.0033618744928389788,0.004155188798904419
3,5,2018,2022-06-08,34025,0.005708842,0.005177194718271494,0.67,0.0006437008851207793,0.004590435419231653,0.006505648139864206
3,5,2029,2022-06-08,35059,0.0030049786,0.003071100916713476,0.265,0.00016906147357076406,0.002949062269181013,0.003489831695333123
3,5,2035,2022-06-08,37053,0.0027310192,0.002529490040615201,0.905,9.469262295169756e-05,0.002448578830808401,0.002758369315415621
3,5,2037,2022-06-08,37085,0.002210992,0.0021421238780021667,0.87,3.862000448862091e-05,0.0021007731556892395,0.002216323511675
3,5,2041,2022-06-08,37131,0.00562079,0.005601757206022739,0.81,1.0140970516658854e-05,0.005594365298748016,0.005624130368232727
3,5,2045,2022-06-08,37151,0.0010697071,0.001076053362339735,0.24,1.3848013622919098e-05,0.0010639058891683817,0.0011072616325691342
3,5,2056,2022-06-08,39027,0.0073850504,0.0073431748896837234,0.995,1.9463301214273088e-05,0.007320072501897812,0.0073854667134583
3,5,2057,2022-06-08,39029,0.00404486,0.004049584269523621,0.16,1.3530098840419669e-05,0.004042282234877348,0.004086827393621206
3,5,2059,2022-06-08,39041,0.0014223107,0.0014196960255503654,0.54,3.0377581424545497e-05,0.0013688589679077268,0.0014866453129798174
3,5,2062,2022-06-08,39057,0.0047146673,0.0046852752566337585,0.775,2.584263165772427e-05,0.004653157200664282,0.004740346223115921
3,5,2073,2022-06-08,39113,0.003193907,0.003204687498509884,0.4,3.155691592837684e-05,0.003169702598825097,0.003274005837738514
3,5,2078,2022-06-08,39145,0.0055849114,0.005590818822383881,0.34,2.0047693396918476e-05,0.005576432216912508,0.005642302334308624
3,5,2082,2022-06-08,39167,0.0028441665,0.0028431969694793224,0.545,1.4540123629558366e-05,0.0028233996126800776,0.0028781837318092585
3,5,2087,2022-06-08,40051,0.017433012,0.017441514879465103,0.065,1.0295657375536393e-05,0.01743154041469097,0.017465075477957726
3,5,2103,2022-06-08,40143,0.0025450715,0.00254229549318552,0.53,9.885308099910617e-05,0.002458377508446574,0.0028453480917960405
3,5,2104,2022-06-08,40149,0.018071199,0.01807953044772148,0.04,1.2948914445587434e-05,0.01807052083313465,0.018115244805812836
3,5,2108,2022-06-08,42059,0.005390836,0.005395175889134407,0.41,2.8445483621908352e-05,0.005373379215598106,0.0054664285853505135
3,5,2114,2022-06-08,45073,0.0011021874,0.0011202881578356028,0.085,2.6309204258723184e-05,0.001096084015443921,0.0011742584174498916
3,5,2122,2022-06-08,46031,0.0021257026,0.002171301282942295,0.115,0.00016818440053611994,0.002104728249832988,0.002722633769735694
3,5,2125,2022-06-08,46037,0.0019503405,0.0019402643665671349,0.605,2.922776184277609e-05,0.0019253181526437402,0.0020276238210499287
3,5,2129,2022-06-08,46055,0.16157769,0.16158312559127808,0.345,2.2871825422043912e-05,0.16154050827026367,0.16163526475429535
3,5,2134,2022-06-08,46071,0.094254665,0.09424981474876404,0.565,4.340469604358077e-05,0.0941203162074089,0.0942796915769577
3,5,2150,2022-06-08,46129,0.0017485503,0.0017648146022111177,0.28,6.694906915072352e-05,0.0017365814419463277,0.0019453070126473904
3,5,2156,2022-06-08,48075,0.0031690162,0.0031638983637094498,0.7,1.5167568562901579e-05,0.0031497671734541655,0.0032138533424586058
3,5,2158,2022-06-08,48101,0.011006674,0.01101507805287838,0.06,1.6113233868964016e-05,0.011005518026649952,0.011057703755795956
3,5,2165,2022-06-08,48179,0.0045812926,0.004582217428833246,0.485,3.025415207957849e-05,0.004562366288155317,0.004677678924053907
3,5,2167,2022-06-08,48191,0.007021245,0.007032142952084541,0.06,2.7176536605111323e-05,0.007020201999694109,0.007110326550900936
3,5,2169,2022-06-08,48205,0.002262407,0.0022541212383657694,0.685,1.9368811990716495e-05,0.0022406254429370165,0.0023172730579972267
3,5,2171,2022-06-08,48233,0.0041694213,0.004172724671661854,0.285,2.6430430807522498e-05,0.00416616490110755,0.0042607951909303665
3,5,2178,2022-06-08,48357,0.0036746385,0.0036823363043367863,0.305,5.848194268764928e-05,0.0036627319641411304,0.0038648585323244333
3,5,2186,2022-06-08,48487,0.0022833857,0.002288792049512267,0.2,6.648144335485995e-06,0.0022769919596612453,0.0023059227969497442
3,5,2193,2022-06-08,51049,0.0045048352,0.00439007394015789,0.77,7.444424409186468e-05,0.004329459276050329,0.004545775707811117
3,5,2195,2022-06-08,51061,0.0018549823,0.0018592062406241894,0.175,4.419149263412692e-06,0.001850732951425016,0.0018688197014853358
3,5,2198,2022-06-08,51075,0.0029801044,0.002993240486830473,0.465,0.00013140747614670545,0.002863888395950198,0.003270313609391451
3,5,2212,2022-06-08,51179,0.0038079862,0.0038090357556939125,0.38,2.033788859989727e-06,0.003804124193266034,0.003810425754636526
3,5,2214,2022-06-08,51810,0.0040508537,0.003737630555406213,0.68,0.00032591127092018723,0.0034439233131706715,0.004441598430275917
3,5,2215,2022-06-08,54025,0.0019443188,0.0020203315652906895,0.34,0.00022345359320752323,0.0018621995113790035,0.0025463346391916275
3,5,2219,2022-06-08,54039,0.0026535725,0.0025697853416204453,0.82,8.621165761724114e-05,0.002422062214463949,0.0026864793617278337
3,5,2224,2022-06-08,54057,0.0027458952,0.002853961894288659,0.37,0.00036088612978346646,0.002600341569632292,0.0036933021619915962
3,5,2225,2022-06-08,54061,0.0031722197,0.0031917421147227287,0.19,6.442112498916686e-05,0.003163486486300826,0.0033759791404008865
3,5,2234,2022-06-08,55055,0.01574057,0.01569109782576561,0.805,4.377157529233955e-05,0.015582963824272156,0.01576409302651882
3,5,2244,2024-02-27,01103,0.0012596794,0.0012506500352174044,0.54,0.00011964514123974368,0.0011834237957373261,0.0015841760905459523
3,5,2247,2024-02-27,04017,0.0051433034,0.005252258852124214,0.32,0.00037454598350450397,0.0050565158016979694,0.006253079976886511
3,5,2248,2024-02-27,06003,0.03573263,0.035561226308345795,0.545,0.003206265391781926,0.03455882892012596,0.04604855924844742
3,5,2254,2024-02-27,06033,0.0095059145,0.014572011306881905,0.025,0.01108445692807436,0.009181147441267967,0.04293683543801308
3,5,2255,2024-02-27,06035,0.016902253,0.015675805509090424,0.57,0.00684655224904418,0.012012061662971973,0.03384045884013176
3,5,2256,2024-02-27,06037,0.0028858592,0.0041780974715948105,0.01,0.003424383234232664,0.0028332106303423643,0.013964205048978329
3,5,2262,2024-02-27,06063,0.078975305,0.07926333695650101,0.475,0.0038138714153319597,0.06833762675523758,0.08098607510328293
3,5,2265,2024-02-27,06073,0.0029520516,0.0037740611005574465,0.015,0.0032666015904396772,0.00290765636600554,0.014259534887969494
3,5,2287,2024-02-27,08103,0.0056960876,0.005726533010601997,0.495,0.0020359321497380733,0.00472809374332428,0.010942892171442509
3,5,2301,2024-02-27,13189,0.0012090204,0.001106559531763196,0.805,7.525634282501414e-05,0.0010595079511404037,0.0013238461688160896
3,5,2302,2024-02-27,13217,0.0015310376,0.0015590895200148225,0.28,0.00010999694495694712,0.0014883733820170164,0.001917974092066288
3,5,2304,2024-02-27,13221,0.011121936,0.011210307478904724,0.135,5.009931555832736e-05,0.011062536388635635,0.01123910304158926
3,5,2306,2024-02-27,13233,0.0077803275,0.007818492129445076,0.25,5.468981180456467e-05,0.007645248901098967,0.007855885662138462
3,5,2309,2024-02-27,16001,0.0023156127,0.002616348909214139,0.115,0.000974085764028132,0.0022162524983286858,0.005501169245690107
3,5,2319,2024-02-27,16075,0.0025226746,0.002902274951338768,0.085,0.0009366883896291256,0.0024628969840705395,0.005518847145140171
3,5,2338,2024-02-27,17185,0.0032371313,0.0033002044074237347,0.37,0.0004021304484922439,0.003063115756958723,0.004442114382982254
3,5,2346,2024-02-27,18065,0.0033382005,0.0034003467299044132,0.345,0.00027315111947245896,0.0032235966064035892,0.004289853852242231
3,5,2349,2024-02-27,18089,0.0034367417,0.003613536711782217,0.195,0.00045901109115220606,0.003306352300569415,0.005206632427871227
3,5,2351,2024-02-27,18109,0.0030771487,0.0030110818333923817,0.665,0.0002706713567022234,0.002862781286239624,0.0038385852240025997
3,5,2354,2024-02-27,18139,0.0032644484,0.0032437907066196203,0.525,0.000357541925041005,0.003050608793273568,0.004389164038002491
3,5,2355,2024-02-27,18145,0.0028121315,0.0028557516634464264,0.395,0.0002588682109490037,0.002699094358831644,0.003687637858092785
3,5,2357,2024-02-27,21007,0.0027249383,0.002728033810853958,0.47,6.256475171539932e-05,0.002688546432182193,0.0029081618413329124
3,5,2360,2024-02-27,21019,0.0038605898,0.0040198122151196,0.265,0.0005487530725076795,0.0037609925493597984,0.005425701849162579
3,5,2365,2024-02-27,21047,0.0022570726,0.0022793994285166264,0.2,7.917075708974153e-05,0.00224624783731997,0.002522723050788045
3,5,2369,2024-02-27,21067,0.0035299647,0.00398748554289341,0.01,0.0006379039841704071,0.0035134057980030775,0.005611354485154152
3,5,2373,2024-02-27,21085,0.0020854694,0.0021635759621858597,0.36,0.00030943466117605567,0.001987420953810215,0.00295743509195745
3,5,2379,2024-02-27,21107,0.0029878523,0.002601665910333395,0.905,0.00017657449643593282,0.002502734772861004,0.003159072482958436
3,5,2393,2024-02-27,21239,0.004351504,0.004206114448606968,0.97,0.0001401679910486564,0.003953668754547834,0.004362443462014198
3,5,2398,2024-02-27,25009,0.006247848,0.005937826819717884,0.685,0.0009959624148905277,0.0056194132193923,0.009581062011420727
3,5,2404,2024-02-27,25025,0.0041518817,0.004676985554397106,0.01,0.0011844992404803634,0.00414461363106966,0.008025046437978745
3,5,2413,2024-02-27,29035,0.0013585773,0.001326519763097167,0.735,2.9109587558195926e-05,0.0013204358983784914,0.0014211911475285888
3,5,2417,2024-02-27,29201,0.0022045372,0.0022050263360142708,0.495,6.618805491598323e-05,0.0021697143092751503,0.0023870659060776234
3,5,2420,2024-02-27,30001,0.0116522545,0.01165221817791462,0.51,2.569929847595631e-06,0.01164977252483368,0.011658170260488987
3,5,2428,2024-02-27,30043,0.0027985785,0.0027926191687583923,0.765,9.280608537665103e-06,0.002773126121610403,0.002805659780278802
3,5,2431,2024-02-27,30049,0.0009653312,0.0009223335655406117,0.765,6.848323391750455e-05,0.0007995048654265702,0.0010248769540339708
3,5,2433,2024-02-27,30063,0.0011204276,0.0011151637881994247,0.705,9.18348814593628e-06,0.0010957642225548625,0.0011295711155980825
3,5,2434,2024-02-27,30067,0.0021535095,0.002154066227376461,0.12,3.0738931400264846e-06,0.0021533311810344458,0.00216364162042737
3,5,2436,2024-02-27,30081,0.0119562335,0.01195627823472023,0.46,8.021087296583573e-07,0.011955752037465572,0.011959015391767025
3,5,2440,2024-02-27,32001,0.003599757,0.004026850685477257,0.325,0.002037237398326397,0.003269631415605545,0.00962078757584095
3,5,2452,2024-02-27,32031,0.013202828,0.013753827661275864,0.11,0.0022548995912075043,0.013093681074678898,0.020611515268683434
3,5,2454,2024-02-27,34017,0.0030914187,0.0035781017504632473,0.005,0.0015860844869166613,0.0030890554189682007,0.008458775468170643
3,5,2459,2024-02-27,35009,0.0019210271,0.0018971539102494717,0.78,1.9848068404826336e-05,0.001883828081190586,0.001954606967046857
3,5,2462,2024-02-27,35019,0.004309902,0.0043205562978982925,0.28,2.1318226572475396e-05,0.004302037879824638,0.004368378780782223
3,5,2463,2024-02-27,35025,0.0010700225,0.0010903867660090327,0.04,4.4867007090942934e-05,0.0010652013588696718,0.0012244319077581167
3,5,2469,2024-02-27,35041,0.001878684,0.00187649205327034,0.525,3.6462628486333415e-05,0.0018510969821363688,0.001968943513929844
3,5,2476,2024-02-27,35059,0.003267483,0.0033060521818697453,0.285,0.00012648911797441542,0.0032409545965492725,0.0036247819662094116
3,5,2485,2024-02-27,36033,0.017265087,0.012551000341773033,0.99,0.0016881624469533563,0.011687511578202248,0.017313245683908463
3,5,2487,2024-02-27,36039,0.008793452,0.009298412129282951,0.365,0.0007916881004348397,0.007439435459673405,0.01004530768841505
3,5,2489,2024-02-27,36043,0.024840457,0.02962833270430565,0.0,0.001617343514226377,0.024913733825087547,0.030889146029949188
3,5,2501,2024-02-27,36091,0.024792975,0.025594254955649376,0.25,0.0015208239201456308,0.019958417862653732,0.026165738701820374
3,5,2502,2024-02-27,36093,0.010759439,0.010978193953633308,0.39,0.0008746373932808638,0.008159320801496506,0.011465546675026417
3,5,2503,2024-02-27,36095,0.009032829,0.009957337751984596,0.195,0.00063384382519871,0.008518986403942108,0.010533669963479042
3,5,2511,2024-02-27,37189,0.0038859367,0.0037753174547106028,0.68,0.00045889272587373853,0.003385796444490552,0.005231908056885004
3,5,2515,2024-02-27,39049,0.0038926543,0.004326845519244671,0.13,0.0008946332382038236,0.0037168145645409822,0.007058033719658852
3,5,2516,2024-02-27,39057,0.0031726398,0.003266385290771723,0.265,0.0003807236207649112,0.0030725370161235332,0.004375881515443325
3,5,2522,2024-02-27,39113,0.0029015802,0.002979001495987177,0.145,0.0002049286267720163,0.00287833483889699,0.0035946376156061888
3,5,2540,2024-02-27,42059,0.018045425,0.01798541471362114,0.655,0.00017735631263349205,0.017581459134817123,0.01815173588693142
3,5,2550,2024-02-27,45071,0.0012762231,0.0011213531251996756,0.915,6.97157156537287e-05,0.001082905218936503,0.0013838533777743578
3,5,2552,2024-02-27,45081,0.0027592047,0.0027242470532655716,0.825,3.483263571979478e-05,0.0027013097424060106,0.002829990815371275
3,5,2554,2024-02-27,45087,0.0025281284,0.0024778726510703564,0.725,7.32490952941589e-05,0.0024503644090145826,0.0026965702418237925
3,5,2561,2024-02-27,47033,0.0022090618,0.002252323552966118,0.09,0.00011758336040657014,0.0022005843929946423,0.0025875745341181755
3,5,2564,2024-02-27,47123,0.0019509442,0.0019048149697482586,0.58,0.00021241942886263132,0.0018202108331024647,0.002562534064054489
3,5,2566,2024-02-27,47155,0.0044965944,0.004497087094932795,0.47,1.8383538190391846e-05,0.004488748498260975,0.0045593855902552605
3,5,2580,2024-02-27,48179,0.0081001595,0.008085532113909721,0.88,3.770321200136095e-05,0.007981639355421066,0.008104861713945866
3,5,2582,2024-02-27,48191,0.0012984946,0.0013147579738870263,0.1,4.6018398279557005e-05,0.001295421039685607,0.0014580227434635162
3,5,2584,2024-02-27,48205,0.0032524462,0.0033259675838053226,0.135,0.000109184104076121,0.0032391129061579704,0.003592132590711117
3,5,2587,2024-02-27,48233,0.067140006,0.06710734218358994,0.93,6.480346200987697e-05,0.06692895293235779,0.06714365631341934
3,5,2601,2024-02-27,49003,0.0030871609,0.003072105348110199,0.51,0.000991753418929875,0.002535145031288266,0.00584433926269412
3,5,2608,2024-02-27,49023,0.010202081,0.010696942918002605,0.13,0.0012895041145384312,0.010074939578771591,0.01425310131162405
3,5,2610,2024-02-27,49029,0.012620843,0.013038135133683681,0.235,0.0013136970810592175,0.012250934727489948,0.01651187427341938
3,5,2612,2024-02-27,49033,0.009135653,0.009835083968937397,0.21,0.0014410591684281826,0.008711447939276695,0.013541440479457378
3,5,2619,2024-02-27,49047,0.010168751,0.010357337072491646,0.37,0.001034842454828322,0.009916209615767002,0.013405844569206238
3,5,2631,2024-02-27,50015,0.01764315,0.016689179465174675,0.61,0.003267009509727359,0.014635480009019375,0.025716576725244522
3,5,2636,2024-02-27,50025,0.07295646,0.07422003149986267,0.37,0.0033110615331679583,0.0643935278058052,0.07640669494867325
3,5,2640,2024-02-27,51161,0.0035840326,0.003566533327102661,0.69,8.91574309207499e-05,0.003308180021122098,0.0036249873228371143
3,5,2644,2024-02-27,54039,0.004297252,0.00446389289572835,0.39,0.0010005256626755,0.003988347016274929,0.007273671682924032
3,5,2647,2024-02-27,54061,0.003278971,0.003424662398174405,0.38,0.0010530294384807348,0.002988566877320409,0.006535509135574102
3,5,2649,2024-02-27,54083,0.007286276,0.006492103450000286,0.605,0.0019314134260639548,0.005307702347636223,0.011201671324670315
3,5,2651,2024-02-27,54093,0.008733122,0.007600793614983559,0.72,0.001269232714548707,0.006895148195326328,0.011587589047849178
3,5,2653,2024-02-27,56001,0.0007498925,0.0007502377266064286,0.49,1.3164528354536742e-05,0.0007200757972896099,0.0007819072343409061
3,5,2654,2024-02-27,56007,0.0016857916,0.0015833914512768388,0.625,0.00024931636289693415,0.0014264172641560435,0.0023414690513163805
3,5,2655,2024-02-27,56009,0.0023628718,0.0023625409230589867,0.515,1.1440539310569875e-05,0.0023411556612700224,0.0023824297823011875
3,5,2659,2024-02-27,56041,0.0022919409,0.0021020499989390373,0.61,0.00034760692506097257,0.001885410863906145,0.003054239321500063
