seed,fold,unit,event,fips,rmse_own,rmse_donor_median,percentile,donor_sd,rmse_donor_min,rmse_donor_max
1,1,1,2019-03-13,01009,0.019280894,0.019280239939689636,0.83,1.0364435638621217e-06,0.019275544211268425,0.019281083717942238
1,1,8,2019-03-13,01055,0.0077731246,0.007772551849484444,0.885,8.763684036239283e-07,0.007768307346850634,0.007773198653012514
1,1,9,2019-03-13,01065,0.0016618499,0.0016614306950941682,0.89,2.531768643621035e-07,0.00166117656044662,0.0016626085853204131
1,1,17,2019-03-13,01127,0.008486818,0.008486373350024223,0.545,3.670865680760471e-06,0.008467838168144226,0.008488837629556656
1,1,19,2019-03-13,05027,0.011341764,0.01131388545036316,0.98,1.1021364116459154e-05,0.011294487863779068,0.011345019564032555
1,1,23,2019-03-13,08009,0.016619356,0.012116989120841026,0.865,0.003419926157221198,0.009530025534331799,0.024551846086978912
1,1,31,2019-03-13,08101,0.007921326,0.00792035460472107,0.615,2.381611693635932e-06,0.007919668219983578,0.0079314224421978
1,1,45,2019-03-13,17127,0.01220298,0.012124745175242424,0.67,0.00022278909455053508,0.011963613331317902,0.013390278443694115
1,1,47,2019-03-13,17151,0.02810311,0.027816355228424072,0.885,0.0002455535577610135,0.027702726423740387,0.029235715046525
1,1,54,2019-03-13,17193,0.009709301,0.009703725576400757,0.52,0.00020501637482084334,0.00957738608121872,0.01072273962199688
1,1,55,2019-03-13,17199,0.008010732,0.007944636046886444,0.72,0.00029325243667699397,0.007847392931580544,0.009350573644042015
1,1,59,2019-03-13,18051,0.009364333,0.009469356387853622,0.28,0.000300062180031091,0.009223618544638157,0.010825762525200844
1,1,66,2019-03-13,18097,0.0075832163,0.008170339278876781,0.045,0.0008432294707745314,0.007552357856184244,0.011919590644538403
1,1,73,2019-03-13,18143,0.005187529,0.0043494319543242455,0.98,0.000203443065402098,0.004232400096952915,0.005412882659584284
1,1,74,2019-03-13,18147,0.010306081,0.01026439480483532,0.735,7.714521052548662e-05,0.010185320861637592,0.010636621154844761
1,1,81,2019-03-13,20051,0.008182478,0.00794353149831295,0.65,0.0009719004738144577,0.007230705115944147,0.013350567780435085
1,1,83,2019-03-13,20065,0.010556708,0.010072476230561733,0.765,0.0005100704147480428,0.00967962946742773,0.012282690033316612
1,1,91,2019-03-13,20181,0.01486153,0.014421951957046986,0.85,0.00046960293548181653,0.013958628289401531,0.016199709847569466
1,1,93,2019-03-13,20199,0.012973514,0.012373056262731552,0.85,0.0006998298922553658,0.011742890812456608,0.015148072503507137
1,1,95,2019-03-13,21015,0.004468573,0.004472706466913223,0.48,6.307916191872209e-05,0.0043968153186142445,0.004751575645059347
1,1,105,2019-03-13,21073,0.003315441,0.003180703381076455,0.645,0.00026231029187329113,0.0028362993616610765,0.004155877511948347
1,1,107,2019-03-13,21081,0.004316626,0.004150522872805595,0.79,0.00022064919176045805,0.0038263218011707067,0.004884549416601658
1,1,108,2019-03-13,21083,0.009958045,0.0100626889616251,0.0,0.00010967326670652255,0.009958661161363125,0.010569429956376553
1,1,109,2019-03-13,21091,0.009606467,0.009577568620443344,0.97,1.2156864613643847e-05,0.00956950057297945,0.009622042067348957
1,1,118,2019-03-13,21157,0.009448282,0.009412148967385292,0.62,0.0001415254664607346,0.009261010214686394,0.009973556734621525
1,1,126,2019-03-13,21223,0.0044537387,0.004488872364163399,0.095,0.00011529566836543381,0.004447301384061575,0.005226850043982267
1,1,134,2019-03-13,24025,0.000810253,0.0008098210673779249,0.57,2.010106754823937e-06,0.0008074521902017295,0.0008143594604916871
1,1,135,2019-03-13,26027,0.018995855,0.019014466553926468,0.33,6.454152025980875e-05,0.018728449940681458,0.019049420952796936
1,1,137,2019-03-13,26093,0.005281289,0.0057420795783400536,0.135,0.0007047167746350169,0.005138714797794819,0.008645637892186642
1,1,147,2019-03-13,28087,0.0010178041,0.0010175970382988453,0.545,1.551211425976362e-06,0.001016416004858911,0.0010237405076622963
1,1,153,2019-03-13,29133,0.013396816,0.013621427118778229,0.09,0.0003924037446267903,0.01336456649005413,0.015557438135147095
1,1,160,2019-03-13,32023,0.0001704152,0.00016993843019008636,0.97,2.22728871790423e-07,0.0001695870014373213,0.00017042939725797623
1,1,162,2019-03-13,34027,0.00080807734,0.0008062301203608513,0.57,5.2311320359876845e-06,0.0007963909883983433,0.0008143832674250007
1,1,165,2019-03-13,35015,0.006224373,0.005989076569676399,0.59,0.0006123052444308996,0.004536076914519072,0.0070310793817043304
1,1,171,2019-03-13,39015,0.006433375,0.006458158139139414,0.235,2.517013308533933e-05,0.0063799540512263775,0.006518191192299128
1,1,182,2019-03-13,39075,0.0043980316,0.004360162653028965,0.63,0.00016549679276067764,0.004144622012972832,0.004966466221958399
1,1,184,2019-03-13,39089,0.003080299,0.00307636521756649,0.505,0.0001784765481716022,0.0028153667226433754,0.003692437894642353
1,1,190,2019-03-13,39151,0.0057669873,0.005987942218780518,0.01,0.00013449140533339232,0.005761262495070696,0.0063870251178741455
1,1,191,2019-03-13,39157,0.0041602044,0.0042616031132638454,0.37,0.000316001009196043,0.0038227897603064775,0.0051945894956588745
1,1,193,2019-03-13,40009,0.0076753553,0.011083717457950115,0.0,0.004255334381014109,0.007783025968819857,0.028392363339662552
1,1,194,2019-03-13,40011,0.013953069,0.013261070474982262,0.555,0.005114474333822727,0.01019064150750637,0.03726688772439957
1,1,201,2019-03-13,40043,0.012169857,0.018819961696863174,0.08,0.0070036049000918865,0.011234342120587826,0.04416833445429802
1,1,211,2019-03-13,40103,0.0271117,0.0270170159637928,0.625,0.00043300222023390234,0.026879170909523964,0.03014020062983036
1,1,215,2019-03-13,40139,0.027559955,0.022439755499362946,0.82,0.005494564771652222,0.014342978596687317,0.04167773202061653
1,1,221,2019-03-13,47117,0.0015077143,0.001479375408962369,0.715,5.862014222657308e-05,0.0014480588724836707,0.0018099186709150672
1,1,222,2019-03-13,47157,0.010307164,0.01061482634395361,0.125,0.0004204981669317931,0.010195550508797169,0.01246487908065319
1,1,230,2019-03-13,48049,0.009448755,0.009433021768927574,0.99,1.4422094864130486e-05,0.009382805787026882,0.009448818862438202
1,1,231,2019-03-13,48065,0.019813303,0.020769458264112473,0.085,0.0007372791296802461,0.01972518302500248,0.022424405440688133
1,1,234,2019-03-13,48079,0.007960243,0.007847944274544716,0.745,0.00014872910105623305,0.00769346859306097,0.008536707609891891
1,1,237,2019-03-13,48087,0.008308505,0.00873122364282608,0.415,0.002873931545764208,0.006268738768994808,0.022208046168088913
1,1,241,2019-03-13,48109,0.02318279,0.023170968517661095,0.735,2.9616912797791883e-05,0.023082643747329712,0.023231301456689835
1,1,245,2019-03-13,48117,0.018241616,0.018179140985012054,0.54,0.0005582464509643614,0.017096776515245438,0.01945105940103531
1,1,246,2019-03-13,48121,0.00426668,0.004286696668714285,0.235,2.8136999389971606e-05,0.004254083149135113,0.004412165377289057
1,1,249,2019-03-13,48135,0.009149732,0.009056052193045616,0.97,0.00022061374329496175,0.008202423341572285,0.009171881712973118
1,1,256,2019-03-13,48173,0.007169523,0.007165135815739632,0.525,4.9996426241705194e-05,0.0069946707226336,0.00721062533557415
1,1,262,2019-03-13,48195,0.07854838,0.08107390999794006,0.2,0.00242998288013041,0.07495240867137909,0.0852646455168724
1,1,282,2019-03-13,48303,0.010638283,0.010394742712378502,0.565,0.001149325747974217,0.008793254382908344,0.01417203713208437
1,1,294,2019-03-13,48363,0.002630382,0.002675463445484638,0.075,6.961038889130577e-05,0.002621789462864399,0.0030279201455414295
1,1,296,2019-03-13,48369,0.013645684,0.013572532683610916,0.58,0.0003132510173600167,0.013076274655759335,0.01430524792522192
1,1,297,2019-03-13,48371,0.0059494106,0.005932424683123827,0.86,1.8251410438097082e-05,0.005884733982384205,0.005959132686257362
1,1,301,2019-03-13,48383,0.005198383,0.0053588757291436195,0.09,0.00015065680781845003,0.005132133606821299,0.005700364243239164
1,1,315,2019-03-13,48459,0.018282505,0.018279653042554855,0.735,4.15291697208886e-06,0.018274176865816116,0.018293170258402824
1,1,317,2019-03-13,48475,0.011388483,0.01129959151148796,0.93,0.0001432645512977615,0.010666989721357822,0.01140184048563242
1,1,320,2019-03-13,48501,0.0040383795,0.0038922028616070747,0.62,0.000429672421887517,0.0034345206804573536,0.005222211591899395
1,1,321,2021-03-26,01009,0.0048840037,0.004883721005171537,0.655,6.909531862220319e-07,0.004883071407675743,0.004886321723461151
1,1,322,2021-03-26,01013,0.013097418,0.013097397051751614,0.93,1.2077426170264971e-08,0.01309738215059042,0.013097423128783703
1,1,324,2021-03-26,01023,0.0045168228,0.004517333582043648,0.335,1.036722323988215e-06,0.004516582004725933,0.004519382491707802
1,1,328,2021-03-26,01035,0.0019436701,0.0019436234142631292,0.95,3.2660363302738915e-08,0.0019435511203482747,0.001943688839673996
1,1,332,2021-03-26,01045,0.0010159642,0.0010151993483304977,0.73,6.500799258901679e-07,0.0010141449747607112,0.0010164608247578144
1,1,346,2021-03-26,05001,0.011026702,0.011026628315448761,0.6,1.5274481768301484e-07,0.011026308871805668,0.01102691050618887
1,1,352,2021-03-26,05069,0.011663797,0.011663805693387985,0.285,1.1488157980465985e-08,0.01166378241032362,0.011663831770420074
1,1,360,2021-03-26,08015,0.0002306776,0.00023161608260124922,0.335,1.8816378997144056e-06,0.00022869283566251397,0.00023529522877652198
1,1,366,2021-03-26,08101,0.0009709708,0.0009694896289147437,0.72,1.4595024140362511e-06,0.0009682943345978856,0.0009735847706906497
1,1,367,2021-03-26,08105,0.00021160553,0.00020473386393859982,0.795,8.377865924558137e-06,0.00019475050794426352,0.00023024891561362892
1,1,372,2021-03-26,13033,0.00089101854,0.0008887340081855655,0.71,2.9605093914142344e-06,0.0008841822855174541,0.0008969904156401753
1,1,380,2021-03-26,13147,0.0026336315,0.002633027732372284,0.79,1.1019521934940713e-06,0.0026315783616155386,0.0026372966822236776
1,1,384,2021-03-26,13205,0.0023321914,0.002333393320441246,0.195,9.503116302767012e-07,0.002331322757527232,0.0023347705136984587
1,1,392,2021-03-26,13313,0.006300244,0.006300259381532669,0.355,2.011761779385779e-07,0.006300211884081364,0.0063013904727995396
1,1,401,2021-03-26,16023,0.025430167,0.02540898695588112,0.615,0.00014497320808004588,0.025017209351062775,0.025603152811527252
1,1,402,2021-03-26,16029,0.009903492,0.009898263961076736,0.535,6.240370566956699e-05,0.009763067588210106,0.010032836347818375
1,1,403,2021-03-26,16031,0.0008755582,0.0009063389734365046,0.38,9.12820833036676e-05,0.0008147699991241097,0.0011861847015097737
1,1,406,2021-03-26,16039,0.0414366,0.04143089801073074,0.515,9.455554391024634e-05,0.04118383675813675,0.04157562181353569
1,1,410,2021-03-26,16049,0.042321846,0.04240979999303818,0.39,0.00024227984249591827,0.042228054255247116,0.04309694096446037
1,1,416,2021-03-26,16065,0.010579696,0.007294946815818548,0.985,0.0008908510208129883,0.006741299293935299,0.011457785032689571
1,1,419,2021-03-26,16071,0.00093422824,0.0009535761782899499,0.3,6.168925756355748e-05,0.0008846697164699435,0.0011223523179069161
1,1,437,2021-03-26,17127,0.0055207866,0.005521042738109827,0.16,3.0118391691758006e-07,0.005520763341337442,0.005521602462977171
1,1,438,2021-03-26,17151,0.0018302219,0.0018311268649995327,0.32,1.2488619631767506e-06,0.001829953514970839,0.0018334503984078765
1,1,443,2021-03-26,17193,0.0022642142,0.0022643497213721275,0.385,5.656553980770695e-07,0.0022638721857219934,0.0022665124852210283
1,1,444,2021-03-26,17199,0.0016432528,0.0016436115838587284,0.14,4.7266675551327353e-07,0.001643181312829256,0.0016445975052192807
1,1,453,2021-03-26,18051,0.0017895426,0.0017903309781104326,0.27,2.093791863444494e-06,0.001788349007256329,0.0017977081006392837
1,1,455,2021-03-26,18059,0.0024618069,0.002463826909661293,0.38,1.3062198377156164e-05,0.0024518566206097603,0.002510595368221402
1,1,457,2021-03-26,18077,0.0021450876,0.0021408097818493843,0.995,1.324389927503944e-06,0.002138978336006403,0.002145314821973443
1,1,459,2021-03-26,18095,0.0026311427,0.0026125817093998194,0.91,9.868695997283794e-06,0.0025994000025093555,0.002635146491229534
1,1,460,2021-03-26,18097,0.0022630014,0.0022713488433510065,0.11,1.0763525096990634e-05,0.002261108485981822,0.002309877658262849
1,1,468,2021-03-26,18147,0.0024677631,0.002467872342094779,0.22,2.242046406308873e-07,0.0024677019100636244,0.00246857525780797
1,1,473,2021-03-26,18177,0.0040189344,0.004020597320050001,0.425,1.9141998564009555e-05,0.004004727117717266,0.004116087686270475
1,1,479,2021-03-26,20065,0.0012948546,0.0012945588678121567,0.565,1.9148287719872314e-06,0.0012905090115964413,0.0012977664591744542
1,1,489,2021-03-26,20171,0.00036387396,0.0003643853706307709,0.47,1.5426894606207497e-05,0.00035423028748482466,0.0004046043904963881
1,1,491,2021-03-26,20181,0.00049829436,0.0005008012522011995,0.25,4.0491222534910776e-06,0.0004967617569491267,0.0005100452108308673
1,1,494,2021-03-26,20199,0.0007699534,0.0007712760707363486,0.32,2.1330718027456896e-06,0.0007688492187298834,0.0007758464198559523
1,1,495,2021-03-26,20203,0.00029914922,0.00029779504984617233,0.53,1.062421597453067e-05,0.00028837434365414083,0.00032577067031525075
1,1,504,2021-03-26,21083,0.0020506277,0.002050569048151374,0.59,1.818902859440641e-07,0.0020504200365394354,0.0020510719623416662
1,1,510,2021-03-26,21123,0.0019856791,0.0019853864796459675,0.695,6.774771463824436e-07,0.0019842812325805426,0.0019873555283993483
1,1,515,2021-03-26,21157,0.00292533,0.0029253773391246796,0.075,5.8015356074747615e-08,0.00292532448656857,0.0029255140107125044
1,1,524,2021-03-26,22031,0.0033228144,0.0033227382227778435,0.88,4.905772499341765e-08,0.0033226695377379656,0.0033228881657123566
1,1,531,2021-03-26,24021,0.0021137034,0.002113756025210023,0.48,8.302832270601357e-07,0.002112371614202857,0.002115730196237564
1,1,533,2021-03-26,24025,0.0015702475,0.001569124637171626,0.68,2.205108103225939e-06,0.0015622953651472926,0.0015727848513051867
1,1,536,2021-03-26,24031,0.0010363816,0.001037434209138155,0.085,9.299634484705166e-07,0.0010359223233535886,0.001040354953147471
1,1,541,2021-03-26,25005,0.0014281926,0.0014199919532984495,0.525,8.411926683038473e-05,0.001332227373495698,0.001689175725914538
1,1,547,2021-03-26,25021,0.0013362716,0.0013454820727929473,0.485,0.00013251695781946182,0.0012117495061829686,0.001810341258533299
1,1,558,2021-03-26,28087,0.004167443,0.004167444072663784,0.435,1.7886213399265216e-08,0.004167434759438038,0.004167549777776003
1,1,559,2021-03-26,28095,0.0058426247,0.005842628888785839,0.415,3.9493635028975405e-08,0.005842611659318209,0.005842768587172031
1,1,565,2021-03-26,28161,0.0053510163,0.0053509874269366264,0.675,7.012843639131461e-08,0.005350889638066292,0.005351188126951456
1,1,567,2021-03-26,29099,0.0005420979,0.0005427654832601547,0.41,1.6558705056013423e-06,0.0005408666329458356,0.0005463742418214679
1,1,568,2021-03-26,29133,0.0013889614,0.001388097065500915,0.64,8.725183988644858e-07,0.0013873911229893565,0.0013900808990001678
1,1,584,2021-03-26,30053,0.011041596,0.011559469625353813,0.385,0.0024623265489935875,0.009985439479351044,0.019678588956594467
1,1,585,2021-03-26,30055,0.0040574996,0.004219220019876957,0.025,0.00014371865836437792,0.0040328106842935085,0.004531130660325289
1,1,586,2021-03-26,30061,0.01660901,0.019340185448527336,0.27,0.00442458176985383,0.014052921906113625,0.028337551280856133
1,1,595,2021-03-26,30083,0.0063287304,0.006700052414089441,0.03,0.0002024685381911695,0.0062543414533138275,0.007040593307465315
1,1,598,2021-03-26,30089,0.014024282,0.016152674332261086,0.235,0.0037777561228722334,0.011980824172496796,0.025223763659596443
1,1,600,2021-03-26,30093,0.0026141533,0.0026707749348133802,0.41,0.0005637556896544993,0.0023503124248236418,0.004450557753443718
1,1,602,2021-03-26,30097,0.0046103774,0.004896277561783791,0.4,0.001610713661648333,0.0037139521446079016,0.009686559438705444
1,1,603,2021-03-26,30103,0.0026400527,0.0027970001101493835,0.085,0.00013449092512018979,0.002614930272102356,0.003078900743275881
1,1,610,2021-03-26,32023,8.398563e-05,8.391848678002134e-05,0.79,5.547117964965764e-08,8.386053377762437e-05,8.402592357015237e-05
1,1,613,2021-03-26,34007,0.0011283315,0.0011378044728189707,0.275,1.4922692571417429e-05,0.001114526530727744,0.0011852041352540255
1,1,618,2021-03-26,34021,0.0014048235,0.0013970386935397983,0.91,6.832916824350832e-06,0.0013763569295406342,0.0014080362161621451
1,1,627,2021-03-26,36013,0.0070018684,0.006810080725699663,0.84,0.00015260072541423142,0.006550871301442385,0.0071323630400002
1,1,628,2021-03-26,36027,0.002321975,0.0022958312183618546,0.625,6.870067591080442e-05,0.00210515852086246,0.002397933043539524
1,1,629,2021-03-26,36029,0.011323683,0.011240826919674873,0.93,7.336237467825413e-05,0.010975881479680538,0.011341458186507225
1,1,632,2021-03-26,36041,0.04701422,0.046901073306798935,0.895,7.264823943842202e-05,0.04684419929981232,0.04721369966864586
1,1,637,2021-03-26,36059,0.0008772944,0.0008718938915990293,0.595,1.2953541045135353e-05,0.0008588106720708311,0.0009017327683977783
1,1,651,2021-03-26,37049,0.0010449418,0.0010434914147481322,0.75,2.0652621515182545e-06,0.0010394897544756532,0.0010498736519366503
1,1,657,2021-03-26,37127,0.0023216056,0.0023182290606200695,0.715,6.63122364130686e-06,0.002307503717020154,0.002340613631531596
1,1,664,2021-03-26,39019,0.010678218,0.010707764886319637,0.205,3.510829264996573e-05,0.010591648519039154,0.010779346339404583
1,1,673,2021-03-26,39037,0.0083853565,0.008400090038776398,0.07,6.807900717831217e-06,0.008379506878554821,0.008408612571656704
1,1,677,2021-03-26,39055,0.022185743,0.022285431623458862,0.12,0.00010635441140038893,0.02201768197119236,0.02256910130381584
1,1,683,2021-03-26,39073,0.009801589,0.009803218767046928,0.185,2.1181867850827985e-06,0.00979618076235056,0.009807627648115158
1,1,684,2021-03-26,39075,0.051285557,0.05128644406795502,0.495,5.433703336166218e-05,0.051096200942993164,0.05136653408408165
1,1,686,2021-03-26,39089,0.018529955,0.018524032086133957,0.63,2.3497588699683547e-05,0.01842992566525936,0.01855950616300106
1,1,698,2021-03-26,39139,0.0060180533,0.006020581349730492,0.445,6.128290260676295e-05,0.005987941287457943,0.006206754129379988
1,1,700,2021-03-26,39151,0.0064157695,0.0064047337509691715,0.715,1.437084392819088e-05,0.00636860728263855,0.006426648702472448
1,1,701,2021-03-26,39153,0.007041712,0.007040760945528746,0.525,1.1274752068857197e-05,0.007028114981949329,0.007072527892887592
1,1,703,2021-03-26,39157,0.0073505957,0.007332934997975826,0.62,6.106121145421639e-05,0.00710240937769413,0.007439856417477131
1,1,712,2021-03-26,41025,0.00035820826,0.00035268598003312945,0.775,5.395493190007983e-06,0.00034274463541805744,0.0003642028896138072
1,1,713,2021-03-26,41031,0.013405214,0.013367612846195698,0.62,0.00010757771815406159,0.013119790703058243,0.013542991131544113
1,1,719,2021-03-26,42003,0.0017217831,0.0017473038751631975,0.17,2.5388351787114516e-05,0.0017034757183864713,0.0018115993589162827
1,1,720,2021-03-26,42007,0.003548244,0.003411137731745839,0.97,7.168357842601836e-05,0.0032703764736652374,0.0035878021735697985
1,1,737,2021-03-26,42133,0.0023291255,0.0023173168301582336,0.8,1.8028978956863284e-05,0.0022653737105429173,0.002342401072382927
1,1,738,2021-03-26,44007,0.0016721773,0.00152083788998425,0.63,0.0002261988411191851,0.0013369754888117313,0.002257438376545906
1,1,748,2021-03-26,45075,0.0015207727,0.0015211866702884436,0.235,4.896494942840945e-07,0.0015201595379039645,0.001522037317045033
1,1,749,2021-03-26,45079,0.0015866461,0.0015855212695896626,0.85,1.080356241800473e-06,0.0015830310294404626,0.001587833627127111
1,1,750,2021-03-26,45085,0.004402622,0.0044020116329193115,0.69,1.0625684581100359e-06,0.004398772958666086,0.0044037592597305775
1,1,764,2021-03-26,46047,0.00384209,0.0038413433358073235,0.98,8.624829774817044e-07,0.0038385631050914526,0.0038421722128987312
1,1,770,2021-03-26,46063,0.0037210598,0.003873551730066538,0.105,0.0001735386613290757,0.0036083408631384373,0.004279790446162224
1,1,771,2021-03-26,46065,0.0015741491,0.0015980969183146954,0.15,1.618689566385001e-05,0.0015567790251225233,0.0016228272579610348
1,1,777,2021-03-26,46089,0.0026761747,0.002698225434869528,0.225,2.8552329240483232e-05,0.0026422322262078524,0.0027526980265975
1,1,778,2021-03-26,46091,0.001785733,0.0017979720141738653,0.22,1.0659931831469294e-05,0.001771787297911942,0.0018181370105594397
1,1,781,2021-03-26,46102,0.0007093135,0.0007027876563370228,0.8,4.109273049834883e-06,0.0006996796582825482,0.0007115293410606682
1,1,788,2021-03-26,46119,0.0014301322,0.0014550165506079793,0.05,1.2371880075079389e-05,0.0014221174642443657,0.001475410652346909
1,1,792,2021-03-26,46137,0.0029361022,0.0029449553694576025,0.375,3.0159708330756985e-05,0.0028716963715851307,0.0030254574958235025
1,1,793,2021-03-26,47003,0.00722265,0.007222719490528107,0.37,6.070467861718498e-07,0.0072225346229970455,0.00722530810162425
1,1,795,2021-03-26,47013,0.007344102,0.007344266399741173,0.245,2.0729649463646638e-07,0.00734325498342514,0.007344316225498915
1,1,798,2021-03-26,47047,0.0076103676,0.007610484957695007,0.315,3.5118492291985604e-07,0.007610280066728592,0.007612112909555435
1,1,803,2021-03-26,47097,0.0018537255,0.0018540620803833008,0.27,5.268709060146648e-07,0.0018536301795393229,0.0018551478860899806
1,1,809,2021-03-26,47157,0.007119672,0.0071195815689861774,0.81,6.27258714303025e-07,0.007116949185729027,0.007119734771549702
1,1,815,2021-03-26,48109,0.0007062027,0.0007062520598992705,0.12,2.9665686795965485e-08,0.0007061957730911672,0.0007062815711833537
1,1,822,2021-03-26,50023,0.010108257,0.010135501623153687,0.49,0.0006566217634826899,0.008933069184422493,0.01188043411821127
1,1,825,2021-03-26,51119,0.0011769632,0.0011721353512257338,0.935,2.835897703334922e-06,0.001167260343208909,0.0011816058540716767
1,1,826,2021-03-26,51127,0.0023248126,0.002324269153177738,0.955,2.6523434826231096e-07,0.0023239003494381905,0.0023251306265592575
1,1,832,2021-03-26,53013,0.020864997,0.022293634712696075,0.195,0.0010679075494408607,0.020401060581207275,0.023793350905179977
1,1,834,2021-03-26,53021,0.0011215095,0.0011579503770917654,0.2,4.505747347138822e-05,0.001078078174032271,0.00126360054127872
1,1,846,2021-03-26,55039,0.0010081095,0.000978054478764534,0.785,2.004628549912013e-05,0.0009605620289221406,0.0010276478715240955
1,1,849,2021-03-26,56005,0.0018367083,0.0018381612608209252,0.22,1.592897774571611e-06,0.0018348100129514933,0.0018416414968669415
1,1,856,2021-03-26,56021,0.00046889327,0.00046852478408254683,0.52,5.5403065744030755e-06,0.00046336970990523696,0.00048587570199742913
1,1,859,2021-03-26,56029,0.005289049,0.00576969888061285,0.42,0.001974844140931964,0.002947866218164563,0.010470282286405563
1,1,869,2021-12-11,04001,0.008275729,0.007624967955052853,0.775,0.0009716982021927834,0.006077658385038376,0.01061732042580843
1,1,873,2021-12-11,04011,0.0004832507,0.0003843237936962396,0.99,3.1929863325785846e-05,0.0003704034024849534,0.00048552779480814934
1,1,876,2021-12-11,04019,0.005558572,0.005558053031563759,0.975,2.051940555247711e-07,0.0055579524487257,0.0055586365051567554
1,1,880,2021-12-11,05027,0.007133959,0.0071337162517011166,0.99,6.606448721413472e-08,0.007133640348911285,0.007133976556360722
1,1,887,2021-12-11,05069,0.023807757,0.02380913496017456,0.095,9.085080137083423e-07,0.02380489930510521,0.023809775710105896
1,1,892,2021-12-11,05099,0.021795312,0.021803801879286766,0.0,1.8959448198074824e-06,0.021795418113470078,0.02180527150630951
1,1,895,2021-12-11,05147,0.0472474,0.04724571108818054,0.89,3.425688191782683e-06,0.04722960665822029,0.047247640788555145
1,1,898,2021-12-11,06007,0.020066315,0.020065557211637497,0.835,6.271699021453969e-06,0.020026570186018944,0.020066581666469574
1,1,901,2021-12-11,06017,0.04394416,0.04394514113664627,0.165,1.402507905368111e-06,0.043937090784311295,0.04394536465406418
1,1,905,2021-12-11,06029,0.0023535462,0.0023516579531133175,0.695,5.1496876949386206e-06,0.0023464581463485956,0.0023900927044451237
1,1,912,2021-12-11,06049,0.0046230806,0.004624232184141874,0.31,3.092722636210965e-06,0.0046214028261601925,0.0046365219168365
1,1,917,2021-12-11,06065,0.00094971596,0.0009580983896739781,0.055,1.2418926417012699e-05,0.0009488038485869765,0.0010124575346708298
1,1,924,2021-12-11,06091,0.021071497,0.02107984386384487,0.105,6.151026809675386e-06,0.021050680428743362,0.02108139917254448
1,1,933,2021-12-11,06113,0.0009926602,0.00099652458447963,0.01,7.628381717950106e-05,0.0009926531929522753,0.0015764216659590602
1,1,937,2021-12-11,08005,0.003092147,0.0031011614482849836,0.225,8.710842848813627e-06,0.003072340739890933,0.003114241175353527
1,1,938,2021-12-11,08009,0.0091356635,0.009409811347723007,0.355,0.00113375810906291,0.00828267727047205,0.012361875735223293
1,1,939,2021-12-11,08013,0.0082980925,0.009634844958782196,0.0,0.0005360562936402857,0.008303632959723473,0.009907368570566177
1,1,941,2021-12-11,08015,0.0076786974,0.00627767201513052,0.93,0.0006372016505338252,0.005584159400314093,0.007918579503893852
1,1,958,2021-12-11,08069,0.0036013834,0.00365546066313982,0.295,7.620449468959123e-05,0.00347285158932209,0.0037609986029565334
1,1,963,2021-12-11,08081,0.003840434,0.0038408488035202026,0.0,3.7337983371799055e-07,0.0038404345978051424,0.0038418795447796583
1,1,966,2021-12-11,08093,0.118677296,0.11901509761810303,0.14,0.0002575777762103826,0.11851219087839127,0.11952343583106995
1,1,967,2021-12-11,08101,0.053112924,0.053103066980838776,0.545,0.00014704081695526838,0.052777428179979324,0.053347744047641754
1,1,968,2021-12-11,08105,0.010570156,0.009262606501579285,0.85,0.0011370615102350712,0.007277458440512419,0.01172794308513403
1,1,972,2021-12-11,08121,0.0033114962,0.0029700449667871,0.77,0.00035470392322167754,0.002485967706888914,0.004233560524880886
1,1,976,2021-12-11,13215,0.001762846,0.0017628050409257412,0.605,1.1590007886752574e-07,0.0017626574262976646,0.0017631410155445337
1,1,982,2021-12-11,16029,0.0066161216,0.006619802676141262,0.42,1.196654648083495e-05,0.006585315335541964,0.006637133192270994
1,1,983,2021-12-11,16031,0.000596567,0.0006062504835426807,0.345,3.404635572223924e-05,0.0005854597548022866,0.0007750382646918297
1,1,985,2021-12-11,16071,0.0045466237,0.004548228345811367,0.21,7.813997399352957e-06,0.0045457337982952595,0.004593478050082922
1,1,991,2021-12-11,17019,0.005800618,0.007005000486969948,0.15,0.0015046551125124097,0.005512546747922897,0.012506336905062199
1,1,1000,2021-12-11,17063,0.008434619,0.009930006228387356,0.375,0.009337348863482475,0.005405756179243326,0.04851710796356201
1,1,1007,2021-12-11,17091,0.006859796,0.010371716693043709,0.185,0.008251519873738289,0.006050061900168657,0.04535272344946861
1,1,1011,2021-12-11,17103,0.017265216,0.013961783610284328,0.64,0.015701277181506157,0.005487643647938967,0.07027381658554077
1,1,1013,2021-12-11,17107,0.0055528064,0.007014621049165726,0.275,0.006809179205447435,0.004731330089271069,0.03584695979952812
1,1,1017,2021-12-11,17117,0.013901873,0.013887823559343815,0.945,7.835302676539868e-05,0.01347234845161438,0.013904150575399399
1,1,1024,2021-12-11,17161,0.012728109,0.016788413748145103,0.385,0.01700994372367859,0.005018598400056362,0.07179982215166092
1,1,1034,2021-12-11,18003,0.009048188,0.011748338118195534,0.13,0.003803238971158862,0.008320555090904236,0.02778657153248787
1,1,1039,2021-12-11,18021,0.0059351055,0.005150158889591694,0.895,0.0005063254502601922,0.0048482646234333515,0.007294590584933758
1,1,1048,2021-12-11,18053,0.0077241836,0.008732408285140991,0.26,0.0022812029346823692,0.007165985181927681,0.016903752461075783
1,1,1055,2021-12-11,18087,0.017534655,0.01544409804046154,0.605,0.006411871872842312,0.010951190255582333,0.04102420434355736
1,1,1057,2021-12-11,18095,0.007509727,0.009049753658473492,0.215,0.0023516362998634577,0.006763631012290716,0.019116166979074478
1,1,1058,2021-12-11,18097,0.003614467,0.004611437674611807,0.06,0.0018388688331469893,0.0035680457949638367,0.012385712005198002
1,1,1068,2021-12-11,18131,0.012009492,0.012440722435712814,0.47,0.005615868140012026,0.007269653957337141,0.035258933901786804
1,1,1075,2021-12-11,18169,0.010622033,0.01167718879878521,0.37,0.0038523240946233273,0.008679687976837158,0.02690909244120121
1,1,1077,2021-12-11,18177,0.01198433,0.012041434645652771,0.49,0.002531963400542736,0.009770378470420837,0.020544836297631264
1,1,1082,2021-12-11,19003,0.019777507,0.03143344074487686,0.0,0.01396856177598238,0.01981433294713497,0.07288748025894165
1,1,1089,2021-12-11,19017,0.024275564,0.03662645071744919,0.28,0.01847873255610466,0.013738282024860382,0.09256821870803833
1,1,1104,2021-12-11,19047,0.01879246,0.02731698378920555,0.245,0.012653217650949955,0.010732319205999374,0.06755265593528748
1,1,1105,2021-12-11,19049,0.018012209,0.038074955344200134,0.135,0.01925637200474739,0.01180614810436964,0.0875820592045784
1,1,1110,2021-12-11,19059,0.0052356403,0.005311125889420509,0.45,0.0032550892792642117,0.004641507752239704,0.02394130825996399
1,1,1111,2021-12-11,19061,0.019055365,0.03981462121009827,0.16,0.021356254816055298,0.013814360834658146,0.09504784643650055
1,1,1117,2021-12-11,19075,0.017636493,0.031452860683202744,0.065,0.013691520318388939,0.01743917167186737,0.08255315572023392
1,1,1127,2021-12-11,19099,0.03609017,0.0328872874379158,0.62,0.005516130942851305,0.028410157188773155,0.054523177444934845
1,1,1128,2021-12-11,19101,0.019970808,0.01853402704000473,0.57,0.010462035425007343,0.016275698319077492,0.05897834151983261
1,1,1133,2021-12-11,19113,0.0119078625,0.026598121970891953,0.145,0.015923338010907173,0.010376645252108574,0.08534619212150574
1,1,1135,2021-12-11,19117,0.02279224,0.026707351207733154,0.115,0.011694630607962608,0.022671662271022797,0.06885437667369843
1,1,1136,2021-12-11,19119,0.0047696037,0.004903396591544151,0.305,0.0007383847841992974,0.004600269254297018,0.00857836939394474
1,1,1140,2021-12-11,19127,0.026401503,0.03398021310567856,0.31,0.018020985648036003,0.013116159476339817,0.08480244129896164
1,1,1142,2021-12-11,19131,0.031908415,0.055792972445487976,0.17,0.020451197400689125,0.02184842713177204,0.0911538377404213
1,1,1152,2021-12-11,19153,0.011029726,0.031820107251405716,0.01,0.01887364499270916,0.010930250398814678,0.08472669869661331
1,1,1155,2021-12-11,19159,0.027985487,0.02905413880944252,0.34,0.007480616681277752,0.02555236779153347,0.06222870200872421
1,1,1157,2021-12-11,19163,0.0073246127,0.01969747245311737,0.1,0.01651638001203537,0.006335550453513861,0.07352098077535629
1,1,1163,2021-12-11,19175,0.030602638,0.03104427456855774,0.48,0.017053134739398956,0.013647487387061119,0.08526879549026489
1,1,1165,2021-12-11,19179,0.019334659,0.0210721455514431,0.08,0.008962281979620457,0.01887187361717224,0.05813870579004288
1,1,1180,2021-12-11,20013,0.022426149,0.025502249598503113,0.33,0.010566738434135914,0.01996557042002678,0.05382443591952324
1,1,1181,2021-12-11,20015,0.008548668,0.007059123367071152,0.605,0.008484913967549801,0.003967344760894775,0.045276615768671036
1,1,1182,2021-12-11,20017,0.09599074,0.09515808522701263,0.52,0.014106371439993382,0.0581810288131237,0.1105128675699234
1,1,1184,2021-12-11,20027,0.036954097,0.032776832580566406,0.595,0.013027324341237545,0.00985431857407093,0.05995134264230728
1,1,1191,2021-12-11,20051,0.065664835,0.06701970100402832,0.435,0.009195813909173012,0.05053393170237541,0.08613426983356476
1,1,1192,2021-12-11,20053,0.04937714,0.0440797358751297,0.64,0.013964847661554813,0.017934143543243408,0.06853806972503662
1,1,1197,2021-12-11,20065,0.09208629,0.09340198338031769,0.345,0.004777786321938038,0.08346439898014069,0.10501231998205185
1,1,1202,2021-12-11,20079,0.032775644,0.030113179236650467,0.56,0.016074569895863533,0.0065707615576684475,0.06812173873186111
1,1,1205,2021-12-11,20087,0.0181833,0.02136329561471939,0.26,0.006541681010276079,0.016125721856951714,0.04117855429649353
1,1,1209,2021-12-11,20103,0.015598918,0.01534678041934967,0.52,0.012650488875806332,0.0045709009282290936,0.06245292350649834
1,1,1219,2021-12-11,20127,0.021864986,0.02841181866824627,0.36,0.012301960028707981,0.014809432439506054,0.052644338458776474
1,1,1238,2021-12-11,20171,0.037682105,0.039570264518260956,0.15,0.0030710380524396896,0.035403404384851456,0.0480022095143795
1,1,1243,2021-12-11,20181,0.012012972,0.008677974343299866,0.96,0.001677769236266613,0.006349816918373108,0.0133495032787323
1,1,1249,2021-12-11,20197,0.11889296,0.12424802035093307,0.45,0.016025997698307037,0.09523235261440277,0.15106487274169922
1,1,1250,2021-12-11,20199,0.021783011,0.020482324063777924,0.94,0.0006714062765240669,0.019698377698659897,0.023357126861810684
1,1,1252,2021-12-11,20203,0.12969305,0.1390053629875183,0.045,0.005018903873860836,0.12772145867347717,0.14720794558525085
1,1,1254,2021-12-11,20209,0.01898927,0.015057213604450226,0.715,0.004810414742678404,0.0103005925193429,0.035374850034713745
1,1,1256,2021-12-11,21011,0.006658143,0.006638445891439915,0.84,1.93623509403551e-05,0.006624593399465084,0.0067160120233893394
1,1,1257,2021-12-11,21021,0.012902588,0.012905284762382507,0.245,3.736218559424742e-06,0.012888950295746326,0.012907751835882664
1,1,1267,2021-12-11,21079,0.00596184,0.005967563949525356,0.19,5.814883934363024e-06,0.0059419251047074795,0.005972369574010372
1,1,1274,2021-12-11,21129,0.004008949,0.0038762979675084352,0.895,7.921115320641547e-05,0.003825192805379629,0.00424405699595809
1,1,1283,2021-12-11,21165,0.052578893,0.052578818053007126,0.765,1.6008088721264357e-07,0.052578508853912354,0.05257943272590637
1,1,1293,2021-12-11,21205,0.0048120734,0.004809465259313583,0.695,7.306388852157397e-06,0.004805333912372589,0.004845392890274525
1,1,1299,2021-12-11,21231,0.006084192,0.006087551359087229,0.43,1.8727800124906935e-05,0.006000544410198927,0.006101925391703844
1,1,1305,2021-12-11,23003,0.0027662874,0.002726730890572071,0.56,0.0006117557641118765,0.0024227791000157595,0.0058724042028188705
1,1,1311,2021-12-11,25021,0.004350363,0.004697538912296295,0.19,0.0005046323058195412,0.004117341712117195,0.006372752133756876
1,1,1318,2021-12-11,26009,0.1143363,0.12843570113182068,0.215,0.021749641746282578,0.09108653664588928,0.17373333871364594
1,1,1324,2021-12-11,26027,0.10186829,0.10458938032388687,0.235,0.0034738765098154545,0.09343720227479935,0.10795603692531586
1,1,1325,2021-12-11,26029,0.04106534,0.054203733801841736,0.26,0.021618777886033058,0.02007848583161831,0.09376491606235504
1,1,1328,2021-12-11,26039,0.026572296,0.03574801981449127,0.17,0.0155955720692873,0.021634554490447044,0.07162883132696152
1,1,1330,2021-12-11,26043,0.021834537,0.02662993222475052,0.015,0.0026903604157269,0.021474670618772507,0.03927749767899513
1,1,1334,2021-12-11,26053,0.02957189,0.03589744120836258,0.03,0.0031144830863922834,0.02943166345357895,0.04057571664452553
1,1,1335,2021-12-11,26055,0.027841706,0.02391565591096878,0.68,0.011441617272794247,0.011682325042784214,0.06013396382331848
1,1,1336,2021-12-11,26059,0.019070674,0.013276074081659317,0.77,0.007734409533441067,0.005871471017599106,0.04103943333029747
1,1,1350,2021-12-11,26093,0.023651553,0.020375490188598633,0.785,0.0027725761756300926,0.01776987500488758,0.027188412845134735
1,1,1351,2021-12-11,26097,0.047778465,0.0963338315486908,0.06,0.017963416874408722,0.03872863948345184,0.10595143586397171
1,1,1361,2021-12-11,26121,0.051419813,0.022548755630850792,0.885,0.015762219205498695,0.011691256426274776,0.07046950608491898
1,1,1368,2021-12-11,26139,0.009249039,0.02526359260082245,0.11,0.015615051612257957,0.00894127693027258,0.07141108065843582
1,1,1370,2021-12-11,26143,0.19321895,0.23848992586135864,0.07,0.022281497716903687,0.18567214906215668,0.2626425325870514
1,1,1382,2021-12-11,27015,0.007118309,0.006562197580933571,0.695,0.0026137870736420155,0.006136265117675066,0.02062603458762169
1,1,1389,2021-12-11,27043,0.033961207,0.011476900428533554,0.94,0.010350855998694897,0.009138944558799267,0.06908788532018661
1,1,1396,2021-12-11,27067,0.003411615,0.003445600625127554,0.17,7.667310273973271e-05,0.003399584209546447,0.003767735091969371
1,1,1399,2021-12-11,27083,0.0065894076,0.006547912955284119,0.9,3.4051528928102925e-05,0.006529876030981541,0.006705291103571653
1,1,1405,2021-12-11,27105,0.004927224,0.004871690645813942,0.705,0.00028114524320699275,0.004818893503397703,0.006859449204057455
1,1,1411,2021-12-11,27131,0.008117237,0.010623542591929436,0.075,0.011807906441390514,0.007993204519152641,0.07316599041223526
1,1,1414,2021-12-11,27141,0.0048876805,0.0050401147454977036,0.015,0.0005231061368249357,0.004883490968495607,0.007842592895030975
1,1,1420,2021-12-11,27165,0.017940588,0.00873824767768383,0.94,0.0042714327573776245,0.008003433234989643,0.03022051602602005
1,1,1423,2021-12-11,27173,0.0061087254,0.006101293954998255,0.585,3.474542609183118e-05,0.006081047002226114,0.006284908391535282
1,1,1429,2021-12-11,29019,0.0026917555,0.003814798779785633,0.235,0.004283369518816471,0.0021228718105703592,0.02312357909977436
1,1,1438,2021-12-11,29049,0.02899502,0.02807980217039585,0.52,0.016614792868494987,0.00675588333979249,0.07243136316537857
1,1,1441,2021-12-11,29063,0.028624887,0.024497661739587784,0.58,0.00964638963341713,0.0178049448877573,0.05695760250091553
1,1,1442,2021-12-11,29065,0.0029288398,0.002924426458775997,0.93,2.701792254811153e-06,0.0029208341147750616,0.002931345021352172
1,1,1446,2021-12-11,29073,0.008321332,0.00832548551261425,0.17,4.8508231884625275e-06,0.008304374292492867,0.008327197283506393
1,1,1466,2021-12-11,29155,0.16268337,0.1626632809638977,0.785,4.29255269409623e-05,0.1624637246131897,0.16269046068191528
1,1,1470,2021-12-11,29165,0.012796686,0.01722823828458786,0.05,0.009334652684628963,0.012635634280741215,0.05103161185979843
1,1,1472,2021-12-11,29169,0.002054887,0.0020497110672295094,0.89,2.868226374630467e-06,0.0020472812466323376,0.0020573600195348263
1,1,1473,2021-12-11,29171,0.04024195,0.027706533670425415,0.73,0.016757825389504433,0.00957314670085907,0.0745098888874054
1,1,1474,2021-12-11,29173,0.005734984,0.006145866587758064,0.475,0.005865762475878,0.0029033352620899677,0.026194730773568153
1,1,1475,2021-12-11,29175,0.0066368636,0.0048218294978141785,0.715,0.005829039495438337,0.0021905433386564255,0.03133682906627655
1,1,1477,2021-12-11,29179,0.012801117,0.012803308665752411,0.055,1.2084004765711143e-06,0.012799544259905815,0.012804817408323288
1,1,1484,2021-12-11,29215,0.006557893,0.0065568359568715096,0.87,1.3065323400951456e-06,0.006555768195539713,0.006563013885170221
1,1,1491,2021-12-11,30097,0.0008476734,0.0008279781322926283,0.935,1.1220487976970617e-05,0.0008081804844550788,0.0008633860270492733
1,1,1496,2021-12-11,32023,0.002602025,0.002601966727524996,0.965,6.104007610474582e-08,0.0026017462369054556,0.0026020368095487356
1,1,1499,2021-12-11,35003,0.0031111885,0.002257854212075472,0.9,0.0003932738327421248,0.001875378075055778,0.003380765439942479
1,1,1500,2021-12-11,35005,0.0006414732,0.0006468089995905757,0.105,2.6458037609700114e-06,0.0006396259414032102,0.000649892957881093
1,1,1503,2021-12-11,35015,0.00030365525,0.00030243583023548126,0.885,9.879603339868481e-07,0.00030061742290854454,0.00030455394880846143
1,1,1506,2021-12-11,35027,0.0011525076,0.0006561409682035446,0.98,0.00016526530089322478,0.0006130668916739523,0.0011689282255247235
1,1,1508,2021-12-11,35029,0.005018134,0.0050181797705590725,0.305,4.663071706545452e-08,0.0050180405378341675,0.005018207244575024
1,1,1521,2021-12-11,36003,0.01707049,0.014147868379950523,0.585,0.00900345016270876,0.005827741231769323,0.041349735110998154
1,1,1524,2021-12-11,36013,0.029930191,0.013802003115415573,0.985,0.004584276117384434,0.009605040773749352,0.03151511773467064
1,1,1527,2021-12-11,36027,0.0047691897,0.0048143076710402966,0.27,0.00013398294686339796,0.0047373538836836815,0.005548486020416021
1,1,1528,2021-12-11,36029,0.0104387915,0.009737776592373848,0.755,0.0030275743920356035,0.007971171289682388,0.026042720302939415
1,1,1534,2021-12-11,36041,0.25060132,0.25585490465164185,0.295,0.007157506886869669,0.2348431944847107,0.2653966546058655
1,1,1542,2021-12-11,36059,0.0014190836,0.0016174621414393187,0.14,0.0003039152070414275,0.0013647184241563082,0.00296848569996655
1,1,1554,2021-12-11,36097,0.027024535,0.02588602900505066,0.955,0.0005016577779315412,0.02582039125263691,0.02878493443131447
1,1,1558,2021-12-11,36113,0.0037429275,0.004128551110625267,0.03,0.0002955917443614453,0.0036365308333188295,0.0062295966781675816
1,1,1559,2021-12-11,36115,0.0029022123,0.00291647482663393,0.225,0.00011721996270352975,0.002890423173084855,0.0037236479111015797
1,1,1565,2021-12-11,37067,0.0026655733,0.0026624007150530815,0.69,8.694950338394847e-06,0.002627031644806266,0.0026697167195379734
1,1,1569,2021-12-11,37159,0.0017164998,0.0017233092803508043,0.285,1.1745031770260539e-05,0.0016807690262794495,0.0017351963324472308
1,1,1572,2021-12-11,39015,0.0051799756,0.005151960998773575,0.685,6.193650915520266e-05,0.005110021680593491,0.005472675431519747
1,1,1575,2021-12-11,39037,0.01638203,0.012074515223503113,0.83,0.003496010322123766,0.009667139500379562,0.025805719196796417
1,1,1576,2021-12-11,39039,0.010951324,0.01179940439760685,0.435,0.004885380156338215,0.008377164602279663,0.03130950778722763
1,1,1581,2021-12-11,39055,0.014753525,0.014989675022661686,0.16,0.00024459639098495245,0.014308804646134377,0.015341591089963913
1,1,1586,2021-12-11,39089,0.0072715264,0.007005026564002037,0.58,0.001194990472868085,0.006541611161082983,0.013373689725995064
1,1,1601,2021-12-11,39157,0.005952014,0.0061404588632285595,0.08,0.0004841663467232138,0.005888913758099079,0.010330880992114544
1,1,1602,2021-12-11,39161,0.011440564,0.013271721079945564,0.22,0.004440609365701675,0.009904681704938412,0.030164510011672974
1,1,1608,2021-12-11,40043,0.003592027,0.007229174021631479,0.125,0.005034733563661575,0.002839459804818034,0.03067062608897686
1,1,1611,2021-12-11,40071,0.0031205898,0.004338844679296017,0.31,0.0057700015604496,0.001680291024968028,0.033798813819885254
1,1,1616,2021-12-11,40139,0.010701688,0.01067572832107544,0.525,0.0005880099488422275,0.00968905072659254,0.011990250088274479
1,1,1619,2021-12-11,41011,0.010809183,0.010595872066915035,0.585,0.0030994124244898558,0.009413572028279305,0.02796906605362892
1,1,1623,2021-12-11,42003,0.0032255994,0.0034663942642509937,0.165,0.0003660612856037915,0.0031787999905645847,0.004743798635900021
1,1,1629,2021-12-11,44003,0.0053032706,0.005077028647065163,0.61,0.0007665757439099252,0.004632252734154463,0.008597136475145817
1,1,1630,2021-12-11,44007,0.00468597,0.004678396508097649,0.505,0.0005539717967621982,0.004293915815651417,0.007391657680273056
1,1,1646,2021-12-11,46035,0.0026926687,0.002647913759574294,0.665,0.00011888139124494046,0.0025463690981268883,0.0031290152110159397
1,1,1652,2021-12-11,46047,0.00031863624,0.0003170664422214031,0.68,4.398778401082382e-06,0.0003105221258010715,0.00032913521863520145
1,1,1655,2021-12-11,46053,0.004607966,0.004694646690040827,0.26,0.00019286148017272353,0.004444759804755449,0.005395414307713509
1,1,1659,2021-12-11,46061,0.0026046087,0.002598862163722515,0.59,4.026992246508598e-05,0.0025683364365249872,0.0027846668381243944
1,1,1660,2021-12-11,46063,0.0017979256,0.0018055608961731195,0.02,6.951822797418572e-06,0.001797579461708665,0.0018243375234305859
1,1,1661,2021-12-11,46065,0.00079570606,0.0008122343569993973,0.055,1.1170902325829957e-05,0.0007933244341984391,0.0008465799619443715
1,1,1673,2021-12-11,46089,0.00058272824,0.0005894728237763047,0.15,7.378218015219318e-06,0.000578942010179162,0.0006128080422058702
1,1,1674,2021-12-11,46091,0.0019138153,0.0019069400150328875,0.835,7.659377843083348e-06,0.0018967670621350408,0.001937470631673932
1,1,1679,2021-12-11,46101,0.0050053904,0.005003436468541622,0.62,1.7364272935083136e-05,0.004995454102754593,0.005114920902997255
1,1,1686,2021-12-11,46119,0.0005995837,0.0006123252096585929,0.005,6.9248167164914776e-06,0.0005992649239487946,0.0006317818770185113
1,1,1692,2021-12-11,46137,0.000758828,0.0007668320322409272,0.02,5.780963874713052e-06,0.000758569105528295,0.0007816626457497478
1,1,1697,2021-12-11,47037,0.052895173,0.05287884920835495,0.915,1.528127359051723e-05,0.052825648337602615,0.05289686098694801
1,1,1698,2021-12-11,47043,0.007323044,0.0073198359459638596,0.845,2.8782949357264442e-06,0.0073171621188521385,0.007331236731261015
1,1,1700,2021-12-11,47047,0.008574559,0.008574713952839375,0.395,7.520937401750416e-07,0.008574145846068859,0.008578128181397915
1,1,1701,2021-12-11,47051,0.0048081274,0.004809483885765076,0.485,2.1949481379124336e-05,0.004789671860635281,0.004911490716040134
1,1,1704,2021-12-11,47061,0.006358253,0.006328066810965538,0.98,9.2160726126167e-06,0.006321904715150595,0.006373010575771332
1,1,1713,2021-12-11,47095,0.04189584,0.04189864546060562,0.42,2.5569042918505147e-05,0.041775181889534,0.04191335663199425
1,1,1715,2021-12-11,47107,0.0039310623,0.003924829885363579,0.74,1.1856355740746949e-05,0.0038937286008149385,0.003936531022191048
1,1,1726,2021-12-11,47151,0.005451579,0.005435532424598932,0.575,9.420481364941224e-05,0.005375604145228863,0.005930404644459486
1,1,1728,2021-12-11,47157,0.015233058,0.015230793505907059,0.935,5.118919489177642e-06,0.015203994698822498,0.01523324754089117
1,1,1736,2021-12-11,48065,0.027746787,0.02775626629590988,0.35,2.3117825548979454e-05,0.027723349630832672,0.027806071564555168
1,1,1738,2021-12-11,48109,0.00020814622,0.0002078168181469664,0.895,2.2151796486014064e-07,0.0002073198847938329,0.00020831219444517046
1,1,1740,2021-12-11,48117,0.00340043,0.0030658431351184845,0.825,0.0003784123982768506,0.002425594488158822,0.0042139324359595776
1,1,1742,2021-12-11,48195,0.013829568,0.013339469209313393,0.88,0.0003240887017454952,0.01295726839452982,0.014367432333528996
1,1,1750,2021-12-11,48369,0.0022622896,0.0022406813222914934,0.72,4.71762650704477e-05,0.002177910879254341,0.0024172512348741293
1,1,1762,2021-12-11,49035,0.0019169563,0.0019023333443328738,0.805,1.3308465895534027e-05,0.0018684066599234939,0.001922778901644051
1,1,1763,2021-12-11,49045,0.008465358,0.008458869531750679,0.71,1.157333463197574e-05,0.008422883227467537,0.008469905704259872
1,1,1768,2021-12-11,50005,0.002601547,0.002354889642447233,0.62,0.0007527791894972324,0.0018690266879275441,0.005245658103376627
1,1,1769,2021-12-11,50007,0.004574797,0.004643159918487072,0.11,0.00024325014965143055,0.00457311375066638,0.006067213136702776
1,1,1777,2021-12-11,50023,0.006380817,0.007068423554301262,0.215,0.0017486284486949444,0.005906403064727783,0.013364980928599834
1,1,1785,2021-12-11,53021,0.00063885323,0.0008065232541412115,0.055,0.00013288023183122277,0.0006241596420295537,0.0012761318357661366
1,1,1787,2021-12-11,53073,0.025215263,0.025215251371264458,0.5,7.491848919016775e-06,0.025213005021214485,0.025245126336812973
1,1,1791,2021-12-11,54075,0.0025539408,0.0024668159894645214,0.62,0.0003287513682153076,0.002244342351332307,0.0037676780484616756
1,1,1796,2021-12-11,55017,0.029574884,0.026796989142894745,0.73,0.005151334684342146,0.013083202764391899,0.037738338112831116
1,1,1799,2021-12-11,55023,0.009148183,0.0369500070810318,0.005,0.020609941333532333,0.0089870635420084,0.09594252705574036
1,1,1805,2021-12-11,55039,0.011740979,0.01973170042037964,0.01,0.013852708041667938,0.011678360402584076,0.08259055018424988
1,1,1806,2021-12-11,55043,0.010492401,0.039663542062044144,0.02,0.021502315998077393,0.010041256435215473,0.09111683815717697
1,1,1807,2021-12-11,55045,0.00801889,0.019362710416316986,0.01,0.016411948949098587,0.007958747446537018,0.07625893503427505
1,1,1818,2021-12-11,55075,0.041397087,0.04231828451156616,0.14,0.0052100117318332195,0.04066220670938492,0.06780713051557541
1,1,1824,2021-12-11,55089,0.015538021,0.022249259054660797,0.23,0.011576452292501926,0.008439534343779087,0.06062387302517891
1,1,1827,2021-12-11,55097,0.013550616,0.013500184752047062,0.505,0.010690085589885712,0.010966754518449306,0.06921099871397018
1,1,1835,2021-12-11,55123,0.01546558,0.03945864737033844,0.0,0.0217360220849514,0.015627656131982803,0.10358577966690063
1,1,1836,2021-12-11,55125,0.28160387,0.3009849786758423,0.085,0.010846453718841076,0.2577301263809204,0.30938658118247986
1,1,1839,2021-12-11,55133,0.024813125,0.018914252519607544,0.755,0.009092677384614944,0.009674059227108955,0.053514253348112106
1,1,1844,2021-12-11,56005,0.0032031143,0.0031881211325526237,0.835,1.269373024115339e-05,0.003167863702401519,0.003207786940038204
1,1,1849,2021-12-11,56021,0.003868351,0.0036614073906093836,0.785,0.00016349634097423404,0.0035122865810990334,0.004111759830266237
1,1,1851,2021-12-11,56029,0.0004861611,0.0004844962968491018,0.815,1.1480299235699931e-06,0.0004829003300983459,0.0004877916653640568
1,1,1857,2022-06-08,01023,0.0033115284,0.003311488078907132,0.98,3.556722916187027e-08,0.003311406122520566,0.003311536740511656
1,1,1859,2022-06-08,01045,0.002190404,0.002190409693866968,0.42,2.065222837188685e-08,0.002190364757552743,0.002190458122640848
1,1,1866,2022-06-08,05011,0.05780806,0.05780809000134468,0.405,9.057436756165771e-08,0.057807862758636475,0.05780817195773125
1,1,1873,2022-06-08,05149,0.05446784,0.054467909038066864,0.01,2.462780379630658e-08,0.054467834532260895,0.05446793884038925
1,1,1875,2022-06-08,06017,0.011491742,0.011491585522890091,0.535,9.882052154353005e-07,0.011488369666039944,0.011494087986648083
1,1,1876,2022-06-08,06029,0.00606154,0.0060615441761910915,0.195,3.6841725226111066e-09,0.0060615381225943565,0.006061549298465252
1,1,1882,2022-06-08,06091,0.0024724763,0.002487184014171362,0.24,1.9910099581466056e-05,0.0024445035960525274,0.0025415087584406137
1,1,1884,2022-06-08,08009,0.0034342501,0.0034329360350966454,0.905,9.072510351870733e-07,0.0034313956275582314,0.003435431281104684
1,1,1890,2022-06-08,08101,0.008486336,0.00848633423447609,0.59,4.2774987996097025e-09,0.008486325852572918,0.008486342616379261
1,1,1894,2022-06-08,12031,0.0010311138,0.0010313860839232802,0.215,3.8562890836146835e-07,0.0010307353222742677,0.001032659551128745
1,1,1903,2022-06-08,13229,0.0010002988,0.0010005702497437596,0.14,4.090519212240906e-07,0.0010001151822507381,0.0010015873704105616
1,1,1905,2022-06-08,16039,0.010245688,0.010245542973279953,0.62,2.967141199405887e-07,0.010245072655379772,0.010246122255921364
1,1,1906,2022-06-08,17019,0.0048545985,0.0048546381294727325,0.37,1.783850791525765e-07,0.004854273516684771,0.004855198320001364
1,1,1913,2022-06-08,17117,0.008404817,0.008404823020100594,0.185,2.1002717787155234e-08,0.008404801599681377,0.008404914289712906
1,1,1922,2022-06-08,18095,0.0023949372,0.0023947558365762234,0.79,1.5587188784138561e-07,0.0023945835418999195,0.002395130693912506
1,1,1925,2022-06-08,18177,0.0032980246,0.0032981422264128923,0.14,3.253852867146634e-07,0.003297920571640134,0.003299141302704811
1,1,1931,2022-06-08,19163,0.0053933174,0.005394089035689831,0.13,3.4067595606757095e-06,0.0053930869325995445,0.005412271246314049
1,1,1933,2022-06-08,19175,0.03093841,0.030938073992729187,0.57,2.472538653819356e-06,0.03093697316944599,0.030948368832468987
1,1,1934,2022-06-08,21015,0.0061488776,0.006147051230072975,0.95,1.5149404362091445e-06,0.006142396479845047,0.006149216089397669
1,1,1938,2022-06-08,21117,0.012869049,0.012868385761976242,0.75,1.423864659955143e-06,0.012864560820162296,0.012870396487414837
1,1,1941,2022-06-08,22051,0.0053201327,0.005320151336491108,0.03,1.5695997390707817e-08,0.005320131313055754,0.005320203956216574
1,1,1945,2022-06-08,23025,0.0016772859,0.0016709354240447283,0.74,1.3830352145305369e-05,0.0016599808586761355,0.0017324205255135894
1,1,1949,2022-06-08,24017,0.002715234,0.002715256530791521,0.205,2.6101561800828676e-08,0.0027152306865900755,0.0027153007686138153
1,1,1952,2022-06-08,24031,0.00063202454,0.0006331760669127107,0.02,6.698725769638258e-07,0.0006319460808299482,0.0006348969181999564
1,1,1955,2022-06-08,26027,0.0030849187,0.0030850248876959085,0.285,1.8088961439843843e-07,0.0030844754073768854,0.003085270058363676
1,1,1961,2022-06-08,28021,0.009226636,0.009226812981069088,0.365,4.457423017356632e-07,0.009225011803209782,0.009227112866938114
1,1,1969,2022-06-08,28089,0.00784927,0.007848240435123444,0.75,9.879594244921464e-07,0.00784679502248764,0.007849879562854767
1,1,1975,2022-06-08,28149,0.008625659,0.008625822141766548,0.355,3.325068860249303e-07,0.008625449612736702,0.008627232164144516
1,1,1980,2022-06-08,29015,0.0065200124,0.0065199751406908035,0.66,1.6609348563179083e-07,0.006519904360175133,0.006520696450024843
1,1,1981,2022-06-08,29019,0.005360269,0.005360548850148916,0.295,3.025979140147683e-06,0.005359997041523457,0.005375011824071407
1,1,1984,2022-06-08,29049,0.003587892,0.00358834327198565,0.175,2.7370658699510386e-06,0.0035876280162483454,0.003601450240239501
1,1,1997,2022-06-08,29165,0.025508603,0.025508640334010124,0.27,1.8571394377886463e-07,0.02550845965743065,0.025509390980005264
1,1,2005,2022-06-08,32005,0.0026382895,0.0026072808541357517,0.565,0.00014369814016390592,0.0022682142443954945,0.002889505121856928
1,1,2009,2022-06-08,32015,0.010689337,0.010689463466405869,0.365,2.581925286904152e-07,0.010688970796763897,0.010689947754144669
1,1,2016,2022-06-08,34007,0.0006019994,0.0006030222866684198,0.395,3.7337770208978327e-06,0.000598213926423341,0.0006143146310932934
1,1,2021,2022-06-08,35003,4.3014225e-05,4.2997184209525585e-05,0.96,8.229353198885292e-09,4.298465501051396e-05,4.3015908886445686e-05
1,1,2033,2022-06-08,37049,0.0016206887,0.0016203902196139097,0.725,4.272914679859241e-07,0.0016197460936382413,0.001621764269657433
1,1,2036,2022-06-08,37061,0.001746436,0.0017457185313105583,0.935,4.343133355177997e-07,0.0017450002487748861,0.0017471069004386663
1,1,2039,2022-06-08,37119,0.0008288074,0.0008290121331810951,0.085,1.0949323581144199e-07,0.0008287576492875814,0.0008292580605484545
1,1,2046,2022-06-08,37153,0.0007700808,0.0007699826383031905,0.58,5.957113557997218e-07,0.0007689552730880678,0.000772076309658587
1,1,2049,2022-06-08,39009,0.034825042,0.03482513502240181,0.42,3.9802969808988564e-07,0.034823883324861526,0.03482571989297867
1,1,2051,2022-06-08,39015,0.013726257,0.013726567849516869,0.31,5.29750707300991e-07,0.013724887743592262,0.013727223500609398
1,1,2058,2022-06-08,39037,0.002288859,0.0022883403580635786,0.815,4.213402178265824e-07,0.002287830924615264,0.002289273776113987
1,1,2066,2022-06-08,39073,0.016617687,0.016617732122540474,0.47,5.629316319755162e-07,0.016615932807326317,0.016618527472019196
1,1,2067,2022-06-08,39083,0.003039999,0.0030399884562939405,0.535,1.7300068577696948e-07,0.003039795905351639,0.0030405861325562
1,1,2091,2022-06-08,40071,0.001961147,0.0019610989838838577,0.835,7.009320057704826e-08,0.0019608682487159967,0.0019612677861005068
1,1,2092,2022-06-08,40081,0.057006784,0.05700674653053284,0.85,1.3006491883515992e-07,0.05700622498989105,0.057006802409887314
1,1,2093,2022-06-08,40097,0.005294726,0.005294742062687874,0.23,5.350721821173465e-08,0.0052947080694139,0.005294909235090017
1,1,2094,2022-06-08,40103,0.012408005,0.01240801066160202,0.28,2.018253653091051e-08,0.012407995760440826,0.01240807306021452
1,1,2099,2022-06-08,40131,0.004861549,0.004861625377088785,0.04,1.015249964098075e-07,0.00486154155805707,0.004861940164119005
1,1,2101,2022-06-08,40139,0.003095798,0.003094552317634225,0.795,1.8178969867221895e-06,0.003092472441494465,0.003100762842223048
1,1,2106,2022-06-08,42007,0.0024997494,0.002501178765669465,0.075,1.0161014643017552e-06,0.0024993198458105326,0.0025043077766895294
1,1,2113,2022-06-08,45053,0.00080312835,0.0008027986623346806,0.91,3.3293557066826907e-07,0.0008020714158192277,0.0008034942438825965
1,1,2115,2022-06-08,45079,0.00032438108,0.0003249213914386928,0.16,4.894648100162158e-07,0.0003239456273149699,0.000326265930198133
1,1,2124,2022-06-08,46035,0.0031718214,0.0031716388184577227,0.605,7.391855092464539e-07,0.003171030431985855,0.0031738767866045237
1,1,2128,2022-06-08,46053,0.0019396581,0.0019399040611460805,0.245,5.040311066295544e-07,0.0019394959090277553,0.0019413330592215061
1,1,2131,2022-06-08,46063,0.032700934,0.03270120173692703,0.325,2.7914333600165264e-07,0.03270070254802704,0.03270149603486061
1,1,2132,2022-06-08,46065,0.0027614918,0.002761386800557375,0.55,2.272128313052235e-06,0.002760076429694891,0.0027683041989803314
1,1,2148,2022-06-08,46119,0.0022976843,0.0022993329912424088,0.15,5.735201739298645e-06,0.002296135760843754,0.0023166148457676172
1,1,2154,2022-06-08,48065,0.042671636,0.04267160966992378,0.9,1.9498257231020943e-08,0.042671579867601395,0.04267163947224617
1,1,2157,2022-06-08,48087,0.0033610945,0.003361066337674856,0.52,2.552880289385939e-07,0.003360565286129713,0.003361466806381941
1,1,2161,2022-06-08,48117,0.00786599,0.007865779101848602,0.78,2.1898823376886867e-07,0.007865505293011665,0.007866463623940945
1,1,2162,2022-06-08,48125,0.0028685122,0.0028685349971055984,0.205,4.6106251261335274e-08,0.0028684420976787806,0.0028686621226370335
1,1,2168,2022-06-08,48195,0.14668603,0.14668603241443634,0.14,1.2687881856265903e-08,0.14668598771095276,0.14668606221675873
1,1,2175,2022-06-08,48303,0.00066647335,0.0006667426787316799,0.42,1.519330339760927e-06,0.0006648259586654603,0.0006718788063153625
1,1,2188,2022-06-08,51003,0.002349937,0.0023499801754951477,0.42,1.6705692473806266e-07,0.002349723828956485,0.0023502681870013475
1,1,2190,2022-06-08,51015,0.0009079436,0.000908173737116158,0.47,1.2357994592093746e-06,0.000906107947230339,0.0009108920348808169
1,1,2192,2022-06-08,51047,0.0008248857,0.0008242244366556406,0.94,3.5238213058619294e-07,0.0008236589492298663,0.000825288298074156
1,1,2204,2022-06-08,51127,0.013744674,0.013745024800300598,0.03,1.4981020513005205e-07,0.013744602911174297,0.01374523714184761
1,1,2207,2022-06-08,51149,0.00057490787,0.0005723556969314814,0.94,1.2706880170298973e-06,0.0005709059187211096,0.0005764440866187215
1,1,2209,2022-06-08,51157,0.0026593374,0.002658755984157324,0.995,1.6223475540755317e-07,0.002658574841916561,0.0026593590155243874
1,1,2223,2022-06-08,54053,0.0036436822,0.0036437276285141706,0.42,3.4650352631615533e-07,0.0036424093414098024,0.003644073847681284
1,1,2229,2022-06-08,54091,0.05021212,0.05021297186613083,0.165,8.940922384681471e-07,0.05021018907427788,0.05021442472934723
1,1,2232,2022-06-08,54107,0.007313947,0.007313849404454231,0.675,2.8276318175812776e-07,0.007312955800443888,0.00731428200379014
1,1,2236,2022-06-08,55133,0.0048658643,0.004865873605012894,0.09,8.85166873132448e-09,0.004865857772529125,0.0048659080639481544
1,1,2237,2022-06-08,56005,0.0017925702,0.001794158248230815,0.24,1.1355962215020554e-06,0.001791473594494164,0.0017952596535906196
1,1,2238,2022-06-08,56021,0.0004824102,0.0004820250323973596,0.87,2.4932475639616314e-07,0.0004816285509150475,0.0004827309458050877
1,1,2245,2024-02-27,04001,0.00044523831,0.00044350206735543907,0.555,7.73020201449981e-06,0.0004355070414021611,0.0004634276556316763
1,1,2250,2024-02-27,06017,0.010224881,0.010224990546703339,0.46,3.339072236485663e-06,0.010223512537777424,0.010243670083582401
1,1,2253,2024-02-27,06029,0.000629113,0.0006271194433793426,0.73,3.431664936215384e-06,0.0006199111230671406,0.0006303438567556441
1,1,2263,2024-02-27,06065,0.0006216997,0.0006227318663150072,0.355,1.7900505326906568e-06,0.0006203264347277582,0.0006270140875130892
1,1,2266,2024-02-27,06075,0.0019465792,0.002164519391953945,0.06,0.0003398448752705008,0.0019315876998007298,0.003623500932008028
1,1,2268,2024-02-27,06087,0.003095637,0.003075265558436513,0.76,0.00023173422960098833,0.0030002822168171406,0.005134819075465202
1,1,2269,2024-02-27,06091,0.1313697,0.13139617443084717,0.21,0.00013648203457705677,0.13070854544639587,0.13141955435276031
1,1,2272,2024-02-27,08009,0.0011081232,0.0010184512939304113,0.705,8.168591739377007e-05,0.0009138163295574486,0.0011839474318549037
1,1,2273,2024-02-27,08013,0.00024120075,0.0002414756454527378,0.31,3.692074983518978e-07,0.00024076680711004883,0.0002422126563033089
1,1,2279,2024-02-27,08051,0.006854907,0.006843825802206993,0.52,0.0004941357183270156,0.006474344991147518,0.00889495387673378
1,1,2280,2024-02-27,08069,0.00041786933,0.0004176601069048047,0.63,5.629261181638867e-07,0.0004162496770732105,0.00041844198131002486
1,1,2283,2024-02-27,08081,0.007404781,0.007376571651548147,0.64,0.00011019460362149402,0.006937806028872728,0.0074564190581440926
1,1,2286,2024-02-27,08101,0.00039695945,0.000395978830056265,0.525,1.1509594514791388e-05,0.00037837750278413296,0.00042392726754769683
1,1,2288,2024-02-27,08105,0.006294124,0.005837332457304001,0.95,0.00028057253803126514,0.005303770769387484,0.00642023328691721
1,1,2293,2024-02-27,13073,0.00046431267,0.00046258943621069193,0.695,3.7210556911304593e-06,0.0004595360951498151,0.00047933057066984475
1,1,2299,2024-02-27,13139,0.0014061439,0.0014071774203330278,0.4,5.924511242483277e-06,0.00140297447796911,0.001438576146028936
1,1,2300,2024-02-27,13147,0.00091012433,0.0009086214704439044,0.765,2.009863464991213e-06,0.0009072907851077616,0.0009178007603622973
1,1,2311,2024-02-27,16015,0.014629182,0.01462320052087307,0.84,7.763256689941045e-06,0.014613039791584015,0.014654984697699547
1,1,2312,2024-02-27,16025,0.0055758446,0.005575722549110651,0.52,1.4036917264093063e-06,0.005574247799813747,0.005582097917795181
1,1,2314,2024-02-27,16039,0.009112377,0.00911868829280138,0.33,1.3001987099414691e-05,0.009103532880544662,0.009161579422652721
1,1,2327,2024-02-27,17063,0.0018422344,0.0018322453834116459,0.75,1.2808392057195306e-05,0.0018134479178115726,0.0018667859258130193
1,1,2332,2024-02-27,17103,0.0013437526,0.0013244595611467957,0.86,2.52649188041687e-05,0.0012652903096750379,0.0013872254639863968
1,1,2333,2024-02-27,17143,0.0012151897,0.0012048757635056973,0.605,1.9908806280000135e-05,0.0011782472720369697,0.0012453196104615927
1,1,2339,2024-02-27,17193,0.0012024085,0.001200876315124333,0.605,7.838631972845178e-06,0.0011928352760151029,0.0012308580335229635
1,1,2340,2024-02-27,17199,0.0014896392,0.0014889759477227926,0.725,1.417871658304648e-06,0.0014872705796733499,0.0014942545676603913
1,1,2341,2024-02-27,18003,0.0016420017,0.0018167505040764809,0.09,0.0005720425397157669,0.0016254648799076676,0.004453360568732023
1,1,2342,2024-02-27,18021,0.0013714471,0.0012391309719532728,0.9,7.901622302597389e-05,0.0011648312211036682,0.001523616025224328
1,1,2343,2024-02-27,18051,0.0018563878,0.0018586951773613691,0.42,1.2867625628132373e-05,0.0018481776351109147,0.001914685475639999
1,1,2344,2024-02-27,18059,0.001330133,0.0013993432512506843,0.21,0.00010994701733579859,0.0012938559520989656,0.0019338217098265886
1,1,2350,2024-02-27,18097,0.0010411853,0.0011589621426537633,0.04,0.00017294997815042734,0.0010351305827498436,0.001787791377864778
1,1,2358,2024-02-27,21011,0.006248115,0.006244218908250332,0.815,1.2619346307474189e-05,0.006242952309548855,0.006320498883724213
1,1,2361,2024-02-27,21021,0.0038506666,0.003839863231405616,0.665,7.311265653697774e-05,0.0038186036981642246,0.004258349072188139
1,1,2372,2024-02-27,21083,0.00202848,0.002030549803748727,0.015,1.6280694126180606e-06,0.0020284000784158707,0.002036208054050803
1,1,2374,2024-02-27,21091,0.002657485,0.002656123600900173,0.795,2.5412030026927823e-06,0.002654861891642213,0.00266989110969007
1,1,2376,2024-02-27,21097,0.0038777278,0.003865921637043357,0.65,8.43100860947743e-05,0.0038448853883892298,0.004397339187562466
1,1,2389,2024-02-27,21205,0.003497966,0.0034926352091133595,0.695,1.818088821892161e-05,0.003482157364487648,0.003586108097806573
1,1,2390,2024-02-27,21207,0.0050553507,0.005055424757301807,0.38,3.32194787233675e-07,0.005053957458585501,0.0050557018257677555
1,1,2397,2024-02-27,25005,0.003529194,0.0036719725467264652,0.39,0.0010369844967499375,0.0032842387445271015,0.009100094437599182
1,1,2402,2024-02-27,25021,0.0017052048,0.0019376104464754462,0.21,0.0004881388449575752,0.0015685026301071048,0.004370774608105421
1,1,2414,2024-02-27,29133,0.0013101322,0.001312126754783094,0.185,2.4040496100496966e-06,0.0013090616557747126,0.0013207143638283014
1,1,2421,2024-02-27,30007,0.0022038862,0.002174495719373226,0.965,1.31454235088313e-05,0.002165377140045166,0.002204607706516981
1,1,2426,2024-02-27,30035,0.00621199,0.002135275397449732,0.935,0.001720317522995174,0.0015202757203951478,0.0071772919036448
1,1,2435,2024-02-27,30073,0.0014849604,0.0010817197617143393,0.66,0.0003707603900693357,0.000952939735725522,0.00203107506968081
1,1,2437,2024-02-27,30089,0.0078654485,0.007864192128181458,0.52,1.955290645128116e-05,0.007838975638151169,0.0079196160659194
1,1,2442,2024-02-27,32005,0.02548271,0.025579052045941353,0.335,0.0010296694235876203,0.025424586609005928,0.030751867219805717
1,1,2446,2024-02-27,32015,0.015518719,0.015536772087216377,0.265,7.66163066145964e-05,0.015512628480792046,0.01603967882692814
1,1,2449,2024-02-27,32023,0.004710436,0.004735960625112057,0.385,0.0009632461587898433,0.004685580730438232,0.012320969253778458
1,1,2457,2024-02-27,35003,0.000955975,0.0009688477730378509,0.275,1.425224581907969e-05,0.0009492405806668103,0.0009915163973346353
1,1,2458,2024-02-27,35005,0.0036817882,0.0036825507413595915,0.265,1.2795586599168018e-06,0.003680169815197587,0.003685298375785351
1,1,2461,2024-02-27,35015,0.00041516073,0.00042258144821971655,0.345,1.491427519795252e-05,0.000395229464629665,0.0004773398395627737
1,1,2464,2024-02-27,35027,0.0010997051,0.001100976369343698,0.435,1.1043692211387679e-05,0.001079568755812943,0.0011211175005882978
1,1,2466,2024-02-27,35033,0.0012070071,0.0012561253970488906,0.425,0.00014605048636440188,0.0011072107590734959,0.0015766257420182228
1,1,2483,2024-02-27,36027,0.0010913161,0.0010938509367406368,0.485,0.0002808082790579647,0.0010574795305728912,0.0032838971819728613
1,1,2488,2024-02-27,36041,0.24421555,0.25090163946151733,0.27,0.008494011126458645,0.2253294736146927,0.25966882705688477
1,1,2494,2024-02-27,36059,0.0021656821,0.0023368094116449356,0.165,0.000597469974309206,0.002135535003617406,0.0058146934024989605
1,1,2506,2024-02-27,36113,0.046196107,0.05025285482406616,0.14,0.003542053746059537,0.03581561520695686,0.05289734899997711
1,1,2507,2024-02-27,36115,0.02010578,0.01877777837216854,0.75,0.0020942571572959423,0.013311134651303291,0.02073344774544239
1,1,2509,2024-02-27,36119,0.0019221619,0.0019616377539932728,0.045,0.00028183209360577166,0.0019212327897548676,0.003810861147940159
1,1,2510,2024-02-27,37067,0.00111466,0.0011180783621966839,0.225,1.0916170140262693e-05,0.0011130101047456264,0.0011769273551180959
1,1,2512,2024-02-27,37199,0.002971538,0.002669766079634428,0.945,0.0001319276198046282,0.0025921824853867292,0.0033082899171859026
1,1,2519,2024-02-27,39089,0.0024760773,0.002212219638749957,0.6,0.0024263611994683743,0.0015267946291714907,0.013697718270123005
1,1,2534,2024-02-27,40139,0.0013785746,0.0012179699260741472,0.775,0.00012010097270831466,0.0010840207105502486,0.0015512474346905947
1,1,2536,2024-02-27,41025,0.012211678,0.012785804457962513,0.325,0.0016566939884796739,0.011028879322111607,0.017013249918818474
1,1,2541,2024-02-27,42087,0.0015206216,0.0016008364036679268,0.455,0.0016497231554239988,0.0010930743301287293,0.011516325175762177
1,1,2551,2024-02-27,45079,0.0005119749,0.0005165834445506334,0.35,1.5926370906527154e-05,0.0005070155020803213,0.0006050214287824929
1,1,2556,2024-02-27,46065,0.0019236467,0.0019272041972726583,0.13,5.71044211028493e-06,0.0019222721457481384,0.0019512387225404382
1,1,2560,2024-02-27,47029,0.002669726,0.002691522240638733,0.405,8.908717427402735e-05,0.0026010735891759396,0.003082783194258809
1,1,2563,2024-02-27,47105,0.024460182,0.024462461471557617,0.34,1.0179328455706127e-05,0.024415070191025734,0.02446618303656578
1,1,2571,2024-02-27,48065,0.034137692,0.034256186336278915,0.175,7.48101738281548e-05,0.034099895507097244,0.03436891734600067
1,1,2573,2024-02-27,48079,0.00062106847,0.0005897239898331463,0.875,2.682759986782912e-05,0.0005339289200492203,0.0006423872546292841
1,1,2574,2024-02-27,48087,0.0039494955,0.0039480943232774734,0.6,3.652939767562202e-06,0.003942803479731083,0.0039597926661372185
1,1,2575,2024-02-27,48109,0.010829263,0.01082744263112545,0.695,3.5545981518225744e-06,0.010815855115652084,0.010833228006958961
1,1,2577,2024-02-27,48117,0.00075895654,0.0007611534092575312,0.48,3.17256199195981e-05,0.0006978321471251547,0.0008280795300379395
1,1,2583,2024-02-27,48195,0.001847107,0.0015749481972306967,0.85,0.00016194010095205158,0.0013727605110034347,0.001975446008145809
1,1,2590,2024-02-27,48303,0.0006471592,0.000644162530079484,0.565,1.4377598745340947e-05,0.0006120071047917008,0.0006762160919606686
1,1,2594,2024-02-27,48369,0.00071125303,0.0007027084357105196,0.57,4.5721084461547434e-05,0.0006111858529038727,0.0008115281816571951
1,1,2599,2024-02-27,48501,0.00055742945,0.0005542202270589769,0.655,5.8080381677427795e-06,0.0005392000311985612,0.0005664302734658122
1,1,2604,2024-02-27,49011,0.009559101,0.009430154226720333,0.505,0.004888804163783789,0.005057940725237131,0.022771725431084633
1,1,2613,2024-02-27,49035,0.0072543677,0.007344984449446201,0.31,0.000402394391130656,0.007106598932296038,0.008771250024437904
1,1,2618,2024-02-27,49045,0.00881031,0.008986258879303932,0.31,0.00044713480747304857,0.008638009428977966,0.010489153675734997
1,1,2621,2024-02-27,49051,0.0076880115,0.0076782722026109695,0.595,3.2157404348254204e-05,0.0076406667940318584,0.007792007178068161
1,1,2626,2024-02-27,50005,0.0066286973,0.0038245294708758593,0.845,0.0026856097392737865,0.002101629041135311,0.01884148269891739
1,1,2627,2024-02-27,50007,0.0039912337,0.006828345824033022,0.205,0.004895693622529507,0.0025576844345778227,0.024724649265408516
1,1,2635,2024-02-27,50023,0.004723487,0.006025077775120735,0.325,0.005811052862554789,0.0033346395939588547,0.03472942113876343
1,1,2639,2024-02-27,51089,0.00072385056,0.0007225570734590292,0.795,1.9634971977211535e-06,0.0007209295290522277,0.0007331488304771483
1,1,2641,2024-02-27,51680,0.003080707,0.0030805589631199837,0.54,2.6070706553582568e-06,0.0030792043544352055,0.003092651953920722
1,1,2656,2024-02-27,56021,0.00089495943,0.0008574669482186437,0.87,2.44712191488361e-05,0.0008222474134527147,0.0009236584883183241
1,2,2,2019-03-13,01015,0.0022891392,0.002292789053171873,0.285,4.744258603750495e-06,0.00228394428268075,0.0022987942211329937
1,2,4,2019-03-13,01037,0.020098435,0.020104296505451202,0.015,2.7599846816883655e-06,0.020098311826586723,0.020107317715883255
1,2,15,2019-03-13,01115,0.003847293,0.003857664531096816,0.08,6.251968443393707e-06,0.0038440320640802383,0.003863890888169408
1,2,18,2019-03-13,01133,0.006800921,0.006848455406725407,0.125,2.9828999686287716e-05,0.006779608782380819,0.00687782745808363
1,2,25,2019-03-13,08039,0.017992241,0.018061012029647827,0.39,0.0003474335535429418,0.017806166782975197,0.01881425641477108
1,2,26,2019-03-13,08041,0.017812165,0.018812689930200577,0.425,0.003245564177632332,0.01594812422990799,0.025220848619937897
1,2,27,2019-03-13,08061,0.014732982,0.013216489925980568,0.835,0.0013026789529249072,0.01146590244024992,0.015523526817560196
1,2,38,2019-03-13,17059,0.009613085,0.010236665606498718,0.355,0.001249639200977981,0.009180733002722263,0.013074679300189018
1,2,41,2019-03-13,17075,0.0064149173,0.01133764535188675,0.135,0.004782307893037796,0.006397221237421036,0.01960041932761669
1,2,46,2019-03-13,17145,0.01064254,0.010812396183609962,0.255,0.00014038340304978192,0.010496740229427814,0.010931963101029396
1,2,49,2019-03-13,17165,0.010366489,0.010001962073147297,0.57,0.001087144366465509,0.009390159510076046,0.012984642758965492
1,2,56,2019-03-13,18019,0.004823979,0.0053509194403886795,0.4,0.0010501770302653313,0.003919810988008976,0.006896008737385273
1,2,57,2019-03-13,18037,0.010995298,0.010836901143193245,0.6,0.0003063008189201355,0.010535328648984432,0.011505993083119392
1,2,61,2019-03-13,18063,0.008156031,0.008434411138296127,0.4,0.0006960674654692411,0.007747439667582512,0.009975409135222435
1,2,72,2019-03-13,18141,0.0028066419,0.0036593943368643522,0.12,0.0008842849056236446,0.00272765033878386,0.0057227639481425285
1,2,77,2019-03-13,18173,0.010465391,0.01026338990777731,0.645,0.00033805606653913856,0.009873122908174992,0.010955965146422386
1,2,89,2019-03-13,20175,0.024021748,0.01954079419374466,0.665,0.006057450547814369,0.012717010453343391,0.030423076823353767
1,2,90,2019-03-13,20179,0.015240394,0.013627419248223305,0.785,0.0018194095464423299,0.011029431596398354,0.016901599243283272
1,2,99,2019-03-13,21039,0.0506866,0.05072934925556183,0.445,0.00011633735994109884,0.050497591495513916,0.050842441618442535
1,2,100,2019-03-13,21041,0.008963612,0.009888657368719578,0.195,0.0006461149896495044,0.008674288168549538,0.010557746514678001
1,2,106,2019-03-13,21075,0.013810681,0.013403338380157948,0.64,0.0007436137530021369,0.012566194869577885,0.014858094975352287
1,2,115,2019-03-13,21145,0.011673807,0.011678392067551613,0.465,5.138595952303149e-05,0.01161788497120142,0.011801321990787983
1,2,116,2019-03-13,21147,0.0050402666,0.004472729749977589,0.68,0.0006308078882284462,0.003980167210102081,0.006054295692592859
1,2,119,2019-03-13,21177,0.009079769,0.007565716281533241,0.845,0.0010523198870941997,0.006473027169704437,0.009771282784640789
1,2,125,2019-03-13,21221,0.00890018,0.008327148854732513,0.725,0.0005962004652246833,0.007663394790142775,0.009443926624953747
1,2,127,2019-03-13,21225,0.013170701,0.013090305961668491,0.745,9.96911694528535e-05,0.012879814021289349,0.013182529248297215
1,2,128,2019-03-13,21227,0.0046796054,0.004832176491618156,0.425,0.0006825609598308802,0.004156764131039381,0.0063088200986385345
1,2,138,2019-03-13,26099,0.0045585395,0.005406911484897137,0.09,0.0006445932667702436,0.004513965453952551,0.006459609139710665
1,2,148,2019-03-13,28099,0.0017028725,0.0015120265306904912,0.945,0.00010881387424888089,0.0013894244330003858,0.0017379140481352806
1,2,150,2019-03-13,28107,0.005849967,0.006003372371196747,0.33,0.0002797978522721678,0.005659969989210367,0.006453609559684992
1,2,156,2019-03-13,29189,0.0026533098,0.005226931534707546,0.215,0.002912396565079689,0.002224693773314357,0.011183639988303185
1,2,157,2019-03-13,29207,0.0104069365,0.010701946914196014,0.02,0.0003536578733474016,0.010403935797512531,0.01153174601495266
1,2,163,2019-03-13,34031,0.002603754,0.0026077590882778168,0.39,1.3701939678867348e-05,0.002585813868790865,0.002628991613164544
1,2,169,2019-03-13,36087,0.0052626315,0.005264445208013058,0.48,1.4529124200635124e-05,0.005242191720753908,0.005286362487822771
1,2,177,2019-03-13,39047,0.026754426,0.02664092183113098,0.64,0.00029395235469564795,0.02596501260995865,0.026920638978481293
1,2,180,2019-03-13,39061,0.0035741415,0.004794374108314514,0.105,0.0013953252928331494,0.0035001833457499743,0.007731680292636156
1,2,183,2019-03-13,39087,0.0019050243,0.0017541435081511736,0.645,0.00027417868841439486,0.001452723634429276,0.002286389470100403
1,2,186,2019-03-13,39119,0.0077806166,0.007395401131361723,0.575,0.0013194791972637177,0.005532506387680769,0.009709910489618778
1,2,188,2019-03-13,39129,0.006592802,0.0065248748287558556,0.665,0.00011158076813444495,0.006319132167845964,0.0066781602799892426
1,2,192,2019-03-13,40007,0.019602593,0.018260210752487183,0.605,0.003233963856473565,0.014278908260166645,0.024273451417684555
1,2,204,2019-03-13,40055,0.012020019,0.011600189842283726,0.545,0.0017607951303943992,0.009730497375130653,0.014972195029258728
1,2,206,2019-03-13,40059,0.017673599,0.016791341826319695,0.59,0.002296504331752658,0.014645331539213657,0.022024985402822495
1,2,212,2019-03-13,40109,0.0080220355,0.008455709554255009,0.395,0.0011064741993322968,0.0073695057071745396,0.010735997930169106
1,2,214,2019-03-13,40129,0.01636824,0.016262073069810867,0.51,0.001944080926477909,0.013952814973890781,0.019843053072690964
1,2,220,2019-03-13,42091,0.0007254529,0.000680202036164701,0.875,2.7695457902154885e-05,0.000648563087452203,0.0007380609167739749
1,2,226,2019-03-13,48003,0.006565842,0.006309816613793373,0.725,0.0003584228688850999,0.005755082704126835,0.00733026210218668
1,2,243,2019-03-13,48113,0.0017503017,0.0017148909391835332,0.61,0.00013450891128741205,0.0016166745917871594,0.0020099913235753775
1,2,244,2019-03-13,48115,0.010073846,0.00904899649322033,0.71,0.0011295125586912036,0.007779518608003855,0.011362994089722633
1,2,247,2019-03-13,48129,0.011730424,0.01323783677071333,0.355,0.002382089616730809,0.010198311880230904,0.01734420657157898
1,2,255,2019-03-13,48169,0.011539738,0.011102091521024704,0.595,0.0013256646925583482,0.009364170953631401,0.013441605493426323
1,2,259,2019-03-13,48183,0.004590166,0.004519971087574959,0.705,8.93643664312549e-05,0.004402547609061003,0.004669276997447014
1,2,265,2019-03-13,48207,0.011945634,0.011503544636070728,0.59,0.0011903434060513973,0.009973629377782345,0.013782588765025139
1,2,269,2019-03-13,48221,0.005816727,0.005680822767317295,0.575,0.00025305754388682544,0.005461460445076227,0.006255485583096743
1,2,277,2019-03-13,48257,0.0072851093,0.00667302031069994,0.89,0.0004696194373536855,0.006007349584251642,0.0074456860311329365
1,2,280,2019-03-13,48295,0.02227695,0.018975133076310158,0.665,0.0039446065202355385,0.014332032762467861,0.02612905018031597
1,2,283,2019-03-13,48305,0.01973725,0.02082168310880661,0.2,0.0009487888310104609,0.019135871902108192,0.022059040144085884
1,2,287,2019-03-13,48337,0.007782211,0.007660713978111744,0.69,0.0001630795595701784,0.007438691798597574,0.007949422113597393
1,2,289,2019-03-13,48345,0.015748829,0.01569601707160473,0.505,0.002406403189525008,0.012950578704476357,0.02009003609418869
1,2,291,2019-03-13,48353,0.005804802,0.0058745816349983215,0.45,0.0002316296158824116,0.005701642949134111,0.0063989609479904175
1,2,298,2019-03-13,48375,0.06667938,0.06666168570518494,0.51,0.001079147681593895,0.06460041552782059,0.06794292479753494
1,2,300,2019-03-13,48381,0.023198115,0.022620927542448044,0.82,0.0006000025314278901,0.021565737202763557,0.02345418930053711
1,2,313,2019-03-13,48447,0.041936792,0.04194919764995575,0.495,0.00016797029820736498,0.04180201143026352,0.042346641421318054
1,2,314,2019-03-13,48451,0.0057083066,0.005753225646913052,0.295,5.216469435254112e-05,0.005687045864760876,0.00584615021944046
1,2,319,2019-03-13,48495,0.0058178916,0.006360848434269428,0.035,0.0006044094334356487,0.00576966954395175,0.00775917898863554
1,2,326,2021-03-26,01027,0.0024824152,0.002479651477187872,0.92,2.0886184302071342e-06,0.0024764405097812414,0.002483067801222205
1,2,327,2021-03-26,01031,0.0019538759,0.0019505106611177325,0.965,2.214221467511379e-06,0.001947253942489624,0.0019543294329196215
1,2,329,2021-03-26,01037,0.018726386,0.018729474395513535,0.02,1.8648133845999837e-06,0.01872633956372738,0.01873205415904522
1,2,335,2021-03-26,01071,0.007911385,0.007910449057817459,0.6,3.423792577450513e-06,0.007905256003141403,0.007916538044810295
1,2,339,2021-03-26,01093,0.003243067,0.0032414081506431103,0.815,1.5942629261189722e-06,0.003238959237933159,0.0032438612543046474
1,2,345,2021-03-26,01133,0.0075308494,0.007530964910984039,0.295,1.8783832445024018e-07,0.007530640345066786,0.007531315553933382
1,2,347,2021-03-26,05013,0.0039933603,0.003998634405434132,0.15,4.661683306039777e-06,0.003991157282143831,0.004006092436611652
1,2,349,2021-03-26,05039,0.013566311,0.013566185720264912,0.775,1.928302850728869e-07,0.013565756380558014,0.01356659084558487
1,2,355,2021-03-26,05091,0.037368987,0.03736920654773712,0.245,3.6390375157679955e-07,0.037368666380643845,0.03736990690231323
1,2,362,2021-03-26,08041,0.00049886276,0.0005147402407601476,0.345,2.299964580743108e-05,0.00048420901293866336,0.0005535534583032131
1,2,369,2021-03-26,12063,0.0006016278,0.0005960974376648664,0.885,4.711292604042683e-06,0.0005890012835152447,0.0006030530203133821
1,2,379,2021-03-26,13137,0.0015459874,0.0015320214442908764,0.65,2.046407462330535e-05,0.0015066441847011447,0.0015775907086208463
1,2,381,2021-03-26,13149,0.06940945,0.06941142678260803,0.075,1.3554887345890165e-06,0.06940918415784836,0.06941331177949905
1,2,383,2021-03-26,13193,0.0024428167,0.002443028846755624,0.085,3.3439329172324506e-07,0.0024426348973065615,0.0024441585410386324
1,2,386,2021-03-26,13225,0.0046717944,0.004672157112509012,0.22,4.983608050679322e-07,0.004671499598771334,0.004673379007726908
1,2,399,2021-03-26,16019,0.02217605,0.021728897467255592,0.72,0.00046312183258123696,0.020959634333848953,0.022254932671785355
1,2,405,2021-03-26,16035,0.02148725,0.018811769783496857,0.95,0.002275073667988181,0.014936583116650581,0.02162379026412964
1,2,407,2021-03-26,16041,0.0013949963,0.0014265719801187515,0.06,3.150132033624686e-05,0.001392760081216693,0.0014878531219437718
1,2,417,2021-03-26,16067,0.0008879866,0.0009163279319182038,0.14,1.9746265024878085e-05,0.0008823390817269683,0.0009457436972297728
1,2,418,2021-03-26,16069,0.0047609806,0.0055115302093327045,0.205,0.0006887897616252303,0.004629393108189106,0.006818552501499653
1,2,421,2021-03-26,16077,0.0014435583,0.0016839923337101936,0.275,0.00028830787050537765,0.0013426478253677487,0.00218151044100523
1,2,430,2021-03-26,17059,0.0017303003,0.0017358546610921621,0.12,3.946811830246588e-06,0.0017291224794462323,0.0017427372513338923
1,2,435,2021-03-26,17119,0.0022667344,0.0022651883773505688,0.725,1.6190360838663764e-06,0.002263101050630212,0.0022677055094391108
1,2,440,2021-03-26,17165,0.0011037253,0.0011057917727157474,0.395,3.61318961950019e-06,0.001100440276786685,0.0011137487599626184
1,2,445,2021-03-26,18005,0.003213311,0.003212474286556244,0.525,5.725248684029793e-06,0.0032045270781964064,0.003222627565264702
1,2,450,2021-03-26,18035,0.0018411883,0.001876848516985774,0.005,1.762549436534755e-05,0.0018402780406177044,0.0019049664260819554
1,2,452,2021-03-26,18047,0.005929611,0.005913012661039829,0.79,1.6159403458004817e-05,0.005889274179935455,0.005936543922871351
1,2,456,2021-03-26,18063,0.0017497184,0.0017622262239456177,0.21,1.3039871191722341e-05,0.0017403826350346208,0.001784327789209783
1,2,470,2021-03-26,18161,0.0031378304,0.003109451849013567,0.63,5.184426481719129e-05,0.0030399260576814413,0.00320476945489645
1,2,472,2021-03-26,18173,0.0017686015,0.0017675298731774092,0.57,4.7749545046826825e-06,0.0017587426118552685,0.0017740549519658089
1,2,480,2021-03-26,20085,0.001559749,0.0015217721229419112,0.64,7.598500087624416e-05,0.0014118506805971265,0.0016434896970167756
1,2,485,2021-03-26,20141,0.0013300179,0.0013302478473633528,0.48,6.355785899359034e-06,0.0013147409772500396,0.0013473413418978453
1,2,490,2021-03-26,20179,0.001163953,0.0011718804016709328,0.16,1.358162444375921e-05,0.0011504476424306631,0.0012136916629970074
1,2,499,2021-03-26,21039,0.0019780665,0.0019789780490100384,0.31,2.0426202809176175e-06,0.0019748792983591557,0.001984591595828533
1,2,503,2021-03-26,21075,0.0012437876,0.0012452001683413982,0.165,2.1731013930548215e-06,0.00124258769210428,0.0012509404914453626
1,2,513,2021-03-26,21145,0.0011596732,0.0011604924220591784,0.36,2.4960224891401595e-06,0.0011570308124646544,0.0011677986476570368
1,2,516,2021-03-26,21177,0.0014366586,0.0014341030037030578,0.77,2.962448888865765e-06,0.0014293352141976357,0.0014390123542398214
1,2,517,2021-03-26,21183,0.004260314,0.004259422887116671,0.72,1.124870664170885e-06,0.004257733467966318,0.004261256195604801
1,2,518,2021-03-26,21209,0.002016712,0.001992610516026616,0.745,2.585635047580581e-05,0.001956127118319273,0.0020327717065811157
1,2,520,2021-03-26,21221,0.013433558,0.013433493673801422,0.725,9.207865048210806e-08,0.013433336280286312,0.013433704152703285
1,2,521,2021-03-26,21225,0.0013211799,0.0013257632963359356,0.08,3.6040485156263458e-06,0.001318655675277114,0.0013354802504181862
1,2,530,2021-03-26,24015,0.0012853284,0.0012862314470112324,0.49,1.2375766345940065e-05,0.001266022096388042,0.0013043418293818831
1,2,532,2021-03-26,24023,0.026458725,0.026424728333950043,0.59,7.95970408944413e-05,0.026288092136383057,0.02655576914548874
1,2,544,2021-03-26,25013,0.0037542146,0.003188692033290863,0.76,0.0006594281876459718,0.0022703022696077824,0.004314130637794733
1,2,545,2021-03-26,25015,0.005205545,0.003957752138376236,0.915,0.000900119892321527,0.002747065620496869,0.005609028972685337
1,2,552,2021-03-26,28013,0.0036706314,0.003670131554827094,0.85,5.288901547828573e-07,0.003669213503599167,0.0036708691623061895
1,2,554,2021-03-26,28029,0.0030781094,0.0030774869956076145,0.975,4.1590195110075e-07,0.003076784545555711,0.0030781496316194534
1,2,560,2021-03-26,28107,0.006873746,0.006872514262795448,0.625,1.930529151650262e-06,0.006870241370052099,0.006876038853079081
1,2,563,2021-03-26,28137,0.0059770304,0.005977410823106766,0.37,7.667715635761851e-07,0.005975671112537384,0.0059785726480185986
1,2,570,2021-03-26,29187,0.0004914626,0.0004972863243892789,0.05,5.829676865687361e-06,0.0004906931426376104,0.0005088514881208539
1,2,577,2021-03-26,30021,0.012750262,0.013261836022138596,0.365,0.0006558149470947683,0.012316582724452019,0.014215429313480854
1,2,580,2021-03-26,30029,0.013111247,0.018734697252511978,0.225,0.00561880087479949,0.012294978834688663,0.028186755254864693
1,2,590,2021-03-26,30071,0.0077296845,0.008294444531202316,0.17,0.0005582030862569809,0.007615246344357729,0.00930738728493452
1,2,597,2021-03-26,30087,0.011630904,0.011759458109736443,0.305,0.00014777839533053339,0.011582707986235619,0.01201533991843462
1,2,601,2021-03-26,30095,0.024303531,0.023713715374469757,0.725,0.0004896775935776532,0.023105096071958542,0.024427754804491997
1,2,606,2021-03-26,30109,0.013593237,0.014245199039578438,0.275,0.0006615954334847629,0.0133035434409976,0.015261014923453331
1,2,607,2021-03-26,30111,0.00817051,0.009731336496770382,0.23,0.0015284656547009945,0.007718551903963089,0.012393026612699032
1,2,612,2021-03-26,34005,0.0019318623,0.0018574432469904423,0.735,7.334622205235064e-05,0.0017606557812541723,0.0019718059338629246
1,2,624,2021-03-26,34041,0.003002719,0.0030495785176753998,0.02,8.209631050704047e-05,0.002998128067702055,0.003228946356102824
1,2,625,2021-03-26,36001,0.0036274607,0.0033248027320951223,0.935,0.00017697627481538802,0.003124430077150464,0.003673984669148922
1,2,636,2021-03-26,36057,0.007841374,0.007460190448909998,0.575,0.0012720272643491626,0.005730182398110628,0.009639187715947628
1,2,641,2021-03-26,36083,0.0031694092,0.0030015711672604084,0.785,0.0001596093934495002,0.00278573133982718,0.0032897412311285734
1,2,642,2021-03-26,36085,0.0011481908,0.0011724276700988412,0.335,2.6558707759249955e-05,0.0011346479877829552,0.0012130615068599582
1,2,645,2021-03-26,36101,0.0068442207,0.006828274577856064,0.805,2.9929977245046757e-05,0.006745766382664442,0.006869208533316851
1,2,656,2021-03-26,37115,0.01108071,0.011081170290708542,0.395,1.1115139386674855e-06,0.01107937004417181,0.011082794517278671
1,2,660,2021-03-26,37183,0.00092859316,0.0009270259761251509,0.52,1.9410717868595384e-05,0.0008991089416667819,0.0009612764697521925
1,2,665,2021-03-26,39021,0.018523382,0.018378648906946182,0.995,9.873403905658051e-05,0.018196623772382736,0.018524877727031708
1,2,666,2021-03-26,39023,0.0024898911,0.002568874042481184,0.185,7.866833766456693e-05,0.0024295984767377377,0.002698777709156275
1,2,675,2021-03-26,39047,0.00443899,0.004476443864405155,0.28,5.31249497726094e-05,0.004350554198026657,0.004588899202644825
1,2,679,2021-03-26,39061,0.0021482336,0.0021790764294564724,0.12,4.6581626520492136e-05,0.0021364253479987383,0.002284528687596321
1,2,687,2021-03-26,39091,0.053685207,0.05354277789592743,0.825,0.00012119244638597593,0.05335800349712372,0.05376044660806656
1,2,688,2021-03-26,39093,0.010035007,0.009956550784409046,0.57,0.00032791917328722775,0.00940426904708147,0.010534792207181454
1,2,696,2021-03-26,39129,0.004724216,0.004789041820913553,0.23,7.257911784108728e-05,0.004608415998518467,0.004909816198050976
1,2,704,2021-03-26,39159,0.0056498763,0.005781540647149086,0.185,0.00010290694626746699,0.005544234998524189,0.00590919703245163
1,2,705,2021-03-26,39165,0.0023493576,0.0023271958343684673,0.98,1.6494681403855793e-05,0.0022989711724221706,0.00234971777535975
1,2,710,2021-03-26,41021,0.0029427945,0.002986784791573882,0.13,2.922532439697534e-05,0.002938242629170418,0.0030274768359959126
1,2,716,2021-03-26,41055,0.0031796086,0.0032125634606927633,0.125,2.5307657779194415e-05,0.003174838377162814,0.003254005452618003
1,2,718,2021-03-26,41065,0.0061554303,0.006406928412616253,0.155,0.00023231736849993467,0.006114729214459658,0.006842891685664654
1,2,721,2021-03-26,42017,0.0016339797,0.0015476350672543049,0.66,0.0001108353171730414,0.001381209585815668,0.0017100927652791142
1,2,724,2021-03-26,42039,0.008880992,0.00885726697742939,0.565,0.00011140364222228527,0.00865977443754673,0.009144756011664867
1,2,726,2021-03-26,42049,0.014294625,0.014552020467817783,0.155,0.0002982468868140131,0.013964392244815826,0.015411141328513622
1,2,733,2021-03-26,42091,0.0012094006,0.0012559050228446722,0.005,4.893212462775409e-05,0.0012092672986909747,0.0013673616340383887
1,2,741,2021-03-26,45017,0.0016481723,0.0016303930897265673,0.98,1.1251077012275346e-05,0.0016134881880134344,0.0016488574910908937
1,2,742,2021-03-26,45029,0.00088362413,0.0008705712389200926,0.945,9.154968211078085e-06,0.0008577186381444335,0.0008851134916767478
1,2,745,2021-03-26,45059,0.0013091282,0.0013038202887400985,0.975,3.1156396289588884e-06,0.0012994433054700494,0.0013093379093334079
1,2,762,2021-03-26,46041,0.004837426,0.004908180329948664,0.175,6.560899782925844e-05,0.004801092203706503,0.005001448560506105
1,2,763,2021-03-26,46045,0.0032624688,0.0033507579937577248,0.015,5.720324770663865e-05,0.003257723292335868,0.0034339232370257378
1,2,766,2021-03-26,46051,0.0019742502,0.001955513609573245,0.68,4.025841917609796e-05,0.0018705347320064902,0.002004722598940134
1,2,774,2021-03-26,46075,0.016618352,0.016619395464658737,0.49,1.714400241326075e-05,0.01659570075571537,0.016647495329380035
1,2,776,2021-03-26,46085,0.0019368631,0.0019466883968561888,0.425,2.0303768906160258e-05,0.0019034376600757241,0.001971351681277156
1,2,779,2021-03-26,46093,0.0047643483,0.00476501602679491,0.5,0.00024342646065633744,0.004448754247277975,0.005159834399819374
1,2,782,2021-03-26,46103,0.00136506,0.001370387733913958,0.445,2.6440971851116046e-05,0.001331825042143464,0.0014066630974411964
1,2,783,2021-03-26,46105,0.010967189,0.011024566367268562,0.455,0.0003499311860650778,0.010583290830254555,0.011624566279351711
1,2,794,2021-03-26,47011,0.0061930506,0.006192040629684925,0.615,2.6343534500483656e-06,0.006188785657286644,0.00619714567437768
1,2,799,2021-03-26,47059,0.0040216353,0.0040186746045947075,0.7,3.1744934858579654e-06,0.0040154592134058475,0.004025204572826624
1,2,800,2021-03-26,47069,0.0013582286,0.0013570317532867193,0.815,1.0634919362928485e-06,0.0013550599105656147,0.0013595758937299252
1,2,813,2021-03-26,48037,0.00083566306,0.0008356943144463003,0.44,2.012794766415027e-07,0.0008352459990419447,0.00083617476047948
1,2,821,2021-03-26,50001,0.004771124,0.00473712757229805,0.56,0.0001661733112996444,0.004523139446973801,0.0050587765872478485
1,2,829,2021-03-26,51199,0.0039185914,0.003915384877473116,0.9,2.7403757485444658e-06,0.00391065189614892,0.003919313661754131
1,2,831,2021-03-26,53005,0.0020596473,0.0021107918582856655,0.14,3.5071239835815504e-05,0.002055009128525853,0.0021629424300044775
1,2,835,2021-03-26,53025,0.0008624569,0.0008732624119147658,0.13,8.57309623825131e-06,0.0008614202379249036,0.0008871150785125792
1,2,843,2021-03-26,54029,0.007930275,0.007838575169444084,0.645,0.00015338201774284244,0.007501428481191397,0.008065802045166492
1,2,855,2021-03-26,56019,0.0014259269,0.001472448231652379,0.39,6.975825090194121e-05,0.0013823156477883458,0.0015883386367931962
1,2,861,2021-03-26,56037,0.0007686258,0.0008143001468852162,0.26,5.007628715247847e-05,0.0007594127091579139,0.0008987878682091832
1,2,862,2021-03-26,56039,0.01539193,0.019143927842378616,0.285,0.0039205122739076614,0.01409281324595213,0.02550661936402321
1,2,863,2021-03-26,56043,0.0009837027,0.001084964256733656,0.39,0.00017451205349061638,0.0008956858073361218,0.0014110541669651866
1,2,864,2021-03-26,56045,0.0030727668,0.003070603124797344,0.535,1.5117268048925325e-05,0.003047607373446226,0.003092600032687187
1,2,865,2021-12-11,01071,0.0030233513,0.003007256193086505,0.545,6.036130798747763e-05,0.002932881237939,0.003116676351055503
1,2,871,2021-12-11,04005,0.0067292615,0.0068055628798902035,0.47,0.0007312259986065328,0.005923782475292683,0.008212785236537457
1,2,877,2021-12-11,04023,0.0007907707,0.0007887871470302343,0.655,3.0903047445463017e-06,0.0007836432196199894,0.0007944326498545706
1,2,883,2021-12-11,05039,0.014423091,0.014458199962973595,0.085,1.8689439457375556e-05,0.014416984282433987,0.014476113952696323
1,2,889,2021-12-11,05081,0.015590454,0.015594344586133957,0.005,2.7996486551273847e-06,0.015590434893965721,0.015599142760038376
1,2,893,2021-12-11,05111,0.117242664,0.11713407933712006,0.805,0.00011037009244319052,0.11691383272409439,0.11725669354200363
1,2,900,2021-12-11,06011,0.025872977,0.025864718481898308,0.93,1.032060754369013e-05,0.025844348594546318,0.025873268023133278
1,2,902,2021-12-11,06019,0.0013885015,0.0013659419491887093,0.815,1.832699308579322e-05,0.0013420343166217208,0.0013905889354646206
1,2,906,2021-12-11,06031,0.0032588358,0.0032531283795833588,0.86,6.067486083338736e-06,0.0032404547091573477,0.003259107004851103
1,2,908,2021-12-11,06039,0.0049844286,0.005008539650589228,0.185,4.2317795305280015e-05,0.00498332129791379,0.0051205880008637905
1,2,914,2021-12-11,06059,0.0050916257,0.005125121213495731,0.13,4.304028698243201e-05,0.005088966339826584,0.00522842351347208
1,2,919,2021-12-11,06071,0.001883953,0.0017553886864334345,0.755,0.00011192719830432907,0.0016041237395256758,0.0019107224652543664
1,2,930,2021-12-11,06103,0.020249527,0.020156655460596085,0.83,0.00015574142162222415,0.019732153043150902,0.02025774121284485
1,2,934,2021-12-11,06115,0.009481823,0.00951274111866951,0.215,5.9144163969904184e-05,0.009480198845267296,0.009677491150796413
1,2,946,2021-12-11,08027,0.026674267,0.02649093233048916,0.535,0.0016063981456682086,0.024237966164946556,0.029334325343370438
1,2,949,2021-12-11,08039,0.0021442783,0.001930770929902792,0.77,0.00019412877736613154,0.0016991178272292018,0.002286155940964818
1,2,950,2021-12-11,08041,0.01568519,0.015331801027059555,0.65,0.00047125216224230826,0.01447158120572567,0.015908759087324142
1,2,952,2021-12-11,08045,0.0026450178,0.0028341058641672134,0.02,0.00013739918358623981,0.00261978548951447,0.003047129837796092
1,2,955,2021-12-11,08061,0.027659811,0.023020749911665916,0.81,0.004223193041980267,0.017171585932374,0.029895130544900894
1,2,969,2021-12-11,08107,0.0012229778,0.0012225838145241141,0.515,1.2749695088132285e-05,0.0012021433794870973,0.0012741446262225509
1,2,970,2021-12-11,08109,0.012875703,0.014474399387836456,0.245,0.0017841958906501532,0.011989451013505459,0.01742062345147133
1,2,974,2021-12-11,13045,0.002484582,0.0024785667192190886,0.855,4.3451877900224645e-06,0.002473788568750024,0.002486712532117963
1,2,978,2021-12-11,13319,0.019594595,0.01960250735282898,0.035,5.368416623241501e-06,0.01959429308772087,0.019610069692134857
1,2,984,2021-12-11,16067,0.0007821646,0.0008529152255505323,0.225,6.615839811274782e-05,0.0007608418236486614,0.0009759998647496104
1,2,986,2021-12-11,16077,0.048636943,0.048386335372924805,0.735,0.00024224714434240013,0.04795346409082413,0.0487365685403347
1,2,987,2021-12-11,17001,0.0076457905,0.011658145114779472,0.345,0.005163584370166063,0.003635369474068284,0.019478438422083855
1,2,995,2021-12-11,17045,0.006145735,0.006614907644689083,0.34,0.0007535525946877897,0.005818852689117193,0.008169182576239109
1,2,1002,2021-12-11,17075,0.006504201,0.009726855903863907,0.055,0.0028424779884517193,0.006462405901402235,0.015411784872412682
1,2,1018,2021-12-11,17119,0.017290693,0.017233334481716156,0.855,4.410999463289045e-05,0.017163854092359543,0.017301833257079124
1,2,1021,2021-12-11,17137,0.0039043939,0.007265239953994751,0.125,0.0034508469980210066,0.003698666812852025,0.014257014729082584
1,2,1022,2021-12-11,17139,0.058362454,0.05794641375541687,0.825,0.0002974458911921829,0.05748728662729263,0.0584457702934742
1,2,1025,2021-12-11,17167,0.0033420597,0.006170735694468021,0.095,0.0025922295171767473,0.003278892021626234,0.011728344485163689
1,2,1026,2021-12-11,17173,0.028817456,0.02872759848833084,0.64,0.0001511441369075328,0.02848237194120884,0.02895737811923027
1,2,1027,2021-12-11,17177,0.02091842,0.029910003766417503,0.34,0.010582054033875465,0.011134007945656776,0.040729183703660965
1,2,1030,2021-12-11,17183,0.005539845,0.007081317249685526,0.07,0.0016247553285211325,0.005498374346643686,0.010488609783351421
1,2,1033,2021-12-11,18001,0.013775933,0.01741398498415947,0.015,0.002838939195498824,0.013708071783185005,0.022358570247888565
1,2,1044,2021-12-11,18035,0.009346813,0.011401579715311527,0.195,0.002360526705160737,0.008909030817449093,0.016045380383729935
1,2,1059,2021-12-11,18099,0.010391565,0.014737673103809357,0.05,0.0036275850143283606,0.010322684422135353,0.021169349551200867
1,2,1063,2021-12-11,18113,0.012662571,0.015721077099442482,0.245,0.003901547286659479,0.011929555796086788,0.023807616904377937
1,2,1074,2021-12-11,18151,0.009796844,0.012954358011484146,0.335,0.003893489483743906,0.008163857273757458,0.02035938762128353
1,2,1076,2021-12-11,18171,0.01754157,0.01852167211472988,0.185,0.0009451894438825548,0.017409691587090492,0.020572073757648468
1,2,1083,2021-12-11,19005,0.06156724,0.06161007285118103,0.44,0.00021055497927591205,0.06111539155244827,0.0619843527674675
1,2,1084,2021-12-11,19007,0.115168706,0.10583443939685822,0.865,0.006473118904978037,0.0974036157131195,0.11609385907649994
1,2,1086,2021-12-11,19011,0.018847095,0.03244860842823982,0.13,0.0078280009329319,0.017829880118370056,0.041254058480262756
1,2,1088,2021-12-11,19015,0.036110897,0.030069123953580856,0.97,0.002917278790846467,0.027225904166698456,0.03626570478081703
1,2,1102,2021-12-11,19043,0.028018685,0.03635221719741821,0.29,0.007494051940739155,0.02334747090935707,0.04620958864688873
1,2,1107,2021-12-11,19053,0.012960114,0.019851036369800568,0.345,0.008557349443435669,0.007769057527184486,0.03331458941102028
1,2,1112,2021-12-11,19063,0.022378847,0.023393888026475906,0.3,0.0023655304685235023,0.02214915305376053,0.029615674167871475
1,2,1115,2021-12-11,19069,0.084919445,0.07532724738121033,0.92,0.006119741592556238,0.06669214367866516,0.08576246351003647
1,2,1116,2021-12-11,19073,0.31195188,0.30573099851608276,0.785,0.005364136304706335,0.2971007823944092,0.313905268907547
1,2,1119,2021-12-11,19079,0.027016131,0.027068551629781723,0.475,0.0013659415999427438,0.026274006813764572,0.030712610110640526
1,2,1121,2021-12-11,19083,0.037233703,0.039824556559324265,0.15,0.0024795131757855415,0.03718447685241699,0.04443079233169556
1,2,1122,2021-12-11,19087,0.013513391,0.01950635388493538,0.21,0.006344933062791824,0.013255801051855087,0.031099705025553703
1,2,1134,2021-12-11,19115,0.020997556,0.01912960410118103,0.55,0.00764040881767869,0.009934697300195694,0.03186950832605362
1,2,1138,2021-12-11,19123,0.01578017,0.029804309830069542,0.05,0.008679354563355446,0.015361377969384193,0.04143114387989044
1,2,1147,2021-12-11,19143,0.0072747353,0.007364196702837944,0.49,0.002196524990722537,0.005317948292940855,0.012280711904168129
1,2,1148,2021-12-11,19145,0.0644881,0.055391669273376465,0.805,0.006360769271850586,0.04758806899189949,0.06742075830698013
1,2,1159,2021-12-11,19167,0.006898127,0.00849059782922268,0.185,0.0018649810226634145,0.006502147763967514,0.012428587302565575
1,2,1161,2021-12-11,19171,0.04716977,0.049737025052309036,0.045,0.001885688048787415,0.04714898765087128,0.053131528198719025
1,2,1166,2021-12-11,19181,0.011978273,0.026220526546239853,0.005,0.008321201428771019,0.011963995173573494,0.03668811917304993
1,2,1179,2021-12-11,20011,0.00603971,0.004249844700098038,0.635,0.002263810718432069,0.0027413275092840195,0.009611532092094421
1,2,1185,2021-12-11,20029,0.026015094,0.02303561568260193,0.635,0.005875880364328623,0.012792333029210567,0.0304428543895483
1,2,1186,2021-12-11,20035,0.010255283,0.010238021612167358,0.505,0.0037470171228051186,0.004902042914181948,0.01653151959180832
1,2,1200,2021-12-11,20073,0.010863336,0.008044319227337837,0.655,0.0038288203068077564,0.005043251905590296,0.0162400770932436
1,2,1204,2021-12-11,20085,0.041530408,0.0347185879945755,0.705,0.008507641963660717,0.021537020802497864,0.04613073915243149
1,2,1207,2021-12-11,20091,0.010903055,0.01594284176826477,0.32,0.007014366798102856,0.006602135021239519,0.028060732409358025
1,2,1210,2021-12-11,20105,0.036672037,0.03696395084261894,0.48,0.0037665392737835646,0.03396257013082504,0.045188598334789276
1,2,1213,2021-12-11,20113,0.023422679,0.01907709240913391,0.685,0.006408822722733021,0.008715333417057991,0.027843059971928596
1,2,1215,2021-12-11,20117,0.036413617,0.035127170383930206,0.715,0.0013244940200820565,0.03357686847448349,0.03816159814596176
1,2,1216,2021-12-11,20121,0.011492409,0.010854528285562992,0.52,0.004753392189741135,0.006100516766309738,0.01974751614034176
1,2,1225,2021-12-11,20141,0.031912807,0.02870146557688713,0.625,0.004999522585421801,0.021522892639040947,0.035951193422079086
1,2,1226,2021-12-11,20143,0.13117878,0.13400578498840332,0.335,0.005802998319268227,0.12803734838962555,0.14557534456253052
1,2,1236,2021-12-11,20167,0.031482916,0.031529560685157776,0.495,0.0018697668565437198,0.02999694086611271,0.03550534322857857
1,2,1240,2021-12-11,20175,0.022808587,0.022071262821555138,0.685,0.0008302258211188018,0.021044524386525154,0.02370789460837841
1,2,1242,2021-12-11,20179,0.033749532,0.03249116241931915,0.82,0.0009688973077572882,0.03133842349052429,0.03436082601547241
1,2,1258,2021-12-11,21027,0.009201734,0.00927749089896679,0.355,0.0001501497026765719,0.009149265475571156,0.00954454019665718
1,2,1265,2021-12-11,21065,0.0071872175,0.007323751226067543,0.435,0.00034994666930288076,0.006912220269441605,0.00796583853662014
1,2,1266,2021-12-11,21075,0.14232098,0.14240922033786774,0.36,0.00017986446619033813,0.14206302165985107,0.1426296830177307
1,2,1276,2021-12-11,21137,0.0051850034,0.005186537280678749,0.36,2.0666431737481616e-05,0.005161031149327755,0.00525684142485261
1,2,1279,2021-12-11,21147,0.006179437,0.005957179702818394,0.7,0.00027246118406765163,0.005706740077584982,0.006565571762621403
1,2,1280,2021-12-11,21151,0.009469824,0.009416952729225159,0.55,0.00022919828188605607,0.009137457236647606,0.009859859012067318
1,2,1284,2021-12-11,21167,0.008630406,0.008514594286680222,0.745,0.00010505518730496988,0.00842636451125145,0.008751369081437588
1,2,1287,2021-12-11,21177,0.03393233,0.03428000211715698,0.115,0.0002283398061990738,0.033798906952142715,0.034522876143455505
1,2,1288,2021-12-11,21183,0.11263831,0.11298792064189911,0.225,0.0003500169259496033,0.11235977709293365,0.11341351270675659
1,2,1294,2021-12-11,21209,0.006194039,0.005921062547713518,0.725,0.0002771819126792252,0.005703682545572519,0.006583369802683592
1,2,1300,2021-12-11,21235,0.0048342543,0.004913774318993092,0.43,0.00030910345958545804,0.004613110329955816,0.005545091815292835
1,2,1304,2021-12-11,22119,0.0015619749,0.0015518921427428722,0.95,6.635156751144677e-06,0.0015429534250870347,0.001563008758239448
1,2,1312,2021-12-11,25023,0.009255787,0.007639467716217041,0.755,0.0013951740693300962,0.006200340576469898,0.010459215380251408
1,2,1314,2021-12-11,26001,0.21928014,0.22967347502708435,0.015,0.009640898555517197,0.2192382663488388,0.2476809322834015
1,2,1345,2021-12-11,26081,0.009673549,0.017612386494874954,0.095,0.007641404867172241,0.009476963430643082,0.03139394894242287
1,2,1346,2021-12-11,26083,0.072927296,0.07974711805582047,0.08,0.0044118063524365425,0.07225612550973892,0.08543726056814194
1,2,1348,2021-12-11,26089,0.04805235,0.05256619304418564,0.065,0.00787991564720869,0.04765033349394798,0.07124960422515869
1,2,1352,2021-12-11,26099,0.009067712,0.014424876309931278,0.095,0.004247457720339298,0.008940390311181545,0.020856766030192375
1,2,1354,2021-12-11,26103,0.022026945,0.010068773292005062,0.94,0.004619061015546322,0.00898335687816143,0.02370494417846203
1,2,1355,2021-12-11,26105,0.032829933,0.023934729397296906,0.96,0.0053413305431604385,0.0183892622590065,0.03334582969546318
1,2,1358,2021-12-11,26113,0.121043466,0.1281459629535675,0.03,0.011298369616270065,0.12077610194683075,0.15317894518375397
1,2,1359,2021-12-11,26115,0.06793963,0.061666443943977356,0.92,0.004367010202258825,0.05509824678301811,0.06813517957925797
1,2,1360,2021-12-11,26119,0.04474561,0.05156794935464859,0.0,0.0095977783203125,0.04475792869925499,0.07297460734844208
1,2,1362,2021-12-11,26123,0.021844568,0.029968716204166412,0.045,0.00918688252568245,0.021513961255550385,0.047599367797374725
1,2,1363,2021-12-11,26125,0.010527131,0.010276502929627895,0.68,0.0011625936022028327,0.00882028415799141,0.013441875576972961
1,2,1386,2021-12-11,27037,0.020506492,0.028093915432691574,0.255,0.008764415979385376,0.01561389584094286,0.04299492761492729
1,2,1393,2021-12-11,27053,0.0084855035,0.016257237643003464,0.03,0.006467944011092186,0.008374803699553013,0.02799276076257229
1,2,1394,2021-12-11,27055,0.028445736,0.03913983702659607,0.21,0.0075580161064863205,0.025290153920650482,0.04924451559782028
1,2,1395,2021-12-11,27063,0.00921454,0.011028075590729713,0.325,0.002776549896225333,0.00841018371284008,0.017321191728115082
1,2,1398,2021-12-11,27081,0.004402579,0.004519328009337187,0.34,0.00026867768610827625,0.004257005639374256,0.0051041278056800365
1,2,1404,2021-12-11,27103,0.011608197,0.015651986002922058,0.13,0.0052869305945932865,0.011249668896198273,0.028177089989185333
1,2,1412,2021-12-11,27133,0.005011369,0.005594741553068161,0.285,0.0007792109972797334,0.004809759557247162,0.007250688038766384
1,2,1415,2021-12-11,27143,0.014381925,0.013498116284608841,0.825,0.0007838337332941592,0.012204322032630444,0.015194599516689777
1,2,1421,2021-12-11,27169,0.013133919,0.025583568960428238,0.125,0.008179804310202599,0.011178359389305115,0.03687111288309097
1,2,1430,2021-12-11,29021,0.04589085,0.043296683579683304,0.615,0.004009817726910114,0.03956891596317291,0.05132671073079109
1,2,1450,2021-12-11,29081,0.015937839,0.014924717135727406,0.585,0.0032036644406616688,0.013873245567083359,0.02330826409161091
1,2,1459,2021-12-11,29123,0.002476575,0.0024666571989655495,0.815,6.545058568008244e-06,0.0024619095493108034,0.002482770709320903
1,2,1461,2021-12-11,29129,0.03426192,0.0325162410736084,0.545,0.008973496966063976,0.018479563295841217,0.044963907450437546
1,2,1464,2021-12-11,29147,0.0144920265,0.010744153521955013,0.67,0.004228813108056784,0.009486785158514977,0.021810760721564293
1,2,1469,2021-12-11,29163,0.004176243,0.005007897038012743,0.42,0.0027452502399683,0.002887267852202058,0.011472973972558975
1,2,1471,2021-12-11,29167,0.0064398376,0.006254314910620451,0.71,0.00023407081607729197,0.006012779660522938,0.00682071503251791
1,2,1476,2021-12-11,29177,0.011870125,0.016439465805888176,0.35,0.0081722317263484,0.007559288293123245,0.03086811676621437
1,2,1478,2021-12-11,29183,0.0059466404,0.00602194108068943,0.135,0.000109268024971243,0.005941340699791908,0.006312324665486813
1,2,1479,2021-12-11,29197,0.03140878,0.03319461643695831,0.16,0.001655786414630711,0.030801666900515556,0.03728744015097618
1,2,1481,2021-12-11,29209,0.008180449,0.008182119578123093,0.115,2.39597693507676e-06,0.008180167526006699,0.008186811581254005
1,2,1487,2021-12-11,29229,0.0022039518,0.0021900958381593227,0.76,1.137050367105985e-05,0.0021827772725373507,0.002220551948994398
1,2,1490,2021-12-11,30095,0.0006942447,0.0007319508586078882,0.2,2.4862942154868506e-05,0.0006871894584037364,0.0007640786934643984
1,2,1497,2021-12-11,33005,0.007029788,0.00631361547857523,0.905,0.0003344756842125207,0.006139867939054966,0.007243066560477018
1,2,1507,2021-12-11,35028,0.013215787,0.01278349943459034,0.745,0.0007846223888918757,0.011950571089982986,0.015650726854801178
1,2,1512,2021-12-11,35043,0.0037205385,0.0034264693967998028,1.0,7.617577648488805e-05,0.0033830178435891867,0.0037151959259063005
1,2,1517,2021-12-11,35057,0.0025712096,0.0025579812936484814,0.835,2.8537617254187353e-05,0.002520020818337798,0.0026955632492899895
1,2,1520,2021-12-11,36001,0.0028570103,0.0017944755963981152,0.945,0.0005697972956113517,0.0012448930647224188,0.002985946834087372
1,2,1526,2021-12-11,36021,0.0016404915,0.0010945559479296207,0.87,0.0002839391236193478,0.0009423157898709178,0.0018318620277568698
1,2,1536,2021-12-11,36045,0.01515829,0.01169331930577755,0.86,0.002385813044384122,0.009280805476009846,0.016070879995822906
1,2,1541,2021-12-11,36057,0.011621166,0.011978274211287498,0.355,0.0005494264769367874,0.011104480363428593,0.012687740847468376
1,2,1546,2021-12-11,36069,0.014953687,0.010774469934403896,0.845,0.0025744219310581684,0.008853485807776451,0.016009287908673286
1,2,1548,2021-12-11,36075,0.009815581,0.009083550423383713,0.595,0.0015922413440421224,0.007240455597639084,0.012215587310492992
1,2,1549,2021-12-11,36083,0.004187946,0.0035451045259833336,0.755,0.00048372711171396077,0.0032232622615993023,0.004708714317530394
1,2,1555,2021-12-11,36099,0.022834742,0.02349187433719635,0.33,0.001184193417429924,0.022274179384112358,0.025679936632514
1,2,1556,2021-12-11,36101,0.011830641,0.010126199573278427,0.61,0.003118309425190091,0.0062247212044894695,0.01570366509258747
1,2,1564,2021-12-11,37057,0.00080251595,0.0007882860954850912,0.69,2.055876211670693e-05,0.0007643678691238165,0.000827424053568393
1,2,1578,2021-12-11,39047,0.008131664,0.008720427751541138,0.31,0.0010653759818524122,0.007892074063420296,0.011367129161953926
1,2,1582,2021-12-11,39063,0.030004848,0.029861800372600555,0.785,0.0002491437189746648,0.029365617781877518,0.030448412522673607
1,2,1584,2021-12-11,39069,0.0133587215,0.017888963222503662,0.065,0.0038305125199258327,0.013253379613161087,0.024990500882267952
1,2,1587,2021-12-11,39091,0.013314351,0.01503763347864151,0.34,0.002555679064244032,0.01225107628852129,0.01985199935734272
1,2,1588,2021-12-11,39093,0.015342874,0.014532594010233879,0.58,0.0027994352858513594,0.011035867035388947,0.01983952336013317
1,2,1592,2021-12-11,39119,0.0035066225,0.003278865944594145,0.64,0.0005348321283236146,0.0031284713186323643,0.00493956683203578
1,2,1597,2021-12-11,39135,0.009740423,0.009310378693044186,0.57,0.0017520675901323557,0.007906625047326088,0.013092908076941967
1,2,1599,2021-12-11,39143,0.010476132,0.011268964037299156,0.085,0.001964062685146928,0.010391085408627987,0.016598105430603027
1,2,1606,2021-12-11,40007,0.011836785,0.01142331212759018,0.62,0.0009152092388831079,0.009896552190184593,0.012772219255566597
1,2,1610,2021-12-11,40059,0.011639469,0.01096087135374546,0.55,0.00266287662088871,0.006972042378038168,0.014724555425345898
1,2,1613,2021-12-11,40077,0.024992341,0.02499193698167801,0.695,8.468920213999809e-07,0.024990033358335495,0.024994615465402603
1,2,1615,2021-12-11,40109,0.0025081413,0.0028578988276422024,0.33,0.0006166950915940106,0.002162099350243807,0.0041494290344417095
1,2,1625,2021-12-11,42049,0.0230326,0.015764452517032623,0.95,0.003584673162549734,0.01224273256957531,0.023460503667593002
1,2,1637,2021-12-11,46011,0.0027746216,0.0029680319130420685,0.345,0.000375615491066128,0.0025761681608855724,0.003723256289958954
1,2,1649,2021-12-11,46041,0.0012072097,0.0012274099281057715,0.39,5.3120573284104466e-05,0.001154587254859507,0.001330608851276338
1,2,1651,2021-12-11,46045,0.0010390554,0.0010862364433705807,0.315,6.197558832354844e-05,0.0010000386973842978,0.0012025362811982632
1,2,1654,2021-12-11,46051,0.002844588,0.0024906890466809273,0.68,0.0004450916312634945,0.0019422238692641258,0.00340101751498878
1,2,1662,2021-12-11,46067,0.018653745,0.018680406734347343,0.48,0.00019031319243367761,0.018446410074830055,0.01904420740902424
1,2,1665,2021-12-11,46073,0.0026883108,0.0027741692028939724,0.375,0.00017205561744049191,0.002483051037415862,0.003054775530472398
1,2,1666,2021-12-11,46075,0.0014885452,0.0014742163475602865,0.54,6.367525202222168e-05,0.001370276790112257,0.001563224708661437
1,2,1668,2021-12-11,46079,0.003530509,0.0037834476679563522,0.38,0.0005105735617689788,0.0032462056260555983,0.004828464239835739
1,2,1671,2021-12-11,46085,0.0019803431,0.0018669641576707363,0.765,0.00012254300236236304,0.0016778657445684075,0.0020548549946397543
1,2,1675,2021-12-11,46093,0.0027952096,0.002764894627034664,0.55,0.00023289222735911608,0.002494893502444029,0.003188095521181822
1,2,1680,2021-12-11,46103,0.0016193056,0.0016165855340659618,0.5,0.00015075101691763848,0.0013997388305142522,0.0018533666152507067
1,2,1683,2021-12-11,46111,0.036379542,0.03636700287461281,0.63,2.339052844035905e-05,0.03633580356836319,0.036409176886081696
1,2,1690,2021-12-11,46127,0.008488489,0.009906989522278309,0.225,0.0016893234569579363,0.008074716664850712,0.013553023338317871
1,2,1694,2021-12-11,47009,0.007297408,0.007294000126421452,0.51,8.257283479906619e-05,0.007188515271991491,0.0074205538257956505
1,2,1699,2021-12-11,47045,0.0088792695,0.008788071572780609,0.775,8.583201270084828e-05,0.008625886403024197,0.008888810873031616
1,2,1702,2021-12-11,47053,0.0060100844,0.005993731319904327,0.99,1.099173186958069e-05,0.005978857632726431,0.006010211538523436
1,2,1703,2021-12-11,47055,0.0036595159,0.0036829488817602396,0.29,4.831762271351181e-05,0.0036322781816124916,0.0037703795824199915
1,2,1708,2021-12-11,47079,0.022053879,0.022317856550216675,0.105,0.00014401081716641784,0.021995244547724724,0.02244020625948906
1,2,1712,2021-12-11,47093,0.009515679,0.009481396526098251,0.685,2.9713806725339964e-05,0.009454353712499142,0.00953743513673544
1,2,1734,2021-12-11,48037,0.0030751233,0.003091570921242237,0.065,1.2483969840104692e-05,0.003072692546993494,0.0031116341706365347
1,2,1751,2021-12-11,48375,0.0070081917,0.0071686552837491035,0.41,0.0004651951603591442,0.006403404287993908,0.007857944816350937
1,2,1752,2021-12-11,48381,0.003943261,0.004168056882917881,0.365,0.000365524465451017,0.0036353396717458963,0.0047226534225046635
1,2,1756,2021-12-11,49001,0.097251385,0.09724491834640503,0.615,1.7831693185144104e-05,0.09720633178949356,0.09726101160049438
1,2,1766,2021-12-11,50001,0.0038433778,0.0036672716960310936,0.525,0.0011069277534261346,0.0024716935586184263,0.0059347935020923615
1,2,1767,2021-12-11,50003,0.015393564,0.01381518691778183,0.62,0.0033859044779092073,0.009288680739700794,0.019669529050588608
1,2,1770,2021-12-11,50009,0.012079053,0.010604601353406906,0.58,0.0027930703945457935,0.007507460657507181,0.015527941286563873
1,2,1772,2021-12-11,50013,0.004716232,0.0040834154933691025,0.62,0.0014193705283105373,0.0027839161921292543,0.00725091528147459
1,2,1781,2021-12-11,51155,0.0018300035,0.0017701026517897844,0.555,0.0003442110610194504,0.0013637380907312036,0.0024162635672837496
1,2,1784,2021-12-11,53005,0.0013740669,0.001714073121547699,0.085,0.00023971711925696582,0.001327692880295217,0.002086374908685684
1,2,1788,2021-12-11,54033,0.008233088,0.00798676535487175,0.675,0.0003194269665982574,0.007501430343836546,0.008414720185101032
1,2,1798,2021-12-11,55021,0.01493823,0.02448147162795067,0.17,0.007963982410728931,0.013975240290164948,0.03727271780371666
1,2,1804,2021-12-11,55035,0.03052003,0.02475813776254654,0.745,0.008425106294453144,0.010759308934211731,0.03567317873239517
1,2,1810,2021-12-11,55053,0.045518022,0.037529297173023224,0.85,0.008345011621713638,0.02245604805648327,0.04893328994512558
1,2,1813,2021-12-11,55059,0.019028766,0.033712588250637054,0.23,0.009870928712189198,0.013802967965602875,0.04299004375934601
1,2,1820,2021-12-11,55079,0.0077148397,0.019333887845277786,0.255,0.009958548471331596,0.003425255883485079,0.03272569179534912
1,2,1821,2021-12-11,55081,0.028796665,0.029136547818779945,0.48,0.007296736352145672,0.015942005440592766,0.03867252916097641
1,2,1825,2021-12-11,55091,0.028287554,0.02847999520599842,0.495,0.008005548268556595,0.017062006518244743,0.04169241711497307
1,2,1828,2021-12-11,55099,0.043295775,0.031379200518131256,0.975,0.011949178762733936,0.010501282289624214,0.04387639835476875
1,2,1830,2021-12-11,55103,0.022211,0.02967602014541626,0.335,0.008182724006474018,0.017573101446032524,0.04086097329854965
1,2,1840,2021-12-11,55137,0.030799361,0.0306086428463459,0.505,0.008813823573291302,0.017690086737275124,0.044553063809871674
1,2,1853,2021-12-11,56037,0.001661174,0.001904897391796112,0.29,0.000554333149921149,0.0015598892932757735,0.0033194241113960743
1,2,1855,2021-12-11,56045,0.0029863792,0.0029830934945493937,0.93,2.1790233404317405e-06,0.002980021759867668,0.0029870287980884314
1,2,1870,2022-06-08,05057,0.0039208685,0.0039202980697155,0.935,3.712869727223733e-07,0.003919688984751701,0.003920950461179018
1,2,1886,2022-06-08,08045,0.00043338997,0.0004877892788499594,0.25,6.156521703815088e-05,0.0004170475003775209,0.0006049463991075754
1,2,1892,2022-06-08,12015,0.0018823367,0.0018833274953067303,0.09,6.636934699599806e-07,0.0018822291167452931,0.001884353463537991
1,2,1896,2022-06-08,12059,0.0051442184,0.005144154187291861,0.895,6.615116632247009e-08,0.005144014023244381,0.005144237540662289
1,2,1897,2022-06-08,12109,0.002571134,0.0025717713870108128,0.455,3.3399107906006975e-06,0.002567495685070753,0.0025783779565244913
1,2,1914,2022-06-08,17137,0.005156776,0.005157203413546085,0.185,4.455694408989075e-07,0.005156553816050291,0.005158052314072847
1,2,1915,2022-06-08,17183,0.004950782,0.004952000919729471,0.085,9.106358902499778e-07,0.004950623959302902,0.004953466355800629
1,2,1918,2022-06-08,18063,0.0041348822,0.004135037772357464,0.335,2.5889136168189e-07,0.0041345758363604546,0.004135455004870892
1,2,1928,2022-06-08,19053,0.00404959,0.004067847039550543,0.17,1.661654096096754e-05,0.004047119989991188,0.0041001345962285995
1,2,1929,2022-06-08,19145,0.0030640238,0.003076056484133005,0.11,1.5373085261671804e-05,0.0030631341505795717,0.0031136011239141226
1,2,1937,2022-06-08,21089,0.00066617207,0.0006658349884673953,0.54,1.464664819650352e-06,0.0006633530138060451,0.0006678696954622865
1,2,1944,2022-06-08,22115,0.012328479,0.012328343465924263,0.59,1.1668519164231839e-06,0.01232531201094389,0.012330153957009315
1,2,1950,2022-06-08,24023,0.0033886933,0.003393967170268297,0.275,5.531990154850064e-06,0.0033836017828434706,0.003401090856641531
1,2,1953,2022-06-08,24037,0.0025076147,0.002505791839212179,0.86,1.4440237237067777e-06,0.0025036074221134186,0.0025081101339310408
1,2,1954,2022-06-08,26021,0.0035510648,0.0035540249664336443,0.355,5.3089474931766745e-06,0.0035452188458293676,0.0035628185141831636
1,2,1968,2022-06-08,28073,0.002058804,0.00205856841057539,0.94,2.0405857981131703e-07,0.0020581763237714767,0.0020588282495737076
1,2,1973,2022-06-08,28133,0.016639585,0.01663730852305889,0.945,1.3116856507622288e-06,0.016635576263070107,0.016639668494462967
1,2,1977,2022-06-08,28153,0.007837378,0.00783756747841835,0.14,1.8491611797344376e-07,0.007837265729904175,0.007838048972189426
1,2,1998,2022-06-08,29195,0.011649621,0.011649415828287601,0.58,6.447531859521405e-07,0.011648708954453468,0.011650849133729935
1,2,2003,2022-06-08,30087,0.00027052345,0.0002594325924292207,0.78,8.372303454962093e-06,0.00025071389973163605,0.0002782819210551679
1,2,2010,2022-06-08,32019,0.0052607944,0.005251410882920027,0.89,9.399095688422676e-06,0.005232752300798893,0.005262643098831177
1,2,2014,2022-06-08,32510,0.0055281064,0.0059171272441744804,0.085,0.0003542116901371628,0.005438459571450949,0.0065953475423157215
1,2,2015,2022-06-08,34005,0.0016806634,0.0016436282312497497,0.83,2.852938814612571e-05,0.001607292564585805,0.0016996368067339063
1,2,2022,2022-06-08,35013,0.0002898541,0.0002901612897403538,0.245,2.4399398057539656e-07,0.00028979298076592386,0.0002904844586737454
1,2,2038,2022-06-08,37105,0.0016032143,0.0016027339734137058,0.75,6.411487447621766e-07,0.0016016026493161917,0.0016036215238273144
1,2,2047,2022-06-08,37183,0.0010607151,0.0010610196040943265,0.44,7.51601874071639e-07,0.001059795031324029,0.0010621893452480435
1,2,2050,2022-06-08,39013,0.008276689,0.008275237865746021,0.56,7.299108801817056e-06,0.008264298550784588,0.008287266828119755
1,2,2053,2022-06-08,39021,0.0037051304,0.003705165348947048,0.46,2.6548963205641485e-07,0.0037044063210487366,0.0037055104039609432
1,2,2054,2022-06-08,39023,0.0074505177,0.007452297955751419,0.11,1.185678229376208e-06,0.007450244855135679,0.007454056292772293
1,2,2064,2022-06-08,39061,0.013141485,0.01314151007682085,0.245,2.823021461040298e-08,0.013141429051756859,0.01314156036823988
1,2,2068,2022-06-08,39087,0.0008468637,0.0008460471872240305,0.68,1.8142495719075669e-06,0.0008430830202996731,0.0008486277074553072
1,2,2076,2022-06-08,39135,0.019921504,0.019921403378248215,0.66,1.7006939856401004e-07,0.01992110162973404,0.019921598955988884
1,2,2079,2022-06-08,39159,0.0010348392,0.001034625107422471,0.565,9.521568813397607e-07,0.0010331327794119716,0.0010377777507528663
1,2,2080,2022-06-08,39163,0.03400812,0.03401082009077072,0.175,2.177359874622198e-06,0.03400681912899017,0.03401373326778412
1,2,2081,2022-06-08,39165,0.030923715,0.030923685058951378,0.84,2.943686538969814e-08,0.03092360496520996,0.030923742800951004
1,2,2085,2022-06-08,40033,0.046488605,0.04648817330598831,0.565,1.4229418638933566e-06,0.046485308557748795,0.046490173786878586
1,2,2089,2022-06-08,40063,0.007838979,0.007839631289243698,0.195,4.999733391741756e-07,0.007838483899831772,0.007840204052627087
1,2,2102,2022-06-08,40141,0.024910677,0.024910883978009224,0.395,6.7960996830152e-07,0.024909118190407753,0.024911917746067047
1,2,2110,2022-06-08,45013,0.001801325,0.0018013392109423876,0.495,8.997775466923486e-07,0.0018000926356762648,0.001803168561309576
1,2,2126,2022-06-08,46041,0.0004317147,0.00043032277608290315,0.65,2.3355939902103273e-06,0.0004269457422196865,0.00043614511378109455
1,2,2135,2022-06-08,46073,0.0020870748,0.0020873562898486853,0.305,3.06661974036615e-07,0.0020868503488600254,0.0020877982024103403
1,2,2136,2022-06-08,46075,0.042427354,0.04242968559265137,0.29,2.9460281893989304e-06,0.042424242943525314,0.04243333265185356
1,2,2139,2022-06-08,46085,0.0061492673,0.006149402819573879,0.12,1.339558366453275e-07,0.0061492095701396465,0.006149648688733578
1,2,2140,2022-06-08,46093,0.0011222571,0.0011228639632463455,0.045,2.6009490738942986e-07,0.00112217478454113,0.0011232735123485327
1,2,2142,2022-06-08,46103,0.00038522514,0.0003841120342258364,1.0,5.394769573285885e-07,0.0003831364738289267,0.0003851267392747104
1,2,2143,2022-06-08,46105,0.0031423909,0.0031423624604940414,0.505,8.534478865840356e-07,0.0031407498754560947,0.0031436001881957054
1,2,2151,2022-06-08,48009,0.0050507174,0.005050619598478079,0.52,2.3700551992078545e-06,0.005045334808528423,0.005053216125816107
1,2,2164,2022-06-08,48169,0.00041242933,0.00040305062429979444,0.6,1.6971713193925098e-05,0.000380434823455289,0.0004331080708652735
1,2,2174,2022-06-08,48295,0.004100178,0.004099794663488865,0.66,8.568376301809622e-07,0.004098521079868078,0.0041013783775269985
1,2,2177,2022-06-08,48345,0.0045097377,0.004509852267801762,0.1,9.94441791135614e-08,0.00450968649238348,0.004510165192186832
1,2,2180,2022-06-08,48375,0.001352275,0.0013527502305805683,0.45,3.7615784549416276e-06,0.0013471374986693263,0.001359396381303668
1,2,2181,2022-06-08,48381,0.0020132416,0.002013967139646411,0.44,2.5226579509762814e-06,0.0020104532595723867,0.002018439583480358
1,2,2187,2022-06-08,49041,0.0028545444,0.002854375634342432,0.715,1.7142878050435684e-07,0.0028541432693600655,0.0028546410612761974
1,2,2191,2022-06-08,51035,0.0012411207,0.0012417472898960114,0.3,1.155293034571514e-06,0.001240430516190827,0.0012441726867109537
1,2,2197,2022-06-08,51073,0.0011286241,0.0011175659019500017,0.96,6.878780368424486e-06,0.0011074596550315619,0.0011301662307232618
1,2,2199,2022-06-08,51077,0.006604819,0.006604593247175217,0.6,3.854819965454226e-07,0.006604237016290426,0.006605387199670076
1,2,2200,2022-06-08,51085,0.003208937,0.003210092196241021,0.045,8.675404501445882e-07,0.0032088228035718203,0.0032116060610860586
1,2,2205,2022-06-08,51139,0.00085928186,0.0008603513124398887,0.415,3.17087915391312e-06,0.0008567080949433148,0.0008669496164657176
1,2,2217,2022-06-08,54033,0.01142887,0.01142587698996067,0.64,5.3543353715213016e-06,0.01141659077256918,0.011433412320911884
1,2,2218,2022-06-08,54035,0.0032357483,0.003236523363739252,0.415,4.177758455625735e-06,0.0032300292514264584,0.003243782790377736
1,2,2222,2022-06-08,54051,0.02159795,0.021593542769551277,0.63,8.9657341959537e-06,0.021577829495072365,0.021606678143143654
1,2,2226,2022-06-08,54065,0.022549108,0.022552547976374626,0.3,4.231909770169295e-06,0.02254595048725605,0.022559257224202156
1,2,2235,2022-06-08,55079,0.005704363,0.005706646479666233,0.19,1.7896066992761916e-06,0.005703569855540991,0.0057092709466814995
1,2,2239,2022-06-08,56039,0.00063220324,0.0006375245284289122,0.255,8.149996574502438e-06,0.0006277294596657157,0.0006542208138853312
1,2,2240,2022-06-08,56045,0.0006659297,0.0006629172712564468,0.71,3.450463054832653e-06,0.0006585860392078757,0.0006705486448481679
1,2,2241,2024-02-27,01071,0.0013273207,0.0012880077119916677,0.585,9.687268902780488e-05,0.001182502950541675,0.0014943249989300966
1,2,2246,2024-02-27,04005,0.005493745,0.005673333071172237,0.27,0.0002753831213340163,0.0052611734718084335,0.006196494679898024
1,2,2251,2024-02-27,06023,0.01583521,0.015127277001738548,0.785,0.0008512271451763809,0.013250675052404404,0.015897782519459724
1,2,2257,2024-02-27,06039,0.0012028613,0.0013955878093838692,0.18,0.000526072399225086,0.0011962659191340208,0.003197727957740426
1,2,2264,2024-02-27,06071,0.0016394914,0.0016461517661809921,0.14,6.507259058707859e-06,0.0016387951327487826,0.0016591130988672376
1,2,2267,2024-02-27,06079,0.0011534304,0.0011735602747648954,0.26,9.144548675976694e-05,0.0011524742003530264,0.0014411283191293478
1,2,2274,2024-02-27,08027,0.003306045,0.003483620472252369,0.46,0.0004437830066308379,0.002868768759071827,0.004157030954957008
1,2,2277,2024-02-27,08045,0.0039487393,0.00486344937235117,0.255,0.0010690130293369293,0.0037850530352443457,0.006889242213219404
1,2,2278,2024-02-27,08049,0.0010789456,0.001180990133434534,0.25,0.000114786671474576,0.0010412447154521942,0.0013894923031330109
1,2,2289,2024-02-27,08107,0.0017212945,0.002215135609731078,0.22,0.0004823179042432457,0.0016202268889173865,0.003124870592728257
1,2,2290,2024-02-27,12011,0.00027452406,0.0002900173421949148,0.07,2.819980181811843e-05,0.0002740324707701802,0.0003721577813848853
1,2,2303,2024-02-27,13219,0.003476619,0.003510948270559311,0.22,2.9597005777759477e-05,0.003455489408224821,0.00354662723839283
1,2,2307,2024-02-27,13295,0.0013210285,0.0012973257107660174,0.64,5.192558455746621e-05,0.0012507002102211118,0.0014275138964876533
1,2,2315,2024-02-27,16045,0.003769245,0.006281471811234951,0.075,0.0017707698279991746,0.003673628671094775,0.008964629843831062
1,2,2317,2024-02-27,16069,0.0023305751,0.002643757499754429,0.055,0.00019980579963885248,0.002305347705259919,0.002929927781224251
1,2,2323,2024-02-27,17037,0.0015347827,0.0015951022505760193,0.03,3.858195850625634e-05,0.0015306820860132575,0.0016607502475380898
1,2,2326,2024-02-27,17059,0.0017888332,0.0018804839346557856,0.375,0.00017169996863231063,0.0016764650354161859,0.0022306255996227264
1,2,2335,2024-02-27,17165,0.0014311792,0.0014237393625080585,0.52,7.762534369248897e-05,0.0013325208565220237,0.0015694262692704797
1,2,2345,2024-02-27,18063,0.0020578047,0.0021872338838875294,0.37,0.0002858318330254406,0.0018234080635011196,0.0027138337027281523
1,2,2356,2024-02-27,18161,0.0026004633,0.002386914100497961,0.635,0.00046182985533960164,0.0017606338951736689,0.003317684167996049
1,2,2362,2024-02-27,21027,0.002739403,0.0026419702917337418,0.665,0.00013445231888908893,0.002527079312130809,0.0029452957678586245
1,2,2363,2024-02-27,21039,0.0016393445,0.0016321951989084482,0.53,4.557991269393824e-05,0.0015731480671092868,0.0017161474097520113
1,2,2368,2024-02-27,21065,0.0028606479,0.0029285268392413855,0.45,0.0003345938166603446,0.0026548197492957115,0.003719429485499859
1,2,2371,2024-02-27,21075,0.001499563,0.0014720801264047623,0.7,3.5421442589722574e-05,0.00142729002982378,0.0015454584499821067
1,2,2381,2024-02-27,21145,0.0015949057,0.0016085357638075948,0.405,3.9145044866018e-05,0.0015491547528654337,0.0016754622338339686
1,2,2383,2024-02-27,21151,0.004124964,0.004036069847643375,0.58,0.0003827692708000541,0.003701987210661173,0.004971482325345278
1,2,2384,2024-02-27,21173,0.004424815,0.0041794124990701675,0.67,0.00034673319896683097,0.003857268951833248,0.004938213154673576
1,2,2385,2024-02-27,21177,0.0018569782,0.0017383266240358353,0.885,7.179149542935193e-05,0.0016743653686717153,0.0019144221441820264
1,2,2388,2024-02-27,21183,0.0022758732,0.002144754398614168,0.705,0.00012785637227352709,0.0020230761729180813,0.002424118109047413
1,2,2391,2024-02-27,21209,0.0034953614,0.003217848017811775,0.755,0.0003103220951743424,0.0028981808573007584,0.003942692652344704
1,2,2392,2024-02-27,21225,0.0040779957,0.004102735780179501,0.29,4.764046389027499e-05,0.004066634923219681,0.004223739728331566
1,2,2400,2024-02-27,25013,0.0065689133,0.004622906446456909,0.755,0.0017453181790187955,0.0029690954834222794,0.008350840769708157
1,2,2403,2024-02-27,25023,0.008682605,0.007833912968635559,0.705,0.0011824119137600064,0.006375988945364952,0.010018314234912395
1,2,2416,2024-02-27,29181,0.000612881,0.0005651408573612571,0.895,2.9914353945059702e-05,0.0005272576818242669,0.0006254283362068236
1,2,2418,2024-02-27,29207,0.00065357646,0.0007131226593628526,0.01,4.0890969103202224e-05,0.0006526841898448765,0.0007827802910469472
1,2,2423,2024-02-27,30027,0.0013545385,0.0011624062899500132,0.925,9.433630475541577e-05,0.0010820244206115603,0.001443754998035729
1,2,2424,2024-02-27,30029,0.0035621186,0.003397712716832757,0.845,9.754311759024858e-05,0.0033114019315689802,0.003669860539957881
1,2,2425,2024-02-27,30031,0.0018306487,0.0017551500350236893,0.85,4.310076110414229e-05,0.0017214642139151692,0.0018534924602136016
1,2,2439,2024-02-27,30101,0.0015821385,0.0015202577924355865,0.79,4.1470833821222186e-05,0.0014916973887011409,0.0016280919080600142
1,2,2447,2024-02-27,32019,0.0065845763,0.007094725966453552,0.31,0.001971407327800989,0.00647894898429513,0.012363390065729618
1,2,2453,2024-02-27,32510,0.024943484,0.030747223645448685,0.065,0.0070730759762227535,0.024872202426195145,0.046470656991004944
1,2,2455,2024-02-27,34039,0.0018945433,0.0019241247791796923,0.46,0.0005244424100965261,0.0017207225318998098,0.0035472323652356863
1,2,2460,2024-02-27,35013,0.0006930033,0.0007645044242963195,0.22,6.872730591567233e-05,0.0006827457109466195,0.0008857061038725078
1,2,2470,2024-02-27,35043,0.0015310867,0.0021342653781175613,0.255,0.0006876211846247315,0.0013969981810078025,0.0034793501254171133
1,2,2474,2024-02-27,35055,0.011580311,0.016005218029022217,0.345,0.005616521462798119,0.009148070588707924,0.025456087663769722
1,2,2475,2024-02-27,35057,0.017844738,0.017834775149822235,0.635,1.4943776477593929e-05,0.017814597114920616,0.01786322332918644
1,2,2478,2024-02-27,36001,0.0061750296,0.007233532145619392,0.3,0.0012968949740752578,0.00579835707321763,0.009246273897588253
1,2,2482,2024-02-27,36021,0.001803323,0.0013404281344264746,0.83,0.00027053398662246764,0.00129858055151999,0.0021769495215266943
1,2,2490,2024-02-27,36045,0.02206934,0.013393847271800041,0.895,0.0063450331799685955,0.005019966512918472,0.024130821228027344
1,2,2493,2024-02-27,36057,0.016453754,0.02042078971862793,0.32,0.004536322318017483,0.01234165858477354,0.025647126138210297
1,2,2495,2024-02-27,36069,0.006153711,0.006386216729879379,0.445,0.0018937477143481374,0.004081424325704575,0.009631538763642311
1,2,2496,2024-02-27,36075,0.012834,0.013337390497326851,0.395,0.002630749484524131,0.012192105874419212,0.019234146922826767
1,2,2498,2024-02-27,36083,0.0059316386,0.004225077107548714,0.835,0.0010600995738059282,0.004073179326951504,0.007850497029721737
1,2,2499,2024-02-27,36085,0.0022363975,0.0024987002834677696,0.31,0.0006539043388329446,0.0021218613255769014,0.004205147735774517
1,2,2513,2024-02-27,39023,0.008978442,0.008568527176976204,0.98,0.0003266633430030197,0.007943988777697086,0.008984217420220375
1,2,2518,2024-02-27,39087,0.0033820735,0.0032647910993546247,0.66,0.00019877791055478156,0.0030528560746461153,0.0037015248090028763
1,2,2523,2024-02-27,39119,0.0035478133,0.0026901382952928543,0.6,0.001304647303186357,0.0016640075482428074,0.005833570845425129
1,2,2524,2024-02-27,39121,0.0025331,0.0021890425123274326,0.595,0.0009230252471752465,0.0012049895012751222,0.004148056264966726
1,2,2526,2024-02-27,39129,0.0019921237,0.0022911420091986656,0.38,0.0006618357147090137,0.0015914515824988484,0.003565305843949318
1,2,2527,2024-02-27,39135,0.0026692888,0.002594593446701765,0.565,0.0002932789211627096,0.0022908777464181185,0.0032416710164397955
1,2,2529,2024-02-27,40007,0.002178459,0.002066162182018161,0.63,0.00025897330488078296,0.0017466427525505424,0.002527412958443165
1,2,2533,2024-02-27,40059,0.0025832243,0.0024311954621225595,0.61,0.00027777813374996185,0.0021009575575590134,0.002959394594654441
1,2,2544,2024-02-27,45023,0.009497885,0.00953000970184803,0.12,1.94244748854544e-05,0.009490410797297955,0.009549044072628021
1,2,2546,2024-02-27,45055,0.0011949395,0.0009475962724536657,0.845,0.00014750160335097462,0.0008479864918626845,0.001299394527450204
1,2,2547,2024-02-27,45059,0.0005412907,0.0004568274598568678,0.975,3.498523437883705e-05,0.000428894127253443,0.0005450621247291565
1,2,2555,2024-02-27,46045,0.0012651102,0.001284539233893156,0.33,3.48413668689318e-05,0.0012222003424540162,0.0013419176684692502
1,2,2557,2024-02-27,46085,0.0017170312,0.0017059296369552612,0.62,2.518472319934517e-05,0.0016675388906151056,0.001746447873301804
1,2,2559,2024-02-27,47009,0.0029173268,0.0029378263279795647,0.475,0.00024097620917018503,0.002543562324717641,0.0032552231568843126
1,2,2565,2024-02-27,47147,0.0025721097,0.002563958987593651,0.59,2.355123797315173e-05,0.0025320162530988455,0.0026099104434251785
1,2,2589,2024-02-27,48295,0.002880817,0.0025810895022004843,0.695,0.0003338712558615953,0.0021753269247710705,0.0031738807447254658
1,2,2595,2024-02-27,48375,0.0022759582,0.0023672771640121937,0.39,0.00019529064593371004,0.00205986644141376,0.0026411572471261024
1,2,2596,2024-02-27,48381,0.001709039,0.0017754840664565563,0.295,6.929643859621137e-05,0.0016724216984584928,0.0018853031797334552
1,2,2600,2024-02-27,49001,0.019901013,0.021760256960988045,0.28,0.002520764246582985,0.019353404641151428,0.026858054101467133
1,2,2603,2024-02-27,49007,0.00414358,0.00541593786329031,0.235,0.002094358205795288,0.003984597511589527,0.010582954622805119
1,2,2615,2024-02-27,49039,0.0066234143,0.007433072663843632,0.215,0.0011485932627692819,0.006482965778559446,0.009901370853185654
1,2,2616,2024-02-27,49041,0.006652087,0.007140236906707287,0.33,0.0011030668392777443,0.006373455747961998,0.00975503958761692
1,2,2624,2024-02-27,50001,0.008750242,0.008019736036658287,0.625,0.0014431298477575183,0.007013341877609491,0.011585255153477192
1,2,2625,2024-02-27,50003,0.019894814,0.015931548550724983,0.6,0.007525141816586256,0.009010309353470802,0.03105241432785988
1,2,2628,2024-02-27,50009,0.037047,0.03524802625179291,0.58,0.004017382860183716,0.0312931165099144,0.043149445205926895
1,2,2630,2024-02-27,50013,0.012573358,0.011074325069785118,0.625,0.0038223247975111008,0.0058632767759263515,0.017855823040008545
1,2,2642,2024-02-27,51770,0.005987457,0.005844961851835251,0.805,0.00014546015881933272,0.005554199684411287,0.006018977612257004
1,2,2646,2024-02-27,54051,0.0034999691,0.003522137412801385,0.415,7.291742804227397e-05,0.0034346305765211582,0.003733846126124263
1,2,2652,2024-02-27,54097,0.0029687157,0.002643818035721779,0.6,0.0007400155300274491,0.0020308452658355236,0.004495895933359861
1,2,2658,2024-02-27,56037,0.000941642,0.0011704780627042055,0.215,0.00030220209737308323,0.0008902903064154088,0.0018344849813729525
1,3,3,2019-03-13,01021,0.0107511105,0.010753178969025612,0.015,8.230990147239936e-07,0.010751089081168175,0.010753880254924297
1,3,5,2019-03-13,01043,0.0040770113,0.004091592505574226,0.185,1.036987032421166e-05,0.004058879800140858,0.004096279386430979
1,3,10,2019-03-13,01075,0.007207861,0.007219173479825258,0.005,3.7490251543204067e-06,0.007207655347883701,0.0072210561484098434
1,3,16,2019-03-13,01125,0.0017077014,0.001687877345830202,0.94,8.140099453157745e-06,0.0016821130411699414,0.00170972163323313
1,3,24,2019-03-13,08017,0.17482166,0.17525120079517365,0.24,0.0003622118092607707,0.1743956059217453,0.17556585371494293
1,3,30,2019-03-13,08089,0.00416573,0.004221377428621054,0.345,0.000131926397443749,0.004076237790286541,0.00452172989025712
1,3,34,2019-03-13,17003,0.01333347,0.013360649347305298,0.445,0.00018034038657788187,0.013259802013635635,0.013907071202993393
1,3,39,2019-03-13,17065,0.008106304,0.008112522773444653,0.485,0.00024229720293078572,0.007961412891745567,0.008887863717973232
1,3,43,2019-03-13,17081,0.005718617,0.005710978526622057,0.705,1.7652835595072247e-05,0.005702815018594265,0.005780593026429415
1,3,50,2019-03-13,17179,0.0056538824,0.007590651512145996,0.305,0.0053317975252866745,0.0035416679456830025,0.020307814702391624
1,3,51,2019-03-13,17181,0.01089618,0.010334876365959644,0.815,0.0004014649020973593,0.01015390269458294,0.011600791476666927
1,3,53,2019-03-13,17191,0.0070928037,0.007099733222275972,0.475,0.00017220874724444002,0.007023664657026529,0.0076089883223176
1,3,58,2019-03-13,18039,0.004779692,0.005140102468430996,0.335,0.0006878809654153883,0.00441356748342514,0.006699694320559502
1,3,62,2019-03-13,18071,0.00659774,0.006383964326232672,0.69,0.0003173332370352,0.006179359275847673,0.0074083236977458
1,3,65,2019-03-13,18091,0.0049534654,0.004791343584656715,0.525,0.001395417028106749,0.0035342350602149963,0.008654175326228142
1,3,76,2019-03-13,18163,0.010659026,0.010775426402688026,0.255,0.0003323262499179691,0.010556953959167004,0.011688745580613613
1,3,86,2019-03-13,20129,0.015100939,0.018350500613451004,0.135,0.003553396789357066,0.014210793189704418,0.026173431426286697
1,3,88,2019-03-13,20153,0.009138485,0.00822188425809145,0.825,0.0006005943287163973,0.00782099086791277,0.009741458110511303
1,3,92,2019-03-13,20193,0.009348114,0.00777187617495656,0.89,0.0008118993137031794,0.007202159613370895,0.010010003112256527
1,3,103,2019-03-13,21059,0.009493274,0.009461123496294022,0.515,0.0012237944174557924,0.008257309906184673,0.01259850524365902
1,3,104,2019-03-13,21061,0.016478501,0.016560837626457214,0.13,4.6255041525000706e-05,0.016436463221907616,0.0166027769446373
1,3,111,2019-03-13,21105,0.0122313015,0.01250532828271389,0.27,0.0006643032538704574,0.011935665272176266,0.014246102422475815
1,3,120,2019-03-13,21187,0.005132388,0.004607844166457653,0.875,0.00028900147299282253,0.004338270053267479,0.005301239900290966
1,3,121,2019-03-13,21191,0.006373252,0.005957137793302536,0.91,0.00020279410819057375,0.005763460882008076,0.006467496044933796
1,3,124,2019-03-13,21219,0.0072179446,0.007456681691110134,0.315,0.0006855450919829309,0.006831114646047354,0.009230897761881351
1,3,129,2019-03-13,21229,0.0075280643,0.006151581183075905,0.935,0.0006379868718795478,0.005486363545060158,0.0076665268279612064
1,3,132,2019-03-13,22027,0.005561701,0.005553405731916428,0.99,3.5637992823467357e-06,0.005548681598156691,0.005561865400522947
1,3,140,2019-03-13,26157,0.0037328575,0.0036823595874011517,0.52,0.0005685633514076471,0.003073937725275755,0.005049527157098055
1,3,144,2019-03-13,28025,0.0010264133,0.000978040974587202,0.865,2.44406455749413e-05,0.0009636335307732224,0.0010477857431396842
1,3,149,2019-03-13,28105,0.0011100557,0.0010308923665434122,0.975,2.8442918846849352e-05,0.0010140349622815847,0.0011149633210152388
1,3,151,2019-03-13,29017,0.007354386,0.007070002146065235,0.935,0.0001108811775338836,0.0070110769011080265,0.007374129723757505
1,3,155,2019-03-13,29157,0.0058029005,0.005664585158228874,0.66,0.0002469108731020242,0.005531602073460817,0.006435206159949303
1,3,161,2019-03-13,34013,0.001187201,0.0011840504594147205,0.8,2.432065230095759e-06,0.001180985476821661,0.0011889071902260184
1,3,167,2019-03-13,35037,0.020080514,0.019772682338953018,0.575,0.0015105155762284994,0.01761776953935623,0.0233701691031456
1,3,176,2019-03-13,39045,0.0056853476,0.005712689831852913,0.395,0.00013389615924097598,0.005593114998191595,0.006099784281104803
1,3,181,2019-03-13,39071,0.019810861,0.01983989030122757,0.365,5.246408181847073e-05,0.01974346488714218,0.01992170698940754
1,3,187,2019-03-13,39127,0.009481902,0.007967287674546242,0.925,0.0006122184568084776,0.007611099164932966,0.009634719230234623
1,3,189,2019-03-13,39131,0.023476837,0.02343020960688591,0.645,0.0001105207993532531,0.023374292999505997,0.023736588656902313
1,3,196,2019-03-13,40019,0.005430429,0.005367500241845846,0.71,8.774505113251507e-05,0.005279820412397385,0.0056068431586027145
1,3,197,2019-03-13,40025,0.014862347,0.013908598572015762,0.56,0.0038981831166893244,0.010257243178784847,0.023058360442519188
1,3,202,2019-03-13,40045,0.01752161,0.02303832769393921,0.02,0.004563204012811184,0.01726207137107849,0.03321181237697601
1,3,207,2019-03-13,40065,0.00820993,0.00827043503522873,0.495,0.0009685087134130299,0.00712522491812706,0.010797583498060703
1,3,209,2019-03-13,40083,0.008133465,0.008438948541879654,0.405,0.0015205710660666227,0.007021126337349415,0.012559652328491211
1,3,213,2019-03-13,40123,0.006603424,0.006434611976146698,0.805,0.0001230064226547256,0.0063031199388206005,0.00674448162317276
1,3,223,2019-03-13,47161,0.01113056,0.009734733030200005,0.905,0.000680034514516592,0.009110357612371445,0.011485569179058075
1,3,242,2019-03-13,48111,0.026993046,0.016482684761285782,0.92,0.005210669245570898,0.010971879586577415,0.028248408809304237
1,3,248,2019-03-13,48133,0.048838846,0.04881717264652252,0.59,9.366397716803476e-05,0.04858942702412605,0.04890364408493042
1,3,258,2019-03-13,48181,0.0053427173,0.005300716497004032,0.555,0.00024177234445232898,0.005040368065237999,0.005858195945620537
1,3,266,2019-03-13,48211,0.03009135,0.03245061635971069,0.195,0.003713844809681177,0.028421323746442795,0.04146342724561691
1,3,273,2019-03-13,48237,0.013754643,0.013757327571511269,0.03,5.694117589882808e-06,0.0137544060125947,0.013777019456028938
1,3,274,2019-03-13,48243,0.0025935278,0.0026182206347584724,0.23,3.421905421419069e-05,0.0025748307816684246,0.002690323395654559
1,3,275,2019-03-13,48251,0.0093758255,0.00925666093826294,0.825,0.00021450486383400857,0.008746721781790257,0.009455324150621891
1,3,279,2019-03-13,48279,0.010484357,0.009381433948874474,0.775,0.0010660543339326978,0.007936663925647736,0.012262161821126938
1,3,281,2019-03-13,48301,0.06695169,0.06688496470451355,0.68,0.0002131685323547572,0.06627604365348816,0.06711282581090927
1,3,286,2019-03-13,48335,0.0048550675,0.004837198182940483,0.62,5.4572570661548525e-05,0.004784742835909128,0.004976792261004448
1,3,293,2019-03-13,48359,0.047840238,0.04634910076856613,0.845,0.0013587306020781398,0.04346267879009247,0.04881654679775238
1,3,295,2019-03-13,48367,0.0033996075,0.003413331462070346,0.165,4.3782976717920974e-05,0.0033942481968551874,0.003558470169082284
1,3,299,2019-03-13,48377,0.025628928,0.025615321472287178,0.88,9.498877261648886e-06,0.025598105043172836,0.025631943717598915
1,3,302,2019-03-13,48389,0.008659782,0.008688981644809246,0.315,3.8967107684584334e-05,0.008589188568294048,0.008739588782191277
1,3,303,2019-03-13,48393,0.06705836,0.06487610936164856,0.9,0.0017491810722276568,0.06168323755264282,0.06787388026714325
1,3,305,2019-03-13,48401,0.023892496,0.023868856951594353,0.88,1.471144878451014e-05,0.02384917251765728,0.023901361972093582
1,3,306,2019-03-13,48415,0.026869947,0.02695859596133232,0.37,0.0002092593495035544,0.026551684364676476,0.027253825217485428
1,3,307,2019-03-13,48421,0.040400177,0.03724939748644829,0.725,0.003520489437505603,0.03155159205198288,0.0442056879401207
1,3,310,2019-03-13,48437,0.016300414,0.016242850571870804,0.51,0.001507443143054843,0.014157112687826157,0.01956547051668167
1,3,323,2021-03-26,01021,0.02226621,0.022267326712608337,0.115,6.215764187800232e-07,0.022265922278165817,0.022267978638410568
1,3,331,2021-03-26,01043,0.016111251,0.016118302941322327,0.32,8.47462797537446e-06,0.016100196167826653,0.016127411276102066
1,3,333,2021-03-26,01059,0.0061152354,0.006114436313509941,0.81,5.398210873863718e-07,0.0061140707693994045,0.006116080097854137
1,3,334,2021-03-26,01069,0.00082912715,0.0008289593970403075,0.59,5.7860540891852e-07,0.0008281644550152123,0.0008302818168886006
1,3,336,2021-03-26,01073,0.008032608,0.008033202029764652,0.425,3.463017947069602e-06,0.008022724650800228,0.008035490289330482
1,3,337,2021-03-26,01089,0.0054538865,0.005454601254314184,0.01,1.1985106311840354e-06,0.00545385992154479,0.005458266008645296
1,3,356,2021-03-26,05093,0.0041299704,0.004130261018872261,0.26,6.679630928374536e-07,0.004129420500248671,0.004131803289055824
1,3,357,2021-03-26,05103,0.013047981,0.013048098422586918,0.325,1.5152491528169776e-07,0.013047724962234497,0.013048246502876282
1,3,359,2021-03-26,08003,0.0012479363,0.0012461396399885416,0.67,3.21047173201805e-06,0.0012417816324159503,0.0012534505221992731
1,3,365,2021-03-26,08089,0.0013733299,0.0013732193037867546,0.54,1.316551447416714e-06,0.0013717025285586715,0.0013764910399913788
1,3,368,2021-03-26,10003,0.0023218142,0.0023058638907969,1.0,1.220797548739938e-05,0.002277284860610962,0.0023217005655169487
1,3,373,2021-03-26,13077,0.019131174,0.019131362438201904,0.325,2.2746088745861925e-07,0.019130785018205643,0.01913158781826496
1,3,375,2021-03-26,13099,0.0005675728,0.0005661515169776976,0.815,1.2983458645976498e-06,0.0005642576143145561,0.0005689316894859076
1,3,378,2021-03-26,13135,0.0026899064,0.002695429138839245,0.0,4.577902927849209e-06,0.0026899557560682297,0.002705951454117894
1,3,388,2021-03-26,13289,0.0024228839,0.002433224581182003,0.06,5.801965016871691e-06,0.002420451957732439,0.002441783668473363
1,3,398,2021-03-26,16017,0.040170297,0.03880893066525459,0.825,0.0015605153748765588,0.03525557741522789,0.0409986786544323
1,3,400,2021-03-26,16021,0.003565783,0.004830294754356146,0.25,0.0016662976704537868,0.0029379650950431824,0.008885427378118038
1,3,408,2021-03-26,16043,0.0049314243,0.005065726116299629,0.06,0.0002484266587998718,0.004899521358311176,0.005954495631158352
1,3,411,2021-03-26,16051,0.0037847732,0.0037766164168715477,0.64,1.6827911167638376e-05,0.003760403720661998,0.0038177042733877897
1,3,412,2021-03-26,16053,0.00083922816,0.000837536237668246,0.545,1.2102428627258632e-05,0.000820560846477747,0.0008624970214441419
1,3,422,2021-03-26,16081,0.010632726,0.008789588697254658,0.69,0.0025183679535984993,0.00604246323928237,0.01484148669987917
1,3,424,2021-03-26,17003,0.001090321,0.0010954351164400578,0.06,4.5160904846852645e-06,0.001089170458726585,0.0011059129610657692
1,3,425,2021-03-26,17005,0.0023784798,0.0023794486187398434,0.145,9.852645916907932e-07,0.0023782530333846807,0.0023826889228075743
1,3,431,2021-03-26,17065,0.001619667,0.0016213494818657637,0.025,1.961535190275754e-06,0.0016195611096918583,0.0016276458045467734
1,3,441,2021-03-26,17181,0.0011926098,0.0011915444629266858,0.58,5.210488325246843e-06,0.001185253611765802,0.0012078543659299612
1,3,446,2021-03-26,18011,0.0026185706,0.0026337357703596354,0.355,2.770129867712967e-05,0.002604582579806447,0.0027057426050305367
1,3,449,2021-03-26,18031,0.006038319,0.006036018021404743,0.6,7.564455700048711e-06,0.006028547417372465,0.006055950187146664
1,3,451,2021-03-26,18041,0.0032997788,0.003262329613789916,0.705,3.429123171372339e-05,0.00323467911221087,0.00334917358122766
1,3,454,2021-03-26,18057,0.0027685943,0.002790109720081091,0.07,2.259604661958292e-05,0.002766505116596818,0.0028501248452812433
1,3,471,2021-03-26,18163,0.0021709984,0.002173700835555792,0.155,4.874030764767667e-06,0.0021703618112951517,0.0021867563482373953
1,3,474,2021-03-26,20023,0.0010994425,0.0011016109492629766,0.18,1.5777415001139161e-06,0.0010958879720419645,0.001102627837099135
1,3,477,2021-03-26,20061,0.0016432111,0.0016495056916028261,0.27,1.6073938240879215e-05,0.0016329794889315963,0.0016881378833204508
1,3,487,2021-03-26,20153,0.0027598229,0.0027602382469922304,0.375,7.591384587612993e-07,0.0027581953909248114,0.002761014737188816
1,3,492,2021-03-26,20183,0.001413625,0.0014191502705216408,0.13,5.073742158856476e-06,0.0014077724190428853,0.0014304592041298747
1,3,493,2021-03-26,20193,0.0006877717,0.0006897919229231775,0.265,3.3828757750598015e-06,0.0006859810091555119,0.0006982811610214412
1,3,502,2021-03-26,21059,0.0019017705,0.001905262703076005,0.045,3.3138046546810074e-06,0.0019015111029148102,0.0019158878130838275
1,3,508,2021-03-26,21105,0.095990844,0.09599083662033081,0.52,2.462323891450069e-07,0.09599007666110992,0.09599106013774872
1,3,519,2021-03-26,21219,0.0029096245,0.0029105585999786854,0.305,1.6914175375859486e-06,0.002908704336732626,0.002914670156314969
1,3,527,2021-03-26,23021,0.024313878,0.024574000388383865,0.175,0.00016801423043943942,0.024162570014595985,0.02472682110965252
1,3,529,2021-03-26,24005,0.0012515901,0.0012470613000914454,0.925,4.1409402911085635e-06,0.0012366687878966331,0.0012528703082352877
1,3,535,2021-03-26,24029,0.0016296972,0.0015980165917426348,0.895,1.7897316865855828e-05,0.0015769079327583313,0.0016431278781965375
1,3,539,2021-03-26,25001,0.009620363,0.00979646947234869,0.37,0.0009296912467107177,0.008976207114756107,0.012341576628386974
1,3,543,2021-03-26,25011,0.0053708893,0.0037793396040797234,0.875,0.000900599523447454,0.0028355366084724665,0.005936773028224707
1,3,550,2021-03-26,26003,0.01832262,0.018168170005083084,0.94,7.760358857922256e-05,0.0180573221296072,0.018365461379289627
1,3,553,2021-03-26,28025,0.003674911,0.0036745802499353886,0.745,2.7333447860655724e-07,0.0036743273958563805,0.003675232408568263
1,3,562,2021-03-26,28129,0.0025132576,0.002513045910745859,0.955,1.1588154080754975e-07,0.0025128591805696487,0.0025132670998573303
1,3,564,2021-03-26,28143,0.0071749487,0.007175616919994354,0.085,6.035920137037465e-07,0.007174900267273188,0.007177197840064764
1,3,579,2021-03-26,30025,0.0058589247,0.0058151474222540855,0.625,0.00011916794028365985,0.0056402115151286125,0.006049139890819788
1,3,583,2021-03-26,30047,0.006808789,0.011630458757281303,0.04,0.0045047360472381115,0.006409825291484594,0.022198351100087166
1,3,588,2021-03-26,30065,0.0031088286,0.0029899543151259422,0.71,0.00015142917982302606,0.0027693347074091434,0.0033247745595872402
1,3,591,2021-03-26,30075,0.0050177705,0.005011982284486294,0.655,1.0830601240741089e-05,0.0049938783049583435,0.005029174033552408
1,3,592,2021-03-26,30077,0.005123943,0.010479520075023174,0.05,0.00571829080581665,0.0047250958159565926,0.024271583184599876
1,3,596,2021-03-26,30085,0.0072565507,0.007309247739613056,0.315,0.00012261512165423483,0.007095248904079199,0.007605349645018578
1,3,599,2021-03-26,30091,0.0068835746,0.006938026286661625,0.25,8.005097333807498e-05,0.00680049043148756,0.0072195883840322495
1,3,609,2021-03-26,32013,0.001543846,0.0015438750851899385,0.49,4.890571290161461e-07,0.0015430360799655318,0.0015448682243004441
1,3,614,2021-03-26,34013,0.00095143967,0.0009556601871736348,0.265,6.742822733940557e-06,0.0009480991284362972,0.0009728359873406589
1,3,619,2021-03-26,34023,0.0012773545,0.0012782835401594639,0.28,2.2096082830103114e-06,0.0012757093645632267,0.001284996746107936
1,3,622,2021-03-26,34033,0.0039198077,0.003926469944417477,0.27,7.441325578838587e-06,0.003910453990101814,0.003936558496206999
1,3,630,2021-03-26,36031,0.009422122,0.007544608321040869,0.785,0.0014490030007436872,0.005918317474424839,0.010964438319206238
1,3,634,2021-03-26,36049,0.007039443,0.006771347485482693,0.99,9.826696623349562e-05,0.006682086735963821,0.0070597268640995026
1,3,643,2021-03-26,36089,0.006577719,0.00628626998513937,0.765,0.0002020892861764878,0.006107915658503771,0.00684287678450346
1,3,647,2021-03-26,36111,0.0039880634,0.004228145815432072,0.335,0.00047072695451788604,0.003363406052812934,0.005120301153510809
1,3,648,2021-03-26,36121,0.0051188073,0.004995232447981834,0.91,9.642471559345722e-05,0.00477360375225544,0.005189063958823681
1,3,649,2021-03-26,37015,0.0022104273,0.0021977031137794256,0.865,7.805864697729703e-06,0.0021872157230973244,0.002216118387877941
1,3,658,2021-03-26,37135,0.001693929,0.0016443025087937713,0.78,5.1875551434932277e-05,0.0015662850346416235,0.001751866308040917
1,3,663,2021-03-26,39017,0.0027758467,0.002759322989732027,1.0,1.2253129170858301e-05,0.0027308736462146044,0.0027753785252571106
1,3,674,2021-03-26,39045,0.004012766,0.004002143628895283,0.805,1.399613029207103e-05,0.003970704972743988,0.004040286876261234
1,3,681,2021-03-26,39067,0.015705805,0.015641123056411743,0.8,6.374269287334755e-05,0.015528584830462933,0.01579125225543976
1,3,682,2021-03-26,39071,0.007726282,0.007724069524556398,0.68,4.807103778148303e-06,0.0077134170569479465,0.007732416968792677
1,3,685,2021-03-26,39081,0.004006271,0.004068227484822273,0.085,4.130327943130396e-05,0.003975118510425091,0.004159197676926851
1,3,690,2021-03-26,39099,0.0049126735,0.004915457218885422,0.435,1.4896148059051484e-05,0.004907563794404268,0.004967734683305025
1,3,693,2021-03-26,39109,0.0055289515,0.005537590943276882,0.31,1.5117258044483606e-05,0.00551994564011693,0.005573340691626072
1,3,695,2021-03-26,39127,0.013729455,0.013737693428993225,0.37,2.6087735022883862e-05,0.013687824830412865,0.013805173337459564
1,3,697,2021-03-26,39133,0.0028571424,0.0028208931908011436,0.59,8.154451643349603e-05,0.002717230934649706,0.0030500658322125673
1,3,707,2021-03-26,41001,0.01292241,0.012723622843623161,0.795,0.0002633959229569882,0.012177747674286366,0.0130607383325696
1,3,715,2021-03-26,41049,0.002339249,0.0023671789094805717,0.235,3.420740176807158e-05,0.0023043532855808735,0.00242521776817739
1,3,727,2021-03-26,42051,0.003940157,0.0040421318262815475,0.04,5.998894994263537e-05,0.003926422912627459,0.004176104441285133
1,3,732,2021-03-26,42085,0.004751992,0.004615122452378273,0.91,0.00010264785669278353,0.00437586847692728,0.004836255218833685
1,3,734,2021-03-26,42101,0.0018891104,0.0019064699299633503,0.02,1.5848027032916434e-05,0.001888591912575066,0.0019433309789747
1,3,735,2021-03-26,42111,0.005764186,0.005797388963401318,0.29,6.683400715701282e-05,0.005659885238856077,0.005958369001746178
1,3,739,2021-03-26,44009,0.003376415,0.0032675093971192837,0.72,0.0001340117014478892,0.0031146921683102846,0.003611139487475157
1,3,746,2021-03-26,45063,0.0011058771,0.0011092736385762691,0.225,4.256675310898572e-06,0.0011024823179468513,0.001118544372729957
1,3,754,2021-03-26,46019,0.0037406879,0.003720893757417798,0.76,2.1277221094351262e-05,0.0036894979421049356,0.003767977934330702
1,3,756,2021-03-26,46025,0.003294944,0.0032939144875854254,0.62,2.946349695776007e-06,0.003289829706773162,0.0033013776410371065
1,3,757,2021-03-26,46029,0.0011327341,0.0011267394293099642,0.685,8.438820259470958e-06,0.0011191596277058125,0.0011547224130481482
1,3,772,2021-03-26,46069,0.0017705157,0.0017875549383461475,0.24,2.3249509467859752e-05,0.0017467776779085398,0.0018365400610491633
1,3,780,2021-03-26,46095,0.001455566,0.0014591659419238567,0.155,2.698095158848446e-06,0.0014532465720549226,0.0014641465386375785
1,3,784,2021-03-26,46107,0.00669165,0.006691393442451954,0.54,1.4004281183588319e-06,0.006689300294965506,0.006694236770272255
1,3,785,2021-03-26,46109,0.0015492217,0.0015498558059334755,0.475,9.086909813049715e-06,0.0015323931584134698,0.0015672650188207626
1,3,786,2021-03-26,46115,0.0013249645,0.0013290662318468094,0.105,3.295339411124587e-06,0.0013207150623202324,0.0013348088832572103
1,3,789,2021-03-26,46121,0.0010698132,0.0010483964579179883,0.745,2.052170384558849e-05,0.001017734408378601,0.001088317483663559
1,3,796,2021-03-26,47023,0.017095933,0.017095938324928284,0.465,1.357577588123604e-07,0.0170955341309309,0.01709609292447567
1,3,804,2021-03-26,47099,0.0072870976,0.00728606665506959,0.95,4.476612787129852e-07,0.00728581054136157,0.007287473417818546
1,3,806,2021-03-26,47119,0.006694704,0.006692907772958279,0.78,1.4943805126677034e-06,0.006691575516015291,0.006697131786495447
1,3,816,2021-03-26,48347,0.0022114676,0.0022095642052590847,0.93,9.510936820333882e-07,0.0022082540672272444,0.0022116221953183413
1,3,817,2021-03-26,48365,0.042518258,0.04252113401889801,0.205,1.8764275182547863e-06,0.042517002671957016,0.04252302274107933
1,3,818,2021-03-26,48401,0.0072851502,0.007286501582711935,0.07,7.452793511220079e-07,0.0072849891148507595,0.007287384010851383
1,3,824,2021-03-26,51107,0.001816412,0.0018118578009307384,0.86,7.604980964970309e-06,0.0017915238859131932,0.0018192314309999347
1,3,827,2021-03-26,51173,0.0074675535,0.007464367896318436,0.545,2.884713831008412e-05,0.007432321552187204,0.00753277400508523
1,3,838,2021-03-26,53071,0.004598332,0.004790823440998793,0.06,0.00014626630581915379,0.0045827520079910755,0.005102456081658602
1,3,842,2021-03-26,54023,0.007063491,0.006936039309948683,0.56,0.0005498348036780953,0.006132199894636869,0.008242321200668812
1,3,845,2021-03-26,54077,0.0060212235,0.006147667765617371,0.055,6.566385854966938e-05,0.005980856716632843,0.006284329574555159
1,3,848,2021-03-26,56003,0.013061186,0.013048484921455383,0.69,3.7680456443922594e-05,0.012957681901752949,0.013083204627037048
1,3,853,2021-03-26,56013,0.0009957971,0.0012757580261677504,0.275,0.00043036238639615476,0.0007959171198308468,0.002262572292238474
1,3,858,2021-03-26,56025,0.0012499572,0.001543219666928053,0.25,0.0005365976830944419,0.0011221085442230105,0.002999149030074477
1,3,860,2021-03-26,56035,0.001349704,0.0015674321912229061,0.3,0.0003518140292726457,0.0011299584293738008,0.002384681487455964
1,3,868,2021-12-11,01089,0.00388142,0.00394552992656827,0.035,6.899064464960247e-05,0.003880030708387494,0.004127216525375843
1,3,870,2021-12-11,04003,0.00046472202,0.0004243729345034808,0.995,1.6156149285961874e-05,0.00040582945803180337,0.0004647477762773633
1,3,874,2021-12-11,04015,0.00895104,0.009116764180362225,0.36,0.0006525951903313398,0.008337979204952717,0.010740566998720169
1,3,882,2021-12-11,05035,0.0043693716,0.004370884038507938,0.275,5.4638248911942355e-06,0.0043679275549948215,0.004386777523905039
1,3,885,2021-12-11,05053,0.043045383,0.04306713491678238,0.085,9.535456229059491e-06,0.04304058849811554,0.04307234659790993
1,3,891,2021-12-11,05093,0.037898455,0.037885136902332306,0.795,3.669102079584263e-05,0.037784598767757416,0.037906114012002945
1,3,899,2021-12-11,06009,0.010921844,0.010885711759328842,0.665,0.00010537341586314142,0.010858763009309769,0.011261582374572754
1,3,903,2021-12-11,06021,0.0116984565,0.011698534712195396,0.38,2.2028866624168586e-06,0.011697915382683277,0.011708179488778114
1,3,904,2021-12-11,06025,0.00043972483,0.0004383174527902156,0.57,7.858359822421335e-06,0.0004250944475643337,0.00045466292067430913
1,3,909,2021-12-11,06041,0.002226534,0.0023033954203128815,0.01,0.00012995263386983424,0.0022257757373154163,0.0026514630299061537
1,3,910,2021-12-11,06043,0.012133807,0.012138716876506805,0.4,4.413065471453592e-05,0.012126424349844456,0.012284385971724987
1,3,913,2021-12-11,06057,0.026734512,0.027812687680125237,0.135,0.0005541947321034968,0.025976812466979027,0.02788178250193596
1,3,918,2021-12-11,06067,0.005603785,0.0056078932248055935,0.03,2.3298609448829666e-05,0.005603741388767958,0.0056875357404351234
1,3,929,2021-12-11,06101,0.0055591427,0.005553424824029207,0.935,1.2929874174005818e-05,0.005516038741916418,0.00555948494002223
1,3,935,2021-12-11,08001,0.00053113856,0.0005122738075442612,0.82,2.003517329285387e-05,0.0004719184071291238,0.0005478133680298924
1,3,936,2021-12-11,08003,0.012087222,0.010585862211883068,0.725,0.0017396113835275173,0.008623385801911354,0.015220324508845806
1,3,942,2021-12-11,08017,0.015769087,0.013192964717745781,0.675,0.0037983860820531845,0.009459512308239937,0.022802893072366714
1,3,943,2021-12-11,08019,0.009509206,0.009563934989273548,0.3,8.417035860475153e-05,0.009345312602818012,0.009607793763279915
1,3,954,2021-12-11,08059,0.01757956,0.017333131283521652,0.985,0.00017353359726257622,0.016932524740695953,0.017601123079657555
1,3,961,2021-12-11,08077,0.0018987124,0.0019275001250207424,0.27,5.26186304341536e-05,0.0018355263164266944,0.002045953180640936
1,3,965,2021-12-11,08089,0.13075267,0.1303202211856842,0.865,0.0005451403558254242,0.12895262241363525,0.13098900020122528
1,3,975,2021-12-11,13213,0.0054895277,0.005184478592127562,0.855,0.0001975167979253456,0.004979411140084267,0.0056852432899177074
1,3,977,2021-12-11,13297,0.00088228367,0.0008803503587841988,0.875,1.2668485851463629e-06,0.0008785381214693189,0.0008830201695673168
1,3,988,2021-12-11,17003,0.0024747092,0.0024720868095755577,0.535,2.113171103701461e-05,0.0024501499719917774,0.002525659976527095
1,3,989,2021-12-11,17005,0.0033786297,0.0033667567186057568,0.66,2.4279232093249448e-05,0.0033436398953199387,0.0034270023461431265
1,3,990,2021-12-11,17017,0.0069112936,0.005242887884378433,0.66,0.003322980599477887,0.004974651150405407,0.0146702965721488
1,3,993,2021-12-11,17031,0.008378009,0.01523401029407978,0.02,0.010475832037627697,0.008256387896835804,0.042631976306438446
1,3,997,2021-12-11,17051,0.01604291,0.016065901145339012,0.35,4.507715129875578e-05,0.015952354297041893,0.01611318439245224
1,3,998,2021-12-11,17053,0.008520515,0.009602932259440422,0.245,0.0024742227979004383,0.007611870300024748,0.01644953526556492
1,3,1006,2021-12-11,17089,0.0075314823,0.012736608274281025,0.1,0.010579503141343594,0.006801239680498838,0.04051530361175537
1,3,1009,2021-12-11,17099,0.0059728352,0.008249469101428986,0.155,0.006051945965737104,0.005365322344005108,0.024652710184454918
1,3,1020,2021-12-11,17135,0.0015188713,0.001507453853264451,0.55,0.0001251020876225084,0.0013691183412447572,0.001818326534703374
1,3,1028,2021-12-11,17179,0.0063359323,0.009206702932715416,0.3,0.006098575424402952,0.004421493504196405,0.023972267284989357
1,3,1029,2021-12-11,17181,0.0025417558,0.0025039645843207836,0.855,2.5885879949782975e-05,0.002472684485837817,0.0025657969526946545
1,3,1045,2021-12-11,18039,0.011430959,0.012787336483597755,0.375,0.004654751159250736,0.008724601939320564,0.024645401164889336
1,3,1046,2021-12-11,18041,0.015201923,0.01242746040225029,0.8,0.0019199367379769683,0.01077748741954565,0.01756293512880802
1,3,1049,2021-12-11,18057,0.008137912,0.008976588025689125,0.17,0.0013805227354168892,0.007781208958476782,0.012458734214305878
1,3,1050,2021-12-11,18069,0.010978007,0.010817432776093483,0.525,0.0018474421231076121,0.009540734812617302,0.016138385981321335
1,3,1052,2021-12-11,18075,0.013340509,0.014685878530144691,0.305,0.0024977754801511765,0.011622407473623753,0.02034594863653183
1,3,1060,2021-12-11,18103,0.010436904,0.010249776765704155,0.545,0.0023886384442448616,0.008610967546701431,0.017038006335496902
1,3,1062,2021-12-11,18107,0.005922777,0.0062897708266973495,0.39,0.00167809147387743,0.004911090712994337,0.01075849961489439
1,3,1064,2021-12-11,18115,0.009201796,0.008054560981690884,0.79,0.0009001814178191125,0.0074891336262226105,0.010499904863536358
1,3,1069,2021-12-11,18133,0.0071161864,0.007712272927165031,0.25,0.00044552067993208766,0.006835970561951399,0.008129145950078964
1,3,1073,2021-12-11,18149,0.01857583,0.018625373020768166,0.415,0.0015840406995266676,0.018348153680562973,0.02516886591911316
1,3,1085,2021-12-11,19009,0.02060705,0.018408045172691345,0.755,0.0018150215037167072,0.016967982053756714,0.023016860708594322
1,3,1090,2021-12-11,19019,0.029971387,0.029435254633426666,0.52,0.01122513972222805,0.016470279544591904,0.05432742089033127
1,3,1093,2021-12-11,19025,0.036250554,0.034268446266651154,0.72,0.0026782515924423933,0.031810659915208817,0.041332513093948364
1,3,1094,2021-12-11,19027,0.032881625,0.03717369958758354,0.375,0.00916525349020958,0.022212421521544456,0.05271118879318237
1,3,1096,2021-12-11,19031,0.020183653,0.018257904797792435,0.575,0.008913733996450901,0.013551604002714157,0.04130469262599945
1,3,1101,2021-12-11,19041,0.0139449965,0.01705622300505638,0.215,0.006319388281553984,0.011270660907030106,0.034374136477708817
1,3,1108,2021-12-11,19055,0.024099575,0.029175547882914543,0.295,0.011256962083280087,0.014890317805111408,0.05210128054022789
1,3,1114,2021-12-11,19067,0.01071842,0.014824436977505684,0.055,0.004378758370876312,0.010304811410605907,0.025653507560491562
1,3,1139,2021-12-11,19125,0.009917735,0.014619609341025352,0.265,0.011770553886890411,0.0041710687801241875,0.04183361306786537
1,3,1141,2021-12-11,19129,0.11913295,0.11375539004802704,0.855,0.005951784551143646,0.10220090299844742,0.12275898456573486
1,3,1149,2021-12-11,19147,0.033207405,0.03341280668973923,0.43,0.0021871321368962526,0.03159700334072113,0.04111263528466225
1,3,1150,2021-12-11,19149,0.015287962,0.01834120601415634,0.095,0.004310306161642075,0.01458386518061161,0.02972550131380558
1,3,1154,2021-12-11,19157,0.023248747,0.027157515287399292,0.25,0.00819067656993866,0.021907981485128403,0.04772457107901573
1,3,1158,2021-12-11,19165,0.013445341,0.022357426583766937,0.105,0.00814445223659277,0.012059730477631092,0.03797841817140579
1,3,1162,2021-12-11,19173,0.02154922,0.02669733762741089,0.245,0.007634297013282776,0.017458997666835785,0.04344440996646881
1,3,1167,2021-12-11,19185,0.048142683,0.047712504863739014,0.615,0.00196466245688498,0.04607130214571953,0.05353517085313797
1,3,1169,2021-12-11,19189,0.042650424,0.0439104288816452,0.335,0.0032356632873415947,0.0388927236199379,0.051513317972421646
1,3,1173,2021-12-11,19197,0.11733658,0.11996172368526459,0.435,0.009564648382365704,0.10288403183221817,0.13574594259262085
1,3,1174,2021-12-11,20001,0.016883226,0.017737548798322678,0.15,0.0006571038975380361,0.01664881221950054,0.01880311220884323
1,3,1176,2021-12-11,20005,0.02055982,0.02190610021352768,0.25,0.002737605944275856,0.0193707924336195,0.03011282905936241
1,3,1183,2021-12-11,20023,0.0132716615,0.012133308686316013,0.795,0.0010946730617433786,0.010655870661139488,0.014633658342063427
1,3,1188,2021-12-11,20041,0.10026891,0.09675814211368561,0.665,0.00782695971429348,0.08756379038095474,0.11481118202209473
1,3,1189,2021-12-11,20043,0.086639,0.08147692680358887,0.665,0.010898027569055557,0.06340642273426056,0.09935126453638077
1,3,1190,2021-12-11,20045,0.013391862,0.012220212258398533,0.54,0.007294203154742718,0.004676440730690956,0.030185773968696594
1,3,1194,2021-12-11,20059,0.009520248,0.009858251549303532,0.155,0.0018284032121300697,0.009399211965501308,0.015635930001735687
1,3,1195,2021-12-11,20061,0.03937723,0.03913965821266174,0.59,0.002752516185864806,0.03830674663186073,0.0478670634329319
1,3,1220,2021-12-11,20129,0.084808476,0.08490844070911407,0.45,0.000398163654608652,0.08409209549427032,0.0854092389345169
1,3,1229,2021-12-11,20151,0.018670596,0.021526623517274857,0.375,0.006801408249884844,0.01027513574808836,0.03357212617993355
1,3,1230,2021-12-11,20153,0.03056935,0.029278595000505447,0.66,0.001727035385556519,0.027128437533974648,0.03256713226437569
1,3,1237,2021-12-11,20169,0.11918674,0.11378983408212662,0.71,0.008880676701664925,0.09988747537136078,0.13106024265289307
1,3,1239,2021-12-11,20173,0.010610512,0.02158738672733307,0.025,0.008324764668941498,0.009785124100744724,0.03874615207314491
1,3,1244,2021-12-11,20183,0.033070255,0.03868577629327774,0.15,0.005746600683778524,0.03023577854037285,0.049341507256031036
1,3,1245,2021-12-11,20185,0.06276336,0.05899122357368469,0.655,0.007407139055430889,0.0473906472325325,0.07300341874361038
1,3,1247,2021-12-11,20193,0.038031075,0.03424190729856491,0.845,0.0034295725636184216,0.028282957151532173,0.03944813832640648
1,3,1251,2021-12-11,20201,0.036568917,0.03734312206506729,0.205,0.0011508193565532565,0.03602488338947296,0.04036002978682518
1,3,1255,2021-12-11,21001,0.009971655,0.009833032265305519,0.885,7.582330727018416e-05,0.009755220264196396,0.01003287360072136
1,3,1259,2021-12-11,21029,0.0057720016,0.005782918073236942,0.075,0.00013322741142474115,0.005768903065472841,0.00630934489890933
1,3,1268,2021-12-11,21087,0.008242052,0.008232597261667252,0.77,9.091444553632755e-06,0.008225729689002037,0.008257458917796612
1,3,1270,2021-12-11,21095,0.011772869,0.011362031102180481,0.845,0.0006929314113222063,0.009536854922771454,0.011901975609362125
1,3,1271,2021-12-11,21099,0.026633026,0.02663954347372055,0.305,1.0118317732121795e-05,0.026611194014549255,0.02664598822593689
1,3,1275,2021-12-11,21133,0.0066407504,0.006646032445132732,0.475,8.115405216813087e-05,0.006588852498680353,0.006951917428523302
1,3,1290,2021-12-11,21197,0.007924896,0.007920301519334316,0.535,9.228580893250182e-05,0.007871614769101143,0.008182312361896038
1,3,1298,2021-12-11,21219,0.17744918,0.1774374395608902,0.695,5.5981097830226645e-05,0.17727462947368622,0.17746567726135254
1,3,1306,2021-12-11,23009,0.0062224353,0.004716311581432819,0.975,0.0006303249392658472,0.004054338205605745,0.006327562965452671
1,3,1307,2021-12-11,23021,0.0057316017,0.0056551313027739525,0.855,7.671984349144623e-05,0.0055506289936602116,0.00595771474763751
1,3,1309,2021-12-11,25001,0.018654283,0.018849972635507584,0.42,0.0011943724239245057,0.016894841566681862,0.02108050510287285
1,3,1315,2021-12-11,26003,0.02133717,0.014915484003722668,0.87,0.003003967460244894,0.014022700488567352,0.02423338033258915
1,3,1316,2021-12-11,26005,0.011032453,0.014244792982935905,0.025,0.0020989985205233097,0.010884561575949192,0.01955328695476055
1,3,1326,2021-12-11,26031,0.040716622,0.06485214829444885,0.005,0.014674756675958633,0.04065171256661415,0.0876418873667717
1,3,1327,2021-12-11,26033,0.012718174,0.027280669659376144,0.0,0.008107787929475307,0.012829863466322422,0.03635299950838089
1,3,1333,2021-12-11,26051,0.037104286,0.03915255516767502,0.255,0.004815265536308289,0.03565352037549019,0.051671553403139114
1,3,1338,2021-12-11,26063,0.020976664,0.022309409454464912,0.45,0.009246811270713806,0.01621626876294613,0.044225044548511505
1,3,1342,2021-12-11,26075,0.009597769,0.011260336264967918,0.235,0.0023913884069770575,0.008267245255410671,0.016755128279328346
1,3,1344,2021-12-11,26079,0.033549316,0.04842182621359825,0.0,0.01316816732287407,0.03355880081653595,0.0763542577624321
1,3,1347,2021-12-11,26087,0.05304111,0.05899058282375336,0.305,0.006759722717106342,0.047159068286418915,0.0689384713768959
1,3,1349,2021-12-11,26091,0.01547986,0.015013286843895912,0.595,0.0011849241564050317,0.013374523259699345,0.018051575869321823
1,3,1353,2021-12-11,26101,0.018952735,0.036415643990039825,0.02,0.012351961806416512,0.01891990751028061,0.05849921703338623
1,3,1376,2021-12-11,26157,0.019336086,0.021268684417009354,0.025,0.002030255738645792,0.01913752593100071,0.02588607557117939
1,3,1378,2021-12-11,26161,0.017307395,0.01422388106584549,0.88,0.002304359572008252,0.010570661164820194,0.018772689625620842
1,3,1380,2021-12-11,26165,0.023052098,0.03523017093539238,0.145,0.012516291812062263,0.02257244847714901,0.06012915074825287
1,3,1383,2021-12-11,27019,0.008931293,0.012935727834701538,0.1,0.007821114733815193,0.008135502226650715,0.03430653363466263
1,3,1385,2021-12-11,27033,0.0071815965,0.007653386797755957,0.31,0.0020199089776724577,0.006719443015754223,0.013248364441096783
1,3,1401,2021-12-11,27093,0.009707067,0.011345893144607544,0.155,0.002735069254413247,0.009062805213034153,0.017983414232730865
1,3,1403,2021-12-11,27101,0.0036026614,0.0036313242744654417,0.465,0.00021796947112306952,0.0035056541673839092,0.0042536500841379166
1,3,1408,2021-12-11,27121,0.0041722422,0.0042318254709243774,0.065,8.000170055311173e-05,0.0041613089852035046,0.004432253073900938
1,3,1413,2021-12-11,27139,0.01559662,0.01773703470826149,0.43,0.010224102064967155,0.010319472290575504,0.04385749250650406
1,3,1417,2021-12-11,27147,0.022544514,0.03244395926594734,0.31,0.015462714247405529,0.012145533226430416,0.05907272547483444
1,3,1419,2021-12-11,27161,0.01622986,0.01595938764512539,0.51,0.012604277580976486,0.008979929611086845,0.05019267275929451
1,3,1424,2021-12-11,28033,0.006379051,0.006392068229615688,0.17,1.460709700040752e-05,0.006373626179993153,0.006427036598324776
1,3,1426,2021-12-11,29005,0.022542633,0.023842178285121918,0.115,0.004790098872035742,0.0224302988499403,0.03704654425382614
1,3,1433,2021-12-11,29029,0.0044135367,0.004260361660271883,0.885,7.474658923456445e-05,0.004219889175146818,0.004489741288125515
1,3,1436,2021-12-11,29043,0.002476447,0.002471445593982935,0.83,4.207649453746853e-06,0.002468283986672759,0.0024832445196807384
1,3,1445,2021-12-11,29071,0.0045532556,0.004444069229066372,0.875,5.735940794693306e-05,0.004393518436700106,0.0045903935097157955
1,3,1448,2021-12-11,29077,0.0033887434,0.003391325008124113,0.235,9.955114364856854e-06,0.0033876504749059677,0.0034204174298793077
1,3,1449,2021-12-11,29079,0.020480854,0.027551621198654175,0.255,0.010644925758242607,0.011411633342504501,0.04733496904373169
1,3,1453,2021-12-11,29101,0.010716275,0.010027384385466576,0.55,0.004287624731659889,0.004394352901726961,0.0193046722561121
1,3,1454,2021-12-11,29105,0.0018920873,0.0018323007971048355,0.92,2.6976998924510553e-05,0.0018073024693876505,0.001903967116959393
1,3,1458,2021-12-11,29117,0.016426157,0.019441304728388786,0.375,0.008146712556481361,0.009183777496218681,0.038296788930892944
1,3,1465,2021-12-11,29151,0.011080168,0.011088905856013298,0.165,6.039997060725e-06,0.011077888309955597,0.011098630726337433
1,3,1467,2021-12-11,29157,0.002195338,0.002158375456929207,0.745,3.7940542824799195e-05,0.0021087799686938524,0.0022451397962868214
1,3,1483,2021-12-11,29213,0.0033101805,0.0033029355108737946,0.95,2.8814811230404302e-06,0.0033007145393639803,0.0033115078695118427
1,3,1493,2021-12-11,32003,0.0016118414,0.0017228471115231514,0.29,0.0003507730725686997,0.001430437434464693,0.002685349201783538
1,3,1495,2021-12-11,32013,0.00097400346,0.0010141029488295317,0.03,9.403725562151521e-05,0.0009726229473017156,0.0013049232074990869
1,3,1498,2021-12-11,35001,0.0012623798,0.0009519838495180011,0.885,0.00018400717817712575,0.0008732209098525345,0.0016845761565491557
1,3,1510,2021-12-11,35037,0.003376652,0.003364561591297388,0.555,0.00014173904492054135,0.003133398713544011,0.0036395140923559666
1,3,1513,2021-12-11,35045,0.0041138437,0.004057346843183041,0.59,0.0002681295445654541,0.0035375936422497034,0.004448314197361469
1,3,1515,2021-12-11,35049,0.0053176526,0.0041369423270225525,0.985,0.00028524562367238104,0.0038268871139734983,0.005435533355921507
1,3,1516,2021-12-11,35053,0.0016206692,0.001376637490466237,1.0,9.094412962440401e-05,0.0012814191868528724,0.0016157734207808971
1,3,1523,2021-12-11,36011,0.009476583,0.009271705523133278,0.74,0.0002452312910463661,0.008942387998104095,0.009795870631933212
1,3,1529,2021-12-11,36031,0.014927586,0.017490483820438385,0.08,0.002563940826803446,0.014560636132955551,0.02340894751250744
1,3,1537,2021-12-11,36049,0.0993219,0.12006533145904541,0.01,0.00984897930175066,0.09928133338689804,0.1307338923215866
1,3,1544,2021-12-11,36065,0.007547915,0.008030475117266178,0.125,0.00035021203802898526,0.007355453912168741,0.008528636768460274
1,3,1545,2021-12-11,36067,0.0041972212,0.0031082970090210438,0.74,0.001147200120612979,0.0024393461644649506,0.00653443718329072
1,3,1550,2021-12-11,36089,0.015702095,0.0208829827606678,0.045,0.004849850665777922,0.01555723324418068,0.030723365023732185
1,3,1557,2021-12-11,36111,0.009879819,0.010243219323456287,0.195,0.0003628017148002982,0.00908739399164915,0.010552954860031605
1,3,1561,2021-12-11,36121,0.021407513,0.02454191818833351,0.155,0.0024653305299580097,0.020871782675385475,0.02862483635544777
1,3,1562,2021-12-11,36123,0.033063002,0.03492420166730881,0.305,0.0021519113797694445,0.029803432524204254,0.03713315725326538
1,3,1563,2021-12-11,37001,0.00077582593,0.0007672994397580624,0.655,2.0353530999273062e-05,0.0007483847439289093,0.0008171764784492552
1,3,1580,2021-12-11,39051,0.011546563,0.01304522156715393,0.33,0.005510352086275816,0.00924082100391388,0.026718661189079285
1,3,1585,2021-12-11,39071,0.006750322,0.006683951243758202,0.645,0.00016028030950110406,0.006644833367317915,0.007223101798444986
1,3,1590,2021-12-11,39109,0.011143442,0.011262716725468636,0.465,0.0014824721729382873,0.010168525390326977,0.015346189960837364
1,3,1595,2021-12-11,39131,0.0073604276,0.0073890360072255135,0.195,3.005751386808697e-05,0.007335747592151165,0.007444990333169699
1,3,1596,2021-12-11,39133,0.00784176,0.007847159169614315,0.48,0.00039737889892421663,0.0076759434305131435,0.009144162759184837
1,3,1598,2021-12-11,39137,0.013934036,0.015240151435136795,0.375,0.00448010116815567,0.01079290360212326,0.02614687941968441
1,3,1604,2021-12-11,39173,0.014666662,0.015245083719491959,0.39,0.003127909731119871,0.013264859095215797,0.024877948686480522
1,3,1605,2021-12-11,40003,0.010181035,0.007622078992426395,0.7,0.0034603774547576904,0.005608301609754562,0.0181119441986084
1,3,1607,2021-12-11,40025,0.010290166,0.010324682109057903,0.42,0.00012746771972160786,0.0100488793104887,0.010501978918910027
1,3,1609,2021-12-11,40045,0.0050436626,0.006827963516116142,0.035,0.0015810409095138311,0.004825897049158812,0.010350648313760757
1,3,1621,2021-12-11,41019,0.0021672728,0.0018994190031662583,0.625,0.0007222100393846631,0.00154863519128412,0.004251415841281414
1,3,1631,2021-12-11,44009,0.012845275,0.012032190337777138,0.695,0.001095058280043304,0.010566036216914654,0.014316526241600513
1,3,1632,2021-12-11,45083,0.0009803119,0.0009823571890592575,0.385,1.318478007306112e-05,0.0009714166517369449,0.0010196642251685262
1,3,1633,2021-12-11,46003,0.0018774221,0.0018728873692452908,0.64,8.483526471536607e-06,0.0018620277987793088,0.0018922137096524239
1,3,1641,2021-12-11,46023,0.004585954,0.004584851674735546,0.545,9.153128303296398e-06,0.004578090272843838,0.0046233367174863815
1,3,1642,2021-12-11,46025,0.0014577924,0.0014985667075961828,0.17,6.250035221455619e-05,0.0014409534633159637,0.0016529018757864833
1,3,1644,2021-12-11,46029,0.0011672389,0.0011807975824922323,0.155,2.7557423891266808e-05,0.0011617082636803389,0.0012594122672453523
1,3,1663,2021-12-11,46069,0.00067562395,0.000674431910738349,0.62,1.827240907914529e-06,0.0006724652484990656,0.0006785410223528743
1,3,1667,2021-12-11,46077,0.0016074316,0.0016018619062379003,0.625,1.4372872101375833e-05,0.0015864302404224873,0.0016360230511054397
1,3,1676,2021-12-11,46095,0.00090325554,0.000876271165907383,0.825,1.9114175302092917e-05,0.0008513773791491985,0.0009242184460163116
1,3,1678,2021-12-11,46099,0.0044960706,0.004563911817967892,0.285,0.0001580166135681793,0.004452154040336609,0.005040766671299934
1,3,1681,2021-12-11,46107,0.0007654994,0.0007609751773998141,0.755,4.729560259875143e-06,0.0007579928496852517,0.0007743334281258285
1,3,1682,2021-12-11,46109,0.0011084165,0.0011074540670961142,0.515,4.077800258528441e-05,0.0010778481373563409,0.0012314791092649102
1,3,1684,2021-12-11,46115,0.0015148239,0.0015194234438240528,0.405,2.8575301257660612e-05,0.0014972708886489272,0.0015979672316461802
1,3,1687,2021-12-11,46121,0.0013180102,0.001286183949559927,0.855,1.9063623767578974e-05,0.001263433019630611,0.0013282726285979152
1,3,1693,2021-12-11,47007,0.006271507,0.0063434322364628315,0.14,4.498744601733051e-05,0.0062352558597922325,0.006396403536200523
1,3,1705,2021-12-11,47063,0.0029041078,0.003108053235337138,0.285,0.00036995051777921617,0.0026531678158789873,0.003973814658820629
1,3,1709,2021-12-11,47081,0.007259745,0.007085076533257961,0.93,9.786847658688203e-05,0.0069418190978467464,0.007331292610615492
1,3,1710,2021-12-11,47087,0.009281765,0.008967004716396332,0.71,0.000389779859688133,0.008633955381810665,0.010145041160285473
1,3,1714,2021-12-11,47099,0.0077330344,0.007566873915493488,0.795,0.00012993755808565766,0.00742962583899498,0.007886671461164951
1,3,1716,2021-12-11,47113,0.0053848065,0.00538514694198966,0.44,1.9100928057014244e-06,0.005383328069001436,0.005390073638409376
1,3,1720,2021-12-11,47127,0.0075315135,0.0073045389726758,0.855,0.0001381177280563861,0.00717066740617156,0.00765574024990201
1,3,1722,2021-12-11,47133,0.005714201,0.005603033117949963,0.71,0.00019365939078852534,0.005440018139779568,0.006137147545814514
1,3,1730,2021-12-11,47161,0.04114087,0.04118261858820915,0.055,1.7485297576058656e-05,0.041133467108011246,0.041196033358573914
1,3,1739,2021-12-11,48111,0.006326536,0.0060217250138521194,0.85,0.0001921235234476626,0.0057484665885567665,0.006478282157331705
1,3,1744,2021-12-11,48211,0.004027659,0.004619562067091465,0.255,0.0009680864750407636,0.0033739334903657436,0.006571987643837929
1,3,1749,2021-12-11,48359,0.002768926,0.002774189691990614,0.47,7.000717596383765e-05,0.0026918004732578993,0.0029354903381317854
1,3,1753,2021-12-11,48393,0.004715088,0.0050711059011518955,0.17,0.0003730798198375851,0.004558118060231209,0.005816862918436527
1,3,1754,2021-12-11,48421,0.0103570195,0.0102121252566576,0.635,0.00042392834438942373,0.009546905755996704,0.01111696194857359
1,3,1755,2021-12-11,48437,0.0015775089,0.0015300773084163666,0.59,0.00011265408829785883,0.0013711575884371996,0.0017610971117392182
1,3,1761,2021-12-11,49027,0.0013646892,0.0014209686778485775,0.045,5.062537456979044e-05,0.0013566678389906883,0.0015294773038476706
1,3,1764,2021-12-11,49049,0.0014967414,0.0015239751664921641,0.07,2.0346416931715794e-05,0.0014889873564243317,0.0015661237994208932
1,3,1771,2021-12-11,50011,0.0069475104,0.005678246263414621,0.735,0.0015198281034827232,0.004324743058532476,0.009605064988136292
1,3,1774,2021-12-11,50017,0.011935271,0.010754410177469254,0.795,0.0008356589823961258,0.010536597110331059,0.013531376607716084
1,3,1779,2021-12-11,51071,0.0037900575,0.004051995929330587,0.205,0.0004759157309308648,0.003618595190346241,0.005189245566725731
1,3,1782,2021-12-11,51173,0.013839997,0.01361904852092266,0.595,0.0008498044917359948,0.011603567749261856,0.014555905945599079
1,3,1786,2021-12-11,53071,0.0008227257,0.0009510783711448312,0.055,0.00010930481948889792,0.0007952700252644718,0.0011708862148225307
1,3,1790,2021-12-11,54069,0.009731912,0.00960757490247488,0.94,0.0001753638789523393,0.009125112555921078,0.009752760641276836
1,3,1803,2021-12-11,55033,0.022834556,0.025004655122756958,0.465,0.01414896547794342,0.013884928077459335,0.06022638827562332
1,3,1809,2021-12-11,55049,0.051181752,0.04917711764574051,0.635,0.0045274593867361546,0.040079422295093536,0.05419883131980896
1,3,1814,2021-12-11,55063,0.01672469,0.028769733384251595,0.045,0.011736540123820305,0.014826811850070953,0.05213213339447975
1,3,1815,2021-12-11,55065,0.009656621,0.01088651642203331,0.385,0.00950161274522543,0.007790251635015011,0.03515101969242096
1,3,1817,2021-12-11,55073,0.02003802,0.015890607610344887,0.71,0.004509783815592527,0.014280836097896099,0.028941072523593903
1,3,1822,2021-12-11,55085,0.03590121,0.06453239917755127,0.01,0.01644967868924141,0.035765163600444794,0.08567587286233902
1,3,1823,2021-12-11,55087,0.012021357,0.012651104480028152,0.095,0.003623608499765396,0.011956252157688141,0.026526032015681267
1,3,1826,2021-12-11,55093,0.011614382,0.018812939524650574,0.06,0.01203068532049656,0.011112332344055176,0.05002586543560028
1,3,1833,2021-12-11,55117,0.008990499,0.022170592099428177,0.155,0.015043603256344795,0.00410417327657342,0.05292123928666115
1,3,1842,2021-12-11,55141,0.0060761073,0.010487273335456848,0.03,0.005137307103723288,0.005639858078211546,0.02388162352144718
1,3,1848,2021-12-11,56013,0.0008343145,0.0009056167909875512,0.205,0.00014216343697626144,0.0007748620118945837,0.0012803605059161782
1,3,1850,2021-12-11,56025,0.001304376,0.0013979352079331875,0.275,0.0001595846115378663,0.001230040448717773,0.0017407166305929422
1,3,1852,2021-12-11,56035,0.0007944152,0.0008388865389861166,0.25,8.081465057330206e-05,0.0007601454854011536,0.0010389391100034118
1,3,1860,2022-06-08,01059,0.012899306,0.012900050729513168,0.16,4.869857548328582e-07,0.012898876331746578,0.012900711968541145
1,3,1861,2022-06-08,01073,0.005803544,0.005803624168038368,0.485,1.0506045100555639e-06,0.005800934042781591,0.005804785061627626
1,3,1862,2022-06-08,01089,0.0017024053,0.0017026967834681273,0.02,2.739628257586446e-07,0.0017024012049660087,0.0017033847980201244
1,3,1872,2022-06-08,05139,0.013292415,0.013292308896780014,0.62,2.9216988650659914e-07,0.013291534967720509,0.013292748481035233
1,3,1878,2022-06-08,06051,0.0519237,0.05191335082054138,0.835,9.246353329217527e-06,0.05189523100852966,0.05192726477980614
1,3,1879,2022-06-08,06057,0.0065690377,0.006570629309862852,0.13,1.074646320375905e-06,0.00656832056120038,0.006572417449206114
1,3,1888,2022-06-08,08077,0.0006602594,0.0006610173732042313,0.295,1.127842892856279e-06,0.0006594333681277931,0.000663192302454263
1,3,1898,2022-06-08,12111,0.0012856103,0.0012866526376456022,0.14,9.65614958658989e-07,0.001284896396100521,0.001288429950363934
1,3,1899,2022-06-08,12133,0.023598544,0.023598594591021538,0.075,3.82237281826292e-08,0.023598529398441315,0.023598667234182358
1,3,1901,2022-06-08,13077,0.012415417,0.012415347620844841,0.875,1.0215092771659329e-07,0.012415068224072456,0.012415435165166855
1,3,1904,2022-06-08,13297,0.0022257264,0.0022257696837186813,0.42,1.7545555408560176e-07,0.002225615084171295,0.0022263373248279095
1,3,1907,2022-06-08,17031,0.0021131649,0.0021186359226703644,0.0,3.882456439896487e-06,0.0021132752299308777,0.002127042505890131
1,3,1909,2022-06-08,17089,0.0026636892,0.0026653974782675505,0.01,1.3082826626487076e-06,0.00266357627697289,0.0026679965667426586
1,3,1919,2022-06-08,18067,0.0027436065,0.0027440187986940145,0.285,7.539058515249053e-07,0.002743213903158903,0.0027461526915431023
1,3,1920,2022-06-08,18069,0.0022867308,0.002287296112626791,0.21,8.229789045799407e-07,0.0022864548955112696,0.002289559692144394
1,3,1932,2022-06-08,19173,0.0043704007,0.004382729530334473,0.11,3.0304790925583802e-05,0.004368988797068596,0.0044684577733278275
1,3,1935,2022-06-08,21037,0.021375332,0.021375328302383423,0.58,9.912352716412443e-09,0.021375292912125587,0.021375341340899467
1,3,1942,2022-06-08,22067,0.0146756545,0.014675624668598175,0.55,2.0408111822689534e-07,0.014675171114504337,0.014675826765596867
1,3,1947,2022-06-08,24005,0.0014646263,0.0014648900832980871,0.365,5.910404752285103e-07,0.0014631117228418589,0.0014656774001196027
1,3,1957,2022-06-08,27033,0.002626578,0.002626664936542511,0.2,1.8920744082606689e-07,0.0026265347842127085,0.0026272586546838284
1,3,1958,2022-06-08,27089,0.0011542075,0.0011647504288703203,0.215,2.7864876756211743e-05,0.0011466271243989468,0.001237006625160575
1,3,1963,2022-06-08,28049,0.010690206,0.010690400376915932,0.34,4.1092894775829336e-07,0.01068925391882658,0.010690879076719284
1,3,1965,2022-06-08,28053,0.016112003,0.016112186014652252,0.36,5.849346393915766e-07,0.016111362725496292,0.01611345261335373
1,3,1970,2022-06-08,28111,0.021108562,0.02110876888036728,0.195,1.893993726298504e-07,0.021108167245984077,0.021108921617269516
1,3,1972,2022-06-08,28129,0.0130086,0.013009516522288322,0.045,5.205379238759633e-07,0.013008486479520798,0.013010487891733646
1,3,1979,2022-06-08,29005,0.004306459,0.004313883371651173,0.07,1.4511641893477645e-05,0.004305822309106588,0.00435621989890933
1,3,1982,2022-06-08,29029,0.012705507,0.012705209665000439,0.845,1.7563604615133954e-07,0.012705063447356224,0.012705724686384201
1,3,1986,2022-06-08,29071,0.008365107,0.008364900946617126,0.75,2.1917847448094108e-07,0.008364742621779442,0.008365651592612267
1,3,1987,2022-06-08,29079,0.0037331637,0.0037409034557640553,0.15,1.770617745933123e-05,0.0037321452982723713,0.0037973260041326284
1,3,1990,2022-06-08,29101,0.0072209984,0.007221325300633907,0.33,7.372840968855598e-07,0.007220785599201918,0.0072235288098454475
1,3,1991,2022-06-08,29107,0.020600863,0.02060076594352722,0.6,5.643552185574663e-07,0.020599529147148132,0.020601719617843628
1,3,2002,2022-06-08,30075,0.0086374,0.008637781254947186,0.12,2.285856908201822e-07,0.008637274615466595,0.008638034574687481
1,3,2007,2022-06-08,32011,0.020738494,0.0207382682710886,0.815,2.402490224540088e-07,0.020737817510962486,0.020738638937473297
1,3,2008,2022-06-08,32013,0.0057058525,0.005703163333237171,0.94,2.6450441055203555e-06,0.005697411950677633,0.005706228781491518
1,3,2020,2022-06-08,35001,0.00041905488,0.00041935694753192365,0.075,2.451957072935329e-07,0.0004189577011857182,0.0004198307287879288
1,3,2024,2022-06-08,35035,0.0019853571,0.001985462149605155,0.0,2.6531390417972034e-08,0.001985357142984867,0.0019854914862662554
1,3,2025,2022-06-08,35037,0.0018076808,0.0018012730870395899,0.79,5.4693323363608215e-06,0.0017939195968210697,0.0018152891425415874
1,3,2028,2022-06-08,35053,0.0001088793,0.00010908291733358055,0.395,6.731598887199652e-07,0.0001077336200978607,0.00011037813237635419
1,3,2030,2022-06-08,37001,0.0012601841,0.0012601384660229087,0.61,1.0176791676030916e-07,0.0012600403279066086,0.0012604088988155127
1,3,2042,2022-06-08,37135,0.0013467963,0.0013468109536916018,0.465,1.310902035811523e-07,0.0013466310920193791,0.0013472078135237098
1,3,2043,2022-06-08,37145,0.00065945456,0.0006589821423403919,0.69,5.246897671895567e-07,0.0006582135101780295,0.0006600968190468848
1,3,2044,2022-06-08,37147,0.00054159504,0.0005385896656662226,0.775,2.869599711630144e-06,0.000533814076334238,0.0005441569956019521
1,3,2052,2022-06-08,39017,0.03095674,0.030956732109189034,0.62,2.2329224691475247e-08,0.03095671348273754,0.030956819653511047
1,3,2060,2022-06-08,39045,0.036636125,0.03663494437932968,0.825,1.4018938827575766e-06,0.03663141652941704,0.03663673251867294
1,3,2065,2022-06-08,39071,0.007762684,0.0077626765705645084,0.525,8.356099812090179e-08,0.007762397173792124,0.007762770168483257
1,3,2069,2022-06-08,39105,0.0006773182,0.000678609823808074,0.12,7.900362106738612e-07,0.0006768248276785016,0.0006795538356527686
1,3,2071,2022-06-08,39109,0.0055878055,0.005587759893387556,0.515,6.406395982594404e-07,0.005586586426943541,0.005588765721768141
1,3,2072,2022-06-08,39111,0.017233592,0.0172339528799057,0.35,7.170081062213285e-07,0.017232656478881836,0.01723541133105755
1,3,2074,2022-06-08,39127,0.0054023666,0.005402524024248123,0.35,3.209809733561997e-07,0.005401298403739929,0.005402695387601852
1,3,2075,2022-06-08,39131,0.01226131,0.012261305004358292,0.56,1.6794693635802105e-08,0.012261288240551949,0.012261358089745045
1,3,2077,2022-06-08,39141,0.008066249,0.00806625559926033,0.49,2.4973269319161773e-07,0.008065549656748772,0.008066536858677864
1,3,2083,2022-06-08,40015,0.03415663,0.03415656462311745,0.775,7.471506080491963e-08,0.03415635600686073,0.03415665775537491
1,3,2090,2022-06-08,40065,0.00369089,0.003689780831336975,0.995,4.304130527543748e-07,0.0036892809439450502,0.003690919606015086
1,3,2096,2022-06-08,40113,0.0021561643,0.0021557833533734083,0.555,1.2430034530552803e-06,0.002154728164896369,0.0021586136426776648
1,3,2097,2022-06-08,40119,0.0037117235,0.003712211735546589,0.25,5.418918362920522e-07,0.0037115353625267744,0.0037132089491933584
1,3,2098,2022-06-08,40123,0.0048000463,0.00480002723634243,0.53,1.1150205381227352e-07,0.00479962257668376,0.004800139460712671
1,3,2107,2022-06-08,42051,0.006986659,0.006984359584748745,0.93,2.2393996914615855e-06,0.006979483179748058,0.006987768225371838
1,3,2109,2022-06-08,42111,0.003208169,0.0032079447992146015,0.69,3.5679516940945177e-07,0.0032076232600957155,0.0032090437598526478
1,3,2111,2022-06-08,45015,0.0009080089,0.0009068259387277067,0.665,1.7125087197200628e-06,0.0009046061895787716,0.0009104148484766483
1,3,2116,2022-06-08,46003,0.0033261366,0.003324609948322177,0.795,1.179396122097387e-06,0.003323531011119485,0.003327652346342802
1,3,2119,2022-06-08,46019,0.02206902,0.022070353850722313,0.285,1.500372036389308e-06,0.022066162899136543,0.022071819752454758
1,3,2120,2022-06-08,46023,0.0024810554,0.002479836344718933,0.725,1.465493824071018e-06,0.002478644484654069,0.002485256642103195
1,3,2121,2022-06-08,46025,0.0016178688,0.0016180584207177162,0.455,1.31889635213156e-06,0.0016168109141290188,0.0016224994324147701
1,3,2133,2022-06-08,46069,0.002933617,0.0029311010148376226,0.82,2.1565108454524307e-06,0.0029299501329660416,0.002939193043857813
1,3,2137,2022-06-08,46077,0.0025147742,0.0025138496421277523,0.825,6.415110647139954e-07,0.002513522980734706,0.002515884581953287
1,3,2141,2022-06-08,46095,0.0016909702,0.0016937634209170938,0.24,2.197248022639542e-06,0.0016885076183825731,0.0016955194296315312
1,3,2144,2022-06-08,46107,0.0014512676,0.001450878567993641,0.545,3.0289891128632007e-06,0.0014484167331829667,0.0014596139080822468
1,3,2145,2022-06-08,46109,0.00077830255,0.0007791404495947063,0.34,1.6996272051983397e-06,0.0007771853124722838,0.0007845223299227655
1,3,2146,2022-06-08,46115,0.0017055857,0.0017051630420610309,0.56,2.2959789021115284e-06,0.0017029859591275454,0.0017116983653977513
1,3,2149,2022-06-08,46121,0.0017799089,0.0017719566822052002,0.855,4.253168754075887e-06,0.0017683595651760697,0.0017820973880589008
1,3,2160,2022-06-08,48111,0.0022174648,0.0022112573496997356,0.94,3.1108161238080356e-06,0.0022058808244764805,0.00221814401447773
1,3,2173,2022-06-08,48279,0.0013221353,0.0013084108941257,1.0,4.413408987602452e-06,0.0013033176073804498,0.0013218836393207312
1,3,2179,2022-06-08,48359,0.0033120436,0.0033118342980742455,0.565,9.974224894904182e-07,0.003310233121737838,0.0033140829764306545
1,3,2182,2022-06-08,48393,0.003030507,0.0030307951383292675,0.33,6.10018901170406e-07,0.003030179999768734,0.0030323511455208063
1,3,2183,2022-06-08,48421,0.004064652,0.0040587205439805984,0.88,3.882464625348803e-06,0.004053288139402866,0.004067951813340187
1,3,2184,2022-06-08,48437,0.0012584255,0.0012548619415611029,0.77,3.4979677820956567e-06,0.0012486971681937575,0.0012604852672666311
1,3,2185,2022-06-08,48485,0.0042362614,0.004236130975186825,0.615,3.2644328484821017e-07,0.004235479049384594,0.004236631095409393
1,3,2189,2022-06-08,51007,0.009017094,0.009017247706651688,0.2,1.3368475038078032e-07,0.009017011150717735,0.0090174600481987
1,3,2194,2022-06-08,51059,0.00071848446,0.0007167403236962855,0.735,1.906956981656549e-06,0.0007135579362511635,0.0007202617707662284
1,3,2202,2022-06-08,51107,0.0010342875,0.0010344189358875155,0.355,5.855906692886492e-07,0.0010340644512325525,0.001036783680319786
1,3,2206,2022-06-08,51147,0.0020481537,0.00204777205362916,0.83,2.857813115042518e-07,0.00204741139896214,0.002048362046480179
1,3,2208,2022-06-08,51153,0.0005514748,0.0005511119961738586,0.53,2.592263399492367e-06,0.0005468798917718232,0.0005557032418437302
1,3,2213,2022-06-08,51590,0.0021667455,0.0021667582914233208,0.425,7.584543482153094e-08,0.0021666758693754673,0.0021669629495590925
1,3,2227,2022-06-08,54077,0.010754803,0.010753014124929905,0.69,4.414232989802258e-06,0.010743614286184311,0.010759892873466015
1,3,2228,2022-06-08,54079,0.0067364504,0.006736927665770054,0.485,3.604531912060338e-06,0.006728255655616522,0.006740678567439318
1,3,2230,2022-06-08,54095,0.0014552153,0.0014553624205291271,0.45,6.503930762846721e-07,0.0014534747460857034,0.001456350670196116
1,3,2231,2022-06-08,54103,0.020948598,0.020945938304066658,0.8,3.4699439765972784e-06,0.020938066765666008,0.02095164731144905
1,3,2242,2024-02-27,01089,0.0009855531,0.0009887951891869307,0.01,5.247176886769012e-06,0.0009855016833171248,0.00100435980129987
1,3,2249,2024-02-27,06015,0.026018072,0.02673768810927868,0.145,0.002211809391155839,0.025819901376962662,0.034261006861925125
1,3,2259,2024-02-27,06051,0.017993426,0.018019763752818108,0.335,0.002095959847792983,0.01783251203596592,0.02613019198179245
1,3,2260,2024-02-27,06057,0.021982234,0.015205269679427147,0.83,0.004115208517760038,0.015094042755663395,0.028961924836039543
1,3,2270,2024-02-27,06105,0.08155257,0.08146639168262482,0.79,0.00022914374130778015,0.08080193400382996,0.0815814733505249
1,3,2271,2024-02-27,08003,0.0012559185,0.0009937749709933996,0.72,0.0003608828701544553,0.0007138586370274425,0.0020440001972019672
1,3,2281,2024-02-27,08071,0.0030581937,0.0033280488569289446,0.2,0.00023161686840467155,0.0029486878775060177,0.003771835472434759
1,3,2282,2024-02-27,08077,0.005080431,0.005212930031120777,0.345,0.0003674787876661867,0.004929852206259966,0.006216140929609537
1,3,2284,2024-02-27,08085,0.008967752,0.008967423811554909,0.5,0.0005045259604230523,0.008341574110090733,0.010145680978894234
1,3,2285,2024-02-27,08089,0.0021617897,0.002189400838688016,0.125,2.26754982577404e-05,0.0021519814617931843,0.0022321571595966816
1,3,2294,2024-02-27,13077,0.0018007513,0.0017760570626705885,0.765,2.1326437490643002e-05,0.0017600831342861056,0.0018347972072660923
1,3,2297,2024-02-27,13119,0.0022417624,0.0022660507820546627,0.155,1.6010182662284933e-05,0.002227919641882181,0.002283918671309948
1,3,2298,2024-02-27,13135,0.0014283094,0.001436679158359766,0.01,1.121959212468937e-05,0.0014282801421359181,0.0014668548246845603
1,3,2308,2024-02-27,13297,0.0020641927,0.0019931569695472717,0.875,3.727811781573109e-05,0.0019628258887678385,0.002089833375066519
1,3,2310,2024-02-27,16003,0.008477561,0.008643366396427155,0.195,0.00017793377628549933,0.008351407945156097,0.00902517605572939
1,3,2313,2024-02-27,16027,0.0018234205,0.0021986369974911213,0.115,0.0007399797905236483,0.0017662784084677696,0.0045380787923932076
1,3,2321,2024-02-27,17003,0.001254373,0.0012546391226351261,0.495,9.312116162618622e-06,0.0012434152886271477,0.0012748042354360223
1,3,2322,2024-02-27,17031,0.001122492,0.001152440207079053,0.0,2.014667188632302e-05,0.001123364781960845,0.001190822571516037
1,3,2330,2024-02-27,17089,0.0014882571,0.001507332781329751,0.065,1.6546413462492637e-05,0.0014836553018540144,0.0015400608535856009
1,3,2336,2024-02-27,17179,0.0010202175,0.001023902092128992,0.39,2.0966777810826898e-05,0.000998079078271985,0.0010766983032226562
1,3,2337,2024-02-27,17181,0.0014319008,0.001419198582880199,0.8,1.0170831956202164e-05,0.0014054619241505861,0.0014400415821000934
1,3,2347,2024-02-27,18067,0.004546539,0.0045470367185771465,0.485,5.849732588103507e-06,0.004541265778243542,0.004562055692076683
1,3,2348,2024-02-27,18069,0.0016236337,0.0016204838175326586,0.51,0.00014026496501173824,0.0015013976953923702,0.001966143026947975
1,3,2353,2024-02-27,18133,0.002150189,0.0020737494342029095,0.83,5.4171618103282526e-05,0.0020241362508386374,0.002207923913374543
1,3,2367,2024-02-27,21059,0.0027162998,0.0027231117710471153,0.435,4.623863787855953e-05,0.002687141066417098,0.002851917641237378
1,3,2370,2024-02-27,21069,0.0059413863,0.005938667804002762,0.53,3.0397057344089262e-05,0.005885492078959942,0.005982889328151941
1,3,2375,2024-02-27,21095,0.005819208,0.006349378731101751,0.2,0.0006535177817568183,0.005550225265324116,0.007626515347510576
1,3,2378,2024-02-27,21105,0.0020930415,0.002095893258228898,0.275,6.6670763771981e-06,0.0020876824855804443,0.002111011417582631
1,3,2386,2024-02-27,21179,0.0048707365,0.004853390622884035,0.765,2.1127521904418245e-05,0.004851362202316523,0.004930782597512007
1,3,2387,2024-02-27,21181,0.004392163,0.004226195625960827,0.85,9.338202653452754e-05,0.004162010736763477,0.004488969221711159
1,3,2394,2024-02-27,23009,0.017647078,0.01176626980304718,0.955,0.0023500763345509768,0.010287236422300339,0.01796700805425644
1,3,2399,2024-02-27,25011,0.007101275,0.0043149422854185104,0.885,0.0012312779435887933,0.0039731357246637344,0.00834459625184536
1,3,2410,2024-02-27,29017,0.000994052,0.0009702411480247974,0.96,1.2239521311130375e-05,0.0009542822954244912,0.0009963326156139374
1,3,2411,2024-02-27,29023,0.00058188324,0.000582815264351666,0.425,5.373654403229011e-06,0.0005760121857747436,0.0005952005158178508
1,3,2427,2024-02-27,30041,0.001217594,0.0010577791836112738,0.865,8.427400462096557e-05,0.0010149013251066208,0.0013478165492415428
1,3,2430,2024-02-27,30047,0.0037758313,0.0033408133313059807,0.855,0.00022435719438362867,0.0031674837227910757,0.003905047895386815
1,3,2432,2024-02-27,30057,0.0014982356,0.001489695394411683,0.69,1.4435199773288332e-05,0.0014619178837165236,0.0015180850168690085
1,3,2438,2024-02-27,30099,0.0023258955,0.0016690418124198914,0.94,0.0002438726369291544,0.0015849062474444509,0.002413189969956875
1,3,2441,2024-02-27,32003,0.0052693887,0.004974958021193743,0.905,0.0002772737352643162,0.0043752617202699184,0.005327736493200064
1,3,2444,2024-02-27,32011,0.0014025252,0.0021524708718061447,0.215,0.0023118858225643635,0.0012313679326325655,0.0087711988016963
1,3,2445,2024-02-27,32013,0.019036714,0.01971767470240593,0.11,0.0006863960297778249,0.018911167979240417,0.021356023848056793
1,3,2456,2024-02-27,35001,0.0015157214,0.0015144816134124994,0.975,6.69527821628435e-07,0.0015134313143789768,0.001515729702077806
1,3,2467,2024-02-27,35035,0.00073065504,0.0007493788143619895,0.275,2.8380336516420357e-05,0.0007112366147339344,0.0008053770870901644
1,3,2468,2024-02-27,35037,0.0016132211,0.0016171401366591454,0.39,1.0272599865857046e-05,0.001594305969774723,0.0016323849558830261
1,3,2472,2024-02-27,35049,0.0009152299,0.0009577694581821561,0.235,4.8287343815900385e-05,0.0008925879374146461,0.0010639468673616648
1,3,2473,2024-02-27,35053,0.0022224465,0.00222157035022974,1.0,4.7126269464570214e-07,0.0022207533475011587,0.0022224318236112595
1,3,2480,2024-02-27,36011,0.01389287,0.011880569159984589,0.95,0.0006682975799776614,0.011730983853340149,0.014680737629532814
1,3,2484,2024-02-27,36031,0.011649275,0.026062142103910446,0.18,0.010191059671342373,0.007719806861132383,0.039768416434526443
1,3,2491,2024-02-27,36049,0.025115598,0.03050694242119789,0.295,0.005761466454714537,0.023729868233203888,0.040301065891981125
1,3,2497,2024-02-27,36081,0.0026128734,0.0027674485463649035,0.0,0.00030189595418050885,0.002613219665363431,0.0035705065820366144
1,3,2500,2024-02-27,36089,0.042909335,0.02342429757118225,0.94,0.01116948388516903,0.008514335379004478,0.04495449736714363
1,3,2505,2024-02-27,36111,0.008583349,0.010788451880216599,0.25,0.0022249806206673384,0.004686281085014343,0.012009082362055779
1,3,2514,2024-02-27,39045,0.02986767,0.02985931932926178,0.52,0.00027028561453334987,0.029171330854296684,0.03008665330708027
1,3,2517,2024-02-27,39067,0.0046894234,0.0032238448038697243,0.765,0.001259994343854487,0.002829884644597769,0.007251689210534096
1,3,2521,2024-02-27,39111,0.02741512,0.027523647993803024,0.325,0.00017735091387294233,0.02702425792813301,0.027663493528962135
1,3,2525,2024-02-27,39127,0.014991833,0.014424263499677181,0.92,0.00022287365572992712,0.014394000172615051,0.015218381769955158
1,3,2528,2024-02-27,40003,0.0013281131,0.0013185397256165743,0.665,2.251117257401347e-05,0.0013003236381337047,0.0013833277625963092
1,3,2530,2024-02-27,40025,0.0030707477,0.003085198812186718,0.16,1.1112799256807193e-05,0.0030657227616757154,0.003101274836808443
1,3,2532,2024-02-27,40045,0.003894628,0.0038889041170477867,0.745,6.270571702771122e-06,0.003882113378494978,0.003909525461494923
1,3,2535,2024-02-27,41001,0.005504595,0.0070594120770692825,0.135,0.0017367469845339656,0.005065114237368107,0.011373358778655529
1,3,2538,2024-02-27,42009,0.0124706635,0.012239236384630203,0.64,0.0005994800012558699,0.01105620339512825,0.012906680814921856
1,3,2539,2024-02-27,42051,0.0024775246,0.0025972742587327957,0.105,0.0003379873523954302,0.002452817978337407,0.0036294767633080482
1,3,2545,2024-02-27,45045,0.0007338234,0.0007681836141273379,0.035,4.608371091308072e-05,0.0007332190289162099,0.0008902378613129258
1,3,2548,2024-02-27,45063,0.0013285114,0.0013418449088931084,0.22,3.146507515339181e-05,0.0013156644999980927,0.0014336254680529237
1,3,2553,2024-02-27,45083,0.0008569488,0.0008577731787227094,0.49,2.3778789909556508e-05,0.000842653273139149,0.0009200738277286291
1,3,2558,2024-02-27,46109,0.0009008357,0.0009191598510369658,0.4,4.95586937176995e-05,0.0008629816002212465,0.0010220216354355216
1,3,2567,2024-02-27,47167,0.0020922925,0.002091802190989256,0.51,6.549239969899645e-06,0.002084208419546485,0.002108657266944647
1,3,2570,2024-02-27,48061,0.00089046103,0.0008942595450207591,0.005,2.4992968974402174e-06,0.0008902132976800203,0.0008988308254629374
1,3,2576,2024-02-27,48111,0.0018357497,0.001814444549381733,0.83,2.235694591945503e-05,0.0017707264050841331,0.0018470436334609985
1,3,2585,2024-02-27,48211,0.019210557,0.0191971343010664,0.735,1.918343514262233e-05,0.01915959268808365,0.019225237891077995
1,3,2588,2024-02-27,48279,0.00063268864,0.0005939419497735798,0.9,2.9322864065761678e-05,0.0005376697517931461,0.0006435628165490925
1,3,2593,2024-02-27,48359,0.0021202278,0.002117383060976863,0.76,3.997620297013782e-06,0.0021082221064716578,0.002123925369232893
1,3,2597,2024-02-27,48421,0.0015974764,0.001562250079587102,0.69,4.43777498730924e-05,0.0014987073373049498,0.0016603174153715372
1,3,2598,2024-02-27,48437,0.00063529715,0.0006190064596012235,0.85,1.4627285963797476e-05,0.0005920830299146473,0.0006660296348854899
1,3,2602,2024-02-27,49005,0.00965359,0.011375950649380684,0.02,0.0016607939032837749,0.009517930448055267,0.015130988322198391
1,3,2609,2024-02-27,49027,0.018934438,0.02185354381799698,0.105,0.0028458689339458942,0.01834249310195446,0.02766105718910694
1,3,2614,2024-02-27,49037,0.0011664194,0.001301877200603485,0.19,0.00013328014756552875,0.0011116532841697335,0.0015864751767367125
1,3,2617,2024-02-27,49043,0.019836534,0.02007056027650833,0.355,0.0009150438709184527,0.019581707194447517,0.02258669026196003
1,3,2620,2024-02-27,49049,0.0054581566,0.006296865176409483,0.03,0.0013760710135102272,0.005416985135525465,0.010267531499266624
1,3,2629,2024-02-27,50011,0.014980169,0.008928854949772358,0.73,0.006875984370708466,0.004539363086223602,0.026564590632915497
1,3,2632,2024-02-27,50017,0.012848012,0.00973985530436039,0.745,0.003738348139449954,0.008331145159900188,0.022129952907562256
1,3,2643,2024-02-27,54023,0.004398053,0.0036983033642172813,0.58,0.0026681104209274054,0.002098989672958851,0.011596300639212132
1,3,2645,2024-02-27,54047,0.01068769,0.010578850284218788,0.675,0.0002899034880101681,0.009909185580909252,0.010866427794098854
1,3,2648,2024-02-27,54079,0.0037128367,0.003711105789989233,0.565,1.7672688045422547e-05,0.003693760372698307,0.003757037688046694
1,3,2650,2024-02-27,54085,0.010014893,0.009970026090741158,0.755,4.0552098653279245e-05,0.0099500035867095,0.010093621909618378
1,3,2657,2024-02-27,56025,0.0019749217,0.002021869644522667,0.285,7.948627171572298e-05,0.0019001854816451669,0.0021719862706959248
1,4,6,2019-03-13,01047,0.002110598,0.0021104966290295124,1.0,3.383707536386282e-08,0.0021104724146425724,0.002110597677528858
1,4,7,2019-03-13,01051,0.005791731,0.005792653188109398,0.055,3.823015504167415e-07,0.005791465286165476,0.005792955867946148
1,4,11,2019-03-13,01079,0.00088597403,0.0008679497987031937,0.785,1.722212618915364e-05,0.0008607300696894526,0.0009204374509863555
1,4,20,2019-03-13,05031,0.011557755,0.011610714718699455,0.27,0.0001548224245198071,0.01151078287512064,0.012082765810191631
1,4,21,2019-03-13,05073,0.0063842908,0.006214116234332323,0.98,7.039688352961093e-05,0.006124068982899189,0.006402445025742054
1,4,29,2019-03-13,08073,0.01629447,0.016108697280287743,0.98,6.225264951353893e-05,0.01606713980436325,0.01630343310534954
1,4,32,2019-03-13,13115,0.0014895499,0.0014894563937559724,0.55,7.829629566913354e-07,0.0014889646554365754,0.0014916399959474802
1,4,36,2019-03-13,17047,0.008473947,0.008616200648248196,0.22,0.00038336426950991154,0.008392754942178726,0.00984284095466137
1,4,37,2019-03-13,17055,0.0071466947,0.0071752676740288734,0.255,0.00010014134022640064,0.007130119949579239,0.007498178631067276
1,4,42,2019-03-13,17077,0.007835298,0.007823573425412178,0.615,4.675708987633698e-05,0.007801848463714123,0.007993597537279129
1,4,48,2019-03-13,17153,0.011648745,0.011742469854652882,0.375,0.00047328544314950705,0.011485697701573372,0.013409788720309734
1,4,63,2019-03-13,18083,0.009292972,0.00943831168115139,0.34,0.0005733763100579381,0.00908643752336502,0.01116538792848587
1,4,69,2019-03-13,18127,0.0048731393,0.004918660968542099,0.495,0.001974848797544837,0.00332971871830523,0.010423271916806698
1,4,70,2019-03-13,18129,0.012434204,0.012448223307728767,0.445,0.00010531070438446477,0.012376438826322556,0.012796705588698387
1,4,71,2019-03-13,18137,0.012111472,0.009102217853069305,0.82,0.002167388563975692,0.006599619518965483,0.013771268539130688
1,4,78,2019-03-13,18175,0.010155084,0.009533511474728584,0.635,0.0011007817229256034,0.008561480790376663,0.012448116205632687
1,4,84,2019-03-13,20083,0.0093298,0.007914125919342041,0.68,0.0023077847436070442,0.006502850912511349,0.015198619104921818
1,4,85,2019-03-13,20109,0.017112799,0.016224879771471024,0.695,0.0012817766983062029,0.015376082621514797,0.019707737490534782
1,4,87,2019-03-13,20137,0.00928762,0.009015902876853943,0.71,0.00046501029282808304,0.008786930702626705,0.010495813563466072
1,4,96,2019-03-13,21023,0.01083913,0.010850176215171814,0.47,0.00010835069406311959,0.010729768313467503,0.011120866052806377
1,4,97,2019-03-13,21033,0.009358377,0.009399867616593838,0.405,0.00017727770318742841,0.009262270294129848,0.009964308701455593
1,4,102,2019-03-13,21055,0.011673789,0.01164587214589119,0.61,0.0001543535036034882,0.011531464755535126,0.01210844051092863
1,4,110,2019-03-13,21101,0.01577651,0.0157958772033453,0.42,9.493997640674934e-05,0.0157205481082201,0.016061848029494286
1,4,113,2019-03-13,21139,0.0121224,0.012105029076337814,0.57,0.00019139685900881886,0.011948597617447376,0.012630803510546684
1,4,117,2019-03-13,21149,0.0075476435,0.007876655086874962,0.155,0.000569297291804105,0.007452334277331829,0.009459488093852997
1,4,123,2019-03-13,21211,0.0046156887,0.004657519515603781,0.425,0.00016664240683894604,0.004226450342684984,0.004791028331965208
1,4,131,2019-03-13,22017,0.006100536,0.0060399118810892105,0.88,3.932293475372717e-05,0.005990114528685808,0.006142554804682732
1,4,136,2019-03-13,26049,0.0025920004,0.00267288857139647,0.265,0.0002446759899612516,0.002541536232456565,0.003428129479289055
1,4,141,2019-03-13,26159,0.003926436,0.002858138643205166,0.84,0.0007728251512162387,0.0022280653938651085,0.005199441686272621
1,4,142,2019-03-13,28011,0.0063982066,0.006532244384288788,0.265,0.00024683523224666715,0.006317541003227234,0.007197494152933359
1,4,152,2019-03-13,29031,0.009883026,0.009890413843095303,0.41,7.846632797736675e-05,0.009861214086413383,0.010146034881472588
1,4,154,2019-03-13,29143,0.014185339,0.014364128932356834,0.185,0.00034007406793534756,0.014130955561995506,0.015416794456541538
1,4,159,2019-03-13,32007,0.00018215657,0.00018281678785569966,0.415,2.6496031750866678e-06,0.00017929777095559984,0.00018931622616946697
1,4,168,2019-03-13,35051,0.005174374,0.00519554503262043,0.455,0.00018148976960219443,0.004825950134545565,0.005536157637834549
1,4,172,2019-03-13,39025,0.0049883197,0.004744004458189011,0.885,0.00028926465893164277,0.004077788442373276,0.00503830099478364
1,4,175,2019-03-13,39031,0.006336029,0.00628535496070981,0.555,0.00036101130535826087,0.005936591885983944,0.007217829581350088
1,4,179,2019-03-13,39059,0.0059959926,0.006042007356882095,0.46,0.0006792938802391291,0.005336033646017313,0.007809418719261885
1,4,185,2019-03-13,39097,0.01757599,0.017283927649259567,0.86,0.00015771406469866633,0.017154494300484657,0.01771893911063671
1,4,195,2019-03-13,40013,0.0047650062,0.004637055564671755,0.68,0.0001623495336389169,0.004473819863051176,0.005063272546976805
1,4,198,2019-03-13,40027,0.00880432,0.008791444823145866,0.54,0.0001991770841414109,0.008651278913021088,0.009391006082296371
1,4,200,2019-03-13,40039,0.012280821,0.013186808675527573,0.32,0.0031030927784740925,0.010658062994480133,0.0216609425842762
1,4,203,2019-03-13,40047,0.009196138,0.009396804496645927,0.435,0.0019212529296055436,0.007969747297465801,0.014974618330597878
1,4,205,2019-03-13,40057,0.01070608,0.011328913271427155,0.37,0.001508144079707563,0.009526696056127548,0.01489174272865057
1,4,217,2019-03-13,40151,0.008691023,0.009879032149910927,0.22,0.0021090321242809296,0.008230237290263176,0.016107896342873573
1,4,224,2019-03-13,47165,0.0022825752,0.0023579304106533527,0.305,0.00022166928101796657,0.0022209866438061,0.0029912402387708426
1,4,227,2019-03-13,48011,0.035207327,0.03348470479249954,0.92,0.0013682307908311486,0.030840622261166573,0.03548838943243027
1,4,228,2019-03-13,48017,0.014667378,0.014969108626246452,0.34,0.000925711530726403,0.01375325582921505,0.017250893637537956
1,4,229,2019-03-13,48045,0.015576048,0.018470274284482002,0.0,0.0024549413938075304,0.015666257590055466,0.02502046711742878
1,4,232,2019-03-13,48069,0.035002816,0.034097567200660706,0.86,0.0005607763887383044,0.033481452614068985,0.035578832030296326
1,4,239,2019-03-13,48103,0.039666906,0.03966674208641052,0.505,4.989717490389012e-05,0.03954492509365082,0.03972116485238075
1,4,240,2019-03-13,48107,0.008223877,0.008632908575236797,0.345,0.001278469106182456,0.007551596499979496,0.011967736296355724
1,4,251,2019-03-13,48141,0.0061133816,0.00651244493201375,0.035,0.00032859918428584933,0.006077519617974758,0.007244030479341745
1,4,252,2019-03-13,48147,0.005415433,0.005323335528373718,0.745,0.00010319082502974197,0.005218681413680315,0.005618407856673002
1,4,253,2019-03-13,48153,0.0168038,0.01791369542479515,0.265,0.0023523210547864437,0.015598409809172153,0.024166390299797058
1,4,254,2019-03-13,48165,0.009808065,0.008673295378684998,0.96,0.0003558318130671978,0.00857240054756403,0.00999121367931366
1,4,260,2019-03-13,48189,0.019053454,0.016035329550504684,0.93,0.0015174472937360406,0.014236032962799072,0.019769789651036263
1,4,267,2019-03-13,48217,0.0077778846,0.007681312505155802,0.6,0.00024225772358477116,0.00743982894346118,0.008240343071520329
1,4,268,2019-03-13,48219,0.011857326,0.010442085564136505,0.88,0.0008704118663445115,0.00957464799284935,0.012650424614548683
1,4,271,2019-03-13,48229,0.004319545,0.004483873024582863,0.175,0.00014457035285886377,0.004215344320982695,0.00470789335668087
1,4,285,2019-03-13,48329,0.0055456483,0.005816557444632053,0.0,0.0002575129037722945,0.005553454160690308,0.006493995897471905
1,4,288,2019-03-13,48341,0.1274437,0.1255299597978592,0.81,0.0021500689908862114,0.12121400237083435,0.12849745154380798
1,4,308,2019-03-13,48423,0.0051290486,0.0050785960629582405,0.805,4.066809924552217e-05,0.005038876552134752,0.005186343099921942
1,4,311,2019-03-13,48439,0.0018542949,0.0017012294847518206,0.99,8.125988097162917e-05,0.0015992345288395882,0.001856497605331242
1,4,312,2019-03-13,48445,0.01617649,0.012424373999238014,1.0,0.0013195665087550879,0.011083620600402355,0.016159912571310997
1,4,325,2021-03-26,01025,0.0038631712,0.003863059915602207,0.865,7.466678653145209e-08,0.0038629896007478237,0.003863327670842409
1,4,340,2021-03-26,01095,0.0058945296,0.005894993431866169,0.05,9.515061947240611e-07,0.005894477479159832,0.005897857714444399
1,4,344,2021-03-26,01123,0.0027889295,0.002787826582789421,0.845,7.329026630031876e-07,0.0027870475314557552,0.0027897474355995655
1,4,351,2021-03-26,05043,0.0046457592,0.004645525943487883,0.73,2.596787851416593e-07,0.004645293578505516,0.0046465457417070866
1,4,353,2021-03-26,05073,0.0030391442,0.0030394569039344788,0.03,3.053110049222596e-07,0.003039098344743252,0.003040203358978033
1,4,354,2021-03-26,05079,0.017528942,0.017528818920254707,0.8,1.0841147002338403e-07,0.017528735101222992,0.017529228702187538
1,4,358,2021-03-26,05107,0.0054774983,0.005477659869939089,0.31,2.6078870973833546e-07,0.005476783029735088,0.005477982107549906
1,4,363,2021-03-26,08043,0.00030681115,0.00030754576437175274,0.46,6.303569534793496e-06,0.00030143692856654525,0.0003239832876715809
1,4,370,2021-03-26,12119,0.0014587642,0.0014591305516660213,0.43,2.07229300031031e-06,0.0014566065510734916,0.001465042238123715
1,4,376,2021-03-26,13113,0.002719969,0.002718995325267315,0.71,1.3840202655046596e-06,0.002717098454013467,0.0027223669458180666
1,4,377,2021-03-26,13115,0.008680204,0.00868009589612484,0.54,1.1863658073707484e-06,0.008678705431520939,0.00868309661746025
1,4,382,2021-03-26,13153,0.0013312962,0.0013305381871759892,0.645,1.1214584674235084e-06,0.0013292853254824877,0.0013332415837794542
1,4,385,2021-03-26,13223,0.002275914,0.0022757514379918575,0.565,5.737240940106858e-07,0.0022751011420041323,0.0022770599462091923
1,4,391,2021-03-26,13311,0.003178928,0.0031789534259587526,0.455,4.508518998136424e-07,0.003178102895617485,0.0031799867283552885
1,4,396,2021-03-26,16011,0.0068288976,0.006846044212579727,0.36,3.442072920734063e-05,0.006766842678189278,0.00688173295930028
1,4,404,2021-03-26,16033,0.00085023104,0.0008542959112673998,0.415,2.6251020244671963e-05,0.0008333630976267159,0.0009367804741486907
1,4,413,2021-03-26,16055,0.02287793,0.021780092269182205,0.88,0.0011629369109869003,0.019239751622080803,0.023256352171301842
1,4,415,2021-03-26,16061,0.0013425255,0.0017469099257141352,0.05,0.00045093291555531323,0.001270073582418263,0.002928840694949031
1,4,420,2021-03-26,16073,0.0027025444,0.0027033418882638216,0.395,2.7590565423452063e-06,0.0026970859616994858,0.0027071714866906404
1,4,423,2021-03-26,16083,0.0060354625,0.0060312142595648766,0.67,8.558292392990552e-06,0.0060128564946353436,0.006041970103979111
1,4,427,2021-03-26,17023,0.00331308,0.003314878325909376,0.09,1.3645038734466652e-06,0.003312790533527732,0.003318223636597395
1,4,428,2021-03-26,17047,0.0022083889,0.0022094668820500374,0.14,2.019103021666524e-06,0.002208172343671322,0.002216240158304572
1,4,429,2021-03-26,17055,0.004580158,0.004581146407872438,0.27,1.1897383274117601e-06,0.004577677231281996,0.004582456778734922
1,4,433,2021-03-26,17077,0.0016147835,0.0016159908846020699,0.06,1.5963715895850328e-06,0.0016145999543368816,0.0016225221334025264
1,4,436,2021-03-26,17121,0.0020829523,0.0020817883778363466,0.775,9.820757895795396e-07,0.002081324579194188,0.002085806569084525
1,4,439,2021-03-26,17153,0.0014097883,0.0014114368241280317,0.145,1.8188286503573181e-06,0.0014090642798691988,0.00141666189301759
1,4,448,2021-03-26,18029,0.0024624006,0.002456514397636056,0.795,4.895344773103716e-06,0.002450408646836877,0.0024688050616532564
1,4,458,2021-03-26,18081,0.0044792485,0.004482454154640436,0.1,3.25303471981897e-06,0.00447882479056716,0.004490493796765804
1,4,463,2021-03-26,18119,0.008905236,0.00890645943582058,0.335,2.2339211227517808e-06,0.008901930414140224,0.008910179138183594
1,4,465,2021-03-26,18129,0.0078356685,0.007835929282009602,0.29,5.110343863634625e-07,0.007835413329303265,0.007837662473320961
1,4,466,2021-03-26,18137,0.0028755856,0.0028647975996136665,0.88,6.627144102822058e-06,0.002857603831216693,0.002880633808672428
1,4,476,2021-03-26,20055,0.00036376133,0.00036826819996349514,0.26,1.3888270586903673e-05,0.00036022000131197274,0.0004141932004131377
1,4,482,2021-03-26,20109,0.00046629744,0.00047265435568988323,0.205,9.299917110183742e-06,0.00046234671026468277,0.0004971188609488308
1,4,483,2021-03-26,20123,0.0013769356,0.0013765405165031552,0.535,3.932791514671408e-06,0.0013718849513679743,0.001391806872561574
1,4,484,2021-03-26,20137,0.00076189794,0.0007621960248798132,0.18,2.5923270641214913e-07,0.0007615554495714605,0.0007626964361406863
1,4,486,2021-03-26,20147,0.003511813,0.003512062830850482,0.42,9.686883686299552e-07,0.00350964511744678,0.003513384610414505
1,4,497,2021-03-26,21033,0.0021497847,0.002150359097868204,0.115,8.781188967077469e-07,0.0021496652625501156,0.002153879962861538
1,4,501,2021-03-26,21055,0.0019944322,0.001995635684579611,0.065,1.2762120604747906e-06,0.0019943451043218374,0.002000818494707346
1,4,507,2021-03-26,21101,0.0023162346,0.002316778525710106,0.215,1.5422924661834259e-06,0.0023158977273851633,0.0023223923053592443
1,4,511,2021-03-26,21139,0.0020766272,0.002077118493616581,0.1,7.321984298869211e-07,0.002076590433716774,0.002079602563753724
1,4,514,2021-03-26,21149,0.0023191613,0.002319725463166833,0.275,1.3688132867173408e-06,0.002318671438843012,0.002324907574802637
1,4,523,2021-03-26,22017,0.0023102486,0.002310414332896471,0.245,1.8837140203231684e-07,0.0023100473918020725,0.0023107670713216066
1,4,526,2021-03-26,23007,0.023118094,0.024643149226903915,0.015,0.0014169360511004925,0.02310190163552761,0.027555836364626884
1,4,534,2021-03-26,24027,0.00085445214,0.000854357669595629,0.505,2.048388523689937e-06,0.000852199038490653,0.0008600822184234858
1,4,538,2021-03-26,24043,0.0024444992,0.002444738522171974,0.475,3.881495558744064e-06,0.0024396046064794064,0.0024557323195040226
1,4,540,2021-03-26,25003,0.005681748,0.004406364634633064,0.98,0.0005070996121503413,0.003906277008354664,0.005744114518165588
1,4,546,2021-03-26,25017,0.001932984,0.0017843452515080571,0.67,0.00032404845114797354,0.001540483790449798,0.0027800544630736113
1,4,549,2021-03-26,25027,0.0054635066,0.0049768006429076195,0.97,0.00016153219621628523,0.00488063832744956,0.005526057910174131
1,4,551,2021-03-26,28011,0.0073136683,0.007313750218600035,0.37,2.7628396992440685e-07,0.007313545327633619,0.00731482682749629
1,4,555,2021-03-26,28031,0.0018383712,0.0018381525296717882,0.885,1.2037125429742446e-07,0.0018380171386525035,0.0018384350696578622
1,4,556,2021-03-26,28067,0.0018676685,0.0018675471656024456,0.87,6.390183671101113e-08,0.001867489656433463,0.0018677414627745748
1,4,566,2021-03-26,29031,0.0010737273,0.001075818669050932,0.055,2.208955493188114e-06,0.001073354040272534,0.001083327573724091
1,4,569,2021-03-26,29143,0.00856178,0.008561764843761921,0.57,1.3061425363503076e-07,0.008561646565794945,0.008562237955629826
1,4,572,2021-03-26,30003,0.002513553,0.0027069132775068283,0.315,0.0004809674865100533,0.0023213771637529135,0.003925269935280085
1,4,575,2021-03-26,30017,0.003402121,0.0033965464681386948,0.52,9.982386836782098e-05,0.003274866146966815,0.0036219018511474133
1,4,576,2021-03-26,30019,0.006246641,0.006210124120116234,0.63,0.00010242865391774103,0.006060649640858173,0.006449486594647169
1,4,582,2021-03-26,30039,0.006422137,0.00862438790500164,0.32,0.00531543605029583,0.004292821977287531,0.022971393540501595
1,4,593,2021-03-26,30079,0.017513836,0.017479415982961655,0.75,4.5706296077696607e-05,0.017407124862074852,0.017571114003658295
1,4,604,2021-03-26,30105,0.005600917,0.005544123239815235,0.69,8.621643792139366e-05,0.005435124970972538,0.0057403817772865295
1,4,605,2021-03-26,30107,0.0060001872,0.006844250485301018,0.32,0.0015891761286184192,0.005269892048090696,0.01059501152485609
1,4,608,2021-03-26,32007,0.00028952007,0.00029089575400575995,0.385,7.2069715315592475e-06,0.0002827329153660685,0.0003103678172919899
1,4,611,2021-03-26,33003,0.009875657,0.010547176003456116,0.395,0.002587831113487482,0.007434924598783255,0.01619085855782032
1,4,617,2021-03-26,34019,0.009861076,0.009814957156777382,0.77,7.717656262684613e-05,0.009606676176190376,0.009903454221785069
1,4,621,2021-03-26,34029,0.0022265934,0.002112283371388912,0.945,5.433441765489988e-05,0.0020443061366677284,0.0022526399698108435
1,4,626,2021-03-26,36009,0.01141301,0.011374354362487793,0.595,0.00015919562429189682,0.011007583700120449,0.011660853400826454
1,4,631,2021-03-26,36037,0.0156125305,0.01569063402712345,0.195,5.795986362500116e-05,0.015531918965280056,0.015751471742987633
1,4,635,2021-03-26,36055,0.0031457068,0.003259857650846243,0.14,0.00012014967069262639,0.003098708111792803,0.00351212196983397
1,4,646,2021-03-26,36103,0.0022341015,0.00230012321844697,0.245,9.889347711578012e-05,0.0021915226243436337,0.00254578934982419
1,4,650,2021-03-26,37023,0.001398248,0.0013986241538077593,0.425,1.700942902971292e-06,0.001397042185999453,0.0014028965961188078
1,4,653,2021-03-26,37059,0.0010595453,0.0010596078354865313,0.35,2.230522255786127e-07,0.0010594039922580123,0.0010604886338114738
1,4,655,2021-03-26,37107,0.002462992,0.002458975650370121,0.585,1.405376497132238e-05,0.002440196229144931,0.0024907542392611504
1,4,667,2021-03-26,39025,0.0027492328,0.0027453224174678326,0.9,3.376191216375446e-06,0.0027393936179578304,0.002751994412392378
1,4,670,2021-03-26,39031,0.006375601,0.0063762785866856575,0.48,1.1933840141864493e-05,0.0063546705059707165,0.0064021204598248005
1,4,671,2021-03-26,39033,0.009041424,0.009084234945476055,0.29,9.347038576379418e-05,0.00893675908446312,0.009324342012405396
1,4,680,2021-03-26,39065,0.010747066,0.010755759663879871,0.24,2.178820977860596e-05,0.010734843090176582,0.010840188711881638
1,4,689,2021-03-26,39097,0.004242284,0.004223247058689594,0.66,3.892956374329515e-05,0.004149104934185743,0.0043054502457380295
1,4,691,2021-03-26,39101,0.0077546877,0.007812904193997383,0.16,6.607238174183294e-05,0.007703473791480064,0.008006741292774677
1,4,692,2021-03-26,39107,0.0059189657,0.0059374538250267506,0.17,2.9010921934968792e-05,0.005909548606723547,0.006011315155774355
1,4,702,2021-03-26,39155,0.005939989,0.00587976910173893,0.92,4.728205021820031e-05,0.005752856843173504,0.005953721236437559
1,4,706,2021-03-26,39169,0.019709103,0.019760344177484512,0.19,5.697764936485328e-05,0.019637081772089005,0.019878078252077103
1,4,708,2021-03-26,41013,0.0023650343,0.002212011953815818,0.96,6.461699376814067e-05,0.0021217039320617914,0.0023878831416368484
1,4,711,2021-03-26,41023,0.0021331615,0.0019476963207125664,0.975,8.909814641810954e-05,0.0018136723665520549,0.0021849400363862514
1,4,717,2021-03-26,41059,0.0043286635,0.004458400886505842,0.26,0.00016156648052856326,0.004217473790049553,0.004791830666363239
1,4,725,2021-03-26,42045,0.0011068315,0.001111779478378594,0.0,4.384961812320398e-06,0.0011070561595261097,0.0011220588348805904
1,4,728,2021-03-26,42065,0.009686604,0.009659998118877411,0.945,1.7329752154182643e-05,0.00961354747414589,0.00968832615762949
1,4,736,2021-03-26,42129,0.0044060736,0.0047241393476724625,0.015,0.00014640514564234763,0.004334381315857172,0.005023503210395575
1,4,740,2021-03-26,45003,0.001405053,0.0014030234888195992,0.82,1.5531693406956038e-06,0.0014008336002007127,0.001406218158081174
1,4,744,2021-03-26,45047,0.0034505639,0.0034528938122093678,0.2,1.912442030516104e-06,0.003447405295446515,0.003455118974670768
1,4,752,2021-03-26,46013,0.0010446538,0.0010494638700038195,0.345,9.011644579004496e-06,0.001028189086355269,0.0010687902104109526
1,4,755,2021-03-26,46021,0.0032603932,0.0032885982654988766,0.045,1.7683654732536525e-05,0.003252397757023573,0.0033345981501042843
1,4,759,2021-03-26,46033,0.0027236703,0.0027236309833824635,0.525,5.297204097587382e-07,0.0027224121149629354,0.0027242687065154314
1,4,761,2021-03-26,46039,0.0009278201,0.0009411000646650791,0.075,7.26389407645911e-06,0.0009211510187014937,0.0009517835569567978
1,4,765,2021-03-26,46049,0.0015723872,0.0015809002798050642,0.35,2.3601218344992958e-05,0.0015438940608873963,0.001633141189813614
1,4,769,2021-03-26,46059,0.0011630974,0.0011836015619337559,0.01,1.277392129850341e-05,0.0011608240893110633,0.0012079360894858837
1,4,775,2021-03-26,46081,0.0035600327,0.0036288807168602943,0.465,0.00036879972321912646,0.003059081733226776,0.004298959858715534
1,4,787,2021-03-26,46117,0.001940976,0.0019374112598598003,0.655,1.0228814971924294e-05,0.0019170454470440745,0.001954563893377781
1,4,797,2021-03-26,47025,0.0063518714,0.006354304030537605,0.26,8.423811777902301e-06,0.0063502551056444645,0.0063860127702355385
1,4,801,2021-03-26,47073,0.004409036,0.004409382119774818,0.075,4.907947186438832e-07,0.004408853594213724,0.004410894121974707
1,4,802,2021-03-26,47077,0.0053111594,0.005311004817485809,0.75,1.3922975483637856e-07,0.00531082833185792,0.005311412736773491
1,4,805,2021-03-26,47101,0.00730873,0.007308426313102245,0.68,5.816252155455004e-07,0.007307789288461208,0.007310073357075453
1,4,814,2021-03-26,48073,0.009796523,0.00979673769325018,0.21,1.654439643061778e-07,0.00979638285934925,0.009796962141990662
1,4,819,2021-03-26,49019,0.0003071028,0.00030197587329894304,0.97,1.969164941328927e-06,0.00029935684869997203,0.00030783339752815664
1,4,828,2021-03-26,51191,0.004241287,0.004248784855008125,0.245,1.1581921171455178e-05,0.004234227817505598,0.004278718028217554
1,4,830,2021-03-26,53001,0.005311959,0.005364087875932455,0.045,4.2445310100447387e-05,0.005304204300045967,0.005461561027914286
1,4,836,2021-03-26,53043,0.0020204051,0.002046694979071617,0.035,2.0688550648628734e-05,0.0020159215200692415,0.0020962636917829514
1,4,839,2021-03-26,53075,0.003588696,0.00388253852725029,0.02,0.0001790786482160911,0.0035727492067962885,0.00422352971509099
1,4,841,2021-03-26,54011,0.00506287,0.00506414333358407,0.295,2.3078832782630343e-06,0.005057970993220806,0.005068621132522821
1,4,852,2021-03-26,56011,0.001554353,0.001536435098387301,0.685,2.5048022507689893e-05,0.0015033144736662507,0.0015958022559061646
1,4,854,2021-03-26,56017,0.00057275774,0.0005807869601994753,0.335,2.2355749024427496e-05,0.0005570049397647381,0.0006399659905582666
1,4,857,2021-03-26,56023,0.0010039295,0.0011416436173021793,0.12,0.00018009223276749253,0.0009379427065141499,0.0015667957486584783
1,4,866,2021-12-11,01077,0.012262889,0.012270296923816204,0.26,9.838444384513423e-06,0.012243546545505524,0.012279603630304337
1,4,872,2021-12-11,04009,0.00065304094,0.0006547471857629716,0.415,7.8895318438299e-06,0.0006411720532923937,0.0006720460951328278
1,4,878,2021-12-11,04025,0.0040794592,0.0040092505514621735,0.665,0.00019357632845640182,0.0036521770525723696,0.00444856658577919
1,4,881,2021-12-11,05031,0.027553061,0.02754526399075985,0.705,2.5249115424230695e-05,0.027466658502817154,0.027562711387872696
1,4,886,2021-12-11,05067,0.03825328,0.03825027495622635,0.83,5.647345460602082e-06,0.03823389112949371,0.03825413063168526
1,4,888,2021-12-11,05079,0.017545247,0.017548173666000366,0.085,1.3095357189740753e-06,0.017544321715831757,0.0175490565598011
1,4,890,2021-12-11,05083,0.0015058191,0.0015090235974639654,0.175,5.540379788726568e-06,0.0015045985346660018,0.0015244180103763938
1,4,897,2021-12-11,06005,0.034044277,0.034031666815280914,0.7,5.2282735850894824e-05,0.03384048119187355,0.03405128791928291
1,4,911,2021-12-11,06047,0.0026444253,0.0026454341132193804,0.21,1.0462248610565439e-05,0.0026442031376063824,0.002689683809876442
1,4,915,2021-12-11,06061,0.013030436,0.012934975326061249,0.515,0.002362710190936923,0.012395446188747883,0.022839993238449097
1,4,922,2021-12-11,06085,0.0028357725,0.002841120818629861,0.14,4.127840657019988e-05,0.002834889106452465,0.0029934041667729616
1,4,925,2021-12-11,06093,0.02860747,0.028947770595550537,0.23,0.0002452869084663689,0.028230171650648117,0.02910171076655388
1,4,927,2021-12-11,06097,0.0027831004,0.002780165057629347,0.6,2.8495367587311193e-05,0.0027703011874109507,0.0029179861303418875
1,4,932,2021-12-11,06109,0.019251475,0.018946919590234756,0.63,0.0010806533973664045,0.01855480670928955,0.022899487987160683
1,4,940,2021-12-11,08014,0.003781957,0.0038115628995001316,0.435,0.00011785946844611317,0.0036067028995603323,0.004052897449582815
1,4,948,2021-12-11,08035,0.0049249055,0.005021600052714348,0.435,0.000655423675198108,0.004237580578774214,0.0068683745339512825
1,4,951,2021-12-11,08043,0.007876128,0.007691808044910431,0.74,0.00021663644292857498,0.0074909524992108345,0.008416619151830673
1,4,953,2021-12-11,08047,0.034321006,0.029906446114182472,0.86,0.0025963743682950735,0.028137201443314552,0.037031762301921844
1,4,957,2021-12-11,08067,0.007849412,0.007581118959933519,0.85,0.00015328881272580475,0.007460789289325476,0.008036472834646702
1,4,959,2021-12-11,08073,0.005774582,0.0038528689183294773,0.94,0.0008823521202430129,0.0030732927843928337,0.006048173643648624
1,4,960,2021-12-11,08075,0.0092756385,0.00932396575808525,0.395,0.0001542714744573459,0.008816218934953213,0.009413855150341988
1,4,962,2021-12-11,08079,0.019891001,0.01825961470603943,0.79,0.0012844477314502,0.016725359484553337,0.02177669294178486
1,4,980,2021-12-11,16011,0.0050873733,0.005114840809255838,0.28,3.691213714773767e-05,0.0050347899086773396,0.005164104048162699
1,4,992,2021-12-11,17029,0.019755503,0.019654911011457443,0.845,0.00011653706314973533,0.0194072462618351,0.01980973221361637
1,4,994,2021-12-11,17043,0.007854743,0.01295666117221117,0.04,0.010788703337311745,0.00761755695566535,0.0415923036634922
1,4,996,2021-12-11,17049,0.002189666,0.0022173579782247543,0.34,7.728137279627845e-05,0.0021500354632735252,0.0024145098868757486
1,4,1001,2021-12-11,17071,0.09169243,0.08936747908592224,0.685,0.002874002093449235,0.08562565594911575,0.09389534592628479
1,4,1003,2021-12-11,17077,0.00441218,0.004409631714224815,0.63,6.094785021559801e-06,0.004402656573802233,0.004424064885824919
1,4,1008,2021-12-11,17097,0.017415924,0.03029777854681015,0.23,0.01490816567093134,0.011815229430794716,0.058771174401044846
1,4,1012,2021-12-11,17105,0.008144015,0.010144276544451714,0.125,0.005130015779286623,0.0076324776746332645,0.02677914686501026
1,4,1023,2021-12-11,17149,0.004325018,0.004782036878168583,0.385,0.0032240119762718678,0.0035226717591285706,0.014480526559054852
1,4,1032,2021-12-11,17201,0.0077466276,0.023834865540266037,0.0,0.016108408570289612,0.00782040972262621,0.05724269151687622
1,4,1037,2021-12-11,18015,0.010076888,0.009806277230381966,0.82,0.00020405561372172087,0.009533417411148548,0.010356724262237549
1,4,1038,2021-12-11,18017,0.010726852,0.011845302768051624,0.085,0.001638420857489109,0.010457034222781658,0.01681612618267536
1,4,1042,2021-12-11,18029,0.007575232,0.0068850149400532246,0.755,0.0006778258248232305,0.0065410989336669445,0.008984828367829323
1,4,1043,2021-12-11,18033,0.011325448,0.012856760993599892,0.32,0.0034444453194737434,0.010230758227407932,0.022575099021196365
1,4,1051,2021-12-11,18073,0.010584475,0.012883754447102547,0.13,0.003577274037525058,0.009760645218193531,0.022590527310967445
1,4,1053,2021-12-11,18081,0.007518845,0.00840555690228939,0.065,0.0012161170598119497,0.007431906647980213,0.012027417309582233
1,4,1054,2021-12-11,18083,0.004781043,0.004816541448235512,0.39,0.00013129781291354448,0.0047362325713038445,0.00519569544121623
1,4,1065,2021-12-11,18119,0.01827526,0.018870405852794647,0.2,0.0005284097278490663,0.017262469977140427,0.0192515030503273
1,4,1067,2021-12-11,18127,0.012498505,0.012715286575257778,0.44,0.0027021728456020355,0.012063877657055855,0.021491846069693565
1,4,1070,2021-12-11,18137,0.0054483493,0.00466550886631012,0.9,0.0004039958294015378,0.00444452278316021,0.005969058256596327
1,4,1078,2021-12-11,18179,0.011423695,0.012592878192663193,0.09,0.0015778840752318501,0.011237051337957382,0.01684592291712761
1,4,1080,2021-12-11,18183,0.012109532,0.012882827781140804,0.345,0.0023155780509114265,0.011049436405301094,0.01985611580312252
1,4,1081,2021-12-11,19001,0.02493607,0.036590687930583954,0.13,0.011099180206656456,0.022138051688671112,0.05956156924366951
1,4,1087,2021-12-11,19013,0.023332285,0.03493600711226463,0.115,0.013602218590676785,0.020546624436974525,0.06354872137308121
1,4,1091,2021-12-11,19021,0.017077193,0.0246335007250309,0.16,0.01371015515178442,0.013951035216450691,0.06028648093342781
1,4,1092,2021-12-11,19023,0.05692893,0.058755721896886826,0.07,0.0052702417597174644,0.05684167519211769,0.07412755489349365
1,4,1098,2021-12-11,19035,0.014024583,0.018489696085453033,0.305,0.012550232000648975,0.009253406897187233,0.052386410534381866
1,4,1103,2021-12-11,19045,0.014300197,0.024737000465393066,0.145,0.015527257695794106,0.012359105050563812,0.05878918990492821
1,4,1109,2021-12-11,19057,0.011581707,0.016423646360635757,0.33,0.012277733534574509,0.007206432055681944,0.046310700476169586
1,4,1118,2021-12-11,19077,0.07082695,0.059246160089969635,0.94,0.007039756514132023,0.049609456211328506,0.07215061783790588
1,4,1120,2021-12-11,19081,0.015778927,0.021846812218427658,0.305,0.016183581203222275,0.013822515495121479,0.06253427267074585
1,4,1123,2021-12-11,19089,0.17358996,0.15869703888893127,0.845,0.016698868945240974,0.12607499957084656,0.17683227360248566
1,4,1124,2021-12-11,19091,0.03472912,0.03694457560777664,0.37,0.004654492251574993,0.03163775056600571,0.05007999762892723
1,4,1126,2021-12-11,19097,0.015067366,0.029813695698976517,0.02,0.01451233122497797,0.014359090477228165,0.0626545399427414
1,4,1129,2021-12-11,19103,0.012898364,0.02791833132505417,0.015,0.013118404895067215,0.012310606427490711,0.05495588853955269
1,4,1131,2021-12-11,19109,0.021557054,0.022357091307640076,0.475,0.017582034692168236,0.012312398292124271,0.06703647971153259
1,4,1132,2021-12-11,19111,0.011660101,0.019655317068099976,0.33,0.012303159572184086,0.006322510540485382,0.04374996945261955
1,4,1146,2021-12-11,19141,0.016080035,0.016970213502645493,0.275,0.0019986475817859173,0.015332452021539211,0.02451174333691597
1,4,1151,2021-12-11,19151,0.02931813,0.028704121708869934,0.51,0.014452063478529453,0.014198852702975273,0.059918273240327835
1,4,1156,2021-12-11,19161,0.045724075,0.043409671634435654,0.545,0.010870905593037605,0.034494880586862564,0.07076525688171387
1,4,1160,2021-12-11,19169,0.051464316,0.03782685101032257,0.75,0.013504433445632458,0.021072804927825928,0.06389539688825607
1,4,1193,2021-12-11,20055,0.040568296,0.034064263105392456,0.86,0.00419443566352129,0.02838059887290001,0.0430382676422596
1,4,1198,2021-12-11,20069,0.032212358,0.03438718616962433,0.26,0.0028997547924518585,0.02996177412569523,0.040131825953722
1,4,1199,2021-12-11,20071,0.10072519,0.10967585444450378,0.175,0.006021220237016678,0.0962807908654213,0.11644591391086578
1,4,1201,2021-12-11,20075,0.033158798,0.028546448796987534,0.75,0.0044165183790028095,0.023371219635009766,0.03829864412546158
1,4,1203,2021-12-11,20083,0.042321075,0.04166214168071747,0.62,0.0015098897274583578,0.04079660028219223,0.04559227451682091
1,4,1211,2021-12-11,20109,0.023293907,0.021719079464673996,0.785,0.0014132006326690316,0.02105414681136608,0.026124615222215652
1,4,1212,2021-12-11,20111,0.011657281,0.01930335909128189,0.13,0.00541006401181221,0.010474401526153088,0.027320310473442078
1,4,1217,2021-12-11,20123,0.048261467,0.04366745054721832,0.61,0.009437144733965397,0.02832861989736557,0.05874577537178993
1,4,1221,2021-12-11,20131,0.04586248,0.04155214503407478,0.6,0.012296367436647415,0.02355736307799816,0.0637499988079071
1,4,1222,2021-12-11,20133,0.0033432024,0.003900468349456787,0.305,0.0018439029809087515,0.002892501186579466,0.009267499670386314
1,4,1224,2021-12-11,20137,0.03655088,0.03182289004325867,0.765,0.004580211825668812,0.026293916627764702,0.04122435674071312
1,4,1227,2021-12-11,20147,0.039927702,0.03626339137554169,0.665,0.005255270749330521,0.02836737409234047,0.04638802260160446
1,4,1228,2021-12-11,20149,0.029358122,0.031765155494213104,0.22,0.0026109705213457346,0.02865828573703766,0.0371783971786499
1,4,1241,2021-12-11,20177,0.022888593,0.02021651342511177,0.57,0.00841290783137083,0.014626771211624146,0.040398575365543365
1,4,1246,2021-12-11,20191,0.01805674,0.009186891838908195,0.845,0.0057565863244235516,0.005248934030532837,0.02619883045554161
1,4,1253,2021-12-11,20205,0.004045919,0.006413380615413189,0.16,0.0032562920823693275,0.0035306825302541256,0.014667853713035583
1,4,1260,2021-12-11,21031,0.02069413,0.020726267248392105,0.32,4.855140650761314e-05,0.020565548911690712,0.020755263045430183
1,4,1261,2021-12-11,21033,0.065594316,0.0655897706747055,0.605,1.798892844817601e-05,0.0655386820435524,0.0656035915017128
1,4,1262,2021-12-11,21045,0.009256368,0.009256640449166298,0.5,4.3228665163042024e-05,0.009224378503859043,0.009383268654346466
1,4,1264,2021-12-11,21049,0.007416133,0.007406052201986313,0.555,4.62576026620809e-05,0.007370260078459978,0.007547071669250727
1,4,1273,2021-12-11,21125,0.0068347533,0.00682696420699358,0.545,7.506058318540454e-05,0.006780367810279131,0.007048253435641527
1,4,1281,2021-12-11,21153,0.006904815,0.006922714412212372,0.435,0.00015744182746857405,0.006798713468015194,0.007347210310399532
1,4,1285,2021-12-11,21171,0.009341887,0.009340854361653328,0.525,1.6671572666382417e-05,0.00932957511395216,0.009389480575919151
1,4,1295,2021-12-11,21211,0.003268429,0.0032256776466965675,0.635,0.00024753043544478714,0.0031375125981867313,0.004146153572946787
1,4,1296,2021-12-11,21215,0.025234299,0.02522345446050167,0.67,2.8679625756922178e-05,0.025157101452350616,0.025254467502236366
1,4,1301,2021-12-11,21237,0.0067950664,0.006661181803792715,0.75,0.00015296190395019948,0.006559849716722965,0.007124530617147684
1,4,1303,2021-12-11,22017,0.002053995,0.0020531555637717247,0.87,6.136202159723325e-07,0.0020523087587207556,0.0020546221639961004
1,4,1308,2021-12-11,23029,0.005463308,0.0039873323403298855,0.98,0.0005981744034215808,0.003410857170820236,0.005539136007428169
1,4,1310,2021-12-11,25003,0.005729235,0.003812416223809123,0.97,0.00074739073170349,0.0031645819544792175,0.005877397488802671
1,4,1313,2021-12-11,25027,0.0067871013,0.004659445956349373,0.96,0.0007704351446591318,0.004122773185372353,0.006980103440582752
1,4,1319,2021-12-11,26015,0.013032039,0.01251700147986412,0.57,0.0048296330496668816,0.01198673341423273,0.028411496430635452
1,4,1320,2021-12-11,26017,0.014252614,0.014015890657901764,0.515,0.003897011512890458,0.010475889779627323,0.02619355544447899
1,4,1321,2021-12-11,26019,0.025780153,0.028098806738853455,0.4,0.008145302534103394,0.02200361154973507,0.04990658909082413
1,4,1323,2021-12-11,26025,0.0065333294,0.006919386796653271,0.465,0.004122063051909208,0.005762070883065462,0.019609391689300537
1,4,1332,2021-12-11,26049,0.0068159187,0.009502070024609566,0.205,0.006766810547560453,0.006640917155891657,0.027888376265764236
1,4,1337,2021-12-11,26061,0.046196803,0.024355456233024597,0.975,0.01017683744430542,0.014051791280508041,0.04721124470233917
1,4,1341,2021-12-11,26073,0.022733198,0.023174073547124863,0.485,0.01517344918102026,0.014193279668688774,0.05577803775668144
1,4,1343,2021-12-11,26077,0.0065225065,0.006614013109356165,0.415,0.0019067469984292984,0.0063750469125807285,0.013978514820337296
1,4,1356,2021-12-11,26109,0.050345343,0.04526945948600769,0.79,0.0039650509133934975,0.04508714750409126,0.05931500345468521
1,4,1371,2021-12-11,26145,0.00916491,0.009981518611311913,0.35,0.005134714767336845,0.008100629784166813,0.024879740551114082
1,4,1372,2021-12-11,26147,0.038077015,0.0438631996512413,0.25,0.005558659788221121,0.03430451080203056,0.05172097310423851
1,4,1373,2021-12-11,26149,0.011847558,0.012525605037808418,0.345,0.002777106361463666,0.011462632566690445,0.020963115617632866
1,4,1374,2021-12-11,26151,0.06485342,0.0651603639125824,0.495,0.006918152794241905,0.054556310176849365,0.07683801651000977
1,4,1377,2021-12-11,26159,0.028789407,0.03248263895511627,0.165,0.002410582499578595,0.025880448520183563,0.034415122121572495
1,4,1381,2021-12-11,27013,0.012323369,0.017463043332099915,0.27,0.012128692120313644,0.010749248787760735,0.04832160100340843
1,4,1387,2021-12-11,27039,0.072664514,0.06918038427829742,0.865,0.002374894917011261,0.06541850417852402,0.07443322986364365
1,4,1388,2021-12-11,27041,0.0021062603,0.002190304920077324,0.23,0.00017757255409378558,0.0020518614910542965,0.002706698141992092
1,4,1390,2021-12-11,27045,0.021568438,0.03841014206409454,0.055,0.015499521046876907,0.019930148497223854,0.07272809743881226
1,4,1400,2021-12-11,27091,0.014125953,0.015939850360155106,0.385,0.010420028120279312,0.0109822703525424,0.04721629619598389
1,4,1406,2021-12-11,27109,0.0072516627,0.016558270901441574,0.0,0.015529099851846695,0.007260781712830067,0.055533986538648605
1,4,1409,2021-12-11,27127,0.023697099,0.023435793817043304,0.685,0.001031095627695322,0.020151399075984955,0.02391332946717739
1,4,1416,2021-12-11,27145,0.0075452207,0.008222488686442375,0.265,0.001493996474891901,0.007102515548467636,0.011972901411354542
1,4,1427,2021-12-11,29007,0.0034511425,0.004467578139156103,0.315,0.003287768457084894,0.002707333769649267,0.013475392945110798
1,4,1428,2021-12-11,29009,0.002047425,0.0020377696491777897,0.73,1.3101844160701148e-05,0.002027360489591956,0.002075693802908063
1,4,1431,2021-12-11,29025,0.021430047,0.02178102731704712,0.49,0.011731009930372238,0.009668143466114998,0.04878471419215202
1,4,1432,2021-12-11,29027,0.005041544,0.0030336077325046062,0.795,0.0019598619546741247,0.0023693437688052654,0.009295543655753136
1,4,1434,2021-12-11,29031,0.003136896,0.0031345924362540245,0.54,1.6956520994426683e-05,0.003116997890174389,0.0031768311746418476
1,4,1437,2021-12-11,29047,0.008071978,0.013097243383526802,0.225,0.00820727925747633,0.004803105257451534,0.03317147120833397
1,4,1439,2021-12-11,29051,0.0018724753,0.0018561407923698425,0.545,0.00017948434106074274,0.0017329154070466757,0.002454041037708521
1,4,1440,2021-12-11,29061,0.014543369,0.018501698970794678,0.085,0.006561229005455971,0.014227928593754768,0.03586861863732338
1,4,1451,2021-12-11,29087,0.066784225,0.06021504104137421,0.7,0.011933553032577038,0.037826284766197205,0.07662508636713028
1,4,1457,2021-12-11,29115,0.015284183,0.01596827059984207,0.47,0.009075164794921875,0.007414786145091057,0.03853645920753479
1,4,1460,2021-12-11,29125,0.02771602,0.027717243880033493,0.035,7.323278623516671e-07,0.027715930715203285,0.027718903496861458
1,4,1463,2021-12-11,29139,0.0022204933,0.0023230938240885735,0.36,0.0005465223221108317,0.002072858391329646,0.004059032537043095
1,4,1485,2021-12-11,29225,0.0024012348,0.0024010990746319294,0.515,6.435191153286723e-06,0.0023977113887667656,0.0024190922267735004
1,4,1486,2021-12-11,29227,0.08081737,0.07935325801372528,0.57,0.005306264851242304,0.07065939903259277,0.08774033933877945
1,4,1492,2021-12-11,30107,0.0011533884,0.0011457483051344752,0.84,6.464325906563317e-06,0.001132690580561757,0.001159951207228005
1,4,1494,2021-12-11,32007,0.0005343335,0.0005565148894675076,0.3,6.0904520069016144e-05,0.0005066646263003349,0.0007396120927296579
1,4,1504,2021-12-11,35017,0.00058460294,0.0004609415482264012,0.9,5.310386040946469e-05,0.000434963614679873,0.0006204091478139162
1,4,1509,2021-12-11,35031,0.010275388,0.008993390016257763,0.835,0.0009344356367364526,0.008141941390931606,0.012094436213374138
1,4,1514,2021-12-11,35047,0.00657568,0.0061123790219426155,0.905,0.00028031668625772,0.005669748410582542,0.006959609221667051
1,4,1519,2021-12-11,35061,0.0008447594,0.0008595956605859101,0.085,2.1754589397460222e-05,0.000842010194901377,0.0009270107839256525
1,4,1522,2021-12-11,36009,0.019622857,0.009460728615522385,0.955,0.00432938989251852,0.006585498806089163,0.021918386220932007
1,4,1525,2021-12-11,36019,0.02790631,0.03587374836206436,0.065,0.00547368498519063,0.026931175962090492,0.04423872008919716
1,4,1531,2021-12-11,36035,0.023995195,0.024611011147499084,0.12,0.00035140212276019156,0.023836547508835793,0.02495265007019043
1,4,1532,2021-12-11,36037,0.0752613,0.08243019878864288,0.135,0.0046047428622841835,0.07034915685653687,0.08703572303056717
1,4,1539,2021-12-11,36053,0.023128036,0.024879589676856995,0.015,0.0006671998417004943,0.02310802787542343,0.02558228187263012
1,4,1540,2021-12-11,36055,0.016466344,0.016628092154860497,0.455,0.0015418973052874207,0.015256159007549286,0.021203337237238884
1,4,1560,2021-12-11,36117,0.014600299,0.025167208164930344,0.005,0.005691045895218849,0.014591891318559647,0.03363178297877312
1,4,1568,2021-12-11,37157,0.003266301,0.0032815360464155674,0.375,2.905199107772205e-05,0.0032035636249929667,0.003304819343611598
1,4,1573,2021-12-11,39033,0.012842742,0.013689786195755005,0.185,0.0013431112747639418,0.012462805956602097,0.01745693013072014
1,4,1583,2021-12-11,39065,0.019868458,0.02026975527405739,0.165,0.0010257936082780361,0.019739186391234398,0.023892177268862724
1,4,1589,2021-12-11,39095,0.012505435,0.01634117215871811,0.065,0.00491906376555562,0.01204192079603672,0.029378613457083702
1,4,1593,2021-12-11,39123,0.028744023,0.0320390984416008,0.11,0.004386017564684153,0.028035767376422882,0.04256092384457588
1,4,1594,2021-12-11,39125,0.019326054,0.019724972546100616,0.14,0.0009183277143165469,0.019233031198382378,0.022790197283029556
1,4,1600,2021-12-11,39155,0.010002225,0.0069822268560528755,0.885,0.001506599597632885,0.005734800826758146,0.010980554856359959
1,4,1612,2021-12-11,40073,0.00589326,0.00514381704851985,0.7,0.0015471274964511395,0.0039457702077925205,0.009356724098324776
1,4,1617,2021-12-11,40151,0.013178707,0.01718769408762455,0.24,0.006644094362854958,0.0103214792907238,0.034254834055900574
1,4,1620,2021-12-11,41015,0.028462045,0.027331985533237457,0.705,0.0025080142077058554,0.026450656354427338,0.03643139824271202
1,4,1626,2021-12-11,42065,0.0077739162,0.008261357434093952,0.28,0.0005391123122535646,0.007312655448913574,0.008952435106039047
1,4,1628,2021-12-11,42129,0.004992105,0.0049799662083387375,0.715,7.174040365498513e-05,0.004951658193022013,0.005283023230731487
1,4,1636,2021-12-11,46009,0.00788539,0.008744904771447182,0.14,0.0014317631721496582,0.007597323507070541,0.013404268771409988
1,4,1638,2021-12-11,46013,0.0009190213,0.0008693145355209708,0.715,7.169414311647415e-05,0.000792734557762742,0.001067980076186359
1,4,1639,2021-12-11,46015,0.0015604353,0.0015704776160418987,0.175,1.0724115782068111e-05,0.0015544402413070202,0.0015903424937278032
1,4,1645,2021-12-11,46033,0.0016734509,0.0016745233442634344,0.025,8.227121384152269e-07,0.0016733119264245033,0.0016763226594775915
1,4,1648,2021-12-11,46039,0.0015736627,0.0015769479796290398,0.41,2.0739224055432715e-05,0.0015618210891261697,0.001640674308873713
1,4,1653,2021-12-11,46049,0.00064140215,0.0006472005043178797,0.04,4.1548387343937065e-06,0.0006387508474290371,0.0006570293917320669
1,4,1658,2021-12-11,46059,0.0007655994,0.0007686627795919776,0.075,3.8041760035412153e-06,0.0007632956258021295,0.0007784878253005445
1,4,1669,2021-12-11,46081,0.0017182052,0.0013934739399701357,0.735,0.0003790953487623483,0.001087108626961708,0.0024997966829687357
1,4,1670,2021-12-11,46083,0.006994728,0.007234998047351837,0.46,0.0020442462991923094,0.005764083471149206,0.0130764190107584
1,4,1672,2021-12-11,46087,0.0049461215,0.004892256110906601,0.605,0.0002718870237004012,0.004687784239649773,0.005727832205593586
1,4,1677,2021-12-11,46097,0.0024770433,0.002491266466677189,0.155,1.6878762835403904e-05,0.0024734430480748415,0.0025310202036052942
1,4,1685,2021-12-11,46117,0.0007253116,0.0007237320533022285,0.625,3.3325575259368634e-06,0.0007175288046710193,0.0007306380430236459
1,4,1691,2021-12-11,46135,0.011716213,0.010116004385054111,0.705,0.002120013115927577,0.008079368621110916,0.016331903636455536
1,4,1695,2021-12-11,47021,0.007912744,0.007910611107945442,0.575,1.2487656931625679e-05,0.00790083222091198,0.007947036996483803
1,4,1706,2021-12-11,47065,0.0030898135,0.003174605779349804,0.22,0.0001472858275519684,0.0030476083047688007,0.0035849919077008963
1,4,1707,2021-12-11,47077,0.005661442,0.005662672687321901,0.16,8.440716214863642e-07,0.005660707596689463,0.005663703195750713
1,4,1717,2021-12-11,47115,0.004477393,0.004444015212357044,0.635,8.766906103119254e-05,0.004349996335804462,0.004657264798879623
1,4,1721,2021-12-11,47131,0.04126861,0.04127276688814163,0.415,1.916234577947762e-05,0.04121755063533783,0.0412856750190258
1,4,1723,2021-12-11,47137,0.006865637,0.006876740604639053,0.445,0.00010066268441732973,0.006795202381908894,0.007142901420593262
1,4,1731,2021-12-11,47165,0.014818625,0.014811390079557896,0.665,1.89477523235837e-05,0.014759798534214497,0.014830226078629494
1,4,1732,2021-12-11,47187,0.005971473,0.006021648645401001,0.325,0.00016669736942276359,0.005887472070753574,0.00649114279076457
1,4,1735,2021-12-11,48045,0.0018516439,0.002163555473089218,0.09,0.00028316082898527384,0.00179068255238235,0.0027227364480495453
1,4,1737,2021-12-11,48069,0.003107867,0.0027084331959486008,0.86,0.0002381305384915322,0.002400155644863844,0.003268537111580372
1,4,1747,2021-12-11,48341,0.015681248,0.015379748307168484,0.795,0.0003053058171644807,0.014781964011490345,0.01587245985865593
1,4,1758,2021-12-11,49019,0.012796489,0.012784051708877087,0.54,0.00014056790678296238,0.012398887425661087,0.01295089814811945
1,4,1759,2021-12-11,49021,0.002313463,0.0024385142605751753,0.415,0.0007070983992889524,0.0018817454110831022,0.004506935365498066
1,4,1765,2021-12-11,49053,0.0030167343,0.0030166818760335445,0.5,0.00020367928664200008,0.00278274342417717,0.003627312835305929
1,4,1775,2021-12-11,50019,0.017622009,0.017549660056829453,0.61,0.00017338473116979003,0.01729769818484783,0.017963694408535957
1,4,1776,2021-12-11,50021,0.010095518,0.005303704179823399,0.915,0.002308526774868369,0.004020823631435633,0.01255064457654953
1,4,1780,2021-12-11,51105,0.011524359,0.011477182619273663,0.835,6.783045682823285e-05,0.011308383196592331,0.011535346508026123
1,4,1789,2021-12-11,54059,0.006896554,0.006990077439695597,0.155,0.0002056937519228086,0.006875481456518173,0.007609654683619738
1,4,1794,2021-12-11,55011,0.012932247,0.011993780732154846,0.67,0.007373063359409571,0.008045240305364132,0.034510958939790726
1,4,1800,2021-12-11,55025,0.013817131,0.026671933010220528,0.045,0.015829944983124733,0.013501113280653954,0.06390706449747086
1,4,1801,2021-12-11,55027,0.0126133505,0.022767167538404465,0.095,0.013958970084786415,0.011784820817410946,0.06197913736104965
1,4,1808,2021-12-11,55047,0.01628382,0.0230211541056633,0.135,0.014348011463880539,0.01567484252154827,0.06042809784412384
1,4,1812,2021-12-11,55057,0.04190335,0.02998773567378521,0.695,0.015157519839704037,0.017420487478375435,0.06708783656358719
1,4,1816,2021-12-11,55067,0.033584114,0.0335165411233902,0.505,0.007921358570456505,0.021756036207079887,0.048214394599199295
1,4,1819,2021-12-11,55077,0.02545535,0.02587355300784111,0.15,0.0070673576556146145,0.024711638689041138,0.051237549632787704
1,4,1831,2021-12-11,55105,0.010796813,0.025352520868182182,0.005,0.01626518741250038,0.010663214139640331,0.0616634301841259
1,4,1832,2021-12-11,55111,0.014726556,0.023058224469423294,0.025,0.015389498323202133,0.014474354684352875,0.06336098909378052
1,4,1841,2021-12-11,55139,0.01509623,0.017294451594352722,0.065,0.00861558597534895,0.014945358969271183,0.04411033168435097
1,4,1847,2021-12-11,56011,0.0026564035,0.002532513113692403,0.8,0.00012722086103167385,0.002495406661182642,0.0029577920213341713
1,4,1856,2022-06-08,01003,0.0033852137,0.0033844439312815666,0.87,4.79182062917971e-07,0.00338359409943223,0.0033855712972581387
1,4,1858,2022-06-08,01025,0.0015574235,0.0015569718088954687,1.0,2.7359604359844525e-07,0.001556416042149067,0.0015574231510981917
1,4,1869,2022-06-08,05043,0.027952766,0.02795250527560711,0.935,3.6791226420973544e-07,0.027951424941420555,0.027952779084444046
1,4,1871,2022-06-08,05079,0.00160292,0.001602762844413519,0.75,1.54074541569571e-07,0.0016026027733460069,0.0016034436412155628
1,4,1880,2022-06-08,06061,0.0013631234,0.0013659321703016758,0.25,4.144517788517987e-06,0.0013607541332021356,0.0013757523847743869
1,4,1891,2022-06-08,12009,0.0044611185,0.004462313838303089,0.18,1.4154682048683753e-06,0.0044601778499782085,0.004465498495846987
1,4,1895,2022-06-08,12033,0.0035883677,0.003588070161640644,0.835,2.58207307979319e-07,0.003587540704756975,0.0035885812249034643
1,4,1902,2022-06-08,13121,0.002015485,0.0020154661033302546,0.545,2.477570433256915e-07,0.002015309873968363,0.0020164665766060352
1,4,1908,2022-06-08,17043,0.0025726787,0.0025741795543581247,0.005,1.0940258334812825e-06,0.002572650322690606,0.0025766659528017044
1,4,1910,2022-06-08,17097,0.002104246,0.00210679043084383,0.195,3.3042906579794362e-06,0.0021020600106567144,0.0021144028287380934
1,4,1917,2022-06-08,18029,0.0041272175,0.00412712711840868,0.61,2.7156576720699377e-07,0.0041268616914749146,0.004128012806177139
1,4,1923,2022-06-08,18137,0.004845668,0.004845390096306801,0.725,2.712485240863316e-07,0.004845112096518278,0.0048461789265275
1,4,1926,2022-06-08,19001,0.005328548,0.005333835259079933,0.035,9.987060366256628e-06,0.005328037776052952,0.00536390719935298
1,4,1936,2022-06-08,21063,0.004618976,0.00461905263364315,0.375,1.5254019558597065e-07,0.004618591163307428,0.004619223531335592
1,4,1939,2022-06-08,21237,0.0014045975,0.0014045850839465857,0.835,2.8720686273686624e-08,0.0014045016141608357,0.001404627924785018
1,4,1943,2022-06-08,22069,0.007465573,0.00746455043554306,0.88,5.536496701097349e-07,0.007464098744094372,0.007466551847755909
1,4,1948,2022-06-08,24009,0.0014558776,0.001454609096981585,0.7,1.7751791574482922e-06,0.0014518580865114927,0.001458329614251852
1,4,1951,2022-06-08,24027,0.0025983197,0.0025982651859521866,0.61,1.6083076559425535e-07,0.002598065184429288,0.0025986030232161283
1,4,1956,2022-06-08,26159,0.0016506568,0.0016504598315805197,0.675,2.643605228058732e-07,0.001650048652663827,0.0016511344583705068
1,4,1959,2022-06-08,27113,0.0004027891,0.0004080093349330127,0.265,1.5320805687224492e-05,0.00039800439844839275,0.0004542389651760459
1,4,1960,2022-06-08,28011,0.00897275,0.008972782641649246,0.385,1.9224589209443366e-07,0.008971937000751495,0.008973012678325176
1,4,1967,2022-06-08,28067,0.008369842,0.00836997851729393,0.245,2.0156308266905398e-07,0.00836931448429823,0.008370152674615383
1,4,1974,2022-06-08,28147,0.016244182,0.016244232654571533,0.35,2.075275062907167e-07,0.016243483871221542,0.016244465485215187
1,4,1976,2022-06-08,28151,0.011079096,0.011078611947596073,0.72,5.571432666329201e-07,0.011077668517827988,0.011079679243266582
1,4,1983,2022-06-08,29047,0.039416734,0.03941677510738373,0.425,2.0802619360438257e-07,0.039416320621967316,0.03941710293292999
1,4,1985,2022-06-08,29053,0.00680071,0.006800783798098564,0.375,5.974015948595479e-07,0.0068005588836967945,0.006803301628679037
1,4,1988,2022-06-08,29087,0.0056461245,0.005649626720696688,0.07,6.948670943529578e-06,0.005645797122269869,0.005679220426827669
1,4,1992,2022-06-08,29125,0.02529114,0.025291074067354202,0.76,1.1515840014908463e-07,0.02529079280793667,0.025291210040450096
1,4,1994,2022-06-08,29139,0.009187088,0.009187089279294014,0.47,5.6126655323396335e-08,0.009187068790197372,0.009187392890453339
1,4,1996,2022-06-08,29161,0.0077727986,0.007772617042064667,0.725,2.7812731673293456e-07,0.007772475481033325,0.0077739073894917965
1,4,2000,2022-06-08,29225,0.0032274218,0.003227504901587963,0.15,1.1925004628210445e-07,0.0032273803371936083,0.0032280113082379103
1,4,2001,2022-06-08,30003,0.05403673,0.05403704196214676,0.07,1.7036900601397065e-07,0.05403662845492363,0.054037246853113174
1,4,2006,2022-06-08,32007,0.00039324918,0.00039446697337552905,0.265,1.6172002688108478e-06,0.00039240659680217505,0.0003980696783401072
1,4,2011,2022-06-08,32021,0.01233996,0.012340122833848,0.055,9.155457547649348e-08,0.012339943088591099,0.012340253219008446
1,4,2012,2022-06-08,32027,0.00071667065,0.0007227893220260739,0.135,6.97422410667059e-06,0.0007146631251089275,0.0007390856044366956
1,4,2019,2022-06-08,34029,0.002077433,0.0020484363194555044,0.935,1.4038228982826695e-05,0.0020303877536207438,0.002082932973280549
1,4,2023,2022-06-08,35031,0.00012738637,0.00012732100731227547,0.785,1.0538530403891855e-07,0.00012720644008368254,0.0001276743714697659
1,4,2026,2022-06-08,35047,0.0049527804,0.004952060990035534,0.975,2.868892465812678e-07,0.004951623268425465,0.004952831193804741
1,4,2027,2022-06-08,35051,0.0010430085,0.0010428307577967644,0.97,7.40710888180729e-08,0.0010427056113258004,0.001043044263496995
1,4,2031,2022-06-08,37013,0.0012103546,0.0012090103700757027,0.815,1.2083783076377586e-06,0.001207140740007162,0.0012116791913285851
1,4,2032,2022-06-08,37023,0.000610764,0.0006110254907980561,0.225,3.5565611256060947e-07,0.0006104335770942271,0.0006118199089542031
1,4,2034,2022-06-08,37051,0.0010180796,0.0010178775992244482,0.58,7.978884468684555e-07,0.0010165557032451034,0.001019596471451223
1,4,2040,2022-06-08,37125,0.0024966332,0.0024964050389826298,0.695,2.9145897428861645e-07,0.0024960238952189684,0.002497084904462099
1,4,2048,2022-06-08,39001,0.015402361,0.015402428805828094,0.41,2.2735200388979138e-07,0.015401653945446014,0.015402629971504211
1,4,2055,2022-06-08,39025,0.016006058,0.016005944460630417,0.94,1.8132666923520446e-07,0.016005288809537888,0.016006063669919968
1,4,2061,2022-06-08,39053,0.0015709072,0.001571059343405068,0.415,5.822348612127826e-07,0.0015692729502916336,0.0015716089401394129
1,4,2063,2022-06-08,39059,0.001292885,0.001293120440095663,0.435,8.757807563597453e-07,0.0012918744469061494,0.0012952240649610758
1,4,2070,2022-06-08,39107,0.0015317077,0.0015316943172365427,0.54,3.2797473181744863e-07,0.0015312277246266603,0.0015327841974794865
1,4,2084,2022-06-08,40021,0.0061609186,0.006160954479128122,0.445,2.5197277864208445e-07,0.006160761695355177,0.00616171769797802
1,4,2086,2022-06-08,40039,0.020773543,0.02077353373169899,0.575,3.966428252510923e-08,0.02077350579202175,0.020773641765117645
1,4,2088,2022-06-08,40057,0.002707791,0.002707808744162321,0.49,6.76899958307331e-07,0.0027069863863289356,0.002709236228838563
1,4,2095,2022-06-08,40107,0.013461681,0.013461669906973839,0.545,2.2938938570860046e-07,0.013460620306432247,0.013461745344102383
1,4,2100,2022-06-08,40135,0.0057792794,0.005779285449534655,0.495,2.041572741973141e-07,0.005779126193374395,0.005779895931482315
1,4,2105,2022-06-08,41059,0.0008011189,0.0008017517393454909,0.395,4.639241069526179e-06,0.0007983249961398542,0.0008158711134456098
1,4,2112,2022-06-08,45035,0.0015414624,0.0015407856553792953,0.81,5.500918973666558e-07,0.001539876451715827,0.0015418994007632136
1,4,2117,2022-06-08,46013,0.0018482398,0.0018488983623683453,0.065,3.204837639714242e-07,0.001847602310590446,0.001849218737334013
1,4,2118,2022-06-08,46015,0.0026077975,0.0026077120564877987,0.57,8.662071309117891e-07,0.0026070340536534786,0.0026110787875950336
1,4,2123,2022-06-08,46033,0.00070568087,0.0007054557790979743,0.575,7.316577921301359e-07,0.0007045071106404066,0.0007069173734635115
1,4,2127,2022-06-08,46049,0.0037646692,0.003763592569157481,0.745,1.921324610520969e-06,0.0037562327925115824,0.0037654449697583914
1,4,2130,2022-06-08,46059,0.0025513791,0.002552150748670101,0.02,1.0131111594091635e-06,0.0025512995198369026,0.002555806888267398
1,4,2138,2022-06-08,46081,0.0006810958,0.0006809983169659972,0.65,1.5762759630888468e-07,0.000680796685628593,0.000681339472066611
1,4,2147,2022-06-08,46117,0.0028180983,0.002816183026880026,0.94,9.529936164653918e-07,0.0028155185282230377,0.0028204945847392082
1,4,2152,2022-06-08,48011,0.0018438165,0.0018443155568093061,0.295,8.753563633945305e-07,0.0018432291690260172,0.00184619368519634
1,4,2153,2022-06-08,48045,0.030866124,0.030866112560033798,0.54,1.4951338300761563e-07,0.030865754932165146,0.03086632862687111
1,4,2155,2022-06-08,48069,0.003869833,0.003867948893457651,0.985,8.676886977809772e-07,0.0038666161708533764,0.0038703351747244596
1,4,2159,2022-06-08,48107,0.00061058754,0.0006118352757766843,0.325,2.5715219180710847e-06,0.0006080641760490835,0.0006178366602398455
1,4,2163,2022-06-08,48153,0.0008785745,0.000879233586601913,0.395,1.9677700038300827e-06,0.0008775598835200071,0.0008850990561768413
1,4,2166,2022-06-08,48189,0.0012334847,0.0012314083287492394,0.83,1.7750802498994744e-06,0.0012294355547055602,0.0012372266501188278
1,4,2170,2022-06-08,48219,0.0009127995,0.0009059393778443336,0.78,5.2596897148760036e-06,0.0008997356635518372,0.0009195072343572974
1,4,2172,2022-06-08,48263,0.0005336702,0.0005366374971345067,0.25,4.271687430446036e-06,0.0005313362926244736,0.0005463710404001176
1,4,2176,2022-06-08,48341,0.005515425,0.005516482517123222,0.26,1.665252398197481e-06,0.005514245014637709,0.005520664621144533
1,4,2196,2022-06-08,51065,0.010044309,0.010044431313872337,0.325,1.948495338410794e-07,0.010043887421488762,0.010044650174677372
1,4,2201,2022-06-08,51087,0.012337452,0.012337389402091503,0.74,9.162359049241786e-08,0.01233715284615755,0.012337537482380867
1,4,2203,2022-06-08,51113,0.001228442,0.0012283176183700562,0.56,7.765798955006176e-07,0.0012269141152501106,0.0012297944631427526
1,4,2210,2022-06-08,51159,0.0007002506,0.0006972753908485174,0.875,2.1705850485886913e-06,0.000693476467859,0.00070144550409168
1,4,2211,2022-06-08,51177,0.00065251335,0.0006519118323922157,0.82,5.073876536698663e-07,0.0006510197999887168,0.0006529994425363839
1,4,2216,2022-06-08,54027,0.00073916605,0.0007297929842025042,0.815,7.504745553887915e-06,0.0007179544772952795,0.0007460726774297655
1,4,2220,2022-06-08,54041,0.0022801154,0.002280337968841195,0.295,2.852453917512321e-07,0.002279846463352442,0.0022808199282735586
1,4,2221,2022-06-08,54049,0.0031999275,0.003199299331754446,0.64,1.416700797562953e-06,0.0031949756667017937,0.0032013000454753637
1,4,2233,2022-06-08,55025,0.0052125324,0.005212597083300352,0.15,1.648229641659782e-07,0.005212487652897835,0.005213258787989616
1,4,2243,2024-02-27,01095,0.0016952239,0.0017030589515343308,0.225,1.4772680515307002e-05,0.0016905273078009486,0.0017415382899343967
1,4,2252,2024-02-27,06027,0.030969283,0.030887421220541,0.665,0.00030430685728788376,0.029939571395516396,0.031081054359674454
1,4,2258,2024-02-27,06045,0.004691598,0.0048209186643362045,0.335,0.0003090349491685629,0.003886973951011896,0.004973173141479492
1,4,2261,2024-02-27,06061,0.015089614,0.015634184703230858,0.4,0.005155825521796942,0.014537489041686058,0.03352830931544304
1,4,2275,2024-02-27,08029,0.012868216,0.012870091944932938,0.48,8.172033994924277e-05,0.012633200734853745,0.012961198575794697
1,4,2276,2024-02-27,08043,0.0006451988,0.0006607608520425856,0.255,3.353152715135366e-05,0.0006212560110725462,0.000736026733648032
1,4,2291,2024-02-27,13057,0.0018317616,0.0018333611078560352,0.325,2.9206451017671498e-06,0.0018250711727887392,0.0018359492532908916
1,4,2292,2024-02-27,13067,0.0010463285,0.0010437150485813618,0.84,4.07556308346102e-06,0.0010332796955481172,0.0010472668800503016
1,4,2295,2024-02-27,13089,0.0011034383,0.0011114082299172878,0.1,1.1568660738703329e-05,0.0011027203872799873,0.0011496596271172166
1,4,2296,2024-02-27,13113,0.0031441825,0.003159257583320141,0.275,2.3971533664735034e-05,0.0030898144468665123,0.003177163191139698
1,4,2305,2024-02-27,13223,0.0018522866,0.0018451947253197432,0.63,1.8356578948441893e-05,0.001828807289712131,0.0018983575282618403
1,4,2316,2024-02-27,16061,0.0031626262,0.003317883238196373,0.145,0.0002252264239359647,0.003105653915554285,0.003910121042281389
1,4,2318,2024-02-27,16073,0.0027633614,0.0027771873865276575,0.455,8.563249139115214e-05,0.0026694133412092924,0.0029800068587064743
1,4,2320,2024-02-27,16087,0.005675071,0.006912272423505783,0.15,0.0015046715270727873,0.005183365661650896,0.010529995895922184
1,4,2324,2024-02-27,17043,0.0013429039,0.0013650315813720226,0.02,1.450928994017886e-05,0.0013418978778645396,0.0013929374981671572
1,4,2325,2024-02-27,17047,0.0013202326,0.0013272357173264027,0.225,1.400665678374935e-05,0.0013147570425644517,0.0013634450733661652
1,4,2328,2024-02-27,17073,0.0010188762,0.0010574788320809603,0.08,3.907057543983683e-05,0.0010097159538418055,0.001157301594503224
1,4,2329,2024-02-27,17077,0.0010853363,0.0010824885684996843,0.65,7.1021122494130395e-06,0.0010748931672424078,0.00110057822894305
1,4,2331,2024-02-27,17097,0.001423676,0.0014334353618323803,0.08,9.937541108229198e-06,0.0014187886845320463,0.0014581490540876985
1,4,2334,2024-02-27,17153,0.0014348692,0.0014364495873451233,0.37,5.9131098169018514e-06,0.0014299836475402117,0.0014508062740787864
1,4,2352,2024-02-27,18129,0.0021643895,0.002170044928789139,0.38,2.208040314144455e-05,0.002149069681763649,0.0022253242786973715
1,4,2359,2024-02-27,21017,0.003890575,0.003893802873790264,0.475,4.5283017243491486e-05,0.0038591951597481966,0.0040327380411326885
1,4,2364,2024-02-27,21045,0.0031303687,0.003135927487164736,0.435,4.303110472392291e-05,0.0031012864783406258,0.0032513379119336605
1,4,2366,2024-02-27,21049,0.0039084856,0.003910805098712444,0.45,3.062486575799994e-05,0.003887495258823037,0.00400637136772275
1,4,2377,2024-02-27,21101,0.0022453289,0.002251969650387764,0.425,3.816440948867239e-05,0.002218395471572876,0.0023539490066468716
1,4,2380,2024-02-27,21125,0.0019858815,0.0019846903160214424,0.535,9.029584361996967e-06,0.0019796101842075586,0.00201402697712183
1,4,2382,2024-02-27,21149,0.0027620397,0.0027747387066483498,0.15,2.8376760383252986e-05,0.0027574170380830765,0.0028584941755980253
1,4,2395,2024-02-27,23029,0.015139832,0.011149462312459946,0.99,0.001323121483437717,0.010425620712339878,0.015178695321083069
1,4,2396,2024-02-27,25003,0.015624851,0.005736183375120163,0.99,0.003676874563097954,0.0033491391222923994,0.01601295918226242
1,4,2401,2024-02-27,25017,0.0025497417,0.002294401405379176,0.615,0.0008205713820643723,0.0016673437785357237,0.004667905159294605
1,4,2405,2024-02-27,25027,0.004429267,0.0027154795825481415,0.95,0.0006376670207828283,0.002224723808467388,0.004644243512302637
1,4,2406,2024-02-27,26025,0.0075339116,0.007592136971652508,0.4,0.0002384529507253319,0.00698098074644804,0.007871045731008053
1,4,2407,2024-02-27,26049,0.0037605877,0.0036927612964063883,0.745,0.0001125418275478296,0.003455384401604533,0.0038406115490943193
1,4,2408,2024-02-27,26159,0.0030506924,0.0030063814483582973,0.85,2.921947634604294e-05,0.0029786580707877874,0.0030864858999848366
1,4,2409,2024-02-27,28081,0.0011593609,0.0011563641019165516,0.805,2.301339009136427e-06,0.0011540313716977835,0.0011623813770711422
1,4,2412,2024-02-27,29031,0.0016272629,0.0016294987872242928,0.325,4.62882280771737e-06,0.0016226749867200851,0.0016402368200942874
1,4,2415,2024-02-27,29143,0.0011992884,0.0012034751707687974,0.2,5.633685304928804e-06,0.001196804572828114,0.0012171909911558032
1,4,2419,2024-02-27,29223,0.0009147143,0.0009089033701457083,0.9,3.102677737842896e-06,0.0009048705105669796,0.0009168304386548698
1,4,2422,2024-02-27,30013,0.002468547,0.001780800404958427,0.89,0.0002791921724565327,0.0017015200573951006,0.002733869245275855
1,4,2429,2024-02-27,30045,0.0016257752,0.0010701376013457775,0.86,0.00026329964748583734,0.0009241721127182245,0.001790450420230627
1,4,2443,2024-02-27,32007,0.0018651854,0.002028309740126133,0.33,0.0004978446522727609,0.0017303545027971268,0.0035434856545180082
1,4,2448,2024-02-27,32021,0.01366456,0.013666637241840363,0.4,2.2112053557066247e-05,0.013661435805261135,0.013750088401138783
1,4,2450,2024-02-27,32027,0.0073673306,0.007577523589134216,0.365,0.0007925218087621033,0.006674031261354685,0.009708947502076626
1,4,2451,2024-02-27,32029,0.011743843,0.011997365392744541,0.275,0.0007009829860180616,0.011573334224522114,0.014741752296686172
1,4,2465,2024-02-27,35031,0.0022728774,0.002326750196516514,0.325,0.0002062945713987574,0.0021094614639878273,0.0028450535610318184
1,4,2471,2024-02-27,35047,0.0022092809,0.0022225878201425076,0.31,2.821534508257173e-05,0.002176823327317834,0.0022780033759772778
1,4,2477,2024-02-27,35061,0.0005794065,0.0006045675254426897,0.025,2.409462831565179e-05,0.0005773512530140579,0.0006627305992878973
1,4,2479,2024-02-27,36007,0.0056539406,0.0021351585164666176,0.885,0.0016087922267615795,0.001842093770392239,0.0071604191325604916
1,4,2481,2024-02-27,36019,0.049678437,0.02702762931585312,0.95,0.013353385031223297,0.008064487017691135,0.05106417462229729
1,4,2486,2024-02-27,36035,0.04517889,0.06061646714806557,0.15,0.00937748048454523,0.038667261600494385,0.06981195509433746
1,4,2492,2024-02-27,36055,0.011676521,0.017825689166784286,0.225,0.0092906029894948,0.007883901707828045,0.038780637085437775
1,4,2504,2024-02-27,36103,0.005059699,0.005514384247362614,0.175,0.0009144840878434479,0.00487188994884491,0.007983270101249218
1,4,2508,2024-02-27,36117,0.0204951,0.020948056131601334,0.455,0.003293410176411271,0.016724837943911552,0.027714883908629417
1,4,2520,2024-02-27,39097,0.018355332,0.018659546971321106,0.215,0.000225767886149697,0.01811431720852852,0.01889040321111679
1,4,2531,2024-02-27,40039,0.00061716465,0.0006309469463303685,0.36,4.2450814362382516e-05,0.0005889222957193851,0.0007530950242653489
1,4,2537,2024-02-27,41045,0.010936582,0.011679365299642086,0.36,0.001927994075231254,0.00953209213912487,0.01612510159611702
1,4,2542,2024-02-27,45003,0.0008741036,0.0008176626870408654,0.905,3.0953149689594284e-05,0.0007870197878219187,0.0009023278253152966
1,4,2543,2024-02-27,45007,0.004474709,0.00447695329785347,0.435,1.3012833733228035e-05,0.0044361259788274765,0.004485740326344967
1,4,2549,2024-02-27,45065,0.0017472692,0.0017406155820935965,0.89,3.4034055715892464e-06,0.0017377911135554314,0.0017514029750600457
1,4,2562,2024-02-27,47073,0.003799599,0.0038043782114982605,0.14,8.56430324347457e-06,0.003797563724219799,0.0038285795599222183
1,4,2568,2024-02-27,48017,0.00061707746,0.000658682081848383,0.165,3.2027110137278214e-05,0.0005892072804272175,0.0007090341532602906
1,4,2569,2024-02-27,48045,0.0006386207,0.0006827645702287555,0.02,2.6964991775457747e-05,0.0006345150177367032,0.0007383535266853869
1,4,2572,2024-02-27,48069,0.0010036585,0.0009857777040451765,0.76,1.9707853425643407e-05,0.0009425458265468478,0.001024592318572104
1,4,2578,2024-02-27,48141,0.00043682783,0.00046788202598690987,0.005,3.196500983904116e-05,0.0004363165935501456,0.0005573524977080524
1,4,2579,2024-02-27,48153,0.00059706887,0.0006414799718186259,0.055,2.9193106456659734e-05,0.0005822248058393598,0.0007121750968508422
1,4,2581,2024-02-27,48189,0.00067162764,0.0006385630695149302,0.91,2.754356864898e-05,0.0005700858309864998,0.000683545891661197
1,4,2586,2024-02-27,48219,0.00067434716,0.0006543910130858421,0.68,2.8516677048173733e-05,0.0005930168554186821,0.000703982834238559
1,4,2591,2024-02-27,48329,0.00041246103,0.0004776430723723024,0.005,5.2540595788741484e-05,0.00041240599239245057,0.0006082150503061712
1,4,2592,2024-02-27,48341,0.0076745744,0.007660583592951298,0.805,1.732137388898991e-05,0.007626002188771963,0.00768226059153676
1,4,2605,2024-02-27,49015,0.0033653288,0.0035576517693698406,0.365,0.0010497544426470995,0.0031389605719596148,0.007305527105927467
1,4,2606,2024-02-27,49019,0.005525657,0.006151109002530575,0.35,0.0020107224117964506,0.00485991919413209,0.01257109921425581
1,4,2607,2024-02-27,49021,0.04706523,0.047138966619968414,0.44,0.0010147427674382925,0.046684734523296356,0.050084151327610016
1,4,2611,2024-02-27,49031,0.015787134,0.016088072210550308,0.19,0.0006860120338387787,0.01549961231648922,0.017994282767176628
1,4,2622,2024-02-27,49053,0.009888622,0.010769810527563095,0.295,0.002835087012499571,0.008416827768087387,0.019174698740243912
1,4,2623,2024-02-27,49057,0.008071832,0.008744153194129467,0.205,0.0015202707145363092,0.00792041514068842,0.01343805156648159
1,4,2633,2024-02-27,50019,0.030895313,0.011477753520011902,0.95,0.007982605136930943,0.005836542695760727,0.03361305594444275
1,4,2634,2024-02-27,50021,0.013304596,0.005697978660464287,0.93,0.0029665285255759954,0.004676993004977703,0.015559702180325985
1,4,2637,2024-02-27,50027,0.027847234,0.009479165077209473,0.935,0.0071461861953139305,0.005972460377961397,0.030476532876491547
1,4,2638,2024-02-27,51031,0.0016468028,0.0016455135773867369,0.67,2.6738803171610925e-06,0.0016437765443697572,0.0016546198166906834
1,5,0,2019-03-13,01001,0.0016512147,0.0016510167624801397,0.84,1.32873225311414e-07,0.0016508533153682947,0.001651340746320784
1,5,12,2019-03-13,01091,0.0012465827,0.0012406596215441823,0.955,2.2995975541562075e-06,0.001239212229847908,0.001247338019311428
1,5,13,2019-03-13,01105,0.009134192,0.00913891289383173,0.07,2.0147331269981805e-06,0.009132465347647667,0.009140145033597946
1,5,14,2019-03-13,01111,0.0017967913,0.0017949165776371956,0.81,1.267443963115511e-06,0.001794301439076662,0.0017984891310334206
1,5,22,2019-03-13,06073,0.00068262557,0.0006855796091258526,0.43,1.0876337910303846e-05,0.000668385298922658,0.0007080221548676491
1,5,28,2019-03-13,08063,0.1919611,0.19195574522018433,0.55,4.557107968139462e-05,0.19183172285556793,0.191989004611969
1,5,33,2019-03-13,13233,0.015779242,0.015782803297042847,0.2,2.810939122355194e-06,0.015773646533489227,0.015783848240971565
1,5,35,2019-03-13,17025,0.006139359,0.005645268596708775,0.965,0.0001588402083143592,0.005586863961070776,0.006167041137814522
1,5,40,2019-03-13,17069,0.0183103,0.01804949715733528,0.715,0.00032411509891971946,0.017865868285298347,0.01902197115123272
1,5,44,2019-03-13,17087,0.010653675,0.010541435331106186,0.72,0.0002141424483852461,0.010454771108925343,0.011258065700531006
1,5,52,2019-03-13,17185,0.009445991,0.009569395333528519,0.32,0.0004364736087154597,0.00932316854596138,0.010967230424284935
1,5,60,2019-03-13,18061,0.0054632276,0.005381138063967228,0.565,0.0003392765938770026,0.004862505476921797,0.005909457802772522
1,5,64,2019-03-13,18089,0.0024037887,0.003604702651500702,0.135,0.0022390931844711304,0.0022529002744704485,0.009813683107495308
1,5,67,2019-03-13,18121,0.004925427,0.0047874972224235535,0.63,0.0003420237044338137,0.004637354053556919,0.005773246753960848
1,5,68,2019-03-13,18125,0.012097669,0.011844437569379807,0.69,0.0003901299787685275,0.011640948243439198,0.012960027903318405
1,5,75,2019-03-13,18155,0.005571796,0.004958861041814089,0.69,0.0009263200336135924,0.004203820135444403,0.007429689168930054
1,5,79,2019-03-13,20007,0.010903317,0.012103790417313576,0.345,0.003804329317063093,0.009115071967244148,0.022510701790452003
1,5,80,2019-03-13,20039,0.037168138,0.0370607003569603,0.615,0.00036444945726543665,0.03691168501973152,0.03826892748475075
1,5,82,2019-03-13,20063,0.012868382,0.0128692127764225,0.36,3.239184297854081e-05,0.012859911657869816,0.012986165471374989
1,5,94,2019-03-13,21007,0.06389578,0.06391096860170364,0.455,0.00010432903218315914,0.06359720230102539,0.06397058069705963
1,5,98,2019-03-13,21035,0.009325204,0.009218525141477585,0.6,0.0005390686565078795,0.00878974050283432,0.01074476819485426
1,5,101,2019-03-13,21047,0.005987746,0.006284235045313835,0.255,0.0006361022824421525,0.0057992697693407536,0.00785290077328682
1,5,112,2019-03-13,21107,0.0069814394,0.006979483179748058,0.505,0.0006819892441853881,0.006383566185832024,0.00873224250972271
1,5,114,2019-03-13,21143,0.024656506,0.02464437484741211,0.65,5.288436295813881e-05,0.02461867406964302,0.02482212893664837
1,5,122,2019-03-13,21203,0.0064391606,0.005952534731477499,0.69,0.0007385184289887547,0.005459673702716827,0.007909614592790604
1,5,130,2019-03-13,21233,0.008104626,0.008191276341676712,0.415,0.000501984148286283,0.007807079702615738,0.00956394150853157
1,5,133,2019-03-13,22111,0.005370162,0.005282856989651918,0.995,3.550171459210105e-05,0.005240964237600565,0.0053765312768518925
1,5,139,2019-03-13,26155,0.035211354,0.0351361483335495,0.64,0.0002715530863497406,0.034418102353811264,0.0353940911591053
1,5,143,2019-03-13,28019,0.00629918,0.006440889090299606,0.1,6.20890932623297e-05,0.006267103832215071,0.006474622990936041
1,5,145,2019-03-13,28061,0.0023562217,0.0023596729151904583,0.075,1.4804061265749624e-06,0.0023555331863462925,0.002360700396820903
1,5,146,2019-03-13,28075,0.0015490507,0.0015244908863678575,0.885,1.2523280929599423e-05,0.001516289310529828,0.0015597628662362695
1,5,158,2019-03-13,29510,0.0035403762,0.005245048552751541,0.01,0.002286097500473261,0.0035232463851571083,0.012290685437619686
1,5,164,2019-03-13,34035,0.000542922,0.0005402559181675315,0.745,3.534752977429889e-06,0.0005369003629311919,0.0005496357334777713
1,5,166,2019-03-13,35025,0.006216174,0.005893907509744167,0.78,0.00031827398925088346,0.005558562930673361,0.006801254115998745
1,5,170,2019-03-13,39011,0.006160762,0.007650635205209255,0.13,0.0026159172412008047,0.005749729927629232,0.014262551441788673
1,5,173,2019-03-13,39027,0.1033942,0.10320056229829788,0.855,0.00025764695601537824,0.1026187464594841,0.1034417673945427
1,5,174,2019-03-13,39029,0.0029969895,0.0029778960160911083,0.53,0.0002866828581318259,0.002767078345641494,0.0037295843940228224
1,5,178,2019-03-13,39049,0.0033552865,0.003411110956221819,0.42,0.0002840031811501831,0.003205833723768592,0.004161150194704533
1,5,199,2019-03-13,40031,0.007828992,0.008124626241624355,0.11,0.00040112153510563076,0.0077338614501059055,0.009169119410216808
1,5,208,2019-03-13,40075,0.012531285,0.012942194938659668,0.265,0.0007273578667081892,0.012239589355885983,0.014981023035943508
1,5,210,2019-03-13,40085,0.0048820837,0.004855946637690067,0.6,0.00014376560284290463,0.004736084025353193,0.005233175121247768
1,5,216,2019-03-13,40149,0.014763249,0.015263458713889122,0.445,0.0027694604359567165,0.012530453503131866,0.02219918556511402
1,5,218,2019-03-13,40153,0.014105446,0.01605413667857647,0.175,0.0038982040714472532,0.01283565815538168,0.026829151436686516
1,5,219,2019-03-13,42073,0.001893218,0.001691248849965632,0.805,0.00013918041076976806,0.0015827537281438708,0.002043383661657572
1,5,225,2019-03-13,47189,0.0020797139,0.0021459420677274466,0.395,0.0003864676400553435,0.0019483264768496156,0.0032846180256456137
1,5,233,2019-03-13,48075,0.009882121,0.009519089944660664,0.59,0.0010838977759703994,0.008373468182981014,0.012060761451721191
1,5,235,2019-03-13,48081,0.006010248,0.006003092974424362,0.6,1.7734944776748307e-05,0.005963722709566355,0.006023939698934555
1,5,236,2019-03-13,48085,0.004302764,0.004335616249591112,0.365,0.00013691083586309105,0.004213591571897268,0.004721875302493572
1,5,238,2019-03-13,48101,0.008997443,0.009749000892043114,0.265,0.00109137874096632,0.008356289006769657,0.012300597503781319
1,5,250,2019-03-13,48139,0.0026228656,0.002726710867136717,0.385,0.00037636698107235134,0.0023944119457155466,0.003688595723360777
1,5,257,2019-03-13,48179,0.017260222,0.01721944846212864,0.505,0.003755333600565791,0.013829845003783703,0.02697482332587242
1,5,261,2019-03-13,48191,0.023097362,0.023122306913137436,0.455,0.00021512787498068064,0.022976959124207497,0.02375485748052597
1,5,263,2019-03-13,48203,0.0045412527,0.004473102744668722,0.84,5.087181489216164e-05,0.004414978437125683,0.004593637306243181
1,5,264,2019-03-13,48205,0.024797017,0.02416405826807022,0.725,0.0006842095754109323,0.023389732465147972,0.025674717500805855
1,5,270,2019-03-13,48227,0.0056484323,0.005700445733964443,0.18,0.00011683441698551178,0.00562709104269743,0.00608030054718256
1,5,272,2019-03-13,48233,0.11127507,0.11219474673271179,0.365,0.0014789053238928318,0.1089213490486145,0.11407085508108139
1,5,276,2019-03-13,48253,0.030440565,0.030435940250754356,0.615,2.1510997612494975e-05,0.030372880399227142,0.030467120930552483
1,5,278,2019-03-13,48267,0.019092636,0.019208285957574844,0.39,0.000384578132070601,0.0184213574975729,0.019639160484075546
1,5,284,2019-03-13,48317,0.01479036,0.014918657019734383,0.43,0.0005399745423346758,0.013645361177623272,0.0155286630615592
1,5,290,2019-03-13,48349,0.0056267637,0.0055875531397759914,0.585,0.00014713431301061064,0.005465140100568533,0.005949675105512142
1,5,292,2019-03-13,48357,0.032225452,0.03302539139986038,0.435,0.005092396400868893,0.027686117216944695,0.04535456374287605
1,5,304,2019-03-13,48399,0.028098222,0.02809732034802437,0.505,4.4464592065196484e-05,0.027994925156235695,0.028141966089606285
1,5,309,2019-03-13,48433,0.007829581,0.008067590184509754,0.375,0.0006820753333158791,0.007379413582384586,0.00976192019879818
1,5,316,2019-03-13,48467,0.0037892212,0.0037917178124189377,0.48,6.572269194293767e-05,0.0037309059407562017,0.003952948842197657
1,5,318,2019-03-13,48483,0.014509471,0.014581494964659214,0.48,0.0024831059854477644,0.012274046428501606,0.021078938618302345
1,5,330,2021-03-26,01041,0.0017695046,0.0017687762156128883,0.99,3.1828881219553296e-07,0.0017683397745713592,0.0017695226706564426
1,5,338,2021-03-26,01091,0.0033294044,0.003329172730445862,0.58,9.170473731501261e-07,0.0033272309228777885,0.003330810694023967
1,5,341,2021-03-26,01099,0.0032735467,0.0032734032720327377,0.81,1.0530989413837233e-07,0.00327327405102551,0.003273671492934227
1,5,342,2021-03-26,01103,0.004879203,0.004878572188317776,0.675,1.3551260735766846e-06,0.004878015723079443,0.004882575012743473
1,5,343,2021-03-26,01111,0.024210265,0.02421128936111927,0.21,6.509238232865755e-07,0.024209629744291306,0.024211695417761803
1,5,348,2021-03-26,05037,0.006645857,0.006645993795245886,0.18,1.3538641496779746e-07,0.006645760033279657,0.006646348163485527
1,5,350,2021-03-26,05041,0.002557493,0.0025574425235390663,0.525,1.4075038734517875e-06,0.0025567372795194387,0.002561681205406785
1,5,361,2021-03-26,08023,0.0003447154,0.00034570181742310524,0.445,7.298354375961935e-06,0.00033381854882463813,0.00036062250728718936
1,5,364,2021-03-26,08063,0.0018535564,0.001853713532909751,0.24,2.3312827579502482e-07,0.001853380468674004,0.0018543082987889647
1,5,371,2021-03-26,13015,0.014147329,0.014149246737360954,0.295,2.215478161815554e-06,0.014143652282655239,0.014150796458125114
1,5,374,2021-03-26,13091,0.0011817092,0.0011740009067580104,0.985,3.6712285691464785e-06,0.0011691692052409053,0.0011823282111436129
1,5,387,2021-03-26,13255,0.001443675,0.0014409422874450684,0.805,2.555384526203852e-06,0.0014381478540599346,0.0014474592171609402
1,5,389,2021-03-26,13291,0.0034123978,0.0034062685444951057,0.635,1.6851183318067342e-05,0.003387657692655921,0.0034606801345944405
1,5,390,2021-03-26,13303,0.0025364284,0.0025338006671518087,0.925,1.5532266388618154e-06,0.002531559206545353,0.002537114080041647
1,5,393,2021-03-26,16001,0.0018984758,0.001895264140330255,0.805,4.049892595503479e-06,0.0018866388127207756,0.0019006782677024603
1,5,394,2021-03-26,16005,0.0017510627,0.0018953625112771988,0.065,0.00020633348322007805,0.0017359356861561537,0.0024560382589697838
1,5,395,2021-03-26,16007,0.00032350016,0.0003430030192248523,0.015,1.0644862413755618e-05,0.0003230879665352404,0.00035969572491012514
1,5,397,2021-03-26,16013,0.0010100646,0.001098334090784192,0.21,0.00013341152225621045,0.0009772880002856255,0.0014410542789846659
1,5,409,2021-03-26,16047,0.005206293,0.005196463782340288,0.72,1.684005110291764e-05,0.005157759878784418,0.005218278616666794
1,5,414,2021-03-26,16059,0.01967793,0.019552340731024742,0.815,0.00014019211812410504,0.019257469102740288,0.019743161275982857
1,5,426,2021-03-26,17021,0.02416819,0.02416897565126419,0.175,5.230134547673515e-07,0.0241679847240448,0.024169715121388435
1,5,432,2021-03-26,17069,0.0019133,0.0019138352945446968,0.305,1.06348886674823e-06,0.001911653089337051,0.0019162953831255436
1,5,434,2021-03-26,17087,0.0014653482,0.0014666190836578608,0.27,1.6429767129011452e-06,0.0014642016030848026,0.0014708370435982943
1,5,442,2021-03-26,17185,0.0025363641,0.002537617925554514,0.09,2.365311956964433e-06,0.002535619307309389,0.0025449092499911785
1,5,447,2021-03-26,18013,0.0065144147,0.006515983026474714,0.255,1.4564977846021065e-06,0.006512288935482502,0.006517250556498766
1,5,461,2021-03-26,18105,0.0013914761,0.0013928047847002745,0.21,1.7489323909103405e-06,0.0013902989448979497,0.001397373853251338
1,5,462,2021-03-26,18109,0.0064414456,0.006440667901188135,0.735,9.822354058997007e-07,0.0064396364614367485,0.006443588063120842
1,5,464,2021-03-26,18125,0.0024836098,0.00248330133035779,0.545,1.962155465662363e-06,0.0024805027060210705,0.002488464815542102
1,5,467,2021-03-26,18145,0.002780551,0.0027863981667906046,0.14,1.0289382771588862e-05,0.0027787601575255394,0.002812836319208145
1,5,469,2021-03-26,18155,0.009306747,0.009306145831942558,0.76,5.978215540380916e-07,0.009305194951593876,0.009307386353611946
1,5,475,2021-03-26,20039,0.0036639008,0.003662950126454234,0.885,1.2690692301475792e-06,0.003659239038825035,0.0036643007770180702
1,5,478,2021-03-26,20063,0.0005555626,0.00055562739726156,0.495,8.971613169705961e-06,0.0005466867587529123,0.0005838010110892355
1,5,481,2021-03-26,20089,0.0012747467,0.0012740648817270994,0.565,5.8921818890667055e-06,0.0012602205388247967,0.0012863135198131204
1,5,488,2021-03-26,20163,0.0009225308,0.0009225147659890354,0.5,2.1043283595645335e-06,0.0009178923792205751,0.0009295451454818249
1,5,496,2021-03-26,21007,0.0019204168,0.0019217518856748939,0.2,1.2770401554007549e-06,0.0019198318477720022,0.0019249841570854187
1,5,498,2021-03-26,21035,0.0022226127,0.002222685143351555,0.35,3.8833215398881293e-07,0.002222363604232669,0.0022237952798604965
1,5,500,2021-03-26,21047,0.0027617598,0.0027619446627795696,0.18,6.053804213479452e-07,0.0027615497820079327,0.0027638126630336046
1,5,505,2021-03-26,21085,0.004439712,0.004439967218786478,0.11,2.1210318834619102e-07,0.004439638461917639,0.004440378863364458
1,5,506,2021-03-26,21093,0.0020455013,0.002046189270913601,0.215,2.7055800728703616e-06,0.002044863998889923,0.002054212149232626
1,5,509,2021-03-26,21107,0.001888526,0.0018887975020334125,0.22,6.189848704707401e-07,0.001888187020085752,0.0018908274360001087
1,5,512,2021-03-26,21143,0.002042984,0.0020433934405446053,0.165,5.232973308011424e-07,0.002042880281805992,0.00204474083147943
1,5,522,2021-03-26,21233,0.0020533043,0.002053961856290698,0.16,1.057724603015231e-06,0.002052738331258297,0.002057514153420925
1,5,525,2021-03-26,22111,0.0040879655,0.0040879459120333195,0.57,7.02771529859092e-08,0.004087845794856548,0.004088103771209717
1,5,528,2021-03-26,24001,0.0038350434,0.003835645504295826,0.495,3.755873694899492e-05,0.0037813973613083363,0.003924207296222448
1,5,537,2021-03-26,24035,0.0021626935,0.0021388381719589233,0.935,1.3750852303928696e-05,0.0021208839025348425,0.0021666225511580706
1,5,542,2021-03-26,25009,0.0023337153,0.002336926059797406,0.495,0.0001728437200654298,0.0021910551004111767,0.00285425316542387
1,5,548,2021-03-26,25025,0.0017893,0.0019380836747586727,0.005,0.00013178124208934605,0.0017879813676699996,0.002264930633828044
1,5,557,2021-03-26,28071,0.003248522,0.003247935324907303,0.805,4.425840813837567e-07,0.003247692948207259,0.00324917770922184
1,5,561,2021-03-26,28115,0.0062132003,0.0062127187848091125,0.82,3.10335565245623e-07,0.006212527398020029,0.006213614717125893
1,5,571,2021-03-26,29201,0.0011181812,0.0011172909289598465,0.745,1.5006968396846787e-06,0.0011143473675474524,0.0011205557966604829
1,5,573,2021-03-26,30009,0.015833702,0.01574895903468132,0.715,0.00012105322821298614,0.015433816239237785,0.015872854739427567
1,5,574,2021-03-26,30011,0.003925598,0.0038894349709153175,0.785,3.4056331060128286e-05,0.003847644431516528,0.003965484909713268
1,5,578,2021-03-26,30023,0.007385664,0.007705517113208771,0.025,0.0006121320184320211,0.0073619442991912365,0.00990614015609026
1,5,581,2021-03-26,30037,0.0032997585,0.0031022282782942057,0.67,0.00042579142609611154,0.0026701882015913725,0.004129480104893446
1,5,587,2021-03-26,30063,0.0074372604,0.00963675044476986,0.265,0.0028151385486125946,0.006322908215224743,0.015840129926800728
1,5,589,2021-03-26,30067,0.0051300493,0.006479073315858841,0.285,0.0020494915079325438,0.004155262373387814,0.011682936921715736
1,5,594,2021-03-26,30081,0.0056178425,0.007614724338054657,0.17,0.0024582582991570234,0.004902156535536051,0.013627702370285988
1,5,615,2021-03-26,34015,0.0021311548,0.002128299092873931,0.55,2.4982089598779567e-05,0.0021003347355872393,0.002187503967434168
1,5,616,2021-03-26,34017,0.0009936278,0.0009950469247996807,0.425,4.871645614912268e-06,0.0009903188329190016,0.0010076594771817327
1,5,620,2021-03-26,34025,0.0034244177,0.0034040373284369707,0.945,2.1066860426799394e-05,0.0033546423073858023,0.0034272209741175175
1,5,623,2021-03-26,34035,0.0018443641,0.0017698430456221104,0.99,5.245710417511873e-05,0.001650576014071703,0.0018461745930835605
1,5,633,2021-03-26,36043,0.008156434,0.008055124431848526,0.925,4.739719588542357e-05,0.008013132959604263,0.008180668577551842
1,5,638,2021-03-26,36063,0.004729098,0.004717682953923941,0.535,0.00013702620344702154,0.004632989410310984,0.005080920644104481
1,5,639,2021-03-26,36071,0.0017983579,0.001912152161821723,0.175,9.59660392254591e-05,0.0017435200279578567,0.002058754675090313
1,5,640,2021-03-26,36073,0.0066300053,0.006584444083273411,0.62,0.00014197239943314344,0.006457565352320671,0.006949842907488346
1,5,644,2021-03-26,36095,0.012016889,0.01137688010931015,0.78,0.0007444934453815222,0.010216969065368176,0.012723421677947044
1,5,652,2021-03-26,37053,0.0015140069,0.0015147889498621225,0.18,8.303388199237816e-07,0.001513725146651268,0.0015166673110798001
1,5,654,2021-03-26,37081,0.0008752986,0.0008796346373856068,0.175,6.485693575086771e-06,0.0008729977998882532,0.0008970842463895679
1,5,659,2021-03-26,37151,0.0015513832,0.0015487235505133867,0.58,1.3381904864218086e-05,0.001538424869067967,0.0015858277911320329
1,5,661,2021-03-26,39003,0.0064772177,0.006493929773569107,0.17,5.103783405502327e-05,0.006458787713199854,0.006635704077780247
1,5,662,2021-03-26,39011,0.005903617,0.005926113110035658,0.055,4.077097401022911e-05,0.005896759685128927,0.00603888276964426
1,5,668,2021-03-26,39027,0.021556493,0.02157558500766754,0.19,2.2637364963884465e-05,0.02150840498507023,0.021626004949212074
1,5,669,2021-03-26,39029,0.0060742777,0.006101518869400024,0.125,2.835526356648188e-05,0.00605502724647522,0.006168109364807606
1,5,672,2021-03-26,39035,0.005953839,0.006050052121281624,0.27,0.00012638921907637268,0.005714518949389458,0.006323886103928089
1,5,676,2021-03-26,39049,0.0043674875,0.0043982407078146935,0.235,3.855042814393528e-05,0.0042841508984565735,0.004465365782380104
1,5,678,2021-03-26,39057,0.006789846,0.006804746109992266,0.3,2.654411582625471e-05,0.006750920321792364,0.006871683523058891
1,5,694,2021-03-26,39113,0.001733703,0.0017354621086269617,0.365,7.841181286494248e-06,0.0017300983890891075,0.001757770194672048
1,5,699,2021-03-26,39149,0.013659478,0.013656769879162312,0.575,2.1179159375606105e-05,0.013597935438156128,0.01366836205124855
1,5,709,2021-03-26,41017,0.011145344,0.011171948164701462,0.16,1.9666485968627967e-05,0.011122358031570911,0.011200321838259697
1,5,714,2021-03-26,41037,0.0004489489,0.00044762197649106383,0.75,2.489789494575234e-06,0.00044206634629517794,0.00045147660421207547
1,5,722,2021-03-26,42021,0.011937142,0.01179407350718975,0.685,0.0002497004170436412,0.011342735029757023,0.0123342489823699
1,5,723,2021-03-26,42029,0.0026461629,0.0026234351098537445,0.7,3.3784373954404145e-05,0.002533279126510024,0.002670224290341139
1,5,729,2021-03-26,42069,0.0056907176,0.004931495524942875,0.86,0.0005696454900316894,0.004126866348087788,0.006147813983261585
1,5,730,2021-03-26,42071,0.0018919401,0.001867417013272643,0.595,5.580093784374185e-05,0.001738342922180891,0.0019376010168343782
1,5,731,2021-03-26,42073,0.024472866,0.02455182746052742,0.1,8.83892280398868e-05,0.024427451193332672,0.02476734109222889
1,5,743,2021-03-26,45037,0.0016998209,0.0016972918529063463,0.765,2.6362092739873333e-06,0.0016944481758400798,0.0017041567480191588
1,5,747,2021-03-26,45071,0.0010006585,0.0009992045816034079,0.77,1.3243123930806178e-06,0.000997831579297781,0.0010028138058260083
1,5,751,2021-03-26,46007,0.00080593117,0.0007916803006082773,0.795,1.0989416296069976e-05,0.0007819621823728085,0.0008164392784237862
1,5,753,2021-03-26,46017,0.0011847728,0.0011756280437111855,0.775,1.2060720109730028e-05,0.0011509370524436235,0.0012021663133054972
1,5,758,2021-03-26,46031,0.0042206813,0.004229468293488026,0.27,1.556109964440111e-05,0.004204185213893652,0.004292695317417383
1,5,760,2021-03-26,46037,0.0010538569,0.0010647792369127274,0.145,7.671806997677777e-06,0.0010427942033857107,0.0010847235098481178
1,5,767,2021-03-26,46055,0.0019583763,0.001953848171979189,0.655,9.55565155891236e-06,0.0019404327031224966,0.001972644589841366
1,5,768,2021-03-26,46057,0.00089086633,0.0008874669438228011,0.765,7.337688202824211e-06,0.0008740857010707259,0.0009091740939766169
1,5,773,2021-03-26,46071,0.0008772567,0.0008766024839133024,0.635,7.30513875168981e-06,0.0008651898824609816,0.00089285708963871
1,5,790,2021-03-26,46123,0.000761161,0.0007564252009615302,0.7,1.2315710591792595e-05,0.0007406301447190344,0.000788449717219919
1,5,791,2021-03-26,46129,0.0025694182,0.002573409117758274,0.265,1.0336934792576358e-05,0.002555282786488533,0.0026125016156584024
1,5,807,2021-03-26,47149,0.007623604,0.007624045014381409,0.415,3.0547964797733584e-06,0.007622579578310251,0.007632467895746231
1,5,808,2021-03-26,47155,0.0039144414,0.0038832915015518665,0.855,1.958573193405755e-05,0.0038624980952590704,0.003937697038054466
1,5,810,2021-03-26,47163,0.0038686104,0.003870928892865777,0.39,1.2772340596711729e-05,0.0038590258918702602,0.0039088851772248745
1,5,811,2021-03-26,47181,0.006521063,0.0065207649022340775,0.735,3.181568501986476e-07,0.006520593073219061,0.006521714385598898
1,5,812,2021-03-26,47189,0.0074918224,0.007491959258913994,0.475,4.140488726989133e-06,0.0074906726367771626,0.007504028268158436
1,5,820,2021-03-26,49047,0.0033142443,0.0033150191884487867,0.255,9.424627478438197e-07,0.0033117784187197685,0.003315739566460252
1,5,823,2021-03-26,51043,0.0037243618,0.003746426198631525,0.165,1.5377514500869438e-05,0.0037055935245007277,0.0037590169813483953
1,5,833,2021-03-26,53017,0.000941902,0.0009582688799127936,0.16,1.3875578588340431e-05,0.0009378260583616793,0.000982035300694406
1,5,837,2021-03-26,53063,0.0037416695,0.004582175984978676,0.11,0.0009883326711133122,0.0035352008417248726,0.007029551547020674
1,5,840,2021-03-26,53077,0.003485012,0.0035418253391981125,0.38,0.00010209235915681347,0.00341277034021914,0.0037703532725572586
1,5,844,2021-03-26,54057,0.0053745713,0.005336064845323563,0.545,0.00027158414013683796,0.004720695782452822,0.005679209716618061
1,5,847,2021-03-26,56001,0.0014028932,0.0018101519672200084,0.165,0.0004473700246307999,0.0013046693056821823,0.002915019169449806
1,5,850,2021-03-26,56007,0.0014087085,0.00169749918859452,0.19,0.0003442055021878332,0.0012914685066789389,0.002542755799368024
1,5,851,2021-03-26,56009,0.0014087418,0.001704889116808772,0.18,0.00037565987440757453,0.0013170769670978189,0.002628645161166787
1,5,867,2021-12-11,01083,0.0049232063,0.004895670339465141,0.64,4.550903759081848e-05,0.004856605548411608,0.005018753465265036
1,5,875,2021-12-11,04017,0.008037546,0.00801793672144413,0.965,2.831721394613851e-05,0.00793489906936884,0.008042505942285061
1,5,879,2021-12-11,05019,0.00594955,0.005961415357887745,0.21,1.0762821148091462e-05,0.00592922605574131,0.005968346260488033
1,5,884,2021-12-11,05047,0.002451787,0.002452334389090538,0.385,1.5573148175462848e-06,0.002450542524456978,0.0024558433797210455
1,5,894,2021-12-11,05119,0.0030436662,0.003044532611966133,0.13,2.649210273375502e-06,0.0030434662476181984,0.003053281456232071
1,5,896,2021-12-11,06003,0.019108942,0.018376419320702553,0.91,0.0003252726746723056,0.018358828499913216,0.01973450742661953
1,5,907,2021-12-11,06035,0.006402457,0.006433483678847551,0.18,2.6101561161340214e-05,0.0063567874021828175,0.006453624926507473
1,5,916,2021-12-11,06063,0.13164546,0.13217273354530334,0.17,0.0003458055725786835,0.13089805841445923,0.13228917121887207
1,5,920,2021-12-11,06073,0.0046130647,0.0046379417181015015,0.205,3.8191323255887255e-05,0.004603727720677853,0.004732676316052675
1,5,921,2021-12-11,06077,0.005807747,0.005808709189295769,0.06,1.5747584257042035e-05,0.005807679612189531,0.005886402912437916
1,5,923,2021-12-11,06089,0.009682819,0.009691473096609116,0.405,7.966224802657962e-05,0.00942166056483984,0.009709922596812248
1,5,926,2021-12-11,06095,0.0019582924,0.0019569057039916515,0.635,0.00018409760377835482,0.001950228470377624,0.0027620478067547083
1,5,928,2021-12-11,06099,0.0037870312,0.003789708949625492,0.085,1.5864869055803865e-05,0.00378680438734591,0.003844821359962225
1,5,931,2021-12-11,06107,0.0019348266,0.001926194061525166,0.71,2.201082679675892e-05,0.001863841200247407,0.0019407373620197177
1,5,944,2021-12-11,08021,0.06473571,0.06463572382926941,0.63,0.0004242492141202092,0.06318239122629166,0.06524354964494705
1,5,945,2021-12-11,08023,0.036528297,0.03668463975191116,0.115,0.00011110352352261543,0.036434609442949295,0.03707677870988846
1,5,947,2021-12-11,08031,0.011450173,0.011407644487917423,0.825,4.776812784257345e-05,0.011296549811959267,0.011463870294392109
1,5,956,2021-12-11,08063,0.008912918,0.008945628069341183,0.48,0.0013559914659708738,0.007408689707517624,0.011875404044985771
1,5,964,2021-12-11,08087,0.0013201623,0.0013180022360756993,0.65,9.235790457751136e-06,0.001299926545470953,0.00134797184728086
1,5,971,2021-12-11,08119,0.0873907,0.08842892199754715,0.07,0.0005861417739652097,0.08699651062488556,0.0894193947315216
1,5,973,2021-12-11,08123,0.0015920138,0.0015944537008181214,0.28,1.1599726349231787e-05,0.0015852106735110283,0.0016445607179775834
1,5,979,2021-12-11,16005,0.013751278,0.013710089959204197,0.785,5.202284955885261e-05,0.013596231117844582,0.01376946922391653
1,5,981,2021-12-11,16013,0.00088348816,0.0008853829931467772,0.2,4.686271950049559e-06,0.0008826354169286788,0.0008995115058496594
1,5,999,2021-12-11,17061,0.0027732917,0.003011418040841818,0.015,0.00042964587919414043,0.00277012144215405,0.004327835515141487
1,5,1004,2021-12-11,17083,0.0027769697,0.0028260676190257072,0.385,0.0001681292924331501,0.002672423841431737,0.0032799048349261284
1,5,1005,2021-12-11,17085,0.01430843,0.016760651022195816,0.005,0.010350117459893227,0.014284445904195309,0.04313007369637489
1,5,1010,2021-12-11,17101,0.0048358464,0.004708263091742992,0.805,0.00011209116200916469,0.004634357523173094,0.005036503542214632
1,5,1014,2021-12-11,17109,0.0051396266,0.009318254888057709,0.045,0.006657520774751902,0.004932355601340532,0.024588273838162422
1,5,1015,2021-12-11,17111,0.009634486,0.022526828572154045,0.025,0.01494135893881321,0.00941229984164238,0.05409755930304527
1,5,1016,2021-12-11,17115,0.0024823009,0.0027218270115554333,0.12,0.000313970900606364,0.002429272048175335,0.0035171869676560163
1,5,1019,2021-12-11,17129,0.0368766,0.03328905999660492,0.89,0.001554048270918429,0.03299608826637268,0.038460873067379
1,5,1031,2021-12-11,17197,0.0066943793,0.00919775664806366,0.09,0.007048079278320074,0.006363777909427881,0.030018175020813942
1,5,1035,2021-12-11,18009,0.008061467,0.009096596390008926,0.12,0.0012769375462085009,0.007906300947070122,0.012432239949703217
1,5,1036,2021-12-11,18013,0.041060153,0.041484534740448,0.24,0.000406669860240072,0.04048582538962364,0.04190200939774513
1,5,1040,2021-12-11,18023,0.008685675,0.009297309443354607,0.19,0.001033972715958953,0.008456901647150517,0.012168258428573608
1,5,1041,2021-12-11,18027,0.0076543787,0.007650590967386961,0.54,5.961375427432358e-05,0.007617886643856764,0.007825248874723911
1,5,1047,2021-12-11,18045,0.05128527,0.05141467973589897,0.405,0.0004176325164735317,0.05043652653694153,0.05183902382850647
1,5,1056,2021-12-11,18089,0.008409339,0.010809261351823807,0.04,0.003679754678159952,0.008174262940883636,0.021716807037591934
1,5,1061,2021-12-11,18105,0.010058629,0.010067040100693703,0.485,0.00044484136742539704,0.009104615077376366,0.010476780124008656
1,5,1066,2021-12-11,18121,0.004500091,0.004083425737917423,0.7,0.0006156471790745854,0.0037159675266593695,0.006041664630174637
1,5,1071,2021-12-11,18139,0.01148758,0.01164955087006092,0.44,0.0013049966655671597,0.010192539542913437,0.014755135402083397
1,5,1072,2021-12-11,18145,0.008906625,0.009436458349227905,0.24,0.0010427935048937798,0.008630083873867989,0.012159807607531548
1,5,1079,2021-12-11,18181,0.011442818,0.010572534054517746,0.635,0.0022616686765104532,0.008677879348397255,0.016319137066602707
1,5,1095,2021-12-11,19029,0.01911964,0.02784810960292816,0.005,0.009286480955779552,0.0189739428460598,0.04832395538687706
1,5,1097,2021-12-11,19033,0.065615654,0.061801619827747345,0.63,0.006385155487805605,0.052231620997190475,0.0701490119099617
1,5,1099,2021-12-11,19037,0.019845031,0.018115459010004997,0.525,0.013868547044694424,0.010969962924718857,0.05087200552225113
1,5,1100,2021-12-11,19039,0.011429258,0.016643540933728218,0.26,0.01072734035551548,0.00935983844101429,0.04307267814874649
1,5,1106,2021-12-11,19051,0.024325568,0.017136096954345703,0.64,0.011032111942768097,0.008449156768620014,0.04144679009914398
1,5,1113,2021-12-11,19065,0.017113611,0.02768358588218689,0.015,0.014330610632896423,0.01685035601258278,0.06153392791748047
1,5,1125,2021-12-11,19093,0.018523354,0.02218143455684185,0.175,0.01096282061189413,0.01724349893629551,0.051954835653305054
1,5,1130,2021-12-11,19105,0.021257762,0.02688601240515709,0.07,0.011333649046719074,0.0211639367043972,0.054510824382305145
1,5,1137,2021-12-11,19121,0.020884695,0.03166206181049347,0.025,0.012240014970302582,0.02054322324693203,0.06099556386470795
1,5,1143,2021-12-11,19135,0.01831204,0.019192004576325417,0.33,0.0065156868658959866,0.01728561893105507,0.03810528293251991
1,5,1144,2021-12-11,19137,0.016064603,0.021511796861886978,0.21,0.008438246324658394,0.014113503508269787,0.04116344451904297
1,5,1145,2021-12-11,19139,0.011119212,0.022855665534734726,0.055,0.013104836456477642,0.010290791280567646,0.051319848746061325
1,5,1153,2021-12-11,19155,0.012392732,0.01656976342201233,0.19,0.00731658237054944,0.01154730562120676,0.036662619560956955
1,5,1164,2021-12-11,19177,0.034216475,0.016699008643627167,0.79,0.011991895735263824,0.006161907687783241,0.04159622639417648
1,5,1168,2021-12-11,19187,0.030231033,0.029002632945775986,0.605,0.00376772484742105,0.022691678255796432,0.035314224660396576
1,5,1170,2021-12-11,19191,0.1478632,0.13255025446414948,0.97,0.015182380564510822,0.10058476030826569,0.14840489625930786
1,5,1171,2021-12-11,19193,0.010050413,0.011983240954577923,0.105,0.00915487390011549,0.009573861956596375,0.037942174822092056
1,5,1172,2021-12-11,19195,0.07557637,0.06518983095884323,0.82,0.016014907509088516,0.034750014543533325,0.07907037436962128
1,5,1175,2021-12-11,20003,0.01284927,0.012808330357074738,0.515,0.0006643293891102076,0.011744662187993526,0.014068693853914738
1,5,1177,2021-12-11,20007,0.016192261,0.019717276096343994,0.34,0.006245004944503307,0.01187174953520298,0.031845781952142715
1,5,1178,2021-12-11,20009,0.030294191,0.03023301437497139,0.51,0.006312613375484943,0.02111152373254299,0.04200552776455879
1,5,1187,2021-12-11,20039,0.033762116,0.033940427005290985,0.41,0.0006581521593034267,0.03228570148348808,0.03481800854206085
1,5,1196,2021-12-11,20063,0.025051108,0.0245214831084013,0.57,0.0021773953922092915,0.022861428558826447,0.03035392053425312
1,5,1206,2021-12-11,20089,0.036001377,0.0345894955098629,0.59,0.006391913630068302,0.02793258987367153,0.04935195669531822
1,5,1208,2021-12-11,20095,0.016323699,0.015750613063573837,0.555,0.0065160212107002735,0.008101040497422218,0.02933068759739399
1,5,1214,2021-12-11,20115,0.04539198,0.04652746021747589,0.46,0.008126551285386086,0.03294464200735092,0.05877169221639633
1,5,1218,2021-12-11,20125,0.0026214253,0.002777340356260538,0.29,0.0006311317556537688,0.0024664022494107485,0.004844474606215954
1,5,1223,2021-12-11,20135,0.033133667,0.03210490942001343,0.55,0.0038323148619383574,0.028386523947119713,0.04063168913125992
1,5,1231,2021-12-11,20155,0.015634721,0.019608568400144577,0.185,0.004001243505626917,0.015044490806758404,0.028096867725253105
1,5,1232,2021-12-11,20157,0.03343588,0.03362713009119034,0.495,0.006884554401040077,0.02465677075088024,0.04700722172856331
1,5,1233,2021-12-11,20159,0.012424424,0.01417469047009945,0.14,0.00211177091114223,0.012201869860291481,0.019028518348932266
1,5,1234,2021-12-11,20161,0.019101642,0.021596312522888184,0.385,0.006183937657624483,0.01432659663259983,0.033359602093696594
1,5,1235,2021-12-11,20163,0.046488527,0.046611569821834564,0.47,0.0010955993784591556,0.04446905478835106,0.04788139462471008
1,5,1248,2021-12-11,20195,0.043931395,0.04377279430627823,0.525,0.0013082087971270084,0.04199209436774254,0.0459764301776886
1,5,1263,2021-12-11,21047,0.053299904,0.0532907173037529,0.62,4.7646684834035113e-05,0.053145211189985275,0.05331374332308769
1,5,1269,2021-12-11,21093,0.004672368,0.004701790399849415,0.36,0.00012876756954938173,0.004648995120078325,0.005120751913636923
1,5,1272,2021-12-11,21107,0.20664907,0.20665842294692993,0.43,5.828894427395426e-05,0.20650456845760345,0.20669767260551453
1,5,1277,2021-12-11,21141,0.048168804,0.04816228151321411,0.615,2.687205960683059e-05,0.04808686673641205,0.04818018153309822
1,5,1278,2021-12-11,21143,0.034487408,0.034492235630750656,0.425,2.123249760188628e-05,0.03443026542663574,0.03450579568743706
1,5,1282,2021-12-11,21155,0.01535749,0.01535903662443161,0.455,2.205879172834102e-05,0.015298714861273766,0.015370856039226055
1,5,1286,2021-12-11,21175,0.006455428,0.0062980372458696365,0.67,0.00029178327531553805,0.0060792360454797745,0.0071078198961913586
1,5,1289,2021-12-11,21195,0.0057062125,0.005743297748267651,0.33,0.00019475381122902036,0.005668673664331436,0.006349135190248489
1,5,1291,2021-12-11,21199,0.012568835,0.012432260438799858,0.74,0.0002665359352249652,0.011768113821744919,0.012660618871450424
1,5,1292,2021-12-11,21203,0.005963708,0.005833159200847149,0.715,0.00017927335284184664,0.0057043833658099174,0.0063656908459961414
1,5,1297,2021-12-11,21217,0.008935894,0.008943004533648491,0.315,1.6084022718132474e-05,0.008926961570978165,0.00898559857159853
1,5,1302,2021-12-11,21239,0.008335594,0.008335568010807037,0.5,4.765197809319943e-05,0.008297105319797993,0.008455921895802021
1,5,1317,2021-12-11,26007,0.031138135,0.01490619033575058,0.96,0.005873049609363079,0.013419298455119133,0.031739622354507446
1,5,1322,2021-12-11,26023,0.008806563,0.010693512856960297,0.03,0.0013299533165991306,0.008697095327079296,0.013026107102632523
1,5,1329,2021-12-11,26041,0.04388074,0.013328000903129578,0.905,0.01208479329943657,0.010857569053769112,0.04840916022658348
1,5,1331,2021-12-11,26047,0.042476967,0.022113598883152008,0.985,0.008416261523962021,0.018172457814216614,0.04256946220993996
1,5,1339,2021-12-11,26069,0.07594071,0.09849807620048523,0.06,0.010325247421860695,0.07429759949445724,0.10838668048381805
1,5,1340,2021-12-11,26071,0.043408416,0.08348600566387177,0.025,0.01767105795443058,0.04289915785193443,0.0975809171795845
1,5,1357,2021-12-11,26111,0.053215228,0.05555414408445358,0.06,0.001606231089681387,0.05272119492292404,0.05825218930840492
1,5,1364,2021-12-11,26127,0.03516882,0.019628413021564484,0.98,0.0059908172115683556,0.014073560945689678,0.03564814478158951
1,5,1365,2021-12-11,26129,0.16809505,0.1858328878879547,0.225,0.014022039249539375,0.15680214762687683,0.2014307677745819
1,5,1366,2021-12-11,26135,0.14018957,0.16126419603824615,0.055,0.013368893414735794,0.13939687609672546,0.1815154105424881
1,5,1367,2021-12-11,26137,0.018164221,0.020476989448070526,0.4,0.006798822898417711,0.012975035235285759,0.03651157021522522
1,5,1369,2021-12-11,26141,0.019620119,0.03169530630111694,0.045,0.0056489077396690845,0.019291868433356285,0.035287320613861084
1,5,1375,2021-12-11,26155,0.0061489255,0.00801246426999569,0.335,0.005180047824978828,0.00518793286755681,0.02255437895655632
1,5,1379,2021-12-11,26163,0.03021075,0.02664090320467949,0.93,0.003998832311481237,0.01849203184247017,0.03064875118434429
1,5,1384,2021-12-11,27023,0.0043142615,0.0040621948428452015,0.89,0.00013089839194435626,0.003952227998524904,0.004434817936271429
1,5,1391,2021-12-11,27047,0.017618308,0.02039768546819687,0.415,0.017970839515328407,0.011875378899276257,0.0692686140537262
1,5,1392,2021-12-11,27049,0.0059057283,0.00823671743273735,0.185,0.01375364139676094,0.005599907599389553,0.05208044499158859
1,5,1397,2021-12-11,27079,0.013442618,0.015724193304777145,0.12,0.012380625121295452,0.013038070872426033,0.051869675517082214
1,5,1402,2021-12-11,27099,0.02001356,0.02981727570295334,0.13,0.018133195117115974,0.017095835879445076,0.07282575964927673
1,5,1407,2021-12-11,27117,0.004459184,0.004573901183903217,0.055,0.00038738350849598646,0.004449805244803429,0.00587677676230669
1,5,1410,2021-12-11,27129,0.005799511,0.007315414492040873,0.245,0.004435325972735882,0.005281733814626932,0.02086210437119007
1,5,1418,2021-12-11,27157,0.02669864,0.024622198194265366,0.81,0.0034564845263957977,0.018934154883027077,0.033039823174476624
1,5,1422,2021-12-11,27171,0.007082488,0.008217659778892994,0.135,0.0032874790485948324,0.0067788162268698215,0.018827805295586586
1,5,1425,2021-12-11,29003,0.06476608,0.060249801725149155,0.67,0.008401029743254185,0.04704049974679947,0.07491818815469742
1,5,1435,2021-12-11,29037,0.010599086,0.012883657589554787,0.3,0.005389396101236343,0.007656518369913101,0.027551013976335526
1,5,1443,2021-12-11,29067,0.0022863292,0.0022865356877446175,0.47,8.176608389476314e-06,0.002280314452946186,0.002312092576175928
1,5,1444,2021-12-11,29069,0.0039598374,0.003959805704653263,0.51,1.6202433471335098e-05,0.003951256163418293,0.004012607038021088
1,5,1447,2021-12-11,29075,0.027225588,0.02827911265194416,0.345,0.0023640189319849014,0.026018155738711357,0.03419879451394081
1,5,1452,2021-12-11,29095,0.003407851,0.0052468059584498405,0.185,0.006019714754074812,0.0032904825638979673,0.023646343499422073
1,5,1455,2021-12-11,29111,0.022701208,0.007013362366706133,0.925,0.006836778949946165,0.002926597837358713,0.02503221482038498
1,5,1456,2021-12-11,29113,0.014453265,0.014462588354945183,0.375,6.553337152581662e-05,0.014436757192015648,0.014689728617668152
1,5,1462,2021-12-11,29131,0.011199247,0.01119781844317913,0.59,7.973997526278254e-06,0.011194010265171528,0.01122260745614767
1,5,1468,2021-12-11,29159,0.010120588,0.0089143430814147,0.57,0.004885213449597359,0.004647408612072468,0.01953861303627491
1,5,1480,2021-12-11,29201,0.0027279328,0.0027462549041956663,0.05,2.1290748918545432e-05,0.0027261809445917606,0.002805666532367468
1,5,1482,2021-12-11,29211,0.015940834,0.01720820739865303,0.19,0.005462401546537876,0.015696000307798386,0.03356632962822914
1,5,1488,2021-12-11,30037,0.0014214364,0.0014208430657163262,0.615,1.8809220136972726e-06,0.0014178272103890777,0.0014241033932194114
1,5,1489,2021-12-11,30067,0.0009425349,0.000945099804084748,0.455,1.922748015203979e-05,0.0009085779311135411,0.0009822348365560174
1,5,1501,2021-12-11,35006,0.002947816,0.0029239519499242306,0.665,0.0001005308804451488,0.002844026777893305,0.0033771246671676636
1,5,1502,2021-12-11,35009,0.0024444226,0.0024815972428768873,0.145,4.2477335227886215e-05,0.002416773699223995,0.0025955301243811846
1,5,1505,2021-12-11,35019,0.005578242,0.005724508315324783,0.135,9.893225796986371e-05,0.00551262591034174,0.005895243026316166
1,5,1511,2021-12-11,35039,0.20831242,0.20823785662651062,0.635,0.0008325806702487171,0.2041362226009369,0.20901936292648315
1,5,1518,2021-12-11,35059,0.006635139,0.0069123730063438416,0.08,0.0001904062955873087,0.006541930604726076,0.007271858397871256
1,5,1530,2021-12-11,36033,0.02974454,0.033531591296195984,0.045,0.002800500253215432,0.029475977644324303,0.039122626185417175
1,5,1533,2021-12-11,36039,0.0042962763,0.003795384429395199,0.96,0.00017305268556810915,0.0037344496231526136,0.0044188108295202255
1,5,1535,2021-12-11,36043,0.012804028,0.013662411831319332,0.18,0.0009104439523071051,0.012505485676229,0.015336279757320881
1,5,1538,2021-12-11,36051,0.021739095,0.012142512015998363,0.945,0.003879379481077194,0.010442202910780907,0.022914692759513855
1,5,1543,2021-12-11,36063,0.038431313,0.038175247609615326,0.525,0.004953029565513134,0.026643959805369377,0.0435757152736187
1,5,1547,2021-12-11,36073,0.08626484,0.08714987337589264,0.46,0.005944437347352505,0.07477691769599915,0.09483170509338379
1,5,1551,2021-12-11,36091,0.011789733,0.01207038201391697,0.26,0.0002903869026340544,0.011309458874166012,0.012285961769521236
1,5,1552,2021-12-11,36093,0.0018988075,0.0018070237711071968,0.595,0.00037515637814067304,0.00154683250002563,0.002820422174409032
1,5,1553,2021-12-11,36095,0.009488318,0.0094839446246624,0.51,0.00013391586253419518,0.009323161095380783,0.00975118950009346
1,5,1566,2021-12-11,37081,0.00071203674,0.0007279569399543107,0.275,3.0341907404363155e-05,0.0007011942216195166,0.0008116519311442971
1,5,1567,2021-12-11,37151,0.000957106,0.0009537222795188427,0.655,8.425319720117841e-06,0.0009473670506849885,0.0009757486986927688
1,5,1570,2021-12-11,39003,0.014158198,0.017201460897922516,0.115,0.0030995416454970837,0.013609936460852623,0.02463870868086815
1,5,1571,2021-12-11,39007,0.05144475,0.05327633023262024,0.195,0.0013204351998865604,0.05009583756327629,0.05449087917804718
1,5,1574,2021-12-11,39035,0.008992463,0.008954549208283424,0.515,0.0011381254298612475,0.007799352519214153,0.011864383704960346
1,5,1577,2021-12-11,39043,0.014231146,0.016373854130506516,0.285,0.003353545907884836,0.01260426826775074,0.024082928895950317
1,5,1579,2021-12-11,39049,0.009026965,0.009133147075772285,0.425,0.0007634362555108964,0.008595283143222332,0.011234202422201633
1,5,1591,2021-12-11,39113,0.009891536,0.01017639972269535,0.345,0.0006516344146803021,0.009441019035875797,0.011781767010688782
1,5,1603,2021-12-11,39171,0.0114660235,0.010869042947888374,0.575,0.0035310930106788874,0.008566283620893955,0.020446885377168655
1,5,1614,2021-12-11,40093,0.006760476,0.007492393720895052,0.295,0.0019864821806550026,0.006344739813357592,0.013418866321444511
1,5,1618,2021-12-11,40153,0.009136482,0.011549914255738258,0.165,0.0030622754711657763,0.00785780418664217,0.018522093072533607
1,5,1622,2021-12-11,41037,0.0030626145,0.002213810570538044,0.85,0.0005496400408446789,0.0018976860446855426,0.0038386161904782057
1,5,1624,2021-12-11,42019,0.0051350053,0.005242509767413139,0.25,0.0005506747984327376,0.005054163746535778,0.007249361369758844
1,5,1627,2021-12-11,42121,0.016893523,0.01874110847711563,0.105,0.0009491832461208105,0.01653912290930748,0.01973218098282814
1,5,1634,2021-12-11,46005,0.001283263,0.0012148725800216198,0.94,3.044491313630715e-05,0.001187085872516036,0.001293157460168004
1,5,1635,2021-12-11,46007,0.0011121485,0.001096674706786871,0.805,1.2674207937379833e-05,0.0010864012874662876,0.001129340147599578
1,5,1640,2021-12-11,46017,0.0008183606,0.0008096869569271803,0.725,9.289880836149678e-06,0.0008011627360247076,0.0008339261985383928
1,5,1643,2021-12-11,46027,0.014731555,0.011207387782633305,0.68,0.004730878863483667,0.00925489142537117,0.025384724140167236
1,5,1647,2021-12-11,46037,0.0010489427,0.001080589136108756,0.425,0.00020227332424838096,0.0009194932063110173,0.0016232572961598635
1,5,1650,2021-12-11,46043,0.0024543363,0.0024661815259605646,0.185,2.8722042770823464e-05,0.0024498524144291878,0.0025487453676760197
1,5,1656,2021-12-11,46055,0.0007498017,0.000734982721041888,0.825,1.3179552297515329e-05,0.0007149465964175761,0.0007616855436936021
1,5,1657,2021-12-11,46057,0.0010512763,0.0010864220093935728,0.215,7.050022395560518e-05,0.0010371532989665866,0.0012811780907213688
1,5,1664,2021-12-11,46071,0.0011127427,0.0010997264180332422,0.66,1.9141141820000485e-05,0.0010758971329778433,0.0011465606512501836
1,5,1688,2021-12-11,46123,0.0011449871,0.0010701385326683521,0.77,8.491421613143757e-05,0.0010407805675640702,0.001336510293185711
1,5,1689,2021-12-11,46125,0.010287332,0.006183872930705547,0.905,0.001614989130757749,0.005585012957453728,0.011242425069212914
1,5,1696,2021-12-11,47027,0.03883606,0.03957312926650047,0.185,0.000518468557856977,0.03820379823446274,0.0399513803422451
1,5,1711,2021-12-11,47089,0.0018106237,0.0018980692839249969,0.345,0.0003518261364661157,0.0016978805651888251,0.0028920485638082027
1,5,1718,2021-12-11,47123,0.006675968,0.0066736964508891106,0.505,0.00039484273293055594,0.005693025887012482,0.007040565367788076
1,5,1719,2021-12-11,47125,0.0053743767,0.005379088222980499,0.025,8.770467502472457e-06,0.005374160595238209,0.005404327996075153
1,5,1724,2021-12-11,47139,0.011226397,0.011621147394180298,0.185,0.00037488515954464674,0.010708736255764961,0.01207675039768219
1,5,1725,2021-12-11,47149,0.0069079176,0.007008226588368416,0.445,0.0004644000728148967,0.00652423407882452,0.008171402849256992
1,5,1727,2021-12-11,47155,0.0042706635,0.004502380732446909,0.19,0.00016445826622657478,0.004131664056330919,0.004692330025136471
1,5,1729,2021-12-11,47159,0.004415184,0.004467654973268509,0.33,0.00014885987911839038,0.004354965873062611,0.004953381139785051
1,5,1733,2021-12-11,47189,0.009487198,0.00951390340924263,0.485,0.0003481243038550019,0.00861305370926857,0.00989901926368475
1,5,1741,2021-12-11,48179,0.004429148,0.004734039306640625,0.305,0.0005981189897283912,0.003989771474152803,0.0061698067001998425
1,5,1743,2021-12-11,48205,0.014420728,0.014417510479688644,0.505,0.0001542558311484754,0.014138919301331043,0.014699939638376236
1,5,1745,2021-12-11,48233,0.0063203434,0.006294498220086098,0.52,0.0003500940802041441,0.0058249905705451965,0.0070196897722780704
1,5,1746,2021-12-11,48315,0.002671184,0.002673695795238018,0.105,1.350469119643094e-06,0.002670565852895379,0.0026752904523164034
1,5,1748,2021-12-11,48357,0.0062745367,0.006600955966860056,0.37,0.0005822142702527344,0.00580463046208024,0.007851342670619488
1,5,1757,2021-12-11,49003,0.007576677,0.0075600119307637215,0.835,2.493348983989563e-05,0.007490856572985649,0.0075802612118422985
1,5,1760,2021-12-11,49023,0.0009062136,0.000928997527807951,0.06,1.8286353224539198e-05,0.0009035297553054988,0.0009673236636444926
1,5,1773,2021-12-11,50015,0.01703389,0.012354396283626556,0.975,0.002213235478848219,0.00967719592154026,0.017582345753908157
1,5,1778,2021-12-11,50025,0.010974572,0.01136823557317257,0.03,0.0002020362444454804,0.010966375470161438,0.011676866561174393
1,5,1783,2021-12-11,51197,0.0077161053,0.0077619608491659164,0.15,9.645644604461268e-05,0.007706173229962587,0.00803684163838625
1,5,1792,2021-12-11,54093,0.024007061,0.024739686399698257,0.16,0.0004803927440661937,0.02363392524421215,0.025228876620531082
1,5,1793,2021-12-11,55001,0.024854032,0.02299252338707447,0.55,0.014835216104984283,0.01335448119789362,0.06039734184741974
1,5,1795,2021-12-11,55015,0.019875655,0.019214779138565063,0.535,0.015577804297208786,0.012932414188981056,0.061621639877557755
1,5,1797,2021-12-11,55019,0.01919005,0.033804066479206085,0.305,0.011687876656651497,0.011587538756430149,0.043196458369493484
1,5,1802,2021-12-11,55029,0.065200835,0.03726574778556824,0.93,0.015970546752214432,0.01794462837278843,0.06812916696071625
1,5,1811,2021-12-11,55055,0.008114965,0.013305358588695526,0.145,0.00994973536580801,0.007479498628526926,0.03821064159274101
1,5,1829,2021-12-11,55101,0.009149531,0.0203754510730505,0.06,0.014081350527703762,0.008634772151708603,0.04973737150430679
1,5,1834,2021-12-11,55121,0.02971803,0.02645247057080269,0.82,0.006749334279447794,0.010575833730399609,0.030960895121097565
1,5,1837,2021-12-11,55127,0.0062319096,0.013862832449376583,0.06,0.014749513007700443,0.005798114463686943,0.05027640238404274
1,5,1838,2021-12-11,55131,0.023337696,0.02079164981842041,0.67,0.0062351468950510025,0.010914251208305359,0.0329684317111969
1,5,1843,2021-12-11,56001,0.0035981564,0.003212173469364643,0.835,0.00032315979478880763,0.0027595392893999815,0.004315901547670364
1,5,1845,2021-12-11,56007,0.0005876121,0.0006058879662305117,0.145,1.6492685972480103e-05,0.0005846021231263876,0.000639077159576118
1,5,1846,2021-12-11,56009,0.009077967,0.009015407413244247,0.71,0.00010739173012552783,0.008809179067611694,0.009332507848739624
1,5,1854,2021-12-11,56041,0.0016421253,0.0016478809993714094,0.145,8.982871804619208e-06,0.0016410228563472629,0.0016707413597032428
1,5,1863,2022-06-08,01099,0.0051286086,0.005128473974764347,0.9,8.272841256484753e-08,0.005128353368490934,0.005128641612827778
1,5,1864,2022-06-08,01103,0.0017953665,0.0017952925991266966,0.565,2.753931482857297e-07,0.0017951186746358871,0.0017960021505132318
1,5,1865,2022-06-08,01129,0.0016248405,0.0016237046802416444,0.99,5.753759637627809e-07,0.0016226826701313257,0.0016248546307906508
1,5,1867,2022-06-08,05019,0.009052079,0.009052146226167679,0.325,1.0986217802155807e-07,0.009051907807588577,0.009052330628037453
1,5,1868,2022-06-08,05041,0.07346245,0.07346281409263611,0.355,7.971424906827451e-07,0.07346105575561523,0.07346390932798386
1,5,1874,2022-06-08,06003,0.0027389592,0.00273871049284935,0.505,3.365886368555948e-05,0.0026841359212994576,0.0028189646545797586
1,5,1877,2022-06-08,06035,0.0013611177,0.0013471492566168308,0.71,1.766926288837567e-05,0.001328592887148261,0.0013916336465626955
1,5,1881,2022-06-08,06063,0.0049478323,0.00493575306609273,0.795,1.2468730346881784e-05,0.0049248202703893185,0.004969612695276737
1,5,1883,2022-06-08,06107,0.0011503157,0.0011503142304718494,0.675,6.328401802591088e-09,0.0011503000278025866,0.0011503248242661357
1,5,1885,2022-06-08,08031,0.0026386802,0.002638857811689377,0.095,1.9842978815631795e-07,0.002638636389747262,0.0026393209118396044
1,5,1887,2022-06-08,08063,0.0020235905,0.002023620530962944,0.48,6.510594516839774e-07,0.0020229320507496595,0.0020251187961548567
1,5,1889,2022-06-08,08099,0.0012446536,0.0012455647811293602,0.43,5.357597729016561e-06,0.0012384875444695354,0.0012562662595883012
1,5,1893,2022-06-08,12019,0.003498254,0.0034962899517267942,0.93,8.667336715006968e-07,0.0034954913426190615,0.003498538862913847
1,5,1900,2022-06-08,13051,0.003550575,0.003550747875124216,0.48,2.011290234804619e-06,0.003548297332599759,0.003555425675585866
1,5,1911,2022-06-08,17109,0.0037559604,0.0037568388506770134,0.02,1.0756275514722802e-06,0.0037558958865702152,0.003759560640901327
1,5,1912,2022-06-08,17111,0.0025089416,0.002509956480935216,0.01,7.826761247997638e-07,0.002508913865312934,0.002511395141482353
1,5,1916,2022-06-08,18013,0.007338185,0.007338200230151415,0.31,3.189278530157935e-08,0.007338127586990595,0.007338282186537981
1,5,1921,2022-06-08,18079,0.004553617,0.0045536234974861145,0.47,1.674447247523858e-07,0.0045533557422459126,0.004554046783596277
1,5,1924,2022-06-08,18139,0.0028116277,0.002812661463394761,0.015,4.2109201103812666e-07,0.002811538288369775,0.0028135955799371004
1,5,1927,2022-06-08,19039,0.0058652638,0.005890161730349064,0.035,6.18080812273547e-05,0.0058632767759263515,0.006057738792151213
1,5,1930,2022-06-08,19155,0.0034315328,0.0034325658343732357,0.085,3.533284143486526e-06,0.0034313732758164406,0.003443196415901184
1,5,1940,2022-06-08,22033,0.007720015,0.007720216177403927,0.29,5.440874701889697e-07,0.007719690911471844,0.007721531204879284
1,5,1946,2022-06-08,24003,0.0010696648,0.0010718361008912325,0.255,3.5890986964659533e-06,0.0010666422313079238,0.0010801305761560798
1,5,1962,2022-06-08,28035,0.011321367,0.011321352794766426,0.59,9.448931592714871e-08,0.011321133002638817,0.01132158376276493
1,5,1964,2022-06-08,28051,0.013901923,0.013902784325182438,0.055,7.461209747816611e-07,0.013901826925575733,0.013904456980526447
1,5,1966,2022-06-08,28061,0.0009861126,0.0009854144882410765,0.985,4.814803560293512e-07,0.0009844728047028184,0.0009861274156719446
1,5,1971,2022-06-08,28121,0.002859617,0.002859535627067089,0.63,1.6154534421275457e-07,0.00285919988527894,0.0028598648495972157
1,5,1978,2022-06-08,28163,0.00251636,0.002516448963433504,0.405,3.8362216514542524e-07,0.0025158864445984364,0.0025172829627990723
1,5,1989,2022-06-08,29095,0.015987936,0.01598997414112091,0.01,7.283238687705307e-07,0.015987901017069817,0.015990860760211945
1,5,1993,2022-06-08,29131,0.009107704,0.009107636287808418,0.66,1.688784294628931e-07,0.009107508696615696,0.00910812709480524
1,5,1995,2022-06-08,29159,0.0066451733,0.006645187735557556,0.46,4.976426453140448e-07,0.00664495537057519,0.0066465395502746105
1,5,1999,2022-06-08,29221,0.0075370627,0.007536664605140686,0.795,3.939621535664628e-07,0.007535959128290415,0.007537393365055323
1,5,2004,2022-06-08,32001,0.0005649774,0.0005666781216859818,0.195,1.5726099036328378e-06,0.0005643752519972622,0.0005697536398656666
1,5,2013,2022-06-08,32031,0.0021261387,0.002127411775290966,0.155,1.266939648303378e-06,0.0021257924381643534,0.002130592940375209
1,5,2017,2022-06-08,34015,0.0012347715,0.0012333273189142346,0.6,8.811727639113087e-06,0.0012207541149109602,0.0012513648252934217
1,5,2018,2022-06-08,34025,0.0017376555,0.0017565875314176083,0.085,1.967392563528847e-05,0.0017337810713797808,0.0018012926448136568
1,5,2029,2022-06-08,35059,0.0020331524,0.002035018987953663,0.12,1.7551847122376785e-06,0.0020325430668890476,0.002038499340415001
1,5,2035,2022-06-08,37053,0.0010696709,0.0010702051222324371,0.45,3.1192844289762434e-06,0.0010669592302292585,0.0010774610564112663
1,5,2037,2022-06-08,37085,0.0019596424,0.0019591585732996464,0.68,8.44048827275401e-07,0.0019583876710385084,0.0019612389151006937
1,5,2041,2022-06-08,37131,0.0054947366,0.005495022051036358,0.075,1.5323360003094422e-07,0.005494642537087202,0.005495208315551281
1,5,2045,2022-06-08,37151,0.00066366885,0.0006634765886701643,0.63,4.6084460336714983e-07,0.0006628528935834765,0.0006644295062869787
1,5,2056,2022-06-08,39027,0.0071521723,0.0071520209312438965,0.78,1.6834195548653952e-07,0.007151643745601177,0.007152408827096224
1,5,2057,2022-06-08,39029,0.0038960867,0.0038963542319834232,0.365,6.175203566272103e-07,0.0038946319837123156,0.0038970005698502064
1,5,2059,2022-06-08,39041,0.001809763,0.0018101364839822054,0.19,5.435933871922316e-07,0.001809178851544857,0.0018114076228812337
1,5,2062,2022-06-08,39057,0.00468981,0.00468895910307765,0.905,4.56247590818748e-07,0.004688418935984373,0.004690094385296106
1,5,2073,2022-06-08,39113,0.0032547356,0.0032542208209633827,0.655,7.706335622970073e-07,0.0032533183693885803,0.003256062278524041
1,5,2078,2022-06-08,39145,0.0053017256,0.005301644094288349,0.88,7.531733103860461e-08,0.005301484372466803,0.005301816388964653
1,5,2082,2022-06-08,39167,0.003723022,0.003722796682268381,0.565,9.586412943463074e-07,0.0037204413674771786,0.0037241820245981216
1,5,2087,2022-06-08,40051,0.017217271,0.017218055203557014,0.18,6.894418902447796e-07,0.01721641980111599,0.017219113186001778
1,5,2103,2022-06-08,40143,0.004526552,0.004527359269559383,0.005,9.929512998496648e-07,0.004526523873209953,0.004529834259301424
1,5,2104,2022-06-08,40149,0.016255222,0.016255170106887817,0.81,5.633123478787638e-08,0.016255060210824013,0.01625528372824192
1,5,2108,2022-06-08,42059,0.005837635,0.0058374726213514805,0.53,1.8539692518970696e-06,0.00583348423242569,0.00584017438814044
1,5,2114,2022-06-08,45073,0.0012594368,0.001259412383660674,0.535,1.6688399284703337e-07,0.0012591952690854669,0.0012597747845575213
1,5,2122,2022-06-08,46031,0.0036598279,0.0036598844453692436,0.48,5.162768843547383e-07,0.0036593955010175705,0.003661254420876503
1,5,2125,2022-06-08,46037,0.0010407342,0.0010415941942483187,0.295,2.3352010884991614e-06,0.00103938567917794,0.0010496621252968907
1,5,2129,2022-06-08,46055,0.16155481,0.1615591049194336,0.22,3.3324149626423605e-06,0.16154982149600983,0.1615608185529709
1,5,2134,2022-06-08,46071,0.093857564,0.09385975450277328,0.235,2.5947103949874872e-06,0.09385257959365845,0.0938614085316658
1,5,2150,2022-06-08,46129,0.00087829505,0.0008779632626101375,0.595,1.3088152854834334e-06,0.0008769107516855001,0.0008819297654554248
1,5,2156,2022-06-08,48075,0.0027123732,0.0027126530185341835,0.265,3.2853432685442385e-07,0.002712124027311802,0.0027133591938763857
1,5,2158,2022-06-08,48101,0.011077322,0.011077137663960457,0.925,1.5434372357958637e-07,0.011076829396188259,0.01107738446444273
1,5,2165,2022-06-08,48179,0.0036708568,0.0036708787083625793,0.3,1.356269763164164e-07,0.0036707452964037657,0.003671260317787528
1,5,2167,2022-06-08,48191,0.006796898,0.006796763278543949,0.73,1.702757543853295e-07,0.006796413566917181,0.00679708132520318
1,5,2169,2022-06-08,48205,0.0033463351,0.00334703316912055,0.21,9.75398961600149e-07,0.0033457635436207056,0.00334927998483181
1,5,2171,2022-06-08,48233,0.004995944,0.004995803348720074,0.545,1.2893866596641601e-06,0.004992602858692408,0.004997338633984327
1,5,2178,2022-06-08,48357,0.0032800362,0.0032793418504297733,0.81,1.2804371181118768e-06,0.003276336472481489,0.0032803358044475317
1,5,2186,2022-06-08,48487,0.0024766817,0.0024763846304267645,0.705,3.1555563850815815e-07,0.0024760172236710787,0.002477120142430067
1,5,2193,2022-06-08,51049,0.003900454,0.0039003798738121986,0.65,2.2198783256044408e-07,0.0038998217787593603,0.0039007593877613544
1,5,2195,2022-06-08,51061,0.0008791536,0.0008777427719905972,0.76,1.6436814576081815e-06,0.0008753450820222497,0.000881269748788327
1,5,2198,2022-06-08,51075,0.002293203,0.0022932463325560093,0.485,5.562530986935599e-07,0.0022919378243386745,0.002293746452778578
1,5,2212,2022-06-08,51179,0.0038760356,0.0038761566393077374,0.23,1.7414680542060523e-07,0.0038758658338338137,0.003876534290611744
1,5,2214,2022-06-08,51810,0.0016299586,0.0016341281589120626,0.16,3.870374712278135e-06,0.0016288671176880598,0.0016425001667812467
1,5,2215,2022-06-08,54025,0.0004837859,0.00048728124238550663,0.13,2.4743308131291997e-06,0.0004817501758225262,0.0004911217838525772
1,5,2219,2022-06-08,54039,0.00394129,0.003939738497138023,0.74,2.71444105237606e-06,0.003933124244213104,0.0039426712319254875
1,5,2224,2022-06-08,54057,0.0006989208,0.0006829584599472582,0.865,1.0298103916284163e-05,0.0006689521833322942,0.0007036257302388549
1,5,2225,2022-06-08,54061,0.00326415,0.0032633310183882713,0.675,9.87919975159457e-07,0.003261314705014229,0.003264774102717638
1,5,2234,2022-06-08,55055,0.013722173,0.01372220367193222,0.33,8.395404194061484e-08,0.013722110539674759,0.013722431845963001
1,5,2244,2024-02-27,01103,0.0010154771,0.001010159612633288,0.62,1.1754837942135055e-05,0.0010008176323026419,0.0010405195644125342
1,5,2247,2024-02-27,04017,0.0021729402,0.0021782671101391315,0.22,4.713674115919275e-06,0.002170847961679101,0.00218604295514524
1,5,2248,2024-02-27,06003,0.042890675,0.03048231452703476,0.865,0.006788324099034071,0.02942989207804203,0.05610434338450432
1,5,2254,2024-02-27,06033,0.0025806876,0.002619317267090082,0.225,0.00028505217051133513,0.0025715536903589964,0.00371677172370255
1,5,2255,2024-02-27,06035,0.0062913243,0.004921029321849346,0.735,0.0018297303467988968,0.004429464228451252,0.011081834323704243
1,5,2256,2024-02-27,06037,0.00062490464,0.0006463229656219482,0.335,3.555470902938396e-05,0.0006138377939350903,0.0007358539151027799
1,5,2262,2024-02-27,06063,0.075845495,0.08522796630859375,0.145,0.004934836644679308,0.06919369846582413,0.08633837848901749
1,5,2265,2024-02-27,06073,0.00088149885,0.0009192219004034996,0.285,5.0421556807123125e-05,0.0008510900079272687,0.001018042559735477
1,5,2287,2024-02-27,08103,0.0033916961,0.0026202481240034103,0.74,0.0007732841186225414,0.002034051576629281,0.0048514558002352715
1,5,2301,2024-02-27,13189,0.00039191011,0.00036062701838091016,0.825,2.0435765691217966e-05,0.0003433047095313668,0.0004122089594602585
1,5,2302,2024-02-27,13217,0.0012511683,0.001239122124388814,0.68,2.3088230591383763e-05,0.0012257960624992847,0.0013074650196358562
1,5,2304,2024-02-27,13221,0.011269583,0.01128982100635767,0.23,1.9916597011615522e-05,0.011237746104598045,0.01130596175789833
1,5,2306,2024-02-27,13233,0.006840264,0.00694051431491971,0.22,7.51011903048493e-05,0.006744080223143101,0.006992931477725506
1,5,2309,2024-02-27,16001,0.001444837,0.0017839341890066862,0.04,0.0005386523553170264,0.0014354762388393283,0.003382854163646698
1,5,2319,2024-02-27,16075,0.0011502263,0.0017138796392828226,0.05,0.0007354606641456485,0.0011274248827248812,0.0037228460423648357
1,5,2338,2024-02-27,17185,0.0016137457,0.0016185303684324026,0.345,1.6029958715080284e-05,0.0016059076879173517,0.0016605934360995889
1,5,2346,2024-02-27,18065,0.001439104,0.0014661469031125307,0.38,8.580550638725981e-05,0.001398955355398357,0.0016917978646233678
1,5,2349,2024-02-27,18089,0.0020701804,0.0020893756300210953,0.145,2.381655212957412e-05,0.0020626592449843884,0.0021485688630491495
1,5,2351,2024-02-27,18109,0.0014753888,0.0014261214528232813,0.7,7.268037006724626e-05,0.0013729312922805548,0.0016334539977833629
1,5,2354,2024-02-27,18139,0.0014016004,0.001382364658638835,0.585,9.179977496387437e-05,0.0013211838668212295,0.0016666246810927987
1,5,2355,2024-02-27,18145,0.0012079251,0.001235853647813201,0.21,6.74881084705703e-05,0.0011894665658473969,0.001415521721355617
1,5,2357,2024-02-27,21007,0.0020010085,0.0020011940505355597,0.495,5.110558504384244e-06,0.001994004938751459,0.0020115994848310947
1,5,2360,2024-02-27,21019,0.003917563,0.00391789386048913,0.09,3.2775285490060924e-06,0.003917357884347439,0.003929839003831148
1,5,2365,2024-02-27,21047,0.0031958143,0.0031970422714948654,0.1,1.609676132829918e-06,0.003195508848875761,0.0032010104041546583
1,5,2369,2024-02-27,21067,0.0035804904,0.0036304667592048645,0.185,9.436631808057427e-05,0.0035665815230458975,0.0038674096576869488
1,5,2373,2024-02-27,21085,0.0027872778,0.0027814796194434166,0.64,1.973089820239693e-05,0.002770420163869858,0.0028375680558383465
1,5,2379,2024-02-27,21107,0.0021901801,0.0021904651075601578,0.49,1.982423782465048e-05,0.0021732209715992212,0.0022434412967413664
1,5,2393,2024-02-27,21239,0.0041037803,0.004104825668036938,0.405,3.1387960461870534e-06,0.004098901525139809,0.004111248999834061
1,5,2398,2024-02-27,25009,0.003884254,0.003919338807463646,0.435,0.00041640273411758244,0.0036275198217481375,0.00510480348020792
1,5,2404,2024-02-27,25025,0.0027373119,0.002976612653583288,0.0,0.00034746257006190717,0.002742691431194544,0.0039916629903018475
1,5,2413,2024-02-27,29035,0.0005590886,0.0005536669050343335,0.785,4.777398316946346e-06,0.0005482692504301667,0.0005653518601320684
1,5,2417,2024-02-27,29201,0.001006731,0.0010145215783268213,0.04,8.226252248277888e-06,0.0010061920620501041,0.0010346140479668975
1,5,2420,2024-02-27,30001,0.011652659,0.011653192341327667,0.315,1.1589002042455832e-06,0.011651902459561825,0.011655940674245358
1,5,2428,2024-02-27,30043,0.0028829942,0.002877440769225359,0.72,9.462654816161375e-06,0.002860489534214139,0.0028973130974918604
1,5,2431,2024-02-27,30049,0.0010670734,0.0009539496386423707,0.755,0.00011538752733031288,0.0008491484331898391,0.0012625482631847262
1,5,2433,2024-02-27,30063,0.0016777847,0.0016862510237842798,0.425,7.637969974894077e-05,0.0016110946889966726,0.0019023750210180879
1,5,2434,2024-02-27,30067,0.0024094116,0.0024083219468593597,0.545,8.358234481420368e-06,0.002401278354227543,0.002430049469694495
1,5,2436,2024-02-27,30081,0.011929654,0.011931134387850761,0.32,3.738850637091673e-06,0.011927054263651371,0.011941456235945225
1,5,2440,2024-02-27,32001,0.0015717358,0.0017017540521919727,0.24,0.0002074761869153008,0.0015259284991770983,0.002259533852338791
1,5,2452,2024-02-27,32031,0.0069973753,0.006984447129070759,0.54,0.00013280712300911546,0.0066136508248746395,0.007142195478081703
1,5,2454,2024-02-27,34017,0.0018541855,0.0019072210416197777,0.29,0.00018009381892625242,0.0018190727569162846,0.0024747007992118597
1,5,2459,2024-02-27,35009,0.00091619545,0.0009255167096853256,0.19,8.513057764503174e-06,0.000905170920304954,0.000941097445320338
1,5,2462,2024-02-27,35019,0.00212263,0.0021365429274737835,0.07,8.211181011574809e-06,0.002118777483701706,0.0021533139515668154
1,5,2463,2024-02-27,35025,0.00072961935,0.0007185594877228141,0.615,2.0958827008144e-05,0.0006843371666036546,0.0007584815029986203
1,5,2469,2024-02-27,35041,0.0008397051,0.0008516748202964664,0.26,1.4186251974024344e-05,0.0008149730856530368,0.0008773563313297927
1,5,2476,2024-02-27,35059,0.0016407302,0.0016787975328043103,0.04,3.2140251278178766e-05,0.0016361635643988848,0.0017364653758704662
1,5,2485,2024-02-27,36033,0.05051546,0.03084520995616913,0.93,0.012225556187331676,0.012683055363595486,0.05254460126161575
1,5,2487,2024-02-27,36039,0.01494719,0.009742503985762596,0.97,0.0018335097702220082,0.007620322052389383,0.01564350165426731
1,5,2489,2024-02-27,36043,0.017629648,0.02116396278142929,0.255,0.00505818659439683,0.015215934254229069,0.030241919681429863
1,5,2501,2024-02-27,36091,0.020661125,0.02455318719148636,0.275,0.004464501049369574,0.0126388194039464,0.02691962569952011
1,5,2502,2024-02-27,36093,0.009024225,0.010279467329382896,0.21,0.0011721823830157518,0.008132061921060085,0.013428367674350739
1,5,2503,2024-02-27,36095,0.019981606,0.012424765154719353,0.92,0.0031397570855915546,0.011431477032601833,0.023249568417668343
1,5,2511,2024-02-27,37189,0.0026108876,0.002111544134095311,0.77,0.000522894668392837,0.0017081123078241944,0.0035848375409841537
1,5,2515,2024-02-27,39049,0.0014771604,0.0015483919996768236,0.43,0.0005078049143776298,0.0012425429886206985,0.0029743548948317766
1,5,2516,2024-02-27,39057,0.0013226754,0.0014405697584152222,0.035,0.0001504596002632752,0.0013132240856066346,0.0018809230532497168
1,5,2522,2024-02-27,39113,0.0020075298,0.0020187622867524624,0.375,4.731885564979166e-05,0.001992377219721675,0.0021768594160676003
1,5,2540,2024-02-27,42059,0.017419988,0.017425213009119034,0.37,7.284357707249001e-06,0.01740987040102482,0.017434265464544296
1,5,2550,2024-02-27,45071,0.00069360074,0.0006846817559562624,0.77,9.194596714223735e-06,0.000678210228215903,0.0007115007610991597
1,5,2552,2024-02-27,45081,0.0026434937,0.0026417470071464777,0.73,2.40630583903112e-06,0.002641310915350914,0.0026497268117964268
1,5,2554,2024-02-27,45087,0.0025574898,0.0025431830435991287,0.895,7.143632956285728e-06,0.0025382558815181255,0.002564784372225404
1,5,2561,2024-02-27,47033,0.0017295406,0.0017291719559580088,0.525,1.0034003025793936e-05,0.0017208008794113994,0.0017566971946507692
1,5,2564,2024-02-27,47123,0.0032746904,0.0032468303106725216,0.625,0.00012086944479960948,0.003184426575899124,0.0036209553945809603
1,5,2566,2024-02-27,47155,0.004521584,0.004515227396041155,0.77,1.1397088201192673e-05,0.004506692290306091,0.004564191214740276
1,5,2580,2024-02-27,48179,0.008938446,0.008941511623561382,0.46,1.7916087017511018e-05,0.008912509307265282,0.008973140269517899
1,5,2582,2024-02-27,48191,0.00075740425,0.0007651551277376711,0.47,3.073039260925725e-05,0.0007124915136955678,0.0008176142582669854
1,5,2584,2024-02-27,48205,0.0015306857,0.0015314030461013317,0.485,2.1313384422683157e-05,0.0014964070869609714,0.0015668950509279966
1,5,2587,2024-02-27,48233,0.068815656,0.06883466243743896,0.37,3.39233702106867e-05,0.0687657818198204,0.06888562440872192
1,5,2601,2024-02-27,49003,0.001260083,0.0013725182507187128,0.245,0.00017068338638637215,0.0012279768707230687,0.0018232486909255385
1,5,2608,2024-02-27,49023,0.0052627334,0.005658271256834269,0.055,0.0005314501468092203,0.005223034415394068,0.006999800447374582
1,5,2610,2024-02-27,49029,0.0058079083,0.0070815375074744225,0.055,0.0015957776922732592,0.005717071704566479,0.010977079160511494
1,5,2612,2024-02-27,49033,0.0061652134,0.006460411474108696,0.17,0.0006217657937668264,0.006117663346230984,0.008281996473670006
1,5,2619,2024-02-27,49047,0.008869665,0.008874435909092426,0.445,5.120017522131093e-05,0.008860858157277107,0.009067767299711704
1,5,2631,2024-02-27,50015,0.032688584,0.013296706601977348,0.97,0.007633933797478676,0.007432313170284033,0.034070391207933426
1,5,2636,2024-02-27,50025,0.07117698,0.07883819937705994,0.015,0.003506254870444536,0.07087051868438721,0.08210962265729904
1,5,2640,2024-02-27,51161,0.003994834,0.003985409624874592,0.545,6.803686846978962e-05,0.0037909948732703924,0.004032821394503117
1,5,2644,2024-02-27,54039,0.0036309382,0.0036333194002509117,0.25,8.731468369660433e-06,0.0036303086671978235,0.003660681191831827
1,5,2647,2024-02-27,54061,0.0025326663,0.002531693782657385,0.505,0.00020038567890878767,0.002439823467284441,0.0031969109550118446
1,5,2649,2024-02-27,54083,0.002661177,0.0020307828672230244,0.83,0.00046543058124370873,0.0017622628947719932,0.0034234998747706413
1,5,2651,2024-02-27,54093,0.00796612,0.005321796517819166,0.87,0.0014237830182537436,0.004711910150945187,0.009855036623775959
1,5,2653,2024-02-27,56001,0.00043451524,0.00043541460763663054,0.36,2.6086131583724637e-06,0.0004286447074264288,0.00044085143599659204
1,5,2654,2024-02-27,56007,0.00069605897,0.0007633729255758226,0.16,6.983752973610535e-05,0.0006832664948888123,0.0009295867057517171
1,5,2655,2024-02-27,56009,0.0015175182,0.001533697359263897,0.245,1.5152919331740122e-05,0.001494223834015429,0.0015551622491329908
1,5,2659,2024-02-27,56041,0.0009406826,0.0011556625831872225,0.08,0.000253550912020728,0.0009148789686150849,0.0017428110586479306
