seed,fold,unit,event,fips,rmse_own,rmse_donor_median,percentile,donor_sd,rmse_donor_min,rmse_donor_max
0,1,1,2019-03-13,01009,0.019116653,0.019049502909183502,0.635,0.00013055698946118355,0.018779665231704712,0.019213559105992317
0,1,8,2019-03-13,01055,0.00745001,0.007462931331247091,0.465,6.129689427325502e-05,0.007332876790314913,0.007536360062658787
0,1,9,2019-03-13,01065,0.0015711954,0.0014461656101047993,0.925,7.635371730430052e-05,0.0013568386202678084,0.0016082869842648506
0,1,17,2019-03-13,01127,0.007502718,0.007564280182123184,0.435,0.0002260918408865109,0.007092612329870462,0.007868340238928795
0,1,19,2019-03-13,05027,0.011595748,0.01163999643176794,0.08,2.070762639050372e-05,0.011583964340388775,0.011656603775918484
0,1,23,2019-03-13,08009,0.021035632,0.014171456918120384,0.7,0.008980666287243366,0.00965004600584507,0.044156529009342194
0,1,31,2019-03-13,08101,0.007536167,0.00775593426078558,0.405,0.0018089473014697433,0.007368645630776882,0.015370707027614117
0,1,45,2019-03-13,17127,0.011402113,0.01077491044998169,0.795,0.0005879863747395575,0.010091324336826801,0.01223953440785408
0,1,47,2019-03-13,17151,0.026596174,0.026638885959982872,0.2,2.9078306397423148e-05,0.026584643870592117,0.026670141145586967
0,1,54,2019-03-13,17193,0.008956473,0.008572819642722607,0.695,0.0005711263511329889,0.007987120188772678,0.010070186108350754
0,1,55,2019-03-13,17199,0.0074906168,0.006665213033556938,0.75,0.000805727147962898,0.006066431291401386,0.008925659582018852
0,1,59,2019-03-13,18051,0.007870075,0.007590245455503464,0.72,0.00039054840453900397,0.007282664068043232,0.008666089735925198
0,1,66,2019-03-13,18097,0.0076798974,0.008104115724563599,0.045,0.0005601412267424166,0.0076522319577634335,0.009817905724048615
0,1,73,2019-03-13,18143,0.004012712,0.003868098370730877,0.945,5.6981843954417855e-05,0.0038368776440620422,0.004055407829582691
0,1,74,2019-03-13,18147,0.0094463,0.009118009358644485,0.74,0.00043707541772164404,0.008510216139256954,0.010040489956736565
0,1,81,2019-03-13,20051,0.00922357,0.007346025668084621,0.75,0.001695184619165957,0.006422344595193863,0.013789393939077854
0,1,83,2019-03-13,20065,0.019694073,0.012347253039479256,0.755,0.007207841612398624,0.008116702549159527,0.03367773815989494
0,1,91,2019-03-13,20181,0.04240666,0.02288293093442917,0.91,0.009503205306828022,0.01496175304055214,0.048694513738155365
0,1,93,2019-03-13,20199,0.050413303,0.020134925842285156,0.94,0.012580612674355507,0.013484412804245949,0.05919511243700981
0,1,95,2019-03-13,21015,0.0045669153,0.0046805404126644135,0.0,9.062486788025126e-05,0.004572874400764704,0.004924060311168432
0,1,105,2019-03-13,21073,0.005424728,0.005354925990104675,0.54,0.000432012602686882,0.004850940778851509,0.006349918432533741
0,1,107,2019-03-13,21081,0.0048216274,0.004750754218548536,0.645,0.00013556604972109199,0.004553366452455521,0.00507463701069355
0,1,108,2019-03-13,21083,0.00938791,0.009957958944141865,0.275,0.0006336607038974762,0.009111318737268448,0.011242290027439594
0,1,109,2019-03-13,21091,0.007852985,0.007870928384363651,0.355,6.17667319602333e-05,0.007823857478797436,0.008024988695979118
0,1,118,2019-03-13,21157,0.009400917,0.008674772456288338,0.86,0.0004828419187106192,0.008164336904883385,0.00982182752341032
0,1,126,2019-03-13,21223,0.0045497534,0.0045491773635149,0.505,4.187976446701214e-05,0.004495370201766491,0.004620786756277084
0,1,134,2019-03-13,24025,0.0013345398,0.0013406670186668634,0.44,3.081300019402988e-05,0.0012949100928381085,0.0014022818068042397
0,1,135,2019-03-13,26027,0.018410215,0.019036851823329926,0.055,0.0003257528296671808,0.018176373094320297,0.019375983625650406
0,1,137,2019-03-13,26093,0.006072816,0.005891358479857445,0.635,0.00023910088930279016,0.005682702641934156,0.0064844596199691296
0,1,147,2019-03-13,28087,0.0015362019,0.0012370286276564002,0.96,0.00014120264677330852,0.0011015788186341524,0.001574343186803162
0,1,153,2019-03-13,29133,0.011591244,0.011523725464940071,0.55,0.00043538110912777483,0.011018062941730022,0.012579054571688175
0,1,160,2019-03-13,32023,0.0003262454,0.0002989709610119462,0.965,1.176896330434829e-05,0.0002846224815584719,0.0003311188193038106
0,1,162,2019-03-13,34027,0.0013261266,0.0013150214217603207,0.615,4.308519419282675e-05,0.001253614784218371,0.0014058470260351896
0,1,165,2019-03-13,35015,0.0043188413,0.005628872662782669,0.15,0.002566335955634713,0.004272060003131628,0.013958992436528206
0,1,171,2019-03-13,39015,0.0059802798,0.005981736816465855,0.465,1.610010258445982e-05,0.00595534173771739,0.006031392142176628
0,1,182,2019-03-13,39075,0.004752698,0.004805915988981724,0.32,0.000200742986635305,0.004686999600380659,0.005369225982576609
0,1,184,2019-03-13,39089,0.0035167723,0.003592666005715728,0.065,9.308321023127064e-05,0.0034721975680440664,0.003910975996404886
0,1,190,2019-03-13,39151,0.005751141,0.005541008897125721,0.83,0.00011443591210991144,0.005489793606102467,0.005888682324439287
0,1,191,2019-03-13,39157,0.0071136397,0.007220056839287281,0.36,0.0003504851192701608,0.006989056710153818,0.00824812427163124
0,1,193,2019-03-13,40009,0.00961963,0.011108146980404854,0.14,0.002277276711538434,0.009563758037984371,0.01762779988348484
0,1,194,2019-03-13,40011,0.012927402,0.012978487648069859,0.5,0.0022439199965447187,0.01107981987297535,0.018636289983987808
0,1,201,2019-03-13,40043,0.010879858,0.012669771909713745,0.2,0.001819112803786993,0.01061119232326746,0.01691248267889023
0,1,211,2019-03-13,40103,0.025792964,0.025875955820083618,0.285,9.568937093717977e-05,0.025636477395892143,0.02596919797360897
0,1,215,2019-03-13,40139,0.016888818,0.014154961332678795,0.725,0.0033226979430764914,0.011316814459860325,0.023017948493361473
0,1,221,2019-03-13,47117,0.0032560613,0.0029572611674666405,0.695,0.00040574438753537834,0.002461877651512623,0.0038809257093816996
0,1,222,2019-03-13,47157,0.013994477,0.015209433622658253,0.18,0.0010100951185449958,0.013618611730635166,0.017110195010900497
0,1,230,2019-03-13,48049,0.009049639,0.008777492679655552,0.93,0.0002610334486234933,0.008201533928513527,0.009063301607966423
0,1,231,2019-03-13,48065,0.025363196,0.026225432753562927,0.23,0.0007261895225383341,0.02435600757598877,0.026878559961915016
0,1,234,2019-03-13,48079,0.011222608,0.010813824832439423,0.79,0.00038285573828034103,0.010749239474534988,0.012392605654895306
0,1,237,2019-03-13,48087,0.008821327,0.010167546570301056,0.275,0.0027727200649678707,0.008056022226810455,0.018530940636992455
0,1,241,2019-03-13,48109,0.021615516,0.021420620381832123,0.935,0.00014666524657513946,0.021125227212905884,0.021619237959384918
0,1,245,2019-03-13,48117,0.020855354,0.02123737521469593,0.435,0.0010656312806531787,0.019166480749845505,0.02253943495452404
0,1,246,2019-03-13,48121,0.0025763544,0.002737553557381034,0.225,0.00022083043586462736,0.002539711305871606,0.0032728982623666525
0,1,249,2019-03-13,48135,0.007670003,0.007748087402433157,0.03,7.104489486664534e-05,0.007669332902878523,0.007948669604957104
0,1,256,2019-03-13,48173,0.0067868032,0.006842569448053837,0.325,0.00010044698865385726,0.006727633066475391,0.007120402995496988
0,1,262,2019-03-13,48195,0.09109913,0.09211017191410065,0.245,0.0009584022336639464,0.089881531894207,0.09316853433847427
0,1,282,2019-03-13,48303,0.009578256,0.009581297636032104,0.5,0.001737860031425953,0.008516434580087662,0.014907661825418472
0,1,294,2019-03-13,48363,0.00292224,0.003301076591014862,0.05,0.00043957153684459627,0.002913308097049594,0.004404563456773758
0,1,296,2019-03-13,48369,0.016615175,0.016597997397184372,0.51,0.0004109074070584029,0.01590781845152378,0.017151368781924248
0,1,297,2019-03-13,48371,0.005032649,0.00473242299631238,0.885,0.00023117470846045762,0.004274429753422737,0.00503983348608017
0,1,301,2019-03-13,48383,0.004979007,0.005043753422796726,0.285,0.00010145273699890822,0.004914457444101572,0.0052847652696073055
0,1,315,2019-03-13,48459,0.018706277,0.018848005682229996,0.03,6.856454274384305e-05,0.018687594681978226,0.018921440467238426
0,1,317,2019-03-13,48475,0.010463654,0.010231556370854378,0.935,0.00028870650567114353,0.009378322400152683,0.010469830594956875
0,1,320,2019-03-13,48501,0.0062943003,0.005927049554884434,0.64,0.0008575464016757905,0.0057558598928153515,0.009077106602489948
0,1,321,2021-03-26,01009,0.0029154555,0.002926982007920742,0.455,5.761660577263683e-05,0.0028743227012455463,0.0030552793759852648
0,1,322,2021-03-26,01013,0.013088292,0.013079725205898285,0.925,9.790546755539253e-06,0.013052752241492271,0.013091273605823517
0,1,324,2021-03-26,01023,0.0033622878,0.003367598168551922,0.05,4.86629096485558e-06,0.0033615974243730307,0.00338031561113894
0,1,328,2021-03-26,01035,0.0015974276,0.0016011213883757591,0.24,8.15200291981455e-06,0.0015740201342850924,0.0016141411615535617
0,1,332,2021-03-26,01045,0.0022144911,0.002196814864873886,0.89,2.8053649657522328e-05,0.0021228636614978313,0.0022206066641956568
0,1,346,2021-03-26,05001,0.010526349,0.010518703609704971,0.725,1.4135543096926995e-05,0.010482980869710445,0.010536471381783485
0,1,352,2021-03-26,05069,0.011157331,0.011091750115156174,0.99,3.991866105934605e-05,0.01102704368531704,0.01116345077753067
0,1,360,2021-03-26,08015,0.00032118868,0.00033085394534282386,0.07,6.666556600976037e-06,0.00032080794335342944,0.00034298139507882297
0,1,366,2021-03-26,08101,0.0014464525,0.001447620103135705,0.42,4.685263775172643e-06,0.0014429176226258278,0.0014592004008591175
0,1,367,2021-03-26,08105,0.000180095,0.000177754060132429,0.75,2.3253651306731626e-06,0.00017564879090059549,0.00018534745322540402
0,1,372,2021-03-26,13033,0.00287268,0.002703564940020442,0.995,0.00010201511031482369,0.002507313620299101,0.002883793320506811
0,1,380,2021-03-26,13147,0.0017788816,0.0016713833902031183,0.965,6.292730540735647e-05,0.0015792666235938668,0.0017941741971299052
0,1,384,2021-03-26,13205,0.0032850408,0.003191041061654687,0.94,6.794630462536588e-05,0.0030867739114910364,0.003316716756671667
0,1,392,2021-03-26,13313,0.003917948,0.0038604417350143194,0.625,0.00011998270929325372,0.0037274868227541447,0.004143251571804285
0,1,401,2021-03-26,16023,0.02563835,0.025582803413271904,0.925,4.096210250281729e-05,0.025505632162094116,0.02564116381108761
0,1,402,2021-03-26,16029,0.009980108,0.009942414239048958,0.855,2.6797380996868014e-05,0.009900009259581566,0.009984351694583893
0,1,403,2021-03-26,16031,0.0010422656,0.0012673005694523454,0.075,0.0002199664304498583,0.0010266958270221949,0.0018016706453636289
0,1,406,2021-03-26,16039,0.041532613,0.041487790644168854,0.87,3.727068906300701e-05,0.04141419380903244,0.04153738170862198
0,1,410,2021-03-26,16049,0.042770993,0.04358507692813873,0.055,0.0007921676151454449,0.04268790781497955,0.04576222226023674
0,1,416,2021-03-26,16065,0.009308304,0.008884049952030182,0.545,0.003372170962393284,0.0071556963957846165,0.01901719719171524
0,1,419,2021-03-26,16071,0.0010370447,0.001126064918935299,0.065,7.619355892529711e-05,0.0010317320702597499,0.0012886306503787637
0,1,437,2021-03-26,17127,0.0056111976,0.005614183843135834,0.275,6.626145932386862e-06,0.005608133506029844,0.005633591208606958
0,1,438,2021-03-26,17151,0.0020533549,0.0020568938925862312,0.41,1.6203570339712314e-05,0.002042747801169753,0.002106067491695285
0,1,443,2021-03-26,17193,0.002253128,0.002251291647553444,0.605,6.5693129727151245e-06,0.002241529757156968,0.0022661713883280754
0,1,444,2021-03-26,17199,0.0019693119,0.0019706597086042166,0.38,9.506244168733247e-06,0.001961992122232914,0.002002487890422344
0,1,453,2021-03-26,18051,0.0021855044,0.002182476222515106,0.56,1.123270885727834e-05,0.002166074002161622,0.00220287567935884
0,1,455,2021-03-26,18059,0.0029144243,0.0029458990320563316,0.18,3.2729127269703895e-05,0.0029065546113997698,0.003015779424458742
0,1,457,2021-03-26,18077,0.0025663506,0.002537827007472515,0.745,3.4016240533674136e-05,0.0024888080079108477,0.0026049818843603134
0,1,459,2021-03-26,18095,0.0031422311,0.00316184526309371,0.245,1.7598134945728816e-05,0.0031340892892330885,0.00318931438960135
0,1,460,2021-03-26,18097,0.002768524,0.0028018972370773554,0.04,2.7771402528742328e-05,0.002765684388577938,0.002859498141333461
0,1,468,2021-03-26,18147,0.0020949554,0.002085315529257059,0.705,1.0247405953123234e-05,0.002074392745271325,0.0021079357247799635
0,1,473,2021-03-26,18177,0.0041722753,0.004177219234406948,0.455,4.760372394230217e-05,0.004121456295251846,0.004282500594854355
0,1,479,2021-03-26,20065,0.0019062366,0.0019604621920734644,0.25,7.402743358397856e-05,0.0018613323336467147,0.0021052793599665165
0,1,489,2021-03-26,20171,0.0011055709,0.0011740900808945298,0.2,7.0926223997958e-05,0.0010638309177011251,0.0013139686780050397
0,1,491,2021-03-26,20181,0.00109806,0.001124163856729865,0.16,2.264919748995453e-05,0.0010839223396033049,0.0011661165626719594
0,1,494,2021-03-26,20199,0.001097837,0.0011216828133910894,0.185,2.4381628463743255e-05,0.0010792951798066497,0.0011640102602541447
0,1,495,2021-03-26,20203,0.0009416214,0.0009784678695723414,0.21,4.7393288696184754e-05,0.0008983805309981108,0.0010711703216657043
0,1,504,2021-03-26,21083,0.0020365273,0.0020231236703693867,0.855,9.29084671952296e-06,0.0020149063784629107,0.002052668249234557
0,1,510,2021-03-26,21123,0.001960685,0.001923397183418274,0.915,2.4602692064945586e-05,0.0018890623468905687,0.0019717237446457148
0,1,515,2021-03-26,21157,0.002575964,0.0025760759599506855,0.47,2.503832092770608e-06,0.002573295496404171,0.002584652742370963
0,1,524,2021-03-26,22031,0.0028298364,0.0028015063144266605,0.965,1.566464197821915e-05,0.0027808963786810637,0.0028320797719061375
0,1,531,2021-03-26,24021,0.0020258515,0.0020474696066230536,0.16,3.038675458810758e-05,0.0020244596526026726,0.002132079564034939
0,1,533,2021-03-26,24025,0.0014945902,0.0014929991448298097,0.55,1.0290169484505896e-05,0.001486975234001875,0.0015273167518898845
0,1,536,2021-03-26,24031,0.0009766037,0.0010417384328320622,0.175,5.3392846893984824e-05,0.0009733145125210285,0.0011548848124220967
0,1,541,2021-03-26,25005,0.0028702437,0.002720415825024247,0.58,0.0005015748320147395,0.0022253969218581915,0.004177296534180641
0,1,547,2021-03-26,25021,0.002799435,0.002688232809305191,0.53,0.0006682198727503419,0.0021518266294151545,0.004667454864829779
0,1,558,2021-03-26,28087,0.0024633862,0.0023962154518812895,0.95,4.1593924834160134e-05,0.0023395721800625324,0.002478416310623288
0,1,559,2021-03-26,28095,0.0032701495,0.0032212871592491865,0.985,1.972779500647448e-05,0.0032052453607320786,0.003278516000136733
0,1,565,2021-03-26,28161,0.005433086,0.005446557886898518,0.005,9.44670318858698e-06,0.005433018319308758,0.005465979687869549
0,1,567,2021-03-26,29099,0.0013886405,0.001390688819810748,0.475,2.8071161068510264e-05,0.0013576493365690112,0.0014601004077121615
0,1,568,2021-03-26,29133,0.0019815508,0.001993074081838131,0.2,1.976742896658834e-05,0.0019740916322916746,0.002050306648015976
0,1,584,2021-03-26,30053,0.014979469,0.019263608381152153,0.185,0.0033280975185334682,0.013845645822584629,0.025270724669098854
0,1,585,2021-03-26,30055,0.0050897105,0.005148596595972776,0.17,5.57211933482904e-05,0.005077017471194267,0.005270517896860838
0,1,586,2021-03-26,30061,0.022024058,0.03046916425228119,0.215,0.006643997970968485,0.01981683447957039,0.04240325465798378
0,1,595,2021-03-26,30083,0.005868308,0.005887626204639673,0.105,2.4237811885541305e-05,0.005862370599061251,0.005945522803813219
0,1,598,2021-03-26,30089,0.018617518,0.023825224488973618,0.095,0.004367916379123926,0.017409157007932663,0.03324250131845474
0,1,600,2021-03-26,30093,0.0028872727,0.0032021845690906048,0.06,0.00029612486832775176,0.0028726488817483187,0.004019615240395069
0,1,602,2021-03-26,30097,0.0063359095,0.011286282911896706,0.065,0.00516920629888773,0.006249819882214069,0.024394774809479713
0,1,603,2021-03-26,30103,0.0039754882,0.0041079227812588215,0.095,0.00011162810551468283,0.00396758271381259,0.0043477630242705345
0,1,610,2021-03-26,32023,0.00030232678,0.0002979586133733392,0.99,1.6328540368704125e-06,0.00029553184867836535,0.0003028342325706035
0,1,613,2021-03-26,34007,0.0021930817,0.0021487693302333355,0.63,9.698147187009454e-05,0.002013308694586158,0.0023219764698296785
0,1,618,2021-03-26,34021,0.0015912901,0.0016370925586670637,0.245,5.488294846145436e-05,0.0015664305537939072,0.001758234458975494
0,1,627,2021-03-26,36013,0.0077556865,0.007721055299043655,0.585,0.00011028158769477159,0.007495647296309471,0.007901879027485847
0,1,628,2021-03-26,36027,0.0024656218,0.0024726111441850662,0.44,3.155587910441682e-05,0.0024471739307045937,0.0025678870733827353
0,1,629,2021-03-26,36029,0.010763649,0.01070482563227415,0.68,8.222310862038285e-05,0.010544187389314175,0.010820569470524788
0,1,632,2021-03-26,36041,0.048469186,0.04858631640672684,0.46,0.0006643158849328756,0.04791158437728882,0.050085123628377914
0,1,637,2021-03-26,36059,0.0018546263,0.0019350171787664294,0.3,0.00012972095282748342,0.0017804199596866965,0.002206358825787902
0,1,651,2021-03-26,37049,0.0016924111,0.0016943435184657574,0.275,4.812694442080101e-06,0.00168950529769063,0.001711179269477725
0,1,657,2021-03-26,37127,0.0030221792,0.0029951506294310093,0.92,2.6613299269229174e-05,0.0029361636843532324,0.0030303846579045057
0,1,664,2021-03-26,39019,0.009166985,0.009224346838891506,0.335,0.00014766732056159526,0.009000216610729694,0.009532586671411991
0,1,673,2021-03-26,39037,0.007845643,0.007845399901270866,0.515,7.626478236488765e-06,0.007825693115592003,0.007851674221456051
0,1,677,2021-03-26,39055,0.020609723,0.020665720105171204,0.39,0.00013144519471097738,0.02044457197189331,0.0209188349545002
0,1,683,2021-03-26,39073,0.009853217,0.0098643247038126,0.145,8.051290024013724e-06,0.009845803491771221,0.009873871691524982
0,1,684,2021-03-26,39075,0.0495763,0.0496247336268425,0.45,0.00022407340293284506,0.049201298505067825,0.049947794526815414
0,1,686,2021-03-26,39089,0.017872194,0.017861895263195038,0.535,8.747100218897685e-05,0.017668303102254868,0.017981363460421562
0,1,698,2021-03-26,39139,0.005283169,0.005293427966535091,0.22,1.7595688404981047e-05,0.005274130962789059,0.005341974087059498
0,1,700,2021-03-26,39151,0.0049898815,0.0048547592014074326,0.9,8.672082185512409e-05,0.004713724367320538,0.0050321039743721485
0,1,701,2021-03-26,39153,0.006455534,0.0064596738666296005,0.3,7.171885499701602e-06,0.00644732266664505,0.006480860058218241
0,1,703,2021-03-26,39157,0.006275918,0.006241556257009506,0.61,9.482873429078609e-05,0.006072365213185549,0.006410206668078899
0,1,712,2021-03-26,41025,0.0006100254,0.000619822065345943,0.275,9.971590770874172e-06,0.0006019509164616466,0.0006367824389599264
0,1,713,2021-03-26,41031,0.012588033,0.012646155431866646,0.035,3.0425442673731595e-05,0.012583596631884575,0.01269009243696928
0,1,719,2021-03-26,42003,0.0017935889,0.0019125938415527344,0.12,0.00014366788673214614,0.0017918128287419677,0.002261845860630274
0,1,720,2021-03-26,42007,0.003195518,0.003192709293216467,0.575,2.4055229005170986e-05,0.00316113093867898,0.0032626292668282986
0,1,737,2021-03-26,42133,0.002126959,0.002124553546309471,0.59,1.1737431123037823e-05,0.002109134802594781,0.0021686300169676542
0,1,738,2021-03-26,44007,0.0034869397,0.00314800045453012,0.61,0.000699140946380794,0.0025041820481419563,0.005064420402050018
0,1,748,2021-03-26,45075,0.0035532354,0.0034432788379490376,0.86,9.01375460671261e-05,0.0033018682152032852,0.0035898208152502775
0,1,749,2021-03-26,45079,0.0044076494,0.0043233223259449005,0.74,0.00012375490041449666,0.004094318021088839,0.0045009502209723
0,1,750,2021-03-26,45085,0.005186265,0.005156670697033405,0.655,6.876287807244807e-05,0.005036498419940472,0.005270795430988073
0,1,764,2021-03-26,46047,0.004005525,0.004015209153294563,0.2,8.697864359419327e-06,0.004001443739980459,0.004034128040075302
0,1,770,2021-03-26,46063,0.0053045,0.005314402747899294,0.055,7.601818651892245e-06,0.0053039067424833775,0.00532952044159174
0,1,771,2021-03-26,46065,0.0023807122,0.0024052171502262354,0.165,2.2208198060980067e-05,0.0023749012034386396,0.002447855658829212
0,1,777,2021-03-26,46089,0.0027051305,0.0027166656218469143,0.31,1.4213132089935243e-05,0.0026986401062458754,0.002745457924902439
0,1,778,2021-03-26,46091,0.0021688489,0.002158722374588251,0.77,8.226030331570655e-06,0.0021512594539672136,0.0021811858750879765
0,1,781,2021-03-26,46102,0.0014747609,0.0014431613963097334,0.845,1.7894319171318784e-05,0.0014279158785939217,0.0014882645336911082
0,1,788,2021-03-26,46119,0.0022120804,0.002212872263044119,0.485,1.6244788639596663e-05,0.0021911156363785267,0.0022460126783698797
0,1,792,2021-03-26,46137,0.0037473568,0.003750620875507593,0.325,4.224026270094328e-06,0.003742946544662118,0.0037583205848932266
0,1,793,2021-03-26,47003,0.004157381,0.004120807163417339,0.755,3.5694250982487574e-05,0.004074829630553722,0.004191827494651079
0,1,795,2021-03-26,47013,0.004570305,0.004664013162255287,0.25,0.00010708589252317324,0.004541718866676092,0.00491796201094985
0,1,798,2021-03-26,47047,0.0072691347,0.007265815511345863,0.61,1.1133672160212882e-05,0.007242067251354456,0.007285662926733494
0,1,803,2021-03-26,47097,0.0019027302,0.0019054737640544772,0.385,1.813739800127223e-05,0.0018922860035672784,0.0019726804457604885
0,1,809,2021-03-26,47157,0.006966296,0.00696001760661602,0.785,8.839308065944351e-06,0.006943540647625923,0.006973510608077049
0,1,815,2021-03-26,48109,0.0007094029,0.000709896965418011,0.2,4.5746449472972017e-07,0.0007092281011864543,0.0007107315468601882
0,1,822,2021-03-26,50023,0.0129155945,0.015156985260546207,0.23,0.002161425771191716,0.011849058791995049,0.018853388726711273
0,1,825,2021-03-26,51119,0.0018221744,0.0017510349862277508,0.995,3.722668770933524e-05,0.0016976139741018414,0.00182381272315979
0,1,826,2021-03-26,51127,0.0022681055,0.0022675655782222748,0.94,1.6476298014822532e-06,0.0022629110608249903,0.002268189564347267
0,1,832,2021-03-26,53013,0.011904034,0.01263424102216959,0.045,0.00039776755147613585,0.01180094201117754,0.01325220800936222
0,1,834,2021-03-26,53021,0.002064552,0.002098643686622381,0.155,3.070096863666549e-05,0.0020588235929608345,0.0021609491668641567
0,1,846,2021-03-26,55039,0.002730756,0.002732060384005308,0.485,9.042336751008406e-05,0.002610445488244295,0.0028894434217363596
0,1,849,2021-03-26,56005,0.0024351233,0.0024492680095136166,0.075,1.4477647710009478e-05,0.0024340760428458452,0.0024832426570355892
0,1,856,2021-03-26,56021,0.0009798431,0.001014048233628273,0.305,8.32692749099806e-05,0.0009536253637634218,0.0012645857641473413
0,1,859,2021-03-26,56029,0.008819559,0.014710985124111176,0.075,0.004540915600955486,0.008104508742690086,0.02454324997961521
0,1,869,2021-12-11,04001,0.01289952,0.015086057595908642,0.29,0.0025873673148453236,0.011586369015276432,0.020712457597255707
0,1,873,2021-12-11,04011,0.0011693372,0.0011717244051396847,0.355,1.1137034562125336e-05,0.0011487192241474986,0.0011973808286711574
0,1,876,2021-12-11,04019,0.005573244,0.0055732461623847485,0.495,1.0104039347424987e-06,0.0055720009841024876,0.005575606599450111
0,1,880,2021-12-11,05027,0.007267465,0.00729166017845273,0.07,2.1641164494212717e-05,0.007262007333338261,0.007340704090893269
0,1,887,2021-12-11,05069,0.02299508,0.023348018527030945,0.01,0.0001923623203765601,0.022981345653533936,0.023732515051960945
0,1,892,2021-12-11,05099,0.021671183,0.021781975403428078,0.05,7.454582373611629e-05,0.021650871261954308,0.021910302340984344
0,1,895,2021-12-11,05147,0.049547877,0.049587350338697433,0.43,0.00017471265164203942,0.049196649342775345,0.04980703070759773
0,1,898,2021-12-11,06007,0.020171933,0.019881512969732285,0.855,0.00024519365979358554,0.019411282613873482,0.02019238844513893
0,1,901,2021-12-11,06017,0.04884962,0.048426248133182526,0.93,0.0005122052389197052,0.047311168164014816,0.048885684460401535
0,1,905,2021-12-11,06029,0.0020540706,0.002276652492582798,0.18,0.0003203125379513949,0.0020477231591939926,0.0031635407358407974
0,1,912,2021-12-11,06049,0.005808971,0.006122044287621975,0.205,0.0004163180710747838,0.005794644355773926,0.007335389964282513
0,1,917,2021-12-11,06065,0.00094958395,0.0012209024280309677,0.0,0.0002041408297372982,0.0009497245773673058,0.0016600677045062184
0,1,924,2021-12-11,06091,0.023640405,0.02355305291712284,0.76,0.00011810196883743629,0.023271935060620308,0.023676011711359024
0,1,933,2021-12-11,06113,0.0018009288,0.0023268500808626413,0.19,0.0007199221290647984,0.0017651080852374434,0.0047257100231945515
0,1,937,2021-12-11,08005,0.0023848652,0.0023927148431539536,0.425,2.9566213925136253e-05,0.0023355253506451845,0.0024331100285053253
0,1,938,2021-12-11,08009,0.008244456,0.00802866742014885,0.69,0.0003272216417826712,0.007619701325893402,0.008709598332643509
0,1,939,2021-12-11,08013,0.0130625125,0.013072403147816658,0.075,4.169307430856861e-06,0.013058045879006386,0.013075392693281174
0,1,941,2021-12-11,08015,0.0029958726,0.0029949992895126343,0.55,5.59883073947276e-06,0.002982167061418295,0.0030057025142014027
0,1,958,2021-12-11,08069,0.004257969,0.004331616219133139,0.06,3.2873620511963964e-05,0.004244944546371698,0.004368267022073269
0,1,963,2021-12-11,08081,0.004025739,0.004042176529765129,0.11,1.6740277715143748e-05,0.004024524241685867,0.004081237129867077
0,1,966,2021-12-11,08093,0.12088467,0.120860755443573,0.895,1.4785685380047653e-05,0.12083644419908524,0.1208871454000473
0,1,967,2021-12-11,08101,0.05155256,0.051540739834308624,0.625,2.5219809685950167e-05,0.05149805545806885,0.051579151302576065
0,1,968,2021-12-11,08105,0.0031925158,0.003333760192617774,0.24,0.00012769066961482167,0.0031072949059307575,0.003565198974683881
0,1,972,2021-12-11,08121,0.004669075,0.004596980754286051,0.71,0.00010619851673254743,0.004445529077202082,0.0047841621562838554
0,1,976,2021-12-11,13215,0.0018780568,0.0018709913128986955,0.58,1.9018998500541784e-05,0.0018487601773813367,0.0019116000039502978
0,1,982,2021-12-11,16029,0.006668964,0.006653236225247383,0.795,1.0462013960932381e-05,0.006641016807407141,0.006676296703517437
0,1,983,2021-12-11,16031,0.0023547353,0.0027402378618717194,0.18,0.0003947183140553534,0.0023297343868762255,0.003693482605740428
0,1,985,2021-12-11,16071,0.00520822,0.005603441037237644,0.08,0.0005388669087551534,0.005199133418500423,0.007343478035181761
0,1,991,2021-12-11,17019,0.0065934695,0.007759782485663891,0.23,0.0017953140195459127,0.005994242615997791,0.012604083865880966
0,1,1000,2021-12-11,17063,0.0070615755,0.007738281972706318,0.43,0.0031192880123853683,0.00526928948238492,0.01714663952589035
0,1,1007,2021-12-11,17091,0.0076716198,0.009060222655534744,0.37,0.00355863687582314,0.006350436247885227,0.020626170560717583
0,1,1011,2021-12-11,17103,0.010020991,0.007304931990802288,0.66,0.005565315950661898,0.0049452949315309525,0.0275751780718565
0,1,1013,2021-12-11,17107,0.0047287145,0.005147273652255535,0.43,0.001378796179778874,0.004213431850075722,0.00908221397548914
0,1,1017,2021-12-11,17117,0.0137807,0.013743353076279163,0.54,0.00011859560618177056,0.013489327393472195,0.013868728652596474
0,1,1024,2021-12-11,17161,0.010390501,0.007361643947660923,0.635,0.005953613668680191,0.004785074386745691,0.02727958746254444
0,1,1034,2021-12-11,18003,0.00951652,0.016998056322336197,0.165,0.008608072064816952,0.008892780169844627,0.042582057416439056
0,1,1039,2021-12-11,18021,0.0051725814,0.004455440677702427,0.675,0.0012016523396596313,0.0036983261816203594,0.008338063023984432
0,1,1048,2021-12-11,18053,0.008483659,0.009966488927602768,0.32,0.0035510819870978594,0.007542496547102928,0.020511645823717117
0,1,1055,2021-12-11,18087,0.029055567,0.015238458290696144,0.89,0.007697252556681633,0.009752413257956505,0.03926544263958931
0,1,1057,2021-12-11,18095,0.0077765,0.010013706982135773,0.27,0.003451788332313299,0.006699837278574705,0.02001977525651455
0,1,1058,2021-12-11,18097,0.004884912,0.007662205956876278,0.085,0.0028721883427351713,0.004794609732925892,0.01485718134790659
0,1,1068,2021-12-11,18131,0.0116787525,0.011963658034801483,0.5,0.0066196005791425705,0.006982605438679457,0.033993396908044815
0,1,1075,2021-12-11,18169,0.012376145,0.014627555385231972,0.42,0.00704439589753747,0.00857002567499876,0.034994110465049744
0,1,1077,2021-12-11,18177,0.01302335,0.012859227135777473,0.51,0.001891481806524098,0.010905212722718716,0.017704004421830177
0,1,1082,2021-12-11,19003,0.021478696,0.024856112897396088,0.345,0.006720047444105148,0.01960153877735138,0.04308673366904259
0,1,1089,2021-12-11,19017,0.04486265,0.0356258898973465,0.625,0.01809433102607727,0.016357386484742165,0.0805722251534462
0,1,1104,2021-12-11,19047,0.015576433,0.01760764792561531,0.355,0.0051245433278381824,0.012714482843875885,0.028588905930519104
0,1,1105,2021-12-11,19049,0.041084424,0.04380575940012932,0.475,0.023225076496601105,0.01731009967625141,0.09134465456008911
0,1,1110,2021-12-11,19059,0.0068127704,0.00590008869767189,0.835,0.0006449196371249855,0.005353324580937624,0.007584490347653627
0,1,1111,2021-12-11,19061,0.016029919,0.02846568450331688,0.17,0.014216111041605473,0.01525435782968998,0.06521692872047424
0,1,1117,2021-12-11,19075,0.027291236,0.02636093460023403,0.515,0.015174116007983685,0.016701245680451393,0.0640411227941513
0,1,1127,2021-12-11,19099,0.03733334,0.03930995240807533,0.355,0.0032741399481892586,0.035647012293338776,0.050810281187295914
0,1,1128,2021-12-11,19101,0.016052954,0.016427038237452507,0.2,0.0006428749184124172,0.015937937423586845,0.020700061693787575
0,1,1133,2021-12-11,19113,0.0128122335,0.014755573123693466,0.375,0.00871028658002615,0.010792937129735947,0.04272286966443062
0,1,1135,2021-12-11,19117,0.021849941,0.02230658009648323,0.215,0.0032309822272509336,0.021761689335107803,0.035023126751184464
0,1,1136,2021-12-11,19119,0.0058201714,0.005740594118833542,0.605,0.0002672524133231491,0.0054438128136098385,0.006458621937781572
0,1,1140,2021-12-11,19127,0.047129683,0.03442986682057381,0.625,0.023629644885659218,0.016419867053627968,0.09454725682735443
0,1,1142,2021-12-11,19131,0.023049446,0.05224069952964783,0.145,0.023629045113921165,0.018698783591389656,0.08446746319532394
0,1,1152,2021-12-11,19153,0.015123568,0.02778729423880577,0.235,0.019894201308488846,0.013618320226669312,0.08531493693590164
0,1,1155,2021-12-11,19159,0.029496962,0.030407262966036797,0.175,0.0007956483168527484,0.029387330636382103,0.032529693096876144
0,1,1157,2021-12-11,19163,0.008679766,0.010569281876087189,0.255,0.005594372749328613,0.0077429660595953465,0.02896568737924099
0,1,1163,2021-12-11,19175,0.030066833,0.02932988852262497,0.525,0.008646383881568909,0.021456418558955193,0.051370371133089066
0,1,1165,2021-12-11,19179,0.018712034,0.01919376477599144,0.36,0.0007657494861632586,0.018147917464375496,0.022601861506700516
0,1,1180,2021-12-11,20013,0.03366474,0.04017101973295212,0.21,0.006832101847976446,0.027971483767032623,0.050294481217861176
0,1,1181,2021-12-11,20015,0.013637304,0.008862730115652084,0.81,0.003906635567545891,0.005024917423725128,0.01841018907725811
0,1,1182,2021-12-11,20017,0.09599137,0.09533630311489105,0.53,0.006171294488012791,0.08230847865343094,0.10303844511508942
0,1,1184,2021-12-11,20027,0.049856305,0.03548022359609604,0.705,0.015451153740286827,0.01714472472667694,0.06670001149177551
0,1,1191,2021-12-11,20051,0.09039244,0.0914730578660965,0.28,0.0015226242830976844,0.08866724371910095,0.0937279760837555
0,1,1192,2021-12-11,20053,0.03634192,0.028289280831813812,0.655,0.010502662509679794,0.019040100276470184,0.055724162608385086
0,1,1197,2021-12-11,20065,0.11171776,0.11272364854812622,0.225,0.0010089876595884562,0.11049007624387741,0.11399245262145996
0,1,1202,2021-12-11,20079,0.024970204,0.02118580974638462,0.595,0.008282541297376156,0.01235138438642025,0.03982685133814812
0,1,1205,2021-12-11,20087,0.027794477,0.028068453073501587,0.49,0.0045113107189536095,0.022135594859719276,0.03459346666932106
0,1,1209,2021-12-11,20103,0.009992391,0.0073512401431798935,0.675,0.0037219126243144274,0.006309508346021175,0.018573926761746407
0,1,1219,2021-12-11,20127,0.030563718,0.036537736654281616,0.245,0.006994771305471659,0.02598482184112072,0.04731059446930885
0,1,1238,2021-12-11,20171,0.056920953,0.05710556358098984,0.055,0.00013240025145933032,0.056859761476516724,0.05730631574988365
0,1,1243,2021-12-11,20181,0.0068234797,0.006407188251614571,0.945,0.0003109658428002149,0.0059085143730044365,0.006946327164769173
0,1,1249,2021-12-11,20197,0.12974983,0.1352805197238922,0.335,0.009770872071385384,0.11289120465517044,0.14658725261688232
0,1,1250,2021-12-11,20199,0.026798239,0.027079304680228233,0.11,0.00019858650921378285,0.026681840419769287,0.027335267513990402
0,1,1252,2021-12-11,20203,0.15513913,0.1556244045495987,0.115,0.0003729208547156304,0.15485602617263794,0.15613099932670593
0,1,1254,2021-12-11,20209,0.019704256,0.015992626547813416,0.81,0.0023911823518574238,0.013292981311678886,0.01995977945625782
0,1,1256,2021-12-11,21011,0.0053237807,0.004658189602196217,0.645,0.0012610091362148523,0.003539264900609851,0.008076274767518044
0,1,1257,2021-12-11,21021,0.012504043,0.013188280165195465,0.315,0.000879634462762624,0.010993137955665588,0.01407612580806017
0,1,1267,2021-12-11,21079,0.0037834893,0.004143335856497288,0.265,0.00047167172306217253,0.003614217508584261,0.004925630055367947
0,1,1274,2021-12-11,21129,0.0032541023,0.0031088371761143208,0.565,0.0011623590253293514,0.002118262927979231,0.006138620898127556
0,1,1283,2021-12-11,21165,0.053359456,0.053382351994514465,0.265,2.508953730284702e-05,0.05334931239485741,0.05346739664673805
0,1,1293,2021-12-11,21205,0.0024392586,0.0023360801860690117,0.54,0.0008747245883569121,0.0019584032706916332,0.005263576749712229
0,1,1299,2021-12-11,21231,0.0053646485,0.005195592530071735,0.625,0.00027314212638884783,0.004802314098924398,0.005633927416056395
0,1,1305,2021-12-11,23003,0.007013569,0.006201622076332569,0.58,0.0034006182104349136,0.003353746607899666,0.016413614153862
0,1,1311,2021-12-11,25021,0.0066867745,0.0066086226142942905,0.51,0.0022783023305237293,0.004750589374452829,0.013452739454805851
0,1,1318,2021-12-11,26009,0.1260431,0.15656381845474243,0.185,0.023150404915213585,0.1057538166642189,0.17918828129768372
0,1,1324,2021-12-11,26027,0.10019472,0.10632286965847015,0.105,0.0033024162985384464,0.09659367054700851,0.10890654474496841
0,1,1325,2021-12-11,26029,0.07600613,0.0905643105506897,0.11,0.008859640918672085,0.06752405315637589,0.09875932335853577
0,1,1328,2021-12-11,26039,0.056985788,0.0481036938726902,0.65,0.015068716369569302,0.031482599675655365,0.07406505197286606
0,1,1330,2021-12-11,26043,0.02044265,0.024780385196208954,0.215,0.0032191427890211344,0.016054373234510422,0.027309782803058624
0,1,1334,2021-12-11,26053,0.030706676,0.03738703578710556,0.095,0.003830244764685631,0.028533896431326866,0.041004009544849396
0,1,1335,2021-12-11,26055,0.057858698,0.03147486597299576,0.935,0.012807310558855534,0.014076071791350842,0.06585048884153366
0,1,1336,2021-12-11,26059,0.038712583,0.011435724794864655,0.945,0.0118810273706913,0.004394426941871643,0.04821094125509262
0,1,1350,2021-12-11,26093,0.021643199,0.025842813774943352,0.335,0.005819984711706638,0.013605556450784206,0.0305744968354702
0,1,1351,2021-12-11,26097,0.10445759,0.10464583337306976,0.45,0.000698945252224803,0.10311747342348099,0.10549690574407578
0,1,1361,2021-12-11,26121,0.010125076,0.012761049903929234,0.315,0.00962874200195074,0.006530295591801405,0.04508982598781586
0,1,1368,2021-12-11,26139,0.0064154724,0.008899997919797897,0.17,0.009115749970078468,0.0057908096350729465,0.04299502447247505
0,1,1370,2021-12-11,26143,0.21817195,0.25215059518814087,0.19,0.020648809149861336,0.1968817561864853,0.2632747292518616
0,1,1382,2021-12-11,27015,0.008647702,0.007975965738296509,0.62,0.0012229366693645716,0.0068394700065255165,0.010805254802107811
0,1,1389,2021-12-11,27043,0.020726884,0.015507346019148827,0.715,0.006226418539881706,0.010865746065974236,0.03375522792339325
0,1,1396,2021-12-11,27067,0.0042549586,0.004349322058260441,0.335,0.00024030092754401267,0.00416555255651474,0.005085339769721031
0,1,1399,2021-12-11,27083,0.007824367,0.007614899426698685,0.73,0.0002796501212287694,0.007282692473381758,0.008381309919059277
0,1,1405,2021-12-11,27105,0.005763453,0.005684738513082266,0.56,0.00023450757726095617,0.005463683977723122,0.006304014474153519
0,1,1411,2021-12-11,27131,0.014618133,0.012320548295974731,0.595,0.0048638381995260715,0.008781314827501774,0.027012726292014122
0,1,1414,2021-12-11,27141,0.006162613,0.006056486628949642,0.55,0.0005211766692809761,0.005718613974750042,0.00797309260815382
0,1,1420,2021-12-11,27165,0.009211648,0.008597489446401596,0.69,0.0006999786128289998,0.007959047332406044,0.010372940450906754
0,1,1423,2021-12-11,27173,0.0076890416,0.007294299080967903,0.67,0.0005667080404236913,0.006858245003968477,0.008907237090170383
0,1,1429,2021-12-11,29019,0.0035591323,0.0031149322167038918,0.715,0.0005621434538625181,0.002688576001673937,0.004651246126741171
0,1,1438,2021-12-11,29049,0.022392072,0.016407497227191925,0.865,0.004683505278080702,0.010045506991446018,0.025860171765089035
0,1,1441,2021-12-11,29063,0.01957323,0.020016755908727646,0.38,0.0009086584905162454,0.018932104110717773,0.021832073107361794
0,1,1442,2021-12-11,29065,0.0021774846,0.002010006457567215,0.91,9.649516869103536e-05,0.0019111497094854712,0.0022222481202334166
0,1,1446,2021-12-11,29073,0.007876345,0.007854828611016273,0.865,1.4057749467610847e-05,0.007838677614927292,0.007900224067270756
0,1,1466,2021-12-11,29155,0.16293725,0.16295963525772095,0.465,0.0002749837876763195,0.16225500404834747,0.16321693360805511
0,1,1470,2021-12-11,29165,0.012685173,0.012866562232375145,0.475,0.001667967066168785,0.011534890159964561,0.016127703711390495
0,1,1472,2021-12-11,29169,0.0021299503,0.0020033642649650574,0.84,0.00010509687854209915,0.0018580257892608643,0.002204339252784848
0,1,1473,2021-12-11,29171,0.02346313,0.01626472733914852,0.92,0.004176913760602474,0.011310942471027374,0.02558084763586521
0,1,1474,2021-12-11,29173,0.004112338,0.003980055917054415,0.53,0.000862827233504504,0.003248611930757761,0.006522926036268473
0,1,1475,2021-12-11,29175,0.0036203237,0.0027645318768918514,0.73,0.0007511689909733832,0.0022393211256712675,0.0047643124125897884
0,1,1477,2021-12-11,29179,0.012823706,0.012845982797443867,0.255,2.540296918596141e-05,0.012802371755242348,0.012886198237538338
0,1,1484,2021-12-11,29215,0.0060182256,0.00598763395100832,0.83,1.8881408323068172e-05,0.0059769428335130215,0.006045876536518335
0,1,1491,2021-12-11,30097,0.0005495052,0.000545246759429574,0.965,2.1116748030181043e-06,0.0005402019014582038,0.0005506721790879965
0,1,1496,2021-12-11,32023,0.006085019,0.0061101727187633514,0.145,2.115595452778507e-05,0.006082592532038689,0.006159203592687845
0,1,1499,2021-12-11,35003,0.002275895,0.0024581891484558582,0.1,0.00015319134399760514,0.0022550944704562426,0.0027631123084574938
0,1,1500,2021-12-11,35005,0.0008040775,0.0008057758677750826,0.32,3.0014859930815874e-06,0.0008010552264750004,0.0008124365704134107
0,1,1503,2021-12-11,35015,0.0009997254,0.0010059592314064503,0.175,5.568630058405688e-06,0.0009975532302632928,0.0010164215927943587
0,1,1506,2021-12-11,35027,0.0013314703,0.0012962478213012218,0.955,1.2662513654504437e-05,0.0012765731662511826,0.0013523659436032176
0,1,1508,2021-12-11,35029,0.0049972967,0.004997283220291138,0.59,7.72864368059345e-08,0.004997092764824629,0.004997489042580128
0,1,1521,2021-12-11,36003,0.006002718,0.00894213654100895,0.26,0.0062544383108615875,0.005656491033732891,0.028452295809984207
0,1,1524,2021-12-11,36013,0.022931956,0.01711164228618145,0.705,0.0076310764998197556,0.010300356894731522,0.03830669820308685
0,1,1527,2021-12-11,36027,0.0050000604,0.005469714291393757,0.28,0.0015855402452871203,0.004774953704327345,0.010726533830165863
0,1,1528,2021-12-11,36029,0.00822873,0.009954801760613918,0.04,0.010138437151908875,0.008138822391629219,0.04733819514513016
0,1,1534,2021-12-11,36041,0.26213977,0.2598346769809723,0.565,0.010460932739078999,0.22991035878658295,0.26693734526634216
0,1,1542,2021-12-11,36059,0.0026550598,0.003123711096122861,0.255,0.0005558202974498272,0.00251779449172318,0.004585889168083668
0,1,1554,2021-12-11,36097,0.02569717,0.025791145861148834,0.015,0.00030824870918877423,0.025693457573652267,0.027268849313259125
0,1,1558,2021-12-11,36113,0.0054160566,0.006251133978366852,0.315,0.0031765883322805166,0.004890579730272293,0.018507245928049088
0,1,1559,2021-12-11,36115,0.0037759372,0.005267108790576458,0.225,0.0025322148576378822,0.0035561027470976114,0.013388808816671371
0,1,1565,2021-12-11,37067,0.0024799185,0.002458773786202073,0.695,2.7318914362695068e-05,0.002424017759039998,0.0025024027563631535
0,1,1569,2021-12-11,37159,0.0016625586,0.0016272919019684196,0.875,1.8692620869842358e-05,0.0016189737943932414,0.0016884967917576432
0,1,1572,2021-12-11,39015,0.0036274015,0.0032570704352110624,0.605,0.0007614202913828194,0.002688620239496231,0.005825051572173834
0,1,1575,2021-12-11,39037,0.0116533395,0.01183946244418621,0.47,0.0026545480359345675,0.009374524466693401,0.01879320852458477
0,1,1576,2021-12-11,39039,0.013633377,0.01477600447833538,0.46,0.007785392459481955,0.00869553443044424,0.04020659625530243
0,1,1581,2021-12-11,39055,0.012769268,0.013414699584245682,0.355,0.0011934260837733746,0.011023333296179771,0.014554299414157867
0,1,1586,2021-12-11,39089,0.007480671,0.008292337879538536,0.435,0.004119090270251036,0.005043837241828442,0.019395332783460617
0,1,1601,2021-12-11,39157,0.0076449644,0.008108342066407204,0.4,0.0018994880374521017,0.006989450193941593,0.014212779700756073
0,1,1602,2021-12-11,39161,0.014421098,0.020163271576166153,0.275,0.007914841175079346,0.011179180815815926,0.041692133992910385
0,1,1608,2021-12-11,40043,0.010626969,0.013438867405056953,0.215,0.003044868353754282,0.009668763726949692,0.019749555736780167
0,1,1611,2021-12-11,40071,0.008847766,0.009444013237953186,0.425,0.003148313146084547,0.006686052307486534,0.0173468180000782
0,1,1616,2021-12-11,40139,0.006395611,0.006365844048559666,0.76,2.763166048680432e-05,0.0063345725648105145,0.006429424975067377
0,1,1619,2021-12-11,41011,0.009550315,0.010435041040182114,0.195,0.0007397783338092268,0.009347273968160152,0.011667606420814991
0,1,1623,2021-12-11,42003,0.0026807415,0.004478515591472387,0.005,0.0019470220431685448,0.002673054113984108,0.009864573366940022
0,1,1629,2021-12-11,44003,0.016734114,0.011283887550234795,0.725,0.006714166607707739,0.005635961890220642,0.02892468497157097
0,1,1630,2021-12-11,44007,0.011117192,0.008906286209821701,0.615,0.004932541400194168,0.005104569718241692,0.02304071933031082
0,1,1646,2021-12-11,46035,0.0034632485,0.0034505873918533325,0.87,9.571410373609979e-06,0.003431864781305194,0.0034678163938224316
0,1,1652,2021-12-11,46047,0.0004573407,0.0004606722795870155,0.115,2.958344339276664e-06,0.0004549952573142946,0.0004670092312153429
0,1,1655,2021-12-11,46053,0.0073696095,0.0073141856119036674,0.645,0.00012150708789704368,0.007120529655367136,0.007624249905347824
0,1,1659,2021-12-11,46061,0.0035916064,0.00353854987770319,0.78,5.49959295312874e-05,0.0034647660795599222,0.0036484114825725555
0,1,1660,2021-12-11,46063,0.0017978277,0.0018052126979455352,0.185,5.594232334260596e-06,0.0017965428996831179,0.00181540846824646
0,1,1661,2021-12-11,46065,0.001097963,0.0011050004977732897,0.2,8.033201993384864e-06,0.00109597179107368,0.001122193061746657
0,1,1673,2021-12-11,46089,0.00094344263,0.0009575647418387234,0.31,2.1246962205623277e-05,0.0009308916633017361,0.001000629854388535
0,1,1674,2021-12-11,46091,0.0023158353,0.0022130408324301243,0.77,9.360753028886393e-05,0.0021114139817655087,0.00243145739659667
0,1,1679,2021-12-11,46101,0.0063918373,0.006144202314317226,0.895,0.00013093033339828253,0.0060298326425254345,0.006539969239383936
0,1,1686,2021-12-11,46119,0.0008392167,0.000842263107188046,0.46,1.3865806067769881e-05,0.0008227563230320811,0.0008678282611072063
0,1,1692,2021-12-11,46137,0.0012994267,0.001305058365687728,0.065,4.017043011117494e-06,0.0012988136149942875,0.0013126631965860724
0,1,1697,2021-12-11,47037,0.054689553,0.054312318563461304,0.855,0.00026091086328960955,0.05386677384376526,0.05477515235543251
0,1,1698,2021-12-11,47043,0.0063615222,0.005945364944636822,0.81,0.0004044013621751219,0.005313406232744455,0.006655490025877953
0,1,1700,2021-12-11,47047,0.007601039,0.007602726574987173,0.495,0.00031176942866295576,0.007079607807099819,0.008097667247056961
0,1,1701,2021-12-11,47051,0.0031669086,0.0031873942352831364,0.445,0.00012469725334085524,0.00309095811098814,0.0035442912485450506
0,1,1704,2021-12-11,47061,0.004695289,0.004706231411546469,0.455,8.115286618703976e-05,0.004632837139070034,0.0049248007126152515
0,1,1713,2021-12-11,47095,0.042356852,0.0426689013838768,0.11,0.0002312341530341655,0.042205363512039185,0.04299413412809372
0,1,1715,2021-12-11,47107,0.0036790096,0.003673071973025799,0.51,6.434623355744407e-05,0.00359888537786901,0.0037778334226459265
0,1,1726,2021-12-11,47151,0.003275739,0.003452190663665533,0.34,0.0005101471906527877,0.0030331402085721493,0.004776801448315382
0,1,1728,2021-12-11,47157,0.017097732,0.01693025603890419,0.785,0.00014516626833938062,0.01663142442703247,0.01716148480772972
0,1,1736,2021-12-11,48065,0.02760315,0.02760738879442215,0.275,4.820569301955402e-06,0.027600618079304695,0.027614519000053406
0,1,1738,2021-12-11,48109,0.0007354388,0.0007404590141959488,0.055,4.038702172692865e-06,0.0007349870284087956,0.0007488005794584751
0,1,1740,2021-12-11,48117,0.0038793152,0.003867676015943289,0.525,8.966286986833438e-05,0.003724499139934778,0.004023315384984016
0,1,1742,2021-12-11,48195,0.010956418,0.011040396988391876,0.2,7.185110007412732e-05,0.01090562716126442,0.01113008800894022
0,1,1750,2021-12-11,48369,0.0033234132,0.00330648897215724,0.595,5.527440589503385e-05,0.003227825975045562,0.003415459068492055
0,1,1762,2021-12-11,49035,0.0015339972,0.0015128820668905973,0.76,2.41885627474403e-05,0.001466130604967475,0.0015421463176608086
0,1,1763,2021-12-11,49045,0.008308557,0.008299395442008972,0.78,7.827778972568922e-06,0.008290642872452736,0.00831239391118288
0,1,1768,2021-12-11,50005,0.0037909707,0.004401123151183128,0.365,0.0016389702213928103,0.0025850231759250164,0.008909888565540314
0,1,1769,2021-12-11,50007,0.00481293,0.005664760246872902,0.205,0.0015056058764457703,0.004715029615908861,0.011081624776124954
0,1,1777,2021-12-11,50023,0.0058170254,0.007264999207109213,0.235,0.0018960456363856792,0.005575231276452541,0.013048568740487099
0,1,1785,2021-12-11,53021,0.0021036777,0.002378258854150772,0.11,0.00019380096637178212,0.0020802360959351063,0.0027516651898622513
0,1,1787,2021-12-11,53073,0.026100885,0.02616734430193901,0.16,8.360316132893786e-05,0.026077715680003166,0.026364566758275032
0,1,1791,2021-12-11,54075,0.0028687976,0.0039419266395270824,0.325,0.002331032184883952,0.0023967118468135595,0.011172463186085224
0,1,1796,2021-12-11,55017,0.016466448,0.024774840101599693,0.16,0.0057947272434830666,0.010097064077854156,0.03016628697514534
0,1,1799,2021-12-11,55023,0.018875567,0.029603291302919388,0.365,0.02167476713657379,0.011730599217116833,0.08399797976016998
0,1,1805,2021-12-11,55039,0.015287831,0.015542224049568176,0.495,0.006900912616401911,0.011852327734231949,0.03898158669471741
0,1,1806,2021-12-11,55043,0.014853916,0.03436233103275299,0.225,0.02082938142120838,0.012138896621763706,0.08227303624153137
0,1,1807,2021-12-11,55045,0.0078339,0.011515019461512566,0.165,0.008450351655483246,0.007706666365265846,0.04154891148209572
0,1,1818,2021-12-11,55075,0.0405857,0.04265788197517395,0.015,0.0009552425472065806,0.040283240377902985,0.04377461597323418
0,1,1824,2021-12-11,55089,0.031383917,0.029179368168115616,0.52,0.009807592257857323,0.009116802364587784,0.03530578315258026
0,1,1827,2021-12-11,55097,0.013769052,0.014529604464769363,0.08,0.0005576484836637974,0.013708156533539295,0.015238194726407528
0,1,1835,2021-12-11,55123,0.023076702,0.03479592874646187,0.265,0.012565641663968563,0.01993853971362114,0.06304129213094711
0,1,1836,2021-12-11,55125,0.27697325,0.30004000663757324,0.105,0.012996924109756947,0.26042503118515015,0.3093758225440979
0,1,1839,2021-12-11,55133,0.024796745,0.020021703094244003,0.945,0.005434111226350069,0.00940867979079485,0.02493678592145443
0,1,1844,2021-12-11,56005,0.0033436692,0.0033664396032691,0.19,2.52000245382078e-05,0.0033427299931645393,0.0034337290562689304
0,1,1849,2021-12-11,56021,0.0048288894,0.004824978765100241,0.78,3.8116668292786926e-06,0.0048203482292592525,0.004835387691855431
0,1,1851,2021-12-11,56029,0.0008168528,0.0008379785576835275,0.1,1.7179520000354387e-05,0.0008160184952430427,0.0008754680748097599
0,1,1857,2022-06-08,01023,0.0036454322,0.0036385166458785534,0.99,5.187564966036007e-06,0.0036291591823101044,0.003645646618679166
0,1,1859,2022-06-08,01045,0.003323575,0.0032631070353090763,0.94,3.966534495702945e-05,0.0032025943510234356,0.0033373229671269655
0,1,1866,2022-06-08,05011,0.057100546,0.05711481720209122,0.075,7.865242878324352e-06,0.05709878355264664,0.057124920189380646
0,1,1873,2022-06-08,05149,0.054671943,0.05467010289430618,0.52,1.495650485594524e-05,0.054642923176288605,0.05469568073749542
0,1,1875,2022-06-08,06017,0.010911566,0.010904273018240929,0.965,6.3781349126657005e-06,0.010890393517911434,0.01091270986944437
0,1,1876,2022-06-08,06029,0.005997544,0.005998585373163223,0.02,5.223852781455207e-07,0.005997486878186464,0.005999444518238306
0,1,1882,2022-06-08,06091,0.011090476,0.011319592595100403,0.04,0.00014867846039123833,0.01108092162758112,0.011579114012420177
0,1,1884,2022-06-08,08009,0.004193511,0.004166685976088047,0.665,4.9952232075156644e-05,0.004097812343388796,0.0042647807858884335
0,1,1890,2022-06-08,08101,0.008532049,0.008532525040209293,0.425,1.486798282712698e-06,0.008529748767614365,0.008534989319741726
0,1,1894,2022-06-08,12031,0.004669666,0.004708299413323402,0.425,0.00010405517969047651,0.0045755961909890175,0.00489852437749505
0,1,1903,2022-06-08,13229,0.0036528858,0.003692937782034278,0.115,2.8250815375940874e-05,0.0036349333822727203,0.003749883035197854
0,1,1905,2022-06-08,16039,0.009969213,0.009971696883440018,0.02,1.1615154562605312e-06,0.009968961589038372,0.009973498061299324
0,1,1906,2022-06-08,17019,0.0043244474,0.004340394400060177,0.31,2.0740706531796604e-05,0.0043085310608148575,0.00436903303489089
0,1,1913,2022-06-08,17117,0.00770181,0.007701011374592781,0.535,9.150300684268586e-06,0.0076860832050442696,0.00772034702822566
0,1,1922,2022-06-08,18095,0.0030013907,0.0030276235193014145,0.26,2.6018225980806164e-05,0.0029857708141207695,0.0030667055398225784
0,1,1925,2022-06-08,18177,0.0034876382,0.003485889872536063,0.505,4.6144199586706236e-05,0.0034044981002807617,0.0035565488506108522
0,1,1931,2022-06-08,19163,0.0026963074,0.0027172379195690155,0.06,1.5804522263351828e-05,0.0026896169874817133,0.0027470497880131006
0,1,1933,2022-06-08,19175,0.030685965,0.03068963810801506,0.185,5.831691851199139e-06,0.03068341501057148,0.03070395439863205
0,1,1934,2022-06-08,21015,0.005379514,0.00533979432657361,0.75,4.8780726501718163e-05,0.0053026108071208,0.005460529588162899
0,1,1938,2022-06-08,21117,0.012154661,0.012140665203332901,0.55,5.808587957290001e-05,0.012096352875232697,0.012279539369046688
0,1,1941,2022-06-08,22051,0.006275233,0.006300864741206169,0.415,9.794188372325152e-05,0.00613414729014039,0.006474943365901709
0,1,1945,2022-06-08,23025,0.002533081,0.0025095664896070957,0.57,7.935133180581033e-05,0.002424894832074642,0.00270165060646832
0,1,1949,2022-06-08,24017,0.0029526118,0.0029545524157583714,0.065,1.1640570392046357e-06,0.0029507013969123363,0.002957141026854515
0,1,1952,2022-06-08,24031,0.0016111489,0.0016408695373684168,0.12,1.697744482953567e-05,0.0016078080516308546,0.0016629755264148116
0,1,1955,2022-06-08,26027,0.003054641,0.003050006926059723,0.895,4.201124738756334e-06,0.0030416781082749367,0.003056782064959407
0,1,1961,2022-06-08,28021,0.009154425,0.009157020598649979,0.27,5.482753294927534e-06,0.009153186343610287,0.009169564582407475
0,1,1969,2022-06-08,28089,0.007286836,0.0073084719479084015,0.035,8.995211828732863e-06,0.007283478509634733,0.00731595978140831
0,1,1975,2022-06-08,28149,0.008376903,0.008350340649485588,0.93,1.5829522453714162e-05,0.00833057425916195,0.008379840292036533
0,1,1980,2022-06-08,29015,0.004083727,0.004090222530066967,0.285,1.0323928108846303e-05,0.004071622155606747,0.004113869741559029
0,1,1981,2022-06-08,29019,0.0058029485,0.005789367016404867,0.575,3.718411971931346e-05,0.005712657235562801,0.005842491053044796
0,1,1984,2022-06-08,29049,0.004912641,0.004944013897329569,0.06,2.1827341697644442e-05,0.004905402660369873,0.0049839685671031475
0,1,1997,2022-06-08,29165,0.024554001,0.024549491703510284,0.685,1.0575191481621005e-05,0.02451765164732933,0.024560797959566116
0,1,2005,2022-06-08,32005,0.0025461044,0.002546665957197547,0.355,2.128636651832494e-06,0.0025443178601562977,0.002551797777414322
0,1,2009,2022-06-08,32015,0.010553638,0.010554201900959015,0.035,2.3978762442311563e-07,0.010553554631769657,0.01055452972650528
0,1,2016,2022-06-08,34007,0.0022970652,0.0022144948597997427,0.715,0.00011609877401497215,0.002037297934293747,0.002446888480335474
0,1,2021,2022-06-08,35003,0.00018763263,0.00018691676086746156,0.93,5.084208396510803e-07,0.00018608372192829847,0.0001877647009678185
0,1,2033,2022-06-08,37049,0.0030925954,0.0030831960029900074,0.71,1.3805100934405345e-05,0.003050385508686304,0.0031123189255595207
0,1,2036,2022-06-08,37061,0.002880953,0.002856901381164789,0.845,3.006593215104658e-05,0.0027956049889326096,0.002889507682994008
0,1,2039,2022-06-08,37119,0.0016501051,0.0016578782815486193,0.22,5.603190857073059e-06,0.0016458109021186829,0.001661968883126974
0,1,2046,2022-06-08,37153,0.0034314624,0.0034316768869757652,0.475,1.4704519344377331e-05,0.0033941834699362516,0.003448745235800743
0,1,2049,2022-06-08,39009,0.03406041,0.03408924490213394,0.21,3.402883521630429e-05,0.0340350978076458,0.03414634242653847
0,1,2051,2022-06-08,39015,0.01306437,0.01307561807334423,0.385,4.991339301341213e-05,0.013028162531554699,0.013191604055464268
0,1,2058,2022-06-08,39037,0.002242199,0.0022552600130438805,0.31,2.040930667135399e-05,0.0022190671879798174,0.002285154303535819
0,1,2066,2022-06-08,39073,0.016035829,0.01606278121471405,0.185,2.5469988031545654e-05,0.016019567847251892,0.016100920736789703
0,1,2067,2022-06-08,39083,0.002894891,0.0028791730292141438,0.72,1.724114736134652e-05,0.0028564254753291607,0.0029082451947033405
0,1,2091,2022-06-08,40071,0.0025701183,0.002625302877277136,0.01,3.061240568058565e-05,0.0025601729284971952,0.002671735128387809
0,1,2092,2022-06-08,40081,0.05772179,0.05775567144155502,0.395,9.031327499542385e-05,0.057562168687582016,0.05785728245973587
0,1,2093,2022-06-08,40097,0.0028892166,0.0028854343108832836,0.765,7.69822781876428e-06,0.0028635032940655947,0.0028993485029786825
0,1,2094,2022-06-08,40103,0.013318508,0.013312430121004581,0.705,8.166312909452245e-06,0.013302842155098915,0.013330221176147461
0,1,2099,2022-06-08,40131,0.0034418297,0.003482717089354992,0.04,3.1396979466080666e-05,0.003436753759160638,0.0035462439991533756
0,1,2101,2022-06-08,40139,0.0038236617,0.0037595198955386877,0.615,0.00011758800246752799,0.0036166063509881496,0.003985470160841942
0,1,2106,2022-06-08,42007,0.0023036895,0.0023156916722655296,0.4,2.53294529102277e-05,0.0022821223828941584,0.0023637821432203054
0,1,2113,2022-06-08,45053,0.002928402,0.0030186825897544622,0.095,7.845256186556071e-05,0.002896698657423258,0.0031705668661743402
0,1,2115,2022-06-08,45079,0.0023709955,0.002366656670346856,0.625,1.0738702258095145e-05,0.002344910055398941,0.002378673292696476
0,1,2124,2022-06-08,46035,0.0022832213,0.002297971397638321,0.34,3.299415766377933e-05,0.0022372715175151825,0.002360309474170208
0,1,2128,2022-06-08,46053,0.0018039187,0.0017878608778119087,0.645,3.226697299396619e-05,0.001737275393679738,0.0018568354425951838
0,1,2131,2022-06-08,46063,0.030772991,0.030875347554683685,0.095,5.930394399911165e-05,0.030743062496185303,0.03095213510096073
0,1,2132,2022-06-08,46065,0.0031632027,0.0031287241727113724,0.795,4.421322955749929e-05,0.003040216863155365,0.003192363539710641
0,1,2148,2022-06-08,46119,0.0030136255,0.003005255712196231,0.58,3.9765858673490584e-05,0.0029242425225675106,0.003067939542233944
0,1,2154,2022-06-08,48065,0.043150656,0.04314626753330231,0.72,5.200669420446502e-06,0.04313739389181137,0.04315542057156563
0,1,2157,2022-06-08,48087,0.0036480096,0.003655166132375598,0.05,4.876311322732363e-06,0.003645392367616296,0.003663550829514861
0,1,2161,2022-06-08,48117,0.007760137,0.007760125678032637,0.505,1.985603148568771e-06,0.007757393643260002,0.00776537973433733
0,1,2162,2022-06-08,48125,0.0029088142,0.0029109178576618433,0.165,2.2444999103754526e-06,0.0029078905936330557,0.0029172562062740326
0,1,2168,2022-06-08,48195,0.14729705,0.14730249345302582,0.305,6.692899205518188e-06,0.14728623628616333,0.14730940759181976
0,1,2175,2022-06-08,48303,0.0022776078,0.0022722575813531876,0.58,2.1382436898420565e-05,0.0022504024673253298,0.002324351342394948
0,1,2188,2022-06-08,51003,0.0026846381,0.002692901762202382,0.365,1.6660595065332018e-05,0.002659966703504324,0.0027163203340023756
0,1,2190,2022-06-08,51015,0.0026804323,0.0027347449213266373,0.21,5.348402191884816e-05,0.00262975855730474,0.0028136426117271185
0,1,2192,2022-06-08,51047,0.0016449754,0.0016136986669152975,0.965,2.2192392862052657e-05,0.0015794250648468733,0.001646873657591641
0,1,2204,2022-06-08,51127,0.013609377,0.013602903112769127,0.965,4.144315425946843e-06,0.013595417141914368,0.013610243797302246
0,1,2207,2022-06-08,51149,0.0019195576,0.001908677164465189,0.93,1.3278049664222635e-05,0.001875370042398572,0.0019205303397029638
0,1,2209,2022-06-08,51157,0.0026200376,0.002620261162519455,0.5,1.2779294593201485e-05,0.0026084529235959053,0.0026487170252949
0,1,2223,2022-06-08,54053,0.0035528315,0.0035549597814679146,0.375,8.06842672318453e-06,0.003543790662661195,0.0035724297631531954
0,1,2229,2022-06-08,54091,0.04966077,0.04963643476366997,0.665,4.480647839955054e-05,0.049577053636312485,0.049718741327524185
0,1,2232,2022-06-08,54107,0.006834416,0.00683388439938426,0.515,1.11994468170451e-05,0.006829058285802603,0.006865245755761862
0,1,2236,2022-06-08,55133,0.0045343265,0.004542921204119921,0.245,8.695751603227109e-06,0.004526674747467041,0.00455889105796814
0,1,2237,2022-06-08,56005,0.0017584222,0.0017521267291158438,0.845,4.590655407810118e-06,0.0017461440293118358,0.0017637108685448766
0,1,2238,2022-06-08,56021,0.0009859005,0.0009861413855105639,0.43,1.368916514365992e-06,0.0009832842042669654,0.000988640240393579
0,1,2245,2024-02-27,04001,0.0012022133,0.001315377769060433,0.16,0.00010565535194473341,0.0011865480337291956,0.0015629181871190667
0,1,2250,2024-02-27,06017,0.008565043,0.009096911177039146,0.085,0.0006599769694730639,0.008528458885848522,0.010710864327847958
0,1,2253,2024-02-27,06029,0.001674406,0.0021870750933885574,0.045,0.00047015707241371274,0.0016665442381054163,0.0033293995074927807
0,1,2263,2024-02-27,06065,0.0007010403,0.0008451088797301054,0.03,0.00011422119132475927,0.0007003449136391282,0.001112801255658269
0,1,2266,2024-02-27,06075,0.002897822,0.004282877314835787,0.0,0.0016678174724802375,0.002912124153226614,0.009669634513556957
0,1,2268,2024-02-27,06087,0.0029647327,0.003601966891437769,0.01,0.001994737423956394,0.002961713122203946,0.011960669420659542
0,1,2269,2024-02-27,06091,0.13242775,0.13187265396118164,0.715,0.0006732417386956513,0.1304134875535965,0.13259842991828918
0,1,2272,2024-02-27,08009,0.0018803781,0.0018312367610633373,0.665,7.128743891371414e-05,0.0017488835146650672,0.001980551052838564
0,1,2273,2024-02-27,08013,0.000674182,0.0006880353903397918,0.085,1.0854226275114343e-05,0.0006724682170897722,0.000710180785972625
0,1,2279,2024-02-27,08051,0.0091676535,0.01298234611749649,0.11,0.0027733170427381992,0.008675596676766872,0.018689433112740517
0,1,2280,2024-02-27,08069,0.00081250566,0.0008124575251713395,0.505,3.917632966476958e-06,0.0008047014707699418,0.0008212961838580668
0,1,2283,2024-02-27,08081,0.0068217497,0.006696893833577633,0.935,8.690988761372864e-05,0.006546285934746265,0.006828405428677797
0,1,2286,2024-02-27,08101,0.001996413,0.002036915859207511,0.365,0.00010559454676695168,0.0018902021693065763,0.0022552390582859516
0,1,2288,2024-02-27,08105,0.0060963538,0.007830189540982246,0.225,0.001954352017492056,0.005422502756118774,0.012554975226521492
0,1,2293,2024-02-27,13073,0.0011698478,0.001071613049134612,0.82,8.325713861268014e-05,0.0009585792431607842,0.0012287773424759507
0,1,2299,2024-02-27,13139,0.0009901401,0.0009920465527102351,0.495,5.7758075854508206e-05,0.0009420799906365573,0.001140840700827539
0,1,2300,2024-02-27,13147,0.0010901273,0.0009639952331781387,0.945,5.959913323749788e-05,0.0009109922684729099,0.0011202720925211906
0,1,2311,2024-02-27,16015,0.011997631,0.012090788222849369,0.06,7.951450243126601e-05,0.011984535492956638,0.012272553518414497
0,1,2312,2024-02-27,16025,0.0062466594,0.006375914439558983,0.105,0.0001418267493136227,0.006239691749215126,0.006767707411199808
0,1,2314,2024-02-27,16039,0.009555084,0.009841946884989738,0.05,0.00023406307445839047,0.00954998005181551,0.010344344191253185
0,1,2327,2024-02-27,17063,0.0028681443,0.002904570195823908,0.44,0.0001815563882701099,0.002641371451318264,0.003265476319938898
0,1,2332,2024-02-27,17103,0.0026490802,0.002538475673645735,0.66,0.0001860493648564443,0.0022869373206049204,0.002916469471529126
0,1,2333,2024-02-27,17143,0.0020558743,0.0020113298669457436,0.56,0.0001531676243757829,0.001813529059290886,0.0023240295704454184
0,1,2339,2024-02-27,17193,0.0015217612,0.0014371653087437153,0.635,0.00014782420475967228,0.0012675945181399584,0.0017347411485388875
0,1,2340,2024-02-27,17199,0.0013702468,0.0013012721901759505,0.805,6.3184583268594e-05,0.0012218948686495423,0.0014415682526305318
0,1,2341,2024-02-27,18003,0.0027857195,0.0033662142232060432,0.185,0.0009806925663724542,0.0027361128013581038,0.005983211100101471
0,1,2342,2024-02-27,18021,0.0017981714,0.0016678525134921074,0.705,0.0001726418558973819,0.0014966103481128812,0.002083870116621256
0,1,2343,2024-02-27,18051,0.0022479938,0.002068763133138418,0.68,0.00023034424521028996,0.0018329480662941933,0.0026241124141961336
0,1,2344,2024-02-27,18059,0.0015539157,0.0017237977590411901,0.245,0.0002385134866926819,0.0014881485840305686,0.002308244351297617
0,1,2350,2024-02-27,18097,0.001468401,0.0017022710526362062,0.035,0.0002336139150429517,0.0014585817698389292,0.0022829314693808556
0,1,2358,2024-02-27,21011,0.0063931923,0.006463233847171068,0.265,0.00010096152982441708,0.006294694263488054,0.006615764927119017
0,1,2361,2024-02-27,21021,0.0028402263,0.0022673807106912136,0.76,0.0005242847837507725,0.0018598003080114722,0.003796698758378625
0,1,2372,2024-02-27,21083,0.0014820182,0.0015178413596004248,0.365,7.4943651270587e-05,0.0014380502980202436,0.001680233865045011
0,1,2374,2024-02-27,21091,0.0035441942,0.0037245904095470905,0.09,0.00011202643509022892,0.0035174156073480844,0.0038542901165783405
0,1,2376,2024-02-27,21097,0.0032365143,0.0030050682835280895,0.585,0.0006069663213565946,0.002497714012861252,0.004773592110723257
0,1,2389,2024-02-27,21205,0.0027991473,0.002721247961744666,0.535,0.00045025922008790076,0.0023706869687885046,0.004052064847201109
0,1,2390,2024-02-27,21207,0.0069354526,0.006999511271715164,0.225,6.230951839825138e-05,0.006853758357465267,0.007067079655826092
0,1,2397,2024-02-27,25005,0.00404577,0.003633748274296522,0.645,0.0008844155818223953,0.003297143615782261,0.00734616257250309
0,1,2402,2024-02-27,25021,0.002808095,0.0027087205089628696,0.545,0.000776003347709775,0.002293229568749666,0.005806820001453161
0,1,2414,2024-02-27,29133,0.0013868599,0.001371151302009821,0.585,6.066017158445902e-05,0.001305180136114359,0.0015035253018140793
0,1,2421,2024-02-27,30007,0.0024644132,0.0024329612497240305,0.97,1.1698659363901243e-05,0.0024264308158308268,0.0024675626773387194
0,1,2426,2024-02-27,30035,0.0024989168,0.0021752140019088984,0.89,0.00016594141197856516,0.002009391551837325,0.002670581452548504
0,1,2435,2024-02-27,30073,0.0011850807,0.0010895481100305915,0.74,0.00011982557771261781,0.001000087708234787,0.0014371619326993823
0,1,2437,2024-02-27,30089,0.007978736,0.007907135412096977,0.87,3.564225698937662e-05,0.007892535999417305,0.008025207556784153
0,1,2442,2024-02-27,32005,0.028694432,0.03409712389111519,0.055,0.004246707074344158,0.028506537899374962,0.043738361448049545
0,1,2446,2024-02-27,32015,0.015514171,0.016403663903474808,0.085,0.0009874338284134865,0.015498400665819645,0.01901181973516941
0,1,2449,2024-02-27,32023,0.008939664,0.02677614614367485,0.03,0.013533318415284157,0.008805710822343826,0.05442742630839348
0,1,2457,2024-02-27,35003,0.0013658451,0.0014498287346214056,0.09,7.011925481492653e-05,0.00135932513512671,0.0015929975779727101
0,1,2458,2024-02-27,35005,0.0037384005,0.0037574092857539654,0.145,1.5204153896775097e-05,0.0037343704607337713,0.0037880076561123133
0,1,2461,2024-02-27,35015,0.0011899535,0.0015765040880069137,0.165,0.0003015805850736797,0.0011486640432849526,0.0021902972366660833
0,1,2464,2024-02-27,35027,0.0016011602,0.001663542352616787,0.085,4.4029879063600674e-05,0.001597375376150012,0.0017428379505872726
0,1,2466,2024-02-27,35033,0.0017189429,0.002159992465749383,0.08,0.00036278547486290336,0.0016974728787317872,0.0029345278162509203
0,1,2483,2024-02-27,36027,0.0013939603,0.0014874255284667015,0.425,0.00046535860747098923,0.0012892014347016811,0.00318374321796
0,1,2488,2024-02-27,36041,0.25568303,0.25345611572265625,0.585,0.008398555219173431,0.22951513528823853,0.2590387463569641
0,1,2494,2024-02-27,36059,0.004096898,0.004345691297203302,0.235,0.0006252916064113379,0.004032254219055176,0.006491559091955423
0,1,2506,2024-02-27,36113,0.050985347,0.05034954473376274,0.605,0.0020379815250635147,0.044666290283203125,0.051971711218357086
0,1,2507,2024-02-27,36115,0.020493457,0.020084749907255173,0.72,0.00079720513895154,0.017501939088106155,0.020663592964410782
0,1,2509,2024-02-27,36119,0.0021100936,0.0024109119549393654,0.28,0.000860116328112781,0.002045587170869112,0.005413487553596497
0,1,2510,2024-02-27,37067,0.0008541723,0.0008969815680757165,0.375,0.0001408913085469976,0.0007915025344118476,0.0012923284666612744
0,1,2512,2024-02-27,37199,0.0015347861,0.0015882111620157957,0.37,0.0001368876692140475,0.0014399103820323944,0.0019178169313818216
0,1,2519,2024-02-27,39089,0.0029254968,0.003011006396263838,0.46,0.0009069254738278687,0.0023479999508708715,0.005615402944386005
0,1,2534,2024-02-27,40139,0.0021882546,0.0020468246657401323,0.68,0.00018857438408304006,0.0018331645987927914,0.002462090691551566
0,1,2536,2024-02-27,41025,0.010179945,0.011485503986477852,0.05,0.000867414113599807,0.010048226453363895,0.013185856863856316
0,1,2541,2024-02-27,42087,0.0017959266,0.002113317372277379,0.24,0.0005438830121420324,0.0016329326899722219,0.003833809867501259
0,1,2551,2024-02-27,45079,0.001780617,0.0015788832679390907,0.755,0.00018924460164271295,0.0013810995733365417,0.0020287353545427322
0,1,2556,2024-02-27,46065,0.002035161,0.0020404080860316753,0.26,5.0452413233870175e-06,0.0020290391985327005,0.0020527318120002747
0,1,2560,2024-02-27,47029,0.0017653429,0.001809571636840701,0.285,8.288055687444285e-05,0.001736791105940938,0.0020193648524582386
0,1,2563,2024-02-27,47105,0.0262654,0.02633236162364483,0.37,0.00011944130528718233,0.026037469506263733,0.02643010765314102
0,1,2571,2024-02-27,48065,0.03399771,0.03404674679040909,0.205,4.652757343137637e-05,0.0339386910200119,0.034101083874702454
0,1,2573,2024-02-27,48079,0.0012690542,0.0012196688912808895,0.945,3.217031553504057e-05,0.0011750964913517237,0.0012825141893699765
0,1,2574,2024-02-27,48087,0.0039540534,0.003962322603911161,0.29,1.4898969311616383e-05,0.003947173710912466,0.0039996495470404625
0,1,2575,2024-02-27,48109,0.0104442965,0.010310107842087746,0.945,6.8596527853515e-05,0.010246147401630878,0.01045262161642313
0,1,2577,2024-02-27,48117,0.0013986566,0.0013880572514608502,0.695,1.1193810678378213e-05,0.001372380880638957,0.001414462924003601
0,1,2583,2024-02-27,48195,0.002657014,0.0024371896870434284,0.75,0.00023328607494477183,0.00214794697239995,0.002879237988963723
0,1,2590,2024-02-27,48303,0.0016413287,0.001628121011890471,0.545,7.585625280626118e-05,0.001482933177612722,0.001753214281052351
0,1,2594,2024-02-27,48369,0.0014580565,0.0014276845613494515,0.685,3.8772879634052515e-05,0.0013621561229228973,0.0014908286975696683
0,1,2599,2024-02-27,48501,0.0012596693,0.0012258486822247505,0.71,4.8688732931623235e-05,0.001147441565990448,0.001315540517680347
0,1,2604,2024-02-27,49011,0.0072738254,0.007599851116538048,0.21,0.00048272337880916893,0.007128199562430382,0.008795186877250671
0,1,2613,2024-02-27,49035,0.008135592,0.008913127705454826,0.005,0.000604287430178374,0.008133494295179844,0.010171161964535713
0,1,2618,2024-02-27,49045,0.010646819,0.011033713817596436,0.23,0.0003372233477421105,0.010499113239347935,0.011551517061889172
0,1,2621,2024-02-27,49051,0.006638203,0.006911077536642551,0.135,0.0002200902090407908,0.006565474905073643,0.007360342424362898
0,1,2626,2024-02-27,50005,0.0037800698,0.004285861738026142,0.415,0.0019764245953410864,0.0027028874028474092,0.009951063431799412
0,1,2627,2024-02-27,50007,0.0025857964,0.0031591844744980335,0.245,0.0006490550586022437,0.0024662299547344446,0.004669547080993652
0,1,2635,2024-02-27,50023,0.0038009633,0.005887095350772142,0.21,0.0038732888642698526,0.003437364473938942,0.018524089828133583
0,1,2639,2024-02-27,51089,0.0012227449,0.00119262863881886,0.825,2.6001913283835165e-05,0.0011659673182293773,0.0012704289983958006
0,1,2641,2024-02-27,51680,0.0031155427,0.0031183359678834677,0.455,5.042350312578492e-05,0.0030728725250810385,0.0032568646129220724
0,1,2656,2024-02-27,56021,0.0015243904,0.001483168569393456,0.81,3.105959331151098e-05,0.0014396029291674495,0.0015505353221669793
0,2,2,2019-03-13,01015,0.0020680632,0.002084043575450778,0.325,2.0408673663041554e-05,0.002045821165665984,0.002110646804794669
0,2,4,2019-03-13,01037,0.019983483,0.020010966807603836,0.06,1.7496997315902263e-05,0.019977061077952385,0.020035631954669952
0,2,15,2019-03-13,01115,0.0035324446,0.003582627046853304,0.16,4.372906550997868e-05,0.003497991943731904,0.0036457316018640995
0,2,18,2019-03-13,01133,0.0064591416,0.0065513188019394875,0.125,6.866843614261597e-05,0.0064152139239013195,0.006646474823355675
0,2,25,2019-03-13,08039,0.020502597,0.02050497755408287,0.43,6.428328561014496e-06,0.020495401695370674,0.020515201613307
0,2,26,2019-03-13,08041,0.016430695,0.01659746840596199,0.035,0.00013065768871456385,0.016409769654273987,0.016845881938934326
0,2,27,2019-03-13,08061,0.009143999,0.00910503976047039,0.525,0.00038380545447580516,0.008770382963120937,0.010192964226007462
0,2,38,2019-03-13,17059,0.008001732,0.007524210028350353,0.79,0.0004666148452088237,0.006952030584216118,0.008684470318257809
0,2,41,2019-03-13,17075,0.006604228,0.006249437108635902,0.855,0.00026125129079446197,0.005957223009318113,0.0068047139793634415
0,2,46,2019-03-13,17145,0.009861944,0.009910056367516518,0.335,6.40367143205367e-05,0.009750169701874256,0.009971401654183865
0,2,49,2019-03-13,17165,0.009445531,0.008230109699070454,0.785,0.0009140191250480711,0.00747709721326828,0.01066713035106659
0,2,56,2019-03-13,18019,0.0048469636,0.004889474716037512,0.415,0.0002289077965542674,0.004526347387582064,0.005265441723167896
0,2,57,2019-03-13,18037,0.009720884,0.008973270654678345,0.775,0.0006412939401343465,0.008345017209649086,0.010507007129490376
0,2,61,2019-03-13,18063,0.007155678,0.0073627931997179985,0.1,0.0002671403926797211,0.0071090636774897575,0.00801866501569748
0,2,72,2019-03-13,18141,0.002749661,0.003033141838386655,0.295,0.0004715311515610665,0.002566931303590536,0.0042534563690423965
0,2,77,2019-03-13,18173,0.006983248,0.006610360462218523,0.8,0.0002955507952719927,0.00625971145927906,0.00733716506510973
0,2,89,2019-03-13,20175,0.016315764,0.012521898373961449,0.64,0.005411035846918821,0.008661753498017788,0.02831065095961094
0,2,90,2019-03-13,20179,0.010874616,0.009657908231019974,0.655,0.0015343923587352037,0.00841787364333868,0.014048051089048386
0,2,99,2019-03-13,21039,0.051938727,0.05194901302456856,0.47,6.223145464900881e-05,0.05179450288414955,0.05200810730457306
0,2,100,2019-03-13,21041,0.0104513895,0.010545630007982254,0.15,8.285638614324853e-05,0.010397253558039665,0.010672205127775669
0,2,106,2019-03-13,21075,0.009407324,0.009228658862411976,0.835,0.00015555792197119445,0.009013107046484947,0.0095441322773695
0,2,115,2019-03-13,21145,0.010360526,0.010360971093177795,0.49,2.4724926333874464e-05,0.010306187905371189,0.01038824487477541
0,2,116,2019-03-13,21147,0.0076197293,0.006534476764500141,0.88,0.0008249873644672334,0.005436819512397051,0.008225185796618462
0,2,119,2019-03-13,21177,0.010951948,0.01008678786456585,0.84,0.0009388257749378681,0.008587883785367012,0.01183182280510664
0,2,125,2019-03-13,21221,0.008699817,0.0085392314940691,0.855,0.0001291342923650518,0.008396302349865437,0.008840946480631828
0,2,127,2019-03-13,21225,0.011292346,0.011583482846617699,0.255,0.00023525996948592365,0.011034526862204075,0.011811663396656513
0,2,128,2019-03-13,21227,0.004868751,0.004735401365906,0.605,0.00038128590676933527,0.0041940235532820225,0.005399404559284449
0,2,138,2019-03-13,26099,0.004451193,0.004385417327284813,0.915,6.824998126830906e-05,0.004240341484546661,0.004556664731353521
0,2,148,2019-03-13,28099,0.0044819065,0.003914815839380026,0.955,0.00030805080314166844,0.003529689973220229,0.004521283321082592
0,2,150,2019-03-13,28107,0.0036646933,0.004015007987618446,0.05,0.0002784083189908415,0.0036349527072161436,0.00444590300321579
0,2,156,2019-03-13,29189,0.0025483312,0.0032411529682576656,0.38,0.0015789850149303675,0.001755790552124381,0.006889283191412687
0,2,157,2019-03-13,29207,0.0075336713,0.007595208939164877,0.145,8.366580004803836e-05,0.007514540106058121,0.007798151578754187
0,2,163,2019-03-13,34031,0.0025752757,0.0025567375123500824,0.73,1.7925543943420053e-05,0.0025280816480517387,0.0025899314787238836
0,2,169,2019-03-13,36087,0.00525617,0.00525245163589716,0.59,8.207229257095605e-06,0.005238803569227457,0.00526665011420846
0,2,177,2019-03-13,39047,0.027037295,0.027065686881542206,0.185,5.1919629186159e-05,0.026925886049866676,0.0272152591496706
0,2,180,2019-03-13,39061,0.0033980412,0.00345867732539773,0.045,8.06139869382605e-05,0.0033594064880162477,0.0037551901768893003
0,2,183,2019-03-13,39087,0.001511335,0.0015162306372076273,0.35,8.68227562023094e-06,0.0015013893134891987,0.0015350967878475785
0,2,186,2019-03-13,39119,0.0063533625,0.006628631614148617,0.105,0.00016470362606924027,0.006242146249860525,0.006876221392303705
0,2,188,2019-03-13,39129,0.006529259,0.006538073532283306,0.325,2.630035305628553e-05,0.006483068689703941,0.006616744212806225
0,2,192,2019-03-13,40007,0.011575908,0.011064745485782623,0.575,0.0017105103470385075,0.009749243967235088,0.01608932949602604
0,2,204,2019-03-13,40055,0.013346153,0.012943264096975327,0.545,0.0028800948057323694,0.009089306928217411,0.018365010619163513
0,2,206,2019-03-13,40059,0.013668762,0.013172265142202377,0.595,0.0012572198174893856,0.012489383108913898,0.01760934665799141
0,2,212,2019-03-13,40109,0.0056514577,0.005771445110440254,0.285,0.0001473664160585031,0.005584476049989462,0.006079804617911577
0,2,214,2019-03-13,40129,0.011171048,0.012426448985934258,0.34,0.001885044970549643,0.010316639207303524,0.016776155680418015
0,2,220,2019-03-13,42091,0.0014170894,0.0013872025301679969,0.63,6.125911750132218e-05,0.0012715983903035522,0.0014774490846320987
0,2,226,2019-03-13,48003,0.007532298,0.008054034784436226,0.32,0.0006243562093004584,0.006966746412217617,0.008783846162259579
0,2,243,2019-03-13,48113,0.0041344375,0.003980042412877083,0.955,0.00012238269846420735,0.003756718710064888,0.004182945936918259
0,2,244,2019-03-13,48115,0.006142445,0.005374855827540159,0.73,0.0008220607414841652,0.004579220898449421,0.007546422071754932
0,2,247,2019-03-13,48129,0.008239814,0.00963027123361826,0.315,0.002154703950509429,0.0077499509789049625,0.015274332836270332
0,2,255,2019-03-13,48169,0.01270959,0.009795231744647026,0.745,0.0029523333068937063,0.006758345291018486,0.017071999609470367
0,2,259,2019-03-13,48183,0.003678791,0.0037078356835991144,0.215,2.065412263618782e-05,0.003667013254016638,0.003728922689333558
0,2,265,2019-03-13,48207,0.008232629,0.008066349662840366,0.68,0.00019334329408593476,0.007890855893492699,0.008585733361542225
0,2,269,2019-03-13,48221,0.0044503217,0.004457738716155291,0.485,0.0001279671851079911,0.004331410396844149,0.004755160305649042
0,2,277,2019-03-13,48257,0.0032568134,0.003133833874017,0.615,0.00020156175014562905,0.0028675792273133993,0.003533064853399992
0,2,280,2019-03-13,48295,0.0103412615,0.009460555389523506,0.645,0.0012821884592995048,0.008518518880009651,0.01312000397592783
0,2,283,2019-03-13,48305,0.023240188,0.02375105395913124,0.31,0.0006340495892800391,0.022492609918117523,0.024472149088978767
0,2,287,2019-03-13,48337,0.006600787,0.0065203094854950905,0.64,0.00011636467388598248,0.006383994128555059,0.00675779115408659
0,2,289,2019-03-13,48345,0.03467452,0.025287382304668427,0.67,0.011595824733376503,0.013780939392745495,0.05478003993630409
0,2,291,2019-03-13,48353,0.004954934,0.004987414460629225,0.32,4.265311872586608e-05,0.004939588252454996,0.005079609341919422
0,2,298,2019-03-13,48375,0.06264679,0.06424501538276672,0.44,0.004313147626817226,0.05549195781350136,0.06955405324697495
0,2,300,2019-03-13,48381,0.023367105,0.02474401518702507,0.38,0.002475743880495429,0.019473673775792122,0.02742086723446846
0,2,313,2019-03-13,48447,0.041757327,0.04174980893731117,0.53,5.837107164552435e-05,0.041634876281023026,0.041820548474788666
0,2,314,2019-03-13,48451,0.0051330156,0.005198242142796516,0.04,8.906533184926957e-05,0.005109143443405628,0.005396203603595495
0,2,319,2019-03-13,48495,0.0051319,0.00594059145078063,0.255,0.0012879088753834367,0.0049730646423995495,0.009729832410812378
0,2,326,2021-03-26,01027,0.0023033808,0.002273805905133486,0.885,1.8867656763177365e-05,0.0022476371377706528,0.0023077274672687054
0,2,327,2021-03-26,01031,0.0027685922,0.002766887191683054,0.585,1.9575112673919648e-05,0.002711166860535741,0.0027738711796700954
0,2,329,2021-03-26,01037,0.018087745,0.018145758658647537,0.09,3.6307203117758036e-05,0.018076907843351364,0.018195414915680885
0,2,335,2021-03-26,01071,0.006271458,0.006279565393924713,0.415,2.1579338863375597e-05,0.006253594066947699,0.006323206704109907
0,2,339,2021-03-26,01093,0.0039064684,0.0039029456675052643,0.875,2.6235506993543822e-06,0.003899524686858058,0.003908287268131971
0,2,345,2021-03-26,01133,0.007976567,0.007968319579958916,0.87,7.0695773501938675e-06,0.007957828231155872,0.007982215844094753
0,2,347,2021-03-26,05013,0.0041092774,0.004131467081606388,0.14,1.5842500943108462e-05,0.004102568607777357,0.004153150133788586
0,2,349,2021-03-26,05039,0.013587628,0.013578595593571663,0.815,6.628692517551826e-06,0.013569268397986889,0.013590190559625626
0,2,355,2021-03-26,05091,0.037497476,0.037480443716049194,0.955,1.0817857400979847e-05,0.03746393322944641,0.03749892860651016
0,2,362,2021-03-26,08041,0.00085384,0.000888873590156436,0.035,2.678807322809007e-05,0.0008511015912517905,0.0009411380742676556
0,2,369,2021-03-26,12063,0.0019283138,0.0018753930926322937,0.95,3.68115070159547e-05,0.0018210156122222543,0.0019341213628649712
0,2,379,2021-03-26,13137,0.0019376633,0.00187578983604908,0.73,6.277331704040989e-05,0.0017604370368644595,0.00196139351464808
0,2,381,2021-03-26,13149,0.068853796,0.06894040107727051,0.075,5.84470180911012e-05,0.0688338428735733,0.06901770085096359
0,2,383,2021-03-26,13193,0.0029025027,0.002818385139107704,1.0,5.405184128903784e-05,0.002735563786700368,0.0029024556279182434
0,2,386,2021-03-26,13225,0.0050871116,0.005047996528446674,0.775,4.049418930662796e-05,0.004985390231013298,0.005107380915433168
0,2,399,2021-03-26,16019,0.022186354,0.021501146256923676,0.89,0.0004890357959084213,0.02042452245950699,0.022256815806031227
0,2,405,2021-03-26,16035,0.020232627,0.019452601671218872,0.62,0.001223985804244876,0.018328718841075897,0.023260463029146194
0,2,407,2021-03-26,16041,0.001548279,0.00157262128777802,0.16,2.7324371330905706e-05,0.001544202328659594,0.0016504299128428102
0,2,417,2021-03-26,16067,0.00077623874,0.0008177757845260203,0.245,4.365939457784407e-05,0.0007664317963644862,0.0009101249161176383
0,2,418,2021-03-26,16069,0.0030421093,0.003153382334858179,0.05,0.00011157999688293785,0.0030314442701637745,0.0034134385641664267
0,2,421,2021-03-26,16077,0.0013782778,0.0015971851535141468,0.14,0.00019827712094411254,0.001347318640910089,0.002036863239482045
0,2,430,2021-03-26,17059,0.0019572182,0.0019580377265810966,0.41,6.1191549320938066e-06,0.0019518259214237332,0.0019748297054320574
0,2,435,2021-03-26,17119,0.002248811,0.0022474040742963552,0.77,2.129779659298947e-06,0.0022422950714826584,0.002251452999189496
0,2,440,2021-03-26,17165,0.0016550362,0.0016554761677980423,0.465,7.165287570387591e-06,0.0016512366710230708,0.0016747470945119858
0,2,445,2021-03-26,18005,0.003200008,0.0031988646369427443,0.71,2.6729958335636184e-06,0.003191560273990035,0.0032040500082075596
0,2,450,2021-03-26,18035,0.0026972287,0.002733240369707346,0.115,3.486766217974946e-05,0.0026788823306560516,0.002793955383822322
0,2,452,2021-03-26,18047,0.005882481,0.005848015658557415,0.93,1.894597153295763e-05,0.005829610861837864,0.005888976622372866
0,2,456,2021-03-26,18063,0.0025446895,0.0025585219264030457,0.105,1.7933245544554666e-05,0.0025331827346235514,0.0025952013675123453
0,2,470,2021-03-26,18161,0.003134389,0.0030821459367871284,0.65,7.411422848235816e-05,0.002988414140418172,0.0032249728683382273
0,2,472,2021-03-26,18173,0.0018704479,0.0018598667811602354,0.755,8.102270840026904e-06,0.0018480975413694978,0.0018757183570414782
0,2,480,2021-03-26,20085,0.0022659425,0.0022807149216532707,0.23,1.627474557608366e-05,0.002256941283121705,0.0023194390814751387
0,2,485,2021-03-26,20141,0.0022567443,0.002307632239535451,0.41,0.00013637301162816584,0.0020095887593925,0.0024851730559021235
0,2,490,2021-03-26,20179,0.0015035033,0.001551957568153739,0.315,4.8530982894590124e-05,0.001440111082047224,0.001606483245268464
0,2,499,2021-03-26,21039,0.0025105944,0.002505756448954344,0.565,1.2651500583160669e-05,0.00249511213041842,0.0025345440953969955
0,2,503,2021-03-26,21075,0.0017462242,0.0017655703704804182,0.155,2.5015324354171753e-05,0.0017396572511643171,0.0018180238548666239
0,2,513,2021-03-26,21145,0.0019082789,0.0019106449326500297,0.445,1.4223429388948716e-05,0.0018995457794517279,0.0019457987509667873
0,2,516,2021-03-26,21177,0.001584324,0.0015746552962809801,0.96,4.929185251967283e-06,0.0015660205390304327,0.0015852784272283316
0,2,517,2021-03-26,21183,0.00416207,0.004159791395068169,0.935,1.5414708514072117e-06,0.004156118258833885,0.004162738565355539
0,2,518,2021-03-26,21209,0.003038677,0.003003502730280161,0.725,4.5630804379470646e-05,0.0029183977749198675,0.0030670303385704756
0,2,520,2021-03-26,21221,0.013222372,0.013223662972450256,0.065,6.08895447840041e-07,0.013222238048911095,0.013224399648606777
0,2,521,2021-03-26,21225,0.0016727552,0.0016774216201156378,0.235,8.883412192517426e-06,0.0016654382925480604,0.001697386964224279
0,2,530,2021-03-26,24015,0.0015275223,0.0014921012334525585,0.73,4.031548814964481e-05,0.0014330761041492224,0.0015588033711537719
0,2,532,2021-03-26,24023,0.02567135,0.025611482560634613,0.925,5.6594151828903705e-05,0.02551238052546978,0.02569952793419361
0,2,544,2021-03-26,25013,0.0028032297,0.0031059104949235916,0.4,0.0008707601227797568,0.0023988094180822372,0.005592389032244682
0,2,545,2021-03-26,25015,0.0035589011,0.003608827944844961,0.485,0.0012269942089915276,0.0025554511230438948,0.00654584588482976
0,2,552,2021-03-26,28013,0.0029361947,0.0029419190250337124,0.075,7.49253922549542e-06,0.0029355548322200775,0.002958813216537237
0,2,554,2021-03-26,28029,0.0033573806,0.0033862609416246414,0.005,1.4144802662485745e-05,0.003356743138283491,0.0034060440957546234
0,2,560,2021-03-26,28107,0.00731582,0.007316749542951584,0.07,4.3628187995636836e-07,0.007315279450267553,0.0073174103163182735
0,2,563,2021-03-26,28137,0.0058748526,0.005877119489014149,0.225,2.6770701424538856e-06,0.005872472655028105,0.005885613616555929
0,2,570,2021-03-26,29187,0.0011952193,0.0012175346491858363,0.25,3.576882591005415e-05,0.0011816028272733092,0.0012929397635161877
0,2,577,2021-03-26,30021,0.009986594,0.01067230012267828,0.335,0.0009881705045700073,0.009614690206944942,0.012666726484894753
0,2,580,2021-03-26,30029,0.012268279,0.01838584989309311,0.22,0.005723589099943638,0.010937866754829884,0.03322353586554527
0,2,590,2021-03-26,30071,0.008267609,0.009907552041113377,0.08,0.0010748669737949967,0.00810998398810625,0.011454146355390549
0,2,597,2021-03-26,30087,0.011187541,0.011429324746131897,0.19,0.0002633064577821642,0.01115201786160469,0.012056564912199974
0,2,601,2021-03-26,30095,0.025482768,0.026107382029294968,0.075,0.0007196065271273255,0.02547345869243145,0.02815316617488861
0,2,606,2021-03-26,30109,0.0102673555,0.011060241609811783,0.305,0.0008131343638524413,0.009899917058646679,0.012603803537786007
0,2,607,2021-03-26,30111,0.0053926595,0.007330107502639294,0.17,0.0019923208747059107,0.0051163556054234505,0.012145147658884525
0,2,612,2021-03-26,34005,0.0023934098,0.00227883318439126,0.845,9.863910963758826e-05,0.0021139446180313826,0.0024376732762902975
0,2,624,2021-03-26,34041,0.0038990444,0.003742523957043886,0.74,0.00017503180424682796,0.003528773784637451,0.0040847864001989365
0,2,625,2021-03-26,36001,0.0033558256,0.0032946784049272537,0.56,0.00021251922589726746,0.003027083585038781,0.003734474303200841
0,2,636,2021-03-26,36057,0.006016871,0.005419040098786354,0.715,0.0007454335573129356,0.004598850850015879,0.0070505705662071705
0,2,641,2021-03-26,36083,0.0035013102,0.0035632927902042866,0.45,0.0002611208474263549,0.003247208893299103,0.004107512068003416
0,2,642,2021-03-26,36085,0.0014194953,0.001499780686572194,0.05,7.344222103711218e-05,0.0014031337341293693,0.001632386352866888
0,2,645,2021-03-26,36101,0.007762359,0.0075960904359817505,0.655,0.000190561477211304,0.007356320507824421,0.007986016571521759
0,2,656,2021-03-26,37115,0.010818543,0.010818440467119217,0.51,7.923715202196036e-06,0.01079882774502039,0.010839616879820824
0,2,660,2021-03-26,37183,0.0017911798,0.0017954872455447912,0.37,8.661236279294826e-06,0.001779687823727727,0.0018156901933252811
0,2,665,2021-03-26,39021,0.017619783,0.01736529730260372,0.815,0.0001833588321460411,0.017093269154429436,0.017673075199127197
0,2,666,2021-03-26,39023,0.0027803914,0.002965905237942934,0.16,0.00015048135537654161,0.002743172226473689,0.0032055312767624855
0,2,675,2021-03-26,39047,0.0044661593,0.004634218290448189,0.08,0.00011184720642631873,0.00445188395678997,0.00479940976947546
0,2,679,2021-03-26,39061,0.0026885832,0.0027464742306619883,0.325,6.262916576815769e-05,0.0026334708090871572,0.002827836200594902
0,2,687,2021-03-26,39091,0.05190494,0.0515730082988739,0.845,0.0002601799205876887,0.05114656686782837,0.05197382718324661
0,2,688,2021-03-26,39093,0.011480207,0.012413683347404003,0.25,0.0007087524863891304,0.011165610514581203,0.013560961931943893
0,2,696,2021-03-26,39129,0.0041954913,0.004404568113386631,0.055,0.00013841278268955648,0.00417734868824482,0.004618509206920862
0,2,704,2021-03-26,39159,0.0070463335,0.007515314035117626,0.15,0.000297242688247934,0.006964343599975109,0.007944739423692226
0,2,705,2021-03-26,39165,0.00273397,0.0027334103360772133,0.515,6.788666723878123e-06,0.002718826523050666,0.002746284706518054
0,2,710,2021-03-26,41021,0.0017687649,0.001792068942449987,0.07,1.7260001186514273e-05,0.0017650574445724487,0.0018228713888674974
0,2,716,2021-03-26,41055,0.0016952708,0.001714696642011404,0.095,1.907100340758916e-05,0.0016906061209738255,0.0017547736642882228
0,2,718,2021-03-26,41065,0.0020471879,0.002166501246392727,0.17,8.812062878860161e-05,0.0020283472258597612,0.002317999489605427
0,2,721,2021-03-26,42017,0.0018098794,0.0017981022829189897,0.525,6.868640048196539e-05,0.0017357940087094903,0.001961015397682786
0,2,724,2021-03-26,42039,0.010009655,0.00983270350843668,0.66,0.0001821340702008456,0.009601090103387833,0.010191667824983597
0,2,726,2021-03-26,42049,0.0121604465,0.012441195547580719,0.335,0.00034151371801272035,0.01166603248566389,0.01287405751645565
0,2,733,2021-03-26,42091,0.00179599,0.0019020200707018375,0.365,0.00014595632092095912,0.0016301628202199936,0.00210390193387866
0,2,741,2021-03-26,45017,0.0035344446,0.003401257563382387,0.96,9.211192082148045e-05,0.0032658211421221495,0.003561989637091756
0,2,742,2021-03-26,45029,0.0023397096,0.0023423489183187485,0.49,5.194542245590128e-05,0.002244955860078335,0.0024165550712496042
0,2,745,2021-03-26,45059,0.0020721313,0.0019815992563962936,0.925,7.111538434401155e-05,0.0018653107108548284,0.002095831325277686
0,2,762,2021-03-26,46041,0.0041437047,0.004202309064567089,0.135,5.9129026340087876e-05,0.004126908723264933,0.004312645178288221
0,2,763,2021-03-26,46045,0.0031402872,0.003213934600353241,0.195,5.7578134146751836e-05,0.0031350180506706238,0.003300754353404045
0,2,766,2021-03-26,46051,0.0035155108,0.0034890021197497845,0.795,6.312915502348915e-05,0.0033496664837002754,0.0035649260971695185
0,2,774,2021-03-26,46075,0.016464222,0.01645183376967907,0.755,9.020395737024955e-06,0.01644124463200569,0.01646745577454567
0,2,776,2021-03-26,46085,0.0026498262,0.0026638556737452745,0.27,1.0536985428188927e-05,0.002642523730173707,0.0026778082828968763
0,2,779,2021-03-26,46093,0.0034302599,0.0035287891514599323,0.255,8.573331433581188e-05,0.0034021553583443165,0.0036736340261995792
0,2,782,2021-03-26,46103,0.0014642836,0.0015038428828120232,0.075,3.489536902634427e-05,0.0014573864173144102,0.0015657044714316726
0,2,783,2021-03-26,46105,0.007732684,0.007882406935095787,0.27,0.000131547189084813,0.007667267695069313,0.008105631917715073
0,2,794,2021-03-26,47011,0.005872224,0.005870027467608452,0.515,2.916400808317121e-05,0.005842223297804594,0.005934824235737324
0,2,799,2021-03-26,47059,0.0038532107,0.0038551895413547754,0.44,8.448402695648838e-06,0.0038427466060966253,0.0038716336712241173
0,2,800,2021-03-26,47069,0.0018157837,0.001814515795558691,0.62,4.3599311538855545e-06,0.001804729108698666,0.0018256986513733864
0,2,813,2021-03-26,48037,0.0013595716,0.0014205684419721365,0.12,4.289392018108629e-05,0.001351398997940123,0.001483403379097581
0,2,821,2021-03-26,50001,0.0047394405,0.00496318843215704,0.25,0.0002720080374274403,0.004610943142324686,0.005559755489230156
0,2,829,2021-03-26,51199,0.003909164,0.00389903225004673,0.9,6.402861799870152e-06,0.003890943480655551,0.00391308031976223
0,2,831,2021-03-26,53005,0.0015716946,0.00158627238124609,0.265,1.3471368220052682e-05,0.0015668157720938325,0.001608699094504118
0,2,835,2021-03-26,53025,0.00068664417,0.000693522160872817,0.03,5.967571269138716e-06,0.0006852015503682196,0.0007043624646030366
0,2,843,2021-03-26,54029,0.011302052,0.010765966959297657,0.71,0.000779639754910022,0.009453830309212208,0.012056711129844189
0,2,855,2021-03-26,56019,0.0016020571,0.0017258938169106841,0.03,7.807732617948204e-05,0.001599157229065895,0.0018697292543947697
0,2,861,2021-03-26,56037,0.0011986805,0.0014190289657562971,0.23,0.0001684428279986605,0.0011497007217258215,0.0017455597408115864
0,2,862,2021-03-26,56039,0.009420461,0.0117251668125391,0.285,0.00225839507766068,0.0087160374969244,0.017256541177630424
0,2,863,2021-03-26,56043,0.0014386266,0.0015194399747997522,0.06,6.568794196937233e-05,0.0014340098714455962,0.0016573608154430985
0,2,864,2021-03-26,56045,0.0029481798,0.002955094911158085,0.06,6.064719400455942e-06,0.002947404747828841,0.002968371380120516
0,2,865,2021-12-11,01071,0.0022397258,0.0022925371304154396,0.405,0.00011854986223625019,0.0021441017743200064,0.0025208271108567715
0,2,871,2021-12-11,04005,0.0042362465,0.00482879439368844,0.105,0.0005330979474820197,0.004209823440760374,0.005862399935722351
0,2,877,2021-12-11,04023,0.0013384797,0.0013360952725633979,0.945,2.226089463874814e-06,0.0013297742698341608,0.0013401288306340575
0,2,883,2021-12-11,05039,0.014278422,0.01454113982617855,0.025,0.0001547771244077012,0.014244802296161652,0.014758055098354816
0,2,889,2021-12-11,05081,0.015546254,0.015523224137723446,0.995,1.0074675628857221e-05,0.015511696226894855,0.01554709393531084
0,2,893,2021-12-11,05111,0.11906385,0.11897575855255127,0.735,0.0001295819238293916,0.11864947527647018,0.11909382045269012
0,2,900,2021-12-11,06011,0.02554805,0.02534223347902298,0.99,0.00017223585746251047,0.024971459060907364,0.025558117777109146
0,2,902,2021-12-11,06019,0.0020833383,0.0028242566622793674,0.025,0.0009177360334433615,0.002076739212498069,0.006061138119548559
0,2,906,2021-12-11,06031,0.0033825766,0.0034364983439445496,0.025,0.000131334294565022,0.003380292095243931,0.003936860244721174
0,2,908,2021-12-11,06039,0.0047204318,0.00554305175319314,0.035,0.0015388919273391366,0.004671997856348753,0.011159304529428482
0,2,914,2021-12-11,06059,0.0038212326,0.0039052118081599474,0.005,7.819815800758079e-05,0.003818522673100233,0.004086798056960106
0,2,919,2021-12-11,06071,0.0013896307,0.0012228243285790086,0.985,0.00010957480117212981,0.0010421585757285357,0.0013932189904153347
0,2,930,2021-12-11,06103,0.019049723,0.017025019973516464,0.99,0.0015804952709004283,0.013898015022277832,0.019096001982688904
0,2,934,2021-12-11,06115,0.008417716,0.008554315194487572,0.095,0.00037201939267106354,0.008413373492658138,0.01011716015636921
0,2,946,2021-12-11,08027,0.014593913,0.015465580858290195,0.355,0.0011833092430606484,0.013642183504998684,0.017775243148207664
0,2,949,2021-12-11,08039,0.002384666,0.0023383358493447304,0.59,0.0001196590019389987,0.002182755619287491,0.0025759530253708363
0,2,950,2021-12-11,08041,0.015503946,0.015096256509423256,0.95,0.00029764347709715366,0.01444457657635212,0.015523775480687618
0,2,952,2021-12-11,08045,0.0029307976,0.0030585001222789288,0.14,8.024624548852444e-05,0.0029138175304979086,0.0031899253372102976
0,2,955,2021-12-11,08061,0.05853628,0.05336695909500122,0.565,0.022798312827944756,0.02214624173939228,0.09840793907642365
0,2,969,2021-12-11,08107,0.0012865615,0.0012912875972688198,0.255,4.757488568429835e-06,0.001283949357457459,0.00130274158436805
0,2,970,2021-12-11,08109,0.006795625,0.007092528976500034,0.105,0.00018246857507620007,0.006772422231733799,0.007420990616083145
0,2,974,2021-12-11,13045,0.0024422158,0.0024213274009525776,0.77,1.8758113583317026e-05,0.0023965081200003624,0.0024573146365582943
0,2,978,2021-12-11,13319,0.01942727,0.019427960738539696,0.16,4.4360595552461746e-07,0.019426647573709488,0.019428690895438194
0,2,984,2021-12-11,16067,0.00135855,0.0017296395963057876,0.145,0.00029067136347293854,0.0012948531657457352,0.0023789589758962393
0,2,986,2021-12-11,16077,0.04871088,0.04883141815662384,0.235,0.000732480373699218,0.04870663955807686,0.05196293443441391
0,2,987,2021-12-11,17001,0.0033356412,0.003397500142455101,0.485,0.0008730854606255889,0.002613480668514967,0.00557263707742095
0,2,995,2021-12-11,17045,0.0052133105,0.006020402070134878,0.145,0.0007339019794017076,0.0051424093544483185,0.007961704395711422
0,2,1002,2021-12-11,17075,0.0040164506,0.006312434561550617,0.1,0.002022117143496871,0.0038303472101688385,0.010828910395503044
0,2,1018,2021-12-11,17119,0.01713532,0.016994846984744072,0.97,9.889422653941438e-05,0.016818255186080933,0.01714104227721691
0,2,1021,2021-12-11,17137,0.0031743709,0.0027141342870891094,0.715,0.0004574107879307121,0.00234874221496284,0.003991065081208944
0,2,1022,2021-12-11,17139,0.058635313,0.05831603705883026,0.78,0.00035606365418061614,0.05751259997487068,0.05873453989624977
0,2,1025,2021-12-11,17167,0.0026306629,0.0027304948307573795,0.13,0.0002481489209458232,0.0025688507594168186,0.003519517369568348
0,2,1026,2021-12-11,17173,0.028953806,0.02873450703918934,0.78,0.00020768330432474613,0.02833413891494274,0.029009366407990456
0,2,1027,2021-12-11,17177,0.013309043,0.00962094310671091,0.67,0.004684786777943373,0.006757022347301245,0.02451220341026783
0,2,1030,2021-12-11,17183,0.0036281524,0.005092119798064232,0.115,0.0016111170407384634,0.0034481524489820004,0.00889502465724945
0,2,1033,2021-12-11,18001,0.01325423,0.017714407294988632,0.175,0.006504955235868692,0.012677572667598724,0.034562885761260986
0,2,1044,2021-12-11,18035,0.008389711,0.012304719537496567,0.12,0.0033702049404382706,0.008154208771884441,0.019449375569820404
0,2,1059,2021-12-11,18099,0.0075172656,0.009157533757388592,0.3,0.0039045747835189104,0.0070468345656991005,0.02167779579758644
0,2,1063,2021-12-11,18113,0.008742276,0.01187719963490963,0.32,0.005343950819224119,0.007648184429854155,0.027774307876825333
0,2,1074,2021-12-11,18151,0.008445683,0.012976473197340965,0.36,0.008053460158407688,0.006486212834715843,0.03636184334754944
0,2,1076,2021-12-11,18171,0.016728371,0.0170594435185194,0.335,0.0006942733889445662,0.01656331680715084,0.01936621218919754
0,2,1083,2021-12-11,19005,0.06228848,0.06299886107444763,0.22,0.0006954608834348619,0.06171542778611183,0.06393706798553467
0,2,1084,2021-12-11,19007,0.120331496,0.11981824040412903,0.57,0.0014300871407613158,0.11630649119615555,0.12141884863376617
0,2,1086,2021-12-11,19011,0.014882131,0.01819697767496109,0.3,0.004899513442069292,0.013366857543587685,0.031831253319978714
0,2,1088,2021-12-11,19015,0.036383174,0.03128502145409584,0.85,0.005201691761612892,0.021324917674064636,0.03719981014728546
0,2,1102,2021-12-11,19043,0.026803551,0.022802602499723434,0.68,0.005845043808221817,0.01683218963444233,0.037199798971414566
0,2,1107,2021-12-11,19053,0.007493707,0.009783461689949036,0.325,0.002744788769632578,0.005974860861897469,0.015752384439110756
0,2,1112,2021-12-11,19063,0.022253672,0.023402485996484756,0.225,0.0016676692757755518,0.02217647060751915,0.029085734859108925
0,2,1115,2021-12-11,19069,0.07997018,0.07093563675880432,0.68,0.008922421373426914,0.05727194994688034,0.08366789668798447
0,2,1116,2021-12-11,19073,0.30891556,0.30002233386039734,0.825,0.01098561380058527,0.2721775770187378,0.31025224924087524
0,2,1119,2021-12-11,19079,0.02649284,0.03111669421195984,0.285,0.009292182512581348,0.026226943358778954,0.06304466724395752
0,2,1121,2021-12-11,19083,0.03686465,0.03861653432250023,0.165,0.004800253082066774,0.03681767359375954,0.055955905467271805
0,2,1122,2021-12-11,19087,0.013290374,0.01336623914539814,0.08,0.00086595508037135,0.013265731744468212,0.017228109762072563
0,2,1134,2021-12-11,19115,0.011956163,0.009991955012083054,0.705,0.002374958945438266,0.00902766827493906,0.017865393310785294
0,2,1138,2021-12-11,19123,0.009708853,0.011604102328419685,0.36,0.002471143612638116,0.00857448112219572,0.017481263726949692
0,2,1147,2021-12-11,19143,0.006242649,0.008903427049517632,0.33,0.003469427116215229,0.005545778665691614,0.018768509849905968
0,2,1148,2021-12-11,19145,0.064910606,0.06014801189303398,0.925,0.0057470486499369144,0.04757549613714218,0.06600180268287659
0,2,1159,2021-12-11,19167,0.0076801297,0.008636155165731907,0.37,0.0014342139475047588,0.006646718829870224,0.011765670031309128
0,2,1161,2021-12-11,19171,0.046027873,0.04605880379676819,0.355,0.00010163573460886255,0.04597261920571327,0.04662799462676048
0,2,1166,2021-12-11,19181,0.010042484,0.013433467596769333,0.34,0.004022765904664993,0.008090052753686905,0.023086262866854668
0,2,1179,2021-12-11,20011,0.007034007,0.005935785360634327,0.695,0.0014627760974690318,0.004234520252794027,0.008970582857728004
0,2,1185,2021-12-11,20029,0.03487811,0.02850140444934368,0.57,0.012851957231760025,0.016791224479675293,0.058037009090185165
0,2,1186,2021-12-11,20035,0.014038486,0.012814268469810486,0.575,0.003386481199413538,0.008437922224402428,0.01975010149180889
0,2,1200,2021-12-11,20073,0.013911245,0.011965334415435791,0.655,0.003634846303611994,0.007735755760222673,0.02054784633219242
0,2,1204,2021-12-11,20085,0.041621663,0.03207177668809891,0.685,0.010703385807573795,0.021690133959054947,0.06036060303449631
0,2,1207,2021-12-11,20091,0.016406886,0.018033942207694054,0.455,0.0054607451893389225,0.012481635436415672,0.029117556288838387
0,2,1210,2021-12-11,20105,0.03379202,0.03533198684453964,0.42,0.0055539291352033615,0.031940896064043045,0.04623444378376007
0,2,1213,2021-12-11,20113,0.039366882,0.03802337497472763,0.515,0.01581696979701519,0.012476282194256783,0.06057743728160858
0,2,1215,2021-12-11,20117,0.040160496,0.03705236315727234,0.61,0.00451607396826148,0.03648923337459564,0.05313750356435776
0,2,1216,2021-12-11,20121,0.01523145,0.011688921600580215,0.69,0.0039338585920631886,0.007694479078054428,0.021032653748989105
0,2,1225,2021-12-11,20141,0.031931844,0.02944965474307537,0.585,0.005460232961922884,0.02252526395022869,0.040006592869758606
0,2,1226,2021-12-11,20143,0.11361314,0.12140960991382599,0.395,0.014453783631324768,0.09666474908590317,0.1426895707845688
0,2,1236,2021-12-11,20167,0.022830471,0.024915512651205063,0.285,0.003848338034003973,0.0218928474932909,0.03266353905200958
0,2,1240,2021-12-11,20175,0.018718574,0.017831915989518166,0.665,0.001331042149104178,0.01615981012582779,0.020506681874394417
0,2,1242,2021-12-11,20179,0.033628117,0.032974958419799805,0.7,0.0008372734300792217,0.03226882964372635,0.035378627479076385
0,2,1258,2021-12-11,21027,0.0067239134,0.00831544864922762,0.21,0.0014582885196432471,0.0055199735797941685,0.01017589308321476
0,2,1265,2021-12-11,21065,0.009262114,0.00722913583740592,0.84,0.0015184463700279593,0.005674945656210184,0.010957801714539528
0,2,1266,2021-12-11,21075,0.1430831,0.14324112236499786,0.165,0.00013095777831040323,0.14295697212219238,0.1434049904346466
0,2,1276,2021-12-11,21137,0.003335745,0.0035030837170779705,0.095,0.0002659295860212296,0.003323120065033436,0.0040407441556453705
0,2,1279,2021-12-11,21147,0.0050066635,0.004539918154478073,0.91,0.0002998817653860897,0.004248476587235928,0.005285816732794046
0,2,1280,2021-12-11,21151,0.009733182,0.009028139524161816,0.65,0.0010923939989879727,0.00795595720410347,0.011695208959281445
0,2,1284,2021-12-11,21167,0.006056427,0.005612211301922798,0.73,0.00041483441600576043,0.005270508583635092,0.006697369739413261
0,2,1287,2021-12-11,21177,0.031934943,0.033461809158325195,0.145,0.0011287516681477427,0.031297020614147186,0.03482649847865105
0,2,1288,2021-12-11,21183,0.110634536,0.11169202625751495,0.195,0.0011625946499407291,0.10975655913352966,0.11368057876825333
0,2,1294,2021-12-11,21209,0.0038895963,0.0035639735870063305,0.62,0.0006725365528836846,0.002619612729176879,0.0050101857632398605
0,2,1300,2021-12-11,21235,0.00318121,0.002724972553551197,0.785,0.00031575601315125823,0.002499550813809037,0.003526919288560748
0,2,1304,2021-12-11,22119,0.0010125118,0.0009211270371451974,0.945,5.2996059821452945e-05,0.000857844774145633,0.0010270269121974707
0,2,1312,2021-12-11,25023,0.0065645883,0.006410143803805113,0.525,0.0009337679948657751,0.005479936953634024,0.008860527537763119
0,2,1314,2021-12-11,26001,0.17096502,0.2201753556728363,0.02,0.028353121131658554,0.16552655398845673,0.2528877258300781
0,2,1345,2021-12-11,26081,0.00904655,0.010389139875769615,0.005,0.008462276309728622,0.009013859555125237,0.043277643620967865
0,2,1346,2021-12-11,26083,0.07915161,0.08486419171094894,0.02,0.0026292256079614162,0.07848966866731644,0.08815819770097733
0,2,1348,2021-12-11,26089,0.06564174,0.07684735953807831,0.115,0.0077485013753175735,0.05716323107481003,0.08481459319591522
0,2,1352,2021-12-11,26099,0.008156189,0.009440764784812927,0.445,0.010599525645375252,0.006277627311646938,0.05034640058875084
0,2,1354,2021-12-11,26103,0.0093632275,0.010555587708950043,0.02,0.0006764981080777943,0.009197114035487175,0.01142078172415495
0,2,1355,2021-12-11,26105,0.054869447,0.02215120568871498,0.995,0.00904764048755169,0.01790139265358448,0.05701049789786339
0,2,1358,2021-12-11,26113,0.06307787,0.10182458162307739,0.01,0.03478306904435158,0.06199805811047554,0.15841524302959442
0,2,1359,2021-12-11,26115,0.07324533,0.06773535907268524,0.825,0.013720360584557056,0.02912614867091179,0.07411041110754013
0,2,1360,2021-12-11,26119,0.03329331,0.03302951902151108,0.5,0.022436514496803284,0.016906466335058212,0.07776876538991928
0,2,1362,2021-12-11,26123,0.049746186,0.03797440230846405,0.85,0.00984251033514738,0.024200143292546272,0.05249970406293869
0,2,1363,2021-12-11,26125,0.011978812,0.011369170621037483,0.625,0.007355640642344952,0.00527218310162425,0.03926054388284683
0,2,1386,2021-12-11,27037,0.033342917,0.03529399633407593,0.46,0.013123168610036373,0.018398622050881386,0.06527940183877945
0,2,1393,2021-12-11,27053,0.009130937,0.01540154404938221,0.025,0.007446949370205402,0.00899216253310442,0.03672206029295921
0,2,1394,2021-12-11,27055,0.028986605,0.02598048932850361,0.78,0.0035125536378473043,0.020702332258224487,0.032000135630369186
0,2,1395,2021-12-11,27063,0.009862962,0.015215450897812843,0.14,0.007598819211125374,0.009407985024154186,0.03658232465386391
0,2,1398,2021-12-11,27081,0.0074865073,0.007089963182806969,0.545,0.00125055480748415,0.0060825105756521225,0.010941981337964535
0,2,1404,2021-12-11,27103,0.013325465,0.02085050195455551,0.13,0.0061253937892615795,0.01289945375174284,0.03724720701575279
0,2,1412,2021-12-11,27133,0.006506546,0.007456853054463863,0.275,0.001804283820092678,0.006157524883747101,0.0135126281529665
0,2,1415,2021-12-11,27143,0.014805229,0.01478616800159216,0.555,0.0003895623958669603,0.01455196738243103,0.01659449189901352
0,2,1421,2021-12-11,27169,0.014603499,0.012567088939249516,0.735,0.002902484266087413,0.008864431641995907,0.018925053998827934
0,2,1430,2021-12-11,29021,0.0483787,0.04790152609348297,0.525,0.003954327665269375,0.03977847844362259,0.05228273198008537
0,2,1450,2021-12-11,29081,0.023643967,0.02369515597820282,0.49,0.002563504735007882,0.018422702327370644,0.026500865817070007
0,2,1459,2021-12-11,29123,0.0024033922,0.0023785987868905067,0.885,1.2463449820643291e-05,0.002367745153605938,0.0024170964024960995
0,2,1461,2021-12-11,29129,0.01741508,0.01807764172554016,0.455,0.0031567253172397614,0.013765941374003887,0.024577636271715164
0,2,1464,2021-12-11,29147,0.022157758,0.019689222797751427,0.63,0.0031327586621046066,0.01489250361919403,0.024429835379123688
0,2,1469,2021-12-11,29163,0.002975633,0.002656162716448307,0.7,0.00041333565604873,0.0020932184997946024,0.0035098446533083916
0,2,1471,2021-12-11,29167,0.0060188617,0.005940739996731281,0.825,6.185413803905249e-05,0.005857955664396286,0.006075926590710878
0,2,1476,2021-12-11,29177,0.012752078,0.015051018446683884,0.415,0.005123084876686335,0.008842354640364647,0.026200126856565475
0,2,1478,2021-12-11,29183,0.005415801,0.0054268441163003445,0.45,4.596495273290202e-05,0.005400090012699366,0.005585858132690191
0,2,1479,2021-12-11,29197,0.034882106,0.03483792766928673,0.525,0.0002368225104874,0.03463517129421234,0.035391729325056076
0,2,1481,2021-12-11,29209,0.007802446,0.007813170552253723,0.145,1.3518983905669302e-05,0.0077972752042114735,0.007840714417397976
0,2,1487,2021-12-11,29229,0.0020914932,0.0020250151865184307,0.84,5.102141585666686e-05,0.0019531028810888529,0.0021276825573295355
0,2,1490,2021-12-11,30095,0.00076753634,0.0007888778345659375,0.045,2.052763920801226e-05,0.0007662726566195488,0.0008326757233589888
0,2,1497,2021-12-11,33005,0.009674191,0.00695063266903162,0.66,0.004000241402536631,0.00611162232235074,0.02216479182243347
0,2,1507,2021-12-11,35028,0.0043713595,0.004450127482414246,0.27,7.398384332191199e-05,0.004348976071923971,0.0046133194118738174
0,2,1512,2021-12-11,35043,0.0040725637,0.003998199012130499,0.965,4.359124432085082e-05,0.003919515293091536,0.004073387943208218
0,2,1517,2021-12-11,35057,0.0027386951,0.002782833529636264,0.455,9.309370943810791e-05,0.0026687951758503914,0.002970045432448387
0,2,1520,2021-12-11,36001,0.0058119074,0.004739866591989994,0.61,0.00227715028449893,0.0029665224719792604,0.01223654393106699
0,2,1526,2021-12-11,36021,0.0016439211,0.0020278766751289368,0.405,0.0011328071122989058,0.001250470639206469,0.0062108999118208885
0,2,1536,2021-12-11,36045,0.021666225,0.011140838265419006,0.595,0.016370629891753197,0.006991217378526926,0.0711202323436737
0,2,1541,2021-12-11,36057,0.013093741,0.012936299666762352,0.675,0.0024262769147753716,0.011889961548149586,0.024695569649338722
0,2,1546,2021-12-11,36069,0.01488611,0.01004392746835947,0.555,0.018763629719614983,0.005544070620089769,0.06896805018186569
0,2,1548,2021-12-11,36075,0.008149078,0.013632366433739662,0.025,0.008295614272356033,0.008117926307022572,0.04514610767364502
0,2,1549,2021-12-11,36083,0.005829482,0.006331568583846092,0.445,0.0028084982186555862,0.004684841260313988,0.015617991797626019
0,2,1555,2021-12-11,36099,0.02569662,0.02456624060869217,0.62,0.0015136755537241697,0.02275017462670803,0.0266569871455431
0,2,1556,2021-12-11,36101,0.0065835775,0.012579284608364105,0.4,0.011741088703274727,0.005771273747086525,0.04847708344459534
0,2,1564,2021-12-11,37057,0.0010751667,0.0010063722729682922,0.69,7.525757246185094e-05,0.0009289978770539165,0.0011937925592064857
0,2,1578,2021-12-11,39047,0.006576257,0.00715835765004158,0.12,0.0006945644272491336,0.006532595958560705,0.009289082139730453
0,2,1582,2021-12-11,39063,0.030455776,0.029443595558404922,0.865,0.0007050233543850482,0.02860524319112301,0.031300850212574005
0,2,1584,2021-12-11,39069,0.012245621,0.025337502360343933,0.075,0.01145753264427185,0.011671511456370354,0.05302372947335243
0,2,1587,2021-12-11,39091,0.009804852,0.01217612437903881,0.18,0.0026984631549566984,0.009470969438552856,0.019302336499094963
0,2,1588,2021-12-11,39093,0.007254343,0.009932992979884148,0.26,0.0036933349911123514,0.0066862828098237514,0.02148265764117241
0,2,1592,2021-12-11,39119,0.005119913,0.003719864645972848,0.705,0.0017942050471901894,0.003079781774431467,0.010521998628973961
0,2,1597,2021-12-11,39135,0.007489841,0.00945077370852232,0.18,0.0017688596853986382,0.00718891154974699,0.013387834653258324
0,2,1599,2021-12-11,39143,0.011943231,0.013386888429522514,0.125,0.0035170260816812515,0.01187875121831894,0.025247909128665924
0,2,1606,2021-12-11,40007,0.015747368,0.015367653220891953,0.53,0.002568674273788929,0.0112676490098238,0.019700510427355766
0,2,1610,2021-12-11,40059,0.021432005,0.020045019686222076,0.555,0.004617919679731131,0.013237633742392063,0.028118755668401718
0,2,1613,2021-12-11,40077,0.024473926,0.024486996233463287,0.15,1.5115720088942908e-05,0.024471767246723175,0.024517379701137543
0,2,1615,2021-12-11,40109,0.005759214,0.007123392075300217,0.33,0.0018265126273036003,0.0046976227313280106,0.010572204366326332
0,2,1625,2021-12-11,42049,0.012485865,0.01497397106140852,0.43,0.009937725029885769,0.007231384050101042,0.04376889020204544
0,2,1637,2021-12-11,46011,0.0045563853,0.00450512208044529,0.545,0.0003371677012182772,0.0041141691617667675,0.005295435432344675
0,2,1649,2021-12-11,46041,0.0018541282,0.0018742646789178252,0.12,1.64764733199263e-05,0.001851025503128767,0.0018997001461684704
0,2,1651,2021-12-11,46045,0.0012730283,0.0013296541292220354,0.115,3.843644299195148e-05,0.0012658439809456468,0.0013896606396883726
0,2,1654,2021-12-11,46051,0.0031085385,0.00290444353595376,0.665,0.00028632814064621925,0.0025696700904518366,0.003529037581756711
0,2,1662,2021-12-11,46067,0.019237733,0.01949261873960495,0.34,0.00026869130670093,0.01909787952899933,0.01996755413711071
0,2,1665,2021-12-11,46073,0.0025824239,0.0025916355662047863,0.46,4.7011661081342027e-05,0.0025004162453114986,0.0026452525053173304
0,2,1666,2021-12-11,46075,0.0016270207,0.0016453007701784372,0.255,1.4057806765777059e-05,0.0016208388842642307,0.0016625650459900498
0,2,1668,2021-12-11,46079,0.0050079306,0.0055260686203837395,0.23,0.0007746076444163918,0.0048790136352181435,0.007788390386849642
0,2,1671,2021-12-11,46085,0.0020960802,0.0021171821281313896,0.3,1.644860822125338e-05,0.0020801168866455555,0.002142346231266856
0,2,1675,2021-12-11,46093,0.002781747,0.0028442188631743193,0.295,5.377300476538949e-05,0.0027585532516241074,0.0029407774563878775
0,2,1680,2021-12-11,46103,0.0015396334,0.0016455748118460178,0.075,6.989595567574725e-05,0.0015316014178097248,0.0017547056777402759
0,2,1683,2021-12-11,46111,0.036417153,0.036428943276405334,0.225,1.0939624189632013e-05,0.03641147166490555,0.03644922003149986
0,2,1690,2021-12-11,46127,0.010327884,0.011266719549894333,0.26,0.0008168244967237115,0.010085263289511204,0.012761038728058338
0,2,1694,2021-12-11,47009,0.006292964,0.00620398111641407,0.54,0.0004782179312314838,0.005302981473505497,0.006819501519203186
0,2,1699,2021-12-11,47045,0.009311851,0.00920836627483368,0.675,0.00012482234160415828,0.00895692128688097,0.009381959214806557
0,2,1702,2021-12-11,47053,0.0033751675,0.003671263111755252,0.06,0.00024505582405254245,0.0033566211350262165,0.0042113130912184715
0,2,1703,2021-12-11,47055,0.004157401,0.004187053069472313,0.23,3.8118909287732095e-05,0.004141004756093025,0.004258185625076294
0,2,1708,2021-12-11,47079,0.02267368,0.022639865055680275,0.915,2.165132900699973e-05,0.022612471133470535,0.02269487828016281
0,2,1712,2021-12-11,47093,0.009115909,0.00908082164824009,0.515,0.00031981064239516854,0.008304239250719547,0.00936880148947239
0,2,1734,2021-12-11,48037,0.002744394,0.0027406751178205013,0.78,6.62914590066066e-06,0.0027199089527130127,0.002748503116890788
0,2,1751,2021-12-11,48375,0.011361339,0.011085744947195053,0.555,0.0013970411382615566,0.008795583620667458,0.013578004203736782
0,2,1752,2021-12-11,48381,0.0062982794,0.00578040536493063,0.66,0.0006899934960529208,0.004969516769051552,0.007252477575093508
0,2,1756,2021-12-11,49001,0.09657143,0.09652681648731232,0.84,3.53056748281233e-05,0.09645643085241318,0.09657689929008484
0,2,1766,2021-12-11,50001,0.004220425,0.005978127475827932,0.225,0.003387071192264557,0.00384138454683125,0.016944583505392075
0,2,1767,2021-12-11,50003,0.026560152,0.02338568866252899,0.52,0.020269151777029037,0.009642194956541061,0.08187325298786163
0,2,1770,2021-12-11,50009,0.010264485,0.015464344061911106,0.345,0.007871825248003006,0.008239508606493473,0.037165574729442596
0,2,1772,2021-12-11,50013,0.0025357474,0.0030324868857860565,0.35,0.0024137934669852257,0.0023048543371260166,0.012131275609135628
0,2,1781,2021-12-11,51155,0.0026573804,0.002305355854332447,0.775,0.00037151086144149303,0.0018463394371792674,0.003037510672584176
0,2,1784,2021-12-11,53005,0.0018082935,0.0019649758469313383,0.21,0.0001621255069039762,0.0017505282303318381,0.002268027514219284
0,2,1788,2021-12-11,54033,0.008855676,0.00871642492711544,0.79,0.0002353378222323954,0.008637004531919956,0.009914380498230457
0,2,1798,2021-12-11,55021,0.0137592,0.012409348040819168,0.765,0.0013472393620759249,0.010760927572846413,0.0153932711109519
0,2,1804,2021-12-11,55035,0.018183516,0.014116904698312283,0.955,0.002681415295228362,0.010376472026109695,0.02079056017100811
0,2,1810,2021-12-11,55053,0.023852376,0.01907419040799141,0.995,0.0021727897692471743,0.016144584864377975,0.024024397134780884
0,2,1813,2021-12-11,55059,0.007935425,0.010777866467833519,0.105,0.0053369514644145966,0.007682259660214186,0.03032699041068554
0,2,1820,2021-12-11,55079,0.006280956,0.005472187884151936,0.895,0.0009794215438887477,0.0041153402999043465,0.009992537088692188
0,2,1821,2021-12-11,55081,0.016061414,0.013643162325024605,0.9,0.001723019639030099,0.011347937397658825,0.017143456265330315
0,2,1825,2021-12-11,55091,0.029389387,0.023426564410328865,0.84,0.004795335698872805,0.017566774040460587,0.03560572862625122
0,2,1828,2021-12-11,55099,0.13107277,0.06631088256835938,0.945,0.04297684505581856,0.01439427025616169,0.14904667437076569
0,2,1830,2021-12-11,55103,0.01949001,0.017024453729391098,0.825,0.002154855290427804,0.01430356316268444,0.021675096824765205
0,2,1840,2021-12-11,55137,0.014228717,0.013734092935919762,0.925,0.0004177851078566164,0.013054732233285904,0.014473206363618374
0,2,1853,2021-12-11,56037,0.0015887991,0.001741688116453588,0.28,0.00014983987784944475,0.0015524596674367785,0.0020615109242498875
0,2,1855,2021-12-11,56045,0.0033988582,0.0034013439435511827,0.145,1.5304960925277555e-06,0.00339849223382771,0.003403295064345002
0,2,1870,2022-06-08,05057,0.0043432945,0.004310649819672108,0.985,1.6333078747265972e-05,0.004288456868380308,0.004344724118709564
0,2,1886,2022-06-08,08045,0.001670045,0.0018776303622871637,0.09,0.00015891672228462994,0.0016436284640803933,0.0021495420951396227
0,2,1892,2022-06-08,12015,0.004538524,0.004640105180442333,0.255,8.22044094093144e-05,0.004504445008933544,0.004789446014910936
0,2,1896,2022-06-08,12059,0.0055167107,0.005490350537002087,0.965,1.91049330169335e-05,0.005459814332425594,0.005518047139048576
0,2,1897,2022-06-08,12109,0.0058827526,0.00589319784194231,0.465,6.139572360552847e-05,0.0058128368109464645,0.006013639736920595
0,2,1914,2022-06-08,17137,0.0049100085,0.004921180661767721,0.42,2.3093007257557474e-05,0.004885786212980747,0.004954786971211433
0,2,1915,2022-06-08,17183,0.003954027,0.003954404033720493,0.455,4.5541369217971805e-06,0.003939403686672449,0.003963818773627281
0,2,1918,2022-06-08,18063,0.0033198996,0.0033647913951426744,0.08,3.240328442188911e-05,0.0033065564930438995,0.0034129410050809383
0,2,1928,2022-06-08,19053,0.0035743704,0.003451789729297161,0.78,0.0001044602322508581,0.0033201086334884167,0.003636099398136139
0,2,1929,2022-06-08,19145,0.0036928202,0.003632249543443322,0.64,5.910836989642121e-05,0.003578734816983342,0.0037586777471005917
0,2,1937,2022-06-08,21089,0.0020894404,0.0019899937324225903,0.85,8.355289173778147e-05,0.0018661032663658261,0.0021137159783393145
0,2,1944,2022-06-08,22115,0.011326903,0.011315768584609032,0.92,7.994913175934926e-06,0.0113040367141366,0.011328919790685177
0,2,1950,2022-06-08,24023,0.0026652347,0.002674426417797804,0.025,1.494471598562086e-05,0.002664153231307864,0.0027119021397083998
0,2,1953,2022-06-08,24037,0.0029130096,0.0029110489413142204,0.72,2.582992010502494e-06,0.0029051650781184435,0.0029171679634600878
0,2,1954,2022-06-08,26021,0.0035135038,0.003511532675474882,0.605,4.4285702642810065e-06,0.0035044443793594837,0.003518451005220413
0,2,1968,2022-06-08,28073,0.0029599129,0.002934406977146864,0.965,2.2098791305324994e-05,0.002895731944590807,0.0029634865932166576
0,2,1973,2022-06-08,28133,0.01620128,0.016193263232707977,0.815,5.768302798969671e-06,0.01618543639779091,0.016203580424189568
0,2,1977,2022-06-08,28153,0.007335996,0.007350620813667774,0.01,1.1048874512198381e-05,0.00733555480837822,0.007370252627879381
0,2,1998,2022-06-08,29195,0.010746016,0.010755440220236778,0.32,1.5180226910160854e-05,0.010736658237874508,0.010782931931316853
0,2,2003,2022-06-08,30087,0.0011533174,0.0010856494773179293,0.85,4.60984738310799e-05,0.0010252610081806779,0.0011744304792955518
0,2,2010,2022-06-08,32019,0.004439242,0.004381041042506695,0.96,3.6051606002729386e-05,0.004320900421589613,0.004441788885742426
0,2,2014,2022-06-08,32510,0.0063851094,0.006908333394676447,0.1,0.00033982726745307446,0.0063223447650671005,0.007428932934999466
0,2,2015,2022-06-08,34005,0.002826471,0.0026778769679367542,0.88,0.00013969904102850705,0.0024352199397981167,0.002902982058003545
0,2,2022,2022-06-08,35013,0.00072296767,0.00074427155777812,0.145,1.541873461974319e-05,0.0007174974889494479,0.0007790583767928183
0,2,2038,2022-06-08,37105,0.003409354,0.0034312191419303417,0.01,1.0623581147228833e-05,0.0034078543540090322,0.0034559788182377815
0,2,2047,2022-06-08,37183,0.0025126555,0.0025233756750822067,0.335,1.549565240566153e-05,0.0024825308937579393,0.0025353257078677416
0,2,2050,2022-06-08,39013,0.008147933,0.008154628798365593,0.275,6.7955052145407535e-06,0.008143605664372444,0.008165084756910801
0,2,2053,2022-06-08,39021,0.0037871783,0.0037863063625991344,0.88,8.977040693025629e-07,0.0037832644302397966,0.0037879988085478544
0,2,2054,2022-06-08,39023,0.0071674082,0.0071500204503536224,0.92,1.2442266779544298e-05,0.007133294828236103,0.007171334233134985
0,2,2064,2022-06-08,39061,0.0132636,0.013274231925606728,0.425,2.8885200663353316e-05,0.013226102106273174,0.013318680226802826
0,2,2068,2022-06-08,39087,0.0019710825,0.0018899363931268454,0.78,7.057850598357618e-05,0.001781426020897925,0.0019979209173470736
0,2,2076,2022-06-08,39135,0.019962361,0.019980695098638535,0.19,1.3174023479223251e-05,0.019955679774284363,0.019997980445623398
0,2,2079,2022-06-08,39159,0.0021972237,0.0022080130875110626,0.205,1.5960073142196052e-05,0.0021804887801408768,0.0022381760645657778
0,2,2080,2022-06-08,39163,0.033028327,0.033072251826524734,0.13,4.381959661259316e-05,0.033021874725818634,0.0331597700715065
0,2,2081,2022-06-08,39165,0.030900866,0.030915603041648865,0.285,1.4475558600679506e-05,0.030892543494701385,0.030936963856220245
0,2,2085,2022-06-08,40033,0.04617867,0.046176422387361526,0.84,2.3838147171773016e-06,0.046170689165592194,0.0461818166077137
0,2,2089,2022-06-08,40063,0.006545051,0.006593191996216774,0.225,3.729406671482138e-05,0.0065190428867936134,0.00663500651717186
0,2,2102,2022-06-08,40141,0.0246018,0.02459583431482315,0.8,6.804545591876376e-06,0.02458273246884346,0.02460731938481331
0,2,2110,2022-06-08,45013,0.0042294655,0.004139234311878681,0.555,0.0002378641947871074,0.003827453823760152,0.004521263297647238
0,2,2126,2022-06-08,46041,0.0026423112,0.0026370054110884666,0.715,1.3420638424577191e-05,0.0026092948392033577,0.002664551604539156
0,2,2135,2022-06-08,46073,0.0019508853,0.001945342170074582,0.545,3.982026464655064e-05,0.0018537139985710382,0.0019854363054037094
0,2,2136,2022-06-08,46075,0.04244292,0.04244799539446831,0.345,2.6325189537601545e-05,0.042415183037519455,0.04251425340771675
0,2,2139,2022-06-08,46085,0.0061303983,0.006132500246167183,0.38,6.9805751081730705e-06,0.006118702702224255,0.006147932726889849
0,2,2140,2022-06-08,46093,0.0009885896,0.0009877777192741632,0.53,6.0748084251827095e-06,0.0009734887280501425,0.000999783049337566
0,2,2142,2022-06-08,46103,0.0024207833,0.0024124274495989084,0.905,1.3477840184350498e-05,0.0023814127780497074,0.0024222377687692642
0,2,2143,2022-06-08,46105,0.004041269,0.003976155072450638,0.77,4.767522113979794e-05,0.003936184570193291,0.004093809984624386
0,2,2151,2022-06-08,48009,0.005199408,0.0051850685849785805,0.725,1.3891579328628723e-05,0.005165782757103443,0.0052114310674369335
0,2,2164,2022-06-08,48169,0.0025177852,0.0025128501001745462,0.59,1.4853851098450832e-05,0.002492157043889165,0.002561401342973113
0,2,2174,2022-06-08,48295,0.0048589436,0.00477999821305275,0.655,8.94499899004586e-05,0.004659273196011782,0.0049475678242743015
0,2,2177,2022-06-08,48345,0.0048328866,0.004824528470635414,0.705,7.014178208919475e-06,0.004816732835024595,0.004841194488108158
0,2,2180,2022-06-08,48375,0.0031760656,0.003172013908624649,0.515,4.388964589452371e-05,0.0030930638313293457,0.003246678737923503
0,2,2181,2022-06-08,48381,0.003122258,0.0031275697983801365,0.37,1.58108177856775e-05,0.003114329418167472,0.003165226662531495
0,2,2187,2022-06-08,49041,0.0028386954,0.0028376025147736073,0.875,6.747148972863215e-07,0.0028367640916258097,0.002838900312781334
0,2,2191,2022-06-08,51035,0.0012907685,0.0012833152431994677,0.69,1.2159261132183019e-05,0.0012609193800017238,0.0012995174620300531
0,2,2197,2022-06-08,51073,0.0027846836,0.002760045463219285,0.985,2.6660392904886976e-05,0.002706189639866352,0.0027874894440174103
0,2,2199,2022-06-08,51077,0.006505288,0.006506510078907013,0.45,3.2011253097152803e-06,0.006499881856143475,0.006510137114673853
0,2,2200,2022-06-08,51085,0.0031306518,0.0031258887611329556,0.91,3.7751115087303333e-06,0.0031199236400425434,0.003132017096504569
0,2,2205,2022-06-08,51139,0.0019657223,0.001955281477421522,0.525,6.183896766742691e-05,0.0018635683227330446,0.002064531436190009
0,2,2217,2022-06-08,54033,0.0106621375,0.010689463466405869,0.305,3.898980867234059e-05,0.01064638327807188,0.010759416036307812
0,2,2218,2022-06-08,54035,0.002693733,0.0027028615586459637,0.18,1.4561293937731534e-05,0.0026912151370197535,0.002738647162914276
0,2,2222,2022-06-08,54051,0.020904522,0.02091854065656662,0.38,2.8577975172083825e-05,0.02088828943669796,0.02097354084253311
0,2,2226,2022-06-08,54065,0.02205646,0.022078897804021835,0.325,2.8577840566867962e-05,0.022033831104636192,0.022122008726000786
0,2,2235,2022-06-08,55079,0.0050274204,0.005036431364715099,0.135,1.239863831870025e-05,0.005025504622608423,0.005063799675554037
0,2,2239,2022-06-08,56039,0.0024275458,0.0024934248067438602,0.34,8.25999813969247e-05,0.0023828144185245037,0.002646211301907897
0,2,2240,2022-06-08,56045,0.0024533474,0.0024726889096200466,0.07,1.5884901586105116e-05,0.0024514044634997845,0.0025183784309774637
0,2,2241,2024-02-27,01071,0.0012720486,0.0012756859650835395,0.495,0.00011455417552497238,0.0011750892736017704,0.0015514600090682507
0,2,2246,2024-02-27,04005,0.009388131,0.013368742540478706,0.105,0.0036335631739348173,0.008971067145466805,0.021999767050147057
0,2,2251,2024-02-27,06023,0.0151427295,0.01534762978553772,0.425,0.0033236255403608084,0.012578826397657394,0.028026046231389046
0,2,2257,2024-02-27,06039,0.0027778053,0.007241974584758282,0.05,0.010564238764345646,0.002620224142447114,0.043425481766462326
0,2,2264,2024-02-27,06071,0.001489912,0.0015498509164899588,0.025,5.4211621318245307e-05,0.0014880986418575048,0.0016567822312936187
0,2,2267,2024-02-27,06079,0.0013039408,0.0018014570232480764,0.015,0.0011601021979004145,0.0012966413050889969,0.0056946673430502415
0,2,2274,2024-02-27,08027,0.0028986805,0.0032773627899587154,0.355,0.000422599638113752,0.0025482033379375935,0.004001038148999214
0,2,2277,2024-02-27,08045,0.0060862266,0.006365855224430561,0.105,0.00022773243836127222,0.006057697348296642,0.006781841162592173
0,2,2278,2024-02-27,08049,0.0014032832,0.0014247425133362412,0.125,1.3146709534339607e-05,0.0014002099633216858,0.001443087006919086
0,2,2289,2024-02-27,08107,0.0022643784,0.0023402832448482513,0.235,5.515029624802992e-05,0.0022469882387667894,0.002416720148175955
0,2,2290,2024-02-27,12011,0.0016026313,0.001624060096219182,0.075,2.3958287783898413e-05,0.001578377210535109,0.0016892246203497052
0,2,2303,2024-02-27,13219,0.003633605,0.0036780238151550293,0.145,3.3389213058399037e-05,0.003600755240768194,0.0037218390498310328
0,2,2307,2024-02-27,13295,0.0012977192,0.0013113182503730059,0.065,9.264334039471578e-06,0.0012945453636348248,0.0013383164769038558
0,2,2315,2024-02-27,16045,0.007577776,0.00888846069574356,0.05,0.0010049162665382028,0.00748922023922205,0.010782946832478046
0,2,2317,2024-02-27,16069,0.0035791616,0.00368342362344265,0.04,7.703118171775714e-05,0.003561669262126088,0.0038123014383018017
0,2,2323,2024-02-27,17037,0.0026833056,0.002898082137107849,0.09,0.00016176320787053555,0.002647432964295149,0.003205294255167246
0,2,2326,2024-02-27,17059,0.0018614479,0.001708255265839398,0.79,0.0001267275947611779,0.0015461189905181527,0.001974294427782297
0,2,2335,2024-02-27,17165,0.0016111375,0.0015226362738758326,0.75,6.965602369746193e-05,0.0014476374490186572,0.0016796316485852003
0,2,2345,2024-02-27,18063,0.0017593284,0.0018787174485623837,0.09,0.00012385820446070284,0.0017326805973425508,0.002124710939824581
0,2,2356,2024-02-27,18161,0.0023805855,0.0021651173010468483,0.67,0.00034976110327988863,0.0017545967129990458,0.0029144580475986004
0,2,2362,2024-02-27,21027,0.0020046106,0.0017817870248109102,0.825,0.00017019582446664572,0.001594758708961308,0.0021757464855909348
0,2,2363,2024-02-27,21039,0.0015172334,0.0015290755545720458,0.465,5.5266118579311296e-05,0.0014517232775688171,0.0016346536576747894
0,2,2368,2024-02-27,21065,0.0020372064,0.0018327846191823483,0.78,0.0001505124382674694,0.0017213141545653343,0.002242246177047491
0,2,2371,2024-02-27,21075,0.0014359378,0.001367454882711172,0.825,5.6988061260199174e-05,0.0012882587034255266,0.0014780830824747682
0,2,2381,2024-02-27,21145,0.0015822818,0.0015862931031733751,0.475,6.193966692080721e-05,0.0014888487057760358,0.0016823391197249293
0,2,2383,2024-02-27,21151,0.002353425,0.0020545655861496925,0.67,0.00033416738733649254,0.0017661858582869172,0.00286108092404902
0,2,2384,2024-02-27,21173,0.0029039278,0.002521888120099902,0.805,0.0002817460335791111,0.0022698291577398777,0.0032288937363773584
0,2,2385,2024-02-27,21177,0.001381714,0.0011922527337446809,0.94,0.00010249432671116665,0.001092022517696023,0.0014303270727396011
0,2,2388,2024-02-27,21183,0.0015902483,0.0013784002512693405,0.91,0.00013555257464759052,0.0011995162349194288,0.0016931138234212995
0,2,2391,2024-02-27,21209,0.0020672167,0.001748877577483654,0.715,0.0002712015702854842,0.001535060815513134,0.002475147834047675
0,2,2392,2024-02-27,21225,0.004040093,0.004062540829181671,0.255,2.3760421754559502e-05,0.004024729132652283,0.0041021076031029224
0,2,2400,2024-02-27,25013,0.00338677,0.004374002572149038,0.365,0.002088510198518634,0.0026862663216888905,0.01105668768286705
0,2,2403,2024-02-27,25023,0.0049024005,0.00478622131049633,0.515,0.0016096624312922359,0.003617619164288044,0.010069312527775764
0,2,2416,2024-02-27,29181,0.0010134847,0.0009515972342342138,0.96,3.49868496414274e-05,0.0009075769921764731,0.0010207310551777482
0,2,2418,2024-02-27,29207,0.0009826244,0.0010247600730508566,0.16,4.291717050364241e-05,0.0009710319573059678,0.001105393748730421
0,2,2423,2024-02-27,30027,0.0019487477,0.0018770929891616106,0.735,7.300760626094416e-05,0.001775542739778757,0.002045971807092428
0,2,2424,2024-02-27,30029,0.0037310678,0.0036266297101974487,0.785,7.100054790498689e-05,0.0035479788202792406,0.0037865431513637304
0,2,2425,2024-02-27,30031,0.002412678,0.002392970956861973,0.85,1.065541073330678e-05,0.0023838342167437077,0.0024218077305704355
0,2,2439,2024-02-27,30101,0.001970746,0.0019194388296455145,0.715,6.48581117275171e-05,0.0018437299877405167,0.0020743494387716055
0,2,2447,2024-02-27,32019,0.008168239,0.015727009624242783,0.08,0.009149637073278427,0.007952014915645123,0.04007311165332794
0,2,2453,2024-02-27,32510,0.028957892,0.03429422527551651,0.05,0.003090901533141732,0.028733085840940475,0.03970292955636978
0,2,2455,2024-02-27,34039,0.002166572,0.0025373008102178574,0.43,0.0015568477101624012,0.0018086032941937447,0.008532071486115456
0,2,2460,2024-02-27,35013,0.0020369007,0.0024589162785559893,0.05,0.0002784976386465132,0.0020187206100672483,0.002941660350188613
0,2,2470,2024-02-27,35043,0.0040147863,0.010479075834155083,0.045,0.006949665956199169,0.003911052364856005,0.030940890312194824
0,2,2474,2024-02-27,35055,0.011894264,0.017997220158576965,0.21,0.006815869361162186,0.011026101186871529,0.0344344787299633
0,2,2475,2024-02-27,35057,0.016363176,0.016131438314914703,0.585,0.0004107099666725844,0.015295623801648617,0.016657428815960884
0,2,2478,2024-02-27,36001,0.008067968,0.008496060967445374,0.415,0.0011661297176033258,0.006137552671134472,0.00968593917787075
0,2,2482,2024-02-27,36021,0.0016245139,0.0017422449309378862,0.41,0.0007142203976400197,0.0014858614886179566,0.004659858997911215
0,2,2490,2024-02-27,36045,0.004951336,0.004607789218425751,0.555,0.0019628761801868677,0.003115031635388732,0.010079257190227509
0,2,2493,2024-02-27,36057,0.018264448,0.022596469148993492,0.235,0.003717932151630521,0.015364069491624832,0.0264572836458683
0,2,2495,2024-02-27,36069,0.0075381277,0.008337333798408508,0.365,0.0014853014145046473,0.00668694544583559,0.01278897188603878
0,2,2496,2024-02-27,36075,0.014858678,0.01312200352549553,0.55,0.004521114751696587,0.008470531553030014,0.020836567506194115
0,2,2498,2024-02-27,36083,0.0041470253,0.004265717230737209,0.085,0.0010897032916545868,0.0041333772242069244,0.010948963463306427
0,2,2499,2024-02-27,36085,0.0024985352,0.004167424514889717,0.045,0.002409998094663024,0.0024315835908055305,0.012123506516218185
0,2,2513,2024-02-27,39023,0.009674814,0.009289627894759178,0.975,0.0003096442960668355,0.008648588322103024,0.009709903039038181
0,2,2518,2024-02-27,39087,0.0025029301,0.002086566761136055,0.86,0.0003225661057513207,0.001726534916087985,0.002859261818230152
0,2,2523,2024-02-27,39119,0.0047767814,0.003449192736297846,0.765,0.001442049047909677,0.001914432505145669,0.007130689453333616
0,2,2524,2024-02-27,39121,0.0033496197,0.0021470875944942236,0.82,0.000875773373991251,0.0014636318664997816,0.004485281649976969
0,2,2526,2024-02-27,39129,0.0018588653,0.002371530281379819,0.105,0.000682166893966496,0.0017936478834599257,0.00415367167443037
0,2,2527,2024-02-27,39135,0.0023422856,0.0024653691798448563,0.185,0.00015858563710935414,0.002305839443579316,0.0028776382096111774
0,2,2529,2024-02-27,40007,0.0035704388,0.0031210852321237326,0.63,0.0007742820307612419,0.0023575271479785442,0.005006972700357437
0,2,2533,2024-02-27,40059,0.0033640538,0.0031335526145994663,0.565,0.0005210296367295086,0.0024726218543946743,0.004126870539039373
0,2,2544,2024-02-27,45023,0.0096678315,0.009726481512188911,0.06,3.829390698228963e-05,0.009646601043641567,0.009776835329830647
0,2,2546,2024-02-27,45055,0.002042978,0.0017425155965611339,0.94,0.0001604848657734692,0.0015739738009870052,0.0021436524111777544
0,2,2547,2024-02-27,45059,0.00096631615,0.000833556056022644,0.915,8.041667024372146e-05,0.0007349653751589358,0.0010251384228467941
0,2,2555,2024-02-27,46045,0.0014394143,0.0014396538026630878,0.475,4.994042228645412e-06,0.0014241364551708102,0.001449743052944541
0,2,2557,2024-02-27,46085,0.001801402,0.0018043253803625703,0.305,1.2512819012044929e-05,0.001784591586329043,0.001833390910178423
0,2,2559,2024-02-27,47009,0.0042517474,0.004204120486974716,0.535,0.00022321697906590998,0.003762364387512207,0.0044618272222578526
0,2,2565,2024-02-27,47147,0.0015263798,0.0014730392722412944,0.79,5.1513041398720816e-05,0.0014012965839356184,0.0015868073096498847
0,2,2589,2024-02-27,48295,0.0043096025,0.003955192398279905,0.6,0.0007993354229256511,0.002812846563756466,0.005426890682429075
0,2,2595,2024-02-27,48375,0.0030791305,0.0029746948275715113,0.54,0.00038757320726290345,0.0024254724849015474,0.0037166255060583353
0,2,2596,2024-02-27,48381,0.0023438726,0.0022795828990638256,0.59,0.00014751704293303192,0.0020516763906925917,0.002546171424910426
0,2,2600,2024-02-27,49001,0.025125803,0.04878652095794678,0.11,0.014488664455711842,0.02352544479072094,0.07323992997407913
0,2,2603,2024-02-27,49007,0.00780417,0.010510209947824478,0.17,0.002059243619441986,0.007512085139751434,0.014696275815367699
0,2,2615,2024-02-27,49039,0.008970069,0.009445316158235073,0.09,0.0003600982017815113,0.008923815563321114,0.010155769065022469
0,2,2616,2024-02-27,49041,0.008353813,0.009399063885211945,0.145,0.0007424503564834595,0.008255031891167164,0.01076564472168684
0,2,2624,2024-02-27,50001,0.0066526853,0.007140928879380226,0.215,0.0008684830972924829,0.006543486844748259,0.010110057890415192
0,2,2625,2024-02-27,50003,0.023799066,0.02904627099633217,0.485,0.022343840450048447,0.010714947246015072,0.08763813972473145
0,2,2628,2024-02-27,50009,0.032278292,0.034900497645139694,0.415,0.011216084472835064,0.03151021897792816,0.07660560309886932
0,2,2630,2024-02-27,50013,0.00418792,0.004474306479096413,0.325,0.0004436291637830436,0.004023912362754345,0.0058645447716116905
0,2,2642,2024-02-27,51770,0.005956217,0.005830064415931702,0.985,0.00012761955440510064,0.00553195271641016,0.005960500333458185
0,2,2646,2024-02-27,54051,0.0030751699,0.003409620840102434,0.28,0.000344857427990064,0.002738086972385645,0.003801889717578888
0,2,2652,2024-02-27,54097,0.003474256,0.002541154157370329,0.83,0.0006606693495996296,0.0019659569952636957,0.004254856146872044
0,2,2658,2024-02-27,56037,0.0013560636,0.001510382629930973,0.325,0.0001625518489163369,0.0013008761452510953,0.001855593640357256
0,3,3,2019-03-13,01021,0.011387424,0.011418147012591362,0.07,1.360184614895843e-05,0.011384706012904644,0.01143026165664196
0,3,5,2019-03-13,01043,0.0039946144,0.003997450694441795,0.48,5.28595301148016e-05,0.003881969256326556,0.004051462281495333
0,3,10,2019-03-13,01075,0.0071361414,0.007173632271587849,0.02,1.8003849618253298e-05,0.007134243845939636,0.007191649172455072
0,3,16,2019-03-13,01125,0.0015711411,0.0014209568034857512,0.895,7.593919144710526e-05,0.0013469409896060824,0.0015959747834131122
0,3,24,2019-03-13,08017,0.1748974,0.17528504133224487,0.3,0.0005285644438117743,0.1737690418958664,0.1756579726934433
0,3,30,2019-03-13,08089,0.0062961183,0.006407667882740498,0.235,0.0003009069769177586,0.006202682387083769,0.007210822310298681
0,3,34,2019-03-13,17003,0.014539385,0.014441091567277908,0.75,9.752298501553014e-05,0.014389590360224247,0.014765425585210323
0,3,39,2019-03-13,17065,0.0041798926,0.00418440904468298,0.49,0.0002014240890275687,0.0040648686699569225,0.004724347498267889
0,3,43,2019-03-13,17081,0.0029771938,0.002980467863380909,0.17,1.930362486746162e-06,0.002975965617224574,0.002981604542583227
0,3,50,2019-03-13,17179,0.0027988828,0.003356985980644822,0.065,0.0011886940337717533,0.002696351148188114,0.006609186064451933
0,3,51,2019-03-13,17181,0.0075329975,0.0069827428087592125,0.83,0.0003165382659062743,0.006821243092417717,0.007889115251600742
0,3,53,2019-03-13,17191,0.0037160306,0.003627076046541333,0.725,0.00012234716268721968,0.0035548575688153505,0.003991276025772095
0,3,58,2019-03-13,18039,0.0030751845,0.002980458550155163,0.655,0.0002200378366978839,0.002871736418455839,0.0036507397890090942
0,3,62,2019-03-13,18071,0.0060502724,0.0055024586617946625,0.785,0.00039328038110397756,0.00530497170984745,0.006677145604044199
0,3,65,2019-03-13,18091,0.003841489,0.003307982347905636,0.725,0.0006185731035657227,0.0029806350357830524,0.005178078077733517
0,3,76,2019-03-13,18163,0.0065992093,0.006713962182402611,0.21,0.00031070297700352967,0.006538320332765579,0.007575202267616987
0,3,86,2019-03-13,20129,0.016804803,0.021820738911628723,0.15,0.009375099092721939,0.01560076791793108,0.04643402248620987
0,3,88,2019-03-13,20153,0.009846945,0.00926072709262371,0.595,0.0014435086632147431,0.008339735679328442,0.013144614174962044
0,3,92,2019-03-13,20193,0.009235197,0.007820019498467445,0.74,0.0012961479369550943,0.00709746265783906,0.011455810628831387
0,3,103,2019-03-13,21059,0.012436596,0.01212313398718834,0.62,0.0011439346708357334,0.011077205650508404,0.015034617856144905
0,3,104,2019-03-13,21061,0.016274488,0.016331469640135765,0.345,8.750161214265972e-05,0.016135411337018013,0.016420632600784302
0,3,111,2019-03-13,21105,0.008307652,0.008569153025746346,0.16,0.0004652663192246109,0.008206970058381557,0.009768894873559475
0,3,120,2019-03-13,21187,0.0047854506,0.004631416872143745,0.62,0.0002345806424273178,0.004482620395720005,0.005229264497756958
0,3,121,2019-03-13,21191,0.004132029,0.004091374576091766,0.615,6.61380763631314e-05,0.004044515546411276,0.004265379160642624
0,3,124,2019-03-13,21219,0.008228409,0.008743960410356522,0.13,0.0006197981419973075,0.008019653148949146,0.010222921147942543
0,3,129,2019-03-13,21229,0.009264617,0.00899406336247921,0.64,0.0006078918231651187,0.008507026359438896,0.01063853781670332
0,3,132,2019-03-13,22027,0.0019376283,0.0019026431255042553,0.99,1.4907520380802453e-05,0.0018845103913918138,0.0019388539949432015
0,3,140,2019-03-13,26157,0.0026341763,0.002576395170763135,0.68,8.219217852456495e-05,0.0025249184109270573,0.002830751705914736
0,3,144,2019-03-13,28025,0.001274154,0.0010375644778832793,0.98,9.459873399464414e-05,0.0009521316969767213,0.0012836941750720143
0,3,149,2019-03-13,28105,0.0014562287,0.0012140476610511541,0.985,9.259627404389903e-05,0.0011362592922523618,0.0014644168550148606
0,3,151,2019-03-13,29017,0.0031888206,0.0029912805184721947,0.915,8.895585051504895e-05,0.002939053578302264,0.003248573513701558
0,3,155,2019-03-13,29157,0.0028395997,0.0027211441192775965,0.765,0.00011610507499426603,0.002674635499715805,0.003096294356510043
0,3,161,2019-03-13,34013,0.0016361881,0.00158857018686831,0.965,2.9524186174967326e-05,0.0015316191129386425,0.001652132603339851
0,3,167,2019-03-13,35037,0.026206726,0.024733301252126694,0.61,0.00663492176681757,0.020321927964687347,0.04337676614522934
0,3,176,2019-03-13,39045,0.005227642,0.005232223309576511,0.03,1.1678316695906688e-05,0.005227039568126202,0.005269205197691917
0,3,181,2019-03-13,39071,0.018887194,0.018909066915512085,0.27,2.246203803224489e-05,0.01885424740612507,0.01893487758934498
0,3,187,2019-03-13,39127,0.007324562,0.007224682252854109,0.835,5.9644036809913814e-05,0.007181625813245773,0.007393497042357922
0,3,189,2019-03-13,39131,0.022961779,0.022954002022743225,0.63,1.5633781003998592e-05,0.022932302206754684,0.02298976294696331
0,3,196,2019-03-13,40019,0.0036584435,0.0036588693037629128,0.5,0.00010700384882511571,0.0035841171629726887,0.003957760985940695
0,3,197,2019-03-13,40025,0.018633815,0.021741557866334915,0.32,0.010971849784255028,0.015321949496865273,0.05271020531654358
0,3,202,2019-03-13,40045,0.014726712,0.017694249749183655,0.105,0.004849322605878115,0.014144889079034328,0.029975546523928642
0,3,207,2019-03-13,40065,0.0084104845,0.009563392028212547,0.17,0.0023048778530210257,0.00798105914145708,0.015327502973377705
0,3,209,2019-03-13,40083,0.005761452,0.0059843361377716064,0.16,0.0005086315213702619,0.005664864555001259,0.007411771919578314
0,3,213,2019-03-13,40123,0.0042690737,0.00416813138872385,0.78,7.555486081400886e-05,0.0041116769425570965,0.004371576476842165
0,3,223,2019-03-13,47161,0.010319788,0.009344001300632954,0.825,0.0006129254470579326,0.008760753087699413,0.01083330437541008
0,3,242,2019-03-13,48111,0.052373286,0.02397959493100643,0.89,0.013348830863833427,0.015391889959573746,0.06066364794969559
0,3,248,2019-03-13,48133,0.04969971,0.049599602818489075,0.715,0.000192693158169277,0.04911964386701584,0.04977664723992348
0,3,258,2019-03-13,48181,0.0028104535,0.002751188352704048,0.595,0.00016015420260373503,0.002638246864080429,0.0031989545095711946
0,3,266,2019-03-13,48211,0.025484063,0.02593720331788063,0.24,0.0017549301264807582,0.025250449776649475,0.03104298561811447
0,3,273,2019-03-13,48237,0.015212039,0.015186682343482971,0.91,2.724767182371579e-05,0.01512372400611639,0.015217716805636883
0,3,274,2019-03-13,48243,0.0045798495,0.006533849984407425,0.17,0.0030621213372796774,0.004010774195194244,0.013735749758780003
0,3,275,2019-03-13,48251,0.010683134,0.010599160566926003,0.925,0.00014612202357966453,0.010222157463431358,0.010702128522098064
0,3,279,2019-03-13,48279,0.007964561,0.008122406899929047,0.46,0.002240678993985057,0.007149332668632269,0.014472603797912598
0,3,281,2019-03-13,48301,0.06733188,0.067154660820961,0.92,0.00031134384335018694,0.06624742597341537,0.06735391914844513
0,3,286,2019-03-13,48335,0.006030407,0.006009603384882212,0.74,4.5420929382089525e-05,0.005972661543637514,0.006161472760140896
0,3,293,2019-03-13,48359,0.044834536,0.0425243079662323,0.75,0.005480495281517506,0.029532507061958313,0.04708292335271835
0,3,295,2019-03-13,48367,0.0026156201,0.0026965977158397436,0.08,0.00015438601258210838,0.002600141102448106,0.003163130022585392
0,3,299,2019-03-13,48377,0.025305282,0.025295086205005646,0.915,8.751128007133957e-06,0.02527794986963272,0.02530771680176258
0,3,302,2019-03-13,48389,0.006785984,0.007323014549911022,0.075,0.0003353901847731322,0.006746381521224976,0.008221902884542942
0,3,303,2019-03-13,48393,0.07824689,0.0772457867860794,0.88,0.0016312869265675545,0.07332951575517654,0.0785045400261879
0,3,305,2019-03-13,48401,0.023951316,0.02405369281768799,0.11,4.568316217046231e-05,0.02393021062016487,0.02407544106245041
0,3,306,2019-03-13,48415,0.028072428,0.02815660461783409,0.045,0.0001150796451838687,0.02806987799704075,0.02864869311451912
0,3,307,2019-03-13,48421,0.03195697,0.03231441229581833,0.48,0.00639700423926115,0.026092631742358208,0.04842805117368698
0,3,310,2019-03-13,48437,0.013123703,0.014739267528057098,0.31,0.0043039098381996155,0.011652549728751183,0.025617389008402824
0,3,323,2021-03-26,01021,0.021736361,0.02179364114999771,0.07,2.7006686650565825e-05,0.021731670945882797,0.021817613393068314
0,3,331,2021-03-26,01043,0.016477823,0.01647900603711605,0.455,8.321399945998564e-06,0.01645973138511181,0.01648850180208683
0,3,333,2021-03-26,01059,0.00490555,0.004905114881694317,0.74,7.815103231223475e-07,0.004902875516563654,0.0049062129110097885
0,3,334,2021-03-26,01069,0.001346904,0.001334352302365005,0.74,1.0634444151946809e-05,0.0013182468246668577,0.0013551486190408468
0,3,336,2021-03-26,01073,0.0066825524,0.006679752841591835,0.53,3.806300810538232e-05,0.006579394452273846,0.006704381667077541
0,3,337,2021-03-26,01089,0.003676637,0.0036819297820329666,0.27,1.5254909158102237e-05,0.0036691068671643734,0.0037191277369856834
0,3,356,2021-03-26,05093,0.0040559457,0.00405464880168438,0.53,1.0588491932139732e-05,0.004040092695504427,0.00407705781981349
0,3,357,2021-03-26,05103,0.013593125,0.013594837859272957,0.04,9.260834303859156e-07,0.013592862524092197,0.013596741482615471
0,3,359,2021-03-26,08003,0.0013409297,0.001342520583420992,0.43,1.6439464161521755e-05,0.0013343105092644691,0.001390216639265418
0,3,365,2021-03-26,08089,0.001674732,0.0016762425657361746,0.33,5.694305400538724e-06,0.001671324367634952,0.001691721729002893
0,3,368,2021-03-26,10003,0.002467124,0.002467929618433118,0.305,1.4759415307707968e-06,0.0024651247076690197,0.0024716192856431007
0,3,373,2021-03-26,13077,0.019110713,0.019154952839016914,0.22,3.249237124691717e-05,0.019081493839621544,0.019184499979019165
0,3,375,2021-03-26,13099,0.0014633267,0.0014395515900105238,0.8,1.7308500900981016e-05,0.0014135540695860982,0.0014772189315408468
0,3,378,2021-03-26,13135,0.0012266254,0.001250947592779994,0.025,3.0311075533973053e-05,0.0012230207212269306,0.0013261748244985938
0,3,388,2021-03-26,13289,0.0036420866,0.003508524037897587,0.955,6.305545684881508e-05,0.0034427198115736246,0.00365501269698143
0,3,398,2021-03-26,16017,0.03949969,0.039452388882637024,0.555,0.00029425896354950964,0.03887008875608444,0.03984425589442253
0,3,400,2021-03-26,16021,0.006826455,0.006852985359728336,0.49,0.0010699055856093764,0.0058408090844750404,0.009379565715789795
0,3,408,2021-03-26,16043,0.004518306,0.004604111425578594,0.06,0.0005607482162304223,0.004512822721153498,0.006500979419797659
0,3,411,2021-03-26,16051,0.0038079482,0.0038143526762723923,0.42,6.113856943557039e-05,0.0037861887831240892,0.003985009156167507
0,3,412,2021-03-26,16053,0.00096294057,0.0009756486397236586,0.195,2.431869324936997e-05,0.0009567313245497644,0.0010372125543653965
0,3,422,2021-03-26,16081,0.0070717963,0.00599087867885828,0.62,0.0015291484305635095,0.00509675731882453,0.009873520582914352
0,3,424,2021-03-26,17003,0.0018098045,0.0018190809059888124,0.22,1.595188405190129e-05,0.0018050492508336902,0.001860635238699615
0,3,425,2021-03-26,17005,0.0021484199,0.0021485828328877687,0.485,4.327330771047855e-06,0.0021451639477163553,0.0021602048072963953
0,3,431,2021-03-26,17065,0.0017352505,0.001743430271744728,0.075,4.2561337068036664e-06,0.0017325904918834567,0.001750276773236692
0,3,441,2021-03-26,17181,0.0019414851,0.0019483804935589433,0.17,1.2624314877029974e-05,0.0019380459561944008,0.001987137831747532
0,3,446,2021-03-26,18011,0.003468239,0.003456643782556057,0.69,1.4663070032838732e-05,0.003441181732341647,0.003492532065138221
0,3,449,2021-03-26,18031,0.0063245143,0.006328059360384941,0.1,4.998613803763874e-06,0.006322628352791071,0.006340906023979187
0,3,451,2021-03-26,18041,0.0027504538,0.002707997802644968,0.695,4.8962894652504474e-05,0.002661791630089283,0.00282472837716341
0,3,454,2021-03-26,18057,0.0033254386,0.0033426887821406126,0.0,1.840363438532222e-05,0.003325688187032938,0.0033889026381075382
0,3,471,2021-03-26,18163,0.0019208654,0.0019331042421981692,0.03,9.795799087441992e-06,0.0019197750370949507,0.0019559673964977264
0,3,474,2021-03-26,20023,0.00063901796,0.0006314981146715581,0.615,1.660755879129283e-05,0.0006037593702785671,0.0006629180861636996
0,3,477,2021-03-26,20061,0.0034517315,0.0034825275652110577,0.075,4.452548091649078e-05,0.0034471172839403152,0.003581474767997861
0,3,487,2021-03-26,20153,0.0025158618,0.002513263840228319,0.755,3.5901125556847546e-06,0.0025040903128683567,0.0025213779881596565
0,3,492,2021-03-26,20183,0.0027628578,0.0027007802855223417,0.775,7.67155215726234e-05,0.0025302425492554903,0.002888315822929144
0,3,493,2021-03-26,20193,0.0017189016,0.0016981831286102533,0.985,1.1299427569610998e-05,0.001665314775891602,0.0017246284987777472
0,3,502,2021-03-26,21059,0.0018970881,0.001900767907500267,0.29,1.3265229426906444e-05,0.0018851987551897764,0.0019323350861668587
0,3,508,2021-03-26,21105,0.09585572,0.09585998952388763,0.12,3.2711986932554282e-06,0.09585335850715637,0.09586618840694427
0,3,519,2021-03-26,21219,0.0017862901,0.001789892092347145,0.235,9.603347280062735e-06,0.001780661754310131,0.0018147656228393316
0,3,527,2021-03-26,23021,0.024983225,0.025045037269592285,0.055,2.8932239729329012e-05,0.024981824681162834,0.025060489773750305
0,3,529,2021-03-26,24005,0.0011896498,0.0011966533493250608,0.08,1.4277326954470482e-05,0.0011868769070133567,0.001238004770129919
0,3,535,2021-03-26,24029,0.0024105005,0.0022476434241980314,0.935,7.28440354578197e-05,0.0021771208848804235,0.0024344436824321747
0,3,539,2021-03-26,25001,0.009087388,0.008875405415892601,0.6,0.0005867358413524926,0.008383035659790039,0.010244469158351421
0,3,543,2021-03-26,25011,0.0052951346,0.003759531769901514,0.86,0.0007389508537016809,0.003431790042668581,0.005636277608573437
0,3,550,2021-03-26,26003,0.017727878,0.0177104864269495,0.97,8.416733180638403e-06,0.017701368778944016,0.017728541046380997
0,3,553,2021-03-26,28025,0.0033554765,0.0033545882906764746,0.675,1.3314704574440839e-06,0.0033530164510011673,0.0033573571126908064
0,3,562,2021-03-26,28129,0.0020079468,0.002017336431890726,0.035,5.100925591250416e-06,0.0020076751243323088,0.002026602393016219
0,3,564,2021-03-26,28143,0.0072021615,0.007200712338089943,0.93,1.2885909654869465e-06,0.007197392638772726,0.007202495820820332
0,3,579,2021-03-26,30025,0.0075549483,0.007452412974089384,0.625,0.00019355342374183238,0.0072731818072497845,0.007917651906609535
0,3,583,2021-03-26,30047,0.01089328,0.013439636677503586,0.105,0.003095356049016118,0.01003861241042614,0.019825024530291557
0,3,588,2021-03-26,30065,0.0044689607,0.004088288173079491,0.745,0.0003559794567991048,0.0038707200437784195,0.0050401329062879086
0,3,591,2021-03-26,30075,0.004942935,0.004938672296702862,0.53,4.3161428038729355e-05,0.0049003055319190025,0.005034310277551413
0,3,592,2021-03-26,30077,0.0076450272,0.010154930874705315,0.205,0.007526075933128595,0.005962913390249014,0.03159594535827637
0,3,596,2021-03-26,30085,0.008352122,0.008459478616714478,0.335,0.0002373040624661371,0.00821614358574152,0.009000470861792564
0,3,599,2021-03-26,30091,0.0069404775,0.007011405657976866,0.365,0.00017678427684586495,0.006784321740269661,0.007367101963609457
0,3,609,2021-03-26,32013,0.0015324726,0.0015303762629628181,0.805,3.674747404147638e-06,0.0015211745630949736,0.00153332797344774
0,3,614,2021-03-26,34013,0.0012998158,0.0013599549420177937,0.03,5.804101601825096e-05,0.0012905446346849203,0.001492276438511908
0,3,619,2021-03-26,34023,0.0018170178,0.0017979610711336136,0.565,7.503145025111735e-05,0.0017103110440075397,0.001973165199160576
0,3,622,2021-03-26,34033,0.0040716864,0.004065867513418198,0.975,3.987783202319406e-06,0.004058227874338627,0.004072311334311962
0,3,630,2021-03-26,36031,0.009736028,0.007511343341320753,0.825,0.0013361547607928514,0.006500063929706812,0.011120571754872799
0,3,634,2021-03-26,36049,0.0073315236,0.005786553956568241,0.995,0.0005178670398890972,0.005457655526697636,0.007332454901188612
0,3,643,2021-03-26,36089,0.006940991,0.0061997417360544205,0.88,0.00037713543861173093,0.005861463025212288,0.007079746574163437
0,3,647,2021-03-26,36111,0.0058140205,0.005972433369606733,0.25,0.00017021395615302026,0.005632391665130854,0.006211636587977409
0,3,648,2021-03-26,36121,0.007366378,0.006754372268915176,0.885,0.00035074588959105313,0.006326305214315653,0.007462406996637583
0,3,649,2021-03-26,37015,0.0048886808,0.004844506271183491,0.855,3.802263017860241e-05,0.0047793216072022915,0.004910150542855263
0,3,658,2021-03-26,37135,0.0023531425,0.0023297197185456753,0.655,4.004775109933689e-05,0.0022800923325121403,0.002408944070339203
0,3,663,2021-03-26,39017,0.0026757405,0.0026628754567354918,0.92,1.0849928003153764e-05,0.0026401786599308252,0.0026788520626723766
0,3,674,2021-03-26,39045,0.0041247765,0.004132789094001055,0.47,7.896462921053171e-05,0.004041099455207586,0.004299351945519447
0,3,681,2021-03-26,39067,0.0132329,0.0132532874122262,0.465,0.00022041132615413517,0.012795452028512955,0.01355777494609356
0,3,682,2021-03-26,39071,0.008115549,0.008099552243947983,0.745,1.2570445505843963e-05,0.008080143481492996,0.00812128372490406
0,3,685,2021-03-26,39081,0.0070047076,0.00698079913854599,0.515,0.0003973098937422037,0.0064247227273881435,0.0077982256188988686
0,3,690,2021-03-26,39099,0.008409111,0.007618498522788286,0.77,0.0005650686798617244,0.007045025005936623,0.008974303491413593
0,3,693,2021-03-26,39109,0.0055657313,0.00556770246475935,0.49,3.981106783612631e-05,0.005541326478123665,0.0056724101305007935
0,3,695,2021-03-26,39127,0.013089274,0.01318493764847517,0.17,6.592353747691959e-05,0.013049871660768986,0.013271522708237171
0,3,697,2021-03-26,39133,0.008781808,0.00818454846739769,0.675,0.000640850979834795,0.007335035130381584,0.00937197171151638
0,3,707,2021-03-26,41001,0.013723553,0.01368696242570877,0.71,8.752246503718197e-05,0.01348029263317585,0.013760697096586227
0,3,715,2021-03-26,41049,0.0019918093,0.00199557701125741,0.36,8.139653800753877e-06,0.0019849406089633703,0.0020106062293052673
0,3,727,2021-03-26,42051,0.005635487,0.0058116428554058075,0.26,0.00031262703123502433,0.0054029133170843124,0.006506466306746006
0,3,732,2021-03-26,42085,0.010826116,0.009859923273324966,0.855,0.0006274056504480541,0.009002137929201126,0.011059941723942757
0,3,734,2021-03-26,42101,0.0019646566,0.0020306925289332867,0.015,6.536080036312342e-05,0.0019559082575142384,0.002177420537918806
0,3,735,2021-03-26,42111,0.004982108,0.004928496666252613,0.635,0.0001040232164086774,0.004843491595238447,0.005171793047338724
0,3,739,2021-03-26,44009,0.003966566,0.003423705231398344,0.905,0.00024412065977230668,0.003253202885389328,0.004115431569516659
0,3,746,2021-03-26,45063,0.0028090787,0.0027581574395298958,0.685,7.219842518679798e-05,0.002674427581951022,0.002926439279690385
0,3,754,2021-03-26,46019,0.0049943947,0.004916734993457794,0.76,5.85297639190685e-05,0.004861070774495602,0.005055183544754982
0,3,756,2021-03-26,46025,0.0034658567,0.0034425968769937754,0.815,2.3676615455769934e-05,0.0033960132859647274,0.0034859643783420324
0,3,757,2021-03-26,46029,0.0031387322,0.0030880665872246027,0.885,4.340675150160678e-05,0.0029916325584053993,0.0031891518738120794
0,3,772,2021-03-26,46069,0.0026042557,0.002628132700920105,0.11,2.9316735890461132e-05,0.0026006284169852734,0.002687383210286498
0,3,780,2021-03-26,46095,0.002149502,0.0021453574299812317,0.65,6.943400876480155e-06,0.0021325235720723867,0.0021597547456622124
0,3,784,2021-03-26,46107,0.006900791,0.0069010257720947266,0.375,1.210253003591788e-06,0.0068992506712675095,0.0069048102013766766
0,3,785,2021-03-26,46109,0.002788339,0.0027845357544720173,0.715,6.833656698290724e-06,0.002771110273897648,0.0027988376095891
0,3,786,2021-03-26,46115,0.002240696,0.0022401418536901474,0.555,9.089735613088124e-06,0.0022199794184416533,0.002261964837089181
0,3,789,2021-03-26,46121,0.0018564527,0.0018283596727997065,0.995,1.4384044334292412e-05,0.0018091743113473058,0.0018572197295725346
0,3,796,2021-03-26,47023,0.016860427,0.016867004334926605,0.155,5.960557700745994e-06,0.01685522124171257,0.01688007451593876
0,3,804,2021-03-26,47099,0.0045978166,0.004597814753651619,0.5,1.4002702073412365e-06,0.004594753962010145,0.004600704647600651
0,3,806,2021-03-26,47119,0.003355465,0.0033516723196953535,0.685,4.930998784402618e-06,0.0033441302366554737,0.0033621222246438265
0,3,816,2021-03-26,48347,0.002086827,0.002097809687256813,0.14,1.0448664397699758e-05,0.0020830007269978523,0.0021186540834605694
0,3,817,2021-03-26,48365,0.042624697,0.04263295233249664,0.015,4.622232154360972e-06,0.04262349754571915,0.04264471307396889
0,3,818,2021-03-26,48401,0.00731979,0.007312561385333538,0.8,6.659703103650827e-06,0.007296769414097071,0.007323164492845535
0,3,824,2021-03-26,51107,0.0018602838,0.0018705730326473713,0.19,1.9571500160964206e-05,0.0018557969015091658,0.0019226983422413468
0,3,827,2021-03-26,51173,0.0066761337,0.006682536099106073,0.35,2.1981255486025475e-05,0.006662190426141024,0.006743858102709055
0,3,838,2021-03-26,53071,0.0030414707,0.0030852281488478184,0.02,4.136754068895243e-05,0.0030369902960956097,0.003179590217769146
0,3,842,2021-03-26,54023,0.006323807,0.006118998862802982,0.625,0.0004930278519168496,0.005634943023324013,0.007340174168348312
0,3,845,2021-03-26,54077,0.0069842245,0.007062582299113274,0.43,0.00033253763103857636,0.006652159616351128,0.007745333481580019
0,3,848,2021-03-26,56003,0.012966612,0.012942871078848839,0.74,5.459077874547802e-05,0.012805083766579628,0.012979746796190739
0,3,853,2021-03-26,56013,0.0015582568,0.0017047682777047157,0.36,0.0005813856259919703,0.001339002512395382,0.00317055219784379
0,3,858,2021-03-26,56025,0.0031067338,0.004372250754386187,0.23,0.003915857058018446,0.0025464841164648533,0.01606779359281063
0,3,860,2021-03-26,56035,0.0012684548,0.001359201269224286,0.32,0.00022040243493393064,0.0011766107054427266,0.001902128802612424
0,3,868,2021-12-11,01089,0.0024479113,0.002548928139731288,0.1,0.00013053294969722629,0.0024333554320037365,0.0028411014936864376
0,3,870,2021-12-11,04003,0.0010509983,0.0010516202310100198,0.47,5.024796791985864e-06,0.001038614078424871,0.001060869195498526
0,3,874,2021-12-11,04015,0.0066959965,0.007113362196832895,0.105,0.0004480079223867506,0.0066404566168785095,0.008175232447683811
0,3,882,2021-12-11,05035,0.0036402177,0.0036589275114238262,0.39,4.5942055294290185e-05,0.0035481369122862816,0.0037018684670329094
0,3,885,2021-12-11,05053,0.04451152,0.0447624996304512,0.035,0.00010186236613662913,0.04449503868818283,0.044852741062641144
0,3,891,2021-12-11,05093,0.041027326,0.04101060703396797,0.61,5.402055103331804e-05,0.04086558520793915,0.041054535657167435
0,3,899,2021-12-11,06009,0.008054873,0.008230997249484062,0.285,0.0008230075472965837,0.007956820540130138,0.010690719820559025
0,3,903,2021-12-11,06021,0.011643197,0.011668635532259941,0.085,0.00010310049401596189,0.011636017821729183,0.012003883719444275
0,3,904,2021-12-11,06025,0.00095364917,0.0009659903589636087,0.305,2.1999871023581363e-05,0.0009421372087672353,0.0010090142022818327
0,3,909,2021-12-11,06041,0.002537639,0.0029006125405430794,0.085,0.0008857697248458862,0.0024861874990165234,0.005601857788860798
0,3,910,2021-12-11,06043,0.010381738,0.010901518166065216,0.125,0.001721056760288775,0.010229387320578098,0.016043152660131454
0,3,913,2021-12-11,06057,0.02542801,0.025333687663078308,0.54,0.0007717676344327629,0.02378479763865471,0.026093443855643272
0,3,918,2021-12-11,06067,0.0047788424,0.004804158583283424,0.0,0.00010284602467436343,0.004779015202075243,0.005160266999155283
0,3,929,2021-12-11,06101,0.006014141,0.005979506764560938,0.94,6.321389810182154e-05,0.005816835444420576,0.006019352003931999
0,3,935,2021-12-11,08001,0.00067195605,0.0006809292826801538,0.28,1.8434791854815558e-05,0.0006661248626187444,0.000727633130736649
0,3,936,2021-12-11,08003,0.0055998205,0.005649520084261894,0.335,0.00013323787425179034,0.005534394644200802,0.005947062745690346
0,3,942,2021-12-11,08017,0.014187487,0.010987072251737118,0.665,0.004236700478941202,0.008792686276137829,0.023121215403079987
0,3,943,2021-12-11,08019,0.016507914,0.016508005559444427,0.5,0.00011434091720730066,0.016287850216031075,0.0166428592056036
0,3,954,2021-12-11,08059,0.017178372,0.017149535939097404,0.58,9.34540294110775e-05,0.016961731016635895,0.017265869304537773
0,3,961,2021-12-11,08077,0.0031762177,0.003204930108040571,0.445,0.00011699010792654008,0.003088625380769372,0.0034245767164975405
0,3,965,2021-12-11,08089,0.12717833,0.12630261480808258,0.715,0.001730628777295351,0.12197040021419525,0.1278270184993744
0,3,975,2021-12-11,13213,0.004535509,0.004470291547477245,0.585,0.0002562387380748987,0.004204356577247381,0.005143084563314915
0,3,977,2021-12-11,13297,0.0009249462,0.0009080515010282397,0.84,1.0563227078819182e-05,0.0009002281003631651,0.0009390311315655708
0,3,988,2021-12-11,17003,0.0027538214,0.002647839952260256,0.71,0.00011067331797676161,0.0025381888262927532,0.002923967083916068
0,3,989,2021-12-11,17005,0.003331783,0.003321870230138302,0.56,5.1286166126374155e-05,0.0032824913505464792,0.003463081317022443
0,3,990,2021-12-11,17017,0.005103109,0.004812865983694792,0.745,0.0003586596285458654,0.004762837663292885,0.006094611715525389
0,3,993,2021-12-11,17031,0.007185003,0.010393223725259304,0.0,0.00761596392840147,0.007252117618918419,0.031047923490405083
0,3,997,2021-12-11,17051,0.015860049,0.01591230370104313,0.305,7.660910341655836e-05,0.01570914313197136,0.01597437635064125
0,3,998,2021-12-11,17053,0.0061657922,0.006598110310733318,0.25,0.0012578645255416632,0.005781540647149086,0.010435933247208595
0,3,1006,2021-12-11,17089,0.008130638,0.011405878700315952,0.015,0.01035142783075571,0.00803758017718792,0.042105741798877716
0,3,1009,2021-12-11,17099,0.0062404177,0.007471518591046333,0.155,0.0043087974190711975,0.005637411028146744,0.02248583920300007
0,3,1020,2021-12-11,17135,0.0016154109,0.0015724834520369768,0.59,0.0001521274243714288,0.001447554212063551,0.002037422964349389
0,3,1028,2021-12-11,17179,0.00335891,0.003954208921641111,0.05,0.001892143045552075,0.003295673755928874,0.009931222535669804
0,3,1029,2021-12-11,17181,0.0026930629,0.002501571085304022,0.855,0.00011126630852231756,0.002402464160695672,0.0027835885994136333
0,3,1045,2021-12-11,18039,0.010102593,0.008335369639098644,0.645,0.004652813076972961,0.006484616547822952,0.021359609439969063
0,3,1046,2021-12-11,18041,0.012436556,0.01103259064257145,0.685,0.0015412010252475739,0.009774167090654373,0.014940343797206879
0,3,1049,2021-12-11,18057,0.007309293,0.008174091577529907,0.17,0.0018939508590847254,0.007063780911266804,0.01378389447927475
0,3,1050,2021-12-11,18069,0.008267828,0.008425610139966011,0.46,0.002332613803446293,0.006985727231949568,0.014809667132794857
0,3,1052,2021-12-11,18075,0.013676029,0.015007557347416878,0.255,0.0036612716503441334,0.012386797927320004,0.02601057104766369
0,3,1060,2021-12-11,18103,0.011228852,0.009851399809122086,0.65,0.003399770939722657,0.007624761667102575,0.02094375155866146
0,3,1062,2021-12-11,18107,0.005234416,0.005558180622756481,0.31,0.0017597362166270614,0.004772049840539694,0.010910242795944214
0,3,1064,2021-12-11,18115,0.007994204,0.006694817449897528,0.785,0.0010388132650405169,0.0057739559561014175,0.00933721475303173
0,3,1069,2021-12-11,18133,0.009530043,0.009521476924419403,0.505,0.0004109676810912788,0.008497396484017372,0.00981386099010706
0,3,1073,2021-12-11,18149,0.01982762,0.01969394087791443,0.645,0.0017589551862329245,0.019654149189591408,0.026957545429468155
0,3,1085,2021-12-11,19009,0.026908116,0.024897834286093712,0.995,0.002478731097653508,0.019043026491999626,0.026909204199910164
0,3,1090,2021-12-11,19019,0.022481656,0.024530896916985512,0.435,0.012297905050218105,0.017705755308270454,0.057731155306100845
0,3,1093,2021-12-11,19025,0.040158004,0.037801261991262436,0.67,0.003579741809517145,0.03199058398604393,0.04258393123745918
0,3,1094,2021-12-11,19027,0.02502169,0.023549096658825874,0.56,0.0077772545628249645,0.017321335151791573,0.04202884063124657
0,3,1096,2021-12-11,19031,0.02496439,0.017272014170885086,0.735,0.00982775166630745,0.015074205584824085,0.0494743250310421
0,3,1101,2021-12-11,19041,0.012995869,0.014926244504749775,0.3,0.005288114305585623,0.011414485983550549,0.028914401307702065
0,3,1108,2021-12-11,19055,0.019860402,0.021939575672149658,0.435,0.014122728258371353,0.015440970659255981,0.06022302061319351
0,3,1114,2021-12-11,19067,0.011906339,0.022829119116067886,0.09,0.005794294644147158,0.011306248605251312,0.02869097888469696
0,3,1139,2021-12-11,19125,0.007999801,0.011678202077746391,0.085,0.010489429347217083,0.00742278341203928,0.03938760608434677
0,3,1141,2021-12-11,19129,0.12102751,0.11796346306800842,0.965,0.0039025619626045227,0.10664445906877518,0.1211315467953682
0,3,1149,2021-12-11,19147,0.036727108,0.03691067546606064,0.22,0.0005931489286012948,0.03659059852361679,0.03912654519081116
0,3,1150,2021-12-11,19149,0.013292471,0.013492424041032791,0.21,0.000371237110812217,0.013220954686403275,0.014474205672740936
0,3,1154,2021-12-11,19157,0.022279618,0.022796332836151123,0.185,0.007477054838091135,0.02214355207979679,0.045614708214998245
0,3,1158,2021-12-11,19165,0.013081561,0.01551611628383398,0.0,0.004147577565163374,0.013097267597913742,0.026412777602672577
0,3,1162,2021-12-11,19173,0.01779328,0.019939690828323364,0.02,0.0035810042172670364,0.017650051042437553,0.029834400862455368
0,3,1167,2021-12-11,19185,0.050832316,0.05086227133870125,0.495,0.0016460453625768423,0.04664459079504013,0.052350178360939026
0,3,1169,2021-12-11,19189,0.051367596,0.05131783336400986,0.525,0.0012533563422039151,0.04805522412061691,0.052072715014219284
0,3,1173,2021-12-11,19197,0.110422924,0.125470370054245,0.285,0.011405806988477707,0.09984074532985687,0.13374975323677063
0,3,1174,2021-12-11,20001,0.018431842,0.0183799359947443,0.735,0.00010771918459795415,0.01832682266831398,0.018752047792077065
0,3,1176,2021-12-11,20005,0.026000734,0.025641635060310364,0.57,0.0026012882590293884,0.023409763351082802,0.03318994864821434
0,3,1183,2021-12-11,20023,0.006554077,0.0064218975603580475,0.655,0.00017854453471954912,0.006248170975595713,0.006791946478188038
0,3,1188,2021-12-11,20041,0.107566625,0.10232801735401154,0.81,0.008562643080949783,0.0823570042848587,0.11120415478944778
0,3,1189,2021-12-11,20043,0.0925551,0.08920495957136154,0.845,0.007349582388997078,0.07041257619857788,0.09414021670818329
0,3,1190,2021-12-11,20045,0.016166653,0.019958846271038055,0.21,0.006591955665498972,0.014066082425415516,0.036688100546598434
0,3,1194,2021-12-11,20059,0.008184242,0.00978468544781208,0.22,0.0038095477502793074,0.0074369041249156,0.020715102553367615
0,3,1195,2021-12-11,20061,0.044386294,0.04032561182975769,0.93,0.002235816093161702,0.037978559732437134,0.04510968551039696
0,3,1220,2021-12-11,20129,0.08981018,0.0896850973367691,0.895,0.00016298124683089554,0.08931320905685425,0.08984444290399551
0,3,1229,2021-12-11,20151,0.03035366,0.033891357481479645,0.315,0.008867284283041954,0.02527187578380108,0.05358471721410751
0,3,1230,2021-12-11,20153,0.015270922,0.015167523175477982,0.635,0.00016349302313756198,0.015034280717372894,0.015529049560427666
0,3,1237,2021-12-11,20169,0.12181888,0.11160080134868622,0.855,0.011736678890883923,0.08895179629325867,0.1251627653837204
0,3,1239,2021-12-11,20173,0.024892177,0.03284949064254761,0.08,0.008692800998687744,0.023039517924189568,0.05085014924407005
0,3,1244,2021-12-11,20183,0.031368922,0.033389195799827576,0.205,0.0038932114839553833,0.03038916550576687,0.04285740479826927
0,3,1245,2021-12-11,20185,0.062157698,0.0566072016954422,0.775,0.0067705013789236546,0.04439521208405495,0.0652306005358696
0,3,1247,2021-12-11,20193,0.016035277,0.015103848651051521,0.76,0.0006659373757429421,0.014621123671531677,0.016678256914019585
0,3,1251,2021-12-11,20201,0.038427148,0.04025067761540413,0.31,0.007184484973549843,0.037852101027965546,0.0600595660507679
0,3,1255,2021-12-11,21001,0.006780574,0.006627424620091915,0.665,0.00018059895955957472,0.006494362372905016,0.007074432913213968
0,3,1259,2021-12-11,21029,0.0057542278,0.005357333458960056,0.7,0.0006951355026103556,0.0038616517558693886,0.006133196409791708
0,3,1268,2021-12-11,21087,0.0028756352,0.002884497633203864,0.375,4.3453714170027524e-05,0.0028496268205344677,0.0029988172464072704
0,3,1270,2021-12-11,21095,0.0119258715,0.011264652013778687,0.64,0.0017419041832908988,0.007172172423452139,0.012744137085974216
0,3,1271,2021-12-11,21099,0.031794466,0.03178558498620987,0.53,0.00012790712935384363,0.03144581988453865,0.031881969422101974
0,3,1275,2021-12-11,21133,0.0051317955,0.005189434625208378,0.42,0.0002754511951934546,0.004902938846498728,0.006128688808530569
0,3,1290,2021-12-11,21197,0.006318493,0.006284811533987522,0.535,0.0007340694428421557,0.005940769333392382,0.008657802827656269
0,3,1298,2021-12-11,21219,0.1793783,0.17896810173988342,0.86,0.0006000289577059448,0.1774597018957138,0.17951220273971558
0,3,1306,2021-12-11,23009,0.014514854,0.004647812806069851,0.98,0.0032332243863493204,0.00385122187435627,0.015393401496112347
0,3,1307,2021-12-11,23021,0.011502171,0.0069092679768800735,0.955,0.001814803690649569,0.006193912122398615,0.012294464744627476
0,3,1309,2021-12-11,25001,0.015524593,0.015128470957279205,0.615,0.0008723406353965402,0.01432408019900322,0.017159387469291687
0,3,1315,2021-12-11,26003,0.030728191,0.017286360263824463,0.97,0.004573076963424683,0.015567056834697723,0.031958386301994324
0,3,1316,2021-12-11,26005,0.00983178,0.014739924110472202,0.015,0.0023387426044791937,0.009802719578146935,0.017005175352096558
0,3,1326,2021-12-11,26031,0.026041556,0.07166223227977753,0.0,0.021231522783637047,0.02693936601281166,0.0882786437869072
0,3,1327,2021-12-11,26033,0.03126653,0.03665773570537567,0.02,0.0021855016238987446,0.03097395785152912,0.03782539442181587
0,3,1333,2021-12-11,26051,0.06662522,0.050498321652412415,0.875,0.008389470167458057,0.043767571449279785,0.0725034847855568
0,3,1338,2021-12-11,26063,0.031291805,0.01952841505408287,0.735,0.013123614713549614,0.01700388826429844,0.061204880475997925
0,3,1342,2021-12-11,26075,0.007833821,0.014925103634595871,0.03,0.003308942774310708,0.00777769647538662,0.018876247107982635
0,3,1344,2021-12-11,26079,0.046226874,0.05204576626420021,0.375,0.013477380387485027,0.036011215299367905,0.07601349800825119
0,3,1347,2021-12-11,26087,0.046284575,0.06769686192274094,0.12,0.009989508427679539,0.03776342794299126,0.07163840532302856
0,3,1349,2021-12-11,26091,0.01709755,0.017661524936556816,0.43,0.0013029073597863317,0.015024120919406414,0.01858247071504593
0,3,1353,2021-12-11,26101,0.031996302,0.04202684760093689,0.305,0.012411227449774742,0.02231690287590027,0.05932510271668434
0,3,1376,2021-12-11,26157,0.018307714,0.026194218546152115,0.035,0.004147663712501526,0.01806078851222992,0.03923272714018822
0,3,1378,2021-12-11,26161,0.01740119,0.019049007445573807,0.365,0.004343286622315645,0.008664026856422424,0.02121540531516075
0,3,1380,2021-12-11,26165,0.050753236,0.04186384379863739,0.8,0.010826274752616882,0.021547973155975342,0.058474548161029816
0,3,1383,2021-12-11,27019,0.010344648,0.013131896033883095,0.24,0.007417835295200348,0.009429174475371838,0.03370853140950203
0,3,1385,2021-12-11,27033,0.008432098,0.008165895007550716,0.585,0.0014941570116207004,0.007431786973029375,0.012729285284876823
0,3,1401,2021-12-11,27093,0.00873075,0.009147876873612404,0.325,0.001308455248363316,0.008395717479288578,0.012707226909697056
0,3,1403,2021-12-11,27101,0.006194373,0.004993417300283909,0.725,0.0011883929837495089,0.004384657833725214,0.008247329853475094
0,3,1408,2021-12-11,27121,0.0052788355,0.00560570415109396,0.185,0.0009060914162546396,0.0051627191714942455,0.008224713616073132
0,3,1413,2021-12-11,27139,0.021579918,0.019584521651268005,0.6,0.010933689773082733,0.014413673430681229,0.04959964379668236
0,3,1417,2021-12-11,27147,0.012608176,0.01371416449546814,0.415,0.008236498571932316,0.010775284841656685,0.03761308640241623
0,3,1419,2021-12-11,27161,0.016712954,0.012745106592774391,0.64,0.009297703392803669,0.00937787164002657,0.041687339544296265
0,3,1424,2021-12-11,28033,0.005244195,0.0054346597753465176,0.195,0.00023358248290605843,0.005112316459417343,0.0059116305783391
0,3,1426,2021-12-11,29005,0.024292232,0.026175081729888916,0.04,0.005944127682596445,0.024174779653549194,0.04333791881799698
0,3,1433,2021-12-11,29029,0.004096829,0.004043699707835913,0.805,3.463062603259459e-05,0.004016817081719637,0.004134979099035263
0,3,1436,2021-12-11,29043,0.002056146,0.002058842685073614,0.445,3.4805158065864816e-05,0.002034855308011174,0.0021473863162100315
0,3,1445,2021-12-11,29071,0.0038973724,0.003756481222808361,0.89,6.468637729994953e-05,0.003714504884555936,0.003944762982428074
0,3,1448,2021-12-11,29077,0.00308875,0.0031104423105716705,0.055,2.5080127670662478e-05,0.0030856861267238855,0.0031774360686540604
0,3,1449,2021-12-11,29079,0.020040613,0.021806437522172928,0.29,0.004545373376458883,0.018240632489323616,0.03411853313446045
0,3,1453,2021-12-11,29101,0.010134538,0.00842815451323986,0.69,0.002027572365477681,0.006760030053555965,0.0134581895545125
0,3,1454,2021-12-11,29105,0.0019263944,0.001821595709770918,0.865,6.614605081267655e-05,0.0017571721691638231,0.002007400617003441
0,3,1458,2021-12-11,29117,0.019468777,0.02018619328737259,0.45,0.004653756972402334,0.016217822209000587,0.032341137528419495
0,3,1465,2021-12-11,29151,0.010615487,0.010665910318493843,0.17,3.2262189051834866e-05,0.010594421066343784,0.010705986060202122
0,3,1467,2021-12-11,29157,0.0024616441,0.002334617543965578,0.715,0.00012884833267889917,0.0022053054999560118,0.0026467321440577507
0,3,1483,2021-12-11,29213,0.002898392,0.002871813951060176,0.805,1.925183823914267e-05,0.002859691856428981,0.0029311294201761484
0,3,1493,2021-12-11,32003,0.001962564,0.002132970839738846,0.075,0.0002438343217363581,0.0019273252692073584,0.002733443630859256
0,3,1495,2021-12-11,32013,0.0022364974,0.0025319841224700212,0.09,0.00047658925177529454,0.0022082002833485603,0.003755179001018405
0,3,1498,2021-12-11,35001,0.0010648557,0.0010867922101169825,0.135,3.63832114089746e-05,0.0010586794232949615,0.0011649791849777102
0,3,1510,2021-12-11,35037,0.00624191,0.00622003898024559,0.51,0.00040147817344404757,0.005765214096754789,0.007038354407995939
0,3,1513,2021-12-11,35045,0.0050716037,0.004967340733855963,0.705,0.00019468697428237647,0.004577983170747757,0.005189865827560425
0,3,1515,2021-12-11,35049,0.0052845334,0.005227814428508282,0.71,0.00011799473577411845,0.0049786693416535854,0.005308216903358698
0,3,1516,2021-12-11,35053,0.0013471982,0.0013919915072619915,0.245,7.792040560161695e-05,0.0013215610524639487,0.001577027840539813
0,3,1523,2021-12-11,36011,0.010663471,0.009336497634649277,0.89,0.0008425860432907939,0.008611015975475311,0.012337028048932552
0,3,1529,2021-12-11,36031,0.019261206,0.018076999112963676,0.605,0.003551838221028447,0.013238074257969856,0.028163541108369827
0,3,1537,2021-12-11,36049,0.064395286,0.10854393243789673,0.0,0.020138245075941086,0.06520430743694305,0.1272474080324173
0,3,1544,2021-12-11,36065,0.016219169,0.008475033566355705,0.92,0.002899280283600092,0.007829500362277031,0.01898842304944992
0,3,1545,2021-12-11,36067,0.007193458,0.003211840521544218,0.825,0.0023998823016881943,0.002505010459572077,0.010599757544696331
0,3,1550,2021-12-11,36089,0.058504082,0.020006738603115082,0.95,0.015830695629119873,0.01575353927910328,0.06140303984284401
0,3,1557,2021-12-11,36111,0.008225776,0.009553532116115093,0.29,0.0012652716832235456,0.0063572898507118225,0.010280156508088112
0,3,1561,2021-12-11,36121,0.029890228,0.022635361179709435,0.905,0.004515927284955978,0.01694168522953987,0.03694259375333786
0,3,1562,2021-12-11,36123,0.034314815,0.036667950451374054,0.23,0.0018320523668080568,0.031753089278936386,0.03777800500392914
0,3,1563,2021-12-11,37001,0.00096720475,0.0009706432465463877,0.485,6.6038963268511e-05,0.0009111907565966249,0.0011567672481760383
0,3,1580,2021-12-11,39051,0.008750086,0.010138539597392082,0.315,0.004698701668530703,0.007569736335426569,0.02493753843009472
0,3,1585,2021-12-11,39071,0.0066039744,0.0072542643174529076,0.2,0.0004869831900577992,0.00600762665271759,0.007633543573319912
0,3,1590,2021-12-11,39109,0.0108510265,0.010820124298334122,0.52,0.0015028271591290832,0.009885702282190323,0.015051592141389847
0,3,1595,2021-12-11,39131,0.007408247,0.007638256531208754,0.345,0.00030695926398038864,0.006930485833436251,0.007884079590439796
0,3,1596,2021-12-11,39133,0.0092175985,0.008253985084593296,0.76,0.000912381918169558,0.007891377434134483,0.011432521976530552
0,3,1598,2021-12-11,39137,0.011085838,0.01207788847386837,0.395,0.005511004012078047,0.00844158511608839,0.02700718492269516
0,3,1604,2021-12-11,39173,0.013599196,0.01441267691552639,0.245,0.0033874749206006527,0.013138730078935623,0.024821070954203606
0,3,1605,2021-12-11,40003,0.022578876,0.021081672981381416,0.58,0.005741532891988754,0.015657788142561913,0.03448083996772766
0,3,1607,2021-12-11,40025,0.01271057,0.012916384264826775,0.29,0.0005212276009842753,0.012538399547338486,0.01416721846908331
0,3,1609,2021-12-11,40045,0.016934881,0.0198642797768116,0.11,0.0033533487003296614,0.015990054234862328,0.02728593349456787
0,3,1621,2021-12-11,41019,0.005335739,0.005291359033435583,0.54,0.0005928911850787699,0.0049208891578018665,0.006760738790035248
0,3,1631,2021-12-11,44009,0.016228396,0.01109363418072462,0.87,0.0025443790946155787,0.009527639485895634,0.01800297200679779
0,3,1632,2021-12-11,45083,0.0011092527,0.0010843651834875345,0.69,4.438663745531812e-05,0.0010577021166682243,0.001210802816785872
0,3,1633,2021-12-11,46003,0.0036350933,0.0036418980453163385,0.28,2.2774942408432253e-05,0.0036202650517225266,0.0036897866521030664
0,3,1641,2021-12-11,46023,0.0048700348,0.004825024399906397,0.925,3.471375021035783e-05,0.004737173207104206,0.004909595940262079
0,3,1642,2021-12-11,46025,0.0029085074,0.0029752852860838175,0.2,0.00011880922829732299,0.002871743170544505,0.0032446635887026787
0,3,1644,2021-12-11,46029,0.0025467768,0.002619607374072075,0.295,0.00016340833099093288,0.002492845756933093,0.003019690979272127
0,3,1663,2021-12-11,46069,0.0012481683,0.0012579483445733786,0.17,1.5263265595422126e-05,0.0012448201887309551,0.0012911605881527066
0,3,1667,2021-12-11,46077,0.0031958038,0.0032010157592594624,0.485,0.00012239541683811694,0.0031016520224511623,0.0035042897798120975
0,3,1676,2021-12-11,46095,0.0013622064,0.001356116496026516,0.67,1.055367465596646e-05,0.0013395351124927402,0.0013762777671217918
0,3,1678,2021-12-11,46099,0.0062900824,0.0063794199377298355,0.43,0.00059787358622998,0.006094156298786402,0.008146126754581928
0,3,1681,2021-12-11,46107,0.0013516557,0.0013622449478134513,0.35,2.26268148253439e-05,0.00133086449932307,0.0014083418063819408
0,3,1682,2021-12-11,46109,0.0026185832,0.002289154101163149,0.885,0.0001680505956755951,0.0021707999985665083,0.002730372129008174
0,3,1684,2021-12-11,46115,0.0025345678,0.002578128594905138,0.365,0.00010326429037377238,0.002460283925756812,0.002797114895656705
0,3,1687,2021-12-11,46121,0.0021700065,0.0021320688538253307,0.935,1.8364704374107532e-05,0.0021143117919564247,0.0021735895425081253
0,3,1693,2021-12-11,47007,0.0064065414,0.006418837700039148,0.44,8.791766595095396e-05,0.0062233759090304375,0.006514943670481443
0,3,1705,2021-12-11,47063,0.0018060197,0.0019095716997981071,0.055,0.00012505736958701164,0.0017948767635971308,0.002223585732281208
0,3,1709,2021-12-11,47081,0.005967621,0.005628479644656181,0.82,0.00022950647689867765,0.005319802090525627,0.006116442382335663
0,3,1710,2021-12-11,47087,0.006780649,0.006669006310403347,0.575,0.0004287932824809104,0.006254055071622133,0.007721689995378256
0,3,1714,2021-12-11,47099,0.0060119834,0.005941547453403473,0.67,9.840840357355773e-05,0.0058475979603827,0.006187567487359047
0,3,1716,2021-12-11,47113,0.006504317,0.006504503078758717,0.465,5.353771484806202e-06,0.006499271374195814,0.006517800502479076
0,3,1720,2021-12-11,47127,0.0049140416,0.004806832410395145,0.635,0.00022501336934510618,0.004613508004695177,0.005375181324779987
0,3,1722,2021-12-11,47133,0.0046025924,0.004504046402871609,0.585,0.00040980931953527033,0.004154788330197334,0.005573939997702837
0,3,1730,2021-12-11,47161,0.042728234,0.043293341994285583,0.21,0.00038624907028861344,0.042357590049505234,0.043605949729681015
0,3,1739,2021-12-11,48111,0.011006756,0.009710172191262245,0.84,0.0007540827500633895,0.008879915811121464,0.011277514509856701
0,3,1744,2021-12-11,48211,0.0091561675,0.010092400014400482,0.22,0.0013039824552834034,0.008503898978233337,0.013118998147547245
0,3,1749,2021-12-11,48359,0.005460909,0.006013048812747002,0.22,0.0007236986421048641,0.005088366102427244,0.0074367946945130825
0,3,1753,2021-12-11,48393,0.009226139,0.009885059669613838,0.13,0.0007346404017880559,0.008996586315333843,0.011438824236392975
0,3,1754,2021-12-11,48421,0.010521698,0.010490373708307743,0.52,0.0005140801076777279,0.009929799474775791,0.011645078659057617
0,3,1755,2021-12-11,48437,0.0032937818,0.003453694749623537,0.325,0.0003039844741579145,0.0031033873092383146,0.004058437887579203
0,3,1761,2021-12-11,49027,0.003108414,0.0031601814553141594,0.14,0.00010728158667916432,0.003083543386310339,0.0034556754399091005
0,3,1764,2021-12-11,49049,0.002892397,0.0028977147303521633,0.12,8.277703273051884e-06,0.002891519805416465,0.0029181165155023336
0,3,1771,2021-12-11,50011,0.012827074,0.0063695600256323814,0.765,0.005163260735571384,0.004373922478407621,0.021869832649827003
0,3,1774,2021-12-11,50017,0.013765987,0.01072740089148283,0.93,0.0011050953762605786,0.010535651817917824,0.015056322328746319
0,3,1779,2021-12-11,51071,0.003604716,0.0036482582800090313,0.3,0.0001591959153302014,0.0035446644760668278,0.004097393248230219
0,3,1782,2021-12-11,51173,0.0151394615,0.01497621275484562,0.69,0.0004025924135930836,0.013995753601193428,0.015351851470768452
0,3,1786,2021-12-11,53071,0.0024012644,0.0024758540093898773,0.075,8.413806790485978e-05,0.002383674494922161,0.002677228534594178
0,3,1790,2021-12-11,54069,0.010664459,0.010621038265526295,0.675,0.00014628183271270245,0.010506680235266685,0.011157294735312462
0,3,1803,2021-12-11,55033,0.032758024,0.018440134823322296,0.8,0.009058323688805103,0.015785636380314827,0.04771725833415985
0,3,1809,2021-12-11,55049,0.0531568,0.05271584540605545,0.69,0.0012608850374817848,0.04958933964371681,0.053663622587919235
0,3,1814,2021-12-11,55063,0.009382984,0.009682029485702515,0.265,0.0009192410507239401,0.00919763371348381,0.012211360968649387
0,3,1815,2021-12-11,55065,0.009751962,0.010769601911306381,0.365,0.012302138842642307,0.009536257945001125,0.04800471290946007
0,3,1817,2021-12-11,55073,0.023142705,0.008945435285568237,0.865,0.006797976791858673,0.006115157622843981,0.02882581762969494
0,3,1822,2021-12-11,55085,0.049533505,0.04871995747089386,0.51,0.017402363941073418,0.02428543195128441,0.07790681719779968
0,3,1823,2021-12-11,55087,0.010928365,0.010974805802106857,0.21,0.00011003562394762412,0.01090784277766943,0.011289210990071297
0,3,1826,2021-12-11,55093,0.014588232,0.017270084470510483,0.085,0.007495205383747816,0.014109660871326923,0.040160078555345535
0,3,1833,2021-12-11,55117,0.0054583377,0.006072424352169037,0.43,0.008198633790016174,0.0038757442962378263,0.03209979832172394
0,3,1842,2021-12-11,55141,0.013205266,0.01406017318367958,0.235,0.0007277764962054789,0.012903044000267982,0.015115278773009777
0,3,1848,2021-12-11,56013,0.001447076,0.0014870951417833567,0.37,0.00022462871856987476,0.0013569564325734973,0.0020690555684268475
0,3,1850,2021-12-11,56025,0.0018873134,0.0019873990677297115,0.275,0.0003810451889876276,0.0018236800096929073,0.0030776280909776688
0,3,1852,2021-12-11,56035,0.0015980286,0.0016125135589390993,0.315,3.6914465454174206e-05,0.0015840947162359953,0.0017091133631765842
0,3,1860,2022-06-08,01059,0.012561485,0.01256992295384407,0.2,6.710267371090595e-06,0.012557302601635456,0.01258088182657957
0,3,1861,2022-06-08,01073,0.00513885,0.005137637257575989,0.52,3.3438151149312034e-05,0.005051659420132637,0.005155195947736502
0,3,1862,2022-06-08,01089,0.0019590156,0.001982901245355606,0.17,5.1396658818703145e-05,0.0019489212427288294,0.0021077683195471764
0,3,1872,2022-06-08,05139,0.013111316,0.01312439888715744,0.045,5.2369623517734e-06,0.013110649771988392,0.01312860008329153
0,3,1878,2022-06-08,06051,0.051373366,0.051341377198696136,0.78,3.510310853016563e-05,0.05127831548452377,0.05139005929231644
0,3,1879,2022-06-08,06057,0.00655963,0.006561378017067909,0.445,1.5564477507723495e-05,0.006544568110257387,0.0065984721295535564
0,3,1888,2022-06-08,08077,0.0011833983,0.001182819833047688,0.5,4.508155689109117e-05,0.0011342682410031557,0.0012849901104345918
0,3,1898,2022-06-08,12111,0.003512091,0.003517135977745056,0.48,3.869842839776538e-05,0.003471185453236103,0.0036045992746949196
0,3,1899,2022-06-08,12133,0.023425048,0.02341720461845398,0.935,3.887794264301192e-06,0.02341342903673649,0.023426061496138573
0,3,1901,2022-06-08,13077,0.012200048,0.01219983957707882,0.6,8.284251862278325e-07,0.012197821401059628,0.012201248668134212
0,3,1904,2022-06-08,13297,0.0024698933,0.002469079103320837,0.93,5.678856496160734e-07,0.002468086313456297,0.0024705391842871904
0,3,1907,2022-06-08,17031,0.0020674414,0.0021052262745797634,0.0,3.6430203181225806e-05,0.002069672103971243,0.0021948255598545074
0,3,1909,2022-06-08,17089,0.0023710362,0.002387603046372533,0.02,1.4819619536865503e-05,0.0023699887096881866,0.002423202618956566
0,3,1919,2022-06-08,18067,0.0028302069,0.0028396164998412132,0.25,1.8147278751712292e-05,0.002815093845129013,0.0028845518827438354
0,3,1920,2022-06-08,18069,0.0019949183,0.002014093566685915,0.04,1.673682163527701e-05,0.001991337863728404,0.0020538412500172853
0,3,1932,2022-06-08,19173,0.0041542784,0.004127809777855873,0.735,3.0813484045211226e-05,0.004070677794516087,0.004199515096843243
0,3,1935,2022-06-08,21037,0.021581136,0.021585315465927124,0.375,1.1675899258989375e-05,0.021565835922956467,0.021608224138617516
0,3,1942,2022-06-08,22067,0.0148650445,0.014857287518680096,0.745,6.6681923271971755e-06,0.01484933216124773,0.014872724190354347
0,3,1947,2022-06-08,24005,0.0017842529,0.001804547617211938,0.04,1.938400419021491e-05,0.0017806262476369739,0.0018466368783265352
0,3,1957,2022-06-08,27033,0.0020790806,0.0020788507536053658,0.5,3.0033821531105787e-05,0.0020107219461351633,0.002131196204572916
0,3,1958,2022-06-08,27089,0.0024748617,0.002395638730376959,0.7,6.952015974093229e-05,0.002327247755602002,0.002557111205533147
0,3,1963,2022-06-08,28049,0.010024326,0.010030468925833702,0.135,3.138691226922674e-06,0.010021692141890526,0.010032636113464832
0,3,1965,2022-06-08,28053,0.015704129,0.015705382451415062,0.27,1.4277792388384114e-06,0.01570357009768486,0.015708278864622116
0,3,1970,2022-06-08,28111,0.020683112,0.02069673128426075,0.01,7.501515483454568e-06,0.020682943984866142,0.020708058029413223
0,3,1972,2022-06-08,28129,0.012629504,0.012645233422517776,0.02,7.693828592891805e-06,0.012629076838493347,0.012654534541070461
0,3,1979,2022-06-08,29005,0.004360437,0.00431803148239851,0.87,3.581880810088478e-05,0.004258997272700071,0.004380459431558847
0,3,1982,2022-06-08,29029,0.01201318,0.012013344094157219,0.465,1.7385835917593795e-06,0.01200859621167183,0.01201598346233368
0,3,1986,2022-06-08,29071,0.0058523193,0.005864225327968597,0.15,1.189823706226889e-05,0.005849248263984919,0.00589124346151948
0,3,1987,2022-06-08,29079,0.0029399362,0.002980652265250683,0.055,3.247852509957738e-05,0.002924163592979312,0.003046383848413825
0,3,1990,2022-06-08,29101,0.004633284,0.004650089889764786,0.215,2.120153840223793e-05,0.004615466110408306,0.004689195193350315
0,3,1991,2022-06-08,29107,0.019000784,0.019006673246622086,0.31,6.871156074339524e-06,0.018995376303792,0.01901913806796074
0,3,2002,2022-06-08,30075,0.008420974,0.008420245721936226,0.56,3.166546093780198e-06,0.008416452445089817,0.008427395485341549
0,3,2007,2022-06-08,32011,0.02065191,0.0206502303481102,0.935,1.5154844277276425e-06,0.020647073164582253,0.020652301609516144
0,3,2008,2022-06-08,32013,0.005568721,0.0055672707967460155,0.83,2.1586304228549125e-06,0.005562246777117252,0.005569594446569681
0,3,2020,2022-06-08,35001,0.0007448885,0.0007664131699129939,0.0,1.6084459275589325e-05,0.0007451732526533306,0.000797899323515594
0,3,2024,2022-06-08,35035,0.002026154,0.0020323011558502913,0.31,1.2018208508379757e-05,0.0020179315470159054,0.002056663390249014
0,3,2025,2022-06-08,35037,0.0028906271,0.0028885924257338047,0.525,2.41595789702842e-05,0.0028602813836187124,0.0029357057064771652
0,3,2028,2022-06-08,35053,0.00050341396,0.0005134269595146179,0.18,1.1947396160394419e-05,0.0004973364411853254,0.0005374025204218924
0,3,2030,2022-06-08,37001,0.0018126859,0.0018126011127606034,0.505,5.525241704162909e-06,0.0018013709923252463,0.0018236854812130332
0,3,2042,2022-06-08,37135,0.002093042,0.002095150528475642,0.44,1.0536398804106284e-05,0.002073894953355193,0.0021171672269701958
0,3,2043,2022-06-08,37145,0.001810793,0.001821927260607481,0.225,1.1786965842475183e-05,0.001794971525669098,0.0018418305553495884
0,3,2044,2022-06-08,37147,0.0018168644,0.001822740538045764,0.015,2.456740958223236e-06,0.0018160348990932107,0.0018271820154041052
0,3,2052,2022-06-08,39017,0.03094342,0.030956510454416275,0.1,9.701535418571439e-06,0.030940283089876175,0.030974507331848145
0,3,2060,2022-06-08,39045,0.036402304,0.03640240430831909,0.5,1.636759589018766e-05,0.036366574466228485,0.03642350062727928
0,3,2065,2022-06-08,39071,0.007820225,0.007813962176442146,0.8,4.731888566311682e-06,0.007810153998434544,0.007826755754649639
0,3,2069,2022-06-08,39105,0.001395891,0.001343223382718861,0.75,5.115364911034703e-05,0.0012872309889644384,0.0014511225745081902
0,3,2071,2022-06-08,39109,0.006004321,0.006003993563354015,0.53,2.3185239115264267e-06,0.006001312285661697,0.006008956581354141
0,3,2072,2022-06-08,39111,0.016858231,0.016859492287039757,0.47,9.810481969907414e-06,0.016844352707266808,0.016878463327884674
0,3,2074,2022-06-08,39127,0.0054706805,0.005455169826745987,0.81,9.855634743871633e-06,0.005448141600936651,0.005481173284351826
0,3,2075,2022-06-08,39131,0.012282621,0.01227831281721592,0.64,8.811044608592056e-06,0.012268252670764923,0.01229790598154068
0,3,2077,2022-06-08,39141,0.007966766,0.00796713586896658,0.45,1.8894788809120655e-06,0.007964318618178368,0.007972314953804016
0,3,2083,2022-06-08,40015,0.034680203,0.034679003059864044,0.715,1.979590933842701e-06,0.034675635397434235,0.03468171879649162
0,3,2090,2022-06-08,40065,0.0031022388,0.003119393717497587,0.295,3.218713027308695e-05,0.0030831368640065193,0.0031914389692246914
0,3,2096,2022-06-08,40113,0.002520166,0.0025276802480220795,0.37,1.81929390237201e-05,0.0024816966615617275,0.0025528683327138424
0,3,2097,2022-06-08,40119,0.0032189682,0.003243424464017153,0.21,5.591081207967363e-05,0.003195001743733883,0.003383918898180127
0,3,2098,2022-06-08,40123,0.005296752,0.005272463895380497,0.76,2.053237403742969e-05,0.005251448601484299,0.005321189761161804
0,3,2107,2022-06-08,42051,0.0065034344,0.00649735564365983,0.605,2.467063495714683e-05,0.00644069816917181,0.006521868519484997
0,3,2109,2022-06-08,42111,0.0030007863,0.002991866087540984,0.705,1.240356777998386e-05,0.002983399201184511,0.0030248314142227173
0,3,2111,2022-06-08,45015,0.002927548,0.002989256288856268,0.075,3.2450690923724324e-05,0.0029173840302973986,0.0030432671774178743
0,3,2116,2022-06-08,46003,0.0021424154,0.002130011096596718,0.745,2.0493900592555292e-05,0.0020812118891626596,0.0021627238020300865
0,3,2119,2022-06-08,46019,0.021509565,0.021509846672415733,0.475,4.857137810176937e-06,0.02150016650557518,0.021522147580981255
0,3,2120,2022-06-08,46023,0.0023285765,0.002283377107232809,0.935,3.472469688858837e-05,0.0022049236577004194,0.0023450558073818684
0,3,2121,2022-06-08,46025,0.002476952,0.0024566370993852615,0.865,2.2567101041204296e-05,0.0024027947802096605,0.0024936595000326633
0,3,2133,2022-06-08,46069,0.0030571097,0.0030563417822122574,0.54,7.945887773530558e-06,0.003031315980479121,0.0030707360710948706
0,3,2137,2022-06-08,46077,0.0023949635,0.0023941935505717993,0.62,9.812627467908897e-06,0.0023665735498070717,0.002415220020338893
0,3,2141,2022-06-08,46095,0.0024159334,0.002424143487587571,0.02,6.5865397118614055e-06,0.0024138870649039745,0.002445956924930215
0,3,2144,2022-06-08,46107,0.0027801392,0.0027811184991151094,0.42,6.686601409455761e-06,0.0027605174109339714,0.002794445725157857
0,3,2145,2022-06-08,46109,0.002055904,0.002044705441221595,0.98,4.9264754125033505e-06,0.002039189450442791,0.0020584731828421354
0,3,2146,2022-06-08,46115,0.0030310426,0.0030253995209932327,0.65,1.912366133183241e-05,0.0029696794226765633,0.0030525855254381895
0,3,2149,2022-06-08,46121,0.0024657256,0.0024361377581954002,0.99,1.211930975841824e-05,0.0024204044602811337,0.002467632992193103
0,3,2160,2022-06-08,48111,0.0043428196,0.004296782426536083,0.89,2.7755912014981732e-05,0.004257234279066324,0.004351871553808451
0,3,2173,2022-06-08,48279,0.0028505453,0.00284273037686944,0.675,1.7012243915814906e-05,0.002817238913848996,0.0028838980942964554
0,3,2179,2022-06-08,48359,0.0039449884,0.003953820094466209,0.285,1.6971413060673513e-05,0.003930398728698492,0.003994162194430828
0,3,2182,2022-06-08,48393,0.0032316942,0.003280308796092868,0.165,7.555213232990354e-05,0.003197697689756751,0.0034496912267059088
0,3,2183,2022-06-08,48421,0.0042019114,0.004230006597936153,0.41,0.00010187714360654354,0.004097795579582453,0.0044541554525494576
0,3,2184,2022-06-08,48437,0.0029551492,0.0029538748785853386,0.54,1.205651460622903e-05,0.002931601135060191,0.0029831361025571823
0,3,2185,2022-06-08,48485,0.0045213657,0.004525072872638702,0.145,1.0855450454982929e-05,0.004517529159784317,0.0045530046336352825
0,3,2189,2022-06-08,51007,0.008782762,0.008780492469668388,0.96,1.0919109172391472e-06,0.008778668940067291,0.008783121593296528
0,3,2194,2022-06-08,51059,0.0016885912,0.0016971828881651163,0.13,7.962282325024717e-06,0.0016844101483002305,0.0017112311907112598
0,3,2202,2022-06-08,51107,0.0022137442,0.0022329234052449465,0.155,2.505694101273548e-05,0.0022030037362128496,0.0022832686081528664
0,3,2206,2022-06-08,51147,0.002312993,0.0023004841059446335,0.895,6.313860922091408e-06,0.0022939625196158886,0.0023155943490564823
0,3,2208,2022-06-08,51153,0.001908255,0.0018919813446700573,0.755,1.2075933227606583e-05,0.0018776757642626762,0.0019188533769920468
0,3,2213,2022-06-08,51590,0.0022506942,0.002253328450024128,0.08,2.9307154818525305e-06,0.0022496164310723543,0.0022604952100664377
0,3,2227,2022-06-08,54077,0.009954334,0.009944825433194637,0.615,3.800992271862924e-05,0.009877465665340424,0.010007972829043865
0,3,2228,2022-06-08,54079,0.0063685942,0.0063779037445783615,0.365,2.6878265998675488e-05,0.006312846671789885,0.006405629683285952
0,3,2230,2022-06-08,54095,0.002085266,0.002082216553390026,0.545,4.4438271288527176e-05,0.00203524436801672,0.002184466691687703
0,3,2231,2022-06-08,54103,0.020261122,0.02025844156742096,0.535,2.559320637374185e-05,0.02020883373916149,0.020290082320570946
0,3,2242,2024-02-27,01089,0.0012879518,0.001285899430513382,0.845,1.8946755062643206e-06,0.0012820969568565488,0.0012900035362690687
0,3,2249,2024-02-27,06015,0.025922403,0.026152249425649643,0.465,0.0036237079184502363,0.02414379082620144,0.03603466600179672
0,3,2259,2024-02-27,06051,0.017482018,0.01762630231678486,0.315,0.003421720117330551,0.017178600654006004,0.029082799330353737
0,3,2260,2024-02-27,06057,0.016552094,0.016624797135591507,0.49,0.002373272320255637,0.015589900314807892,0.023465078324079514
0,3,2270,2024-02-27,06105,0.080621816,0.08036694675683975,0.675,0.0006779395043849945,0.0789237767457962,0.08088976889848709
0,3,2271,2024-02-27,08003,0.003465781,0.003983852453529835,0.375,0.0023217438720166683,0.0028155194595456123,0.010308006778359413
0,3,2281,2024-02-27,08071,0.004511523,0.004482032265514135,0.535,0.0002568842610344291,0.0042488849721848965,0.005105354357510805
0,3,2282,2024-02-27,08077,0.0071646944,0.007245973683893681,0.445,0.000431043969001621,0.006838656030595303,0.00827133096754551
0,3,2284,2024-02-27,08085,0.010097505,0.009785917587578297,0.645,0.0005786858382634819,0.009384001605212688,0.011284619569778442
0,3,2285,2024-02-27,08089,0.0033645967,0.0033987248316407204,0.25,7.192463090177625e-05,0.00333036738447845,0.003580335294827819
0,3,2294,2024-02-27,13077,0.0019148982,0.001865725964307785,0.8,3.136069426545873e-05,0.0018458609702065587,0.0019517771434038877
0,3,2297,2024-02-27,13119,0.0026800812,0.002688563894480467,0.385,1.5236516446748283e-05,0.0026544102001935244,0.00270567717961967
0,3,2298,2024-02-27,13135,0.0013600411,0.0013678434770554304,0.06,1.8665783500182442e-05,0.0013587246648967266,0.0014200875302776694
0,3,2308,2024-02-27,13297,0.0019395748,0.0018901191651821136,0.825,3.337946327519603e-05,0.0018635784508660436,0.0019807431381195784
0,3,2310,2024-02-27,16003,0.011674693,0.011759044602513313,0.205,0.00015324690320994705,0.011643379926681519,0.012132013216614723
0,3,2313,2024-02-27,16027,0.0037787335,0.004249438643455505,0.085,0.0005550392670556903,0.0036621475592255592,0.00561616662889719
0,3,2321,2024-02-27,17003,0.0016548886,0.001623318763449788,0.695,3.7297562812455e-05,0.0015834160149097443,0.0017141910502687097
0,3,2322,2024-02-27,17031,0.0025643553,0.0028442840557545424,0.01,0.0002933188225142658,0.002553774043917656,0.0035367985256016254
0,3,2330,2024-02-27,17089,0.0025457244,0.002722876612097025,0.035,0.00022137931955512613,0.0025284935254603624,0.0032750931568443775
0,3,2336,2024-02-27,17179,0.0018104895,0.001909894053824246,0.095,0.0001270480133825913,0.001784587511792779,0.0022413854021579027
0,3,2337,2024-02-27,17181,0.001806852,0.0017478218069300056,0.82,4.266337782610208e-05,0.0016972296871244907,0.0018457717960700393
0,3,2347,2024-02-27,18067,0.00484608,0.004841609392315149,0.56,2.8933971407241188e-05,0.004817263223230839,0.004916475620120764
0,3,2348,2024-02-27,18069,0.0025426147,0.0025845360942184925,0.445,0.00025644281413406134,0.0023429084103554487,0.003202402498573065
0,3,2353,2024-02-27,18133,0.0026009209,0.002598272869363427,0.515,8.941192936617881e-05,0.0025166913401335478,0.002818459179252386
0,3,2367,2024-02-27,21059,0.0020080484,0.0019825794734060764,0.56,0.00017086118168663234,0.0018682765075936913,0.00247220229357481
0,3,2370,2024-02-27,21069,0.0054388777,0.0053414348512887955,0.805,0.00017693571862764657,0.004913304001092911,0.005502067971974611
0,3,2375,2024-02-27,21095,0.0042799907,0.004287610296159983,0.45,8.159376739058644e-05,0.00423681503161788,0.004520929418504238
0,3,2378,2024-02-27,21105,0.0015994324,0.001621020259335637,0.23,4.0649229049449787e-05,0.0015816172817721963,0.0017218062421306968
0,3,2386,2024-02-27,21179,0.0058881105,0.005874045193195343,0.58,6.225834658835083e-05,0.005721604451537132,0.005932891741394997
0,3,2387,2024-02-27,21181,0.0023015966,0.002314845332875848,0.435,0.0001909133861772716,0.002186832018196583,0.002912176540121436
0,3,2394,2024-02-27,23009,0.026363395,0.009838549420237541,0.965,0.0057526202872395515,0.007867880165576935,0.02781616523861885
0,3,2399,2024-02-27,25011,0.010960927,0.004192786291241646,0.945,0.0024272571317851543,0.00393859064206481,0.012642047367990017
0,3,2410,2024-02-27,29017,0.0015540706,0.0014911751495674253,0.9,3.110581019427627e-05,0.0014629797078669071,0.001573339686729014
0,3,2411,2024-02-27,29023,0.0009692687,0.0009588291868567467,0.62,2.3630520445294678e-05,0.0009386703022755682,0.0010195719078183174
0,3,2427,2024-02-27,30041,0.0015235541,0.001520018558949232,0.53,2.3665043045184575e-05,0.0015035055112093687,0.0015945980558171868
0,3,2430,2024-02-27,30047,0.0040423386,0.0039905402809381485,0.855,3.801831917371601e-05,0.003939490765333176,0.004062253050506115
0,3,2432,2024-02-27,30057,0.002041623,0.002045513829216361,0.35,1.559521297167521e-05,0.0020379587076604366,0.002087936969473958
0,3,2438,2024-02-27,30099,0.0013459849,0.001273910515010357,0.89,4.9889149522641674e-05,0.0011988726910203695,0.0013976739719510078
0,3,2441,2024-02-27,32003,0.0037080825,0.0037646640557795763,0.195,0.00029460657970048487,0.003701356705278158,0.004621043335646391
0,3,2444,2024-02-27,32011,0.0049826843,0.0077108358964324,0.155,0.005903351586312056,0.00449820701032877,0.02425762452185154
0,3,2445,2024-02-27,32013,0.024075976,0.02768069878220558,0.08,0.0036777311470359564,0.02367069385945797,0.035687051713466644
0,3,2456,2024-02-27,35001,0.0019127515,0.0021157877054065466,0.02,0.00033550491207279265,0.0019056161399930716,0.0030449682381004095
0,3,2467,2024-02-27,35035,0.0018501902,0.0019131384324282408,0.3,0.00013554506585933268,0.00177195284049958,0.002202140400186181
0,3,2468,2024-02-27,35037,0.0027300133,0.002715331967920065,0.54,9.917562420014292e-05,0.002622026251628995,0.0029647292103618383
0,3,2472,2024-02-27,35049,0.0035466217,0.004038770217448473,0.205,0.0011612350353971124,0.0032328686211258173,0.007180854678153992
0,3,2473,2024-02-27,35053,0.0024171988,0.0024206480011343956,0.205,5.712533038604306e-06,0.0024153534322977066,0.002434286056086421
0,3,2480,2024-02-27,36011,0.011702359,0.012059133499860764,0.065,0.0001577634975546971,0.011698015034198761,0.012161947786808014
0,3,2484,2024-02-27,36031,0.022569606,0.037488143891096115,0.16,0.007822955958545208,0.01622590608894825,0.04118140786886215
0,3,2491,2024-02-27,36049,0.01807841,0.033515945076942444,0.16,0.008199211210012436,0.01647082343697548,0.03931437432765961
0,3,2497,2024-02-27,36081,0.0031738875,0.0033888358157128096,0.015,0.0005695162690244615,0.0031707806047052145,0.005108592100441456
0,3,2500,2024-02-27,36089,0.028793052,0.011107450351119041,0.945,0.007064043544232845,0.007727853953838348,0.03197259455919266
0,3,2505,2024-02-27,36111,0.010571257,0.011934557929635048,0.255,0.0011165980249643326,0.008661597967147827,0.012286633253097534
0,3,2514,2024-02-27,39045,0.030187072,0.030140750110149384,0.57,0.00028606283012777567,0.02940523810684681,0.0303606316447258
0,3,2517,2024-02-27,39067,0.0023925486,0.002311253221705556,0.535,0.0006722969119437039,0.0019065311644226313,0.004166864324361086
0,3,2521,2024-02-27,39111,0.027424593,0.02756594493985176,0.38,0.0004071012663189322,0.02639787085354328,0.027835052460432053
0,3,2525,2024-02-27,39127,0.0132795805,0.013968710787594318,0.19,0.0004652737989090383,0.012826932594180107,0.014372196979820728
0,3,2528,2024-02-27,40003,0.0015678622,0.0015645658131688833,0.545,3.169207775499672e-05,0.0015419402625411749,0.0016482188366353512
0,3,2530,2024-02-27,40025,0.0032408917,0.0033204006031155586,0.275,0.0001518882781965658,0.0031856747809797525,0.00371954427100718
0,3,2532,2024-02-27,40045,0.0038082215,0.003807264380156994,0.585,1.0860506336030085e-05,0.0037956861779093742,0.0038358878809958696
0,3,2535,2024-02-27,41001,0.0073185046,0.00767699908465147,0.215,0.0005583988386206329,0.007074026856571436,0.008978297002613544
0,3,2538,2024-02-27,42009,0.012882853,0.01286607701331377,0.565,0.00010145628039026633,0.012635888531804085,0.012963591143488884
0,3,2539,2024-02-27,42051,0.0032199034,0.003295253962278366,0.365,0.0003274634655099362,0.0031332343351095915,0.004292314872145653
0,3,2545,2024-02-27,45045,0.000795402,0.000838259351439774,0.145,7.897504838183522e-05,0.0007773102261126041,0.0010500611970201135
0,3,2548,2024-02-27,45063,0.0016470612,0.0016323814634233713,0.535,0.00010205331636825576,0.0015288132708519697,0.0018745781853795052
0,3,2553,2024-02-27,45083,0.0008418023,0.0008147302432917058,0.605,7.691434439038858e-05,0.0007570703164674342,0.00100715272128582
0,3,2558,2024-02-27,46109,0.0016360884,0.001630348153412342,0.73,1.182803953270195e-05,0.001600115792825818,0.001651487429626286
0,3,2567,2024-02-27,47167,0.0014391635,0.0014401196967810392,0.48,3.792342613451183e-05,0.0013987451093271375,0.0015338073717430234
0,3,2570,2024-02-27,48061,0.001571289,0.0015853270888328552,0.085,9.572304406901821e-06,0.0015659742057323456,0.001603343291208148
0,3,2576,2024-02-27,48111,0.004036287,0.003427627496421337,0.86,0.0003395612584426999,0.0031243052799254656,0.004247473087161779
0,3,2585,2024-02-27,48211,0.018835276,0.018812675029039383,0.79,4.4985390559304506e-05,0.018702873960137367,0.01885310932993889
0,3,2588,2024-02-27,48279,0.0013086959,0.0013030378613620996,0.55,4.008238829555921e-05,0.001274092006497085,0.0013936454197391868
0,3,2593,2024-02-27,48359,0.0027756726,0.0028471555560827255,0.245,0.00010038065374828875,0.0027312752790749073,0.0030653977300971746
0,3,2597,2024-02-27,48421,0.0032370382,0.0032373121939599514,0.5,0.0002935132652055472,0.002976872492581606,0.003990778233855963
0,3,2598,2024-02-27,48437,0.0012733126,0.001283974968828261,0.155,1.930023245222401e-05,0.0012640731874853373,0.001328696496784687
0,3,2602,2024-02-27,49005,0.012647836,0.014110347256064415,0.105,0.002364450367167592,0.0122727295383811,0.020079707726836205
0,3,2609,2024-02-27,49027,0.017619815,0.018069066107273102,0.175,0.0008074398501776159,0.017480988055467606,0.020222732797265053
0,3,2614,2024-02-27,49037,0.0025775821,0.0029152273200452328,0.115,0.0005106897442601621,0.0024895824026316404,0.004197740461677313
0,3,2617,2024-02-27,49043,0.020233251,0.02025463804602623,0.42,0.0001546110725030303,0.02013242430984974,0.02061586081981659
0,3,2620,2024-02-27,49049,0.0082698865,0.008844130672514439,0.085,0.0006649317219853401,0.008141981437802315,0.010296547785401344
0,3,2629,2024-02-27,50011,0.005990978,0.004813788458704948,0.75,0.0010134003823623061,0.0046327742747962475,0.008114383555948734
0,3,2632,2024-02-27,50017,0.011945477,0.010177992284297943,0.87,0.0009620485361665487,0.009613413363695145,0.014114179648458958
0,3,2643,2024-02-27,54023,0.0035366004,0.0031182970851659775,0.62,0.0012257625348865986,0.0025793476961553097,0.0065797558054327965
0,3,2645,2024-02-27,54047,0.011329613,0.011318517848849297,0.52,0.00020317295275162905,0.010767246596515179,0.011501428671181202
0,3,2648,2024-02-27,54079,0.0034365312,0.0034268032759428024,0.55,6.232544546946883e-05,0.0033825321588665247,0.003594999434426427
0,3,2650,2024-02-27,54085,0.009625009,0.009573714807629585,0.66,0.00011469964374555275,0.009525083005428314,0.00992331188172102
0,3,2657,2024-02-27,56025,0.0033925963,0.00347855594009161,0.245,0.0001447455579182133,0.003317167516797781,0.0038140499964356422
0,4,6,2019-03-13,01047,0.0018885043,0.0018743295222520828,0.985,6.5440394791949075e-06,0.0018674804596230388,0.0018885349854826927
0,4,7,2019-03-13,01051,0.00575561,0.005785870831459761,0.07,1.67201433214359e-05,0.005753701087087393,0.005806962959468365
0,4,11,2019-03-13,01079,0.0017521057,0.0013512256555259228,0.92,0.00019428186351433396,0.0011490369215607643,0.001794292009435594
0,4,20,2019-03-13,05031,0.00797905,0.00745557202026248,0.69,0.0005774517776444554,0.007085606921464205,0.008852115832269192
0,4,21,2019-03-13,05073,0.0044678883,0.004175145179033279,0.96,0.00015271216398105025,0.004011530429124832,0.004481323063373566
0,4,29,2019-03-13,08073,0.027352817,0.025077346712350845,0.665,0.003838608507066965,0.022058473899960518,0.03429478034377098
0,4,32,2019-03-13,13115,0.0011224607,0.0010652628261595964,0.685,8.366278780158609e-05,0.0009944463381543756,0.001259351847693324
0,4,36,2019-03-13,17047,0.006483115,0.0065167127177119255,0.445,0.0005692227277904749,0.00619905162602663,0.007947558537125587
0,4,37,2019-03-13,17055,0.004262342,0.0039701806381344795,0.745,0.00030445322045125067,0.0037637441419065,0.004790851380676031
0,4,42,2019-03-13,17077,0.0047030365,0.00430922070518136,0.815,0.00022395339328795671,0.004155108705163002,0.004800525493919849
0,4,48,2019-03-13,17153,0.008933645,0.008614983409643173,0.61,0.0008042258559726179,0.00806216150522232,0.010479331016540527
0,4,63,2019-03-13,18083,0.0077432115,0.007525615394115448,0.555,0.0009370418265461922,0.007063355762511492,0.009915717877447605
0,4,69,2019-03-13,18127,0.0052327504,0.004589598625898361,0.66,0.0009284756961278617,0.0038582587148994207,0.0066282195039093494
0,4,70,2019-03-13,18129,0.010462078,0.010400459170341492,0.595,0.00027697873883880675,0.010270204395055771,0.011160594411194324
0,4,71,2019-03-13,18137,0.013424294,0.011763595044612885,0.81,0.0009193200967274606,0.011063927784562111,0.01381338108330965
0,4,78,2019-03-13,18175,0.01656075,0.016012856736779213,0.66,0.0010915746679529548,0.014912358485162258,0.018217094242572784
0,4,84,2019-03-13,20083,0.008654774,0.009227655827999115,0.38,0.0026470692828297615,0.00782425794750452,0.015983188524842262
0,4,85,2019-03-13,20109,0.01931475,0.01938837766647339,0.495,0.003214053111150861,0.017627336084842682,0.027743617072701454
0,4,87,2019-03-13,20137,0.01594664,0.014997106045484543,0.595,0.00515594519674778,0.011973426677286625,0.027682000771164894
0,4,96,2019-03-13,21023,0.010514556,0.0104941725730896,0.535,0.0001900681236293167,0.010369250550866127,0.010938139632344246
0,4,97,2019-03-13,21033,0.008480996,0.008749235421419144,0.33,0.0007963955285958946,0.008153028786182404,0.010581367649137974
0,4,102,2019-03-13,21055,0.008544309,0.008412245661020279,0.585,0.00044775413698516786,0.008139213547110558,0.009580397047102451
0,4,110,2019-03-13,21101,0.015427172,0.015469726175069809,0.41,9.349985339213163e-05,0.015310531482100487,0.015592607669532299
0,4,113,2019-03-13,21139,0.008773974,0.008848682045936584,0.46,0.00046546701923944056,0.008431912399828434,0.009850717149674892
0,4,117,2019-03-13,21149,0.0109125255,0.011647514998912811,0.205,0.0014321367489174008,0.010441138409078121,0.014764206483960152
0,4,123,2019-03-13,21211,0.0039881724,0.0038854065351188183,0.76,0.00017075946379918605,0.0035580925177782774,0.004087351728230715
0,4,131,2019-03-13,22017,0.0045786835,0.0042542763985693455,0.89,0.0001579692034283653,0.004087719134986401,0.004600472282618284
0,4,136,2019-03-13,26049,0.0024383834,0.0022844448685646057,0.7,0.00018881344294641167,0.0021764084231108427,0.002812693826854229
0,4,141,2019-03-13,26159,0.004002619,0.0031059186439961195,0.845,0.0004670795169658959,0.0027690548449754715,0.004284835886210203
0,4,142,2019-03-13,28011,0.008908732,0.008560892194509506,0.63,0.0006105111679062247,0.007922960445284843,0.009856926277279854
0,4,152,2019-03-13,29031,0.0053276513,0.005424629896879196,0.215,0.0002947345783468336,0.005263248458504677,0.006135144736617804
0,4,154,2019-03-13,29143,0.01159908,0.011720908805727959,0.445,0.0006981919868849218,0.011259148828685284,0.013580888509750366
0,4,159,2019-03-13,32007,0.00032227676,0.0003224935499019921,0.41,1.969577397176181e-06,0.00032134100911207497,0.00032733826083131135
0,4,168,2019-03-13,35051,0.015580033,0.0169026218354702,0.265,0.002785216551274061,0.014342693611979485,0.02314426377415657
0,4,172,2019-03-13,39025,0.004311976,0.0042367959395051,0.66,0.0001583412813488394,0.0038978643715381622,0.004367627669125795
0,4,175,2019-03-13,39031,0.007857743,0.00779805239289999,0.59,0.0002644362684804946,0.007567992899566889,0.008481886237859726
0,4,179,2019-03-13,39059,0.007940706,0.007947640493512154,0.47,0.0002001909160753712,0.00773343350738287,0.008425821550190449
0,4,185,2019-03-13,39097,0.017907536,0.017700649797916412,0.79,0.00013377160939853638,0.01760709658265114,0.018025968223810196
0,4,195,2019-03-13,40013,0.0034099694,0.00319597776979208,0.65,0.0003506702196318656,0.0029449155554175377,0.004053673706948757
0,4,198,2019-03-13,40027,0.007321052,0.007413049228489399,0.145,0.000193027313798666,0.007286944426596165,0.007875576615333557
0,4,200,2019-03-13,40039,0.012487878,0.014659608714282513,0.07,0.002508383011445403,0.01216848660260439,0.019548213109374046
0,4,203,2019-03-13,40047,0.013525337,0.014580504968762398,0.205,0.002493554726243019,0.01292348001152277,0.02088882401585579
0,4,205,2019-03-13,40057,0.013867741,0.015474461950361729,0.035,0.0022181598469614983,0.013738465495407581,0.02086556889116764
0,4,217,2019-03-13,40151,0.013647527,0.016514480113983154,0.07,0.004395158961415291,0.01327443402260542,0.027112917974591255
0,4,224,2019-03-13,47165,0.004345346,0.004645761102437973,0.285,0.0006963505293242633,0.004033603239804506,0.006259738467633724
0,4,227,2019-03-13,48011,0.0371587,0.03626690059900284,0.94,0.001459336606785655,0.03287450596690178,0.037290774285793304
0,4,228,2019-03-13,48017,0.0125530865,0.012680227868258953,0.14,0.0003205141401849687,0.012515855953097343,0.013564959168434143
0,4,229,2019-03-13,48045,0.014723103,0.01629161834716797,0.135,0.002805733121931553,0.014431125484406948,0.023140478879213333
0,4,232,2019-03-13,48069,0.033505023,0.033481016755104065,0.515,0.0005208649672567844,0.0332614965736866,0.03481752425432205
0,4,239,2019-03-13,48103,0.038225465,0.03808605670928955,0.745,0.00024735089391469955,0.037543874233961105,0.03833882510662079
0,4,240,2019-03-13,48107,0.009276867,0.009680138900876045,0.15,0.001060912967659533,0.0091635687276721,0.012391174212098122
0,4,251,2019-03-13,48141,0.007707092,0.008022202178835869,0.075,0.0004066444525960833,0.007662779185920954,0.008856995962560177
0,4,252,2019-03-13,48147,0.0038791846,0.00367294205352664,0.69,0.00023820417118258774,0.003553699003532529,0.004248586017638445
0,4,253,2019-03-13,48153,0.014765822,0.01639869064092636,0.21,0.002521930728107691,0.014187817461788654,0.021919261664152145
0,4,254,2019-03-13,48165,0.00986637,0.009848197922110558,0.65,8.68584102136083e-05,0.00984155386686325,0.010142559185624123
0,4,260,2019-03-13,48189,0.013020899,0.012533577159047127,0.605,0.0011982277501374483,0.011719118803739548,0.015312174335122108
0,4,267,2019-03-13,48217,0.0057138223,0.005708290264010429,0.505,0.00039899913826957345,0.005404646974056959,0.006710166577249765
0,4,268,2019-03-13,48219,0.010430285,0.010144914500415325,0.62,0.0007840724429115653,0.009687315672636032,0.012249531224370003
0,4,271,2019-03-13,48229,0.0076140505,0.007885714992880821,0.32,0.0005664023337885737,0.007375567220151424,0.009044528938829899
0,4,285,2019-03-13,48329,0.006192524,0.006363953463733196,0.035,0.0002063326392089948,0.006167690735310316,0.006828098092228174
0,4,288,2019-03-13,48341,0.1286756,0.12667465209960938,0.99,0.002279582666233182,0.121455118060112,0.12874604761600494
0,4,308,2019-03-13,48423,0.0038567036,0.003852455411106348,0.68,1.0297285371052567e-05,0.003846927313134074,0.003886247519403696
0,4,311,2019-03-13,48439,0.0025728487,0.0025726966559886932,0.5,7.868823013268411e-05,0.002546475036069751,0.002820942783728242
0,4,312,2019-03-13,48445,0.012716665,0.011692823842167854,0.75,0.0009455766412429512,0.011141384951770306,0.014044989831745625
0,4,325,2021-03-26,01025,0.002012096,0.0020253569819033146,0.01,7.309670763788745e-06,0.002011712174862623,0.002039798302575946
0,4,340,2021-03-26,01095,0.0027184752,0.002785725984722376,0.285,0.00020059398957528174,0.002661858918145299,0.0032119781244546175
0,4,344,2021-03-26,01123,0.0017374501,0.0016718213446438313,0.825,3.454120087553747e-05,0.0016462269704788923,0.001743714907206595
0,4,351,2021-03-26,05043,0.005488584,0.005492646247148514,0.045,3.1028826015244704e-06,0.0054885009303689,0.005499181803315878
0,4,353,2021-03-26,05073,0.0019477414,0.001957954838871956,0.06,7.092164651112398e-06,0.0019473466090857983,0.001972673926502466
0,4,354,2021-03-26,05079,0.017972684,0.017956871539354324,0.95,8.499930117977783e-06,0.017943724989891052,0.017973491922020912
0,4,358,2021-03-26,05107,0.0051530455,0.005152554251253605,0.59,2.1016890059399884e-06,0.005147141870111227,0.005156469065696001
0,4,363,2021-03-26,08043,0.00077249814,0.0007618949748575687,0.55,3.765400833799504e-05,0.0007367279031313956,0.0008506769081577659
0,4,370,2021-03-26,12119,0.0026676543,0.0026275734417140484,0.805,2.4138404114637524e-05,0.002603670349344611,0.002677746582776308
0,4,376,2021-03-26,13113,0.0014559793,0.0013817333383485675,0.79,4.8411522584501654e-05,0.0013363301986828446,0.00148960726801306
0,4,377,2021-03-26,13115,0.008385296,0.00839765090495348,0.4,1.954139042936731e-05,0.008360003121197224,0.008413394913077354
0,4,382,2021-03-26,13153,0.0027015945,0.0025860783644020557,0.825,6.726220453856513e-05,0.002515799133107066,0.0027312624733895063
0,4,385,2021-03-26,13223,0.0016465659,0.0015717428177595139,0.785,4.627781891031191e-05,0.0015403336146846414,0.0016773720271885395
0,4,391,2021-03-26,13311,0.0022722022,0.002259416040033102,0.765,1.0945663234451786e-05,0.002237817505374551,0.0022762485314160585
0,4,396,2021-03-26,16011,0.0067083994,0.006710243411362171,0.375,8.374360731977504e-06,0.006700575351715088,0.006734278053045273
0,4,404,2021-03-26,16033,0.0011300138,0.0011995183303952217,0.215,0.00017423959798179567,0.0010979250073432922,0.0016399392625316978
0,4,413,2021-03-26,16055,0.017889421,0.017449263483285904,0.735,0.0008190692751668394,0.015702709555625916,0.018355585634708405
0,4,415,2021-03-26,16061,0.0031183155,0.0035051170270889997,0.215,0.0007018895703367889,0.0029486543498933315,0.005135934799909592
0,4,420,2021-03-26,16073,0.002564047,0.002564223948866129,0.5,2.302513712493237e-05,0.0025105264503508806,0.0025830906815826893
0,4,423,2021-03-26,16083,0.0058117188,0.005791625939309597,0.64,4.741920929518528e-05,0.0056908284313976765,0.005838330369442701
0,4,427,2021-03-26,17023,0.0032114263,0.003213343909010291,0.37,5.198567578190705e-06,0.0032034111209213734,0.0032236583065241575
0,4,428,2021-03-26,17047,0.0020876043,0.00210813176818192,0.02,7.235591510834638e-06,0.0020869120489805937,0.0021159492898732424
0,4,429,2021-03-26,17055,0.0045164116,0.00451287068426609,0.62,6.511038009193726e-06,0.004505891818553209,0.004526998847723007
0,4,433,2021-03-26,17077,0.0022405977,0.002250329125672579,0.295,1.2994098142371513e-05,0.002229259582236409,0.0022803926840424538
0,4,436,2021-03-26,17121,0.0017003734,0.001696411520242691,0.675,7.043791356409201e-06,0.0016798211727291346,0.0017061338294297457
0,4,439,2021-03-26,17153,0.0020107187,0.0020318110473454,0.16,2.0719955500680953e-05,0.0020060273818671703,0.002077631652355194
0,4,448,2021-03-26,18029,0.0029467307,0.0028985431417822838,0.76,3.761271000257693e-05,0.0028609978035092354,0.002980833640322089
0,4,458,2021-03-26,18081,0.004616915,0.004630086477845907,0.0,6.9227585299813654e-06,0.004617556929588318,0.00464001577347517
0,4,463,2021-03-26,18119,0.009040293,0.009055478498339653,0.07,7.330068001465406e-06,0.009036281146109104,0.00906312931329012
0,4,465,2021-03-26,18129,0.0076695904,0.007671194151043892,0.18,1.968113338080002e-06,0.007668261416256428,0.007674745749682188
0,4,466,2021-03-26,18137,0.0028993902,0.002814312931150198,0.85,4.764259938383475e-05,0.0027718660421669483,0.0029167295433580875
0,4,476,2021-03-26,20055,0.0018722701,0.0018726290436461568,0.495,2.0151490389253013e-05,0.0018372450722381473,0.0019314226228743792
0,4,482,2021-03-26,20109,0.0015838963,0.001590481260791421,0.295,2.3363005311693996e-05,0.001544258906506002,0.0016477893805131316
0,4,483,2021-03-26,20123,0.0028875684,0.002853534184396267,0.735,5.291568595566787e-05,0.0027583297342061996,0.002981076017022133
0,4,484,2021-03-26,20137,0.0017039742,0.001703756395727396,0.51,4.82863761135377e-05,0.0016206820728257298,0.0018143287161365151
0,4,486,2021-03-26,20147,0.0032673045,0.003267222549766302,0.5,2.410112392681185e-05,0.0032261013984680176,0.0033241133205592632
0,4,497,2021-03-26,21033,0.0017741208,0.001779518323019147,0.21,5.9233229876554105e-06,0.001766092493198812,0.0017866083653643727
0,4,501,2021-03-26,21055,0.0020017053,0.0020040152594447136,0.345,6.548310011567082e-06,0.001991653349250555,0.0020223641768097878
0,4,507,2021-03-26,21101,0.0020783378,0.0020893425680696964,0.11,6.31099464953877e-06,0.002072080736979842,0.0020960536785423756
0,4,511,2021-03-26,21139,0.0018622532,0.0018615941517055035,0.53,4.935268862027442e-06,0.0018550229724496603,0.001877238042652607
0,4,514,2021-03-26,21149,0.002269093,0.0022821808233857155,0.08,8.871904356055893e-06,0.0022639858070760965,0.0022959422785788774
0,4,523,2021-03-26,22017,0.0017813469,0.0017993457149714231,0.045,1.4252542314352468e-05,0.0017805033130571246,0.0018288330174982548
0,4,526,2021-03-26,23007,0.027509147,0.02790316380560398,0.075,0.00028282185667194426,0.02750355377793312,0.028372304514050484
0,4,534,2021-03-26,24027,0.001262543,0.0012748043518513441,0.435,6.6730885009747e-05,0.001216311240568757,0.001422965549863875
0,4,538,2021-03-26,24043,0.0027953938,0.0028173255268484354,0.295,6.465519254561514e-05,0.0027730120345950127,0.0029847538098692894
0,4,540,2021-03-26,25003,0.0099748,0.007248543668538332,0.935,0.0011954031651839614,0.006452071480453014,0.010031575337052345
0,4,546,2021-03-26,25017,0.0048184455,0.0036373527254909277,0.86,0.0006413390510715544,0.0031122181098908186,0.005012128967791796
0,4,549,2021-03-26,25027,0.007122542,0.005882165394723415,0.975,0.0004959959187544882,0.005612904671579599,0.00714458292350173
0,4,551,2021-03-26,28011,0.008681063,0.008680760860443115,0.525,4.131188234168803e-06,0.008674177341163158,0.008687946014106274
0,4,555,2021-03-26,28031,0.0015744949,0.0015894933603703976,0.03,9.517842045170255e-06,0.0015737295616418123,0.001611305051483214
0,4,556,2021-03-26,28067,0.001508847,0.001526370644569397,0.02,1.0744141945906449e-05,0.0015086900675669312,0.0015481538139283657
0,4,566,2021-03-26,29031,0.0020563635,0.002052068244665861,0.565,1.9426339349593036e-05,0.0020256442949175835,0.00209566461853683
0,4,569,2021-03-26,29143,0.008467249,0.008465266786515713,0.965,1.1863072586493217e-06,0.008462833240628242,0.008467513136565685
0,4,572,2021-03-26,30003,0.0047514066,0.0051897987723350525,0.265,0.0010078925406560302,0.00441004941239953,0.007420826703310013
0,4,575,2021-03-26,30017,0.005848867,0.00590943731367588,0.365,0.0002139643329428509,0.005728775169700384,0.006405267398804426
0,4,576,2021-03-26,30019,0.01756049,0.017908284440636635,0.4,0.0010056790197268128,0.016811395063996315,0.019946254789829254
0,4,582,2021-03-26,30039,0.014351208,0.01647462695837021,0.36,0.008280199021100998,0.01151891890913248,0.03534657880663872
0,4,593,2021-03-26,30079,0.018436635,0.018457014113664627,0.425,8.885880379239097e-05,0.018379241228103638,0.018651606515049934
0,4,604,2021-03-26,30105,0.011912374,0.012026091106235981,0.455,0.0011326175881549716,0.010980606079101562,0.014404253102838993
0,4,605,2021-03-26,30107,0.007367522,0.007985459640622139,0.325,0.0024474053643643856,0.006706064101308584,0.014052622020244598
0,4,608,2021-03-26,32007,0.00066821754,0.0007153707556426525,0.305,9.785886504687369e-05,0.000640606158412993,0.0009274177718907595
0,4,611,2021-03-26,33003,0.013880698,0.014195108786225319,0.31,0.0007068698178045452,0.01340528018772602,0.015675242990255356
0,4,617,2021-03-26,34019,0.0083218,0.008317524567246437,0.515,0.00011952732165809721,0.008087626658380032,0.008466504514217377
0,4,621,2021-03-26,34029,0.0035440598,0.003300189273431897,0.92,0.00012115173740312457,0.0031715736258774996,0.0035580783151090145
0,4,626,2021-03-26,36009,0.019727098,0.019184481352567673,0.995,0.0003525941865518689,0.01866324059665203,0.019728701561689377
0,4,631,2021-03-26,36037,0.014975202,0.01506875641644001,0.15,5.417772990767844e-05,0.014961953274905682,0.015121259726583958
0,4,635,2021-03-26,36055,0.004745625,0.004804585129022598,0.345,0.00013217584637459368,0.004670662805438042,0.00508368294686079
0,4,646,2021-03-26,36103,0.00382476,0.003873847657814622,0.44,0.00023654752294532955,0.0036520296707749367,0.004401874262839556
0,4,650,2021-03-26,37023,0.0017358531,0.0017240950837731361,0.55,7.157262734835967e-05,0.001645966200158,0.001861595781520009
0,4,653,2021-03-26,37059,0.0015632333,0.0015192588325589895,0.725,3.97015901398845e-05,0.001477090292610228,0.0015980101888999343
0,4,655,2021-03-26,37107,0.005153641,0.005127780605107546,0.89,2.2720339984516613e-05,0.005082092247903347,0.005172991659492254
0,4,667,2021-03-26,39025,0.0033044198,0.0033156508579850197,0.355,2.9202252335380763e-05,0.003283086232841015,0.0033727367408573627
0,4,670,2021-03-26,39031,0.006119433,0.006107489578425884,0.52,0.0001172402044176124,0.0060175517573952675,0.006368493195623159
0,4,671,2021-03-26,39033,0.012599193,0.012589624151587486,0.505,0.00013381859753280878,0.012458681128919125,0.012858203612267971
0,4,680,2021-03-26,39065,0.011919852,0.011916800402104855,0.52,4.6243010729085654e-05,0.011879575438797474,0.01200929842889309
0,4,689,2021-03-26,39097,0.006560708,0.006456824950873852,0.86,5.3318104619393125e-05,0.0064062681049108505,0.006576417479664087
0,4,691,2021-03-26,39101,0.011292049,0.011265509761869907,0.58,9.588857210474089e-05,0.011164119467139244,0.011443265713751316
0,4,692,2021-03-26,39107,0.007334613,0.007354416884481907,0.34,6.806449528085068e-05,0.007301399949938059,0.007514256983995438
0,4,702,2021-03-26,39155,0.011114682,0.01067538931965828,0.87,0.00023822355433367193,0.010393627919256687,0.01113873440772295
0,4,706,2021-03-26,39169,0.014334542,0.01457427442073822,0.21,0.0001889146224129945,0.014252932742238045,0.014843108132481575
0,4,708,2021-03-26,41013,0.0026526616,0.002701385412365198,0.375,0.00018759681552182883,0.002568731317296624,0.0030900498386472464
0,4,711,2021-03-26,41023,0.0021559342,0.0021270045544952154,0.555,0.00014494045171886683,0.001998109044507146,0.0024209602270275354
0,4,717,2021-03-26,41059,0.0057714838,0.005814746022224426,0.37,0.00015206343960016966,0.005646571982651949,0.006130826659500599
0,4,725,2021-03-26,42045,0.0017763899,0.0018450532807037234,0.035,8.854526095092297e-05,0.0017655662959441543,0.0020492393523454666
0,4,728,2021-03-26,42065,0.009148088,0.008961169049143791,0.685,0.00022024117060936987,0.008721242658793926,0.009400340728461742
0,4,736,2021-03-26,42129,0.006986629,0.0070993369445204735,0.39,0.0003308259474579245,0.0067031667567789555,0.00770551199093461
0,4,740,2021-03-26,45003,0.0038763399,0.0037156967446208,0.84,0.00010102491069119424,0.003598958719521761,0.003909606486558914
0,4,744,2021-03-26,45047,0.0027284531,0.0027039721608161926,0.86,1.3335351468413137e-05,0.002691976958885789,0.0027302862145006657
0,4,752,2021-03-26,46013,0.0024171483,0.002407894004136324,0.595,2.263530950585846e-05,0.0023994646035134792,0.002463381737470627
0,4,755,2021-03-26,46021,0.0054068263,0.005429588258266449,0.095,3.47470777342096e-05,0.005403944291174412,0.005500992760062218
0,4,759,2021-03-26,46033,0.0029828527,0.0029868776910007,0.41,1.4292219020717312e-05,0.002975599840283394,0.003018016926944256
0,4,761,2021-03-26,46039,0.0033160027,0.003341107629239559,0.125,2.000720087380614e-05,0.003312355373054743,0.0034015371929854155
0,4,765,2021-03-26,46049,0.0032229298,0.0032099667005240917,0.555,3.312217813800089e-05,0.0031845734920352697,0.003275606082752347
0,4,769,2021-03-26,46059,0.0028707972,0.002875969745218754,0.255,1.0011278391175438e-05,0.0028674607165157795,0.0028958229813724756
0,4,775,2021-03-26,46081,0.0044255443,0.0041564153507351875,0.685,0.00040890389936976135,0.0037559145130217075,0.004966062027961016
0,4,787,2021-03-26,46117,0.0038932583,0.0038730744272470474,0.715,1.6093154044938274e-05,0.0038622189313173294,0.00390905886888504
0,4,797,2021-03-26,47025,0.003691993,0.0036980619188398123,0.45,8.437212818535045e-05,0.0036484142765402794,0.0039201825857162476
0,4,801,2021-03-26,47073,0.004924891,0.004922849126160145,0.605,6.032449164194986e-06,0.004915426019579172,0.004942348226904869
0,4,802,2021-03-26,47077,0.00450446,0.004500227980315685,0.865,3.4119714200642193e-06,0.004493017680943012,0.00450534513220191
0,4,805,2021-03-26,47101,0.0019516975,0.0019336335826665163,0.765,1.4230201486498117e-05,0.0019160043448209763,0.0019621567334979773
0,4,814,2021-03-26,48073,0.009311257,0.009296221658587456,0.845,1.4170502254273742e-05,0.009259618818759918,0.00932102371007204
0,4,819,2021-03-26,49019,0.00068845716,0.0006895822007209063,0.45,2.045580549747683e-05,0.0006798241520300508,0.0007380899041891098
0,4,828,2021-03-26,51191,0.0028170499,0.002848605625331402,0.405,0.0001238816766999662,0.0027585425414144993,0.0031291760969907045
0,4,830,2021-03-26,53001,0.006312107,0.0063584838062524796,0.02,4.404623541631736e-05,0.006311046425253153,0.006448840256780386
0,4,836,2021-03-26,53043,0.002585303,0.0026218839921057224,0.02,4.641599298338406e-05,0.0025812245439738035,0.002725738100707531
0,4,839,2021-03-26,53075,0.0062843743,0.00656396197155118,0.015,0.00027237978065386415,0.006269275676459074,0.007160306442528963
0,4,841,2021-03-26,54011,0.0048713214,0.004864291287958622,0.575,4.001245542895049e-05,0.004828828386962414,0.00495477020740509
0,4,852,2021-03-26,56011,0.002242505,0.0022185782436281443,0.545,8.941555279307067e-05,0.0021572201512753963,0.0024178377352654934
0,4,854,2021-03-26,56017,0.0009657745,0.0010047212708741426,0.285,9.10602102521807e-05,0.0009453347302041948,0.0012145104119554162
0,4,857,2021-03-26,56023,0.0022848395,0.002720330376178026,0.145,0.0007241370622068644,0.0021756894420832396,0.004307021852582693
0,4,866,2021-12-11,01077,0.013760435,0.013773607090115547,0.45,9.420995775144547e-05,0.013570072129368782,0.013872979208827019
0,4,872,2021-12-11,04009,0.0018186778,0.0018565475475043058,0.215,4.997389260097407e-05,0.0017913414631038904,0.0019571720622479916
0,4,878,2021-12-11,04025,0.0065205274,0.007107273209840059,0.18,0.0010325188050046563,0.006319133099168539,0.009341796860098839
0,4,881,2021-12-11,05031,0.028753359,0.02895250730216503,0.34,0.00022239326790440828,0.028453875333070755,0.029102865606546402
0,4,886,2021-12-11,05067,0.0382675,0.03826957195997238,0.495,5.258632518234663e-05,0.038141246885061264,0.038310009986162186
0,4,888,2021-12-11,05079,0.01759004,0.017612960189580917,0.075,1.125669132306939e-05,0.017588181421160698,0.01763063855469227
0,4,890,2021-12-11,05083,0.0021989853,0.0021849446929991245,0.55,9.343281999463215e-05,0.002091525588184595,0.002393298549577594
0,4,897,2021-12-11,06005,0.03656675,0.03626580536365509,0.715,0.000662751670461148,0.034872230142354965,0.03683028370141983
0,4,911,2021-12-11,06047,0.002801663,0.002831833902746439,0.375,0.0003490141243673861,0.0027678729966282845,0.003880897769704461
0,4,915,2021-12-11,06061,0.011089974,0.011198590509593487,0.455,0.0012775009963661432,0.010845537297427654,0.014347530901432037
0,4,922,2021-12-11,06085,0.0016956169,0.0017836283659562469,0.36,0.0006351630436256528,0.001510372618213296,0.003494174685329199
0,4,925,2021-12-11,06093,0.030904254,0.0309220552444458,0.165,7.103652751538903e-05,0.030895212665200233,0.031119557097554207
0,4,927,2021-12-11,06097,0.004123027,0.004191335290670395,0.37,0.00038114184280857444,0.0040876902639865875,0.005289665423333645
0,4,932,2021-12-11,06109,0.015082237,0.01512040477246046,0.47,0.0006944950437173247,0.01485501229763031,0.016918890178203583
0,4,940,2021-12-11,08014,0.004778091,0.00481137540191412,0.24,5.6615543144289404e-05,0.004765599966049194,0.004928039852529764
0,4,948,2021-12-11,08035,0.0034633302,0.003437560051679611,0.57,0.00011757168977055699,0.003345553996041417,0.0037063048221170902
0,4,951,2021-12-11,08043,0.014140709,0.014141976833343506,0.47,1.1982565411017276e-05,0.014118584804236889,0.014150400646030903
0,4,953,2021-12-11,08047,0.011583952,0.011532967910170555,0.64,6.093479896662757e-05,0.011463903822004795,0.011648649349808693
0,4,957,2021-12-11,08067,0.0065106074,0.006478931754827499,0.67,4.591361721395515e-05,0.006411850918084383,0.006536968983709812
0,4,959,2021-12-11,08073,0.010808387,0.009456539526581764,0.645,0.0025299154222011566,0.00799502246081829,0.015537370927631855
0,4,960,2021-12-11,08075,0.008589205,0.00858929194509983,0.475,1.1200764902241644e-06,0.00858647096902132,0.008592354133725166
0,4,962,2021-12-11,08079,0.011984199,0.011984763666987419,0.495,4.4495962356450036e-05,0.011964664794504642,0.012085135094821453
0,4,980,2021-12-11,16011,0.005083514,0.005109040066599846,0.33,0.00017129682237282395,0.005064200144261122,0.005565894301980734
0,4,992,2021-12-11,17029,0.0187825,0.018712323158979416,0.62,0.000218744738958776,0.018211793154478073,0.018934525549411774
0,4,994,2021-12-11,17043,0.009840039,0.012920708395540714,0.0,0.007266226224601269,0.009854009374976158,0.03134152293205261
0,4,996,2021-12-11,17049,0.003351846,0.003001642879098654,0.735,0.00037055506254546344,0.0027419107500463724,0.004003761801868677
0,4,1001,2021-12-11,17071,0.09225686,0.09174651652574539,0.66,0.001686355797573924,0.08759979158639908,0.09288689494132996
0,4,1003,2021-12-11,17077,0.0047268234,0.004501769319176674,0.895,0.00011316694144625217,0.004415466450154781,0.0047799707390367985
0,4,1008,2021-12-11,17097,0.021820534,0.0198698528110981,0.55,0.013559442944824696,0.01264746394008398,0.05293518304824829
0,4,1012,2021-12-11,17105,0.009161233,0.010388556867837906,0.27,0.0027032617945224047,0.00838298350572586,0.016718652099370956
0,4,1023,2021-12-11,17149,0.0046209753,0.004839668050408363,0.41,0.0010146057466045022,0.004063252359628677,0.0075568826869130135
0,4,1032,2021-12-11,17201,0.01070577,0.016295529901981354,0.005,0.011355447582900524,0.010619326494634151,0.04502930864691734
0,4,1037,2021-12-11,18015,0.009606724,0.009678218513727188,0.105,0.0007717955159023404,0.009584588930010796,0.01196451298892498
0,4,1038,2021-12-11,18017,0.013007291,0.01423114724457264,0.19,0.002593393437564373,0.012359113432466984,0.020923057571053505
0,4,1042,2021-12-11,18029,0.010016539,0.008104456588625908,0.735,0.0016215213108807802,0.0068131363950669765,0.011769345961511135
0,4,1043,2021-12-11,18033,0.01548876,0.013532028533518314,0.645,0.0049073523841798306,0.010778715834021568,0.02704559825360775
0,4,1051,2021-12-11,18073,0.011581876,0.01161446887999773,0.495,0.003093524370342493,0.009843466803431511,0.01938389614224434
0,4,1053,2021-12-11,18081,0.0067825075,0.00701744994148612,0.285,0.0007707783370278776,0.006666760426014662,0.009006359614431858
0,4,1054,2021-12-11,18083,0.0035579617,0.0035040988586843014,0.55,0.00046067513176240027,0.0032249141950160265,0.004629896488040686
0,4,1065,2021-12-11,18119,0.018279716,0.01953469216823578,0.145,0.0007091466104611754,0.01796279475092888,0.020109517499804497
0,4,1067,2021-12-11,18127,0.0157517,0.013781622983515263,0.7,0.002616827143356204,0.013455790467560291,0.02132810838520527
0,4,1070,2021-12-11,18137,0.007227779,0.004907210357487202,0.845,0.0011896786745637655,0.0041993060149252415,0.007910633459687233
0,4,1078,2021-12-11,18179,0.016359717,0.017155401408672333,0.375,0.003176403231918812,0.014982087537646294,0.025555744767189026
0,4,1080,2021-12-11,18183,0.0143613145,0.012949367985129356,0.64,0.0031435771379619837,0.0114591708406806,0.021713178604841232
0,4,1081,2021-12-11,19001,0.033336263,0.040134139358997345,0.01,0.007621159311383963,0.03285085782408714,0.05720832943916321
0,4,1087,2021-12-11,19013,0.028979383,0.03232613205909729,0.375,0.01241868082433939,0.024168025702238083,0.059429243206977844
0,4,1091,2021-12-11,19021,0.016509468,0.018186505883932114,0.335,0.0054285540245473385,0.014771667309105396,0.032177142798900604
0,4,1092,2021-12-11,19023,0.057301838,0.05741790682077408,0.125,0.0014639333821833134,0.05726009979844093,0.06162136048078537
0,4,1098,2021-12-11,19035,0.0109276995,0.014457392506301403,0.155,0.00496238237246871,0.010190565139055252,0.02519840933382511
0,4,1103,2021-12-11,19045,0.016416736,0.021607249975204468,0.14,0.010605394840240479,0.014988821931183338,0.0468553751707077
0,4,1109,2021-12-11,19057,0.012257617,0.013497766107320786,0.395,0.006921668071299791,0.009332573972642422,0.029368478804826736
0,4,1118,2021-12-11,19077,0.06638225,0.06142396479845047,0.91,0.005672763101756573,0.050977956503629684,0.06737309694290161
0,4,1120,2021-12-11,19081,0.01582478,0.015888942405581474,0.46,0.004383647348731756,0.01551848091185093,0.028942668810486794
0,4,1123,2021-12-11,19089,0.17821799,0.17289263010025024,0.975,0.01109349261969328,0.14533193409442902,0.1787784993648529
0,4,1124,2021-12-11,19091,0.032966617,0.03559878095984459,0.335,0.002566550625488162,0.03132014721632004,0.03834711015224457
0,4,1126,2021-12-11,19097,0.017025823,0.0228470079600811,0.01,0.010650573298335075,0.01658528670668602,0.049746088683605194
0,4,1129,2021-12-11,19103,0.014330174,0.019336935132741928,0.04,0.01113762054592371,0.013986111618578434,0.04634055867791176
0,4,1131,2021-12-11,19109,0.020174723,0.01748417690396309,0.625,0.006205058190971613,0.01363033801317215,0.03219406679272652
0,4,1132,2021-12-11,19111,0.017265005,0.010796994902193546,0.75,0.005399417132139206,0.008143569342792034,0.024783819913864136
0,4,1146,2021-12-11,19141,0.015967894,0.01632285863161087,0.38,0.0005998286651447415,0.015135795809328556,0.01717798411846161
0,4,1151,2021-12-11,19151,0.023143426,0.01608404889702797,0.73,0.006529162172228098,0.013427316211163998,0.032724421471357346
0,4,1156,2021-12-11,19161,0.036920298,0.03536185622215271,0.665,0.0028672676999121904,0.0340663380920887,0.0428471602499485
0,4,1160,2021-12-11,19169,0.056951467,0.039230577647686005,0.7,0.015243438072502613,0.028673341497778893,0.07087265700101852
0,4,1193,2021-12-11,20055,0.013781739,0.013464322313666344,0.615,0.0006604683003388345,0.01298194844275713,0.014900194481015205
0,4,1198,2021-12-11,20069,0.017245444,0.0175758209079504,0.195,0.0006265804404392838,0.017141172662377357,0.0188895296305418
0,4,1199,2021-12-11,20071,0.109899394,0.11126908659934998,0.475,0.00598997063934803,0.10087598115205765,0.11786996573209763
0,4,1201,2021-12-11,20075,0.013337511,0.013547219336032867,0.445,0.0017341458005830646,0.012354379519820213,0.01827940344810486
0,4,1203,2021-12-11,20083,0.043673206,0.04339127987623215,0.625,0.0005294676520861685,0.042652059346437454,0.04420474171638489
0,4,1211,2021-12-11,20109,0.02253093,0.022527486085891724,0.54,0.00012519469601102173,0.022483432665467262,0.022841013967990875
0,4,1212,2021-12-11,20111,0.015746122,0.014854752458631992,0.59,0.0019883017521351576,0.01282271184027195,0.018841804936528206
0,4,1217,2021-12-11,20123,0.03911423,0.043883636593818665,0.275,0.006327088922262192,0.03587891906499863,0.05474699288606644
0,4,1221,2021-12-11,20131,0.039609198,0.044659338891506195,0.22,0.008217294700443745,0.035881903022527695,0.06007295474410057
0,4,1222,2021-12-11,20133,0.0057595763,0.007092146668583155,0.075,0.0015294385375455022,0.0054416656494140625,0.010665533132851124
0,4,1224,2021-12-11,20137,0.02026326,0.020083433017134666,0.56,0.0011442536488175392,0.019130658358335495,0.022762631997466087
0,4,1227,2021-12-11,20147,0.026766445,0.02633349597454071,0.55,0.0024962197057902813,0.02464066632091999,0.03193412721157074
0,4,1228,2021-12-11,20149,0.03175964,0.03236610069870949,0.27,0.002208468271419406,0.03164542838931084,0.037674423307180405
0,4,1241,2021-12-11,20177,0.03157483,0.027428429573774338,0.97,0.004088039509952068,0.020047444850206375,0.03205803781747818
0,4,1246,2021-12-11,20191,0.026826145,0.021803617477416992,0.815,0.00353615521453321,0.018139854073524475,0.029840340837836266
0,4,1253,2021-12-11,20205,0.0072551523,0.008755698800086975,0.01,0.0014989208430051804,0.0071380953304469585,0.0117019172757864
0,4,1260,2021-12-11,21031,0.023274492,0.023023154586553574,0.735,0.0002626086352393031,0.022834360599517822,0.023709282279014587
0,4,1261,2021-12-11,21033,0.06596069,0.06576710939407349,0.695,0.00036288125556893647,0.06505953520536423,0.06614292412996292
0,4,1262,2021-12-11,21045,0.0076172804,0.00762246223166585,0.495,0.0005128580378368497,0.007195861078798771,0.008894688449800014
0,4,1264,2021-12-11,21049,0.0033114997,0.004013444297015667,0.135,0.0013799743028357625,0.0031498409807682037,0.0073228091932833195
0,4,1273,2021-12-11,21125,0.0044581196,0.004385678097605705,0.535,0.0006348392344079912,0.003891924163326621,0.005969035439193249
0,4,1281,2021-12-11,21153,0.0071518673,0.0064650364220142365,0.625,0.0018381263362243772,0.005333703476935625,0.0111838448792696
0,4,1285,2021-12-11,21171,0.0074487715,0.007477664388716221,0.395,0.00011928557796636596,0.0074056824669241905,0.007775924168527126
0,4,1295,2021-12-11,21211,0.0023089715,0.002611730247735977,0.265,0.0006948790978640318,0.002105619525536895,0.004323989152908325
0,4,1296,2021-12-11,21215,0.026387597,0.02570502460002899,0.81,0.001082303817383945,0.023289445787668228,0.026689717546105385
0,4,1301,2021-12-11,21237,0.008203587,0.006113564595580101,0.76,0.002017967402935028,0.004920476116240025,0.011460335925221443
0,4,1303,2021-12-11,22017,0.0021897648,0.002122205216437578,0.93,3.83356491511222e-05,0.002074651885777712,0.002193459775298834
0,4,1308,2021-12-11,23029,0.016359955,0.006453036330640316,0.985,0.003911731299012899,0.004904201719909906,0.016459593549370766
0,4,1310,2021-12-11,25003,0.016940773,0.008203776553273201,0.955,0.0036118614953011274,0.006037896499037743,0.017182400450110435
0,4,1313,2021-12-11,25027,0.020971186,0.009417541325092316,0.975,0.0047126165591180325,0.006834066938608885,0.021152302622795105
0,4,1319,2021-12-11,26015,0.012733695,0.012353630736470222,0.71,0.0017333809519186616,0.011935633607208729,0.01756834052503109
0,4,1320,2021-12-11,26017,0.019612847,0.01907968521118164,0.74,0.005412651691585779,0.017203496769070625,0.03509934991598129
0,4,1321,2021-12-11,26019,0.0289244,0.04133147373795509,0.215,0.009408609941601753,0.026401152834296227,0.05253219977021217
0,4,1323,2021-12-11,26025,0.007914388,0.005530474707484245,0.71,0.0035551972687244415,0.0051818788051605225,0.015808045864105225
0,4,1332,2021-12-11,26049,0.008143086,0.005989818833768368,0.7,0.004387602210044861,0.005309071391820908,0.017796121537685394
0,4,1337,2021-12-11,26061,0.016601045,0.006332487799227238,0.945,0.00398650486022234,0.005687478464096785,0.016831548884510994
0,4,1341,2021-12-11,26073,0.04818425,0.02085023745894432,0.845,0.012842747382819653,0.016898320987820625,0.05230012163519859
0,4,1343,2021-12-11,26077,0.006832138,0.006004980765283108,0.695,0.0016146317357197404,0.0058982642367482185,0.011124655604362488
0,4,1356,2021-12-11,26109,0.05783444,0.04632939398288727,0.905,0.004686838947236538,0.04565195366740227,0.060338329523801804
0,4,1371,2021-12-11,26145,0.010820774,0.011047521606087685,0.45,0.0031906452495604753,0.00900767557322979,0.020234880968928337
0,4,1372,2021-12-11,26147,0.046631344,0.05407067760825157,0.155,0.003729440039023757,0.044504981487989426,0.055855534970760345
0,4,1373,2021-12-11,26149,0.011117962,0.011281535029411316,0.415,0.0021323198452591896,0.010816172696650028,0.017994917929172516
0,4,1374,2021-12-11,26151,0.072142646,0.08033914864063263,0.185,0.005796554032713175,0.0661432296037674,0.08451572805643082
0,4,1377,2021-12-11,26159,0.02684872,0.032195381820201874,0.155,0.0026508208829909563,0.02558213472366333,0.03371845930814743
0,4,1381,2021-12-11,27013,0.019192059,0.014811907894909382,0.7,0.006401439663022757,0.012845081277191639,0.03269566595554352
0,4,1387,2021-12-11,27039,0.074462615,0.071223184466362,0.975,0.002796625252813101,0.06680115312337875,0.07463573664426804
0,4,1388,2021-12-11,27041,0.0032812369,0.003403504379093647,0.4,0.0005373185267671943,0.003020948264747858,0.0045867557637393475
0,4,1390,2021-12-11,27045,0.021046061,0.02828238159418106,0.035,0.014614756219089031,0.020428096875548363,0.060566261410713196
0,4,1400,2021-12-11,27091,0.02525042,0.0178496316075325,0.705,0.007453567814081907,0.01431257650256157,0.03609101101756096
0,4,1406,2021-12-11,27109,0.007453554,0.012487798929214478,0.025,0.013505302369594574,0.007235612254589796,0.046533409506082535
0,4,1409,2021-12-11,27127,0.018788852,0.019992481917142868,0.33,0.001531936344690621,0.01640361361205578,0.02100474387407303
0,4,1416,2021-12-11,27145,0.007938395,0.007831950671970844,0.52,0.0011960564879700541,0.0072545879520475864,0.010833190754055977
0,4,1427,2021-12-11,29007,0.004798974,0.0037982468493282795,0.8,0.000816275249235332,0.003294691676273942,0.0061483620665967464
0,4,1428,2021-12-11,29009,0.0023309689,0.0021993923000991344,0.735,0.00012603319191839546,0.0020911330357193947,0.0024987836368381977
0,4,1431,2021-12-11,29025,0.021999115,0.023047765716910362,0.38,0.0057241725735366344,0.018252819776535034,0.03598594292998314
0,4,1432,2021-12-11,29027,0.00559675,0.004092976450920105,0.89,0.00071164988912642,0.0035724793560802937,0.005936543922871351
0,4,1434,2021-12-11,29031,0.003436778,0.0035155375953763723,0.295,0.0002216579596279189,0.0033461947459727526,0.00402792589738965
0,4,1437,2021-12-11,29047,0.014608834,0.01880422607064247,0.045,0.005393740721046925,0.014055143110454082,0.030611298978328705
0,4,1439,2021-12-11,29051,0.0029572072,0.0027826111763715744,0.635,0.00039296012255363166,0.0023757037706673145,0.0035973615013062954
0,4,1440,2021-12-11,29061,0.017310366,0.017462801188230515,0.42,0.0012117214500904083,0.016804244369268417,0.02092839777469635
0,4,1451,2021-12-11,29087,0.0640721,0.05797242373228073,0.93,0.0058184340596199036,0.04751439020037651,0.06515027582645416
0,4,1457,2021-12-11,29115,0.014334629,0.013807539828121662,0.55,0.003334816312417388,0.01166472863405943,0.02167336642742157
0,4,1460,2021-12-11,29125,0.027295744,0.02731284685432911,0.24,1.7091972040361725e-05,0.027275951579213142,0.02733501046895981
0,4,1463,2021-12-11,29139,0.0037239292,0.003107928205281496,0.76,0.0005146380863152444,0.002657243050634861,0.0043495153076946735
0,4,1485,2021-12-11,29225,0.0022707281,0.002312509110197425,0.39,0.0001219907499034889,0.002199986483901739,0.0025833058170974255
0,4,1486,2021-12-11,29227,0.08278761,0.08019473403692245,0.905,0.0027537879068404436,0.07495135813951492,0.08319110423326492
0,4,1492,2021-12-11,30107,0.0008949661,0.0008911549812182784,0.78,3.5161147025064565e-06,0.000886112276930362,0.0008997147087939084
0,4,1494,2021-12-11,32007,0.0021096326,0.0024040467105805874,0.26,0.0007619625539518893,0.0019471647683531046,0.0042615048587322235
0,4,1504,2021-12-11,35017,0.0010315044,0.0010321817826479673,0.47,1.7120659322245046e-05,0.0010210092877969146,0.0010704871965572238
0,4,1509,2021-12-11,35031,0.0088070575,0.00907693337649107,0.345,0.0008416297496296465,0.008512549102306366,0.010850331746041775
0,4,1514,2021-12-11,35047,0.015341607,0.015341266989707947,0.5,0.0010534807806834579,0.014725705608725548,0.01781882904469967
0,4,1519,2021-12-11,35061,0.0015078872,0.001545734005048871,0.185,7.202523556770757e-05,0.001498511410318315,0.0017145383171737194
0,4,1522,2021-12-11,36009,0.030593157,0.014693597331643105,0.885,0.007411241997033358,0.010005897842347622,0.03266110271215439
0,4,1525,2021-12-11,36019,0.021394156,0.032218240201473236,0.125,0.007010129280388355,0.020969415083527565,0.03980020061135292
0,4,1531,2021-12-11,36035,0.024378901,0.023385219275951385,0.77,0.001380282104946673,0.022681063041090965,0.02767067216336727
0,4,1532,2021-12-11,36037,0.050347712,0.07174491137266159,0.165,0.011202172376215458,0.04601403325796127,0.079827681183815
0,4,1539,2021-12-11,36053,0.020906622,0.02417280524969101,0.02,0.0014238790608942509,0.020887183025479317,0.025075586512684822
0,4,1540,2021-12-11,36055,0.01035278,0.013361847959458828,0.16,0.009547877125442028,0.009824478067457676,0.03829431161284447
0,4,1560,2021-12-11,36117,0.017661503,0.031021367758512497,0.06,0.0065035130828619,0.017599022015929222,0.03562792390584946
0,4,1568,2021-12-11,37157,0.002901475,0.0029261987656354904,0.39,4.4241493014851585e-05,0.002873513614758849,0.0029981196857988834
0,4,1573,2021-12-11,39033,0.014657687,0.0149371437728405,0.445,0.002620105631649494,0.013199745677411556,0.02161659672856331
0,4,1583,2021-12-11,39065,0.020042764,0.020045556128025055,0.5,0.0013358211144804955,0.019529426470398903,0.023886632174253464
0,4,1589,2021-12-11,39095,0.013562639,0.015918739140033722,0.125,0.005635226145386696,0.01295248232781887,0.029768386855721474
0,4,1593,2021-12-11,39123,0.027195636,0.02776109054684639,0.35,0.0025825263001024723,0.026373982429504395,0.034137945622205734
0,4,1594,2021-12-11,39125,0.021430759,0.02174593135714531,0.44,0.0028022651094943285,0.020082900300621986,0.028724130243062973
0,4,1600,2021-12-11,39155,0.012884256,0.0069415573962032795,0.9,0.002629839815199375,0.005169281270354986,0.01362254936248064
0,4,1612,2021-12-11,40073,0.018055921,0.016903530806303024,0.62,0.002405274659395218,0.01439965795725584,0.022105664014816284
0,4,1617,2021-12-11,40151,0.0269935,0.03239239752292633,0.025,0.004395028576254845,0.02633639983832836,0.04061320796608925
0,4,1620,2021-12-11,41015,0.02743395,0.025915754958987236,0.63,0.0028258697129786015,0.023868130519986153,0.03202146664261818
0,4,1626,2021-12-11,42065,0.009426433,0.008206615224480629,0.71,0.0015260253567248583,0.008004235103726387,0.012577415443956852
0,4,1628,2021-12-11,42129,0.006757287,0.007472473196685314,0.4,0.0034163815435022116,0.005511778872460127,0.01522591058164835
0,4,1636,2021-12-11,46009,0.010527832,0.010820964351296425,0.155,0.0006442990270443261,0.010425133630633354,0.012376847676932812
0,4,1638,2021-12-11,46013,0.0016678689,0.0016242709243670106,0.6,0.00012819195399060845,0.0015187157550826669,0.0019166063284501433
0,4,1639,2021-12-11,46015,0.004405034,0.00443462748080492,0.23,8.080110274022445e-05,0.004362931475043297,0.00461124163120985
0,4,1645,2021-12-11,46033,0.0015902185,0.0015906584449112415,0.435,2.9579066449514357e-06,0.001585808931849897,0.0015958580188453197
0,4,1648,2021-12-11,46039,0.0036975,0.0037004444748163223,0.5,0.0006092606927268207,0.003251102287322283,0.00515941996127367
0,4,1653,2021-12-11,46049,0.0014338623,0.001410939497873187,0.57,7.27413862477988e-05,0.0013387197395786643,0.0015521999448537827
0,4,1658,2021-12-11,46059,0.0016273725,0.0016485523665323853,0.235,4.437096868059598e-05,0.0016120343934744596,0.0017411966109648347
0,4,1669,2021-12-11,46081,0.0034232626,0.002337102312594652,0.74,0.000989230233244598,0.0018494758987799287,0.005010747350752354
0,4,1670,2021-12-11,46083,0.0097153215,0.00942612998187542,0.585,0.0008914688369259238,0.008850355632603168,0.01172035001218319
0,4,1672,2021-12-11,46087,0.0072175106,0.007261662743985653,0.425,0.00044994597556069493,0.006956090684980154,0.008300846442580223
0,4,1677,2021-12-11,46097,0.0048053325,0.0049330098554492,0.105,0.00018395946244709194,0.004778498783707619,0.005314363166689873
0,4,1685,2021-12-11,46117,0.0012743723,0.0012671987060457468,0.69,5.799898644909263e-06,0.0012650641147047281,0.001281124772503972
0,4,1691,2021-12-11,46135,0.010683737,0.010661371052265167,0.525,0.0005861658719368279,0.010266691446304321,0.011965437792241573
0,4,1695,2021-12-11,47021,0.008044685,0.008004935458302498,0.535,0.00037547643296420574,0.007590159308165312,0.008926882408559322
0,4,1706,2021-12-11,47065,0.0026250093,0.002641505328938365,0.48,0.00038230360951274633,0.002423287136480212,0.003565613180398941
0,4,1707,2021-12-11,47077,0.0075898604,0.007681654766201973,0.075,5.093981235404499e-05,0.007581633981317282,0.007747849449515343
0,4,1717,2021-12-11,47115,0.0040655355,0.0036537721753120422,0.735,0.00039340785588137805,0.0033278600312769413,0.004606120754033327
0,4,1721,2021-12-11,47131,0.042336993,0.04253295809030533,0.285,0.00017201258742716163,0.04216157644987106,0.04269570857286453
0,4,1723,2021-12-11,47137,0.005264086,0.00509220827370882,0.59,0.0006278323708102107,0.004542827140539885,0.0065752314403653145
0,4,1731,2021-12-11,47165,0.017944,0.017840992659330368,0.71,0.00014872521569486707,0.017577068880200386,0.018057139590382576
0,4,1732,2021-12-11,47187,0.0055472306,0.0057871658354997635,0.3,0.0004525454714894295,0.005189643707126379,0.006818422116339207
0,4,1735,2021-12-11,48045,0.004516667,0.0047615328803658485,0.105,0.000326592184137553,0.004448918160051107,0.00545985484495759
0,4,1737,2021-12-11,48069,0.004723622,0.0046675605699419975,0.58,0.0002239600580651313,0.004496924113482237,0.005182769149541855
0,4,1747,2021-12-11,48341,0.017450908,0.0174388587474823,0.92,1.0982806998072192e-05,0.01741800084710121,0.017453761771321297
0,4,1758,2021-12-11,49019,0.010599803,0.010232528671622276,0.795,0.0004952142480760813,0.009350302629172802,0.010767183266580105
0,4,1759,2021-12-11,49021,0.0036093427,0.003948625177145004,0.25,0.0008319778717122972,0.0034252582117915154,0.005877287592738867
0,4,1765,2021-12-11,49053,0.0066296114,0.007041511125862598,0.225,0.0008294422877952456,0.006505555473268032,0.009125100448727608
0,4,1775,2021-12-11,50019,0.031769536,0.018129762262105942,0.95,0.005002808291465044,0.017304860055446625,0.03231583535671234
0,4,1776,2021-12-11,50021,0.022437314,0.012356002815067768,0.815,0.005514058284461498,0.008974894881248474,0.025315873324871063
0,4,1780,2021-12-11,51105,0.0112820435,0.01112879067659378,0.69,0.00039370302692987025,0.010184830985963345,0.011481894180178642
0,4,1789,2021-12-11,54059,0.0072024,0.00746338814496994,0.385,0.0012197437463328242,0.006701213773339987,0.010483924299478531
0,4,1794,2021-12-11,55011,0.010040096,0.010582100600004196,0.035,0.007079191505908966,0.009978841990232468,0.030527237802743912
0,4,1800,2021-12-11,55025,0.01638554,0.022210948169231415,0.015,0.011722189374268055,0.016263725236058235,0.04961755499243736
0,4,1801,2021-12-11,55027,0.019436587,0.021977242082357407,0.415,0.013352659530937672,0.015183161944150925,0.05346348136663437
0,4,1808,2021-12-11,55047,0.023473606,0.02653239294886589,0.35,0.013253198936581612,0.020287318155169487,0.058112937957048416
0,4,1812,2021-12-11,55057,0.0667413,0.029849950224161148,0.87,0.017012016847729683,0.022262996062636375,0.07012958824634552
0,4,1816,2021-12-11,55067,0.040655654,0.03942615166306496,0.67,0.004262775648385286,0.030182696878910065,0.043759286403656006
0,4,1819,2021-12-11,55077,0.05130803,0.03008008375763893,0.785,0.01136800553649664,0.026082295924425125,0.0557781420648098
0,4,1831,2021-12-11,55105,0.013568352,0.021719127893447876,0.02,0.014287090860307217,0.01318296417593956,0.05275055766105652
0,4,1832,2021-12-11,55111,0.021060757,0.024698838591575623,0.225,0.013368718326091766,0.019222475588321686,0.0569084957242012
0,4,1841,2021-12-11,55139,0.020013796,0.023946331813931465,0.12,0.00969063863158226,0.019354959949851036,0.04695815593004227
0,4,1847,2021-12-11,56011,0.0027633249,0.0027028073091059923,0.555,0.0004055114113725722,0.0025543752126395702,0.003768840804696083
0,4,1856,2022-06-08,01003,0.004125846,0.004069783724844456,0.95,3.064423071919009e-05,0.004032779950648546,0.004126514308154583
0,4,1858,2022-06-08,01025,0.0023500847,0.002313467673957348,0.995,1.679157321632374e-05,0.002295049373060465,0.0023501201067119837
0,4,1869,2022-06-08,05043,0.02753654,0.027535095810890198,0.965,6.575561997124169e-07,0.0275335144251585,0.027536971494555473
0,4,1871,2022-06-08,05079,0.0018595854,0.0018582928460091352,0.71,2.6215454909106484e-06,0.0018505812622606754,0.0018612804124131799
0,4,1880,2022-06-08,06061,0.0040898914,0.004116981290280819,0.315,5.605964906862937e-05,0.004057265352457762,0.004240087233483791
0,4,1891,2022-06-08,12009,0.006795011,0.0067219301126897335,0.725,6.91493769409135e-05,0.006643091328442097,0.0068578897044062614
0,4,1895,2022-06-08,12033,0.004445242,0.004383235238492489,0.92,3.170935087837279e-05,0.004349423572421074,0.004447263665497303
0,4,1902,2022-06-08,13121,0.0020672434,0.0020671593956649303,0.535,1.35554694224993e-06,0.002064888598397374,0.002070654882118106
0,4,1908,2022-06-08,17043,0.0017643601,0.0017933750059455633,0.0,2.228284938610159e-05,0.001765131950378418,0.0018392550991848111
0,4,1910,2022-06-08,17097,0.0019343616,0.0019369430374354124,0.45,3.5098244552500546e-05,0.0018962956964969635,0.0020116562955081463
0,4,1917,2022-06-08,18029,0.003376492,0.0033008556347340345,0.77,5.905861689825542e-05,0.00321172084659338,0.0034066634252667427
0,4,1923,2022-06-08,18137,0.0030391396,0.002921088133007288,0.86,7.595960778417066e-05,0.0028120269998908043,0.003046469297260046
0,4,1926,2022-06-08,19001,0.0039943005,0.0040298644453287125,0.175,3.361704875715077e-05,0.00394298043102026,0.004068251233547926
0,4,1936,2022-06-08,21063,0.004492712,0.0044784024357795715,0.775,1.2199530829093419e-05,0.0044678314588963985,0.004508514888584614
0,4,1939,2022-06-08,21237,0.00198969,0.0019555678591132164,0.745,3.137145540677011e-05,0.0019209583988413215,0.0020188072230666876
0,4,1943,2022-06-08,22069,0.007585515,0.007573618553578854,0.995,7.913210538390558e-06,0.007559728808701038,0.007585520390421152
0,4,1948,2022-06-08,24009,0.0028696875,0.002866169437766075,0.87,3.1956819839251693e-06,0.002859159605577588,0.002870656084269285
0,4,1951,2022-06-08,24027,0.002600578,0.0026059651281684637,0.29,1.0413162272016052e-05,0.0025939594488590956,0.00262822094373405
0,4,1956,2022-06-08,26159,0.002006525,0.001985015347599983,0.865,1.2516104106907733e-05,0.0019694315269589424,0.0020096853841096163
0,4,1959,2022-06-08,27113,0.0021200492,0.002082782331854105,0.585,0.0001510600559413433,0.0019357913406565785,0.002396239433437586
0,4,1960,2022-06-08,28011,0.008801644,0.008801799267530441,0.035,2.8914180916217447e-07,0.008801610209047794,0.008802715688943863
0,4,1967,2022-06-08,28067,0.008439046,0.008444605395197868,0.005,2.909955128416186e-06,0.008439011871814728,0.00844732765108347
0,4,1974,2022-06-08,28147,0.01627555,0.01626281812787056,0.95,6.4098971961357165e-06,0.01625390164554119,0.016276217997074127
0,4,1976,2022-06-08,28151,0.010569373,0.010570714250206947,0.335,2.0083134586457163e-06,0.010564933530986309,0.010573512874543667
0,4,1983,2022-06-08,29047,0.03785023,0.037850283086299896,0.49,6.620427029702114e-06,0.03783944249153137,0.037862781435251236
0,4,1985,2022-06-08,29053,0.004925011,0.004937372170388699,0.025,4.467426606424851e-06,0.004924402572214603,0.004943649750202894
0,4,1988,2022-06-08,29087,0.0053812712,0.005357232876121998,0.71,3.496216959320009e-05,0.0053014131262898445,0.005431195255368948
0,4,1992,2022-06-08,29125,0.024412923,0.024412110447883606,0.615,2.031325493589975e-06,0.024406922981142998,0.02441508136689663
0,4,1994,2022-06-08,29139,0.0046609165,0.004642060026526451,0.745,1.5498002539970912e-05,0.004621407948434353,0.004669799469411373
0,4,1996,2022-06-08,29161,0.004668314,0.004666951484978199,0.65,6.036249487806344e-06,0.0046503194607794285,0.004677894990891218
0,4,2000,2022-06-08,29225,0.0017546641,0.0017669881926849484,0.21,1.2297454304643907e-05,0.0017370928544551134,0.0017809404525905848
0,4,2001,2022-06-08,30003,0.053483557,0.05349229276180267,0.165,9.731181307870429e-06,0.05347919836640358,0.053511109203100204
0,4,2006,2022-06-08,32007,0.0008193125,0.0008235478890128434,0.33,9.935010893968865e-06,0.0008139388519339263,0.0008450843743048608
0,4,2011,2022-06-08,32021,0.012297743,0.012298066169023514,0.25,4.534251445420523e-07,0.012297463603317738,0.01229897141456604
0,4,2012,2022-06-08,32027,0.0014482978,0.0014687047805637121,0.115,1.9277780666016042e-05,0.001443231012672186,0.0015058250864967704
0,4,2019,2022-06-08,34029,0.003774247,0.003495318815112114,0.955,0.00013619301898870617,0.003338080830872059,0.0037927848752588034
0,4,2023,2022-06-08,35031,0.00061726087,0.0006192390574142337,0.37,4.154615908191772e-06,0.0006148209795355797,0.0006276174681261182
0,4,2026,2022-06-08,35047,0.0053154747,0.0053205303847789764,0.36,1.773614167177584e-05,0.0053047435358166695,0.005356894340366125
0,4,2027,2022-06-08,35051,0.0011940819,0.0011951187625527382,0.185,1.411136622664344e-06,0.0011936492519453168,0.0011978026013821363
0,4,2031,2022-06-08,37013,0.0025266856,0.0025208136066794395,0.825,6.341321295622038e-06,0.002507544122636318,0.00253460556268692
0,4,2032,2022-06-08,37023,0.0013710847,0.0013717524707317352,0.475,6.061648946342757e-06,0.001363507006317377,0.0013812313554808497
0,4,2034,2022-06-08,37051,0.0030464446,0.0030024638399481773,0.835,2.3993443392100744e-05,0.002985121216624975,0.003053205320611596
0,4,2040,2022-06-08,37125,0.0037898058,0.0037591378204524517,0.985,1.6277794202324003e-05,0.0037424731999635696,0.0037904977798461914
0,4,2048,2022-06-08,39001,0.0153341135,0.015347469598054886,0.32,1.3562996173277497e-05,0.015326135791838169,0.01537123043090105
0,4,2055,2022-06-08,39025,0.016023723,0.016022756695747375,0.645,2.139558773706085e-06,0.016020046547055244,0.01602836698293686
0,4,2061,2022-06-08,39053,0.0020251072,0.001996014267206192,0.785,2.6153711587539874e-05,0.0019660259131342173,0.00205384218133986
0,4,2063,2022-06-08,39059,0.0018563766,0.0018496336415410042,0.545,2.5632754841353744e-05,0.0018212130526080728,0.001901478972285986
0,4,2070,2022-06-08,39107,0.001630461,0.0016468486282974482,0.055,1.8285829355590977e-05,0.0016258431132882833,0.0016848264494910836
0,4,2084,2022-06-08,40021,0.0025085737,0.0025039666797965765,0.605,1.9567251001717523e-05,0.0024748274590820074,0.002542066155001521
0,4,2086,2022-06-08,40039,0.022702131,0.022703755646944046,0.115,2.6812422220245935e-06,0.02270086109638214,0.022711340337991714
0,4,2088,2022-06-08,40057,0.0025788832,0.002591741504147649,0.285,2.8833863325417042e-05,0.0025581098161637783,0.0026511133182793856
0,4,2095,2022-06-08,40107,0.0118159065,0.011914079077541828,0.21,5.9902620705543086e-05,0.011781927198171616,0.011964863166213036
0,4,2100,2022-06-08,40135,0.0024142268,0.0024129312951117754,0.51,1.9572960809455253e-05,0.0023891893215477467,0.0024510473012924194
0,4,2105,2022-06-08,41059,0.0021807598,0.002189457416534424,0.425,4.93953593831975e-05,0.002146380487829447,0.0023061505053192377
0,4,2112,2022-06-08,45035,0.0030134083,0.0030583974439650774,0.095,2.9174727387726307e-05,0.0030086280312389135,0.0031101652421057224
0,4,2117,2022-06-08,46013,0.0023004569,0.0022994414903223515,0.51,4.5169640543463174e-06,0.00229434110224247,0.0023079633247107267
0,4,2118,2022-06-08,46015,0.0022545713,0.002234038198366761,0.825,2.1148658561287448e-05,0.002186277648434043,0.0022753924131393433
0,4,2123,2022-06-08,46033,0.0024104347,0.002410717075690627,0.48,5.314760528563056e-06,0.0023991146590560675,0.002422894351184368
0,4,2127,2022-06-08,46049,0.004081451,0.0040831188671290874,0.435,8.238065674959216e-06,0.0040644388645887375,0.004094280768185854
0,4,2130,2022-06-08,46059,0.0029230816,0.0029128878377377987,0.81,1.4655577615485527e-05,0.002872308949008584,0.0029407450929284096
0,4,2138,2022-06-08,46081,0.0019534058,0.001961094792932272,0.425,2.7708252673619427e-05,0.0019178926013410091,0.0020142190624028444
0,4,2147,2022-06-08,46117,0.0023210535,0.0023226107005029917,0.355,1.3244750334706623e-05,0.0022927767131477594,0.0023478635121136904
0,4,2152,2022-06-08,48011,0.002840292,0.002834825310856104,0.675,1.297624476137571e-05,0.0028014536947011948,0.0028487429954111576
0,4,2153,2022-06-08,48045,0.03119145,0.031195787712931633,0.1,4.282349891582271e-06,0.031189801171422005,0.031204041093587875
0,4,2155,2022-06-08,48069,0.0042116563,0.004211734980344772,0.485,4.688949047704227e-06,0.004200683906674385,0.004221139010041952
0,4,2159,2022-06-08,48107,0.002666712,0.0026657190173864365,0.53,1.277917908737436e-05,0.002650841139256954,0.0026972938794642687
0,4,2163,2022-06-08,48153,0.0028238576,0.0028310229536145926,0.265,9.048942956724204e-06,0.0028073471039533615,0.002843955298885703
0,4,2166,2022-06-08,48189,0.002912986,0.0029128273017704487,0.505,8.351471478817984e-06,0.0028905465733259916,0.002927190624177456
0,4,2170,2022-06-08,48219,0.0027652918,0.002755928784608841,0.6,2.4842565835569985e-05,0.0027434297371655703,0.002815613290295005
0,4,2172,2022-06-08,48263,0.002551238,0.002552715130150318,0.445,1.0891956662817392e-05,0.002536759013310075,0.0025789346545934677
0,4,2176,2022-06-08,48341,0.0041746967,0.004262509290128946,0.07,7.982137321960181e-05,0.004145334474742413,0.004418643657118082
0,4,2196,2022-06-08,51065,0.009794082,0.009788045659661293,0.86,3.92567244489328e-06,0.009781968779861927,0.00979521218687296
0,4,2201,2022-06-08,51087,0.011986181,0.011981025338172913,0.755,4.877841092820745e-06,0.011974656954407692,0.011991563253104687
0,4,2203,2022-06-08,51113,0.0022069577,0.0021944958716630936,0.6,3.1178198696579784e-05,0.00216042622923851,0.002258629072457552
0,4,2210,2022-06-08,51159,0.0027117282,0.0027044543530792,0.86,3.7796758078911807e-06,0.0027023686561733484,0.002713182708248496
0,4,2211,2022-06-08,51177,0.001941349,0.001913583604618907,0.9,1.5977218936313875e-05,0.0018921616720035672,0.0019431867403909564
0,4,2216,2022-06-08,54027,0.0024667971,0.0023211436346173286,0.74,0.00011814454774139449,0.0021964951884001493,0.002565763657912612
0,4,2220,2022-06-08,54041,0.0023648771,0.00237527908757329,0.425,4.720103970612399e-05,0.0023164062295109034,0.00246527511626482
0,4,2221,2022-06-08,54049,0.0029993437,0.0029950356110930443,0.57,1.866778256953694e-05,0.002979542827233672,0.0030376941431313753
0,4,2233,2022-06-08,55025,0.0074972017,0.007481046952307224,0.935,1.1545338566065766e-05,0.007463371846824884,0.007502131629735231
0,4,2243,2024-02-27,01095,0.0013954483,0.0014487745938822627,0.245,0.00017080939142033458,0.0013098669005557895,0.0018812185153365135
0,4,2252,2024-02-27,06027,0.025515502,0.02424132078886032,0.78,0.0015901437727734447,0.021626463159918785,0.026160817593336105
0,4,2258,2024-02-27,06045,0.0062866854,0.005689640063792467,0.575,0.0022125965915620327,0.005204141139984131,0.011474564671516418
0,4,2261,2024-02-27,06061,0.017078403,0.017874348908662796,0.385,0.003433743491768837,0.016022484749555588,0.025120031088590622
0,4,2275,2024-02-27,08029,0.012648281,0.012641641311347485,0.61,2.3661816157982685e-05,0.012596393935382366,0.012692473828792572
0,4,2276,2024-02-27,08043,0.0009724711,0.0009707707213237882,0.51,3.381665737833828e-05,0.000938313954975456,0.0010422583436593413
0,4,2291,2024-02-27,13057,0.0024279316,0.0025037825107574463,0.225,5.397373024607077e-05,0.0023912296164780855,0.002563424641266465
0,4,2292,2024-02-27,13067,0.0014101244,0.001406693016178906,0.595,2.4375123757636175e-05,0.0013839243911206722,0.0014791080029681325
0,4,2295,2024-02-27,13089,0.0011605317,0.001203591818921268,0.035,0.00010637837112881243,0.0011561830760911107,0.001491525792516768
0,4,2296,2024-02-27,13113,0.0030989584,0.0032195220701396465,0.2,7.522035593865439e-05,0.0030512912198901176,0.0032820526976138353
0,4,2305,2024-02-27,13223,0.0016384907,0.0013640373945236206,0.775,0.00021798476518597454,0.0011799702188000083,0.0018718764185905457
0,4,2316,2024-02-27,16061,0.005042387,0.005101566202938557,0.205,0.00012425890599843115,0.005026135127991438,0.005376378074288368
0,4,2318,2024-02-27,16073,0.005688192,0.0058675422333180904,0.405,0.0006860913708806038,0.005166000686585903,0.007245929911732674
0,4,2320,2024-02-27,16087,0.010882112,0.011494208127260208,0.06,0.0006625697133131325,0.010791671462357044,0.01288588996976614
0,4,2324,2024-02-27,17043,0.002908793,0.0031946199014782906,0.02,0.0002962611906696111,0.002885364694520831,0.0038449375424534082
0,4,2325,2024-02-27,17047,0.0018905542,0.0019707069732248783,0.38,0.00022517694742418826,0.0017579648410901427,0.002470170147716999
0,4,2328,2024-02-27,17073,0.0024935482,0.0025914423167705536,0.115,0.00012165513908257708,0.002456273417919874,0.002840838860720396
0,4,2329,2024-02-27,17077,0.0019000844,0.0017756749875843525,0.84,6.967201625229791e-05,0.0017095034709200263,0.001937585766427219
0,4,2331,2024-02-27,17097,0.0033687414,0.0033084459137171507,0.58,0.00023964728461578488,0.0030871867202222347,0.003857053117826581
0,4,2334,2024-02-27,17153,0.001998809,0.0019683779682964087,0.605,8.357357728527859e-05,0.0018888842314481735,0.0021542473696172237
0,4,2352,2024-02-27,18129,0.0026223876,0.0026044673286378384,0.55,0.00021113203547429293,0.0024191143456846476,0.003095862455666065
0,4,2359,2024-02-27,21017,0.003058169,0.0035130032338202,0.07,0.0007325684418901801,0.002970400033518672,0.005305923987179995
0,4,2364,2024-02-27,21045,0.0016444888,0.0016902615316212177,0.48,0.0003555982548277825,0.001358929555863142,0.0024557618889957666
0,4,2366,2024-02-27,21049,0.0021701606,0.0024503888562321663,0.145,0.0004881775239482522,0.002089529298245907,0.0036607999354600906
0,4,2377,2024-02-27,21101,0.0027763098,0.002656147815287113,0.58,0.0003681733214762062,0.0023706110659986734,0.003582477103918791
0,4,2380,2024-02-27,21125,0.0027004783,0.002709783846512437,0.42,4.493888991419226e-05,0.0026085148565471172,0.0027504500467330217
0,4,2382,2024-02-27,21149,0.0022445708,0.002485531847923994,0.115,0.00033549964427948,0.002170334570109844,0.00331375771202147
0,4,2395,2024-02-27,23029,0.020890338,0.013210263103246689,0.995,0.0029563407879322767,0.011962056159973145,0.020906655117869377
0,4,2396,2024-02-27,25003,0.03906895,0.013874351046979427,0.97,0.010391626507043839,0.00807489175349474,0.03976186364889145
0,4,2401,2024-02-27,25017,0.008484976,0.0039047340396791697,0.875,0.0021216790191829205,0.002837071195244789,0.00952985044568777
0,4,2405,2024-02-27,25027,0.013131264,0.004623090382665396,0.975,0.003218533005565405,0.0032700139563530684,0.013302596285939217
0,4,2406,2024-02-27,26025,0.007822112,0.007890094071626663,0.31,7.08639418007806e-05,0.007738031446933746,0.00795961543917656
0,4,2407,2024-02-27,26049,0.0037927304,0.0038154160138219595,0.3,2.57827814493794e-05,0.003768980735912919,0.0038533040788024664
0,4,2408,2024-02-27,26159,0.004719219,0.004198037087917328,0.845,0.0002846839197445661,0.003957657143473625,0.004873935598880053
0,4,2409,2024-02-27,28081,0.0010415117,0.0009382321732118726,0.865,5.419284934760071e-05,0.0008819883223623037,0.0010654020588845015
0,4,2412,2024-02-27,29031,0.0022222705,0.0022553750313818455,0.22,6.642084917984903e-05,0.002193849766626954,0.0024159764871001244
0,4,2415,2024-02-27,29143,0.0016114219,0.0016411102842539549,0.33,6.448347994592041e-05,0.0015667109983041883,0.0017851731972768903
0,4,2419,2024-02-27,29223,0.0014409869,0.0013332078233361244,0.885,5.391149170463905e-05,0.0012879417045041919,0.0014680919703096151
0,4,2422,2024-02-27,30013,0.002416644,0.0022842981852591038,0.845,9.673140448285267e-05,0.002144317142665386,0.0025253817439079285
0,4,2429,2024-02-27,30045,0.0018534823,0.0017589132767170668,0.775,7.60053881094791e-05,0.001653835759498179,0.0019489182159304619
0,4,2443,2024-02-27,32007,0.003679934,0.004420950077474117,0.28,0.0020151392091065645,0.0032973107881844044,0.009092828258872032
0,4,2448,2024-02-27,32021,0.0137076145,0.013742005452513695,0.415,0.0004461353237275034,0.013652202673256397,0.015022270381450653
0,4,2450,2024-02-27,32027,0.013823651,0.016026485711336136,0.04,0.0026697865687310696,0.013593005947768688,0.022008702158927917
0,4,2451,2024-02-27,32029,0.014465197,0.01615271344780922,0.09,0.0025526019744575024,0.01410848181694746,0.021643923595547676
0,4,2465,2024-02-27,35031,0.005111816,0.005239391699433327,0.35,0.0006845951429568231,0.0049170395359396935,0.007004534360021353
0,4,2471,2024-02-27,35047,0.003224025,0.0032762964256107807,0.37,0.00019306402828078717,0.003070024773478508,0.003686390118673444
0,4,2477,2024-02-27,35061,0.0019287877,0.0020524507854133844,0.12,0.00023015556507743895,0.0019023371860384941,0.002583443420007825
0,4,2479,2024-02-27,36007,0.004564429,0.0026259412989020348,0.83,0.0009688617428764701,0.002170032588765025,0.005098019726574421
0,4,2481,2024-02-27,36019,0.027552193,0.00979695376008749,0.945,0.007478807121515274,0.006513557396829128,0.02810627967119217
0,4,2486,2024-02-27,36035,0.046174344,0.05881891027092934,0.26,0.00859482865780592,0.041226308792829514,0.06503235548734665
0,4,2492,2024-02-27,36055,0.010162541,0.011042393743991852,0.43,0.004802817478775978,0.007926473394036293,0.022481413558125496
0,4,2504,2024-02-27,36103,0.0066194786,0.006888221018016338,0.43,0.002336609410122037,0.0058285826817154884,0.013519106432795525
0,4,2508,2024-02-27,36117,0.019139957,0.025972694158554077,0.06,0.003188061760738492,0.01893491856753826,0.02834249846637249
0,4,2520,2024-02-27,39097,0.01820719,0.018701335415244102,0.225,0.00034856487764045596,0.017880460247397423,0.018985513597726822
0,4,2531,2024-02-27,40039,0.0016731382,0.0016958576161414385,0.255,7.388169615296647e-05,0.001644228002987802,0.00186918827239424
0,4,2537,2024-02-27,41045,0.015108987,0.016032816842198372,0.175,0.0013427906669676304,0.014794611372053623,0.018897565081715584
0,4,2542,2024-02-27,45003,0.0024396891,0.0021065576002001762,0.84,0.00018509307119529694,0.0019394635455682874,0.002534607658162713
0,4,2543,2024-02-27,45007,0.0044248546,0.004437630996108055,0.465,0.0001159256134997122,0.004170592408627272,0.004535367246717215
0,4,2549,2024-02-27,45065,0.0021418782,0.001999055501073599,0.89,6.867088814033195e-05,0.0019398045260459185,0.0021723927929997444
0,4,2562,2024-02-27,47073,0.003478082,0.0034919199533760548,0.42,5.919687828281894e-05,0.0034481408074498177,0.003639273578301072
0,4,2568,2024-02-27,48017,0.0018448511,0.0019013761775568128,0.14,8.684273780090734e-05,0.0018315763445571065,0.0020880727097392082
0,4,2569,2024-02-27,48045,0.001829333,0.0018335683271288872,0.38,5.6388380471616983e-05,0.0018065760377794504,0.0019694126676768064
0,4,2572,2024-02-27,48069,0.0020543311,0.0020423741079866886,0.56,6.485938502009958e-05,0.0020062404219061136,0.002188553102314472
0,4,2578,2024-02-27,48141,0.0017454391,0.0020688255317509174,0.07,0.0007303441525436938,0.0016895789885893464,0.003857257543131709
0,4,2579,2024-02-27,48153,0.002012547,0.002027747919782996,0.225,5.0992202886845917e-05,0.002000125590711832,0.002147782128304243
0,4,2581,2024-02-27,48189,0.0018614759,0.0018315769266337156,0.6,4.114372131880373e-05,0.0018151396652683616,0.0019259757827967405
0,4,2586,2024-02-27,48219,0.0019036329,0.0018786396831274033,0.585,7.058634218992665e-05,0.0018424519803375006,0.002027863636612892
0,4,2591,2024-02-27,48329,0.002541497,0.0028288145549595356,0.08,0.00039048129110597074,0.0024961272720247507,0.00370919331908226
0,4,2592,2024-02-27,48341,0.006742648,0.006679804064333439,0.97,6.27797853667289e-05,0.006554638966917992,0.006751167122274637
0,4,2605,2024-02-27,49015,0.0077181207,0.009147332981228828,0.17,0.0027106045745313168,0.007298779208213091,0.01557281892746687
0,4,2606,2024-02-27,49019,0.012352343,0.014329339377582073,0.17,0.0034745077136904,0.011762999929487705,0.022241031751036644
0,4,2607,2024-02-27,49021,0.053588204,0.05623284727334976,0.24,0.004630745388567448,0.05198455974459648,0.06610511988401413
0,4,2611,2024-02-27,49031,0.01686381,0.017875172197818756,0.04,0.0014417344937101007,0.016707075759768486,0.02127607725560665
0,4,2622,2024-02-27,49053,0.028366253,0.03173564374446869,0.195,0.0052336156368255615,0.02661151811480522,0.04325933754444122
0,4,2623,2024-02-27,49057,0.009789549,0.010469352826476097,0.17,0.0011469634482637048,0.009581612423062325,0.01322970725595951
0,4,2633,2024-02-27,50019,0.033483993,0.010955605655908585,0.97,0.009243829175829887,0.006907768081873655,0.034315187484025955
0,4,2634,2024-02-27,50021,0.014745806,0.006780161522328854,0.84,0.004037519451230764,0.0052976589649915695,0.017300192266702652
0,4,2637,2024-02-27,50027,0.049350146,0.01974581554532051,0.88,0.013773544691503048,0.011866267770528793,0.05161913111805916
0,4,2638,2024-02-27,51031,0.0018290362,0.0017505906289443374,0.665,0.0001352227118331939,0.001670835423283279,0.002112069632858038
0,5,0,2019-03-13,01001,0.0017162729,0.0017095271032303572,0.945,4.494697805057513e-06,0.0017035360215231776,0.0017166717443615198
0,5,12,2019-03-13,01091,0.0015597108,0.0015404393197968602,0.99,1.0219805517408531e-05,0.0015296153724193573,0.0015597714809700847
0,5,13,2019-03-13,01105,0.009876879,0.009892601519823074,0.015,8.065635483944789e-06,0.009876794181764126,0.009901389479637146
0,5,14,2019-03-13,01111,0.0012259,0.001187437097541988,0.85,2.4303397367475554e-05,0.0011659181909635663,0.0012439391575753689
0,5,22,2019-03-13,06073,0.001697827,0.0017450661398470402,0.005,4.456376700545661e-05,0.0016960083739832044,0.0018280695658177137
0,5,28,2019-03-13,08063,0.18940604,0.1890259087085724,0.795,0.0005381973460316658,0.18792593479156494,0.18946897983551025
0,5,33,2019-03-13,13233,0.015798813,0.01581624522805214,0.225,1.6128156858030707e-05,0.01578867807984352,0.015835920348763466
0,5,35,2019-03-13,17025,0.0047515375,0.004362600855529308,0.865,0.00020737679733429104,0.00424939626827836,0.0048516904935240746
0,5,40,2019-03-13,17069,0.017784968,0.017646783962845802,0.745,0.0001027064718073234,0.017579851672053337,0.01786716841161251
0,5,44,2019-03-13,17087,0.009286768,0.008620508015155792,0.86,0.00034377904376015067,0.008452050387859344,0.009515376761555672
0,5,52,2019-03-13,17185,0.009075435,0.00904389563947916,0.52,0.00034724926808848977,0.008787001483142376,0.009801991283893585
0,5,60,2019-03-13,18061,0.011854408,0.011961327865719795,0.475,0.0008955270750448108,0.010903337970376015,0.013395827263593674
0,5,64,2019-03-13,18089,0.0033625467,0.003504212014377117,0.38,0.00029072127654217184,0.0032064442057162523,0.0040824939496815205
0,5,67,2019-03-13,18121,0.0040498595,0.003958773799240589,0.615,0.00018783705309033394,0.0037992149591445923,0.004354455973953009
0,5,68,2019-03-13,18125,0.008568607,0.008202632889151573,0.845,0.00023233648971654475,0.007988004013895988,0.008691303431987762
0,5,75,2019-03-13,18155,0.008092315,0.007823916152119637,0.685,0.00026461295783519745,0.007556291297078133,0.008267703466117382
0,5,79,2019-03-13,20007,0.013931181,0.015671681612730026,0.015,0.002747776685282588,0.013888065703213215,0.022203829139471054
0,5,80,2019-03-13,20039,0.038666293,0.039049290120601654,0.35,0.0007416699081659317,0.03850337117910385,0.040616441518068314
0,5,82,2019-03-13,20063,0.012295258,0.013307844288647175,0.215,0.0012518636649474502,0.01211912278085947,0.015662681311368942
0,5,94,2019-03-13,21007,0.06377524,0.06395520269870758,0.37,0.000301564548863098,0.06325399875640869,0.06411761045455933
0,5,98,2019-03-13,21035,0.011858713,0.011253240518271923,0.66,0.0006939641898497939,0.010640067979693413,0.012607756070792675
0,5,101,2019-03-13,21047,0.010438218,0.010943072848021984,0.33,0.0007436330779455602,0.010024575516581535,0.01220652088522911
0,5,112,2019-03-13,21107,0.010283618,0.009230392053723335,0.86,0.0006574997678399086,0.008579768240451813,0.010448247194290161
0,5,114,2019-03-13,21143,0.025560193,0.0256650447845459,0.32,0.00010840887989616022,0.025466827675700188,0.02576356753706932
0,5,122,2019-03-13,21203,0.012057913,0.011407887563109398,0.69,0.0005327939288690686,0.010951749049127102,0.012425261549651623
0,5,130,2019-03-13,21233,0.0071177282,0.007117823697626591,0.5,0.00037895148852840066,0.00670282170176506,0.007796533405780792
0,5,133,2019-03-13,22111,0.0037115929,0.003580970922484994,1.0,8.771475404500961e-05,0.0034525510855019093,0.0037110119592398405
0,5,139,2019-03-13,26155,0.035664983,0.03583848848938942,0.17,0.00011342384823365137,0.0355658121407032,0.035932719707489014
0,5,143,2019-03-13,28019,0.005698323,0.0058095091953873634,0.04,7.038950570859015e-05,0.0056965467520058155,0.005901657976210117
0,5,145,2019-03-13,28061,0.0023253632,0.00231765559874475,0.99,3.208043835911667e-06,0.0023157750256359577,0.0023254689294844866
0,5,146,2019-03-13,28075,0.0021865743,0.0021039401181042194,0.96,4.3296324292896315e-05,0.002056004712358117,0.002187803154811263
0,5,158,2019-03-13,29510,0.0037109128,0.00409964332357049,0.19,0.0004632800118997693,0.003647651057690382,0.004990313667804003
0,5,164,2019-03-13,34035,0.0016420727,0.0016437264857813716,0.46,1.3998658687341958e-05,0.0016190557507798076,0.0016708223847672343
0,5,166,2019-03-13,35025,0.008703685,0.010054792277514935,0.285,0.002041289582848549,0.008456074632704258,0.01425901148468256
0,5,170,2019-03-13,39011,0.012467719,0.012392084114253521,0.515,0.0006333963247016072,0.011895792558789253,0.013861014507710934
0,5,173,2019-03-13,39027,0.10268841,0.1026964783668518,0.475,7.110134902177379e-05,0.10255666822195053,0.10275701433420181
0,5,174,2019-03-13,39029,0.0050063734,0.005033130291849375,0.045,3.3553184039192274e-05,0.005001326557248831,0.005135463085025549
0,5,178,2019-03-13,39049,0.004433717,0.004509711638092995,0.24,7.966531120473519e-05,0.004399080760776997,0.004631156101822853
0,5,199,2019-03-13,40031,0.009921232,0.010314138606190681,0.0,0.0005775564932264388,0.009927107021212578,0.011548517271876335
0,5,208,2019-03-13,40075,0.014488514,0.015008552931249142,0.05,0.0008660333696752787,0.014452622272074223,0.017051368951797485
0,5,210,2019-03-13,40085,0.0038744777,0.003945336677134037,0.375,0.00018159505270887166,0.003818984143435955,0.004339683335274458
0,5,216,2019-03-13,40149,0.012311453,0.013313911855220795,0.05,0.0013204400893300772,0.012290466576814651,0.016255659982562065
0,5,218,2019-03-13,40153,0.018465478,0.02108079195022583,0.08,0.0028341657016426325,0.018298456445336342,0.027343280613422394
0,5,219,2019-03-13,42073,0.0034366834,0.003454906400293112,0.0,2.0194614990032278e-05,0.0034378354903310537,0.0035143475979566574
0,5,225,2019-03-13,47189,0.0033330626,0.003390355035662651,0.43,0.00022042075579520315,0.003138069761916995,0.0038264933973550797
0,5,233,2019-03-13,48075,0.01615393,0.018259935081005096,0.095,0.002760566072538495,0.015969591215252876,0.024103626608848572
0,5,235,2019-03-13,48081,0.006377243,0.006453885696828365,0.065,9.479501022724435e-05,0.006372299510985613,0.0066519794054329395
0,5,236,2019-03-13,48085,0.002845192,0.0029856832697987556,0.17,0.00017320725601166487,0.0028198135551065207,0.0033523801248520613
0,5,238,2019-03-13,48101,0.01646555,0.020024068653583527,0.01,0.003073189640417695,0.016435861587524414,0.025531383231282234
0,5,250,2019-03-13,48139,0.003570406,0.003646833123639226,0.295,0.00012026948388665915,0.0035398886539041996,0.0039058502297848463
0,5,257,2019-03-13,48179,0.010618416,0.011948494240641594,0.05,0.0017355324234813452,0.01056662667542696,0.015770455822348595
0,5,261,2019-03-13,48191,0.024976313,0.02637762948870659,0.015,0.002086510183289647,0.02494243159890175,0.03123599663376808
0,5,263,2019-03-13,48203,0.0037351518,0.003619967959821224,0.925,7.030927372397855e-05,0.0035385312512516975,0.003740201471373439
0,5,264,2019-03-13,48205,0.026819387,0.025717373937368393,0.965,0.0009214461897499859,0.024370044469833374,0.026851706206798553
0,5,270,2019-03-13,48227,0.0071912725,0.007941222749650478,0.16,0.0010719627607613802,0.007142759393900633,0.01030438207089901
0,5,272,2019-03-13,48233,0.11884028,0.1173308715224266,0.935,0.0015327363507822156,0.114458829164505,0.11892332881689072
0,5,276,2019-03-13,48253,0.030243408,0.030250901356339455,0.22,2.619152655825019e-05,0.030236992985010147,0.030325639992952347
0,5,278,2019-03-13,48267,0.019504474,0.01943829655647278,0.72,0.00011674140114337206,0.01916329562664032,0.019533956423401833
0,5,284,2019-03-13,48317,0.0134116225,0.013288654386997223,0.59,0.00038362632039934397,0.012568376027047634,0.013651607558131218
0,5,290,2019-03-13,48349,0.004037133,0.004020214080810547,0.53,0.00014154124073684216,0.003887103870511055,0.004314894787967205
0,5,292,2019-03-13,48357,0.015707646,0.01693166419863701,0.04,0.001810635905712843,0.01568274199962616,0.02142825908958912
0,5,304,2019-03-13,48399,0.02854835,0.028483020141720772,0.88,7.345694757532328e-05,0.02833656780421734,0.028555667027831078
0,5,309,2019-03-13,48433,0.010446704,0.011576902121305466,0.05,0.0016468267422169447,0.010410306043922901,0.0152660571038723
0,5,316,2019-03-13,48467,0.0020642523,0.0020947977900505066,0.45,0.0001255692623089999,0.001960177905857563,0.002323473570868373
0,5,318,2019-03-13,48483,0.014506841,0.016521859914064407,0.06,0.0023296542931348085,0.01441874261945486,0.021447772160172462
0,5,330,2021-03-26,01041,0.0018796705,0.0018759220838546753,0.995,2.9056743642286165e-06,0.0018704660469666123,0.001879671006463468
0,5,338,2021-03-26,01091,0.0026054317,0.0026075229980051517,0.01,1.283183792111231e-06,0.002605356043204665,0.0026103705167770386
0,5,341,2021-03-26,01099,0.001850965,0.0018573864363133907,0.04,2.877000952139497e-06,0.00185048405546695,0.001861465279944241
0,5,342,2021-03-26,01103,0.003929943,0.0038986732251942158,0.83,2.1333755285013467e-05,0.0038795024156570435,0.0039418232627213
0,5,343,2021-03-26,01111,0.02368732,0.023720277473330498,0.22,3.017517337866593e-05,0.023668283596634865,0.023754866793751717
0,5,348,2021-03-26,05037,0.0067736525,0.00677014235407114,0.72,4.271724719728809e-06,0.0067659830674529076,0.006779601331800222
0,5,350,2021-03-26,05041,0.002876338,0.0028751767240464687,0.595,2.6420857466291636e-06,0.002870834432542324,0.0028811562806367874
0,5,361,2021-03-26,08023,0.0010751968,0.0012369424803182483,0.145,0.00018644300871528685,0.0010525950929149985,0.0015606046654284
0,5,364,2021-03-26,08063,0.0020112942,0.002011904725804925,0.255,1.0885495385082322e-06,0.002010134980082512,0.0020139547996222973
0,5,371,2021-03-26,13015,0.013722031,0.01377032045274973,0.26,5.225777567829937e-05,0.013684222474694252,0.013830017298460007
0,5,374,2021-03-26,13091,0.0025241084,0.002451281063258648,0.995,3.918976290151477e-05,0.00240720366127789,0.002524207578971982
0,5,387,2021-03-26,13255,0.001348141,0.0012815581867471337,0.855,3.54185322066769e-05,0.00125622539781034,0.0013656159862875938
0,5,389,2021-03-26,13291,0.0030478775,0.003023985307663679,0.725,2.709899126784876e-05,0.00298710516653955,0.0030620049219578505
0,5,390,2021-03-26,13303,0.0029802474,0.0029194599483162165,0.965,2.918220343417488e-05,0.0028954315930604935,0.002981671830639243
0,5,393,2021-03-26,16001,0.0015418249,0.0015392168425023556,0.915,2.8008039407723118e-06,0.001534017501398921,0.0015421264106407762
0,5,394,2021-03-26,16005,0.0031573907,0.0036848988384008408,0.125,0.0007659991388209164,0.0031132856383919716,0.005453851539641619
0,5,395,2021-03-26,16007,0.0008283287,0.0008920570835471153,0.21,8.112024806905538e-05,0.0008149481727741659,0.0010379545856267214
0,5,397,2021-03-26,16013,0.0019561094,0.0022984137758612633,0.09,0.0003401932190172374,0.0019382663303986192,0.002912814961746335
0,5,409,2021-03-26,16047,0.00456862,0.004498426802456379,0.905,7.879700569901615e-05,0.0043438877910375595,0.004572559148073196
0,5,414,2021-03-26,16059,0.019371798,0.01929839700460434,0.725,7.520087820012122e-05,0.019194988533854485,0.019404057413339615
0,5,426,2021-03-26,17021,0.023669569,0.023671623319387436,0.195,2.8744404971803306e-06,0.0236680805683136,0.02367805317044258
0,5,432,2021-03-26,17069,0.0024215595,0.0024226128589361906,0.195,2.7681246592692332e-06,0.002420285949483514,0.0024311470333486795
0,5,434,2021-03-26,17087,0.002665806,0.002675943775102496,0.2,1.0184930033574346e-05,0.0026642188895493746,0.0026972368359565735
0,5,442,2021-03-26,17185,0.003381289,0.0033818939700722694,0.455,5.915164820180507e-06,0.0033759388606995344,0.0033973848912864923
0,5,447,2021-03-26,18013,0.005885843,0.005903313402086496,0.195,1.1305241969239432e-05,0.005876898765563965,0.005910858511924744
0,5,461,2021-03-26,18105,0.0023788752,0.0023816716857254505,0.135,2.7979763217444997e-06,0.0023761631455272436,0.0023883392568677664
0,5,462,2021-03-26,18109,0.0059321113,0.005934255197644234,0.22,2.0593320186890196e-06,0.005931010469794273,0.005937421228736639
0,5,464,2021-03-26,18125,0.0031764251,0.003162022214382887,0.87,7.161931080190698e-06,0.0031560843344777822,0.003181584645062685
0,5,467,2021-03-26,18145,0.0040085604,0.004018393345177174,0.39,2.7604637580225244e-05,0.003996163606643677,0.004078147932887077
0,5,469,2021-03-26,18155,0.009456202,0.00944569893181324,0.73,8.617120329290628e-06,0.009437103755772114,0.009462259709835052
0,5,475,2021-03-26,20039,0.0035629966,0.0035633165389299393,0.43,8.310348675877322e-07,0.003561838064342737,0.0035647363401949406
0,5,478,2021-03-26,20063,0.0018499496,0.0018460092833265662,0.73,2.909942668338772e-05,0.0017633686074987054,0.001869262894615531
0,5,481,2021-03-26,20089,0.0029592752,0.0029456843622028828,0.75,4.1104169213213027e-05,0.0028281339909881353,0.002986669773235917
0,5,488,2021-03-26,20163,0.0025263405,0.002518759109079838,0.695,4.676055323216133e-05,0.0023823429364711046,0.0025645147543400526
0,5,496,2021-03-26,21007,0.0028899272,0.002893226221203804,0.16,5.258120836515445e-06,0.002887530019506812,0.0029095010831952095
0,5,498,2021-03-26,21035,0.0023734283,0.002373965922743082,0.405,3.173519644406042e-06,0.002370272297412157,0.0023810393176972866
0,5,500,2021-03-26,21047,0.002281673,0.0022892483975738287,0.04,7.972178536874708e-06,0.0022808730136603117,0.0023052736651152372
0,5,505,2021-03-26,21085,0.004537523,0.004540231078863144,0.085,2.9200236895121634e-06,0.004537022206932306,0.004546314477920532
0,5,506,2021-03-26,21093,0.0023550624,0.00236807344481349,0.365,2.3611779397469945e-05,0.0023461077362298965,0.0024140423629432917
0,5,509,2021-03-26,21107,0.002275682,0.002263877773657441,0.88,6.164376372908009e-06,0.00225925724953413,0.0022786473855376244
0,5,512,2021-03-26,21143,0.002253682,0.0022503414656966925,0.685,5.343706561689032e-06,0.002245937939733267,0.002263511996716261
0,5,522,2021-03-26,21233,0.002472774,0.0024724274408072233,0.52,6.947495421627536e-06,0.0024672269355505705,0.002490259939804673
0,5,525,2021-03-26,22111,0.0036900707,0.0036964011378586292,0.005,3.973771526943892e-06,0.0036900658160448074,0.003702536690980196
0,5,528,2021-03-26,24001,0.0059276936,0.005836848169565201,0.635,0.0001437547616660595,0.005681121256202459,0.006097429431974888
0,5,537,2021-03-26,24035,0.0030267348,0.002902381122112274,0.885,7.101836672518402e-05,0.0028327910695225,0.0030357639770954847
0,5,542,2021-03-26,25009,0.0047446773,0.004061294719576836,0.88,0.00039312770240940154,0.0036920863203704357,0.004892868455499411
0,5,548,2021-03-26,25025,0.0035164026,0.003671665908768773,0.33,0.0003298237861599773,0.0034152702428400517,0.004410998895764351
0,5,557,2021-03-26,28071,0.0024600148,0.0024489988572895527,0.895,4.885695489065256e-06,0.002446199767291546,0.0024613409768790007
0,5,561,2021-03-26,28115,0.007826419,0.007822681218385696,1.0,1.598609060238232e-06,0.00782193336635828,0.007826413959264755
0,5,571,2021-03-26,29201,0.002440747,0.0024316050112247467,0.705,1.2023120689264033e-05,0.0024168482050299644,0.0024563265033066273
0,5,573,2021-03-26,30009,0.014660348,0.014436505734920502,0.875,0.0002876803046092391,0.01385354995727539,0.014678234234452248
0,5,574,2021-03-26,30011,0.007412121,0.007512671872973442,0.36,0.00021989218657836318,0.007317659445106983,0.007940364070236683
0,5,578,2021-03-26,30023,0.014624401,0.016237853094935417,0.39,0.004081180319190025,0.012508530169725418,0.02411608211696148
0,5,581,2021-03-26,30037,0.0076803304,0.00860029086470604,0.2,0.0013505547540262341,0.00752271618694067,0.011177338659763336
0,5,587,2021-03-26,30063,0.0149914855,0.016145743429660797,0.405,0.0027917022816836834,0.013359312899410725,0.021287087351083755
0,5,589,2021-03-26,30067,0.005885966,0.006829872727394104,0.22,0.0012263046810403466,0.005674994084984064,0.009082965552806854
0,5,594,2021-03-26,30081,0.0138679175,0.01720605604350567,0.305,0.003908428829163313,0.012017689645290375,0.023040352389216423
0,5,615,2021-03-26,34015,0.0033812867,0.0032597072422504425,0.85,7.24481069482863e-05,0.0031947160605341196,0.003409123979508877
0,5,616,2021-03-26,34017,0.001728574,0.0017962190322577953,0.15,8.54508689371869e-05,0.0017173035303130746,0.001971114194020629
0,5,620,2021-03-26,34025,0.0032773358,0.0032768803648650646,0.56,3.395188286958728e-06,0.003272455185651779,0.0032851481810212135
0,5,623,2021-03-26,34035,0.0029081113,0.0028624627739191055,0.56,0.00015595082368236035,0.002673609182238579,0.003119854722172022
0,5,633,2021-03-26,36043,0.012604947,0.01109863631427288,0.89,0.0008503022254444659,0.010360615327954292,0.012744761072099209
0,5,638,2021-03-26,36063,0.005444336,0.00534498505294323,0.695,9.803079592529684e-05,0.005286459811031818,0.005560008808970451
0,5,639,2021-03-26,36071,0.0035448624,0.00329089118167758,0.855,0.00015591496776323766,0.003153698518872261,0.003625700017437339
0,5,640,2021-03-26,36073,0.008205439,0.008094091899693012,0.705,0.00011492698104120791,0.007982799783349037,0.008315464481711388
0,5,644,2021-03-26,36095,0.015137947,0.013874169439077377,0.865,0.000739407492801547,0.013189159333705902,0.015457022935152054
0,5,652,2021-03-26,37053,0.0027484242,0.0027398252859711647,0.845,5.41873032489093e-06,0.0027344864793121815,0.0027505813632160425
0,5,654,2021-03-26,37081,0.0018032725,0.0018220770871266723,0.35,3.097561784670688e-05,0.001786002772860229,0.00187806342728436
0,5,659,2021-03-26,37151,0.0021751963,0.0021643920335918665,0.61,2.0898123693768866e-05,0.002136921975761652,0.002198290079832077
0,5,661,2021-03-26,39003,0.009603255,0.00960463099181652,0.495,9.647213300922886e-05,0.009529703296720982,0.009808376431465149
0,5,662,2021-03-26,39011,0.008787289,0.008804669603705406,0.445,9.545404464006424e-05,0.008707311004400253,0.008979761973023415
0,5,668,2021-03-26,39027,0.01961584,0.01960080862045288,0.565,3.221735460101627e-05,0.019560381770133972,0.0196527186781168
0,5,669,2021-03-26,39029,0.008068089,0.007720157504081726,0.685,0.00035857176408171654,0.007295440882444382,0.00832506362348795
0,5,672,2021-03-26,39035,0.011248431,0.01105598546564579,0.62,0.00028160872170701623,0.010755536146461964,0.011551273986697197
0,5,676,2021-03-26,39049,0.007425665,0.00746091129258275,0.43,0.00013586327258963138,0.007324995938688517,0.007706223987042904
0,5,678,2021-03-26,39057,0.005337026,0.005322388373315334,0.695,2.0399356799316593e-05,0.005291394889354706,0.005348552018404007
0,5,694,2021-03-26,39113,0.0033685903,0.0033887303434312344,0.415,6.297956861089915e-05,0.0033263713121414185,0.0035200323909521103
0,5,699,2021-03-26,39149,0.0118262675,0.011836694553494453,0.445,4.6434510295512155e-05,0.011747578158974648,0.011875929310917854
0,5,709,2021-03-26,41017,0.008503586,0.008488375693559647,0.515,0.00023435540788341314,0.008088511414825916,0.00876177754253149
0,5,714,2021-03-26,41037,0.000823811,0.0008493806817568839,0.345,3.499071317492053e-05,0.000813434598967433,0.0009026403422467411
0,5,722,2021-03-26,42021,0.010019789,0.010005506686866283,0.665,2.3924805645947345e-05,0.009960934519767761,0.010050546377897263
0,5,723,2021-03-26,42029,0.0020443907,0.002045291941612959,0.46,7.441636171279242e-06,0.0020361500792205334,0.0020603749435395002
0,5,729,2021-03-26,42069,0.008832105,0.00832185335457325,0.775,0.000456061476143077,0.007672934327274561,0.009001520462334156
0,5,730,2021-03-26,42071,0.0020483374,0.0021376183722168207,0.02,8.149013592628762e-05,0.0020458963699638844,0.0022829300723969936
0,5,731,2021-03-26,42073,0.021872714,0.022098476067185402,0.105,0.00012916918785776943,0.021845504641532898,0.022232407703995705
0,5,743,2021-03-26,45037,0.002082734,0.0020193918608129025,0.76,4.692021320806816e-05,0.0019758909475058317,0.0021113986149430275
0,5,747,2021-03-26,45071,0.0016160486,0.0015746006974950433,0.805,2.9834904125891626e-05,0.0015392574714496732,0.0016239541582763195
0,5,751,2021-03-26,46007,0.0018478589,0.0018541961908340454,0.37,1.245588828169275e-05,0.0018442821456119418,0.001880425843410194
0,5,753,2021-03-26,46017,0.0030137147,0.003018228802829981,0.1,3.647601033662795e-06,0.00301097403280437,0.0030284770764410496
0,5,758,2021-03-26,46031,0.007247026,0.007300670258700848,0.195,6.906087219249457e-05,0.0072347200475633144,0.007433973252773285
0,5,760,2021-03-26,46037,0.0033772024,0.0034007164649665356,0.26,3.061387178604491e-05,0.003372420556843281,0.003458724357187748
0,5,767,2021-03-26,46055,0.0041159475,0.0041166264563798904,0.455,5.193819561100099e-06,0.004105808679014444,0.004128201398998499
0,5,768,2021-03-26,46057,0.003555231,0.003526431042701006,0.77,3.725226997630671e-05,0.003449052572250366,0.0035826207604259253
0,5,773,2021-03-26,46071,0.0023038585,0.002295814221724868,0.7,1.1594971510930918e-05,0.0022760648280382156,0.002315990859642625
0,5,790,2021-03-26,46123,0.0026873443,0.0026815305463969707,0.665,2.1485264369403012e-05,0.0026287625078111887,0.002712805988267064
0,5,791,2021-03-26,46129,0.004607937,0.004642498679459095,0.17,3.538350938470103e-05,0.004604088142514229,0.0047049312852323055
0,5,807,2021-03-26,47149,0.0039754664,0.003990939352661371,0.225,2.0980278350180015e-05,0.003972373902797699,0.0040320889092981815
0,5,808,2021-03-26,47155,0.0032202883,0.0031598254572600126,0.705,8.280477049993351e-05,0.0030770711600780487,0.0033301198855042458
0,5,810,2021-03-26,47163,0.003578158,0.003589881118386984,0.42,4.48533428425435e-05,0.0035564182326197624,0.003684564493596554
0,5,811,2021-03-26,47181,0.0030890466,0.0030834879726171494,0.745,4.759643161378335e-06,0.0030779140070080757,0.0030925592873245478
0,5,812,2021-03-26,47189,0.0048035765,0.004806987941265106,0.46,2.0321462216088548e-05,0.0047956304624676704,0.004856856539845467
0,5,820,2021-03-26,49047,0.003277591,0.0032737220171839,0.71,4.3952941268798895e-06,0.003266490763053298,0.003278319723904133
0,5,823,2021-03-26,51043,0.0033559836,0.003382379189133644,0.42,5.599746873485856e-05,0.0032872548326849937,0.0034365474712103605
0,5,833,2021-03-26,53017,0.001380772,0.001402799622155726,0.015,2.5562125301803462e-05,0.0013804608024656773,0.001460210420191288
0,5,837,2021-03-26,53063,0.0064694234,0.006802312098443508,0.015,0.0003156693128403276,0.006464764010161161,0.007420435547828674
0,5,840,2021-03-26,53077,0.007126125,0.00738479383289814,0.185,0.0002754306187853217,0.007057411130517721,0.007874728180468082
0,5,844,2021-03-26,54057,0.007181911,0.006831377744674683,0.75,0.00032727321377024055,0.006408589892089367,0.007360321469604969
0,5,847,2021-03-26,56001,0.0066441176,0.00844879262149334,0.11,0.001973574748262763,0.006525824312120676,0.012535289861261845
0,5,850,2021-03-26,56007,0.004108049,0.005536370910704136,0.08,0.0013855805154889822,0.003984171897172928,0.007972661405801773
0,5,851,2021-03-26,56009,0.007313236,0.009531624615192413,0.09,0.0021609121467918158,0.007182328030467033,0.013554947450757027
0,5,867,2021-12-11,01083,0.003315893,0.003186173737049103,0.785,0.00011718120367731899,0.003050574567168951,0.0034070564433932304
0,5,875,2021-12-11,04017,0.0063230093,0.006318660452961922,0.585,3.156903767376207e-05,0.006299034226685762,0.0064064147882163525
0,5,879,2021-12-11,05019,0.0054764072,0.0056689707562327385,0.085,0.000104195685707964,0.005456278566271067,0.005761353299021721
0,5,884,2021-12-11,05047,0.0028972884,0.002893463708460331,0.53,5.2091247198404744e-05,0.002839591121301055,0.0029983469285070896
0,5,894,2021-12-11,05119,0.0023403233,0.0022765600588172674,0.675,8.006582356756553e-05,0.0021945384796708822,0.0024232121650129557
0,5,896,2021-12-11,06003,0.015303432,0.015314428135752678,0.445,3.2903953979257494e-05,0.015295292250812054,0.01538256835192442
0,5,907,2021-12-11,06035,0.0061141513,0.006210346706211567,0.21,0.00013823890185449272,0.006091372109949589,0.006495239213109016
0,5,916,2021-12-11,06063,0.12892595,0.12886446714401245,0.535,0.0003449026553425938,0.12813974916934967,0.12908194959163666
0,5,920,2021-12-11,06073,0.0039357645,0.004080443177372217,0.015,0.00020871568995062262,0.003931866493076086,0.004546536598354578
0,5,921,2021-12-11,06077,0.006177084,0.0061837839893996716,0.31,1.9472850908641703e-05,0.0061760107055306435,0.006231990642845631
0,5,923,2021-12-11,06089,0.0076678386,0.007577807642519474,0.63,0.0001183961721835658,0.0074145798571407795,0.007734318263828754
0,5,926,2021-12-11,06095,0.0018418385,0.0019032934214919806,0.17,0.00017560485866852105,0.0018373504281044006,0.002368820831179619
0,5,928,2021-12-11,06099,0.0026642713,0.0028430046513676643,0.01,0.00026480655651539564,0.0026604006998240948,0.0034047660883516073
0,5,931,2021-12-11,06107,0.002139937,0.002178554655984044,0.205,0.0001235516683664173,0.0021368220914155245,0.002481849165633321
0,5,944,2021-12-11,08021,0.06662122,0.06659550219774246,0.64,3.371501588844694e-05,0.06654740869998932,0.06663890182971954
0,5,945,2021-12-11,08023,0.036483653,0.036449186503887177,0.865,2.3439723008777946e-05,0.0364234521985054,0.03648754954338074
0,5,947,2021-12-11,08031,0.010532436,0.010410021059215069,0.945,0.00011436441855039448,0.01019950583577156,0.010541199706494808
0,5,956,2021-12-11,08063,0.00833448,0.009529081173241138,0.22,0.0013463912764564157,0.00811403151601553,0.01202991884201765
0,5,964,2021-12-11,08087,0.0015292073,0.0015377975068986416,0.385,2.2159345462569036e-05,0.001522181322798133,0.0015832785284146667
0,5,971,2021-12-11,08119,0.09141429,0.09145847707986832,0.41,0.00011356789764249697,0.09126804769039154,0.09159163385629654
0,5,973,2021-12-11,08123,0.0019096457,0.001936167012900114,0.305,2.8265236323932186e-05,0.001903504366055131,0.0019789147190749645
0,5,979,2021-12-11,16005,0.012486332,0.012166833505034447,0.93,0.0003018687420990318,0.011653479188680649,0.012521916069090366
0,5,981,2021-12-11,16013,0.0017490229,0.0018093441613018513,0.075,7.469625415978953e-05,0.0017465506680309772,0.001956142717972398
0,5,999,2021-12-11,17061,0.0039032944,0.004069056827574968,0.35,0.00037162035005167127,0.003755738027393818,0.004862453788518906
0,5,1004,2021-12-11,17083,0.003302481,0.003406633622944355,0.405,0.0002828051510732621,0.003139109816402197,0.004011380486190319
0,5,1005,2021-12-11,17085,0.014146834,0.014617105945944786,0.06,0.0021935729309916496,0.014144777320325375,0.020679181441664696
0,5,1010,2021-12-11,17101,0.004060149,0.003708967473357916,0.745,0.0003143712820019573,0.0034209098666906357,0.004337595775723457
0,5,1014,2021-12-11,17109,0.008094114,0.009375959634780884,0.24,0.0020358168985694647,0.007704276591539383,0.013598712161183357
0,5,1015,2021-12-11,17111,0.015665157,0.01852339133620262,0.32,0.005009899381548166,0.014569714665412903,0.02878689393401146
0,5,1016,2021-12-11,17115,0.0047694095,0.004975824151188135,0.375,0.00048687111120671034,0.0044653648510575294,0.005982452537864447
0,5,1019,2021-12-11,17129,0.033657137,0.0335436575114727,0.65,0.0002066253509838134,0.033397652208805084,0.034038759768009186
0,5,1031,2021-12-11,17197,0.0099290265,0.011338437907397747,0.23,0.0023251741658896208,0.009641023352742195,0.016681034117937088
0,5,1035,2021-12-11,18009,0.013492299,0.014028371311724186,0.43,0.0017045818967744708,0.012056936509907246,0.01710214838385582
0,5,1036,2021-12-11,18013,0.040280413,0.041163116693496704,0.185,0.0005459721432998776,0.03989163041114807,0.041578345000743866
0,5,1040,2021-12-11,18023,0.011974785,0.012063943780958652,0.465,0.0010632501216605306,0.011040762066841125,0.014283571392297745
0,5,1041,2021-12-11,18027,0.0059421714,0.0059242332354187965,0.535,0.00020297945593483746,0.005769141484051943,0.006370136514306068
0,5,1047,2021-12-11,18045,0.05074475,0.05093707889318466,0.4,0.0004262465226929635,0.04999921843409538,0.051240287721157074
0,5,1056,2021-12-11,18089,0.010382655,0.01083589717745781,0.445,0.0018912688829004765,0.009402009658515453,0.014979002065956593
0,5,1061,2021-12-11,18105,0.009872474,0.010268784128129482,0.32,0.0004754876426886767,0.00925546046346426,0.010642997920513153
0,5,1066,2021-12-11,18121,0.0051101204,0.004704836755990982,0.615,0.000718460010830313,0.0041819349862635136,0.006251423619687557
0,5,1071,2021-12-11,18139,0.01403389,0.013955473899841309,0.515,0.0012264844262972474,0.012956582941114902,0.016589153558015823
0,5,1072,2021-12-11,18145,0.011281282,0.011806769296526909,0.39,0.0009547016816213727,0.01076850388199091,0.013618641532957554
0,5,1079,2021-12-11,18181,0.013405339,0.012118300423026085,0.675,0.0015553608536720276,0.010659766383469105,0.015228305011987686
0,5,1095,2021-12-11,19029,0.024179064,0.027179639786481857,0.025,0.003119709435850382,0.024047652259469032,0.03279506787657738
0,5,1097,2021-12-11,19033,0.060771562,0.062234897166490555,0.41,0.0024047570768743753,0.058470528572797775,0.064972423017025
0,5,1099,2021-12-11,19037,0.024757352,0.023449767380952835,0.55,0.0059270719066262245,0.015514413826167583,0.031204912811517715
0,5,1100,2021-12-11,19039,0.014984571,0.017452960833907127,0.31,0.0035339936148375273,0.013602730818092823,0.024160435423254967
0,5,1106,2021-12-11,19051,0.01589755,0.012285294011235237,0.75,0.002883029403164983,0.010278189554810524,0.018769504502415657
0,5,1113,2021-12-11,19065,0.021143867,0.025523096323013306,0.15,0.00559271452948451,0.02060486190021038,0.03568326309323311
0,5,1125,2021-12-11,19093,0.022012345,0.02471940964460373,0.195,0.0027282850351184607,0.02149856649339199,0.02953374572098255
0,5,1130,2021-12-11,19105,0.023495948,0.024627402424812317,0.26,0.002171707572415471,0.023260196670889854,0.029667947441339493
0,5,1137,2021-12-11,19121,0.030464824,0.03410328924655914,0.27,0.004892826080322266,0.0294322669506073,0.04338249936699867
0,5,1143,2021-12-11,19135,0.019001884,0.019412752240896225,0.18,0.00032536606886424124,0.01890120469033718,0.01991976425051689
0,5,1144,2021-12-11,19137,0.025636971,0.029523300006985664,0.085,0.0036113676615059376,0.025257665663957596,0.03559154272079468
0,5,1145,2021-12-11,19139,0.017372772,0.01990433782339096,0.38,0.005463579669594765,0.01510661281645298,0.030754264444112778
0,5,1153,2021-12-11,19155,0.01666249,0.01810431480407715,0.045,0.0022304567974060774,0.016576679423451424,0.02325901761651039
0,5,1164,2021-12-11,19177,0.010552725,0.007449133321642876,0.84,0.0017276888247579336,0.00682393042370677,0.012106823734939098
0,5,1168,2021-12-11,19187,0.022130527,0.023273374885320663,0.025,0.0012841987190768123,0.02212083712220192,0.026151610538363457
0,5,1170,2021-12-11,19191,0.14834258,0.14345557987689972,0.94,0.005041417200118303,0.13449983298778534,0.1486617624759674
0,5,1171,2021-12-11,19193,0.011977171,0.012729654088616371,0.055,0.000958023127168417,0.011933083645999432,0.014741955325007439
0,5,1172,2021-12-11,19195,0.061293706,0.0640421062707901,0.435,0.00596889341250062,0.053245384246110916,0.06991557776927948
0,5,1175,2021-12-11,20003,0.008062708,0.008073683828115463,0.465,0.00046808680053800344,0.007890827022492886,0.00927930697798729
0,5,1177,2021-12-11,20007,0.02558447,0.029744600877165794,0.02,0.0029618600383400917,0.02544184774160385,0.034317705780267715
0,5,1178,2021-12-11,20009,0.04126651,0.039216674864292145,0.66,0.0030976689886301756,0.03408686816692352,0.04306890442967415
0,5,1187,2021-12-11,20039,0.039119426,0.038976091891527176,0.6,0.00031169739668257535,0.038431745022535324,0.039295267313718796
0,5,1196,2021-12-11,20063,0.021671321,0.021856963634490967,0.255,0.0003059992741327733,0.021634910255670547,0.022496571764349937
0,5,1206,2021-12-11,20089,0.03385959,0.037477970123291016,0.21,0.0033221289049834013,0.03273807838559151,0.04252567142248154
0,5,1208,2021-12-11,20095,0.019919414,0.023302581161260605,0.325,0.003342139534652233,0.018194757401943207,0.02755006216466427
0,5,1214,2021-12-11,20115,0.049775656,0.048225030303001404,0.705,0.0027887995820492506,0.042957182973623276,0.05099781975150108
0,5,1218,2021-12-11,20125,0.0037895138,0.004115454386919737,0.065,0.00034346166648902,0.003755049780011177,0.004799034912139177
0,5,1223,2021-12-11,20135,0.025357021,0.025418667122721672,0.38,0.00015130858810152858,0.025312552228569984,0.02572726458311081
0,5,1231,2021-12-11,20155,0.020468416,0.020316146314144135,0.535,0.0010232386412099004,0.01916974037885666,0.02199809066951275
0,5,1232,2021-12-11,20157,0.03588232,0.03851165622472763,0.275,0.004307004623115063,0.034625910222530365,0.04727749526500702
0,5,1233,2021-12-11,20159,0.01816303,0.01803397387266159,0.575,0.00046632488374598324,0.017711179330945015,0.01918458379805088
0,5,1234,2021-12-11,20161,0.017247584,0.019939780235290527,0.03,0.0028973380103707314,0.017085419967770576,0.025373203679919243
0,5,1235,2021-12-11,20163,0.05278057,0.05242030322551727,0.75,0.00038394483271986246,0.0518333800137043,0.05291968584060669
0,5,1248,2021-12-11,20195,0.054952323,0.054310522973537445,0.715,0.0009212150471284986,0.052586402744054794,0.05520039424300194
0,5,1263,2021-12-11,21047,0.053115435,0.053026821464300156,0.63,0.00021372782066464424,0.0525798574090004,0.053168948739767075
0,5,1269,2021-12-11,21093,0.003687436,0.0037728040479123592,0.42,0.0002994780079461634,0.0035905970726162195,0.0045129829086363316
0,5,1272,2021-12-11,21107,0.20580009,0.20619505643844604,0.14,0.00022714960505254567,0.20571741461753845,0.20639409124851227
0,5,1277,2021-12-11,21141,0.049516782,0.04938945174217224,0.7,0.00022165360860526562,0.04892812296748161,0.04957575723528862
0,5,1278,2021-12-11,21143,0.035284996,0.0354202538728714,0.32,0.00014929140161257237,0.03511546924710274,0.03553733602166176
0,5,1282,2021-12-11,21155,0.016905406,0.01687188260257244,0.555,0.00016859915922395885,0.01652238331735134,0.01701492629945278
0,5,1286,2021-12-11,21175,0.007733874,0.0064035337418317795,0.775,0.0010262101422995329,0.0056618289090693,0.008930929005146027
0,5,1289,2021-12-11,21195,0.0063140783,0.0059480019845068455,0.685,0.0005171726807020605,0.0057040611281991005,0.007333891000598669
0,5,1291,2021-12-11,21199,0.011102963,0.011028559878468513,0.525,0.000489810889121145,0.010065073147416115,0.011527794413268566
0,5,1292,2021-12-11,21203,0.0066359392,0.006051314063370228,0.735,0.000565277470741421,0.005682663526386023,0.0074444240890443325
0,5,1297,2021-12-11,21217,0.005340059,0.005443483125418425,0.265,0.0001590222236700356,0.005304060410708189,0.005771304480731487
0,5,1302,2021-12-11,21239,0.0051585315,0.00533653236925602,0.17,0.0003429470816627145,0.0051218424923717976,0.006216706242412329
0,5,1317,2021-12-11,26007,0.014931423,0.012999827973544598,0.955,0.0007459225598722696,0.01238651666790247,0.0150519497692585
0,5,1322,2021-12-11,26023,0.010661237,0.011120635084807873,0.14,0.00043084638309665024,0.010616612620651722,0.011769223026931286
0,5,1329,2021-12-11,26041,0.03860806,0.031375952064991,0.945,0.00556041719391942,0.022880032658576965,0.038739390671253204
0,5,1331,2021-12-11,26047,0.023615712,0.021438978612422943,0.98,0.0009337873198091984,0.02069949544966221,0.023652592673897743
0,5,1339,2021-12-11,26069,0.09152718,0.09925967454910278,0.03,0.004918588325381279,0.0913756862282753,0.10542316734790802
0,5,1340,2021-12-11,26071,0.066789016,0.07550053298473358,0.015,0.006993237882852554,0.06676152348518372,0.0860142707824707
0,5,1357,2021-12-11,26111,0.05587705,0.05816235393285751,0.105,0.001297488110139966,0.05542191490530968,0.05946958437561989
0,5,1364,2021-12-11,26127,0.018996079,0.01776929385960102,0.79,0.0014079728862270713,0.01546411495655775,0.019962240010499954
0,5,1365,2021-12-11,26129,0.18072987,0.1891651749610901,0.13,0.006669953931123018,0.17986342310905457,0.19787368178367615
0,5,1366,2021-12-11,26135,0.1655919,0.17362675070762634,0.03,0.005508319940418005,0.1655469834804535,0.18138408660888672
0,5,1367,2021-12-11,26137,0.025224905,0.028590835630893707,0.025,0.003393301274627447,0.02520296350121498,0.03488786891102791
0,5,1369,2021-12-11,26141,0.024624122,0.031004486605525017,0.01,0.0030171419493854046,0.024610523134469986,0.03317020460963249
0,5,1375,2021-12-11,26155,0.0073386375,0.004894133657217026,0.76,0.0016480693593621254,0.004528500605374575,0.009199507534503937
0,5,1379,2021-12-11,26163,0.030384135,0.02830972895026207,0.885,0.0021536231506615877,0.024334803223609924,0.030527202412486076
0,5,1384,2021-12-11,27023,0.007800865,0.00763873802497983,0.68,0.00020226316701155156,0.007502641994506121,0.008092711679637432
0,5,1391,2021-12-11,27047,0.017449375,0.015248361974954605,0.63,0.0031706849113106728,0.013016102835536003,0.022153647616505623
0,5,1392,2021-12-11,27049,0.0056952885,0.006318984553217888,0.28,0.0013890063855797052,0.005601136479526758,0.009633305482566357
0,5,1397,2021-12-11,27079,0.022975199,0.021393191069364548,0.57,0.0046738614328205585,0.01723276823759079,0.029999567195773125
0,5,1402,2021-12-11,27099,0.03669709,0.039594803005456924,0.435,0.0067198192700743675,0.031201206147670746,0.04911213368177414
0,5,1407,2021-12-11,27117,0.00749635,0.007677810732275248,0.28,0.00041253151721321046,0.007438134867697954,0.0087072579190135
0,5,1410,2021-12-11,27129,0.007862653,0.007889407686889172,0.49,0.0006883528549224138,0.007415285799652338,0.009382241405546665
0,5,1418,2021-12-11,27157,0.02043374,0.017626352608203888,0.765,0.0025050791446119547,0.014241508208215237,0.021023238077759743
0,5,1422,2021-12-11,27171,0.0098289065,0.00967774074524641,0.53,0.000902261643204838,0.008970529772341251,0.01151272188872099
0,5,1425,2021-12-11,29003,0.07248137,0.06870868057012558,0.76,0.003784709144383669,0.06266549974679947,0.07347459346055984
0,5,1435,2021-12-11,29037,0.020838568,0.023404259234666824,0.35,0.0031046022195369005,0.018715379759669304,0.027830153703689575
0,5,1443,2021-12-11,29067,0.0025704096,0.0025674449279904366,0.52,9.326195868197829e-05,0.002476605586707592,0.002753586508333683
0,5,1444,2021-12-11,29069,0.0030384064,0.002933309879153967,0.65,0.00016874002176336944,0.0028284930158406496,0.0033478476107120514
0,5,1447,2021-12-11,29075,0.027472343,0.026394253596663475,0.74,0.0011195247061550617,0.02491367608308792,0.0280678179115057
0,5,1452,2021-12-11,29095,0.0115922885,0.015520945191383362,0.04,0.004232000093907118,0.011280658654868603,0.023423343896865845
0,5,1455,2021-12-11,29111,0.008945441,0.0070526981726288795,0.82,0.001306871767155826,0.005960237700492144,0.009870477952063084
0,5,1456,2021-12-11,29113,0.014411163,0.014346037060022354,0.75,5.439759843284264e-05,0.014292224310338497,0.014448480680584908
0,5,1462,2021-12-11,29131,0.0109757325,0.010963160544633865,0.73,1.1462383554317057e-05,0.010953802615404129,0.010987633839249611
0,5,1468,2021-12-11,29159,0.009130074,0.0095451595261693,0.43,0.0014688564697280526,0.008114597760140896,0.012482219375669956
0,5,1480,2021-12-11,29201,0.0031577807,0.0032171825878322124,0.345,0.00016659004904795438,0.003108852542936802,0.00361450738273561
0,5,1482,2021-12-11,29211,0.019735742,0.01999758929014206,0.365,0.0007284711464308202,0.019647404551506042,0.021767161786556244
0,5,1488,2021-12-11,30037,0.0016661003,0.0016805155901238322,0.185,1.838513526308816e-05,0.001662794966250658,0.001716551254503429
0,5,1489,2021-12-11,30067,0.00127342,0.001288079540245235,0.17,1.611450352356769e-05,0.0012705960543826222,0.0013182706898078322
0,5,1501,2021-12-11,35006,0.005316409,0.005539411678910255,0.325,0.0002830444718711078,0.005234990734606981,0.00602599885314703
0,5,1502,2021-12-11,35009,0.0040991874,0.004191430285573006,0.285,0.00012469464854802936,0.004066251218318939,0.004410174675285816
0,5,1505,2021-12-11,35019,0.010169993,0.01067119650542736,0.03,0.00044424322550185025,0.010143090039491653,0.011395135894417763
0,5,1511,2021-12-11,35039,0.20777482,0.20762202143669128,0.68,0.00019309495110064745,0.2073226124048233,0.20780344307422638
0,5,1518,2021-12-11,35059,0.0148682855,0.01622340828180313,0.06,0.001147800823673606,0.014733802527189255,0.01819024048745632
0,5,1530,2021-12-11,36033,0.024708727,0.03125694766640663,0.09,0.004507465288043022,0.024592237547039986,0.036933861672878265
0,5,1533,2021-12-11,36039,0.007463554,0.006263071671128273,0.785,0.0009554720018059015,0.005211911629885435,0.008023712784051895
0,5,1535,2021-12-11,36043,0.015245252,0.014650991186499596,0.925,0.0002788596029859036,0.01430381927639246,0.01546430867165327
0,5,1538,2021-12-11,36051,0.02134469,0.015315596014261246,0.8,0.003888788167387247,0.012072334066033363,0.023456057533621788
0,5,1543,2021-12-11,36063,0.038612846,0.04255370423197746,0.25,0.0028781259898096323,0.035550132393836975,0.044111646711826324
0,5,1547,2021-12-11,36073,0.08711324,0.093054860830307,0.29,0.0054565188474953175,0.0824880376458168,0.09786444157361984
0,5,1551,2021-12-11,36091,0.010358914,0.010775207541882992,0.14,0.00024564791237935424,0.010347948409616947,0.010998361743986607
0,5,1552,2021-12-11,36093,0.00567472,0.0045143733732402325,0.81,0.0008551091304980218,0.00380474841222167,0.006400644779205322
0,5,1553,2021-12-11,36095,0.0107086515,0.009391195140779018,0.815,0.0007561718230135739,0.009011450223624706,0.011200047098100185
0,5,1566,2021-12-11,37081,0.0015209905,0.001600415213033557,0.375,0.00016606913413852453,0.0014600453432649374,0.0019548824056982994
0,5,1567,2021-12-11,37151,0.0015502141,0.0014927613083273172,0.675,8.653981785755605e-05,0.001428173272870481,0.001691137091256678
0,5,1570,2021-12-11,39003,0.018366894,0.018860014155507088,0.46,0.00249660131521523,0.016316376626491547,0.023520292714238167
0,5,1571,2021-12-11,39007,0.04995716,0.05181648209691048,0.08,0.0009142222697846591,0.04970509558916092,0.05254393815994263
0,5,1574,2021-12-11,39035,0.009594922,0.008905898779630661,0.59,0.0014177997363731265,0.007704519666731358,0.011849985457956791
0,5,1577,2021-12-11,39043,0.014296758,0.013412055559456348,0.59,0.0024404367431998253,0.011841176077723503,0.018731797114014626
0,5,1579,2021-12-11,39049,0.008758036,0.008882943540811539,0.43,0.0005738071631640196,0.008453127928078175,0.010166655294597149
0,5,1591,2021-12-11,39113,0.01079162,0.010881150141358376,0.465,0.0007682826835662127,0.010310102254152298,0.012534876354038715
0,5,1603,2021-12-11,39171,0.013852015,0.012920701876282692,0.63,0.002334587974473834,0.01093112863600254,0.017817270010709763
0,5,1614,2021-12-11,40093,0.018121915,0.020886477082967758,0.135,0.002589423442259431,0.017621755599975586,0.025194043293595314
0,5,1618,2021-12-11,40153,0.022487367,0.02491774596273899,0.135,0.002326150657609105,0.0221840962767601,0.02891639992594719
0,5,1622,2021-12-11,41037,0.00608564,0.006495005916804075,0.345,0.0007750825025141239,0.005768838804215193,0.00805508904159069
0,5,1624,2021-12-11,42019,0.008157438,0.006337486207485199,0.785,0.0012775834184139967,0.005368171259760857,0.009275640361011028
0,5,1627,2021-12-11,42121,0.015364992,0.01547544077038765,0.4,0.000348303175996989,0.015059840865433216,0.016098253428936005
0,5,1634,2021-12-11,46005,0.004460248,0.004406420513987541,0.65,6.882298475829884e-05,0.00435107946395874,0.0045474315993487835
0,5,1635,2021-12-11,46007,0.0023069447,0.0023299986496567726,0.375,2.6121286282432266e-05,0.002294732490554452,0.002360343700274825
0,5,1640,2021-12-11,46017,0.0026841112,0.002686931751668453,0.265,8.623509529570583e-06,0.002661318751052022,0.0027012545615434647
0,5,1643,2021-12-11,46027,0.012020192,0.012274704873561859,0.375,0.0005904408171772957,0.011759641580283642,0.013395504094660282
0,5,1647,2021-12-11,46037,0.0027763345,0.0029342900961637497,0.3,0.00020278990268707275,0.0027086834888905287,0.0033070561476051807
0,5,1650,2021-12-11,46043,0.007674694,0.00775081105530262,0.06,9.001471335068345e-05,0.007667060010135174,0.007907165214419365
0,5,1656,2021-12-11,46055,0.0022303173,0.0022680656984448433,0.405,6.565513467648998e-05,0.002193440217524767,0.002377691213041544
0,5,1657,2021-12-11,46057,0.003910197,0.004050508141517639,0.23,0.0002008405572269112,0.003870234591886401,0.00444685947149992
0,5,1664,2021-12-11,46071,0.0023352301,0.0023758208844810724,0.33,4.9011076043825597e-05,0.0023267280776053667,0.0024488605558872223
0,5,1688,2021-12-11,46123,0.004983254,0.0050493995659053326,0.335,0.00010350220691179857,0.004964067135006189,0.005248567089438438
0,5,1689,2021-12-11,46125,0.010094152,0.009830205701291561,0.62,0.0005017894436605275,0.009462096728384495,0.010950717143714428
0,5,1696,2021-12-11,47027,0.038930345,0.03935227543115616,0.245,0.0003705351846292615,0.038637347519397736,0.03974227234721184
0,5,1711,2021-12-11,47089,0.0017964368,0.0018493970856070518,0.36,0.000133082052343525,0.001745401881635189,0.002166224643588066
0,5,1718,2021-12-11,47123,0.0056090513,0.005718792323023081,0.445,0.00033106390037573874,0.0050886329263448715,0.00603043707087636
0,5,1719,2021-12-11,47125,0.0040818676,0.004066694527864456,0.635,2.5380322767887264e-05,0.004041551612317562,0.004111561458557844
0,5,1724,2021-12-11,47139,0.010577045,0.01072881743311882,0.33,0.00023591346689499915,0.01029257383197546,0.011020799167454243
0,5,1725,2021-12-11,47149,0.009375446,0.009668407961726189,0.345,0.0005520592094399035,0.008943276479840279,0.01066397875547409
0,5,1727,2021-12-11,47155,0.003563221,0.0036217565648257732,0.365,8.381070074392483e-05,0.0035021533258259296,0.003737879218533635
0,5,1729,2021-12-11,47159,0.0054965494,0.005383853334933519,0.545,0.0004469158302526921,0.004972351249307394,0.006317065563052893
0,5,1733,2021-12-11,47189,0.0073027546,0.007281904108822346,0.535,0.00011677155271172523,0.007153445854783058,0.0074704717844724655
0,5,1741,2021-12-11,48179,0.006889527,0.0073335301131010056,0.055,0.0004452296707313508,0.006864617113023996,0.008137126453220844
0,5,1743,2021-12-11,48205,0.015587361,0.01557300053536892,0.985,8.624415386293549e-06,0.015563640743494034,0.015587891452014446
0,5,1745,2021-12-11,48233,0.010976539,0.0115355821326375,0.06,0.0004927073023281991,0.01089803222566843,0.012434952892363071
0,5,1746,2021-12-11,48315,0.0024396284,0.0024387759622186422,0.68,1.2971391925020725e-06,0.0024366702418774366,0.00244204793125391
0,5,1748,2021-12-11,48357,0.011251351,0.012025969102978706,0.05,0.0007010971894487739,0.011191807687282562,0.013307635672390461
0,5,1757,2021-12-11,49003,0.006758802,0.006742795929312706,0.9,1.05591834653751e-05,0.0067313616164028645,0.006760081741958857
0,5,1760,2021-12-11,49023,0.002256896,0.00232575461268425,0.025,7.355029811151326e-05,0.0022547319531440735,0.002468526130542159
0,5,1773,2021-12-11,50015,0.025362976,0.019326776266098022,0.825,0.004473891109228134,0.013932697474956512,0.026561178267002106
0,5,1778,2021-12-11,50025,0.013761879,0.011328727006912231,0.87,0.0011276735458523035,0.010962209664285183,0.014295593835413456
0,5,1783,2021-12-11,51197,0.0076510347,0.007661730982363224,0.46,5.888247687835246e-05,0.007615385577082634,0.007792099844664335
0,5,1792,2021-12-11,54093,0.02123791,0.02221919223666191,0.22,0.0007027100655250251,0.020948724821209908,0.022965259850025177
0,5,1793,2021-12-11,55001,0.019693509,0.015522523783147335,0.885,0.00231866049580276,0.013493405655026436,0.020375387743115425
0,5,1795,2021-12-11,55015,0.016670533,0.01651845872402191,0.515,0.0011516051599755883,0.015537199564278126,0.018960004672408104
0,5,1797,2021-12-11,55019,0.04014153,0.04280804842710495,0.085,0.0014072414487600327,0.03993109613656998,0.04393981024622917
0,5,1802,2021-12-11,55029,0.033614386,0.02873528003692627,0.9,0.004135428927838802,0.022260846570134163,0.033928271383047104
0,5,1811,2021-12-11,55055,0.008690254,0.010608520358800888,0.035,0.0011318540200591087,0.008658671751618385,0.012563733384013176
0,5,1829,2021-12-11,55101,0.014912711,0.01677071861922741,0.41,0.005122017115354538,0.012402882799506187,0.026688475161790848
0,5,1834,2021-12-11,55121,0.0306284,0.03102024272084236,0.44,0.0007586507126688957,0.029324021190404892,0.03145383670926094
0,5,1837,2021-12-11,55127,0.012757308,0.01502214465290308,0.42,0.004941111896187067,0.010849982500076294,0.02576354704797268
0,5,1838,2021-12-11,55131,0.01567315,0.016749948263168335,0.44,0.0034698580857366323,0.01070447452366352,0.020370082929730415
0,5,1843,2021-12-11,56001,0.0042535653,0.004383819177746773,0.31,0.0002962615981232375,0.004216747358441353,0.004976475611329079
0,5,1845,2021-12-11,56007,0.0011151051,0.0012280149385333061,0.13,0.00013833931006956846,0.0011054943315684795,0.0014827648410573602
0,5,1846,2021-12-11,56009,0.009956983,0.010150546208024025,0.07,0.0002338378399144858,0.009947141632437706,0.01059687789529562
0,5,1854,2021-12-11,56041,0.002036235,0.0020939973182976246,0.15,6.414179370040074e-05,0.0020318939350545406,0.0022098750341683626
0,5,1863,2022-06-08,01099,0.0051689153,0.0051619745790958405,0.945,3.338320311740972e-06,0.005160004366189241,0.005169212352484465
0,5,1864,2022-06-08,01103,0.0019028499,0.0018548322841525078,0.82,3.353147258167155e-05,0.0018236184259876609,0.0019193688640370965
0,5,1865,2022-06-08,01129,0.0023969726,0.002369438298046589,0.975,1.6612368199275807e-05,0.002350833034142852,0.002397041069343686
0,5,1867,2022-06-08,05019,0.008807755,0.008815279230475426,0.11,3.884747002302902e-06,0.008806268684566021,0.008818150497972965
0,5,1868,2022-06-08,05041,0.07303726,0.07303766906261444,0.35,1.0913383903243812e-06,0.07303497940301895,0.07303891330957413
0,5,1874,2022-06-08,06003,0.015870966,0.016069550067186356,0.375,0.0003635864413809031,0.015538441017270088,0.016596835106611252
0,5,1877,2022-06-08,06035,0.005799111,0.005961035378277302,0.215,0.00017475627828389406,0.005725615192204714,0.006240421906113625
0,5,1881,2022-06-08,06063,0.011070708,0.011152254417538643,0.41,0.00018600300245452672,0.01087571308016777,0.011419461108744144
0,5,1883,2022-06-08,06107,0.0011528927,0.0011528930626809597,0.485,3.4761338696398525e-08,0.0011528623290359974,0.0011529942275956273
0,5,1885,2022-06-08,08031,0.0026607425,0.0026675285771489143,0.065,5.3114549700694624e-06,0.0026600975543260574,0.0026753272395581007
0,5,1887,2022-06-08,08063,0.002505617,0.002559120999649167,0.22,6.497931462945417e-05,0.002489991020411253,0.0026775896549224854
0,5,1889,2022-06-08,08099,0.002781087,0.0028614760376513004,0.16,8.959028491517529e-05,0.0027674795128405094,0.0030369919259101152
0,5,1893,2022-06-08,12019,0.0041010785,0.004025431349873543,0.935,4.2245254007866606e-05,0.003982462454587221,0.004104509484022856
0,5,1900,2022-06-08,13051,0.0038369193,0.003939774818718433,0.165,8.625096961623058e-05,0.0038072061724960804,0.004065396264195442
0,5,1911,2022-06-08,17109,0.003188064,0.003195267403498292,0.335,1.6496045645908453e-05,0.0031854836270213127,0.003235279116779566
0,5,1912,2022-06-08,17111,0.0021085092,0.00211256742477417,0.125,6.7527444116421975e-06,0.0021056439727544785,0.002130065346136689
0,5,1916,2022-06-08,18013,0.0063738227,0.006365280598402023,0.86,4.802124294656096e-06,0.0063608563505113125,0.006375613622367382
0,5,1921,2022-06-08,18079,0.0033261012,0.003289455082267523,0.79,2.8420630769687705e-05,0.003259246004745364,0.0033400971442461014
0,5,1924,2022-06-08,18139,0.0031941694,0.0032054728362709284,0.43,4.4355037971399724e-05,0.0031385996844619513,0.003272027475759387
0,5,1927,2022-06-08,19039,0.0048504192,0.004872883204370737,0.08,1.1743551112886053e-05,0.0048388526774942875,0.004894132725894451
0,5,1930,2022-06-08,19155,0.0029608242,0.0029427765402942896,0.89,1.360487840429414e-05,0.0029165279120206833,0.0029668952338397503
0,5,1940,2022-06-08,22033,0.00622791,0.0061951796524226665,0.79,2.4523395040887408e-05,0.006174290087074041,0.006244647782295942
0,5,1946,2022-06-08,24003,0.0026345397,0.0026237252168357372,0.695,1.1564415217435453e-05,0.002611397998407483,0.002644789405167103
0,5,1962,2022-06-08,28035,0.011448764,0.011454315856099129,0.0,3.1031806884129765e-06,0.011448781006038189,0.011457624845206738
0,5,1964,2022-06-08,28051,0.013490093,0.013495499268174171,0.035,3.1748679703014204e-06,0.01349001843482256,0.013499060645699501
0,5,1966,2022-06-08,28061,0.0016822661,0.001664456445723772,0.99,1.0448708962940145e-05,0.0016514962771907449,0.0016823350451886654
0,5,1971,2022-06-08,28121,0.0029127982,0.0029178562108427286,0.1,2.0514266907412093e-06,0.002911504590883851,0.0029186303727328777
0,5,1978,2022-06-08,28163,0.0026653677,0.002641010098159313,0.935,1.4995616766100284e-05,0.0026245443150401115,0.002666441723704338
0,5,1989,2022-06-08,29095,0.014663588,0.01466479804366827,0.165,1.115588588618266e-06,0.014662104658782482,0.014666741713881493
0,5,1993,2022-06-08,29131,0.008344693,0.008345305919647217,0.3,7.104341079866572e-07,0.008344219997525215,0.008346463553607464
0,5,1995,2022-06-08,29159,0.0040793284,0.004078843165189028,0.525,3.445877382546314e-06,0.004073957446962595,0.004085482098162174
0,5,1999,2022-06-08,29221,0.005506275,0.005509320646524429,0.185,2.826626541718724e-06,0.005505637265741825,0.005514577962458134
0,5,2004,2022-06-08,32001,0.0009259038,0.0009399346308782697,0.07,1.692849036771804e-05,0.0009241863153874874,0.0009745724964886904
0,5,2013,2022-06-08,32031,0.0030604193,0.003099275752902031,0.035,3.264112092438154e-05,0.0030575322452932596,0.0031567085534334183
0,5,2017,2022-06-08,34015,0.0025700063,0.0024809767492115498,0.76,7.058079063426703e-05,0.002399878576397896,0.0026030573062598705
0,5,2018,2022-06-08,34025,0.002746257,0.0026460683438926935,0.69,0.00011776110477512702,0.0025266471784561872,0.00286599132232368
0,5,2029,2022-06-08,35059,0.0036732028,0.003786575049161911,0.095,0.0001018330076476559,0.0036642393097281456,0.003939151298254728
0,5,2035,2022-06-08,37053,0.0024562245,0.00239660800434649,0.85,4.2360588849987835e-05,0.0023437514901161194,0.0024662152864038944
0,5,2037,2022-06-08,37085,0.0030824197,0.003035743487998843,0.92,2.9623444788740017e-05,0.0030014391522854567,0.003084820695221424
0,5,2041,2022-06-08,37131,0.0053965314,0.005390442907810211,0.9,3.5648288303491427e-06,0.005386674776673317,0.005397449247539043
0,5,2045,2022-06-08,37151,0.0015001453,0.001499200239777565,0.92,1.246709643965005e-06,0.001495522097684443,0.0015007763868197799
0,5,2056,2022-06-08,39027,0.0071745,0.007173744961619377,0.515,8.466028702969197e-06,0.007164542097598314,0.007190521340817213
0,5,2057,2022-06-08,39029,0.0038627146,0.003858025651425123,0.685,4.570415967464214e-06,0.0038559352979063988,0.0038691398221999407
0,5,2059,2022-06-08,39041,0.002253704,0.0022393614053726196,0.73,1.3816535101796035e-05,0.0022245878353714943,0.002264998620375991
0,5,2062,2022-06-08,39057,0.00452981,0.00453593023121357,0.305,9.26843404158717e-06,0.004526067059487104,0.004553693812340498
0,5,2073,2022-06-08,39113,0.0032730834,0.0032763066701591015,0.44,1.489772057539085e-05,0.0032578972168266773,0.0033013492356985807
0,5,2078,2022-06-08,39145,0.0054157237,0.00541204959154129,0.745,3.962505616073031e-06,0.005409767385572195,0.00542173907160759
0,5,2082,2022-06-08,39167,0.0031459818,0.003147638402879238,0.11,2.278815145473345e-06,0.0031451138202100992,0.003153474535793066
0,5,2087,2022-06-08,40051,0.017217543,0.017218519002199173,0.13,9.854149993770989e-07,0.01721702329814434,0.017220351845026016
0,5,2103,2022-06-08,40143,0.0030044834,0.003025157144293189,0.005,3.365971497260034e-05,0.0030044405721127987,0.0031044194474816322
0,5,2104,2022-06-08,40149,0.01729219,0.017300991341471672,0.045,7.441215529979672e-06,0.01729132980108261,0.017314063385128975
0,5,2108,2022-06-08,42059,0.0053813737,0.005386544857174158,0.32,6.545703854499152e-06,0.005376539193093777,0.005396914668381214
0,5,2114,2022-06-08,45073,0.0017310786,0.0017275908030569553,0.68,3.6073267892788863e-06,0.0017240578308701515,0.0017337541794404387
0,5,2122,2022-06-08,46031,0.0024495418,0.002457763534039259,0.265,2.1269819626468234e-05,0.0024445399176329374,0.0025065860245376825
0,5,2125,2022-06-08,46037,0.002405021,0.002405238337814808,0.42,1.7831375771493185e-06,0.002400611760094762,0.00241021066904068
0,5,2129,2022-06-08,46055,0.16142468,0.16141822934150696,0.605,1.319287002843339e-05,0.1613938957452774,0.16142988204956055
0,5,2134,2022-06-08,46071,0.094010174,0.09400206059217453,0.73,7.094585271261167e-06,0.09399255365133286,0.09401334077119827
0,5,2150,2022-06-08,46129,0.0023543593,0.002365796361118555,0.11,1.4326160453492776e-05,0.002353155752643943,0.0023936049547046423
0,5,2156,2022-06-08,48075,0.0027813946,0.0027925828471779823,0.02,1.775047530827578e-05,0.002781032584607601,0.0028310739435255527
0,5,2158,2022-06-08,48101,0.01110475,0.011113760061562061,0.005,8.556577085983008e-06,0.011104254983365536,0.011131242848932743
0,5,2165,2022-06-08,48179,0.0043899636,0.00441597867757082,0.035,2.497018977010157e-05,0.0043887910433113575,0.004460311494767666
0,5,2167,2022-06-08,48191,0.0069995536,0.007014538161456585,0.015,1.2884231182397343e-05,0.006999197416007519,0.007036629132926464
0,5,2169,2022-06-08,48205,0.0037464048,0.0037708282470703125,0.055,2.384045183134731e-05,0.0037446939386427402,0.0038127307780086994
0,5,2171,2022-06-08,48233,0.00434765,0.004351858980953693,0.235,1.0092087904922664e-05,0.004345944616943598,0.0043764724396169186
0,5,2178,2022-06-08,48357,0.0029461575,0.0030096315313130617,0.025,6.332705379463732e-05,0.0029434887692332268,0.0031309411861002445
0,5,2186,2022-06-08,48487,0.0024813635,0.0024913258384913206,0.34,1.3749943718721624e-05,0.0024771273601800203,0.0025146391708403826
0,5,2193,2022-06-08,51049,0.0038805632,0.003868470434099436,0.87,7.560326594102662e-06,0.0038593749050050974,0.0038813124410808086
0,5,2195,2022-06-08,51061,0.0019236961,0.0018957925494760275,0.74,2.4602752091595903e-05,0.001868388382717967,0.0019414471462368965
0,5,2198,2022-06-08,51075,0.0021969837,0.0021782079711556435,0.825,1.3813618352287449e-05,0.0021621009800583124,0.0022029855754226446
0,5,2212,2022-06-08,51179,0.004071402,0.0040670838207006454,0.85,2.662804490682902e-06,0.004064298700541258,0.0040720244869589806
0,5,2214,2022-06-08,51810,0.0025822993,0.0024985801428556442,0.73,6.707442662445828e-05,0.0024425049778074026,0.002636557212099433
0,5,2215,2022-06-08,54025,0.0017791379,0.0017269252566620708,0.735,5.0757935241563246e-05,0.001676787156611681,0.0018228123662993312
0,5,2219,2022-06-08,54039,0.0032741614,0.003290743101388216,0.4,4.290704964660108e-05,0.0032207630574703217,0.0033411686308681965
0,5,2224,2022-06-08,54057,0.0024128002,0.0022923797369003296,0.75,0.00010290842328686267,0.0021754754707217216,0.002480873139575124
0,5,2225,2022-06-08,54061,0.0032751549,0.0032717385329306126,0.565,1.0981958439515438e-05,0.0032587603200227022,0.0032907752320170403
0,5,2234,2022-06-08,55055,0.015457491,0.015456140041351318,0.67,2.6089310267707333e-06,0.015451298095285892,0.01546019408851862
0,5,2244,2024-02-27,01103,0.0013037678,0.0012139799073338509,0.815,6.441009463742375e-05,0.0011543469736352563,0.0013585876440629363
0,5,2247,2024-02-27,04017,0.0052735545,0.006647211499512196,0.05,0.0011358086485415697,0.005203458946198225,0.008440399542450905
0,5,2248,2024-02-27,06003,0.028023742,0.028175538405776024,0.41,0.00045803203829564154,0.027892891317605972,0.02916138246655464
0,5,2254,2024-02-27,06033,0.006325022,0.0077250003814697266,0.215,0.0023789778351783752,0.005934256594628096,0.012727528810501099
0,5,2255,2024-02-27,06035,0.011050929,0.012210963293910027,0.28,0.0015081969322636724,0.010849826037883759,0.015001355670392513
0,5,2256,2024-02-27,06037,0.0024226622,0.002858399413526058,0.01,0.000516593165230006,0.002420754637569189,0.003922298550605774
0,5,2262,2024-02-27,06063,0.083192736,0.08272255957126617,0.605,0.0012433216907083988,0.08035220950841904,0.0837082713842392
0,5,2265,2024-02-27,06073,0.0026142176,0.003003990277647972,0.005,0.00040259823435917497,0.0026104883290827274,0.0038200905546545982
0,5,2287,2024-02-27,08103,0.00637847,0.006637918762862682,0.385,0.0008632575045339763,0.005791219882667065,0.008373299613595009
0,5,2301,2024-02-27,13189,0.001481606,0.0013256045058369637,0.9,8.594078099122271e-05,0.0012416421668604016,0.001510285190306604
0,5,2302,2024-02-27,13217,0.0015434559,0.0014957424718886614,0.695,5.899627285543829e-05,0.0014534827787429094,0.0016360037261620164
0,5,2304,2024-02-27,13221,0.011133485,0.011210514232516289,0.125,4.728357816929929e-05,0.011107465252280235,0.011255666613578796
0,5,2306,2024-02-27,13233,0.0074162544,0.007528830319643021,0.185,7.088013808242977e-05,0.007363735232502222,0.007582675199955702
0,5,2309,2024-02-27,16001,0.0048073046,0.005521910265088081,0.11,0.0007123262039385736,0.004748241510242224,0.006810788065195084
0,5,2319,2024-02-27,16075,0.004453225,0.005199877545237541,0.0,0.0007652120548300445,0.004455268383026123,0.006832643412053585
0,5,2338,2024-02-27,17185,0.0025294013,0.0024931742809712887,0.555,0.00019507613615132868,0.002347636502236128,0.00297164311632514
0,5,2346,2024-02-27,18065,0.0027926443,0.0028202994726598263,0.465,0.0002219950401922688,0.002651068614795804,0.003338185604661703
0,5,2349,2024-02-27,18089,0.0038414935,0.003893893677741289,0.425,0.00023478227376472205,0.003685785923153162,0.00441276328638196
0,5,2351,2024-02-27,18109,0.0030789853,0.002672327682375908,0.785,0.0002983215090353042,0.0024071421939879656,0.0032649242784827948
0,5,2354,2024-02-27,18139,0.0029150343,0.0029090873431414366,0.5,0.00034234774648211896,0.002630386734381318,0.003629119833931327
0,5,2355,2024-02-27,18145,0.0024097527,0.0024754530750215054,0.44,0.0002235844440292567,0.002289489610120654,0.0029655967373400927
0,5,2357,2024-02-27,21007,0.0024245144,0.0023999358527362347,0.59,4.4201475247973576e-05,0.0023686233907938004,0.0025069285184144974
0,5,2360,2024-02-27,21019,0.0028804722,0.0028919875621795654,0.42,2.5178009309456684e-05,0.002851257799193263,0.002922989660874009
0,5,2365,2024-02-27,21047,0.0025167998,0.0025259037502110004,0.31,2.9532306143664755e-05,0.002510735997930169,0.002616828540340066
0,5,2369,2024-02-27,21067,0.0025867624,0.00276056956499815,0.02,0.0002655930584296584,0.002584083704277873,0.0033979525323957205
0,5,2373,2024-02-27,21085,0.0018256585,0.0017608501948416233,0.665,0.00011538784019649029,0.001672231126576662,0.002015339210629463
0,5,2379,2024-02-27,21107,0.00240627,0.0021942807361483574,0.865,0.00010583989933365956,0.0021320590749382973,0.0024674369487911463
0,5,2393,2024-02-27,21239,0.0046263887,0.004572990350425243,0.865,5.778232298325747e-05,0.004468182567507029,0.004633976146578789
0,5,2398,2024-02-27,25009,0.008770143,0.006770399399101734,0.86,0.0010333231184631586,0.006146466825157404,0.009246856905519962
0,5,2404,2024-02-27,25025,0.005000381,0.005592957604676485,0.3,0.0009390295017510653,0.004808050114661455,0.007468299474567175
0,5,2413,2024-02-27,29035,0.0014766646,0.0014169744681566954,0.82,3.9608043152838945e-05,0.0013854652643203735,0.0015107133658602834
0,5,2417,2024-02-27,29201,0.0017626858,0.0017733743879944086,0.375,4.098713179701008e-05,0.0017494282219558954,0.0018863126169890165
0,5,2420,2024-02-27,30001,0.011634516,0.011635673232376575,0.285,1.3991872265251004e-06,0.011634101159870625,0.011638079769909382
0,5,2428,2024-02-27,30043,0.0029990415,0.0029905412811785936,0.705,1.3339879842533264e-05,0.0029635117389261723,0.003004377940669656
0,5,2431,2024-02-27,30049,0.0017150067,0.001643405412323773,0.75,8.417140634264797e-05,0.0014948422322049737,0.001769890310242772
0,5,2433,2024-02-27,30063,0.0017618545,0.0017451918683946133,0.62,3.7550860724877566e-05,0.00168435403611511,0.0018025540048256516
0,5,2434,2024-02-27,30067,0.0024293642,0.002422412857413292,0.865,4.5984802454768214e-06,0.0024174561258405447,0.002432791283354163
0,5,2436,2024-02-27,30081,0.012013395,0.012012487277388573,0.71,1.4498194786938257e-06,0.012010306119918823,0.012015237472951412
0,5,2440,2024-02-27,32001,0.0048205745,0.00657724030315876,0.055,0.0016884701326489449,0.004760580603033304,0.009494658559560776
0,5,2452,2024-02-27,32031,0.016291171,0.018233366310596466,0.05,0.0017392743611708283,0.016194595023989677,0.021175406873226166
0,5,2454,2024-02-27,34017,0.0032235242,0.003547846572473645,0.135,0.0004650430637411773,0.0031971395947039127,0.00459914468228817
0,5,2459,2024-02-27,35009,0.0027555574,0.0027972329407930374,0.295,6.629547715419903e-05,0.0027349735610187054,0.002926545450463891
0,5,2462,2024-02-27,35019,0.0040807268,0.004224855452775955,0.07,0.00012784064165316522,0.0040699271485209465,0.004439768847078085
0,5,2463,2024-02-27,35025,0.0018859752,0.001996041741222143,0.27,0.00019217281078454107,0.0018320574890822172,0.0023928945884108543
0,5,2469,2024-02-27,35041,0.002559113,0.002656465396285057,0.025,8.263897325377911e-05,0.002554804552346468,0.0028020956087857485
0,5,2476,2024-02-27,35059,0.0036623878,0.004258825443685055,0.055,0.0006196651374921203,0.003624961245805025,0.0053999163210392
0,5,2485,2024-02-27,36033,0.013629754,0.008878245018422604,0.955,0.001951706944964826,0.007989686913788319,0.013831612654030323
0,5,2487,2024-02-27,36039,0.009049792,0.009654426947236061,0.17,0.0003747593436855823,0.008965813554823399,0.01001320406794548
0,5,2489,2024-02-27,36043,0.025900189,0.029089579358696938,0.09,0.0015954886330291629,0.02556409128010273,0.030325787141919136
0,5,2501,2024-02-27,36091,0.024302918,0.025277968496084213,0.18,0.000709103886038065,0.02389882691204548,0.025971686467528343
0,5,2502,2024-02-27,36093,0.010507915,0.010724809020757675,0.215,0.00016682005662005395,0.010434966534376144,0.010897298343479633
0,5,2503,2024-02-27,36095,0.012988114,0.011646085418760777,0.865,0.0007399798487313092,0.011096824891865253,0.01344313845038414
0,5,2511,2024-02-27,37189,0.004145594,0.003901311196386814,0.685,0.0003444327157922089,0.0036080696154385805,0.004661975894123316
0,5,2515,2024-02-27,39049,0.0030793701,0.0032513528130948544,0.395,0.0005026284488849342,0.002783688250929117,0.004399847239255905
0,5,2516,2024-02-27,39057,0.0026766495,0.0028104628436267376,0.31,0.00025108971749432385,0.002594617661088705,0.0033939944114536047
0,5,2522,2024-02-27,39113,0.002825435,0.002855344209820032,0.45,0.00017021385428961366,0.0027212651912122965,0.0032295563723891973
0,5,2540,2024-02-27,42059,0.018043444,0.018176982179284096,0.285,0.00011661311873467639,0.0179076436907053,0.018259411677718163
0,5,2550,2024-02-27,45071,0.0014331944,0.00127737398725003,0.895,7.64014694141224e-05,0.0012245499528944492,0.0014723701169714332
0,5,2552,2024-02-27,45081,0.002868904,0.002812501508742571,0.775,4.1169681935571134e-05,0.00278037553653121,0.002903491258621216
0,5,2554,2024-02-27,45087,0.0026338114,0.0025498929899185896,0.895,4.537725180853158e-05,0.002511689206585288,0.0026496737264096737
0,5,2561,2024-02-27,47033,0.0015817616,0.0016158146318048239,0.295,4.620265826815739e-05,0.0015679410425946116,0.00171279301866889
0,5,2564,2024-02-27,47123,0.0025212942,0.0024514433462172747,0.65,0.00012883021554443985,0.0023708930239081383,0.002771444618701935
0,5,2566,2024-02-27,47155,0.0044254814,0.00442734407261014,0.295,4.499229817156447e-06,0.004424485377967358,0.004436957649886608
0,5,2580,2024-02-27,48179,0.007865456,0.007817831821739674,0.975,4.363433617982082e-05,0.0077270218171179295,0.007869130000472069
0,5,2582,2024-02-27,48191,0.0016207952,0.001665245508775115,0.02,4.95808562845923e-05,0.001620108145289123,0.001751881092786789
0,5,2584,2024-02-27,48205,0.0040541813,0.0044839512556791306,0.025,0.0003994337748736143,0.0040393187664449215,0.0052289036102592945
0,5,2587,2024-02-27,48233,0.06678858,0.06657851487398148,0.915,0.0002298826730111614,0.06613007932901382,0.06680795550346375
0,5,2601,2024-02-27,49003,0.0039967257,0.00435520987957716,0.11,0.00043685940909199417,0.003941708244383335,0.005231067072600126
0,5,2608,2024-02-27,49023,0.011497918,0.012943301349878311,0.005,0.001280653988942504,0.011441418901085854,0.015228807926177979
0,5,2610,2024-02-27,49029,0.008306233,0.00932459719479084,0.22,0.001369491103105247,0.00804124679416418,0.012123576365411282
0,5,2612,2024-02-27,49033,0.0072945002,0.008030279539525509,0.075,0.0009191510616801679,0.007252140901982784,0.00981106422841549
0,5,2619,2024-02-27,49047,0.011095161,0.012667156755924225,0.175,0.0017589550698176026,0.010855736210942268,0.015788715332746506
0,5,2631,2024-02-27,50015,0.025506504,0.01732315681874752,0.89,0.004728940315544605,0.01280900277197361,0.027077199891209602
0,5,2636,2024-02-27,50025,0.07260784,0.07664167881011963,0.12,0.0022184625267982483,0.07199124991893768,0.07846244424581528
0,5,2640,2024-02-27,51161,0.003705944,0.003705915529280901,0.5,2.2218784579308704e-05,0.0036649820394814014,0.003730406751856208
0,5,2644,2024-02-27,54039,0.0031173704,0.0030960245057940483,0.58,5.907012018724345e-05,0.0030679393094033003,0.0032481038942933083
0,5,2647,2024-02-27,54061,0.0033291846,0.0030768453143537045,0.59,0.00051885936409235,0.0026382100768387318,0.0042046066373586655
0,5,2649,2024-02-27,54083,0.004317741,0.0037332363426685333,0.78,0.0004772060492541641,0.0033852322958409786,0.004909860901534557
0,5,2651,2024-02-27,54093,0.007196048,0.006277899257838726,0.815,0.0005842423415742815,0.005876793526113033,0.007679767441004515
0,5,2653,2024-02-27,56001,0.0013771447,0.0013960606884211302,0.275,1.978022737603169e-05,0.0013739385176450014,0.001424147398211062
0,5,2654,2024-02-27,56007,0.0017561906,0.001828981563448906,0.105,8.551753853680566e-05,0.0017462625401094556,0.0020025100093334913
0,5,2655,2024-02-27,56009,0.0032055855,0.003223075531423092,0.15,2.0129498807364143e-05,0.003204714274033904,0.003260391764342785
0,5,2659,2024-02-27,56041,0.0019951386,0.0021305643022060394,0.155,0.00017077177471946925,0.0019756010733544827,0.002464866731315851
