seed,fold,unit,event,fips,rmse_own,rmse_donor_median,percentile,donor_sd,rmse_donor_min,rmse_donor_max
2,1,1,2019-03-13,01009,0.019636545,0.019633132964372635,0.565,2.446934740873985e-05,0.019569750875234604,0.019651150330901146
2,1,8,2019-03-13,01055,0.007936892,0.007930648513138294,0.67,1.832814814406447e-05,0.007885691709816456,0.0079450448974967
2,1,9,2019-03-13,01065,0.001236052,0.0012323418632149696,0.99,9.428949852008373e-07,0.001232051057741046,0.0012363153509795666
2,1,17,2019-03-13,01127,0.008676256,0.008747005835175514,0.145,4.2386884160805494e-05,0.00863230787217617,0.0087767094373703
2,1,19,2019-03-13,05027,0.010949485,0.01091091614216566,0.995,1.6748032066971064e-05,0.010891500860452652,0.010949529707431793
2,1,23,2019-03-13,08009,0.011532256,0.012315108440816402,0.28,0.0032282574102282524,0.010984058491885662,0.022051464766263962
2,1,31,2019-03-13,08101,0.0075855167,0.007580375298857689,0.835,1.2073913239873946e-05,0.00754662835970521,0.00758620398119092
2,1,45,2019-03-13,17127,0.012054774,0.0119935292750597,0.555,0.000515716674271971,0.011740854941308498,0.013444536365568638
2,1,47,2019-03-13,17151,0.027683485,0.02747204340994358,0.755,0.00018915261898655444,0.027333825826644897,0.027969539165496826
2,1,54,2019-03-13,17193,0.00984933,0.009836120530962944,0.525,0.00030334890470840037,0.009725797921419144,0.010820235125720501
2,1,55,2019-03-13,17199,0.00813155,0.007706973701715469,0.66,0.000769365462474525,0.007433129940181971,0.010106327012181282
2,1,59,2019-03-13,18051,0.009530359,0.009425578638911247,0.62,0.00027282992959953845,0.009276720695197582,0.010240161791443825
2,1,66,2019-03-13,18097,0.008297662,0.008535553701221943,0.06,0.000458722235634923,0.008288685232400894,0.009874955751001835
2,1,73,2019-03-13,18143,0.00602812,0.004844869952648878,0.825,0.0008050008327700198,0.004553596489131451,0.007274115923792124
2,1,74,2019-03-13,18147,0.009652702,0.00971451960504055,0.355,0.00021212786668911576,0.009560856968164444,0.010287865065038204
2,1,81,2019-03-13,20051,0.008791002,0.00890524685382843,0.46,0.0014533177018165588,0.00844050757586956,0.013514623045921326
2,1,83,2019-03-13,20065,0.010574054,0.010627380572259426,0.485,0.002203446812927723,0.009868492372334003,0.017708569765090942
2,1,91,2019-03-13,20181,0.014719624,0.014316709712147713,0.595,0.0018793628551065922,0.01346961222589016,0.020078659057617188
2,1,93,2019-03-13,20199,0.013241411,0.012824730947613716,0.635,0.0016203972045332193,0.012040131725370884,0.018100131303071976
2,1,95,2019-03-13,21015,0.0060611563,0.006892588920891285,0.18,0.001265335944481194,0.005876533221453428,0.009848032146692276
2,1,105,2019-03-13,21073,0.005215979,0.005423706490546465,0.355,0.0009178065811283886,0.004804784432053566,0.007875986397266388
2,1,107,2019-03-13,21081,0.006563764,0.00648395624011755,0.57,0.0007310166256502271,0.005917906295508146,0.00839223526418209
2,1,108,2019-03-13,21083,0.009859879,0.010231353342533112,0.085,0.0006116947042755783,0.009836023673415184,0.011868573725223541
2,1,109,2019-03-13,21091,0.009438665,0.009464184753596783,0.4,4.313694444135763e-05,0.009402570314705372,0.009532797150313854
2,1,118,2019-03-13,21157,0.00959616,0.009487833827733994,0.615,0.00033124457695521414,0.009209818206727505,0.010388195514678955
2,1,126,2019-03-13,21223,0.0045804447,0.004620368592441082,0.15,0.00012104604684282094,0.00455433176830411,0.005052889697253704
2,1,134,2019-03-13,24025,0.0012668814,0.0012771673500537872,0.425,2.6250334485666826e-05,0.0012342279078438878,0.0013169357553124428
2,1,135,2019-03-13,26027,0.018668039,0.018766183406114578,0.16,5.345425597624853e-05,0.018611235544085503,0.018791386857628822
2,1,137,2019-03-13,26093,0.006442704,0.006091862451285124,0.805,0.0002491371997166425,0.005901501979678869,0.006710289046168327
2,1,147,2019-03-13,28087,0.000880161,0.0008310837438330054,0.71,4.671729766414501e-05,0.0008062458364292979,0.0009592244168743491
2,1,153,2019-03-13,29133,0.013051498,0.013100288808345795,0.46,0.0004011423734482378,0.012867643497884274,0.014225889928638935
2,1,160,2019-03-13,32023,0.00035352315,0.00035051925806328654,0.63,3.504449068714166e-06,0.0003448644420132041,0.00035727856447920203
2,1,162,2019-03-13,34027,0.0012163364,0.0012611260171979666,0.235,4.477259426494129e-05,0.0011654667323455215,0.0013138644862920046
2,1,165,2019-03-13,35015,0.007624502,0.009966913610696793,0.105,0.0028290594927966595,0.007236397359520197,0.017207549884915352
2,1,171,2019-03-13,39015,0.0061634183,0.006175526417791843,0.39,3.502997424220666e-05,0.006117809563875198,0.006231904495507479
2,1,182,2019-03-13,39075,0.0045354804,0.004629290662705898,0.215,0.00013912819849792868,0.004499566741287708,0.0049454038962721825
2,1,184,2019-03-13,39089,0.0033902628,0.003376889508217573,0.555,6.690501322736964e-05,0.0033253980800509453,0.0035342928022146225
2,1,190,2019-03-13,39151,0.005968665,0.006027459166944027,0.015,0.0001146203649113886,0.005965110845863819,0.006353182252496481
2,1,191,2019-03-13,39157,0.007502803,0.007771231234073639,0.34,0.0008905509021133184,0.007091035135090351,0.009911485947668552
2,1,193,2019-03-13,40009,0.013556464,0.016219105571508408,0.11,0.004491584841161966,0.013105195015668869,0.02833402156829834
2,1,194,2019-03-13,40011,0.014201086,0.015751950442790985,0.3,0.004098116885870695,0.013129069469869137,0.027921201661229134
2,1,201,2019-03-13,40043,0.016800782,0.020234404131770134,0.11,0.005335660185664892,0.016356179490685463,0.0353802889585495
2,1,211,2019-03-13,40103,0.02632347,0.026222269982099533,0.63,0.00022484063811134547,0.0257510207593441,0.026454025879502296
2,1,215,2019-03-13,40139,0.016506808,0.018834471702575684,0.245,0.0053397235460579395,0.01492262538522482,0.03417988866567612
2,1,221,2019-03-13,47117,0.0017100056,0.001719769206829369,0.475,0.00035410874988883734,0.001535614486783743,0.0027351542375981808
2,1,222,2019-03-13,47157,0.015212325,0.016636904329061508,0.19,0.0017902660183608532,0.014844539575278759,0.020889675244688988
2,1,230,2019-03-13,48049,0.009610365,0.009562330320477486,0.95,5.531571514438838e-05,0.009434416890144348,0.00961362849920988
2,1,231,2019-03-13,48065,0.017942142,0.018481001257896423,0.23,0.0010319596622139215,0.0177242923527956,0.022640788927674294
2,1,234,2019-03-13,48079,0.011187768,0.012581205926835537,0.285,0.003637896617874503,0.010327611118555069,0.02304219640791416
2,1,237,2019-03-13,48087,0.011125043,0.013704005628824234,0.135,0.004350126255303621,0.010681210085749626,0.026795679703354836
2,1,241,2019-03-13,48109,0.02159488,0.0210786834359169,0.885,0.0005092862411402166,0.020015349611639977,0.021702276542782784
2,1,245,2019-03-13,48117,0.015186752,0.015180548653006554,0.505,0.0005117362015880644,0.014314010739326477,0.016477487981319427
2,1,246,2019-03-13,48121,0.004718037,0.004766879603266716,0.255,9.229371062247083e-05,0.004686265718191862,0.005007104016840458
2,1,249,2019-03-13,48135,0.007135709,0.007658013142645359,0.14,0.004280928056687117,0.007073902525007725,0.021515028551220894
2,1,256,2019-03-13,48173,0.0066754944,0.007148505188524723,0.165,0.0013430730905383825,0.006622105371206999,0.011729666963219643
2,1,262,2019-03-13,48195,0.0823239,0.0818401575088501,0.58,0.002533433260396123,0.075636126101017,0.08399401605129242
2,1,282,2019-03-13,48303,0.012839834,0.015064794570207596,0.17,0.004723823629319668,0.01224294863641262,0.029206210747361183
2,1,294,2019-03-13,48363,0.0033657618,0.003583616577088833,0.035,0.00037329946644604206,0.0033483686856925488,0.0046808249317109585
2,1,296,2019-03-13,48369,0.011710567,0.012516980990767479,0.275,0.0028709357138723135,0.011505989357829094,0.02088209055364132
2,1,297,2019-03-13,48371,0.005840844,0.005748589523136616,0.955,0.00010618453961797059,0.0054626017808914185,0.005845515988767147
2,1,301,2019-03-13,48383,0.0045366096,0.004620956256985664,0.17,0.00011981376883341,0.004515141248703003,0.004960484337061644
2,1,315,2019-03-13,48459,0.01850204,0.018498271703720093,0.8,3.232602693969966e-06,0.018494276329874992,0.018505195155739784
2,1,317,2019-03-13,48475,0.009938781,0.00928881112486124,0.915,0.0005949484184384346,0.008161711506545544,0.01014269981533289
2,1,320,2019-03-13,48501,0.0084677255,0.011378474533557892,0.255,0.004943198058754206,0.007262127939611673,0.024965975433588028
2,1,321,2021-03-26,01009,0.0049842666,0.0049832891672849655,0.62,2.8280601327423938e-06,0.004981271456927061,0.004990597255527973
2,1,322,2021-03-26,01013,0.013316234,0.013315319083631039,0.85,7.222450904009747e-07,0.013314167968928814,0.013316546566784382
2,1,324,2021-03-26,01023,0.0034966895,0.0034898221492767334,0.96,2.9122459181962768e-06,0.003486773930490017,0.0034975146409124136
2,1,328,2021-03-26,01035,0.0015655941,0.001564151607453823,0.77,2.3426298412232427e-06,0.0015588656533509493,0.001568709616549313
2,1,332,2021-03-26,01045,0.001439371,0.0014125113375484943,0.88,1.782314393494744e-05,0.001385916373692453,0.0014480776153504848
2,1,346,2021-03-26,05001,0.0112198135,0.011227468959987164,0.07,3.951186045014765e-06,0.011218721978366375,0.011232197284698486
2,1,352,2021-03-26,05069,0.011846378,0.01184668205678463,0.4,1.0191200772169395e-06,0.011843914166092873,0.0118483891710639
2,1,360,2021-03-26,08015,0.0004250695,0.00043253067997284234,0.115,6.10719371252344e-06,0.00042146057239733636,0.00044614303624257445
2,1,366,2021-03-26,08101,0.0011940785,0.0012092948891222477,0.255,4.656789678847417e-05,0.0011813363526016474,0.0013386557111516595
2,1,367,2021-03-26,08105,0.00038145558,0.0003644177922978997,0.975,1.0391670912213158e-05,0.00034137393231503665,0.0003893258690368384
2,1,372,2021-03-26,13033,0.001329986,0.001210880815051496,0.98,4.986459680367261e-05,0.001148124923929572,0.001332343672402203
2,1,380,2021-03-26,13147,0.0016999048,0.0016907267272472382,0.63,2.339996353839524e-05,0.0016703663859516382,0.0017647414933890104
2,1,384,2021-03-26,13205,0.0026244717,0.0025683417916297913,0.9,3.512878538458608e-05,0.0025204122066497803,0.0026466893032193184
2,1,392,2021-03-26,13313,0.005731834,0.005731494165956974,0.54,3.215606966477935e-06,0.005730018950998783,0.005740840919315815
2,1,401,2021-03-26,16023,0.025219914,0.025058064609766006,0.99,0.0002290946285938844,0.024412469938397408,0.025221312418580055
2,1,402,2021-03-26,16029,0.009572192,0.009571559727191925,0.51,4.066906694788486e-05,0.009445090778172016,0.009610640816390514
2,1,403,2021-03-26,16031,0.0016982151,0.001928307581692934,0.18,0.0003780874831136316,0.001622753101401031,0.0029111814219504595
2,1,406,2021-03-26,16039,0.04072703,0.04069988429546356,0.52,0.00037988219992257655,0.039690956473350525,0.04097960889339447
2,1,410,2021-03-26,16049,0.04257951,0.04259590804576874,0.125,1.7277598090004176e-05,0.042570073157548904,0.042639657855033875
2,1,416,2021-03-26,16065,0.009684168,0.0074548362754285336,0.845,0.0013819581363350153,0.006950173527002335,0.011926266364753246
2,1,419,2021-03-26,16071,0.0017648966,0.0019613411277532578,0.025,0.0002668483939487487,0.0017524685245007277,0.0026497291401028633
2,1,437,2021-03-26,17127,0.005588856,0.005591747350990772,0.04,1.3531742979466799e-06,0.005588566418737173,0.005594551097601652
2,1,438,2021-03-26,17151,0.0018541182,0.0018569002859294415,0.3,5.239974143478321e-06,0.0018438160186633468,0.0018680003704503179
2,1,443,2021-03-26,17193,0.0022362375,0.0022367616184055805,0.425,4.759061994263902e-06,0.00223310268484056,0.0022491670679301023
2,1,444,2021-03-26,17199,0.0016333474,0.0016396914143115282,0.12,2.9309371711860877e-06,0.0016315605025738478,0.0016439731698483229
2,1,453,2021-03-26,18051,0.0020119613,0.002011917531490326,0.505,1.5022371371742338e-05,0.0019971972797065973,0.0020470875315368176
2,1,455,2021-03-26,18059,0.0026777757,0.0026916605420410633,0.26,3.433004894759506e-05,0.0026647746562957764,0.0027782046236097813
2,1,457,2021-03-26,18077,0.0023104367,0.0022800248116254807,0.855,1.7195812688441947e-05,0.002267582807689905,0.0023285069037228823
2,1,459,2021-03-26,18095,0.0028384074,0.0028523849323391914,0.075,2.8076197850168683e-05,0.002832777565345168,0.002931448630988598
2,1,460,2021-03-26,18097,0.0024880532,0.0025158030912280083,0.035,3.1448904337594286e-05,0.0024853157810866833,0.002599681494757533
2,1,468,2021-03-26,18147,0.0022911686,0.0022925278171896935,0.315,4.0815289139573e-06,0.0022893003188073635,0.00230303849093616
2,1,473,2021-03-26,18177,0.0041999696,0.004210515413433313,0.335,3.2535786886001006e-05,0.0041875094175338745,0.004296235274523497
2,1,479,2021-03-26,20065,0.0012903525,0.0013244079891592264,0.095,3.356108209118247e-05,0.0012727082939818501,0.0014256684808060527
2,1,489,2021-03-26,20171,0.0010487908,0.0010637938976287842,0.335,2.6595549570629373e-05,0.0010188748128712177,0.0011360377538949251
2,1,491,2021-03-26,20181,0.0010787352,0.0011006221175193787,0.17,2.6083878765348345e-05,0.0010636652586981654,0.0011745062656700611
2,1,494,2021-03-26,20199,0.0011049425,0.0011175591498613358,0.19,1.5032238479761872e-05,0.001095761195756495,0.0011601641308516264
2,1,495,2021-03-26,20203,0.000988599,0.0009808659087866545,0.7,2.2623453332926147e-05,0.0009456760599277914,0.0010488817933946848
2,1,504,2021-03-26,21083,0.0015542562,0.0015545339556410909,0.445,2.3917186808830593e-06,0.0015498886350542307,0.0015606337692588568
2,1,510,2021-03-26,21123,0.0018258179,0.001825705636292696,0.505,8.116692697512917e-06,0.0018185452790930867,0.0018460688879713416
2,1,515,2021-03-26,21157,0.002478392,0.002479463815689087,0.065,7.139458944038779e-07,0.0024781418032944202,0.002481471747159958
2,1,524,2021-03-26,22031,0.003068692,0.0030673574656248093,0.995,9.35398418278055e-07,0.003065637778490782,0.0030687320977449417
2,1,531,2021-03-26,24021,0.0020696074,0.0020729852840304375,0.425,1.1508141142257955e-05,0.0020560745615512133,0.002095855074003339
2,1,533,2021-03-26,24025,0.0015082547,0.0015079022850841284,0.505,8.33670492284e-06,0.001487034372985363,0.0015162935014814138
2,1,536,2021-03-26,24031,0.00095190725,0.0009636932518333197,0.24,1.518807857792126e-05,0.0009460591827519238,0.000999666634015739
2,1,541,2021-03-26,25005,0.0030350636,0.002686380175873637,0.81,0.00027485351893119514,0.0024034061934798956,0.003411259036511183
2,1,547,2021-03-26,25021,0.003181635,0.0028177322819828987,0.74,0.0005092183710075915,0.0023619711864739656,0.004184843972325325
2,1,558,2021-03-26,28087,0.0025953678,0.002594422549009323,0.64,1.300747044297168e-06,0.0025937610771507025,0.0025978542398661375
2,1,559,2021-03-26,28095,0.004679696,0.0046785324811935425,0.78,8.427394959653611e-07,0.004677970428019762,0.004681013524532318
2,1,565,2021-03-26,28161,0.005473066,0.005473407916724682,0.22,2.993237160353601e-07,0.00547277694568038,0.005474133417010307
2,1,567,2021-03-26,29099,0.000875447,0.0008928522001951933,0.18,1.3450885489874054e-05,0.0008666478097438812,0.0009154509752988815
2,1,568,2021-03-26,29133,0.001291786,0.001291830325499177,0.495,4.6230766201915685e-06,0.0012804813450202346,0.0013021874474361539
2,1,584,2021-03-26,30053,0.015202276,0.014220904558897018,0.8,0.0010190891334787011,0.013311609625816345,0.0168638713657856
2,1,585,2021-03-26,30055,0.009750944,0.010843342170119286,0.105,0.0015997581649571657,0.009472116827964783,0.015210550278425217
2,1,586,2021-03-26,30061,0.019545216,0.018746931105852127,0.69,0.0012367964955046773,0.017453277483582497,0.022068986669182777
2,1,595,2021-03-26,30083,0.013403305,0.01376640796661377,0.185,0.0005620849551633,0.013235334306955338,0.015202372334897518
2,1,598,2021-03-26,30089,0.011321376,0.011344512924551964,0.485,0.0005747207324020565,0.010666601359844208,0.012764533050358295
2,1,600,2021-03-26,30093,0.002908754,0.003036179579794407,0.14,0.0001664011797402054,0.002869837684556842,0.00347732612863183
2,1,602,2021-03-26,30097,0.005143409,0.005776742473244667,0.24,0.0012625760864466429,0.004844778683036566,0.009440791793167591
2,1,603,2021-03-26,30103,0.0053989454,0.006163301877677441,0.09,0.001208512345328927,0.00529692554846406,0.00995740108191967
2,1,610,2021-03-26,32023,0.00024396295,0.00024210993433371186,0.58,5.061880528955953e-06,0.00023456303460989147,0.00025469696265645325
2,1,613,2021-03-26,34007,0.002726728,0.002490419428795576,0.765,0.00023227150086313486,0.0022144322283566,0.0030265457462519407
2,1,618,2021-03-26,34021,0.0016693327,0.0017048799199983478,0.13,5.7554156228434294e-05,0.0016585084376856685,0.0018845469458028674
2,1,627,2021-03-26,36013,0.009745112,0.009862367995083332,0.41,0.00031333451624959707,0.009255446493625641,0.010409032925963402
2,1,628,2021-03-26,36027,0.0021852003,0.002185966819524765,0.465,9.879826393444091e-06,0.002165471436455846,0.0022113018203526735
2,1,629,2021-03-26,36029,0.009947677,0.010041700676083565,0.215,6.976531585678458e-05,0.009869614616036415,0.010098026134073734
2,1,632,2021-03-26,36041,0.04774808,0.047384023666381836,0.85,0.00023092450283002108,0.04717570170760155,0.04797589033842087
2,1,637,2021-03-26,36059,0.0018709942,0.0018969026859849691,0.44,0.00017462334653828293,0.001708868658170104,0.0023692012764513493
2,1,651,2021-03-26,37049,0.0014133339,0.001327662030234933,0.96,4.576250648824498e-05,0.0012676651822403073,0.0014157702680677176
2,1,657,2021-03-26,37127,0.0029205657,0.002633356489241123,0.915,0.00015342357801273465,0.00247723376378417,0.0029790722765028477
2,1,664,2021-03-26,39019,0.009928752,0.009996030479669571,0.28,6.353134085657075e-05,0.00985629390925169,0.010058313608169556
2,1,673,2021-03-26,39037,0.00798493,0.007985435426235199,0.275,2.6513855573284673e-06,0.007984001189470291,0.007994688116014004
2,1,677,2021-03-26,39055,0.019296419,0.019377823919057846,0.185,9.447601769352332e-05,0.019237905740737915,0.019565073773264885
2,1,683,2021-03-26,39073,0.009678792,0.009683157317340374,0.11,2.337254272788414e-06,0.009677161462605,0.00968573335558176
2,1,684,2021-03-26,39075,0.050471965,0.050427891314029694,0.645,0.00010362394095864147,0.050200797617435455,0.050542935729026794
2,1,686,2021-03-26,39089,0.01798057,0.01796436868607998,0.615,4.783852637046948e-05,0.01785600744187832,0.01801222376525402
2,1,698,2021-03-26,39139,0.0061894185,0.006174427457153797,0.61,6.016862971591763e-05,0.006118906196206808,0.006317812483757734
2,1,700,2021-03-26,39151,0.005824897,0.005822855979204178,0.605,7.158008884289302e-06,0.00580934202298522,0.0058342693373560905
2,1,701,2021-03-26,39153,0.007633716,0.007656392641365528,0.345,6.662373925792053e-05,0.00760260596871376,0.007830684073269367
2,1,703,2021-03-26,39157,0.006301932,0.006300345994532108,0.505,6.614963785978034e-05,0.0061488887295126915,0.006376578472554684
2,1,712,2021-03-26,41025,0.0010364553,0.0010931130964308977,0.38,0.00017850883887149394,0.0009655808098614216,0.0015277445781975985
2,1,713,2021-03-26,41031,0.01218511,0.012202349491417408,0.24,3.798060424742289e-05,0.012156780809164047,0.012333006598055363
2,1,719,2021-03-26,42003,0.0016961759,0.0017031993484124541,0.0,8.906398761610035e-06,0.0016962764784693718,0.0017279540188610554
2,1,720,2021-03-26,42007,0.0031374972,0.003135836683213711,0.55,1.145001715485705e-05,0.003121343906968832,0.003164321184158325
2,1,737,2021-03-26,42133,0.0021492923,0.0021180221810936928,0.855,3.167572140228003e-05,0.0020515837240964174,0.0021607063245028257
2,1,738,2021-03-26,44007,0.0053891214,0.004055991768836975,0.845,0.0008946414454840124,0.0032533996272832155,0.006375153083354235
2,1,748,2021-03-26,45075,0.002042737,0.0018799807876348495,0.96,7.10807871655561e-05,0.0018041019793599844,0.002055730437859893
2,1,749,2021-03-26,45079,0.0021721756,0.0020813466981053352,0.745,8.873134356690571e-05,0.0019860260654240847,0.002282464411109686
2,1,750,2021-03-26,45085,0.0044214604,0.004377015866339207,0.86,2.5106477551162243e-05,0.004355391953140497,0.004442234989255667
2,1,764,2021-03-26,46047,0.003989778,0.003974154591560364,0.91,1.7476304492447525e-05,0.003938829526305199,0.00399225577712059
2,1,770,2021-03-26,46063,0.008470863,0.008894365280866623,0.07,0.0004115587507840246,0.00832430087029934,0.009841174818575382
2,1,771,2021-03-26,46065,0.003449894,0.003541007172316313,0.17,0.00014554696099366993,0.0033812259789556265,0.003931534010916948
2,1,777,2021-03-26,46089,0.0050705425,0.0051485635340213776,0.29,0.00016017669986467808,0.004909189883619547,0.005525806453078985
2,1,778,2021-03-26,46091,0.0027620879,0.0027482020668685436,0.55,0.00012607024109456688,0.0026254032272845507,0.0030670813284814358
2,1,781,2021-03-26,46102,0.0018984386,0.0019119876669719815,0.3,2.744300763879437e-05,0.001882547396235168,0.0019787184428423643
2,1,788,2021-03-26,46119,0.0033607527,0.003426281502470374,0.23,0.00012190776760689914,0.0032935331109911203,0.003732769750058651
2,1,792,2021-03-26,46137,0.006324122,0.006449965760111809,0.075,0.00014178562560118735,0.006312623154371977,0.006772964261472225
2,1,793,2021-03-26,47003,0.0063336543,0.006334422156214714,0.37,4.543372142506996e-06,0.006332653574645519,0.006348025519400835
2,1,795,2021-03-26,47013,0.0066285226,0.006624470464885235,0.655,5.6515059441153426e-06,0.00662063667550683,0.006639905273914337
2,1,798,2021-03-26,47047,0.007583838,0.007584415376186371,0.15,2.534653049224289e-06,0.007583139464259148,0.007592818234115839
2,1,803,2021-03-26,47097,0.001454776,0.0014660325832664967,0.01,4.877978426520713e-06,0.0014534489018842578,0.0014767100801691413
2,1,809,2021-03-26,47157,0.007086891,0.007079451344907284,0.795,1.5500800145673566e-05,0.007037213537842035,0.007089977152645588
2,1,815,2021-03-26,48109,0.00072507176,0.0007327833445742726,0.27,1.2097216313122772e-05,0.0007208908791653812,0.0007608567248098552
2,1,822,2021-03-26,50023,0.012166949,0.011928971856832504,0.59,0.0006562416674569249,0.01082573737949133,0.012909007258713245
2,1,825,2021-03-26,51119,0.0015416291,0.001409569988027215,0.96,5.4870972235221416e-05,0.001355546759441495,0.0015555870486423373
2,1,826,2021-03-26,51127,0.0022663006,0.002260359935462475,0.99,2.5320532586192712e-06,0.0022579471115022898,0.002266473136842251
2,1,832,2021-03-26,53013,0.012963736,0.01333344541490078,0.255,0.0005618840223178267,0.012658650055527687,0.01460154540836811
2,1,834,2021-03-26,53021,0.0053898054,0.005563084967434406,0.075,0.0002310970303369686,0.005368828307837248,0.006126352585852146
2,1,846,2021-03-26,55039,0.002284554,0.0022973641753196716,0.47,0.00012556256842799485,0.0020562380086630583,0.00249396706931293
2,1,849,2021-03-26,56005,0.0022843014,0.0024200701154768467,0.17,0.0003309651801828295,0.0022560269571840763,0.0033807756844908
2,1,856,2021-03-26,56021,0.00086899207,0.0008819084614515305,0.315,6.39048739685677e-05,0.0008553206571377814,0.0011101943673565984
2,1,859,2021-03-26,56029,0.0037631243,0.0038471263833343983,0.435,0.0003254418552387506,0.0034385044127702713,0.004578881897032261
2,1,869,2021-12-11,04001,0.008816686,0.008986948989331722,0.21,0.00031425777706317604,0.008602437563240528,0.009836423210799694
2,1,873,2021-12-11,04011,0.0013511479,0.0013325958279892802,0.765,1.9737042748602107e-05,0.0012946146307513118,0.0013749549398198724
2,1,876,2021-12-11,04019,0.0056703077,0.005672769621014595,0.265,5.5207924560818356e-06,0.005667285993695259,0.005687471479177475
2,1,880,2021-12-11,05027,0.0074865464,0.0074880970641970634,0.07,8.607779022895556e-07,0.007486368995159864,0.007489257957786322
2,1,887,2021-12-11,05069,0.024074176,0.024091381579637527,0.08,7.386359811789589e-06,0.024070637300610542,0.024096352979540825
2,1,892,2021-12-11,05099,0.021733612,0.02176332101225853,0.0,1.0423363164591137e-05,0.02173396572470665,0.021771470084786415
2,1,895,2021-12-11,05147,0.047666118,0.04766862094402313,0.33,3.119374014204368e-06,0.047659553587436676,0.047671396285295486
2,1,898,2021-12-11,06007,0.020029021,0.0199997927993536,0.855,3.2622414437355474e-05,0.019929753616452217,0.020035414025187492
2,1,901,2021-12-11,06017,0.047828984,0.048904307186603546,0.115,0.000488631019834429,0.04739987105131149,0.04908605292439461
2,1,905,2021-12-11,06029,0.0022685155,0.002279709093272686,0.085,7.394754356937483e-05,0.002268027514219284,0.0025708340108394623
2,1,912,2021-12-11,06049,0.0039055233,0.003924189135432243,0.44,0.00012599013280123472,0.003818204626441002,0.004250219091773033
2,1,917,2021-12-11,06065,0.00091875443,0.0009763989364728332,0.095,7.596836076118052e-05,0.0009107182850129902,0.0011768803233280778
2,1,924,2021-12-11,06091,0.02133952,0.0219157412648201,0.075,0.0002455614157952368,0.021267468109726906,0.02206462435424328
2,1,933,2021-12-11,06113,0.0015575301,0.001661494723521173,0.035,0.0008661010069772601,0.0015497523127123713,0.0046547893434762955
2,1,937,2021-12-11,08005,0.0023909872,0.002331949770450592,0.585,0.0002473180938977748,0.0016990720760077238,0.0025472838897258043
2,1,938,2021-12-11,08009,0.013708592,0.014065930619835854,0.285,0.0011744264047592878,0.013479390181601048,0.0172391626983881
2,1,939,2021-12-11,08013,0.009352488,0.009736862033605576,0.025,0.0002017583610722795,0.009309753775596619,0.010069931857287884
2,1,941,2021-12-11,08015,0.0059050904,0.005772878415882587,0.725,0.00017644930630922318,0.005416488274931908,0.006107528693974018
2,1,958,2021-12-11,08069,0.0022320903,0.0024812419433146715,0.01,0.00014435652701649815,0.0022242283448576927,0.002747695427387953
2,1,963,2021-12-11,08081,0.003917117,0.0039200326427817345,0.19,1.0918702173512429e-05,0.003912764601409435,0.003955082967877388
2,1,966,2021-12-11,08093,0.120423235,0.12045168876647949,0.3,6.067402136977762e-05,0.12029329687356949,0.12052857130765915
2,1,967,2021-12-11,08101,0.05044054,0.050119537860155106,0.815,0.0005697820452041924,0.04866155609488487,0.05055101215839386
2,1,968,2021-12-11,08105,0.008598432,0.008624936453998089,0.415,0.0003437462728470564,0.008062857203185558,0.009797235950827599
2,1,972,2021-12-11,08121,0.005533638,0.005517970770597458,0.505,0.001260777935385704,0.004533399362117052,0.008802182041108608
2,1,976,2021-12-11,13215,0.0016702929,0.001671637175604701,0.465,1.3065312487015035e-05,0.0016577488277107477,0.0017033991171047091
2,1,982,2021-12-11,16029,0.0063709537,0.006368461064994335,0.72,8.632216122350655e-06,0.006344497669488192,0.0063805412501096725
2,1,983,2021-12-11,16031,0.0010865675,0.001191705116070807,0.1,0.00017286457295995206,0.0010715487878769636,0.0016741162398830056
2,1,985,2021-12-11,16071,0.0045988127,0.0046346113085746765,0.015,8.185549813788384e-05,0.004597874358296394,0.0048844958655536175
2,1,991,2021-12-11,17019,0.0062645082,0.0066582076251506805,0.22,0.0006591419805772603,0.006130923051387072,0.008552195504307747
2,1,1000,2021-12-11,17063,0.00793963,0.008111674338579178,0.485,0.007489130366593599,0.005940328352153301,0.029559724032878876
2,1,1007,2021-12-11,17091,0.0068650465,0.007593226619064808,0.255,0.005664415657520294,0.006428644992411137,0.025035355240106583
2,1,1011,2021-12-11,17103,0.018248126,0.010955343022942543,0.67,0.009606270119547844,0.006617468781769276,0.03779599815607071
2,1,1013,2021-12-11,17107,0.004701318,0.005687779746949673,0.125,0.004803330637514591,0.004615710582584143,0.021013865247368813
2,1,1017,2021-12-11,17117,0.013892661,0.013878791593015194,0.78,5.354018139769323e-05,0.013725665397942066,0.013895644806325436
2,1,1024,2021-12-11,17161,0.016385045,0.014434016309678555,0.525,0.01352948509156704,0.008404933847486973,0.04862149432301521
2,1,1034,2021-12-11,18003,0.009994342,0.01100347563624382,0.03,0.002343259984627366,0.00994137953966856,0.01783166080713272
2,1,1039,2021-12-11,18021,0.004909406,0.004836633801460266,0.665,0.00028302602004259825,0.004747909959405661,0.005788018461316824
2,1,1048,2021-12-11,18053,0.007858064,0.007949747145175934,0.43,0.000823485606815666,0.007567329797893763,0.01067409384995699
2,1,1055,2021-12-11,18087,0.015448797,0.014336204156279564,0.58,0.003575665643438697,0.01234681997448206,0.02390904538333416
2,1,1057,2021-12-11,18095,0.007738455,0.008074557408690453,0.21,0.0007159761735238135,0.0076430365443229675,0.01048471312969923
2,1,1058,2021-12-11,18097,0.004203974,0.004547664429992437,0.065,0.00068830163218081,0.004183233715593815,0.006402095314115286
2,1,1068,2021-12-11,18131,0.009064608,0.008822007104754448,0.565,0.001622481970116496,0.007900957949459553,0.013487331569194794
2,1,1075,2021-12-11,18169,0.010730531,0.011380881071090698,0.265,0.0021006313618272543,0.010394231416285038,0.01754288747906685
2,1,1077,2021-12-11,18177,0.011517216,0.01160711981356144,0.395,0.000597315258346498,0.011226041242480278,0.013140257447957993
2,1,1082,2021-12-11,19003,0.027181206,0.031760573387145996,0.17,0.008858106099069118,0.02529803477227688,0.0545579269528389
2,1,1089,2021-12-11,19017,0.029937414,0.03128600865602493,0.475,0.00981714203953743,0.021929360926151276,0.054687295109033585
2,1,1104,2021-12-11,19047,0.02579253,0.029586710035800934,0.28,0.007182856556028128,0.023269308730959892,0.0490541085600853
2,1,1105,2021-12-11,19049,0.031166133,0.038323961198329926,0.35,0.013841231353580952,0.02298640087246895,0.06333503872156143
2,1,1110,2021-12-11,19059,0.007269594,0.008021343499422073,0.24,0.0019138307543471456,0.006709697190672159,0.013239923864603043
2,1,1111,2021-12-11,19061,0.02744105,0.03711104393005371,0.175,0.01046973280608654,0.024765731766819954,0.05688035488128662
2,1,1117,2021-12-11,19075,0.025554927,0.02669607475399971,0.39,0.009651710279285908,0.02115839719772339,0.050467535853385925
2,1,1127,2021-12-11,19099,0.03699776,0.03620222955942154,0.645,0.002091576810926199,0.03354126960039139,0.04169667884707451
2,1,1128,2021-12-11,19101,0.01977058,0.01727231591939926,0.62,0.008005109615623951,0.016763517633080482,0.041376445442438126
2,1,1133,2021-12-11,19113,0.018302822,0.024918682873249054,0.225,0.012411077506840229,0.016474004834890366,0.05421289801597595
2,1,1135,2021-12-11,19117,0.025252856,0.028827764093875885,0.285,0.010336974635720253,0.02354178950190544,0.05578748509287834
2,1,1136,2021-12-11,19119,0.0059796134,0.006193291861563921,0.31,0.0007296642870642245,0.005778554826974869,0.008354533463716507
2,1,1140,2021-12-11,19127,0.025944123,0.03374478220939636,0.26,0.013681994751095772,0.022067829966545105,0.06266660988330841
2,1,1142,2021-12-11,19131,0.059210442,0.062371235340833664,0.41,0.009083201177418232,0.04462750628590584,0.07480970770120621
2,1,1152,2021-12-11,19153,0.02314806,0.034807585179805756,0.145,0.013310618698596954,0.021353546530008316,0.06164088472723961
2,1,1155,2021-12-11,19159,0.029445894,0.030119409784674644,0.255,0.0049016764387488365,0.029108384624123573,0.04395341873168945
2,1,1157,2021-12-11,19163,0.012280868,0.021931126713752747,0.09,0.012916618026793003,0.011437113396823406,0.04914345592260361
2,1,1163,2021-12-11,19175,0.03035935,0.04096311703324318,0.23,0.012609102763235569,0.025755848735570908,0.06513341516256332
2,1,1165,2021-12-11,19179,0.019666467,0.020952479913830757,0.31,0.00864383764564991,0.01938413828611374,0.044540829956531525
2,1,1180,2021-12-11,20013,0.029536745,0.027199221774935722,0.645,0.004167781211435795,0.024395110085606575,0.03798719495534897
2,1,1181,2021-12-11,20015,0.008811151,0.010606077499687672,0.415,0.007862323895096779,0.004951317794620991,0.0290856771171093
2,1,1182,2021-12-11,20017,0.09679635,0.09232564270496368,0.76,0.007512279320508242,0.0757158175110817,0.09978815168142319
2,1,1184,2021-12-11,20027,0.03184992,0.03339237719774246,0.45,0.008741004392504692,0.022285576909780502,0.05042579770088196
2,1,1191,2021-12-11,20051,0.07464542,0.06931762397289276,0.725,0.005549181252717972,0.06134337559342384,0.07826051115989685
2,1,1192,2021-12-11,20053,0.04025585,0.044352442026138306,0.335,0.007932090200483799,0.0332857109606266,0.059980690479278564
2,1,1197,2021-12-11,20065,0.10064313,0.09885554015636444,0.62,0.004329296760261059,0.08826776593923569,0.10300712287425995
2,1,1202,2021-12-11,20079,0.018476026,0.026642151176929474,0.155,0.00948735885322094,0.016030941158533096,0.04579034075140953
2,1,1205,2021-12-11,20087,0.021818126,0.02224767953157425,0.45,0.002385631902143359,0.019540373235940933,0.02777056209743023
2,1,1209,2021-12-11,20103,0.010949441,0.01719287782907486,0.265,0.011047063395380974,0.006676259450614452,0.041716352105140686
2,1,1219,2021-12-11,20127,0.03270329,0.02969207987189293,0.61,0.006732437293976545,0.01984492316842079,0.04000382125377655
2,1,1238,2021-12-11,20171,0.04589306,0.04553589969873428,0.585,0.0022986410185694695,0.04001527652144432,0.04771733283996582
2,1,1243,2021-12-11,20181,0.011621321,0.01095397025346756,0.595,0.002171897329390049,0.009752918966114521,0.016705429181456566
2,1,1249,2021-12-11,20197,0.12799959,0.12361975759267807,0.7,0.0071227275766432285,0.1116371750831604,0.13536372780799866
2,1,1250,2021-12-11,20199,0.021677196,0.022338200360536575,0.255,0.0006599815096706152,0.021314427256584167,0.02338947169482708
2,1,1252,2021-12-11,20203,0.1353228,0.13985636830329895,0.31,0.00495253736153245,0.12803217768669128,0.14400367438793182
2,1,1254,2021-12-11,20209,0.013846624,0.012601828202605247,0.625,0.004394024144858122,0.009338456206023693,0.02461656555533409
2,1,1256,2021-12-11,21011,0.0060905362,0.00599050335586071,0.66,0.00019504243391565979,0.005900603719055653,0.006587267387658358
2,1,1257,2021-12-11,21021,0.013566017,0.013566574081778526,0.5,5.74611549382098e-05,0.013418206945061684,0.0135996388271451
2,1,1267,2021-12-11,21079,0.006636783,0.0066332509741187096,0.545,4.2823583498829976e-05,0.006528724450618029,0.00666591664776206
2,1,1274,2021-12-11,21129,0.004585875,0.0038111130706965923,0.86,0.00045581982703879476,0.0036241498310118914,0.005290492903441191
2,1,1283,2021-12-11,21165,0.052403796,0.05243755877017975,0.235,2.961883910757024e-05,0.05236155167222023,0.052464328706264496
2,1,1293,2021-12-11,21205,0.0043428694,0.004273061640560627,0.725,8.689823880558833e-05,0.004231334663927555,0.004537648521363735
2,1,1299,2021-12-11,21231,0.006338505,0.006416009739041328,0.315,6.844019662821665e-05,0.006270593963563442,0.0064749144949018955
2,1,1305,2021-12-11,23003,0.0049042897,0.0039014341309666634,0.895,0.0005353072192519903,0.003320014337077737,0.005142179783433676
2,1,1311,2021-12-11,25021,0.010081767,0.009358703158795834,0.755,0.0008202768513001502,0.00864865630865097,0.011418096721172333
2,1,1318,2021-12-11,26009,0.13193893,0.1453513205051422,0.065,0.010353711433708668,0.13097013533115387,0.1633962094783783
2,1,1324,2021-12-11,26027,0.10551122,0.1068282425403595,0.21,0.0009379182010889053,0.10430943965911865,0.10734303295612335
2,1,1325,2021-12-11,26029,0.052744478,0.06444422900676727,0.03,0.009163407608866692,0.05247102305293083,0.0807509645819664
2,1,1328,2021-12-11,26039,0.035498984,0.05028635263442993,0.145,0.010896739549934864,0.03379000350832939,0.06544424593448639
2,1,1330,2021-12-11,26043,0.018220479,0.023472333326935768,0.01,0.0023198705166578293,0.01813192293047905,0.025838613510131836
2,1,1334,2021-12-11,26053,0.03340819,0.03654806315898895,0.01,0.0012041435111314058,0.03336051478981972,0.03767595440149307
2,1,1335,2021-12-11,26055,0.019762969,0.017283502966165543,0.68,0.003928087651729584,0.011479075066745281,0.024891506880521774
2,1,1336,2021-12-11,26059,0.014919501,0.009739354252815247,0.685,0.00549093633890152,0.007270690519362688,0.02498808316886425
2,1,1350,2021-12-11,26093,0.01885994,0.023989368230104446,0.21,0.003449029289186001,0.016944387927651405,0.026924049481749535
2,1,1351,2021-12-11,26097,0.08124274,0.09450963139533997,0.005,0.004823682829737663,0.08117204159498215,0.09881025552749634
2,1,1361,2021-12-11,26121,0.03350541,0.010312768630683422,0.92,0.01045588031411171,0.005952737294137478,0.038158293813467026
2,1,1368,2021-12-11,26139,0.012824803,0.008252354338765144,0.585,0.01301470398902893,0.0065334029495716095,0.04387892037630081
2,1,1370,2021-12-11,26143,0.2229631,0.2555084824562073,0.04,0.012386837974190712,0.2214696854352951,0.2616925835609436
2,1,1382,2021-12-11,27015,0.008991618,0.007954749278724194,0.87,0.0005886326543986797,0.00750746950507164,0.009783994406461716
2,1,1389,2021-12-11,27043,0.035791777,0.024185478687286377,0.82,0.006875946652144194,0.018099868670105934,0.04197588935494423
2,1,1396,2021-12-11,27067,0.0050985715,0.005191919393837452,0.205,0.00024388595193158835,0.005068687256425619,0.005835495889186859
2,1,1399,2021-12-11,27083,0.007832368,0.007691140286624432,0.66,0.00030047210748307407,0.007547637447714806,0.00862148217856884
2,1,1405,2021-12-11,27105,0.0057945824,0.005906775593757629,0.25,0.00041403991053812206,0.005720030516386032,0.007135684601962566
2,1,1411,2021-12-11,27131,0.014033501,0.014317136257886887,0.435,0.0029188322369009256,0.01150539517402649,0.02419149875640869
2,1,1414,2021-12-11,27141,0.006219092,0.006251317914575338,0.39,0.0003173201694153249,0.006112433969974518,0.007188040763139725
2,1,1420,2021-12-11,27165,0.011759706,0.01010584831237793,0.86,0.0009753830963745713,0.009514229372143745,0.013100159354507923
2,1,1423,2021-12-11,27173,0.0074444935,0.007149036042392254,0.675,0.00031169966678135097,0.006999053992331028,0.008040007203817368
2,1,1429,2021-12-11,29019,0.0066450085,0.006546147167682648,0.51,0.005000669974833727,0.0036344025284051895,0.019173769280314445
2,1,1438,2021-12-11,29049,0.025627228,0.028588760644197464,0.4,0.010861556977033615,0.016843220219016075,0.05211915820837021
2,1,1441,2021-12-11,29063,0.022698294,0.024044491350650787,0.455,0.006059665698558092,0.01864660158753395,0.03727005049586296
2,1,1442,2021-12-11,29065,0.0024119334,0.002332206815481186,0.8,6.505002966150641e-05,0.0022937508765608072,0.0025244606658816338
2,1,1446,2021-12-11,29073,0.008242033,0.008126769214868546,0.845,0.00010595047933747992,0.008121082559227943,0.008572331629693508
2,1,1466,2021-12-11,29155,0.16232206,0.16230353713035583,0.68,5.753488585469313e-05,0.16215083003044128,0.16234496235847473
2,1,1470,2021-12-11,29165,0.011147041,0.014163261279463768,0.175,0.007759045343846083,0.010998901911079884,0.033651262521743774
2,1,1472,2021-12-11,29169,0.0020401664,0.0019360905280336738,0.685,0.0001279331772821024,0.0018746907589957118,0.002330279676243663
2,1,1473,2021-12-11,29171,0.03851636,0.03493964672088623,0.545,0.012342562898993492,0.02135327085852623,0.058939021080732346
2,1,1474,2021-12-11,29173,0.014592044,0.006635740399360657,0.755,0.005560087505728006,0.004043110180646181,0.021801933646202087
2,1,1475,2021-12-11,29175,0.013052594,0.007558024488389492,0.65,0.007019588258117437,0.003946559503674507,0.024863092228770256
2,1,1477,2021-12-11,29179,0.012788965,0.012813836336135864,0.11,1.2773810340149794e-05,0.012782163918018341,0.012825297191739082
2,1,1484,2021-12-11,29215,0.006234828,0.00620478019118309,0.845,2.146794395230245e-05,0.006199527997523546,0.0062797279097139835
2,1,1491,2021-12-11,30097,0.0009129333,0.0009115991415455937,0.705,4.6047043724684045e-06,0.00090191321214661,0.000920280406717211
2,1,1496,2021-12-11,32023,0.0025544972,0.002567246090620756,0.2,2.5441051548114046e-05,0.0025479879695922136,0.0026361895725131035
2,1,1499,2021-12-11,35003,0.0047693197,0.004762629978358746,0.52,0.0002639668819028884,0.0045467158779501915,0.005515460856258869
2,1,1500,2021-12-11,35005,0.0008534461,0.000884727225638926,0.295,6.205407407833263e-05,0.0008264993084594607,0.0010322924936190248
2,1,1503,2021-12-11,35015,0.001844394,0.0019937246106565,0.35,0.0002769889833871275,0.0016319326823577285,0.002503062365576625
2,1,1506,2021-12-11,35027,0.0040530483,0.003962984308600426,0.63,0.00025456302682869136,0.003408553311601281,0.004376209806650877
2,1,1508,2021-12-11,35029,0.0050004623,0.005002113990485668,0.12,2.325277137060766e-06,0.005000137723982334,0.0050074253231287
2,1,1521,2021-12-11,36003,0.020231932,0.010338034480810165,0.805,0.006270278245210648,0.006794919725507498,0.02720239758491516
2,1,1524,2021-12-11,36013,0.021574363,0.014636293053627014,0.935,0.0029754743445664644,0.012504746206104755,0.022411726415157318
2,1,1527,2021-12-11,36027,0.005394001,0.004932965151965618,0.875,0.00026717918808571994,0.004835216794162989,0.005881276447325945
2,1,1528,2021-12-11,36029,0.011393898,0.008438093587756157,0.77,0.0030010973569005728,0.00817431416362524,0.01901094801723957
2,1,1534,2021-12-11,36041,0.254738,0.2596553564071655,0.145,0.0027475529350340366,0.2526245713233948,0.2615376114845276
2,1,1542,2021-12-11,36059,0.0027294948,0.00291424454189837,0.32,0.0005616144626401365,0.002547659445554018,0.004396254196763039
2,1,1554,2021-12-11,36097,0.02544768,0.025437206029891968,0.525,0.00013007625238969922,0.02530611678957939,0.025876646861433983
2,1,1558,2021-12-11,36113,0.005742212,0.005010176450014114,0.825,0.0004988957662135363,0.004596447106450796,0.0063499282114207745
2,1,1559,2021-12-11,36115,0.0038165397,0.003368156962096691,0.76,0.00041317412978969514,0.003095978870987892,0.004585615824908018
2,1,1565,2021-12-11,37067,0.0025980396,0.002588513307273388,0.65,2.926310116890818e-05,0.0025146028492599726,0.002611763309687376
2,1,1569,2021-12-11,37159,0.0016192019,0.0016285511665046215,0.39,1.7133754226961173e-05,0.0015950783854350448,0.0016459259204566479
2,1,1572,2021-12-11,39015,0.0056182262,0.0056233792565763,0.475,8.822490053717047e-05,0.005573038011789322,0.005889447405934334
2,1,1575,2021-12-11,39037,0.01099523,0.011184267699718475,0.34,0.0006171390414237976,0.010756182484328747,0.012793785892426968
2,1,1576,2021-12-11,39039,0.009951826,0.010224919766187668,0.42,0.001941257854923606,0.009276991710066795,0.01615154556930065
2,1,1581,2021-12-11,39055,0.012573074,0.0133149903267622,0.25,0.0005826714332215488,0.011785292997956276,0.01361102145165205
2,1,1586,2021-12-11,39089,0.0068545947,0.00687966775149107,0.48,0.0004682957078330219,0.006621694192290306,0.008193288929760456
2,1,1601,2021-12-11,39157,0.006060646,0.006090788636356592,0.46,0.0005462662666104734,0.005949105601757765,0.007803712040185928
2,1,1602,2021-12-11,39161,0.012708867,0.013696534559130669,0.285,0.002425538143143058,0.012014288455247879,0.020500367507338524
2,1,1608,2021-12-11,40043,0.009339725,0.013638261705636978,0.05,0.006646481808274984,0.00875015277415514,0.0310845747590065
2,1,1611,2021-12-11,40071,0.006433928,0.008182630874216557,0.22,0.004680868703871965,0.00538509339094162,0.022895341739058495
2,1,1616,2021-12-11,40139,0.013077043,0.01346614770591259,0.31,0.000987791339866817,0.012672173790633678,0.016228247433900833
2,1,1619,2021-12-11,41011,0.013597747,0.011569302529096603,0.84,0.001283786492422223,0.010807608254253864,0.015526095405220985
2,1,1623,2021-12-11,42003,0.0040943036,0.004330704919993877,0.055,0.0005904831923544407,0.004083822946995497,0.006179395131766796
2,1,1629,2021-12-11,44003,0.012852008,0.009668203070759773,0.83,0.0021526634227484465,0.008317424915730953,0.01580178737640381
2,1,1630,2021-12-11,44007,0.01211384,0.008667951449751854,0.885,0.001836853683926165,0.0076040481217205524,0.01411068718880415
2,1,1646,2021-12-11,46035,0.0053968006,0.005257175769656897,0.66,0.00020797927572857589,0.004947071895003319,0.005688738077878952
2,1,1652,2021-12-11,46047,0.0008931225,0.000855949823744595,0.84,2.43163995037321e-05,0.0008258704910986125,0.0009129123645834625
2,1,1655,2021-12-11,46053,0.005886585,0.005849257577210665,0.71,8.630842785350978e-05,0.0056485747918486595,0.006040448322892189
2,1,1659,2021-12-11,46061,0.004377079,0.004380134865641594,0.495,0.0003877093840856105,0.004082659259438515,0.005360857117921114
2,1,1660,2021-12-11,46063,0.0020251449,0.0020768065005540848,0.115,5.770457937614992e-05,0.002014227444306016,0.002211915561929345
2,1,1661,2021-12-11,46065,0.001672045,0.00170685607008636,0.07,3.84990889870096e-05,0.0016578595386818051,0.0017898743972182274
2,1,1673,2021-12-11,46089,0.0013163612,0.0013381307944655418,0.055,2.139709613402374e-05,0.0013116708723828197,0.0013858936727046967
2,1,1674,2021-12-11,46091,0.0024406088,0.0024296422488987446,0.545,9.702970419311896e-05,0.002346192253753543,0.0026846297550946474
2,1,1679,2021-12-11,46101,0.006013295,0.006064176093786955,0.38,0.000319665385177359,0.005918249022215605,0.00707618473097682
2,1,1686,2021-12-11,46119,0.001316688,0.0013259286060929298,0.28,2.1138141164556146e-05,0.0013059052871540189,0.0013835923746228218
2,1,1692,2021-12-11,46137,0.0018616292,0.0019183340482413769,0.14,5.37637788511347e-05,0.0018451674841344357,0.002039377111941576
2,1,1697,2021-12-11,47037,0.053538185,0.053472280502319336,0.87,8.395683107664809e-05,0.0532606840133667,0.05354691669344902
2,1,1698,2021-12-11,47043,0.00588105,0.005852671340107918,0.715,3.446526898187585e-05,0.005823738407343626,0.005943757481873035
2,1,1700,2021-12-11,47047,0.0074291313,0.007428993470966816,0.52,5.489836894412292e-06,0.007423166651278734,0.0074422769248485565
2,1,1701,2021-12-11,47051,0.0047994494,0.004719621501863003,0.77,6.370728078763932e-05,0.004680220037698746,0.0049009365029633045
2,1,1704,2021-12-11,47061,0.007009234,0.00682566175237298,0.855,0.00010437497985549271,0.006746015045791864,0.0070922342129051685
2,1,1713,2021-12-11,47095,0.041624732,0.04163508117198944,0.43,4.200001421850175e-05,0.041515953838825226,0.0416589081287384
2,1,1715,2021-12-11,47107,0.0039777947,0.0039811329916119576,0.45,4.921328945783898e-05,0.00396495359018445,0.004160524811595678
2,1,1726,2021-12-11,47151,0.006161445,0.005563339218497276,0.805,0.0004114686162211001,0.005338141694664955,0.006792260799556971
2,1,1728,2021-12-11,47157,0.015860332,0.01585242711007595,0.725,1.837502895796206e-05,0.01580357737839222,0.015865247696638107
2,1,1736,2021-12-11,48065,0.028067548,0.028522808104753494,0.21,0.0006309332093223929,0.02792632207274437,0.03006306290626526
2,1,1738,2021-12-11,48109,0.00068295974,0.0007058756309561431,0.255,3.6357152566779405e-05,0.0006670838920399547,0.0007793943514116108
2,1,1740,2021-12-11,48117,0.011397738,0.010678605176508427,0.615,0.001597307506017387,0.008638261817395687,0.014271901920437813
2,1,1742,2021-12-11,48195,0.012405619,0.012652186676859856,0.33,0.0006176228052936494,0.012133396230638027,0.01425775047391653
2,1,1750,2021-12-11,48369,0.008060449,0.007811030838638544,0.56,0.0010168554726988077,0.0067069330252707005,0.010252716951072216
2,1,1762,2021-12-11,49035,0.0016956639,0.0016673803329467773,0.935,3.741302862181328e-05,0.0015814249636605382,0.0016989038558676839
2,1,1763,2021-12-11,49045,0.008319467,0.008340232074260712,0.31,3.4346416214248165e-05,0.008251795545220375,0.008370425552129745
2,1,1768,2021-12-11,50005,0.005028239,0.004099568817764521,0.855,0.000562465691473335,0.0035836827009916306,0.005497503560036421
2,1,1769,2021-12-11,50007,0.00518203,0.0049040596932172775,0.825,0.00021258850756566972,0.00476214149966836,0.005554890725761652
2,1,1777,2021-12-11,50023,0.009007034,0.008314997889101505,0.805,0.000673082482535392,0.007609575521200895,0.010095767676830292
2,1,1785,2021-12-11,53021,0.0013917251,0.0016218249220401049,0.005,0.000332352879922837,0.0013912278227508068,0.0026140843983739614
2,1,1787,2021-12-11,53073,0.027156314,0.02676478959619999,0.89,0.00017623223538976163,0.026695476844906807,0.027221042662858963
2,1,1791,2021-12-11,54075,0.004678563,0.00371409859508276,0.805,0.000622271909378469,0.003457216313108802,0.005526050925254822
2,1,1796,2021-12-11,55017,0.016782299,0.023028552532196045,0.125,0.003419307293370366,0.01393817737698555,0.02675725892186165
2,1,1799,2021-12-11,55023,0.020174399,0.022651629522442818,0.345,0.009095246903598309,0.015578468330204487,0.04343545436859131
2,1,1805,2021-12-11,55039,0.016446756,0.017880264669656754,0.325,0.005133911967277527,0.014230018481612206,0.03193027153611183
2,1,1806,2021-12-11,55043,0.017656323,0.023686999455094337,0.135,0.009298969991505146,0.015680162236094475,0.04498397186398506
2,1,1807,2021-12-11,55045,0.0115660615,0.015143400058150291,0.15,0.009757893159985542,0.010956697165966034,0.039730701595544815
2,1,1818,2021-12-11,55075,0.04144502,0.04219722002744675,0.09,0.00045874001807533205,0.041376691311597824,0.04297773540019989
2,1,1824,2021-12-11,55089,0.019657046,0.016230225563049316,0.68,0.00592908775433898,0.006625144276767969,0.02635195292532444
2,1,1827,2021-12-11,55097,0.012609612,0.012887281365692616,0.295,0.00041908209095709026,0.012023462913930416,0.013736356049776077
2,1,1835,2021-12-11,55123,0.023986658,0.029524141922593117,0.07,0.007715526968240738,0.022153392434120178,0.04852557182312012
2,1,1836,2021-12-11,55125,0.292126,0.3011363744735718,0.035,0.0035262543242424726,0.29186347126960754,0.30353423953056335
2,1,1839,2021-12-11,55133,0.023073757,0.01863415539264679,0.985,0.005058248993009329,0.007606728933751583,0.023303838446736336
2,1,1844,2021-12-11,56005,0.003203225,0.003204507287591696,0.475,0.00014147178444545716,0.0031919837929308414,0.0037673013284802437
2,1,1849,2021-12-11,56021,0.009158932,0.00852173287421465,0.8,0.0007216151570901275,0.007342187222093344,0.010663398541510105
2,1,1851,2021-12-11,56029,0.0006715045,0.0006669309223070741,0.78,3.54595204044017e-06,0.0006634453893639147,0.0006774388602934778
2,1,1857,2022-06-08,01023,0.003355313,0.00335516594350338,0.545,1.0588305485725868e-06,0.0033531361259520054,0.003357435343787074
2,1,1859,2022-06-08,01045,0.0023286135,0.0023096916265785694,0.93,1.0079641469928902e-05,0.0022957257460802794,0.0023342554923146963
2,1,1866,2022-06-08,05011,0.057618614,0.057617172598838806,0.83,1.225007849825488e-06,0.05761423334479332,0.057620108127593994
2,1,1873,2022-06-08,05149,0.05455756,0.05458085983991623,0.24,1.9997558410977945e-05,0.054539408534765244,0.05460476502776146
2,1,1875,2022-06-08,06017,0.0112836575,0.011289508081972599,0.15,3.837434178421972e-06,0.011280589736998081,0.011294241063296795
2,1,1876,2022-06-08,06029,0.0060240566,0.006024613976478577,0.37,1.0473256679688348e-06,0.006022602319717407,0.006026620045304298
2,1,1882,2022-06-08,06091,0.0063241906,0.006300915032625198,0.595,8.733441063668579e-05,0.0061808302998542786,0.006513942498713732
2,1,1884,2022-06-08,08009,0.0033777233,0.003390044439584017,0.235,2.2729011107003316e-05,0.003364989999681711,0.003451228141784668
2,1,1890,2022-06-08,08101,0.008494754,0.008495490066707134,0.06,6.619216037506703e-07,0.008494577370584011,0.00849669985473156
2,1,1894,2022-06-08,12031,0.0015547452,0.0015167399542406201,0.855,2.396273339400068e-05,0.0014939917018637061,0.0015803698915988207
2,1,1903,2022-06-08,13229,0.0015441292,0.001527374261058867,0.94,8.266375516541302e-06,0.0015155286528170109,0.0015470449579879642
2,1,1905,2022-06-08,16039,0.009985141,0.009982677176594734,0.975,2.2788988189859083e-06,0.009976760484278202,0.009985340759158134
2,1,1906,2022-06-08,17019,0.005768522,0.005781510844826698,0.07,1.2816246453439817e-05,0.005767566151916981,0.005808467045426369
2,1,1913,2022-06-08,17117,0.008832962,0.008842507377266884,0.22,1.9190774764865637e-05,0.008828053250908852,0.008893856778740883
2,1,1922,2022-06-08,18095,0.0021583398,0.002164446283131838,0.165,1.0961664884234779e-05,0.0021558941807597876,0.0021944961044937372
2,1,1925,2022-06-08,18177,0.00293628,0.002931582275778055,0.645,7.98161909187911e-06,0.0029209975618869066,0.002950050635263324
2,1,1931,2022-06-08,19163,0.004969553,0.004995487630367279,0.1,6.394228694261983e-05,0.004964310210198164,0.005192187614738941
2,1,1933,2022-06-08,19175,0.03090516,0.03091367334127426,0.295,2.1652414943673648e-05,0.03089810535311699,0.03097231313586235
2,1,1934,2022-06-08,21015,0.0060550338,0.006065052933990955,0.385,2.738164948823396e-05,0.006021211855113506,0.006114259362220764
2,1,1938,2022-06-08,21117,0.012675299,0.012692973017692566,0.36,2.965152816614136e-05,0.012631278485059738,0.012734152376651764
2,1,1941,2022-06-08,22051,0.0052247625,0.005225414410233498,0.02,6.681660238427867e-07,0.005224613938480616,0.005227294284850359
2,1,1945,2022-06-08,23025,0.002642242,0.0021509239450097084,0.88,0.00023768944083712995,0.0020022555254399776,0.0027830039616674185
2,1,1949,2022-06-08,24017,0.0027239376,0.0027199506293982267,0.9,2.3700911242485745e-06,0.002716727089136839,0.002724831225350499
2,1,1952,2022-06-08,24031,0.000982117,0.0009928557556122541,0.345,1.5481922673643567e-05,0.0009691599407233298,0.0010214761132374406
2,1,1955,2022-06-08,26027,0.0030717747,0.00307163642719388,0.53,1.5133948636503192e-06,0.0030685223173350096,0.003074117237702012
2,1,1961,2022-06-08,28021,0.009247789,0.00925973616540432,0.165,6.720220426359447e-06,0.00924350693821907,0.009265531785786152
2,1,1969,2022-06-08,28089,0.0074402923,0.007443285547196865,0.3,3.6906496916344622e-06,0.007434360217303038,0.007446038071066141
2,1,1975,2022-06-08,28149,0.0084868865,0.008460134267807007,0.915,1.2180169505882077e-05,0.008453010581433773,0.008495606482028961
2,1,1980,2022-06-08,29015,0.006391701,0.006373528391122818,0.71,2.2267986423685215e-05,0.006357643287628889,0.006432396825402975
2,1,1981,2022-06-08,29019,0.0060408716,0.00604110024869442,0.5,9.756806684890762e-05,0.005998621229082346,0.00631768349558115
2,1,1984,2022-06-08,29049,0.0037536712,0.0037679674569517374,0.185,3.408655902603641e-05,0.003747876500710845,0.003854121547192335
2,1,1997,2022-06-08,29165,0.0256866,0.025700755417346954,0.02,9.370454790769145e-06,0.02568545937538147,0.02571691758930683
2,1,2005,2022-06-08,32005,0.0067105168,0.0069768717512488365,0.245,0.0002316174650331959,0.006532561499625444,0.007366118486970663
2,1,2009,2022-06-08,32015,0.0106776,0.010679665952920914,0.12,1.6023629996197997e-06,0.010675848461687565,0.010682426393032074
2,1,2016,2022-06-08,34007,0.0013249803,0.0011986950412392616,0.835,9.316921205027029e-05,0.0010910911951214075,0.001413766061887145
2,1,2021,2022-06-08,35003,0.00012998606,0.0001274083333555609,0.91,1.974580072783283e-06,0.00012396597594488412,0.0001308746141148731
2,1,2033,2022-06-08,37049,0.0016597989,0.0016045758966356516,0.97,2.238829983980395e-05,0.001583459204994142,0.0016630152240395546
2,1,2036,2022-06-08,37061,0.0012979201,0.0011816318146884441,0.985,4.3540701881283894e-05,0.001138282590545714,0.0013042986392974854
2,1,2039,2022-06-08,37119,0.00091775483,0.0009184982627630234,0.455,3.33090656567947e-06,0.0009131486876867712,0.0009246004046872258
2,1,2046,2022-06-08,37153,0.0013627484,0.001313508371822536,0.905,2.6594994778861292e-05,0.0012861185241490602,0.0013823793269693851
2,1,2049,2022-06-08,39009,0.03478884,0.03480499982833862,0.16,1.2613687431439757e-05,0.034776557236909866,0.03482256829738617
2,1,2051,2022-06-08,39015,0.013763993,0.013756154105067253,0.7,1.5694544345024042e-05,0.01371748372912407,0.013776385225355625
2,1,2058,2022-06-08,39037,0.0015026563,0.001504490152001381,0.4,6.765343186998507e-06,0.00149544479791075,0.0015203020302578807
2,1,2066,2022-06-08,39073,0.016637113,0.016656354069709778,0.17,1.301461634284351e-05,0.016626277938485146,0.01667066663503647
2,1,2067,2022-06-08,39083,0.0025692298,0.0025691045448184013,0.515,6.779019713576417e-06,0.0025627287104725838,0.00258687324821949
2,1,2091,2022-06-08,40071,0.0018503133,0.0018528357613831758,0.275,8.975513992481865e-06,0.001847831648774445,0.00188315543346107
2,1,2092,2022-06-08,40081,0.05834026,0.058335524052381516,0.685,1.0440440746606328e-05,0.05830647796392441,0.058342624455690384
2,1,2093,2022-06-08,40097,0.004558493,0.004559705965220928,0.215,5.3711419241153635e-06,0.004557706881314516,0.00457493681460619
2,1,2094,2022-06-08,40103,0.013272604,0.013273553922772408,0.185,1.8785203792504035e-06,0.013272322714328766,0.013278268277645111
2,1,2099,2022-06-08,40131,0.0042454917,0.004253704100847244,0.015,1.2090878044546116e-05,0.004245031159371138,0.004284244030714035
2,1,2101,2022-06-08,40139,0.0029408205,0.0029557952657341957,0.39,7.918230403447524e-05,0.002910943003371358,0.0031702136620879173
2,1,2106,2022-06-08,42007,0.0023010867,0.0023062648251652718,0.42,1.5473735402338207e-05,0.002285468392074108,0.0023404972162097692
2,1,2113,2022-06-08,45053,0.0013339884,0.00130579830147326,0.995,1.3509519703802653e-05,0.0012867692857980728,0.0013340311124920845
2,1,2115,2022-06-08,45079,0.0010251295,0.0009917983552441,0.78,3.245338666602038e-05,0.0009412128129042685,0.0010557813802734017
2,1,2124,2022-06-08,46035,0.0032564262,0.003233900060877204,0.61,4.068552516400814e-05,0.0032007417175918818,0.0033304416574537754
2,1,2128,2022-06-08,46053,0.0019149464,0.001930098282173276,0.31,3.362134157214314e-05,0.0019022038904950023,0.002009002259001136
2,1,2131,2022-06-08,46063,0.032468002,0.03247511386871338,0.19,8.21945650386624e-06,0.032463207840919495,0.03249206021428108
2,1,2132,2022-06-08,46065,0.003042311,0.003061458468437195,0.055,2.882305852835998e-05,0.003040620591491461,0.003130305092781782
2,1,2148,2022-06-08,46119,0.0026706948,0.002691039349883795,0.16,3.0187749871402048e-05,0.002664513187482953,0.002757531823590398
2,1,2154,2022-06-08,48065,0.042750396,0.042746685445308685,0.78,3.9301808101299684e-06,0.04273945838212967,0.04275203496217728
2,1,2157,2022-06-08,48087,0.0034758085,0.0034603080712258816,0.96,1.088389672077028e-05,0.0034388431813567877,0.003481312422081828
2,1,2161,2022-06-08,48117,0.007906698,0.007905736565589905,0.525,8.84469409356825e-06,0.00789459329098463,0.007923259399831295
2,1,2162,2022-06-08,48125,0.0027617977,0.00276285782456398,0.18,1.3689091247215401e-06,0.0027610978577286005,0.002766786841675639
2,1,2168,2022-06-08,48195,0.14767145,0.14767132699489594,0.54,7.185234380813199e-07,0.14767007529735565,0.1476726531982422
2,1,2175,2022-06-08,48303,0.0010081211,0.001012361142784357,0.09,6.5222507146245334e-06,0.0010074024321511388,0.001029898296110332
2,1,2188,2022-06-08,51003,0.0023549218,0.002354065887629986,0.57,2.8483730147854658e-06,0.002349977381527424,0.0023596191313117743
2,1,2190,2022-06-08,51015,0.0013290321,0.0013256554957479239,0.53,2.676771327969618e-05,0.0012903098249807954,0.0013846707297489047
2,1,2192,2022-06-08,51047,0.0008337752,0.0008186172344721854,0.77,1.318378508585738e-05,0.0008030932513065636,0.0008490767213515937
2,1,2204,2022-06-08,51127,0.01373566,0.013740803115069866,0.005,2.545022653066553e-06,0.013735607266426086,0.013743970543146133
2,1,2207,2022-06-08,51149,0.00088213297,0.0008284415816888213,0.89,3.225909313187003e-05,0.0007904843660071492,0.0008985600434243679
2,1,2209,2022-06-08,51157,0.0026464171,0.002643214538693428,0.77,2.7810938263428397e-06,0.0026414464227855206,0.00265112635679543
2,1,2223,2022-06-08,54053,0.0036701956,0.00367607269436121,0.215,4.772250122186961e-06,0.0036646882072091103,0.0036808503791689873
2,1,2229,2022-06-08,54091,0.050033644,0.050045162439346313,0.335,2.1566856958088465e-05,0.049991779029369354,0.05007202550768852
2,1,2232,2022-06-08,54107,0.007223355,0.007226479239761829,0.41,7.753022146061994e-06,0.00720967398956418,0.0072359684854745865
2,1,2236,2022-06-08,55133,0.004920662,0.004920380190014839,0.555,1.1486597486509709e-06,0.0049177007749676704,0.004922213964164257
2,1,2237,2022-06-08,56005,0.0017757529,0.0017723473720252514,0.655,6.148448846943211e-06,0.0017628513742238283,0.0017899953527376056
2,1,2238,2022-06-08,56021,0.0006522952,0.0006531883263960481,0.49,1.5201927453745157e-05,0.0006323469569906592,0.0006825167802162468
2,1,2245,2024-02-27,04001,0.0017647378,0.0019056032178923488,0.39,0.00038817935273982584,0.0015069959918037057,0.00290114083327353
2,1,2250,2024-02-27,06017,0.014246117,0.011900562793016434,0.875,0.0011515822261571884,0.011569621041417122,0.015738289803266525
2,1,2253,2024-02-27,06029,0.0010052028,0.0010618155356496572,0.075,9.830121416598558e-05,0.0009989008540287614,0.0013506963150575757
2,1,2263,2024-02-27,06065,0.0006623666,0.0007254802039824426,0.085,7.665800512768328e-05,0.0006522554322145879,0.0009178219479508698
2,1,2266,2024-02-27,06075,0.0027530394,0.0031098986510187387,0.2,0.0008474336354993284,0.0026412021834403276,0.005864241626113653
2,1,2268,2024-02-27,06087,0.0034882724,0.0035139648243784904,0.065,0.00027306683477945626,0.003486758330836892,0.004740224685519934
2,1,2269,2024-02-27,06091,0.12444894,0.1297036111354828,0.065,0.0020663095638155937,0.12356240302324295,0.1303451955318451
2,1,2272,2024-02-27,08009,0.0016530278,0.0017917102668434381,0.25,0.0002559764252509922,0.0015410567866638303,0.002475832123309374
2,1,2273,2024-02-27,08013,0.00058620906,0.0005862760590389371,0.495,4.054311830259394e-06,0.0005801832303404808,0.0005951175116933882
2,1,2279,2024-02-27,08051,0.006748379,0.006631442811340094,0.595,0.0004262744332663715,0.006115504540503025,0.007679841015487909
2,1,2280,2024-02-27,08069,0.00068647065,0.0006781312986277044,0.875,4.515758973866468e-06,0.0006736629875376821,0.0006880965665914118
2,1,2283,2024-02-27,08081,0.007351849,0.007281220518052578,0.94,0.00013735728862229735,0.0068802195601165295,0.0073595126159489155
2,1,2286,2024-02-27,08101,0.00095502107,0.0010052940342575312,0.135,6.346962618408725e-05,0.0009482228197157383,0.0011684298515319824
2,1,2288,2024-02-27,08105,0.006198451,0.006049344316124916,0.67,0.00032318124431185424,0.005284520331770182,0.006654241122305393
2,1,2293,2024-02-27,13073,0.000825212,0.0007404194911941886,0.765,9.514721750747412e-05,0.0006689020665362477,0.00101714045740664
2,1,2299,2024-02-27,13139,0.0011305427,0.0011380232172086835,0.435,9.917326678987592e-05,0.0010927387047559023,0.0014526264276355505
2,1,2300,2024-02-27,13147,0.00095614727,0.0009271652088500559,0.63,6.93170732120052e-05,0.0008943628054112196,0.001129541196860373
2,1,2311,2024-02-27,16015,0.012002765,0.012003742158412933,0.495,2.1960375306662172e-05,0.011963147670030594,0.012057461775839329
2,1,2312,2024-02-27,16025,0.004721104,0.0048178406432271,0.115,9.724760457174852e-05,0.0046880217269063,0.005025818943977356
2,1,2314,2024-02-27,16039,0.009415165,0.009495261125266552,0.14,0.00010410256072646007,0.009377758949995041,0.009731004945933819
2,1,2327,2024-02-27,17063,0.0021969543,0.0022074594162404537,0.47,0.00017646298510953784,0.0020830221474170685,0.0027519764844328165
2,1,2332,2024-02-27,17103,0.0020175055,0.001845036051236093,0.685,0.00024076226691249758,0.0016801473684608936,0.0024917509872466326
2,1,2333,2024-02-27,17143,0.0016929251,0.0018512129317969084,0.09,0.0002790429862216115,0.0016668873140588403,0.0026203361339867115
2,1,2339,2024-02-27,17193,0.0013199426,0.0013200048124417663,0.5,0.0001035593231790699,0.001256747986190021,0.0016123091336339712
2,1,2340,2024-02-27,17199,0.0014160688,0.0013839052990078926,0.735,3.770414332393557e-05,0.0013546898262575269,0.0014902704861015081
2,1,2341,2024-02-27,18003,0.0022202616,0.002291671233251691,0.12,0.00020679972658399493,0.0022062873467803,0.002907415386289358
2,1,2342,2024-02-27,18021,0.0020271472,0.001893398119136691,0.585,0.00043901673052459955,0.00162399560213089,0.0030962820164859295
2,1,2343,2024-02-27,18051,0.0019107191,0.0018700100481510162,0.605,0.00012515329581219703,0.0018087895587086678,0.00224440754391253
2,1,2344,2024-02-27,18059,0.0019054327,0.002002198714762926,0.285,0.0004015996237285435,0.0018562678014859557,0.0032699666917324066
2,1,2350,2024-02-27,18097,0.0016598204,0.0018221441423520446,0.035,0.00044621803681366146,0.0016555755864828825,0.0031471417751163244
2,1,2358,2024-02-27,21011,0.006489726,0.006503154523670673,0.375,2.6913798137684353e-05,0.006428651511669159,0.006517798639833927
2,1,2361,2024-02-27,21021,0.0033621457,0.0033700093626976013,0.415,0.00011129349877592176,0.0033347916323691607,0.003756557358428836
2,1,2372,2024-02-27,21083,0.0015537817,0.0016013281419873238,0.03,5.595588299911469e-05,0.0015484034083783627,0.0017386542167514563
2,1,2374,2024-02-27,21091,0.0031687221,0.0031684215646237135,0.71,9.832426712819142e-07,0.003166169160977006,0.0031733105424791574
2,1,2376,2024-02-27,21097,0.003465356,0.003479357808828354,0.375,9.44559506024234e-05,0.0034372867085039616,0.0037688957527279854
2,1,2389,2024-02-27,21205,0.0032082417,0.0031449708621948957,0.79,5.88437142141629e-05,0.003124094335362315,0.0033370552118867636
2,1,2390,2024-02-27,21207,0.0058206283,0.005822386592626572,0.455,1.584584970260039e-05,0.005772824864834547,0.005829910282045603
2,1,2397,2024-02-27,25005,0.0056723063,0.0049072084948420525,0.835,0.0005098241963423789,0.004631916992366314,0.006577952764928341
2,1,2402,2024-02-27,25021,0.0029933788,0.002691042609512806,0.715,0.0004495421308092773,0.002465183613821864,0.004030425101518631
2,1,2414,2024-02-27,29133,0.0012518772,0.0012607610551640391,0.465,7.692848885199055e-05,0.001199031830765307,0.0014697430888190866
2,1,2421,2024-02-27,30007,0.0025839054,0.002562429755926132,0.82,1.6233925634878688e-05,0.002537245163694024,0.0025971157010644674
2,1,2426,2024-02-27,30035,0.0025368852,0.002190986415371299,0.87,0.00017549733456689864,0.002092308597639203,0.0026141724083572626
2,1,2435,2024-02-27,30073,0.0013566433,0.0012051586527377367,0.77,0.00010975931218126789,0.0011184498434886336,0.0014818169875070453
2,1,2437,2024-02-27,30089,0.00804825,0.008009794168174267,0.62,5.763312947237864e-05,0.007941792719066143,0.008124683983623981
2,1,2442,2024-02-27,32005,0.028457785,0.030778268352150917,0.025,0.005557055585086346,0.028365055099129677,0.0454368069767952
2,1,2446,2024-02-27,32015,0.015553795,0.015616366639733315,0.03,0.00011635962437139824,0.015551540069282055,0.015957210212945938
2,1,2449,2024-02-27,32023,0.0055971933,0.006871926598250866,0.04,0.002595574362203479,0.005528933834284544,0.014608770608901978
2,1,2457,2024-02-27,35003,0.0019735813,0.001987388590350747,0.47,0.00017523211135994643,0.0018663514638319612,0.00250816298648715
2,1,2458,2024-02-27,35005,0.0037474043,0.0037883445620536804,0.07,5.123208757140674e-05,0.00374540570192039,0.0039138211868703365
2,1,2461,2024-02-27,35015,0.001016551,0.0011363138910382986,0.11,0.00015405546582769603,0.0009975326247513294,0.0014978041872382164
2,1,2464,2024-02-27,35027,0.0019296993,0.002125611063092947,0.185,0.0002553497033659369,0.0018851901404559612,0.002756312023848295
2,1,2466,2024-02-27,35033,0.0026492309,0.0029152370989322662,0.22,0.00045830177259631455,0.0025318111293017864,0.004012460820376873
2,1,2483,2024-02-27,36027,0.0019581183,0.0012290749000385404,0.84,0.0004972486640326679,0.0010789611842483282,0.002893653465434909
2,1,2488,2024-02-27,36041,0.23787498,0.2520039677619934,0.11,0.007133301347494125,0.2338142693042755,0.25662335753440857
2,1,2494,2024-02-27,36059,0.0035309116,0.003697916865348816,0.33,0.0010916802566498518,0.003368126694113016,0.007645349483937025
2,1,2506,2024-02-27,36113,0.043969806,0.04859141260385513,0.14,0.002671444322913885,0.04157540947198868,0.05055679380893707
2,1,2507,2024-02-27,36115,0.01872987,0.019763562828302383,0.22,0.0008072516066022217,0.01729949377477169,0.020135818049311638
2,1,2509,2024-02-27,36119,0.0021504285,0.0021544084884226322,0.495,0.0006388907786458731,0.002000730484724045,0.004195931367576122
2,1,2510,2024-02-27,37067,0.0009010521,0.0009173037251457572,0.35,0.00010269502672599629,0.0008776239701546729,0.0012766733998432755
2,1,2512,2024-02-27,37199,0.0034243846,0.0029143476858735085,0.83,0.00032798791653476655,0.0027481166180223227,0.0038702604360878468
2,1,2519,2024-02-27,39089,0.002077592,0.0020444770343601704,0.585,0.00033756636548787355,0.0019491995917633176,0.0032375261653214693
2,1,2534,2024-02-27,40139,0.002050641,0.002265375107526779,0.3,0.0004815157444681972,0.001883253687992692,0.0035195450764149427
2,1,2536,2024-02-27,41025,0.016840518,0.0182785764336586,0.09,0.001921982504427433,0.01662505231797695,0.023379091173410416
2,1,2541,2024-02-27,42087,0.0026855136,0.002456881105899811,0.585,0.0011260660830885172,0.0020820230711251497,0.006056137382984161
2,1,2551,2024-02-27,45079,0.0013957499,0.0011103872675448656,0.755,0.0002766313555184752,0.0009261291706934571,0.001889142906293273
2,1,2556,2024-02-27,46065,0.0032232425,0.00325079751200974,0.21,4.119389268453233e-05,0.003193882992491126,0.003356482367962599
2,1,2560,2024-02-27,47029,0.003159707,0.002734062261879444,0.79,0.00031627475982531905,0.0025778382550925016,0.0036595810670405626
2,1,2563,2024-02-27,47105,0.025246365,0.025235958397388458,0.66,7.219128747237846e-05,0.02499201148748398,0.02526099793612957
2,1,2571,2024-02-27,48065,0.033537164,0.033538348972797394,0.49,0.00019030507246498019,0.033039823174476624,0.033692020922899246
2,1,2573,2024-02-27,48079,0.0014085269,0.0014697174774482846,0.3,9.853869414655492e-05,0.0013731119688600302,0.001689229509793222
2,1,2574,2024-02-27,48087,0.0046454575,0.0046858880668878555,0.125,5.8026547776535153e-05,0.004638790152966976,0.004838739521801472
2,1,2575,2024-02-27,48109,0.010676545,0.010647613555192947,0.98,2.7687854526448064e-05,0.010587332770228386,0.010678272694349289
2,1,2577,2024-02-27,48117,0.0016722427,0.001685675815679133,0.445,0.00011646162602119148,0.001570040127262473,0.0019801792223006487
2,1,2583,2024-02-27,48195,0.0029536986,0.00305953249335289,0.415,0.0005372017621994019,0.0025561070069670677,0.004345242399722338
2,1,2590,2024-02-27,48303,0.0014583331,0.0014949578326195478,0.195,4.072376395924948e-05,0.0014199442230165005,0.00157686707098037
2,1,2594,2024-02-27,48369,0.0017128557,0.001776507357135415,0.32,0.0001336846617050469,0.0016449160175397992,0.002082277787849307
2,1,2599,2024-02-27,48501,0.0015000252,0.001572286942973733,0.285,9.046676132129505e-05,0.0014653493417426944,0.0017630571965128183
2,1,2604,2024-02-27,49011,0.0060581854,0.006323010660707951,0.35,0.001273954869247973,0.005709774326533079,0.010340857319533825
2,1,2613,2024-02-27,49035,0.009207466,0.010384973138570786,0.0,0.001562787569127977,0.009243408218026161,0.014492264948785305
2,1,2618,2024-02-27,49045,0.010866688,0.010861119255423546,0.505,0.0011360084172338247,0.010012641549110413,0.013937772251665592
2,1,2621,2024-02-27,49051,0.0062910267,0.006285230629146099,0.51,0.0002060527040157467,0.006047756876796484,0.006789199076592922
2,1,2626,2024-02-27,50005,0.0115623,0.00598040409386158,0.92,0.002684131031855941,0.004066041205078363,0.013464442454278469
2,1,2627,2024-02-27,50007,0.0063537303,0.004165510646998882,0.79,0.0015649989945814013,0.003236973425373435,0.008356017991900444
2,1,2635,2024-02-27,50023,0.011559231,0.006591657176613808,0.81,0.003329678438603878,0.004652032628655434,0.015986911952495575
2,1,2639,2024-02-27,51089,0.0008449361,0.0008340055355802178,0.625,2.938390571216587e-05,0.0008082716958597302,0.0009171153069473803
2,1,2641,2024-02-27,51680,0.0030588254,0.0030583199113607407,0.51,2.4754433979978785e-05,0.0030477866530418396,0.0031327717006206512
2,1,2656,2024-02-27,56021,0.0019743748,0.0019142773235216737,0.8,7.101646770024672e-05,0.001798187498934567,0.0021374989300966263
2,2,2,2019-03-13,01015,0.00224399,0.0022526278626173735,0.17,5.768575192632852e-06,0.0022418012376874685,0.0022609843872487545
2,2,4,2019-03-13,01037,0.020062977,0.020067188888788223,0.045,3.0545334084308706e-06,0.020062638446688652,0.020073318853974342
2,2,15,2019-03-13,01115,0.003957869,0.0039683678187429905,0.165,7.376080702670151e-06,0.0039545632898807526,0.003979697823524475
2,2,18,2019-03-13,01133,0.0068920986,0.00690101832151413,0.035,5.759350187872769e-06,0.0068912627175450325,0.006911141332238913
2,2,25,2019-03-13,08039,0.018930683,0.01896185614168644,0.385,8.801656804280356e-05,0.018774062395095825,0.019065488129854202
2,2,26,2019-03-13,08041,0.019429615,0.019515959545969963,0.315,0.00016910264093894511,0.019231166690587997,0.019806763157248497
2,2,27,2019-03-13,08061,0.016162995,0.016195811331272125,0.44,0.00012703717220574617,0.0159493125975132,0.016399463638663292
2,2,38,2019-03-13,17059,0.009408493,0.009459126740694046,0.225,6.838358967797831e-05,0.009326045401394367,0.00956079550087452
2,2,41,2019-03-13,17075,0.0075512636,0.007548687979578972,0.94,1.548718728372478e-06,0.007546744309365749,0.007552389521151781
2,2,46,2019-03-13,17145,0.010016294,0.010016203857958317,0.515,3.048780399694806e-06,0.010011781938374043,0.010021751746535301
2,2,49,2019-03-13,17165,0.00973348,0.009733235463500023,0.5,5.904327554162592e-05,0.009640838950872421,0.009840311482548714
2,2,56,2019-03-13,18019,0.005067522,0.005105971824377775,0.3,3.97898220398929e-05,0.005017810966819525,0.005165570415556431
2,2,57,2019-03-13,18037,0.010176071,0.010118426755070686,0.745,5.344091186998412e-05,0.010020263493061066,0.010208342224359512
2,2,61,2019-03-13,18063,0.009094646,0.009157045744359493,0.085,4.947833440382965e-05,0.009073455817997456,0.009243619628250599
2,2,72,2019-03-13,18141,0.003692341,0.0037680519744753838,0.025,3.727889634319581e-05,0.0036857936065644026,0.003818645840510726
2,2,77,2019-03-13,18173,0.00959718,0.009526299312710762,0.655,8.579420682508498e-05,0.00936848670244217,0.009664680808782578
2,2,89,2019-03-13,20175,0.012284268,0.01236723456531763,0.36,0.00016544217942282557,0.012028750963509083,0.012611241079866886
2,2,90,2019-03-13,20179,0.015350476,0.015359867364168167,0.48,0.00015590561088174582,0.015085740014910698,0.015614226460456848
2,2,99,2019-03-13,21039,0.050280027,0.05029475688934326,0.32,1.7821284927777015e-05,0.05026467517018318,0.050329431891441345
2,2,100,2019-03-13,21041,0.010217665,0.010256597772240639,0.145,2.933489486167673e-05,0.010205469094216824,0.010311540216207504
2,2,106,2019-03-13,21075,0.014093508,0.01406986452639103,0.55,9.719838271848857e-05,0.013888987712562084,0.014221811667084694
2,2,115,2019-03-13,21145,0.010508964,0.01048547588288784,0.605,5.050154504715465e-05,0.010406967252492905,0.010580654256045818
2,2,116,2019-03-13,21147,0.006445407,0.006173376925289631,0.835,0.00019809885998256505,0.005873733200132847,0.006518439389765263
2,2,119,2019-03-13,21177,0.007914295,0.007751936558634043,0.955,8.53442179504782e-05,0.007617489900439978,0.007937532849609852
2,2,125,2019-03-13,21221,0.009236219,0.009134722873568535,0.945,5.731506098527461e-05,0.009043707512319088,0.009254276752471924
2,2,127,2019-03-13,21225,0.012089986,0.012100202962756157,0.325,2.765721183095593e-05,0.012052290141582489,0.012150440365076065
2,2,128,2019-03-13,21227,0.0043325727,0.004297338426113129,0.615,4.749419167637825e-05,0.0042248996905982494,0.004390669986605644
2,2,138,2019-03-13,26099,0.0056801913,0.00572090782225132,0.03,2.347025838389527e-05,0.005674642510712147,0.005759571213275194
2,2,148,2019-03-13,28099,0.0020103646,0.001964001450687647,0.955,2.8765374736394733e-05,0.0019122734665870667,0.002019142499193549
2,2,150,2019-03-13,28107,0.004578999,0.004407803528010845,0.785,0.00011582593288039789,0.004253132734447718,0.004661890212446451
2,2,156,2019-03-13,29189,0.002761556,0.00278475321829319,0.3,4.84549454995431e-05,0.0027061367873102427,0.0028687557205557823
2,2,157,2019-03-13,29207,0.009062754,0.009115738794207573,0.08,3.773390199057758e-05,0.009049599058926105,0.009178071282804012
2,2,163,2019-03-13,34031,0.0027478533,0.002748807892203331,0.36,1.9692579371621832e-06,0.002743567805737257,0.0027513564564287663
2,2,169,2019-03-13,36087,0.005367406,0.005367941223084927,0.44,1.5937396256049396e-06,0.0053639840334653854,0.00537023413926363
2,2,177,2019-03-13,39047,0.02771902,0.027700645849108696,0.83,1.818425334931817e-05,0.02767086774110794,0.02773469127714634
2,2,180,2019-03-13,39061,0.00596868,0.006019376218318939,0.245,9.689733269624412e-05,0.005842757411301136,0.0061812493950128555
2,2,183,2019-03-13,39087,0.0020408733,0.002025520894676447,0.82,1.25385558931157e-05,0.001998926280066371,0.002044670283794403
2,2,186,2019-03-13,39119,0.007965853,0.00785980187356472,0.85,8.196941780624911e-05,0.007701162714511156,0.0080011747777462
2,2,188,2019-03-13,39129,0.007394897,0.007389315403997898,0.835,5.882381628907751e-06,0.0073792156763374805,0.007400018163025379
2,2,192,2019-03-13,40007,0.014183442,0.014222025871276855,0.35,0.00010317880514776334,0.014063913375139236,0.0144052654504776
2,2,204,2019-03-13,40055,0.01285197,0.012910118326544762,0.36,0.00017880463565234095,0.012642514891922474,0.013262812979519367
2,2,206,2019-03-13,40059,0.014887677,0.014928126707673073,0.225,7.039996125968173e-05,0.014814414083957672,0.01506410725414753
2,2,212,2019-03-13,40109,0.008764996,0.008861847221851349,0.145,9.797947132028639e-05,0.008704494684934616,0.009032157249748707
2,2,214,2019-03-13,40129,0.0148775065,0.014939587563276291,0.27,0.00013522390509024262,0.014747049659490585,0.015216393396258354
2,2,220,2019-03-13,42091,0.0016869443,0.0016866892110556364,0.555,3.4143574794143206e-06,0.0016775456024333835,0.0016911753918975592
2,2,226,2019-03-13,48003,0.007176722,0.0070858602412045,0.545,0.00026929070008918643,0.006638772785663605,0.007553497329354286
2,2,243,2019-03-13,48113,0.0026873343,0.0026823573280125856,0.785,8.557432011002675e-06,0.0026667213533073664,0.0026977171655744314
2,2,244,2019-03-13,48115,0.010612172,0.010617823339998722,0.49,0.000292362819891423,0.010156453587114811,0.01111680269241333
2,2,247,2019-03-13,48129,0.0118271215,0.011891141533851624,0.365,0.00021273949823807925,0.011560345068573952,0.012272976338863373
2,2,255,2019-03-13,48169,0.01266012,0.012718243524432182,0.385,0.0002476047957316041,0.01236296258866787,0.01320275105535984
2,2,259,2019-03-13,48183,0.0039662495,0.003959543537348509,0.81,4.493666438065702e-06,0.0039539518766105175,0.003971257712692022
2,2,265,2019-03-13,48207,0.012791195,0.012786950916051865,0.515,0.00016991220763884485,0.01255464181303978,0.013118813745677471
2,2,269,2019-03-13,48221,0.007621658,0.007625852711498737,0.49,5.400888039730489e-05,0.007526247762143612,0.007722523994743824
2,2,277,2019-03-13,48257,0.0053983578,0.005367858335375786,0.62,5.2324725402286276e-05,0.005284007638692856,0.005460843443870544
2,2,280,2019-03-13,48295,0.013302868,0.013339079916477203,0.4,0.00018316091154702008,0.013063744641840458,0.013696369715034962
2,2,283,2019-03-13,48305,0.019772392,0.019784050062298775,0.485,0.0001462126529077068,0.019541753455996513,0.020023280754685402
2,2,287,2019-03-13,48337,0.009813288,0.009809885174036026,0.53,3.934728738386184e-05,0.009738186374306679,0.009880532510578632
2,2,289,2019-03-13,48345,0.017374612,0.017493054270744324,0.32,0.0002884829882532358,0.017098410055041313,0.018094778060913086
2,2,291,2019-03-13,48353,0.0068140626,0.006829203572124243,0.41,6.93586262059398e-05,0.006727644242346287,0.006964631844311953
2,2,298,2019-03-13,48375,0.067631,0.06753911823034286,0.85,0.00011120834824396297,0.06731846928596497,0.06770423799753189
2,2,300,2019-03-13,48381,0.023447007,0.023395154625177383,0.83,7.409646059386432e-05,0.023235443979501724,0.02349030040204525
2,2,313,2019-03-13,48447,0.04185691,0.041856955736875534,0.47,1.2916249261252233e-06,0.041853804141283035,0.0418606661260128
2,2,314,2019-03-13,48451,0.0063358922,0.006358438171446323,0.23,2.915070035669487e-05,0.006304480601102114,0.006405399180948734
2,2,319,2019-03-13,48495,0.0089731375,0.00899797398597002,0.475,0.0003001217555720359,0.008387453854084015,0.00940694473683834
2,2,326,2021-03-26,01027,0.0019468351,0.001943462062627077,0.71,3.9211408875416964e-06,0.0019348659552633762,0.0019481400959193707
2,2,327,2021-03-26,01031,0.0027903563,0.0027827899903059006,0.96,3.9756328078510705e-06,0.0027773159090429544,0.002791389124467969
2,2,329,2021-03-26,01037,0.018239176,0.018241820856928825,0.25,2.696893716347404e-06,0.018238293007016182,0.018248194828629494
2,2,335,2021-03-26,01071,0.006321006,0.0063177840784192085,0.935,3.674570962175494e-06,0.006308553274720907,0.00632166862487793
2,2,339,2021-03-26,01093,0.004031756,0.0040312642231583595,0.6,1.225027403961576e-06,0.0040284618735313416,0.004032423719763756
2,2,345,2021-03-26,01133,0.0077848253,0.007784699555486441,0.635,3.2684832262930286e-07,0.007783826906234026,0.007784996647387743
2,2,347,2021-03-26,05013,0.0039253472,0.003926116973161697,0.415,1.6204080566240009e-06,0.003924230113625526,0.003929920494556427
2,2,349,2021-03-26,05039,0.013833583,0.013833737932145596,0.21,1.9619086799593788e-07,0.013833494856953621,0.013834219425916672
2,2,355,2021-03-26,05091,0.037893876,0.03789383918046951,0.58,2.521193209759076e-07,0.03789373114705086,0.037894655019044876
2,2,362,2021-03-26,08041,0.0009612774,0.0009633273584768176,0.32,4.831026217289036e-06,0.0009532358380965889,0.0009697374771349132
2,2,369,2021-03-26,12063,0.0016535649,0.0016459187027066946,0.775,7.055469723127317e-06,0.0016329684294760227,0.0016579353250563145
2,2,379,2021-03-26,13137,0.0016204056,0.001613384927622974,0.775,6.820592716394458e-06,0.001598335918970406,0.0016225235303863883
2,2,381,2021-03-26,13149,0.06909095,0.06909450888633728,0.05,2.7780588425230235e-06,0.06909050792455673,0.0691005066037178
2,2,383,2021-03-26,13193,0.0026473096,0.0026379739865660667,0.9,5.407550816016737e-06,0.0026300607714802027,0.00264916243031621
2,2,386,2021-03-26,13225,0.004958105,0.0049517289735376835,0.725,4.998094937036512e-06,0.004945280030369759,0.004963350016623735
2,2,399,2021-03-26,16019,0.021244064,0.021244414150714874,0.49,4.0813174564391375e-05,0.021177863702178,0.02131674624979496
2,2,405,2021-03-26,16035,0.01945548,0.019547801464796066,0.34,0.00011067326704505831,0.01935887336730957,0.019729511812329292
2,2,407,2021-03-26,16041,0.0017065016,0.0017075414070859551,0.425,5.642584710585652e-06,0.0016957554034888744,0.0017154421657323837
2,2,417,2021-03-26,16067,0.0020385191,0.002039263490587473,0.485,2.3802596842870116e-05,0.001995285740122199,0.002078660763800144
2,2,418,2021-03-26,16069,0.004936032,0.004951900336891413,0.32,4.675721356761642e-05,0.004856611602008343,0.005019164644181728
2,2,421,2021-03-26,16077,0.0025423642,0.0025531547144055367,0.42,3.733178891707212e-05,0.0024878676049411297,0.002615423873066902
2,2,430,2021-03-26,17059,0.001846076,0.001848563551902771,0.145,1.625622644496616e-06,0.0018434434896335006,0.001849974738433957
2,2,435,2021-03-26,17119,0.0023570359,0.002356701996177435,0.64,5.90122965604678e-07,0.002355524804443121,0.002357644960284233
2,2,440,2021-03-26,17165,0.0014889498,0.0014903293922543526,0.23,1.2802648825527285e-06,0.0014864359982311726,0.0014915105421096087
2,2,445,2021-03-26,18005,0.0034237145,0.003426282200962305,0.19,1.979097078219638e-06,0.0034209315199404955,0.0034281800035387278
2,2,450,2021-03-26,18035,0.0033739398,0.003379039466381073,0.145,3.5092714369966416e-06,0.0033692496363073587,0.003383639734238386
2,2,452,2021-03-26,18047,0.006034307,0.006030590273439884,0.83,3.428906666158582e-06,0.006023256108164787,0.006035008002072573
2,2,456,2021-03-26,18063,0.0029851738,0.002991374582052231,0.145,3.3014762266248e-06,0.0029823710210621357,0.0029939315281808376
2,2,470,2021-03-26,18161,0.0036618218,0.0036611072719097137,0.52,8.97107929631602e-06,0.003640904789790511,0.003672441001981497
2,2,472,2021-03-26,18173,0.0019343663,0.0019331909716129303,0.95,1.553346919536125e-06,0.001928634592331946,0.0019344512838870287
2,2,480,2021-03-26,20085,0.0029895524,0.0029912712052464485,0.45,1.4792423826293088e-05,0.002962346887215972,0.00301158893853426
2,2,485,2021-03-26,20141,0.002306822,0.002311052056029439,0.395,1.3744932402914856e-05,0.0022862290497869253,0.00233044708147645
2,2,490,2021-03-26,20179,0.002400712,0.002399942371994257,0.505,2.677564771147445e-05,0.002339119790121913,0.0024343004915863276
2,2,499,2021-03-26,21039,0.0023929207,0.002392912982031703,0.5,1.240688447978755e-06,0.0023897734936326742,0.0023943763226270676
2,2,503,2021-03-26,21075,0.0016915728,0.001689442084170878,0.795,1.7402338698957465e-06,0.0016856568399816751,0.001692343270406127
2,2,513,2021-03-26,21145,0.0015651502,0.0015648124972358346,0.545,1.6642260334265302e-06,0.0015610628761351109,0.0015671750297769904
2,2,516,2021-03-26,21177,0.0015120178,0.0015119239687919617,0.55,1.3490307537722401e-06,0.0015079419827088714,0.0015128612285479903
2,2,517,2021-03-26,21183,0.004412351,0.0044123283587396145,0.545,5.309887001203606e-07,0.004410797730088234,0.004412711597979069
2,2,518,2021-03-26,21209,0.0029154192,0.0029109492897987366,0.68,3.9752803786541335e-06,0.002905205124989152,0.0029188687913119793
2,2,520,2021-03-26,21221,0.01324192,0.013242218643426895,0.11,2.93625419089949e-07,0.013241852633655071,0.013242934830486774
2,2,521,2021-03-26,21225,0.0017784605,0.001782117411494255,0.18,2.5924666715582134e-06,0.0017736186273396015,0.001783773535862565
2,2,530,2021-03-26,24015,0.0017966258,0.0017883139662444592,0.675,9.862792467174586e-06,0.0017706048674881458,0.0018042911542579532
2,2,532,2021-03-26,24023,0.027258875,0.027241315692663193,0.82,1.3567158930527512e-05,0.02722078748047352,0.02727152593433857
2,2,544,2021-03-26,25013,0.0058083525,0.005678432062268257,0.75,0.00010116607882082462,0.005527526140213013,0.00585443340241909
2,2,545,2021-03-26,25015,0.0069578276,0.006794106215238571,0.795,0.00012719264486804605,0.006580347660928965,0.006997984834015369
2,2,552,2021-03-26,28013,0.0022395728,0.0022396198473870754,0.43,7.368031447185786e-07,0.0022374147083610296,0.00224015093408525
2,2,554,2021-03-26,28029,0.003655635,0.003656503278762102,0.025,9.345002922600543e-07,0.0036556057166308165,0.0036590760573744774
2,2,560,2021-03-26,28107,0.007594356,0.0075940825045108795,0.75,7.518605684708746e-07,0.0075920345261693,0.007594619411975145
2,2,563,2021-03-26,28137,0.0061246236,0.00612512044608593,0.06,2.049743699217288e-07,0.006124489940702915,0.006125263404101133
2,2,570,2021-03-26,29187,0.001157897,0.001159086124971509,0.29,1.9044842929361039e-06,0.0011549039045348763,0.001161386026069522
2,2,577,2021-03-26,30021,0.018227264,0.018245192244648933,0.4,6.920210580574349e-05,0.018164388835430145,0.018409384414553642
2,2,580,2021-03-26,30029,0.015158077,0.01510145328938961,0.59,0.00014966506569180638,0.014866570010781288,0.015418886207044125
2,2,590,2021-03-26,30071,0.013757532,0.013803992420434952,0.265,0.00010727632616180927,0.0136310625821352,0.01401907205581665
2,2,597,2021-03-26,30087,0.013347809,0.01336723193526268,0.28,3.775967707042582e-05,0.013309469446539879,0.013441592454910278
2,2,601,2021-03-26,30095,0.025264436,0.02527174912393093,0.115,1.141963730333373e-05,0.02525707520544529,0.02529827319085598
2,2,606,2021-03-26,30109,0.020401208,0.020441848784685135,0.42,7.443744107149541e-05,0.020332096144557,0.02058398723602295
2,2,607,2021-03-26,30111,0.011001447,0.011131485924124718,0.21,0.000165375298820436,0.010835442692041397,0.011419732123613358
2,2,612,2021-03-26,34005,0.0031383582,0.0031132218427956104,0.72,2.0839190256083384e-05,0.003085504751652479,0.0031584498938173056
2,2,624,2021-03-26,34041,0.0038978532,0.003872180823236704,0.77,1.6761130609665997e-05,0.003849239321425557,0.003911403473466635
2,2,625,2021-03-26,36001,0.004475678,0.004461668431758881,0.7,1.618254646018613e-05,0.004436059854924679,0.004490804858505726
2,2,636,2021-03-26,36057,0.008037729,0.008004053495824337,0.545,7.209864998003468e-05,0.007895765826106071,0.008130897767841816
2,2,641,2021-03-26,36083,0.004537733,0.004513187799602747,0.835,1.7883332475321367e-05,0.004478560760617256,0.004547168035060167
2,2,642,2021-03-26,36085,0.0018899259,0.0018943124450743198,0.415,1.602224620000925e-05,0.001869349041953683,0.001922602066770196
2,2,645,2021-03-26,36101,0.0076371627,0.007639152463525534,0.395,7.26336566003738e-06,0.007627174723893404,0.00765669159591198
2,2,656,2021-03-26,37115,0.011081656,0.011081917211413383,0.26,6.417769782274263e-07,0.011081166565418243,0.011083603836596012
2,2,660,2021-03-26,37183,0.0016004842,0.0015952206449583173,0.645,1.0020411536970641e-05,0.0015762002440169454,0.0016111076110973954
2,2,665,2021-03-26,39021,0.017377611,0.017377406358718872,0.51,2.5771184937184444e-06,0.017371682450175285,0.017383428290486336
2,2,666,2021-03-26,39023,0.0036036759,0.00360759231261909,0.04,3.727242301465594e-06,0.003601648146286607,0.0036158584989607334
2,2,675,2021-03-26,39047,0.0050893584,0.0050831083208322525,0.83,4.183484634268098e-06,0.005078378599137068,0.005095453467220068
2,2,679,2021-03-26,39061,0.0031855493,0.0031881374306976795,0.25,4.1542984945408534e-06,0.0031806984916329384,0.003196172881871462
2,2,687,2021-03-26,39091,0.052768316,0.052763089537620544,0.9,3.6650505990110105e-06,0.05275743082165718,0.05277184396982193
2,2,688,2021-03-26,39093,0.013268182,0.013269476592540741,0.47,1.9764180251513608e-05,0.013224735856056213,0.013299587182700634
2,2,696,2021-03-26,39129,0.0048901495,0.004888686817139387,0.74,3.2085633847600548e-06,0.004881342872977257,0.004894381854683161
2,2,704,2021-03-26,39159,0.0072736945,0.007270319387316704,0.835,3.6692231333290692e-06,0.007261156104505062,0.00727699464187026
2,2,705,2021-03-26,39165,0.0024727164,0.0024765152484178543,0.165,3.596436954467208e-06,0.0024699184577912092,0.0024820391554385424
2,2,710,2021-03-26,41021,0.0057109804,0.005720916204154491,0.195,1.0999506230291445e-05,0.005696410313248634,0.005736400373280048
2,2,716,2021-03-26,41055,0.004878284,0.0048849619925022125,0.19,7.45621946407482e-06,0.00486908620223403,0.0048971641808748245
2,2,718,2021-03-26,41065,0.0072879144,0.007295573130249977,0.395,1.6790983863756992e-05,0.007265910971909761,0.007323047146201134
2,2,721,2021-03-26,42017,0.0018226933,0.0018199658952653408,0.585,9.62323883868521e-06,0.001807513297535479,0.0018404893344268203
2,2,724,2021-03-26,42039,0.009412718,0.00940629094839096,0.8,5.492937361850636e-06,0.009395002387464046,0.009414896368980408
2,2,726,2021-03-26,42049,0.020206079,0.02019013836979866,0.615,6.847774056950584e-05,0.020167764276266098,0.02040032111108303
2,2,733,2021-03-26,42091,0.0020479625,0.0020489953458309174,0.475,2.238362685602624e-05,0.002022166270762682,0.002096182433888316
2,2,741,2021-03-26,45017,0.002751787,0.002720141550526023,0.85,2.037457852566149e-05,0.002689006272703409,0.002760272705927491
2,2,742,2021-03-26,45029,0.0022331884,0.0022167577408254147,0.74,1.305495243286714e-05,0.0021992961410433054,0.002245502546429634
2,2,745,2021-03-26,45059,0.001158511,0.0011492753401398659,0.995,5.495123787113698e-06,0.0011398812057450414,0.001158671802841127
2,2,762,2021-03-26,46041,0.00898249,0.008995488286018372,0.295,2.9561875635408796e-05,0.008951032534241676,0.009056667797267437
2,2,763,2021-03-26,46045,0.0064045275,0.006427532993257046,0.15,2.796111766656395e-05,0.006389989517629147,0.006486538331955671
2,2,766,2021-03-26,46051,0.0036642132,0.003687223419547081,0.23,3.3589632948860526e-05,0.0036307007540017366,0.003751624608412385
2,2,774,2021-03-26,46075,0.016251191,0.016250092536211014,0.585,7.246938366733957e-06,0.016240976750850677,0.016266660764813423
2,2,776,2021-03-26,46085,0.0035069757,0.0035104721318930387,0.415,1.7089767425204627e-05,0.003479947103187442,0.0035396507009863853
2,2,779,2021-03-26,46093,0.008657647,0.008678629994392395,0.375,4.451486165635288e-05,0.008597227744758129,0.008759485557675362
2,2,782,2021-03-26,46103,0.002434739,0.002434621099382639,0.5,1.0696168828872032e-05,0.0024147038348019123,0.002453484805300832
2,2,783,2021-03-26,46105,0.018509218,0.018521945923566818,0.365,6.336297519737855e-05,0.018432803452014923,0.018670810386538506
2,2,794,2021-03-26,47011,0.0065190205,0.006517668254673481,0.645,2.149783767890767e-06,0.006513177417218685,0.006519790273159742
2,2,799,2021-03-26,47059,0.0037922468,0.003791715716943145,0.66,7.012354785729258e-07,0.0037901648320257664,0.0037926200311630964
2,2,800,2021-03-26,47069,0.0017404831,0.0017417053459212184,0.125,7.214968036350911e-07,0.0017398048657923937,0.001742495340295136
2,2,813,2021-03-26,48037,0.0010696683,0.0010698388796299696,0.38,1.2654325018957024e-06,0.0010661589913070202,0.001070666592568159
2,2,821,2021-03-26,50001,0.005403164,0.005394096486270428,0.645,1.073966359399492e-05,0.0053717405535280704,0.00541102048009634
2,2,829,2021-03-26,51199,0.004207967,0.004198852926492691,0.785,8.13500264484901e-06,0.00418405095115304,0.004211996216326952
2,2,831,2021-03-26,53005,0.0051119374,0.005126914940774441,0.215,1.9609542505349964e-05,0.0050943451933562756,0.005164737813174725
2,2,835,2021-03-26,53025,0.0018754586,0.0018805891741067171,0.185,6.837631190137472e-06,0.0018685562536120415,0.0018928518984466791
2,2,843,2021-03-26,54029,0.009206699,0.009208870120346546,0.46,1.40363335958682e-05,0.009186849929392338,0.00923837535083294
2,2,855,2021-03-26,56019,0.0026018592,0.002606529276818037,0.39,1.642978713789489e-05,0.0025807309430092573,0.002641325816512108
2,2,861,2021-03-26,56037,0.0013495473,0.001354130683466792,0.2,5.960316684650024e-06,0.0013434564461931586,0.0013647639425471425
2,2,862,2021-03-26,56039,0.012882669,0.012830824591219425,0.615,9.893246897263452e-05,0.012704954482614994,0.013050374574959278
2,2,863,2021-03-26,56043,0.0022333257,0.002241864800453186,0.28,1.8621123672346584e-05,0.002210856880992651,0.0022784238681197166
2,2,864,2021-03-26,56045,0.0035309065,0.0035326951183378696,0.445,8.399896614719182e-06,0.003517982317134738,0.0035475764889270067
2,2,865,2021-12-11,01071,0.0025164457,0.002496626228094101,0.745,1.6809648514026776e-05,0.0024684148374944925,0.002525528660044074
2,2,871,2021-12-11,04005,0.0069505745,0.006965985521674156,0.28,2.067880632239394e-05,0.0069312104023993015,0.0070070549845695496
2,2,877,2021-12-11,04023,0.0015851143,0.0015868265181779861,0.12,1.3726661336477264e-06,0.0015843912260606885,0.0015890878858044744
2,2,883,2021-12-11,05039,0.014693078,0.014695806428790092,0.08,2.0439026684471173e-06,0.014692758210003376,0.014699460938572884
2,2,889,2021-12-11,05081,0.015506519,0.015505027025938034,0.895,8.563903293179465e-07,0.015503975562751293,0.015507030300796032
2,2,893,2021-12-11,05111,0.11767938,0.11765742301940918,0.885,1.6023024727473967e-05,0.11763233691453934,0.11768894642591476
2,2,900,2021-12-11,06011,0.025701385,0.025692082941532135,0.955,6.709959052386694e-06,0.025679444894194603,0.02570319175720215
2,2,902,2021-12-11,06019,0.0017962529,0.0018286164849996567,0.18,3.716902938322164e-05,0.0017586557660251856,0.001890157931484282
2,2,906,2021-12-11,06031,0.0032238357,0.003224056214094162,0.205,1.76890509351324e-07,0.0032236252445727587,0.0032242918387055397
2,2,908,2021-12-11,06039,0.00535168,0.0053881192579865456,0.295,6.259024667087942e-05,0.005267690401524305,0.005484783090651035
2,2,914,2021-12-11,06059,0.004005095,0.004043573513627052,0.015,2.3781496565788984e-05,0.004000580403953791,0.00408357847481966
2,2,919,2021-12-11,06071,0.0012223602,0.001219846773892641,0.785,3.844224465865409e-06,0.0012130344985052943,0.0012260847724974155
2,2,930,2021-12-11,06103,0.019029316,0.019003383815288544,0.655,7.23901903256774e-05,0.018883826211094856,0.019128568470478058
2,2,934,2021-12-11,06115,0.007764878,0.007768281269818544,0.445,2.2313022782327607e-05,0.007733039557933807,0.0078068943694233894
2,2,946,2021-12-11,08027,0.014964741,0.014963415451347828,0.515,2.573272467998322e-05,0.014935231767594814,0.015027952380478382
2,2,949,2021-12-11,08039,0.0031114442,0.003119069617241621,0.475,4.847340096603148e-05,0.003021055134013295,0.003190248738974333
2,2,950,2021-12-11,08041,0.012697475,0.012676140293478966,0.695,4.806580545846373e-05,0.012574351392686367,0.01274922490119934
2,2,952,2021-12-11,08045,0.0032421618,0.0032419199123978615,0.51,7.201550943136681e-06,0.0032296667341142893,0.003254971466958523
2,2,955,2021-12-11,08061,0.026618179,0.02663353644311428,0.485,0.0005231917602941394,0.02570958435535431,0.027497468516230583
2,2,969,2021-12-11,08107,0.0012980624,0.001296740723773837,0.96,3.1378715448227013e-06,0.001286497339606285,0.001298248302191496
2,2,970,2021-12-11,08109,0.011242287,0.011252816766500473,0.45,6.123164348537102e-05,0.01112415362149477,0.011333801783621311
2,2,974,2021-12-11,13045,0.0023084087,0.002305976115167141,0.86,1.753546030158759e-06,0.002303085522726178,0.0023088359739631414
2,2,978,2021-12-11,13319,0.019450748,0.019451824948191643,0.02,6.946913231331564e-07,0.019450703635811806,0.01945318467915058
2,2,984,2021-12-11,16067,0.0012445875,0.0012447974877431989,0.475,5.704642717319075e-06,0.0012345094000920653,0.0012543895281851292
2,2,986,2021-12-11,16077,0.048462994,0.048459284007549286,0.715,7.312590696528787e-06,0.048446174710989,0.048471320420503616
2,2,987,2021-12-11,17001,0.0074685887,0.0076797218061983585,0.3,0.0004335625853855163,0.006909186951816082,0.008340712636709213
2,2,995,2021-12-11,17045,0.0068387045,0.006876669824123383,0.145,4.597522274707444e-05,0.006796142552047968,0.006969253998249769
2,2,1002,2021-12-11,17075,0.008408387,0.00866333581507206,0.01,0.0001732847886160016,0.008394652046263218,0.008995390497148037
2,2,1018,2021-12-11,17119,0.017218672,0.01721230335533619,0.86,5.241562575974967e-06,0.01720326393842697,0.01722218096256256
2,2,1021,2021-12-11,17137,0.0057870117,0.005909627303481102,0.275,0.00020012943423353136,0.005566646344959736,0.006289644166827202
2,2,1022,2021-12-11,17139,0.057475682,0.057441458106040955,0.855,3.4912849514512345e-05,0.057370625436306,0.05750114470720291
2,2,1025,2021-12-11,17167,0.0045288466,0.004794761538505554,0.105,0.00021243507217150182,0.0044100526720285416,0.00516738835722208
2,2,1026,2021-12-11,17173,0.02830267,0.02828725054860115,0.84,2.0177383703412488e-05,0.028249653056263924,0.02832014486193657
2,2,1027,2021-12-11,17177,0.024055183,0.02484280988574028,0.21,0.0010297057451680303,0.022736748680472374,0.02645782008767128
2,2,1030,2021-12-11,17183,0.0072904695,0.007398007437586784,0.06,8.809376595309004e-05,0.007264202460646629,0.007562392391264439
2,2,1033,2021-12-11,18001,0.017515799,0.017750373110175133,0.05,0.00015855269157327712,0.017454616725444794,0.01798318885266781
2,2,1044,2021-12-11,18035,0.012169308,0.012266434729099274,0.15,0.00013682407734449953,0.012082569301128387,0.012560988776385784
2,2,1059,2021-12-11,18099,0.012472775,0.012584643438458443,0.185,0.0001372615952277556,0.012362765148282051,0.012833012267947197
2,2,1063,2021-12-11,18113,0.015548203,0.01567104086279869,0.305,0.0001856157323345542,0.015315946191549301,0.015968119725584984
2,2,1074,2021-12-11,18151,0.0106390305,0.010638711974024773,0.5,0.00016534107271581888,0.010370392352342606,0.010966001078486443
2,2,1076,2021-12-11,18171,0.017807046,0.01781119406223297,0.35,6.750444299541414e-06,0.017796559259295464,0.01782127656042576
2,2,1083,2021-12-11,19005,0.05854218,0.05856592208147049,0.275,4.237651592120528e-05,0.058537211269140244,0.058692123740911484
2,2,1084,2021-12-11,19007,0.109303884,0.1082969456911087,0.875,0.0006583838840015233,0.10741925984621048,0.10972510278224945
2,2,1086,2021-12-11,19011,0.027761959,0.029140528291463852,0.105,0.0009834559168666601,0.02729792520403862,0.03080272302031517
2,2,1088,2021-12-11,19015,0.029042317,0.02813909575343132,0.93,0.0005589193315245211,0.02728384919464588,0.029206234961748123
2,2,1102,2021-12-11,19043,0.03675127,0.03713047504425049,0.385,0.0008540721028111875,0.03542114794254303,0.03838616982102394
2,2,1107,2021-12-11,19053,0.016191982,0.017358902841806412,0.105,0.0009752798359841108,0.015526482835412025,0.01899557188153267
2,2,1112,2021-12-11,19063,0.02475606,0.02484182082116604,0.095,9.413003135705367e-05,0.024719050154089928,0.02504013478755951
2,2,1115,2021-12-11,19069,0.07569716,0.07460446655750275,0.93,0.0007237324607558548,0.07340390235185623,0.07592834532260895
2,2,1116,2021-12-11,19073,0.3059763,0.3049759268760681,0.935,0.0006691267481073737,0.30393728613853455,0.30628907680511475
2,2,1119,2021-12-11,19079,0.024431022,0.024421747773885727,0.6,3.9341590309049934e-05,0.02439594455063343,0.02453160285949707
2,2,1121,2021-12-11,19083,0.036768578,0.03690242022275925,0.045,0.00013645684521179646,0.036725908517837524,0.03720342740416527
2,2,1122,2021-12-11,19087,0.015887994,0.01692291349172592,0.085,0.0007192473276518285,0.015575528144836426,0.018041905015707016
2,2,1134,2021-12-11,19115,0.01475211,0.015679966658353806,0.17,0.0008469770546071231,0.014014302752912045,0.01703847013413906
2,2,1138,2021-12-11,19123,0.02507208,0.026889828965067863,0.03,0.0010471264831721783,0.02482225000858307,0.02856801077723503
2,2,1147,2021-12-11,19143,0.007861038,0.007939030416309834,0.185,0.0001045719109242782,0.007770928554236889,0.00813740398734808
2,2,1148,2021-12-11,19145,0.060077697,0.05883214622735977,0.945,0.000743420678190887,0.05773896723985672,0.06028442457318306
2,2,1159,2021-12-11,19167,0.009229476,0.00932927057147026,0.135,9.405110904481262e-05,0.009176644496619701,0.009499330073595047
2,2,1161,2021-12-11,19171,0.04742465,0.04756513983011246,0.065,0.00011683054617606103,0.04738244786858559,0.04779621586203575
2,2,1166,2021-12-11,19181,0.020498628,0.022012386471033096,0.02,0.0009629069827497005,0.0204204972833395,0.02364676631987095
2,2,1179,2021-12-11,20011,0.0053261165,0.005324851721525192,0.5,0.0002895187062676996,0.004716142546385527,0.0057560293935239315
2,2,1185,2021-12-11,20029,0.024447443,0.024526476860046387,0.425,0.0005811613518744707,0.02332308143377304,0.025467807427048683
2,2,1186,2021-12-11,20035,0.010414146,0.010543743148446083,0.345,0.00027297670021653175,0.010023132897913456,0.010975292883813381
2,2,1200,2021-12-11,20073,0.009091587,0.009172167629003525,0.395,0.000424842321081087,0.008418995887041092,0.009924270212650299
2,2,1204,2021-12-11,20085,0.033937406,0.03402748703956604,0.42,0.0006545658688992262,0.032715123146772385,0.03506389632821083
2,2,1207,2021-12-11,20091,0.016353542,0.016983039677143097,0.17,0.0007359380833804607,0.015507376752793789,0.018227802589535713
2,2,1210,2021-12-11,20105,0.0436177,0.043504923582077026,0.745,0.00017532339552417397,0.04317731410264969,0.04383150488138199
2,2,1213,2021-12-11,20113,0.019712899,0.019737979397177696,0.49,0.0006171524873934686,0.018529299646615982,0.020722242072224617
2,2,1215,2021-12-11,20117,0.029182553,0.029152508825063705,0.635,0.00010670400661183521,0.029051151126623154,0.02944125421345234
2,2,1216,2021-12-11,20121,0.0127648935,0.012753864750266075,0.505,0.0006594539154320955,0.011474483646452427,0.013715503737330437
2,2,1225,2021-12-11,20141,0.027328985,0.02744944393634796,0.39,0.00038250809302553535,0.026647264137864113,0.02804250828921795
2,2,1226,2021-12-11,20143,0.14084306,0.14075464010238647,0.63,0.0003276363422628492,0.14017386734485626,0.14134609699249268
2,2,1236,2021-12-11,20167,0.035461552,0.035407960414886475,0.755,9.281338134314865e-05,0.03523757681250572,0.035572558641433716
2,2,1240,2021-12-11,20175,0.023447204,0.023521963506937027,0.33,0.00018587235535960644,0.02315315417945385,0.02383284643292427
2,2,1242,2021-12-11,20179,0.0326075,0.03261379897594452,0.45,5.01580216223374e-05,0.03251377120614052,0.032695408910512924
2,2,1258,2021-12-11,21027,0.010126738,0.010162495076656342,0.145,2.4287028281833045e-05,0.010115574114024639,0.010201220400631428
2,2,1265,2021-12-11,21065,0.009822125,0.00969301164150238,0.765,9.534184209769592e-05,0.009554006159305573,0.009872505441308022
2,2,1266,2021-12-11,21075,0.1421844,0.14219334721565247,0.365,1.842909841798246e-05,0.1421671360731125,0.14223161339759827
2,2,1276,2021-12-11,21137,0.006938673,0.006922426167875528,0.71,1.966890886251349e-05,0.006882059387862682,0.006945669651031494
2,2,1279,2021-12-11,21147,0.005854017,0.005802311934530735,0.865,3.529931927914731e-05,0.005738991778343916,0.005866124294698238
2,2,1280,2021-12-11,21151,0.0110551035,0.011003419756889343,0.665,5.52185665583238e-05,0.010919240303337574,0.011104929260909557
2,2,1284,2021-12-11,21167,0.0060736267,0.006049111019819975,0.665,3.3916381653398275e-05,0.0059916190803050995,0.0061050900258123875
2,2,1287,2021-12-11,21177,0.034413446,0.034450989216566086,0.075,2.501170092727989e-05,0.03440919145941734,0.03449882194399834
2,2,1288,2021-12-11,21183,0.11349308,0.1135365441441536,0.09,2.8072679924662225e-05,0.11348769813776016,0.11358435451984406
2,2,1294,2021-12-11,21209,0.004204543,0.004161184653639793,0.7,4.4151980546303093e-05,0.0040827165357768536,0.0042325821705162525
2,2,1300,2021-12-11,21235,0.0046358095,0.004586922936141491,0.74,3.7441372114699334e-05,0.004529131576418877,0.004656428471207619
2,2,1304,2021-12-11,22119,0.0011575007,0.001155117992311716,0.94,2.2469180294137914e-06,0.0011502356501296163,0.001157704507932067
2,2,1312,2021-12-11,25023,0.012841524,0.012742120772600174,0.625,0.00014212651876732707,0.012503574602305889,0.012991799041628838
2,2,1314,2021-12-11,26001,0.23848057,0.23929321765899658,0.05,0.0006840324494987726,0.23838378489017487,0.24073277413845062
2,2,1345,2021-12-11,26081,0.012514452,0.012847185134887695,0.365,0.0007105739787220955,0.011596583761274815,0.01395481452345848
2,2,1346,2021-12-11,26083,0.08084462,0.08096866309642792,0.15,8.739034819882363e-05,0.08080810308456421,0.08110875636339188
2,2,1348,2021-12-11,26089,0.05559523,0.05698451027274132,0.06,0.0009385099401697516,0.055463265627622604,0.05886710062623024
2,2,1352,2021-12-11,26099,0.008248593,0.008329089730978012,0.05,6.010334618622437e-05,0.00823773443698883,0.008442780002951622
2,2,1354,2021-12-11,26103,0.009175422,0.009090068750083447,0.91,7.778903818689287e-05,0.008921192958950996,0.009190920740365982
2,2,1355,2021-12-11,26105,0.016721377,0.015863705426454544,0.91,0.0004826705844607204,0.01518608070909977,0.01687866635620594
2,2,1358,2021-12-11,26113,0.13870089,0.14022620022296906,0.085,0.0010791390668600798,0.13846677541732788,0.14226871728897095
2,2,1359,2021-12-11,26115,0.0659679,0.06580676138401031,0.91,0.00018225415260531008,0.06542777270078659,0.06603293120861053
2,2,1360,2021-12-11,26119,0.059553333,0.06082998961210251,0.065,0.000782362709287554,0.059454768896102905,0.06218007206916809
2,2,1362,2021-12-11,26123,0.033299223,0.03442762419581413,0.065,0.0008934382349252701,0.03315553814172745,0.03624679148197174
2,2,1363,2021-12-11,26125,0.008902961,0.00881281029433012,0.79,0.00011908821761608124,0.008610391989350319,0.009011912159621716
2,2,1386,2021-12-11,27037,0.023252608,0.023527730256319046,0.125,0.00029466397245414555,0.02306343801319599,0.02413906157016754
2,2,1393,2021-12-11,27053,0.011575691,0.011698009446263313,0.065,0.00011882479157065973,0.011531776748597622,0.011944922618567944
2,2,1394,2021-12-11,27055,0.038716592,0.03826134651899338,0.61,0.0006796513916924596,0.037080928683280945,0.0395040400326252
2,2,1395,2021-12-11,27063,0.011298391,0.01145495381206274,0.11,0.00011810665455413982,0.011225319467484951,0.011642638593912125
2,2,1398,2021-12-11,27081,0.006373022,0.006411675363779068,0.125,2.6685602279030718e-05,0.00635586166754365,0.006451509892940521
2,2,1404,2021-12-11,27103,0.015929531,0.016030818223953247,0.115,0.00012772221816703677,0.01587018184363842,0.016318265348672867
2,2,1412,2021-12-11,27133,0.007153592,0.007236660458147526,0.045,5.092451465316117e-05,0.007144120987504721,0.007323040626943111
2,2,1415,2021-12-11,27143,0.014371502,0.014360858127474785,0.965,5.787180725747021e-06,0.01435242872685194,0.014372782781720161
2,2,1421,2021-12-11,27169,0.02214879,0.02193617634475231,0.565,0.0006788643659092486,0.0207025445997715,0.023083772510290146
2,2,1430,2021-12-11,29021,0.04438269,0.0436166375875473,0.865,0.0005330330459401011,0.0428897887468338,0.04488115757703781
2,2,1450,2021-12-11,29081,0.017897662,0.017595313489437103,0.815,0.0002888469898607582,0.017228087410330772,0.018247298896312714
2,2,1459,2021-12-11,29123,0.0025527622,0.002550673671066761,0.86,1.7440657984479913e-06,0.002547202166169882,0.002553090453147888
2,2,1461,2021-12-11,29129,0.028518988,0.028752345591783524,0.4,0.0010455029550939798,0.026907552033662796,0.030409298837184906
2,2,1464,2021-12-11,29147,0.014472486,0.013734005391597748,0.825,0.0006780822877772152,0.012764852494001389,0.015185011550784111
2,2,1469,2021-12-11,29163,0.004776912,0.0048782723024487495,0.255,0.00017366473912261426,0.0045670922845602036,0.005166430491954088
2,2,1471,2021-12-11,29167,0.006424922,0.006398756057024002,0.715,2.8775604732800275e-05,0.0063409763388335705,0.006447669584304094
2,2,1476,2021-12-11,29177,0.016010165,0.016903191804885864,0.175,0.0008136645774357021,0.015325669199228287,0.018090084195137024
2,2,1478,2021-12-11,29183,0.005971204,0.005985734984278679,0.18,1.795431671780534e-05,0.005955525208264589,0.006017979700118303
2,2,1479,2021-12-11,29197,0.030544989,0.03035685420036316,0.85,0.00014555227244272828,0.03023478202521801,0.030821114778518677
2,2,1481,2021-12-11,29209,0.008084321,0.008084049448370934,0.83,7.017478651505371e-07,0.008081947453320026,0.008084355853497982
2,2,1487,2021-12-11,29229,0.0020857044,0.0020743487402796745,0.82,1.0966863555950113e-05,0.002051005605608225,0.00208975444547832
2,2,1490,2021-12-11,30095,0.0011628417,0.0011655351845547557,0.305,5.154368864168646e-06,0.001155144884251058,0.0011721780756488442
2,2,1497,2021-12-11,33005,0.008396108,0.008321121335029602,0.9,4.86958961118944e-05,0.008231084793806076,0.008412224240601063
2,2,1507,2021-12-11,35028,0.009358161,0.009354321286082268,0.665,1.6416297512478195e-05,0.00930977426469326,0.009371125139296055
2,2,1512,2021-12-11,35043,0.0032627718,0.0032608862966299057,0.97,1.7328661670035217e-06,0.0032566834706813097,0.003262887941673398
2,2,1517,2021-12-11,35057,0.0044536656,0.004451927728950977,0.52,2.4491599106113426e-05,0.004387741908431053,0.004466452170163393
2,2,1520,2021-12-11,36001,0.0042868126,0.004244034178555012,0.725,3.8585756556130946e-05,0.004188412334769964,0.004319343250244856
2,2,1526,2021-12-11,36021,0.0024711401,0.0024107673671096563,0.81,4.940276267006993e-05,0.002326729241758585,0.002492777304723859
2,2,1536,2021-12-11,36045,0.008313308,0.008321356028318405,0.265,1.0048506737803109e-05,0.008310155011713505,0.008355225436389446
2,2,1541,2021-12-11,36057,0.012027094,0.012034295126795769,0.37,1.0616976396704558e-05,0.012010861188173294,0.012048772536218166
2,2,1546,2021-12-11,36069,0.007901028,0.007871195673942566,0.62,5.926629819441587e-05,0.0077707236632704735,0.007968087680637836
2,2,1548,2021-12-11,36075,0.01269012,0.012827948667109013,0.085,8.582917507737875e-05,0.012662617489695549,0.012965277768671513
2,2,1549,2021-12-11,36083,0.0061395266,0.006075866520404816,0.825,4.20654978370294e-05,0.00601824140176177,0.006163380108773708
2,2,1555,2021-12-11,36099,0.025044298,0.02508857101202011,0.415,7.162192196119577e-05,0.024950802326202393,0.025208139792084694
2,2,1556,2021-12-11,36101,0.006030948,0.005983069539070129,0.655,4.985932901035994e-05,0.005899395793676376,0.00608301255851984
2,2,1564,2021-12-11,37057,0.0012511109,0.0012328855227679014,0.8,1.3627360203827266e-05,0.0012094350531697273,0.001258385949768126
2,2,1578,2021-12-11,39047,0.008080222,0.00811823271214962,0.155,4.679321136791259e-05,0.008042789995670319,0.008203686214983463
2,2,1582,2021-12-11,39063,0.030085277,0.03004344180226326,1.0,1.3071149624011014e-05,0.030035315081477165,0.030084362253546715
2,2,1584,2021-12-11,39069,0.017110115,0.01727062091231346,0.04,0.00016613604384474456,0.01704973541200161,0.01765476167201996
2,2,1587,2021-12-11,39091,0.014416695,0.014552704058587551,0.055,0.00012243364471942186,0.014368914067745209,0.01478214468806982
2,2,1588,2021-12-11,39093,0.012373202,0.012433400377631187,0.265,0.00012228437117300928,0.012264745309948921,0.01267497893422842
2,2,1592,2021-12-11,39119,0.0029660072,0.0029442585073411465,0.83,1.5131433428905439e-05,0.0029254474211484194,0.0029766294173896313
2,2,1597,2021-12-11,39135,0.009716713,0.009789597243070602,0.19,9.018801938509569e-05,0.009658093564212322,0.009958446957170963
2,2,1599,2021-12-11,39143,0.011961324,0.012045703828334808,0.055,9.325829887529835e-05,0.011930004693567753,0.012261186726391315
2,2,1606,2021-12-11,40007,0.01171178,0.011792384088039398,0.36,0.00020097903325222433,0.01138103287667036,0.012082062661647797
2,2,1610,2021-12-11,40059,0.0127828065,0.012980060651898384,0.275,0.0003422860463615507,0.01221688836812973,0.013480979949235916
2,2,1613,2021-12-11,40077,0.024346676,0.02434520423412323,0.745,1.4400433201444685e-06,0.024343036115169525,0.024348782375454903
2,2,1615,2021-12-11,40109,0.0055484953,0.005659593269228935,0.25,0.00017522196867503226,0.005335160065442324,0.005938615184277296
2,2,1625,2021-12-11,42049,0.01375686,0.013643814250826836,0.66,0.000138281931867823,0.013413842767477036,0.013901126570999622
2,2,1637,2021-12-11,46011,0.00485748,0.004886003211140633,0.09,2.2786769477534108e-05,0.0048483931459486485,0.0049288310110569
2,2,1649,2021-12-11,46041,0.0024576462,0.0024600550532341003,0.32,5.541310201806482e-06,0.002447535516694188,0.002465956611558795
2,2,1651,2021-12-11,46045,0.0020826017,0.0020886980928480625,0.135,4.849390279559884e-06,0.0020784945227205753,0.0020959784742444754
2,2,1654,2021-12-11,46051,0.004261894,0.004279958084225655,0.205,2.6167430405621417e-05,0.004229648970067501,0.004325456917285919
2,2,1662,2021-12-11,46067,0.019731967,0.019749971106648445,0.25,2.3531589249614626e-05,0.019697265699505806,0.019778581336140633
2,2,1665,2021-12-11,46073,0.0042713294,0.004281648434698582,0.205,1.0890163139265496e-05,0.004258299246430397,0.004295977298170328
2,2,1666,2021-12-11,46075,0.0024224,0.002422902500256896,0.45,5.419135959527921e-06,0.0024094360414892435,0.002428499050438404
2,2,1668,2021-12-11,46079,0.006064807,0.006100463680922985,0.22,4.9116028094431385e-05,0.0060007949359714985,0.006174246780574322
2,2,1671,2021-12-11,46085,0.0027539833,0.002756959293037653,0.345,8.148856068146415e-06,0.0027349425945430994,0.0027634906582534313
2,2,1675,2021-12-11,46093,0.0038452218,0.0038488260470330715,0.36,1.705383328953758e-05,0.0038201073184609413,0.003880589734762907
2,2,1680,2021-12-11,46103,0.0022969435,0.0022971483413130045,0.495,1.4355196981341578e-05,0.002268156735226512,0.0023178288247436285
2,2,1683,2021-12-11,46111,0.036492754,0.036493390798568726,0.385,2.820342388076824e-06,0.03648906573653221,0.03649922087788582
2,2,1690,2021-12-11,46127,0.0100160865,0.010106479749083519,0.095,6.894239777466282e-05,0.00998008158057928,0.010227164253592491
2,2,1694,2021-12-11,47009,0.0073858714,0.00740093644708395,0.325,1.4777535398025066e-05,0.007375080604106188,0.00742295989766717
2,2,1699,2021-12-11,47045,0.008585034,0.008575120940804482,0.785,1.3616156138596125e-05,0.008554386906325817,0.008600213564932346
2,2,1702,2021-12-11,47053,0.0034394574,0.0034402702003717422,0.425,2.9329773951758398e-06,0.0034356373362243176,0.0034454173874109983
2,2,1703,2021-12-11,47055,0.0042333533,0.004241252783685923,0.135,5.113831775815925e-06,0.004229550715535879,0.004248315468430519
2,2,1708,2021-12-11,47079,0.02119135,0.02121731825172901,0.055,1.8444132365402766e-05,0.02119007147848606,0.02125389128923416
2,2,1712,2021-12-11,47093,0.009505438,0.009509075433015823,0.435,1.1197884305147454e-05,0.009489635936915874,0.009526479989290237
2,2,1734,2021-12-11,48037,0.002913357,0.0029140335973352194,0.235,8.289675292871834e-07,0.002912119496613741,0.002915481338277459
2,2,1751,2021-12-11,48375,0.013007668,0.01304483413696289,0.35,0.00015235430328175426,0.012748267501592636,0.01327334251254797
2,2,1752,2021-12-11,48381,0.008617814,0.008674055337905884,0.305,0.00010943383676931262,0.00841378141194582,0.008818568661808968
2,2,1756,2021-12-11,49001,0.0967512,0.09675081819295883,0.57,1.5327220808103448e-06,0.09674819558858871,0.09675364196300507
2,2,1766,2021-12-11,50001,0.00634941,0.006290561053901911,0.735,4.632541458704509e-05,0.006224851123988628,0.006400830578058958
2,2,1767,2021-12-11,50003,0.016713364,0.016557717695832253,0.76,0.0001367095101159066,0.016373317688703537,0.01684405468404293
2,2,1770,2021-12-11,50009,0.011771438,0.011623060330748558,0.74,0.00010656623635441065,0.01150995772331953,0.011904931627213955
2,2,1772,2021-12-11,50013,0.0044389274,0.004413024988025427,0.57,9.060723823495209e-05,0.004281012807041407,0.004583208821713924
2,2,1781,2021-12-11,51155,0.0023140605,0.0022788867354393005,0.78,2.855383718269877e-05,0.002229267032817006,0.0023327490780502558
2,2,1784,2021-12-11,53005,0.0029526819,0.0029670572839677334,0.195,2.0445624613785185e-05,0.002931046998128295,0.003003620309755206
2,2,1788,2021-12-11,54033,0.008140032,0.008143097162246704,0.305,4.070481281814864e-06,0.008139469660818577,0.008153588511049747
2,2,1798,2021-12-11,55021,0.023740668,0.0236792154610157,0.54,0.00046305821160785854,0.02301713265478611,0.024658996611833572
2,2,1804,2021-12-11,55035,0.021091893,0.020510483533143997,0.85,0.0003923681506421417,0.019942210987210274,0.02125399187207222
2,2,1810,2021-12-11,55053,0.033744294,0.03299649804830551,0.77,0.0006220518262125552,0.03192855790257454,0.03405402973294258
2,2,1813,2021-12-11,55059,0.023699356,0.02510160394012928,0.135,0.0011939613614231348,0.02264927513897419,0.026932967826724052
2,2,1820,2021-12-11,55079,0.014465963,0.01617119461297989,0.13,0.0012541352771222591,0.013737186789512634,0.018009275197982788
2,2,1821,2021-12-11,55081,0.027235478,0.026424994692206383,0.825,0.0005881121614947915,0.02553468383848667,0.02756565622985363
2,2,1825,2021-12-11,55091,0.026274204,0.02582911215722561,0.75,0.00041601218981668353,0.02521556429564953,0.026716623455286026
2,2,1828,2021-12-11,55099,0.020907361,0.02032705768942833,0.79,0.0004311453958507627,0.019651416689157486,0.021194787696003914
2,2,1830,2021-12-11,55103,0.029551161,0.02885584533214569,0.725,0.0006051133386790752,0.02800039015710354,0.03002452850341797
2,2,1840,2021-12-11,55137,0.026024424,0.025652531534433365,0.67,0.00043036078568547964,0.024927904829382896,0.02650640532374382
2,2,1853,2021-12-11,56037,0.0025079644,0.0025161425583064556,0.305,1.5219569831970148e-05,0.002488961210474372,0.002541446592658758
2,2,1855,2021-12-11,56045,0.0035532445,0.003551790490746498,0.65,5.3757603382109664e-06,0.0035382581409066916,0.0035556878428906202
2,2,1870,2022-06-08,05057,0.004979857,0.004979355726391077,0.97,2.831942822467681e-07,0.004978772718459368,0.0049799042753875256
2,2,1886,2022-06-08,08045,0.0019029644,0.0019011377589777112,0.53,2.375848089286592e-05,0.001865382306277752,0.001948874443769455
2,2,1892,2022-06-08,12015,0.002290944,0.0023000938817858696,0.16,8.678404810780194e-06,0.0022844537161290646,0.0023144532460719347
2,2,1896,2022-06-08,12059,0.0052097025,0.005208998918533325,0.94,5.087400722914026e-07,0.005208008456975222,0.005209765862673521
2,2,1897,2022-06-08,12109,0.0022925537,0.002294317353516817,0.44,1.0969015420414507e-05,0.002272802870720625,0.0023112462367862463
2,2,1914,2022-06-08,17137,0.0050687636,0.00507146492600441,0.265,3.1811043754714774e-06,0.005064667202532291,0.005074986256659031
2,2,1915,2022-06-08,17183,0.0052996296,0.005298658274114132,0.91,5.76405454921769e-07,0.005297366995364428,0.005300011020153761
2,2,1918,2022-06-08,18063,0.003890135,0.0038898400962352753,0.71,4.914331839245278e-07,0.003888622159138322,0.0038908810820430517
2,2,1928,2022-06-08,19053,0.0038777932,0.0038957269862294197,0.075,9.088375009014271e-06,0.0038716366980224848,0.0039046090096235275
2,2,1929,2022-06-08,19145,0.0031571323,0.00317950826138258,0.09,1.055703432939481e-05,0.003150146221742034,0.003187541151419282
2,2,1937,2022-06-08,21089,0.0009458539,0.0009403564035892487,0.93,4.160543085163226e-06,0.000932087714318186,0.0009469269425608218
2,2,1944,2022-06-08,22115,0.011976434,0.01197453960776329,0.94,7.34625871245953e-07,0.011974205262959003,0.01197697501629591
2,2,1950,2022-06-08,24023,0.003096298,0.0030973516404628754,0.245,8.96173787623411e-07,0.0030953444074839354,0.003098705317825079
2,2,1953,2022-06-08,24037,0.0029775442,0.002972289687022567,0.85,3.3212040762009565e-06,0.0029678507708013058,0.002979610813781619
2,2,1954,2022-06-08,26021,0.0035231279,0.0035231197252869606,0.515,1.4472126963482879e-07,0.0035228265915066004,0.003523325314745307
2,2,1968,2022-06-08,28073,0.0025853866,0.002585048321634531,0.855,4.1328658539896423e-07,0.002584122819826007,0.0025857987347990274
2,2,1973,2022-06-08,28133,0.016087351,0.016087014228105545,0.625,1.170094833469193e-06,0.016084302216768265,0.016088852658867836
2,2,1977,2022-06-08,28153,0.0074801864,0.007479552645236254,0.98,7.694876558161923e-07,0.007477449253201485,0.007480251602828503
2,2,1998,2022-06-08,29195,0.011279272,0.011279916390776634,0.305,1.762240117386682e-06,0.011275308206677437,0.011281873099505901
2,2,2003,2022-06-08,30087,0.0011597904,0.0011600388679653406,0.465,5.333393346518278e-06,0.0011439780937507749,0.001164844143204391
2,2,2010,2022-06-08,32019,0.004862914,0.004866909235715866,0.045,2.1129508240846917e-06,0.004862519912421703,0.004870562814176083
2,2,2014,2022-06-08,32510,0.009633892,0.009695438668131828,0.05,3.4104017686331645e-05,0.009623928926885128,0.009754201397299767
2,2,2015,2022-06-08,34005,0.0024024062,0.0023857178166508675,0.76,1.3066614883427974e-05,0.002366829663515091,0.0024176554288715124
2,2,2022,2022-06-08,35013,0.00039456403,0.00039417052175849676,0.845,4.972058604835183e-07,0.00039282997022382915,0.0003946724464185536
2,2,2038,2022-06-08,37105,0.00223984,0.002234834246337414,0.925,3.0425874228967587e-06,0.002230219077318907,0.00224096467718482
2,2,2047,2022-06-08,37183,0.001589198,0.0015869218623265624,0.64,3.814314595729229e-06,0.00157996267080307,0.0015937588177621365
2,2,2050,2022-06-08,39013,0.008027582,0.00802767463028431,0.405,5.002886496185965e-07,0.008026930503547192,0.008028900250792503
2,2,2053,2022-06-08,39021,0.0038340602,0.0038342433981597424,0.195,2.008593895652666e-07,0.0038337972946465015,0.0038345493376255035
2,2,2054,2022-06-08,39023,0.007897374,0.007898865267634392,0.035,8.941676696849754e-07,0.007897217757999897,0.007900749333202839
2,2,2064,2022-06-08,39061,0.013142498,0.013142223469913006,0.735,4.938971187584684e-07,0.013141922652721405,0.013143776915967464
2,2,2068,2022-06-08,39087,0.0012277699,0.0012234041932970285,0.76,4.3391555664129555e-06,0.001213952200487256,0.0012293144827708602
2,2,2076,2022-06-08,39135,0.019931981,0.019931502640247345,0.79,3.2633175806040526e-07,0.019931400194764137,0.019932588562369347
2,2,2079,2022-06-08,39159,0.0016724524,0.0016733156517148018,0.245,1.11071085484582e-06,0.0016703996807336807,0.001675593783147633
2,2,2080,2022-06-08,39163,0.033578765,0.03358076512813568,0.165,1.353864035991137e-06,0.03357813507318497,0.0335831418633461
2,2,2081,2022-06-08,39165,0.03092642,0.030926071107387543,0.76,2.664815781372454e-07,0.03092595934867859,0.030926866456866264
2,2,2085,2022-06-08,40033,0.046327434,0.046327076852321625,0.585,9.953818107533152e-07,0.0463259331882,0.04632970318198204
2,2,2089,2022-06-08,40063,0.006636195,0.006636267527937889,0.39,3.783736985951691e-07,0.006635876372456551,0.006637339945882559
2,2,2102,2022-06-08,40141,0.024838772,0.024839021265506744,0.0,1.7226497561750875e-07,0.024838775396347046,0.02483939193189144
2,2,2110,2022-06-08,45013,0.002454253,0.002457450842484832,0.24,4.1564608181943186e-06,0.0024473306257277727,0.0024621463380753994
2,2,2126,2022-06-08,46041,0.0013449319,0.0013462567003443837,0.355,2.4421954094577814e-06,0.0013394374400377274,0.0013475976884365082
2,2,2135,2022-06-08,46073,0.0020307195,0.002033391036093235,0.225,3.065684950342984e-06,0.0020256456919014454,0.0020364602096378803
2,2,2136,2022-06-08,46075,0.0421987,0.04219656437635422,0.565,7.730896868451964e-06,0.04218690097332001,0.042214080691337585
2,2,2139,2022-06-08,46085,0.0061822534,0.0061818379908800125,0.59,1.740005359351926e-06,0.006179749500006437,0.006185412872582674
2,2,2140,2022-06-08,46093,0.0010419926,0.0010417879093438387,0.635,8.059993206188665e-07,0.0010412174742668867,0.0010440928163006902
2,2,2142,2022-06-08,46103,0.0012239282,0.001224024104885757,0.48,4.050695224577794e-06,0.0012138007441535592,0.0012280017836019397
2,2,2143,2022-06-08,46105,0.0032025035,0.0032021065708249807,0.66,7.10904657807987e-07,0.0032005254179239273,0.00320319551974535
2,2,2151,2022-06-08,48009,0.005052372,0.005052396096289158,0.285,2.1908168434947584e-07,0.00505230575799942,0.0050531490705907345
2,2,2164,2022-06-08,48169,0.00091692415,0.0009178761392831802,0.36,3.0557810077880276e-06,0.0009107177029363811,0.000921104452572763
2,2,2174,2022-06-08,48295,0.0020784617,0.0020796561148017645,0.4,4.457980139704887e-06,0.0020680809393525124,0.0020841355435550213
2,2,2177,2022-06-08,48345,0.004495221,0.004495345056056976,0.315,2.531513132453256e-07,0.004494552034884691,0.004495426081120968
2,2,2180,2022-06-08,48375,0.0017316563,0.0017327986424788833,0.355,4.0722411540627945e-06,0.0017240821616724133,0.0017378907650709152
2,2,2181,2022-06-08,48381,0.002719394,0.002721490804105997,0.21,3.128107664451818e-06,0.0027142700273543596,0.002726387232542038
2,2,2187,2022-06-08,49041,0.0028198091,0.002819774905219674,0.545,2.2361290064054629e-07,0.0028193118050694466,0.0028200638480484486
2,2,2191,2022-06-08,51035,0.0013010645,0.0012996431905776262,0.835,9.091083370549313e-07,0.001298438524827361,0.0013013890711590648
2,2,2197,2022-06-08,51073,0.0017774933,0.0017632697708904743,0.92,9.595346455171239e-06,0.0017480830429121852,0.0017806044779717922
2,2,2199,2022-06-08,51077,0.0064893113,0.006489542778581381,0.11,2.2772064767195843e-07,0.006489263381808996,0.006490022409707308
2,2,2200,2022-06-08,51085,0.003153953,0.003153672907501459,0.945,1.2796135706594214e-07,0.0031535534653812647,0.0031539846677333117
2,2,2205,2022-06-08,51139,0.0013510699,0.0013471556594595313,0.685,4.0884387999540195e-06,0.001339755137450993,0.0013534912141039968
2,2,2217,2022-06-08,54033,0.011093659,0.011095656082034111,0.23,1.5224273965941393e-06,0.011092557571828365,0.011098098009824753
2,2,2218,2022-06-08,54035,0.0030000303,0.0030004880391061306,0.31,5.756584187111002e-07,0.0029995536897331476,0.0030017930548638105
2,2,2222,2022-06-08,54051,0.02105758,0.021059241145849228,0.32,1.6982991155600757e-06,0.021056173369288445,0.021063046529889107
2,2,2226,2022-06-08,54065,0.022287969,0.022288909181952477,0.235,8.028017077776894e-07,0.022287433966994286,0.02229035459458828
2,2,2235,2022-06-08,55079,0.005809686,0.005811725277453661,0.15,1.4746323131475947e-06,0.0058085075579583645,0.0058136810548603535
2,2,2239,2022-06-08,56039,0.000947314,0.0009468860225751996,0.885,1.3922822290624026e-06,0.0009428890189155936,0.0009474735124967992
2,2,2240,2022-06-08,56045,0.0017934034,0.0017916721990332007,0.96,3.7887955386395333e-06,0.0017798234475776553,0.001793576288037002
2,2,2241,2024-02-27,01071,0.0017025976,0.0016762297600507736,0.735,2.3703598344582133e-05,0.0016340798465535045,0.0017147775506600738
2,2,2246,2024-02-27,04005,0.01012766,0.01016172580420971,0.325,8.58828061609529e-05,0.010024648159742355,0.010357764549553394
2,2,2251,2024-02-27,06023,0.014926934,0.014941769652068615,0.165,1.9557601262931712e-05,0.014920390211045742,0.015002504922449589
2,2,2257,2024-02-27,06039,0.002521715,0.0025664696004241705,0.35,9.37293007154949e-05,0.0024174938444048166,0.0027265483513474464
2,2,2264,2024-02-27,06071,0.0015806259,0.0015885417815297842,0.16,1.0569518963166047e-05,0.0015740380622446537,0.0016112556913867593
2,2,2267,2024-02-27,06079,0.0013362266,0.0013510219287127256,0.26,2.6687866920838133e-05,0.0013144038384780288,0.0014037437504157424
2,2,2274,2024-02-27,08027,0.0046435376,0.004645467270165682,0.49,4.633943899534643e-05,0.004593303892761469,0.00475277379155159
2,2,2277,2024-02-27,08045,0.006032784,0.006023582071065903,0.55,5.663478805217892e-05,0.005936434492468834,0.0061660706996917725
2,2,2278,2024-02-27,08049,0.0013593334,0.001358772860839963,0.53,7.966072189447004e-06,0.0013481047935783863,0.0013756111729890108
2,2,2289,2024-02-27,08107,0.0022888645,0.0022827857173979282,0.585,2.3476392016164027e-05,0.002249927958473563,0.0023367872927337885
2,2,2290,2024-02-27,12011,0.0008941591,0.0009060141164809465,0.085,7.104501037247246e-06,0.0008916344959288836,0.0009160838671959937
2,2,2303,2024-02-27,13219,0.00376925,0.003771742805838585,0.115,1.7097246427510981e-06,0.003768522758036852,0.003774719312787056
2,2,2307,2024-02-27,13295,0.0016063593,0.001593537861481309,0.78,9.671727639215533e-06,0.0015770315658301115,0.0016119559295475483
2,2,2315,2024-02-27,16045,0.0066504795,0.006686995271593332,0.285,7.180238026194274e-05,0.006576428655534983,0.006839897017925978
2,2,2317,2024-02-27,16069,0.004208857,0.004213305655866861,0.295,6.564675459230784e-06,0.004199381917715073,0.004221942741423845
2,2,2323,2024-02-27,17037,0.0030474341,0.0031039812602102757,0.045,3.936940265703015e-05,0.0030322950333356857,0.003169361036270857
2,2,2326,2024-02-27,17059,0.0025715113,0.0025878273881971836,0.265,2.7152120310347527e-05,0.002540221670642495,0.0026335115544497967
2,2,2335,2024-02-27,17165,0.0020121168,0.0020154649391770363,0.385,1.3857700650987681e-05,0.001988138072192669,0.002038785954937339
2,2,2345,2024-02-27,18063,0.002743418,0.0027975004632025957,0.125,4.2837142245844007e-05,0.002720634685829282,0.002868310548365116
2,2,2356,2024-02-27,18161,0.0032561626,0.0032399818301200867,0.59,5.799363134428859e-05,0.003143398091197014,0.0033530110958963633
2,2,2362,2024-02-27,21027,0.0024887938,0.0024662392679601908,0.86,1.7265456335735507e-05,0.002433936344459653,0.002494685584679246
2,2,2363,2024-02-27,21039,0.002141934,0.0021329871378839016,0.61,1.4698192899231799e-05,0.0021024339366704226,0.0021531342063099146
2,2,2368,2024-02-27,21065,0.0027449494,0.0026949853636324406,0.77,4.583144618663937e-05,0.002602242399007082,0.002762892981991172
2,2,2371,2024-02-27,21075,0.0018302678,0.0018244839739054441,0.58,1.3413951819529757e-05,0.0017980727134272456,0.0018439780687913299
2,2,2381,2024-02-27,21145,0.0020895684,0.0020854976028203964,0.555,1.4890661077515688e-05,0.002057846635580063,0.002110449830070138
2,2,2383,2024-02-27,21151,0.003263037,0.003208665642887354,0.695,5.395468542701565e-05,0.003110799938440323,0.0032980437390506268
2,2,2384,2024-02-27,21173,0.0035732896,0.003522769082337618,0.77,4.398723831400275e-05,0.00345420278608799,0.003604393918067217
2,2,2385,2024-02-27,21177,0.0018084376,0.0017853050958365202,0.935,1.5812722267583013e-05,0.0017533801728859544,0.0018102418398484588
2,2,2388,2024-02-27,21183,0.002158916,0.002134031616151333,0.92,1.9569226424209774e-05,0.002096418058499694,0.0021618276368826628
2,2,2391,2024-02-27,21209,0.0032015538,0.003160531632602215,0.67,4.5593918912345544e-05,0.003072632011026144,0.0032289372757077217
2,2,2392,2024-02-27,21225,0.004608736,0.004612518474459648,0.28,7.356316928053275e-06,0.004598837811499834,0.004625305067747831
2,2,2400,2024-02-27,25013,0.006984024,0.0068335821852087975,0.845,0.00010452711285324767,0.006648863200098276,0.007045422215014696
2,2,2403,2024-02-27,25023,0.010537475,0.010353844612836838,0.74,0.00018646754324436188,0.009996382519602776,0.010698608122766018
2,2,2416,2024-02-27,29181,0.0012901354,0.001277732546441257,0.925,8.562909897591453e-06,0.0012606482487171888,0.0012914096005260944
2,2,2418,2024-02-27,29207,0.001338125,0.001360147725790739,0.1,1.4114948498900048e-05,0.001333751017227769,0.001381017966195941
2,2,2423,2024-02-27,30027,0.0018031494,0.0017951608169823885,0.84,6.005258001096081e-06,0.001781624392606318,0.001806237269192934
2,2,2424,2024-02-27,30029,0.003934029,0.003924104385077953,0.755,9.103396223508753e-06,0.0039050972554832697,0.003941278904676437
2,2,2425,2024-02-27,30031,0.0021442971,0.0021417997777462006,0.96,2.3188340492197312e-06,0.0021358663216233253,0.002144678495824337
2,2,2439,2024-02-27,30101,0.001979898,0.001972939819097519,0.975,3.947136519855121e-06,0.0019658878445625305,0.00198012450709939
2,2,2447,2024-02-27,32019,0.0082879625,0.008403168991208076,0.195,0.00016776293341536075,0.008185061626136303,0.008734222501516342
2,2,2453,2024-02-27,32510,0.0315447,0.031823646277189255,0.285,0.0005527660250663757,0.030882496386766434,0.032768890261650085
2,2,2455,2024-02-27,34039,0.0029520898,0.0029530879110097885,0.48,4.6873425162630156e-05,0.0028758449479937553,0.0030436390079557896
2,2,2460,2024-02-27,35013,0.0020547584,0.0020728553645312786,0.035,1.9238224922446534e-05,0.002040568273514509,0.00211361818946898
2,2,2470,2024-02-27,35043,0.0054498226,0.005474785342812538,0.39,0.00014233685215003788,0.005273792892694473,0.005776828620582819
2,2,2474,2024-02-27,35055,0.015295952,0.015277456492185593,0.52,0.0002607024507597089,0.014826766215264797,0.015810035169124603
2,2,2475,2024-02-27,35057,0.016017381,0.016008906066417694,0.59,3.3438511309213936e-05,0.015941906720399857,0.01606457121670246
2,2,2478,2024-02-27,36001,0.007676052,0.007733810693025589,0.275,5.4092248319648206e-05,0.007643680553883314,0.007823810912668705
2,2,2482,2024-02-27,36021,0.0024251768,0.002342583378776908,0.86,5.522720675799064e-05,0.002265848685055971,0.002452646614983678
2,2,2490,2024-02-27,36045,0.008366891,0.008071068674325943,0.815,0.00022057941532693803,0.007735060527920723,0.008564548566937447
2,2,2493,2024-02-27,36057,0.020764539,0.02078719064593315,0.455,0.00015038897981867194,0.020508164539933205,0.021025400608778
2,2,2495,2024-02-27,36069,0.009926631,0.009981282986700535,0.335,6.911713717272505e-05,0.009860467165708542,0.010101727209985256
2,2,2496,2024-02-27,36075,0.015095811,0.015371941030025482,0.15,0.0002090840134769678,0.015019773505628109,0.01577555015683174
2,2,2498,2024-02-27,36083,0.005155627,0.005000125616788864,0.845,0.00010463463695487007,0.004840911366045475,0.005201827734708786
2,2,2499,2024-02-27,36085,0.0038328012,0.0038442127406597137,0.43,5.6543991377111524e-05,0.0037472343537956476,0.003942536190152168
2,2,2513,2024-02-27,39023,0.008218779,0.008146565407514572,1.0,4.37747294199653e-05,0.008066256530582905,0.00821848213672638
2,2,2518,2024-02-27,39087,0.002864273,0.002811029087752104,0.85,4.413238275446929e-05,0.002731028012931347,0.002877408405765891
2,2,2523,2024-02-27,39119,0.002911688,0.0028255917131900787,0.765,7.020750490482897e-05,0.0027022375725209713,0.002943060826510191
2,2,2524,2024-02-27,39121,0.0024243768,0.002358932513743639,0.795,5.717344902222976e-05,0.00224280939437449,0.0024455462116748095
2,2,2526,2024-02-27,39129,0.0029650894,0.0030241617932915688,0.16,6.71779052936472e-05,0.0029060959350317717,0.0031376988627016544
2,2,2527,2024-02-27,39135,0.0031285547,0.0031815930269658566,0.15,4.814772910322063e-05,0.0030964927282184362,0.0032614157535135746
2,2,2529,2024-02-27,40007,0.003808211,0.0038314340636134148,0.34,6.770186882931739e-05,0.003735131584107876,0.003956486005336046
2,2,2533,2024-02-27,40059,0.004700721,0.004744549281895161,0.265,5.56627128389664e-05,0.004649443086236715,0.004830974154174328
2,2,2544,2024-02-27,45023,0.009778437,0.009786581620573997,0.04,5.227689143794123e-06,0.00977798830717802,0.009796258993446827
2,2,2546,2024-02-27,45055,0.0020849206,0.0020200596190989017,0.96,4.506366531131789e-05,0.0019342851592227817,0.0020911034662276506
2,2,2547,2024-02-27,45059,0.00086255034,0.0008389715803787112,0.99,1.3790529919788241e-05,0.0008143058512359858,0.0008628126815892756
2,2,2555,2024-02-27,46045,0.0021309603,0.0021384404972195625,0.15,4.734696176456055e-06,0.0021236136090010405,0.002141056815162301
2,2,2557,2024-02-27,46085,0.0031582366,0.0031601013615727425,0.355,5.325876372808125e-06,0.0031462309416383505,0.00316543853841722
2,2,2559,2024-02-27,47009,0.004253203,0.004275011830031872,0.285,2.0678464352386072e-05,0.0042403219267725945,0.00431235833093524
2,2,2565,2024-02-27,47147,0.0018340192,0.0018298821523785591,0.58,1.0731162547017448e-05,0.0018060655565932393,0.0018428144976496696
2,2,2589,2024-02-27,48295,0.004610058,0.004621325992047787,0.405,5.9925925597781315e-05,0.00452742213383317,0.004729991313070059
2,2,2595,2024-02-27,48375,0.0038430847,0.0038637425750494003,0.265,3.556922456482425e-05,0.00379756186157465,0.0039223069325089455
2,2,2596,2024-02-27,48381,0.002710833,0.0027225185185670853,0.25,2.1096255295560695e-05,0.0026832909788936377,0.002754924353212118
2,2,2600,2024-02-27,49001,0.026116196,0.026211004704236984,0.305,0.0002784258977044374,0.025803217664361,0.026905128732323647
2,2,2603,2024-02-27,49007,0.010071852,0.010104332119226456,0.435,0.00019563290697988123,0.009813026525080204,0.010511777363717556
2,2,2615,2024-02-27,49039,0.009531489,0.009571809321641922,0.33,8.28726842883043e-05,0.009433941915631294,0.00974823534488678
2,2,2616,2024-02-27,49041,0.010268711,0.010286102071404457,0.485,8.925416477723047e-05,0.010160391218960285,0.010478791780769825
2,2,2624,2024-02-27,50001,0.008550466,0.008469367399811745,0.675,8.500270632794127e-05,0.008335371501743793,0.00862827431410551
2,2,2625,2024-02-27,50003,0.019136408,0.01854444295167923,0.79,0.00045058937394060194,0.01792987436056137,0.019458884373307228
2,2,2628,2024-02-27,50009,0.034870114,0.0347147136926651,0.66,0.00016488597611896694,0.034477557986974716,0.03505505621433258
2,2,2630,2024-02-27,50013,0.006969479,0.006939774379134178,0.56,0.0001274139212910086,0.006738083902746439,0.007172320503741503
2,2,2642,2024-02-27,51770,0.0054081175,0.005399628542363644,0.66,1.0876562555495184e-05,0.005386705975979567,0.005424907431006432
2,2,2646,2024-02-27,54051,0.0036511784,0.0036511188372969627,0.51,6.542587129843014e-07,0.0036502790171653032,0.0036531679797917604
2,2,2652,2024-02-27,54097,0.002861298,0.002789044287055731,0.815,6.334552745101973e-05,0.002674123039469123,0.0028842855244874954
2,2,2658,2024-02-27,56037,0.0013698824,0.0013797670835629106,0.23,1.286255064769648e-05,0.001356201828457415,0.0014033614424988627
2,3,3,2019-03-13,01021,0.010907352,0.010921459645032883,0.125,6.7949326876259875e-06,0.01090358104556799,0.010924368165433407
2,3,5,2019-03-13,01043,0.0041964096,0.004199271090328693,0.46,3.759546598303132e-05,0.004088608548045158,0.004208983853459358
2,3,10,2019-03-13,01075,0.007194614,0.007223470602184534,0.02,1.0733506314863916e-05,0.0071945455856621265,0.007228396367281675
2,3,16,2019-03-13,01125,0.0014308625,0.0013169958256185055,0.9,5.026497092330828e-05,0.001297847949899733,0.001442762091755867
2,3,24,2019-03-13,08017,0.17591742,0.17597061395645142,0.475,0.0009118280722759664,0.17328746616840363,0.17607636749744415
2,3,30,2019-03-13,08089,0.005713252,0.005749009549617767,0.41,0.0004185627039987594,0.005586190149188042,0.006907661445438862
2,3,34,2019-03-13,17003,0.013624775,0.013537179678678513,0.67,0.0002695396251510829,0.01350314449518919,0.014490148983895779
2,3,39,2019-03-13,17065,0.006726725,0.006746877916157246,0.4,0.0002821438538376242,0.006691607180982828,0.007600785698741674
2,3,43,2019-03-13,17081,0.0041088536,0.004085358697921038,0.645,9.37210425036028e-05,0.004073737654834986,0.004402583930641413
2,3,50,2019-03-13,17179,0.0031077757,0.0034451812971383333,0.055,0.001647388911806047,0.0030709817074239254,0.008340730331838131
2,3,51,2019-03-13,17181,0.010123877,0.009355123154819012,0.725,0.0007915667956694961,0.009229083545506,0.011739238165318966
2,3,53,2019-03-13,17191,0.0058433227,0.005793841555714607,0.64,0.00018830264161806554,0.0057624587789177895,0.0064209867268800735
2,3,58,2019-03-13,18039,0.004571793,0.004725923761725426,0.325,0.0006772714550606906,0.004453799221664667,0.006586733739823103
2,3,62,2019-03-13,18071,0.0064850207,0.005878707394003868,0.79,0.0004401304468046874,0.005732616409659386,0.007195879705250263
2,3,65,2019-03-13,18091,0.0048934673,0.00406325189396739,0.71,0.0010857253801077604,0.0036462105344980955,0.007139810360968113
2,3,76,2019-03-13,18163,0.010179417,0.010372442193329334,0.02,0.00047119639930315316,0.01017196848988533,0.011666672304272652
2,3,86,2019-03-13,20129,0.013514229,0.013787096366286278,0.32,0.004645279608666897,0.01331108994781971,0.026837671175599098
2,3,88,2019-03-13,20153,0.0079487655,0.008220641873776913,0.365,0.00260408828034997,0.007762555498629808,0.01589774154126644
2,3,92,2019-03-13,20193,0.007814634,0.007742169313132763,0.52,0.0033503740560263395,0.007380705326795578,0.017514903098344803
2,3,103,2019-03-13,21059,0.007935613,0.008378230035305023,0.015,0.0010962673695757985,0.00792315136641264,0.011239223182201385
2,3,104,2019-03-13,21061,0.016483089,0.016512246802449226,0.45,0.00011492243356769904,0.016210094094276428,0.016565557569265366
2,3,111,2019-03-13,21105,0.011918147,0.012138416059315205,0.24,0.0007336179842241108,0.01181739754974842,0.014086165465414524
2,3,120,2019-03-13,21187,0.005434405,0.005356929264962673,0.56,0.0006721988902427256,0.00501520000398159,0.007216963917016983
2,3,121,2019-03-13,21191,0.0060479324,0.006095499731600285,0.415,0.00036831965553574264,0.005925622768700123,0.007034366950392723
2,3,124,2019-03-13,21219,0.006678349,0.006845157593488693,0.185,0.0007356391870416701,0.006523184012621641,0.00905328057706356
2,3,129,2019-03-13,21229,0.008156385,0.008688528090715408,0.315,0.0021109147928655148,0.007769695948809385,0.014079676941037178
2,3,132,2019-03-13,22027,0.004539626,0.0044897859916090965,0.975,1.8450713469064794e-05,0.004480643197894096,0.0045404150150716305
2,3,140,2019-03-13,26157,0.003971672,0.0033723185770213604,0.775,0.0004086280823685229,0.0031790153589099646,0.004378939978778362
2,3,144,2019-03-13,28025,0.0011917778,0.0009917127899825573,0.92,8.437724318355322e-05,0.000957681389991194,0.001237079151906073
2,3,149,2019-03-13,28105,0.0013043007,0.0010865072254091501,0.895,9.276494529331103e-05,0.001061555347405374,0.0013613877817988396
2,3,151,2019-03-13,29017,0.005638788,0.005226466339081526,0.8,0.00030383854755200446,0.0051767220720648766,0.006222843658179045
2,3,155,2019-03-13,29157,0.0039565717,0.003970615565776825,0.415,0.00041145802242681384,0.003920331131666899,0.005381960421800613
2,3,161,2019-03-13,34013,0.0014013367,0.0014034127816557884,0.415,9.913869689626154e-06,0.001375372288748622,0.0014217635616660118
2,3,167,2019-03-13,35037,0.023072848,0.024919085204601288,0.17,0.00411187531426549,0.02235865592956543,0.03435194864869118
2,3,176,2019-03-13,39045,0.0057831137,0.005761974956840277,0.945,1.716498809400946e-05,0.005731768906116486,0.00578697444871068
2,3,181,2019-03-13,39071,0.019541007,0.019534721970558167,0.515,0.00011558218102436513,0.019273465499281883,0.019628826528787613
2,3,187,2019-03-13,39127,0.0079477215,0.007767237722873688,0.695,0.000264387228526175,0.007676523178815842,0.008574732579290867
2,3,189,2019-03-13,39131,0.023289599,0.02327580749988556,0.625,5.4103082220535725e-05,0.023262513801455498,0.023456022143363953
2,3,196,2019-03-13,40019,0.0057304865,0.005794080905616283,0.275,0.00018824764993041754,0.005713312420994043,0.006339690648019314
2,3,197,2019-03-13,40025,0.007934766,0.009053470566868782,0.16,0.003523038001731038,0.007847527973353863,0.0175866037607193
2,3,202,2019-03-13,40045,0.018567076,0.020451350137591362,0.235,0.006096573546528816,0.018054215237498283,0.03651390224695206
2,3,207,2019-03-13,40065,0.0093297865,0.009691239334642887,0.255,0.0030262423679232597,0.009084537625312805,0.018168140202760696
2,3,209,2019-03-13,40083,0.007526599,0.007675535976886749,0.3,0.002266070106998086,0.007298290729522705,0.014566434547305107
2,3,213,2019-03-13,40123,0.0074287644,0.007501477841287851,0.355,0.0002929417241830379,0.007346989121288061,0.008307518437504768
2,3,223,2019-03-13,47161,0.010043912,0.008997034281492233,0.77,0.0008301215129904449,0.008664079010486603,0.011405411176383495
2,3,242,2019-03-13,48111,0.017423624,0.009796441532671452,0.825,0.004484331235289574,0.008816643618047237,0.02269427664577961
2,3,248,2019-03-13,48133,0.04902644,0.04898339509963989,0.805,0.00016563803364988416,0.0485101081430912,0.04903404042124748
2,3,258,2019-03-13,48181,0.005048599,0.005093495361506939,0.17,0.00018468420603312552,0.005031386390328407,0.005658254958689213
2,3,266,2019-03-13,48211,0.02932688,0.030584093183279037,0.25,0.004439808428287506,0.029008351266384125,0.042468611150979996
2,3,273,2019-03-13,48237,0.013571919,0.013559342361986637,0.79,1.611333391338121e-05,0.013526122085750103,0.013591703958809376
2,3,274,2019-03-13,48243,0.002918832,0.003163150977343321,0.105,0.00045462558045983315,0.00288290879689157,0.004263192415237427
2,3,275,2019-03-13,48251,0.007974687,0.007741826586425304,0.86,0.0003915112465620041,0.0068818931467831135,0.008020774461328983
2,3,279,2019-03-13,48279,0.010762657,0.011577930301427841,0.19,0.004763727076351643,0.010472078807651997,0.02449013479053974
2,3,281,2019-03-13,48301,0.06622836,0.06599101424217224,0.7,0.0015355609357357025,0.06185854598879814,0.06655161827802658
2,3,286,2019-03-13,48335,0.0054753604,0.005485681816935539,0.47,0.0017189934151247144,0.005378779489547014,0.010913866572082043
2,3,293,2019-03-13,48359,0.045532532,0.044947825372219086,0.635,0.0032454621978104115,0.037563908845186234,0.046984631568193436
2,3,295,2019-03-13,48367,0.0041674194,0.004308280535042286,0.14,0.00036679781624116004,0.00414776336401701,0.005286050494760275
2,3,299,2019-03-13,48377,0.02480433,0.024753032252192497,0.73,8.927610178943723e-05,0.024563562124967575,0.024877939373254776
2,3,302,2019-03-13,48389,0.008308973,0.007916245609521866,1.0,0.0005544257583096623,0.006739671342074871,0.00830454658716917
2,3,303,2019-03-13,48393,0.06858303,0.06754283607006073,0.705,0.0029411346185952425,0.060581274330616,0.06902716308832169
2,3,305,2019-03-13,48401,0.02383346,0.023835383355617523,0.29,2.29531019613205e-06,0.023830080404877663,0.023840557783842087
2,3,306,2019-03-13,48415,0.027716234,0.027718234807252884,0.46,0.00034397910349071026,0.027576975524425507,0.02893156372010708
2,3,307,2019-03-13,48421,0.024903003,0.02611226961016655,0.22,0.005137128289788961,0.024267984554171562,0.03921286389231682
2,3,310,2019-03-13,48437,0.019031866,0.019497795030474663,0.385,0.004362732172012329,0.01800260692834854,0.03258877620100975
2,3,323,2021-03-26,01021,0.021394646,0.021420687437057495,0.13,1.4019342415849678e-05,0.021388890221714973,0.02143184468150139
2,3,331,2021-03-26,01043,0.016161045,0.016162637621164322,0.43,6.248845238587819e-06,0.01615007221698761,0.016169380396604538
2,3,333,2021-03-26,01059,0.0061320676,0.006125603802502155,0.815,3.5649725305120228e-06,0.006124136969447136,0.006135254167020321
2,3,334,2021-03-26,01069,0.001145939,0.0011280938051640987,0.72,1.7270405805902556e-05,0.001119032735005021,0.001174379256553948
2,3,336,2021-03-26,01073,0.0063777054,0.006379335653036833,0.48,2.4305712940986268e-05,0.006318660452961922,0.006388347130268812
2,3,337,2021-03-26,01089,0.0053846464,0.00538566242903471,0.345,7.165562692534877e-06,0.005383548326790333,0.005406246520578861
2,3,356,2021-03-26,05093,0.0041209892,0.004123370163142681,0.175,2.276865188832744e-06,0.004119166638702154,0.004127415828406811
2,3,357,2021-03-26,05103,0.013327444,0.0133289135992527,0.125,8.739863801565662e-07,0.013327043503522873,0.013329812325537205
2,3,359,2021-03-26,08003,0.0014758331,0.0014005338307470083,0.745,7.011853449512273e-05,0.0013809368247166276,0.0016096304170787334
2,3,365,2021-03-26,08089,0.0014789698,0.0014922702684998512,0.29,4.368719601188786e-05,0.001475106575526297,0.0016057172324508429
2,3,368,2021-03-26,10003,0.002269818,0.0022550676949322224,0.9,8.885198440111708e-06,0.0022407127544283867,0.00227224244736135
2,3,373,2021-03-26,13077,0.0189942,0.019005974754691124,0.29,1.2310001693549566e-05,0.018978729844093323,0.01901523768901825
2,3,375,2021-03-26,13099,0.0010214825,0.0009776449296623468,0.88,2.1328814909793437e-05,0.0009658578201197088,0.001029880135320127
2,3,378,2021-03-26,13135,0.0020006446,0.002017237711697817,0.075,1.8309621736989357e-05,0.002000056905671954,0.002057097852230072
2,3,388,2021-03-26,13289,0.002672885,0.0025481232441961765,0.925,5.383460666052997e-05,0.002523016184568405,0.0026895632036030293
2,3,398,2021-03-26,16017,0.033829834,0.036723293364048004,0.16,0.0016031150007620454,0.03276737406849861,0.03756945580244064
2,3,400,2021-03-26,16021,0.008495299,0.005919175688177347,0.835,0.0013074723538011312,0.005330097861588001,0.009516514837741852
2,3,408,2021-03-26,16043,0.0058287918,0.005253493785858154,0.855,0.00033587816869840026,0.005184587556868792,0.006346721667796373
2,3,411,2021-03-26,16051,0.0038120402,0.003818592755123973,0.4,0.0001809738896554336,0.0037994924932718277,0.004450426436960697
2,3,412,2021-03-26,16053,0.001277816,0.0013373397523537278,0.345,0.0002462927077431232,0.001242194790393114,0.002035470912232995
2,3,422,2021-03-26,16081,0.011378706,0.009104650467634201,0.85,0.0012791503686457872,0.008251911960542202,0.012778515927493572
2,3,424,2021-03-26,17003,0.0013280631,0.0013305585598573089,0.215,4.1700272959133144e-06,0.001322794589214027,0.001340879825875163
2,3,425,2021-03-26,17005,0.0022394806,0.0022398284636437893,0.395,1.7730069430399453e-06,0.0022372789680957794,0.002243917901068926
2,3,431,2021-03-26,17065,0.0017545222,0.0017550115007907152,0.405,2.8617973839573096e-06,0.0017508590826764703,0.0017625106265768409
2,3,441,2021-03-26,17181,0.0016459981,0.0016478353645652533,0.365,5.297687948768726e-06,0.0016343859024345875,0.0016605545533820987
2,3,446,2021-03-26,18011,0.0033612824,0.003342574695125222,0.845,1.12297648229287e-05,0.003324350342154503,0.0033703905064612627
2,3,449,2021-03-26,18031,0.006135309,0.006140587851405144,0.41,1.653756589803379e-05,0.006128558423370123,0.006176901049911976
2,3,451,2021-03-26,18041,0.0032117437,0.0032228645868599415,0.45,6.178100011311471e-05,0.003178222570568323,0.0033625063952058554
2,3,454,2021-03-26,18057,0.0032795796,0.0032856801990419626,0.3,1.7326276065432467e-05,0.003273164154961705,0.0033331362064927816
2,3,471,2021-03-26,18163,0.0021086354,0.002119018230587244,0.275,1.2272419553482905e-05,0.0021041298750787973,0.0021425827872008085
2,3,474,2021-03-26,20023,0.00074295735,0.0007459648186340928,0.37,5.91474054090213e-06,0.0007389936945401132,0.0007596520008519292
2,3,477,2021-03-26,20061,0.0024102312,0.002502109156921506,0.13,0.00018683672533370554,0.002389134606346488,0.0029759793542325497
2,3,487,2021-03-26,20153,0.0027169473,0.0027187683153897524,0.31,3.991639914602274e-06,0.002713688649237156,0.0027288112323731184
2,3,492,2021-03-26,20183,0.001644097,0.001594961155205965,0.845,5.815839904244058e-05,0.0014590866630896926,0.0016841135220602155
2,3,493,2021-03-26,20193,0.0015569204,0.001520213671028614,0.59,0.00014238059520721436,0.0013830858515575528,0.0018533439142629504
2,3,502,2021-03-26,21059,0.0018653921,0.0018652190919965506,0.51,1.2708228496194351e-05,0.0018536940915510058,0.0018936505075544119
2,3,508,2021-03-26,21105,0.0959532,0.09595468640327454,0.16,1.2588811841851566e-06,0.09595172852277756,0.09595703333616257
2,3,519,2021-03-26,21219,0.0024660146,0.0024724046234041452,0.06,6.4156329244724475e-06,0.0024654881563037634,0.0024862235877662897
2,3,527,2021-03-26,23021,0.025975369,0.025927653536200523,0.75,0.00012905188486911356,0.025643179193139076,0.02612602710723877
2,3,529,2021-03-26,24005,0.0012015988,0.001200391910970211,0.76,5.036789389123442e-06,0.001187318586744368,0.0012048531789332628
2,3,535,2021-03-26,24029,0.0023609858,0.002202749252319336,0.815,9.15737182367593e-05,0.0021521432790905237,0.002429756335914135
2,3,539,2021-03-26,25001,0.010092103,0.010015387088060379,0.52,0.0007917563198134303,0.009682666510343552,0.01202704943716526
2,3,543,2021-03-26,25011,0.0087981075,0.005800851620733738,0.915,0.0012520194286480546,0.005332496017217636,0.009059790521860123
2,3,550,2021-03-26,26003,0.018633705,0.018599139526486397,0.62,0.00028328868211247027,0.01831139251589775,0.019299237057566643
2,3,553,2021-03-26,28025,0.0024664227,0.002461457159370184,0.875,2.3806803710613167e-06,0.0024594045244157314,0.0024675901513546705
2,3,562,2021-03-26,28129,0.0022269571,0.0022246281150728464,0.92,1.7753304746292997e-06,0.002220879541710019,0.002227980177849531
2,3,564,2021-03-26,28143,0.007277757,0.007277611177414656,0.61,1.8042475176116568e-06,0.007275452837347984,0.0072830719873309135
2,3,579,2021-03-26,30025,0.009649313,0.009809711948037148,0.425,0.0009424656163901091,0.00927260797470808,0.012200634926557541
2,3,583,2021-03-26,30047,0.0114663495,0.010647308081388474,0.595,0.002241217065602541,0.009517504833638668,0.016724372282624245
2,3,588,2021-03-26,30065,0.0061106724,0.00544704170897603,0.6,0.00157442525960505,0.004852565471082926,0.009667256847023964
2,3,591,2021-03-26,30075,0.005255575,0.005264865700155497,0.365,0.00022249147878028452,0.005216445308178663,0.00593214388936758
2,3,592,2021-03-26,30077,0.005725296,0.005928995553404093,0.425,0.0021260627545416355,0.004680248908698559,0.01137815322726965
2,3,596,2021-03-26,30085,0.011001934,0.011127129197120667,0.355,0.0004302417510189116,0.01056496612727642,0.0121175367385149
2,3,599,2021-03-26,30091,0.010607677,0.010574441403150558,0.515,0.00030230573611333966,0.010051971301436424,0.011201459914445877
2,3,609,2021-03-26,32013,0.0015834834,0.0015880928840488195,0.415,5.55986916879192e-05,0.0015709304716438055,0.0017620152793824673
2,3,614,2021-03-26,34013,0.001224682,0.0012252656742930412,0.48,5.523191430256702e-05,0.0012093123514205217,0.0013759544817730784
2,3,619,2021-03-26,34023,0.0016262013,0.001655686181038618,0.13,8.045389404287562e-05,0.0016115439357236028,0.0018630054546520114
2,3,622,2021-03-26,34033,0.0041695037,0.0041442010551691055,0.84,1.4723605090694036e-05,0.004127743188291788,0.004179727286100388
2,3,630,2021-03-26,36031,0.00855951,0.006690111011266708,0.935,0.0008668018272146583,0.006247028708457947,0.008633333258330822
2,3,634,2021-03-26,36049,0.007079479,0.006817587651312351,0.955,0.00010316123371012509,0.006764648482203484,0.007088791113346815
2,3,643,2021-03-26,36089,0.0065294057,0.0063435714691877365,0.93,0.00010248200123896822,0.0061896201223134995,0.006543600931763649
2,3,647,2021-03-26,36111,0.00499395,0.005418759770691395,0.1,0.0001873115834314376,0.004948430694639683,0.005486919544637203
2,3,648,2021-03-26,36121,0.005647824,0.005548565182834864,0.79,0.000127980369143188,0.005262985825538635,0.0057020364329218864
2,3,649,2021-03-26,37015,0.0052049984,0.004273505881428719,0.97,0.0004394302377477288,0.003825620748102665,0.00520717166364193
2,3,658,2021-03-26,37135,0.0027501672,0.0026953606866300106,0.54,0.0002788251731544733,0.002454039640724659,0.0033341364469379187
2,3,663,2021-03-26,39017,0.0025224665,0.0025360286235809326,0.035,1.8736192942014895e-05,0.002522317925468087,0.0025788862258195877
2,3,674,2021-03-26,39045,0.0037224488,0.0037357150577008724,0.285,1.8840682969312184e-05,0.0036973522510379553,0.003766400273889303
2,3,681,2021-03-26,39067,0.015019247,0.014930829405784607,0.845,6.261534144869074e-05,0.014844376593828201,0.01507179532200098
2,3,682,2021-03-26,39071,0.007734374,0.007730808109045029,0.605,1.19279957289109e-05,0.007713933940976858,0.007753546815365553
2,3,685,2021-03-26,39081,0.004599942,0.004683333449065685,0.325,0.00010661299165803939,0.004437034483999014,0.004841852933168411
2,3,690,2021-03-26,39099,0.00620355,0.00605448754504323,0.845,0.00011514988727867603,0.005848313216120005,0.00625875499099493
2,3,693,2021-03-26,39109,0.0055239885,0.005507040303200483,0.615,3.2362702768296e-05,0.005492609925568104,0.005585276521742344
2,3,695,2021-03-26,39127,0.013632541,0.013640714809298515,0.255,1.58229249791475e-05,0.013616739772260189,0.01368089858442545
2,3,697,2021-03-26,39133,0.0049445364,0.004930509254336357,0.535,0.0002065240842057392,0.004520709626376629,0.005204860121011734
2,3,707,2021-03-26,41001,0.012958537,0.013249414041638374,0.29,0.0003491592942737043,0.01235365029424429,0.01344033982604742
2,3,715,2021-03-26,41049,0.003966114,0.0038306950591504574,0.695,0.0001693635422270745,0.0035903071984648705,0.004126232583075762
2,3,727,2021-03-26,42051,0.005136118,0.005278515629470348,0.225,0.00013185874558985233,0.004991993773728609,0.005501583684235811
2,3,732,2021-03-26,42085,0.0062246067,0.005996304098516703,0.93,0.0001773185795173049,0.0056463247165083885,0.006239697802811861
2,3,734,2021-03-26,42101,0.002259288,0.002260933630168438,0.435,7.760195148875937e-05,0.0022402273025363684,0.002481777686625719
2,3,735,2021-03-26,42111,0.006556768,0.006471967790275812,0.64,0.00016379138105548918,0.006145994178950787,0.006720089353621006
2,3,739,2021-03-26,44009,0.005036118,0.004061573185026646,0.88,0.00042355837649665773,0.003954348154366016,0.005240076687186956
2,3,746,2021-03-26,45063,0.0015243549,0.001532301539555192,0.425,6.275821215240285e-05,0.0015094300033524632,0.0017115483060479164
2,3,754,2021-03-26,46019,0.0069088177,0.005962229333817959,0.755,0.000633317104075104,0.005725042428821325,0.007655345369130373
2,3,756,2021-03-26,46025,0.0034862095,0.0034844004549086094,0.545,1.0897740139625967e-05,0.003465963527560234,0.003506968729197979
2,3,757,2021-03-26,46029,0.0019258079,0.001931012375280261,0.415,7.63007192290388e-05,0.0018763066036626697,0.002132052555680275
2,3,772,2021-03-26,46069,0.0036311278,0.003746641334146261,0.34,0.0003188087430316955,0.003548347856849432,0.004498064052313566
2,3,780,2021-03-26,46095,0.0019017955,0.001899592811241746,0.58,1.3170935744710732e-05,0.0018756611971184611,0.0019174461485818028
2,3,784,2021-03-26,46107,0.006958383,0.006982696708291769,0.14,4.911012729280628e-05,0.006945006549358368,0.007119522430002689
2,3,785,2021-03-26,46109,0.0021704822,0.0021547051146626472,0.565,0.00010009377729147673,0.0021118491422384977,0.002439768984913826
2,3,786,2021-03-26,46115,0.0020896243,0.0020824032835662365,0.57,5.92442047491204e-05,0.002032819902524352,0.0022464171051979065
2,3,789,2021-03-26,46121,0.0019695698,0.001883036340586841,0.695,0.00010774784459499642,0.0018015067325904965,0.0021547540090978146
2,3,796,2021-03-26,47023,0.016815763,0.01682267338037491,0.26,6.184513040352613e-06,0.016809610649943352,0.01682889088988304
2,3,804,2021-03-26,47099,0.005804184,0.005803792737424374,0.555,3.199431830580579e-06,0.005802556406706572,0.005812922026962042
2,3,806,2021-03-26,47119,0.0046394523,0.004638414829969406,0.585,7.573133188998327e-06,0.0046371761709451675,0.0046597919426858425
2,3,816,2021-03-26,48347,0.0027368655,0.0026532942429184914,0.91,4.451243148650974e-05,0.0026105877477675676,0.002745680743828416
2,3,817,2021-03-26,48365,0.04256359,0.0425853356719017,0.015,1.0776790986710694e-05,0.04256289079785347,0.04259591922163963
2,3,818,2021-03-26,48401,0.0073920926,0.007390990853309631,0.755,1.1224894933548057e-06,0.007389807607978582,0.007394404150545597
2,3,824,2021-03-26,51107,0.0017256935,0.0017247854266315699,0.575,5.622423941531451e-06,0.0017147882608696818,0.001736507285386324
2,3,827,2021-03-26,51173,0.0074386345,0.00742707634344697,0.59,2.5980378268286586e-05,0.007413262967020273,0.007487859111279249
2,3,838,2021-03-26,53071,0.004946615,0.005132685415446758,0.165,0.00022906617959961295,0.004926485475152731,0.005617122165858746
2,3,842,2021-03-26,54023,0.008587922,0.007342423312366009,0.775,0.0007709874189458787,0.00703053642064333,0.00943680852651596
2,3,845,2021-03-26,54077,0.008408349,0.008244600147008896,0.725,0.00022228884336072952,0.00797581858932972,0.00869842991232872
2,3,848,2021-03-26,56003,0.0129010305,0.01298586092889309,0.23,5.012141991755925e-05,0.012865424156188965,0.01300865225493908
2,3,853,2021-03-26,56013,0.0013935774,0.00113587430678308,0.69,0.0003949289384763688,0.0010336670093238354,0.00222728936932981
2,3,858,2021-03-26,56025,0.0010079573,0.0010611743200570345,0.295,0.0010166759602725506,0.0009542129701003432,0.004099367186427116
2,3,860,2021-03-26,56035,0.0014077353,0.001299979048781097,0.7,0.00017128157196566463,0.0011610997607931495,0.0017404935788363218
2,3,868,2021-12-11,01089,0.0033309304,0.0033558823633939028,0.04,6.688101711915806e-05,0.003329889615997672,0.0035385440569370985
2,3,870,2021-12-11,04003,0.00085506414,0.0008540241979062557,0.595,1.778256228135433e-05,0.0008046174771152437,0.0008886775467544794
2,3,874,2021-12-11,04015,0.009984095,0.010632006451487541,0.22,0.00063818454509601,0.009467982687056065,0.011624641716480255
2,3,882,2021-12-11,05035,0.0034916147,0.0034915073774755,0.5,3.1463416235055774e-05,0.0034840148873627186,0.003576849354431033
2,3,885,2021-12-11,05053,0.043318216,0.04334498941898346,0.03,8.928703209676314e-06,0.04331762716174126,0.04334717243909836
2,3,891,2021-12-11,05093,0.038359467,0.038356147706508636,0.52,6.483198376372457e-05,0.0381702221930027,0.038370925933122635
2,3,899,2021-12-11,06009,0.009034306,0.008259741589426994,0.775,0.0006714244955219328,0.008227718994021416,0.01065061241388321
2,3,903,2021-12-11,06021,0.011711632,0.011719869449734688,0.235,0.00013864321226719767,0.011709443293511868,0.012189452536404133
2,3,904,2021-12-11,06025,0.0011869317,0.0011891224421560764,0.475,6.482824392151088e-05,0.0011636839481070638,0.0013979485956951976
2,3,909,2021-12-11,06041,0.0024444186,0.002536044456064701,0.215,0.0009491140372119844,0.002425797749310732,0.005306950770318508
2,3,910,2021-12-11,06043,0.008515895,0.008505713194608688,0.545,0.0005083690630272031,0.008480443619191647,0.010126366280019283
2,3,913,2021-12-11,06057,0.026282392,0.030025910586118698,0.07,0.001416789018549025,0.02571748197078705,0.030160346999764442
2,3,918,2021-12-11,06067,0.004640651,0.004642167594283819,0.44,0.0006902888417243958,0.004635718185454607,0.006848976947367191
2,3,929,2021-12-11,06101,0.005462293,0.005475789308547974,0.11,0.0004955802578479052,0.005460772197693586,0.007143812254071236
2,3,935,2021-12-11,08001,0.0005973333,0.0006554987048730254,0.385,0.00047321023885160685,0.000559561129193753,0.002027456648647785
2,3,936,2021-12-11,08003,0.008796233,0.00889491569250822,0.445,0.0006110541871748865,0.008065721951425076,0.010308139957487583
2,3,942,2021-12-11,08017,0.01599036,0.01279238797724247,0.615,0.008977138437330723,0.010944434441626072,0.03905574604868889
2,3,943,2021-12-11,08019,0.015151817,0.01578625664114952,0.225,0.0004135199123993516,0.014612222090363503,0.01600983925163746
2,3,954,2021-12-11,08059,0.016030604,0.01598028838634491,0.695,0.0002017664082814008,0.015385730192065239,0.016133055090904236
2,3,961,2021-12-11,08077,0.004071582,0.00408237986266613,0.49,0.0002524885057937354,0.0037346852477639914,0.004554559011012316
2,3,965,2021-12-11,08089,0.12534152,0.12458942830562592,0.695,0.003970878664404154,0.11381463706493378,0.1260177493095398
2,3,975,2021-12-11,13213,0.0052832766,0.004831493832170963,0.79,0.0002751661231741309,0.004718485753983259,0.005513039417564869
2,3,977,2021-12-11,13297,0.00091500726,0.0008923066779971123,0.735,2.20935617107898e-05,0.0008809743449091911,0.0009499842417426407
2,3,988,2021-12-11,17003,0.0023076185,0.00224081939086318,0.615,0.00010865825606742874,0.00220044469460845,0.0025169961154460907
2,3,989,2021-12-11,17005,0.003209862,0.0032153495121747255,0.465,7.336307317018509e-05,0.0031947691459208727,0.0034245438873767853
2,3,990,2021-12-11,17017,0.010878585,0.005520664155483246,0.645,0.009724103845655918,0.005255740135908127,0.03314467519521713
2,3,993,2021-12-11,17031,0.008151923,0.01106075569987297,0.055,0.01734735071659088,0.008050384931266308,0.054843053221702576
2,3,997,2021-12-11,17051,0.01588094,0.015893923118710518,0.47,9.252303425455466e-05,0.015710771083831787,0.01596343144774437
2,3,998,2021-12-11,17053,0.0072525204,0.007662407122552395,0.075,0.003289798740297556,0.00721288425847888,0.018633225932717323
2,3,1006,2021-12-11,17089,0.007731987,0.01118469424545765,0.12,0.017463279888033867,0.0075038643553853035,0.0540926568210125
2,3,1009,2021-12-11,17099,0.005597774,0.00677591422572732,0.035,0.01179438829421997,0.005539942067116499,0.0400027297437191
2,3,1020,2021-12-11,17135,0.0016525176,0.0017139592673629522,0.44,0.0002882399130612612,0.0015839088009670377,0.0025079394690692425
2,3,1028,2021-12-11,17179,0.0045046825,0.008111708797514439,0.18,0.01301718968898058,0.00434719817712903,0.04143541678786278
2,3,1029,2021-12-11,17181,0.0024326558,0.0022577582858502865,0.73,0.00012988947855774313,0.002203838899731636,0.002590603195130825
2,3,1045,2021-12-11,18039,0.009460471,0.010140330530703068,0.175,0.004060049075633287,0.009309221059083939,0.021938003599643707
2,3,1046,2021-12-11,18041,0.011459678,0.011552099138498306,0.44,0.0011215775739401579,0.011319373734295368,0.01461153756827116
2,3,1049,2021-12-11,18057,0.008572413,0.00878421775996685,0.19,0.0019267952302470803,0.008487092331051826,0.014421995729207993
2,3,1050,2021-12-11,18069,0.010987427,0.010524367913603783,0.565,0.002682966412976384,0.00993864331394434,0.01781070977449417
2,3,1052,2021-12-11,18075,0.01258547,0.012955589219927788,0.12,0.00323153636418283,0.0123813571408391,0.02197396382689476
2,3,1060,2021-12-11,18103,0.011373289,0.010158742778003216,0.645,0.003312912071123719,0.00940806046128273,0.019778626039624214
2,3,1062,2021-12-11,18107,0.0052935234,0.005571064539253712,0.1,0.0014517466770485044,0.005260237026959658,0.00956080574542284
2,3,1064,2021-12-11,18115,0.008098677,0.007926669903099537,0.595,0.0007165005663409829,0.007665965706110001,0.009863452985882759
2,3,1069,2021-12-11,18133,0.008155783,0.008133646100759506,0.54,9.417723777005449e-05,0.007911569438874722,0.008194520138204098
2,3,1073,2021-12-11,18149,0.01944509,0.019436124712228775,0.505,0.0011480901157483459,0.019335217773914337,0.02328181266784668
2,3,1085,2021-12-11,19009,0.019805457,0.019662482663989067,0.595,0.004468163941055536,0.016335690394043922,0.03238774463534355
2,3,1090,2021-12-11,19019,0.025480144,0.029095714911818504,0.41,0.015719959512352943,0.020951569080352783,0.06468994915485382
2,3,1093,2021-12-11,19025,0.03775006,0.03735743463039398,0.55,0.001881499425508082,0.03325013443827629,0.03969704732298851
2,3,1094,2021-12-11,19027,0.025972746,0.03211314231157303,0.08,0.013254120014607906,0.024640651419758797,0.06112018972635269
2,3,1096,2021-12-11,19031,0.015225787,0.01626022346317768,0.37,0.014190999791026115,0.014633587561547756,0.052616070955991745
2,3,1101,2021-12-11,19041,0.015131187,0.016197120770812035,0.18,0.008427231572568417,0.014037121087312698,0.03951786831021309
2,3,1108,2021-12-11,19055,0.018743591,0.02499093860387802,0.015,0.01478094607591629,0.017864421010017395,0.05942727252840996
2,3,1114,2021-12-11,19067,0.011316362,0.015173980966210365,0.045,0.003363474737852812,0.010827676393091679,0.023760346695780754
2,3,1139,2021-12-11,19125,0.010800278,0.019192930310964584,0.075,0.018283776938915253,0.009777996689081192,0.058707259595394135
2,3,1141,2021-12-11,19129,0.1190674,0.11079481244087219,0.915,0.011457365937530994,0.08820759505033493,0.119452103972435
2,3,1149,2021-12-11,19147,0.03556732,0.036030031740665436,0.075,0.002587336814031005,0.03539673611521721,0.04393444582819939
2,3,1150,2021-12-11,19149,0.013331873,0.013379910960793495,0.4,0.0013290918432176113,0.01306631974875927,0.017408106476068497
2,3,1154,2021-12-11,19157,0.023632525,0.025517314672470093,0.105,0.012804144062101841,0.023302307352423668,0.05695458874106407
2,3,1158,2021-12-11,19165,0.01929111,0.026108194142580032,0.2,0.0115585932508111,0.017458707094192505,0.050966206938028336
2,3,1162,2021-12-11,19173,0.022602148,0.0310794860124588,0.11,0.014319805428385735,0.021956365555524826,0.06094115599989891
2,3,1167,2021-12-11,19185,0.04734069,0.049895234405994415,0.135,0.0017368339467793703,0.04659781977534294,0.053117550909519196
2,3,1169,2021-12-11,19189,0.04503513,0.04568251967430115,0.265,0.0013495604507625103,0.04313742369413376,0.04926647990942001
2,3,1173,2021-12-11,19197,0.102260165,0.12284916639328003,0.195,0.010691213421523571,0.09981808811426163,0.13015253841876984
2,3,1174,2021-12-11,20001,0.016710902,0.01701505109667778,0.29,0.0013019740581512451,0.016423575580120087,0.020864790305495262
2,3,1176,2021-12-11,20005,0.021809967,0.021601077169179916,0.55,0.004743563011288643,0.018464550375938416,0.03386319801211357
2,3,1183,2021-12-11,20023,0.011436976,0.011400429531931877,0.505,0.0022026768419891596,0.010270406492054462,0.01757592335343361
2,3,1188,2021-12-11,20041,0.10689854,0.09907510131597519,0.78,0.010108874179422855,0.08047055453062057,0.10827832669019699
2,3,1189,2021-12-11,20043,0.0871701,0.07842311263084412,0.925,0.010051633231341839,0.059668105095624924,0.08788824826478958
2,3,1190,2021-12-11,20045,0.010492293,0.01942109316587448,0.045,0.014687636867165565,0.010288667865097523,0.05181558430194855
2,3,1194,2021-12-11,20059,0.008250605,0.010790377855300903,0.02,0.009132970124483109,0.008240672759711742,0.03499336168169975
2,3,1195,2021-12-11,20061,0.042698316,0.03813609480857849,0.93,0.0023346676025539637,0.03631492331624031,0.043004728853702545
2,3,1220,2021-12-11,20129,0.085318066,0.08446415513753891,0.84,0.0011912145419046283,0.08189435303211212,0.0853940024971962
2,3,1229,2021-12-11,20151,0.022620572,0.029318608343601227,0.245,0.011026820167899132,0.020290562883019447,0.053528591990470886
2,3,1230,2021-12-11,20153,0.023640685,0.02389075979590416,0.45,0.002441972494125366,0.02266056090593338,0.030386608093976974
2,3,1237,2021-12-11,20169,0.12084933,0.11130630970001221,0.875,0.010347344912588596,0.09304853528738022,0.12209539860486984
2,3,1239,2021-12-11,20173,0.01918004,0.026788998395204544,0.18,0.01211776863783598,0.018018905073404312,0.053179193288087845
2,3,1244,2021-12-11,20183,0.040808484,0.04422760009765625,0.27,0.0053384262137115,0.03925796225667,0.056144192814826965
2,3,1245,2021-12-11,20185,0.06425188,0.056188009679317474,0.79,0.008400455117225647,0.04231705889105797,0.06546024233102798
2,3,1247,2021-12-11,20193,0.018817455,0.01854850724339485,0.535,0.0026305760256946087,0.017390117049217224,0.02576834335923195
2,3,1251,2021-12-11,20201,0.037845567,0.03792919963598251,0.44,0.0031216100323945284,0.03657860308885574,0.04719983786344528
2,3,1255,2021-12-11,21001,0.010277526,0.010262751951813698,0.55,7.14153065928258e-05,0.01024593599140644,0.010467381216585636
2,3,1259,2021-12-11,21029,0.006115419,0.006022266112267971,0.98,0.0003104587085545063,0.005239410791546106,0.006123160012066364
2,3,1268,2021-12-11,21087,0.0067211906,0.006724536884576082,0.04,3.662014933070168e-05,0.006720819976180792,0.006837078835815191
2,3,1270,2021-12-11,21095,0.011446455,0.011944754980504513,0.325,0.000768858939409256,0.009752761572599411,0.012096257880330086
2,3,1271,2021-12-11,21099,0.028222041,0.028217734768986702,0.895,2.2936877940082923e-05,0.0281559806317091,0.02822284586727619
2,3,1275,2021-12-11,21133,0.007642968,0.007538920268416405,0.69,0.0003432501689530909,0.007522101514041424,0.008710706606507301
2,3,1290,2021-12-11,21197,0.0085663665,0.008409727364778519,0.635,0.0003863421152345836,0.008332873694598675,0.009541516192257404
2,3,1298,2021-12-11,21219,0.1773289,0.1772843301296234,0.915,7.992173050297424e-05,0.17710112035274506,0.17733097076416016
2,3,1306,2021-12-11,23009,0.008494458,0.005572764202952385,1.0,0.0008890311582945287,0.005412491969764233,0.008492936380207539
2,3,1307,2021-12-11,23021,0.0063601523,0.005920981988310814,0.985,0.00015817554958630353,0.005865762475878,0.006364753004163504
2,3,1309,2021-12-11,25001,0.02076295,0.02107526734471321,0.47,0.001564758480526507,0.019805628806352615,0.02479109913110733
2,3,1315,2021-12-11,26003,0.018668557,0.01032576709985733,0.955,0.0029177223332226276,0.00964240450412035,0.018764086067676544
2,3,1316,2021-12-11,26005,0.022172526,0.016222486272454262,0.83,0.00422072596848011,0.014251790940761566,0.02991493232548237
2,3,1326,2021-12-11,26031,0.04621602,0.07381688058376312,0.04,0.01216866448521614,0.04611969366669655,0.07998102903366089
2,3,1327,2021-12-11,26033,0.014251477,0.027749598026275635,0.035,0.006189347710460424,0.014234309084713459,0.03189811855554581
2,3,1333,2021-12-11,26051,0.048131425,0.048797499388456345,0.445,0.00231898482888937,0.04352371022105217,0.05142221972346306
2,3,1338,2021-12-11,26063,0.027955469,0.01658955216407776,0.77,0.00866200216114521,0.016388660296797752,0.04313459247350693
2,3,1342,2021-12-11,26075,0.0119098155,0.015546578913927078,0.335,0.0027766793500632048,0.008962620049715042,0.01652757078409195
2,3,1344,2021-12-11,26079,0.033861395,0.058752503246068954,0.01,0.014481921680271626,0.03380977362394333,0.07091693580150604
2,3,1347,2021-12-11,26087,0.04931503,0.06624600291252136,0.03,0.007081982679665089,0.04908779636025429,0.0685306042432785
2,3,1349,2021-12-11,26091,0.016325733,0.016871366649866104,0.29,0.000787767581641674,0.015486127696931362,0.018925027921795845
2,3,1353,2021-12-11,26101,0.017560145,0.04449804127216339,0.05,0.014652078971266747,0.017354892566800117,0.05308554321527481
2,3,1376,2021-12-11,26157,0.019535117,0.025524290278553963,0.11,0.0026999162510037422,0.018752088770270348,0.026801366358995438
2,3,1378,2021-12-11,26161,0.018280381,0.017375942319631577,0.755,0.0035500815138220787,0.009457754902541637,0.018732164055109024
2,3,1380,2021-12-11,26165,0.023294955,0.04504676163196564,0.085,0.013882849365472794,0.022929498925805092,0.05675491318106651
2,3,1383,2021-12-11,27019,0.01088118,0.011371815577149391,0.31,0.003002739744260907,0.01005843747407198,0.020245065912604332
2,3,1385,2021-12-11,27033,0.007558775,0.007584461476653814,0.415,0.0016794208204373717,0.007196977734565735,0.01299058087170124
2,3,1401,2021-12-11,27093,0.00978328,0.010028794407844543,0.13,0.0016388909425586462,0.00965859554708004,0.01456779520958662
2,3,1403,2021-12-11,27101,0.004160354,0.004076354205608368,0.555,0.001033723820000887,0.003835120238363743,0.007179618813097477
2,3,1408,2021-12-11,27121,0.004313176,0.004406335763633251,0.195,0.0007194115896709263,0.004247212782502174,0.006411109585314989
2,3,1413,2021-12-11,27139,0.013143478,0.014879798516631126,0.185,0.0038518323563039303,0.012307519093155861,0.025080863386392593
2,3,1417,2021-12-11,27147,0.02280493,0.02597906067967415,0.125,0.011807270348072052,0.020833441987633705,0.0558202899992466
2,3,1419,2021-12-11,27161,0.021122247,0.016652122139930725,0.665,0.008901871740818024,0.013024648651480675,0.03961140662431717
2,3,1424,2021-12-11,28033,0.005445453,0.005472230724990368,0.1,5.95384553889744e-05,0.005435621831566095,0.005609490908682346
2,3,1426,2021-12-11,29005,0.022301516,0.026373010128736496,0.11,0.009314248338341713,0.022237248718738556,0.047897182404994965
2,3,1433,2021-12-11,29029,0.0046987836,0.004362820647656918,0.685,0.0006239115027710795,0.004263579845428467,0.006222291849553585
2,3,1436,2021-12-11,29043,0.0024432722,0.0024545066989958286,0.345,9.212050645146519e-05,0.0024362378753721714,0.002739829244092107
2,3,1445,2021-12-11,29071,0.004741032,0.004259858280420303,0.76,0.00045208531082607806,0.004198563750833273,0.00570716941729188
2,3,1448,2021-12-11,29077,0.0033489184,0.0033989492803812027,0.035,0.0001452064752811566,0.0033483270090073347,0.0038278023712337017
2,3,1449,2021-12-11,29079,0.019736413,0.03376459702849388,0.125,0.015428603626787663,0.018778735771775246,0.061980560421943665
2,3,1453,2021-12-11,29101,0.028798338,0.016726423054933548,0.725,0.010029538534581661,0.009776533581316471,0.03917909413576126
2,3,1454,2021-12-11,29105,0.0021469404,0.0020262650214135647,0.585,0.0003294127818662673,0.0018789111636579037,0.00289699574932456
2,3,1458,2021-12-11,29117,0.01831285,0.024991611018776894,0.275,0.014927171170711517,0.01620466820895672,0.059179533272981644
2,3,1465,2021-12-11,29151,0.010932345,0.010937868617475033,0.28,0.00027686270186677575,0.010921556502580643,0.011974344030022621
2,3,1467,2021-12-11,29157,0.0021407446,0.0021399524994194508,0.51,0.00016806276107672602,0.0020869013387709856,0.0026106848381459713
2,3,1483,2021-12-11,29213,0.0033359542,0.003254304639995098,0.735,7.301602454390377e-05,0.0032340583857148886,0.0034703940618783236
2,3,1493,2021-12-11,32003,0.0025458438,0.0026273576077073812,0.38,0.00016489061817992479,0.0024185210932046175,0.003070286475121975
2,3,1495,2021-12-11,32013,0.0012073462,0.0012567434459924698,0.285,0.0008272473933175206,0.0011213069083169103,0.0036401923280209303
2,3,1498,2021-12-11,35001,0.0018493487,0.0018444936722517014,0.53,0.00024763288092799485,0.0016629883321002126,0.0025338216219097376
2,3,1510,2021-12-11,35037,0.009334608,0.01016492024064064,0.365,0.0017593064112588763,0.00821611750870943,0.013692761771380901
2,3,1513,2021-12-11,35045,0.004254223,0.004158702678978443,0.725,0.00010465151717653498,0.004002009518444538,0.004342409782111645
2,3,1515,2021-12-11,35049,0.003913423,0.0035873157903552055,0.705,0.000531830417457968,0.00332379131577909,0.005171711090952158
2,3,1516,2021-12-11,35053,0.0020090053,0.0019637858495116234,0.59,0.00023752020206302404,0.001853540656156838,0.002679640194401145
2,3,1523,2021-12-11,36011,0.008585419,0.009265763685107231,0.21,0.00040909636300057173,0.008328189142048359,0.00949921552091837
2,3,1529,2021-12-11,36031,0.020135103,0.02268090471625328,0.095,0.001361821428872645,0.019796105101704597,0.024640951305627823
2,3,1537,2021-12-11,36049,0.115348585,0.1260705292224884,0.0,0.00362362340092659,0.11543571203947067,0.12834931910037994
2,3,1544,2021-12-11,36065,0.008272923,0.00820937193930149,0.975,0.0001000658594421111,0.007927610538899899,0.008311322890222073
2,3,1545,2021-12-11,36067,0.0052285297,0.002676380332559347,0.83,0.0013211577897891402,0.002517749322578311,0.006502413656562567
2,3,1550,2021-12-11,36089,0.01616931,0.02579866722226143,0.03,0.004022860899567604,0.016067028045654297,0.028045998886227608
2,3,1557,2021-12-11,36111,0.008573851,0.010100107640028,0.09,0.0006032745586708188,0.00831687729805708,0.010266832076013088
2,3,1561,2021-12-11,36121,0.017353533,0.02352745458483696,0.185,0.003304364625364542,0.01647680252790451,0.025292474776506424
2,3,1562,2021-12-11,36123,0.029163307,0.03503591567277908,0.155,0.0029326030053198338,0.02748916856944561,0.03597302362322807
2,3,1563,2021-12-11,37001,0.00094114064,0.0009635057649575174,0.17,0.00011835493933176622,0.0009296084172092378,0.0012985775247216225
2,3,1580,2021-12-11,39051,0.0099062,0.010610999539494514,0.035,0.004844249226152897,0.009853963740170002,0.024634137749671936
2,3,1585,2021-12-11,39071,0.008180929,0.008190611377358437,0.365,2.183371179853566e-05,0.0081395348533988,0.008214677684009075
2,3,1590,2021-12-11,39109,0.011071823,0.010468797758221626,0.65,0.0011353733716532588,0.010259450413286686,0.013741533271968365
2,3,1595,2021-12-11,39131,0.0075869123,0.007619830779731274,0.39,3.9003960409900174e-05,0.0075496165081858635,0.007652777712792158
2,3,1596,2021-12-11,39133,0.007365145,0.006960216909646988,0.79,0.00031281617702916265,0.006884262431412935,0.007908538915216923
2,3,1598,2021-12-11,39137,0.011102834,0.01285753957927227,0.035,0.004211911000311375,0.011034543626010418,0.023767054080963135
2,3,1604,2021-12-11,39173,0.0146072665,0.015463401563465595,0.06,0.003739390755072236,0.014486616477370262,0.025218060240149498
2,3,1605,2021-12-11,40003,0.013859074,0.01774495095014572,0.35,0.010855056345462799,0.01095797959715128,0.04240432754158974
2,3,1607,2021-12-11,40025,0.01168522,0.011736717075109482,0.375,0.0005447341245599091,0.01154619362205267,0.013403598219156265
2,3,1609,2021-12-11,40045,0.011114317,0.015288090333342552,0.115,0.006850022356957197,0.010680712759494781,0.03199068084359169
2,3,1621,2021-12-11,41019,0.007536453,0.006771878805011511,0.905,0.0005185157060623169,0.005706040188670158,0.00820829439908266
2,3,1631,2021-12-11,44009,0.018924857,0.014807161875069141,0.87,0.0019274797523394227,0.014026698656380177,0.02011878602206707
2,3,1632,2021-12-11,45083,0.0012144007,0.0012046860065311193,0.545,7.078679482219741e-05,0.0011811695294454694,0.0013965711696073413
2,3,1633,2021-12-11,46003,0.0037347646,0.003738728351891041,0.49,0.0001358553272439167,0.0036038337275385857,0.004070908296853304
2,3,1641,2021-12-11,46023,0.005829378,0.0058254702016711235,0.515,0.00012840321869589388,0.005611956585198641,0.0061823721043765545
2,3,1642,2021-12-11,46025,0.002713887,0.002753916662186384,0.265,0.0002935386437457055,0.0026587750762701035,0.00362176145426929
2,3,1644,2021-12-11,46029,0.0022907937,0.002582875546067953,0.12,0.001029193983413279,0.0022430706303566694,0.005408032797276974
2,3,1663,2021-12-11,46069,0.0013920205,0.0014763635117560625,0.21,0.000111313522211276,0.0013770692748948932,0.0017071670154109597
2,3,1667,2021-12-11,46077,0.0028786361,0.003007998690009117,0.445,0.0007834579446353018,0.0026237533893436193,0.00508995121344924
2,3,1676,2021-12-11,46095,0.0016170064,0.001610559644177556,0.575,5.6365923228440806e-05,0.0015514676924794912,0.0017352368449792266
2,3,1678,2021-12-11,46099,0.005996834,0.006404761224985123,0.255,0.0019780825823545456,0.005865010432898998,0.012297142297029495
2,3,1681,2021-12-11,46107,0.0012622135,0.0012787759769707918,0.42,6.334471254376695e-05,0.0012330629397183657,0.0014293943531811237
2,3,1682,2021-12-11,46109,0.0029215012,0.002713149879127741,0.57,0.0007001823978498578,0.0024534508120268583,0.00470197107642889
2,3,1684,2021-12-11,46115,0.0025427279,0.0025646991562098265,0.4,0.00017408005078323185,0.002481400268152356,0.0030279632192105055
2,3,1687,2021-12-11,46121,0.0026772101,0.00250888685695827,0.805,0.00012346306175459176,0.00237958412617445,0.002779813250526786
2,3,1693,2021-12-11,47007,0.0067016766,0.00673874095082283,0.235,2.585048059700057e-05,0.006671560928225517,0.006751428358256817
2,3,1705,2021-12-11,47063,0.002468132,0.0024877572432160378,0.29,0.00020260112069081515,0.00242653232999146,0.0030486765317618847
2,3,1709,2021-12-11,47081,0.006625803,0.006421249359846115,0.8,0.00012032880476908758,0.006380391772836447,0.00676113972440362
2,3,1710,2021-12-11,47087,0.009374973,0.00915310438722372,0.66,0.00027388762100599706,0.009078764356672764,0.009894058108329773
2,3,1714,2021-12-11,47099,0.007494564,0.007491490803658962,0.535,6.0406560805859044e-05,0.007471243850886822,0.007664618548005819
2,3,1716,2021-12-11,47113,0.005498337,0.0054991040378808975,0.165,4.675779564422555e-06,0.005497410893440247,0.00551167968660593
2,3,1720,2021-12-11,47127,0.0073238616,0.007299620658159256,0.56,0.0001792827679309994,0.0072379945777356625,0.007762272842228413
2,3,1722,2021-12-11,47133,0.0066782706,0.006423494778573513,0.74,0.000297341903205961,0.0063430387526750565,0.007358829490840435
2,3,1730,2021-12-11,47161,0.041334063,0.0413476899266243,0.295,1.1868357432831544e-05,0.04131842032074928,0.04135342687368393
2,3,1739,2021-12-11,48111,0.012566823,0.010517202317714691,0.805,0.001139098429121077,0.009960631839931011,0.013606326654553413
2,3,1744,2021-12-11,48211,0.008474634,0.0131598562002182,0.1,0.004398327320814133,0.008123182691633701,0.021430358290672302
2,3,1749,2021-12-11,48359,0.00812746,0.01153082586824894,0.155,0.0033366037532687187,0.007482500281184912,0.017604518681764603
2,3,1753,2021-12-11,48393,0.010744761,0.012092734687030315,0.155,0.001899785129353404,0.01059282198548317,0.01684671826660633
2,3,1754,2021-12-11,48421,0.016118031,0.016891930252313614,0.155,0.001596731599420309,0.015845872461795807,0.0207752026617527
2,3,1755,2021-12-11,48437,0.0040837214,0.005188547074794769,0.23,0.0015283571556210518,0.003765383968129754,0.008608989417552948
2,3,1761,2021-12-11,49027,0.0019308382,0.002085633110255003,0.235,0.00029699545120820403,0.0018480109283700585,0.0028062870260328054
2,3,1764,2021-12-11,49049,0.0015309352,0.0015654624439775944,0.235,3.2884065149119124e-05,0.0015030126087367535,0.0016236745286732912
2,3,1771,2021-12-11,50011,0.007006855,0.004651356488466263,0.865,0.001069496851414442,0.00430765887722373,0.007606911938637495
2,3,1774,2021-12-11,50017,0.010983013,0.010651910677552223,0.885,0.00014223098696675152,0.010619904845952988,0.011111357249319553
2,3,1779,2021-12-11,51071,0.0037865425,0.0037005641497671604,0.545,0.0007039846386760473,0.0035155736841261387,0.0057818214409053326
2,3,1782,2021-12-11,51173,0.013723519,0.014200177974998951,0.4,0.0010093095479533076,0.011380892246961594,0.014504404738545418
2,3,1786,2021-12-11,53071,0.0012274198,0.0014492692425847054,0.085,0.00019103771774098277,0.0012028173077851534,0.0018223851220682263
2,3,1790,2021-12-11,54069,0.009127105,0.009111762046813965,0.94,6.352942727971822e-05,0.008956247940659523,0.009128650650382042
2,3,1803,2021-12-11,55033,0.02142634,0.025875579565763474,0.2,0.00836433656513691,0.01905251294374466,0.04568444564938545
2,3,1809,2021-12-11,55049,0.052032024,0.05048764497041702,0.9,0.005639635492116213,0.03684322535991669,0.052490510046482086
2,3,1814,2021-12-11,55063,0.020369757,0.026281513273715973,0.12,0.009570649825036526,0.017819728702306747,0.050117745995521545
2,3,1815,2021-12-11,55065,0.008937114,0.00922158919274807,0.32,0.010696898214519024,0.008356712758541107,0.03830105438828468
2,3,1817,2021-12-11,55073,0.023458695,0.01184428483247757,0.99,0.004115586169064045,0.010825473815202713,0.02349150739610195
2,3,1822,2021-12-11,55085,0.049196888,0.06913651525974274,0.025,0.008779018186032772,0.049157388508319855,0.07493974268436432
2,3,1823,2021-12-11,55087,0.012691507,0.013216964900493622,0.175,0.001790597103536129,0.012563562020659447,0.018159469589591026
2,3,1826,2021-12-11,55093,0.022790609,0.022049501538276672,0.555,0.007583314087241888,0.016395309939980507,0.04097031429409981
2,3,1833,2021-12-11,55117,0.01347871,0.02336112968623638,0.29,0.018936743959784508,0.010950576514005661,0.06066424399614334
2,3,1842,2021-12-11,55141,0.013440502,0.010209881700575352,0.89,0.002428647130727768,0.006605098489671946,0.015800604596734047
2,3,1848,2021-12-11,56013,0.0018971978,0.0016666282899677753,0.67,0.00035658665001392365,0.0015054077375680208,0.002709499327465892
2,3,1850,2021-12-11,56025,0.0015645507,0.0016247726744040847,0.42,0.0008297940948978066,0.0014628370990976691,0.004167438484728336
2,3,1852,2021-12-11,56035,0.0009428369,0.0008790172869339585,0.7,8.73189273988828e-05,0.000799682573415339,0.0010947110131382942
2,3,1860,2022-06-08,01059,0.012779514,0.01278991624712944,0.14,5.049570063420106e-06,0.012776470743119717,0.012791371904313564
2,3,1861,2022-06-08,01073,0.0056704716,0.0056653632782399654,0.9,7.696346983721014e-06,0.0056474353186786175,0.00567225506529212
2,3,1862,2022-06-08,01089,0.0018859345,0.0018894714303314686,0.31,6.918412964296294e-06,0.0018841460114344954,0.0019063279032707214
2,3,1872,2022-06-08,05139,0.013328029,0.013328354805707932,0.39,1.297513904319203e-06,0.013326042331755161,0.013331416063010693
2,3,1878,2022-06-08,06051,0.051609218,0.051584165543317795,0.865,2.1502952222363092e-05,0.05154351517558098,0.051616210490465164
2,3,1879,2022-06-08,06057,0.0065091145,0.006509202532470226,0.49,1.6628316643618746e-06,0.006505777593702078,0.006513236556202173
2,3,1888,2022-06-08,08077,0.0009790906,0.0008602186571806669,0.86,5.852395770489238e-05,0.0008353476296178997,0.0010293041123077273
2,3,1898,2022-06-08,12111,0.001695756,0.0016954165184870362,0.505,3.0337119824253023e-05,0.0016696894308552146,0.0017629866488277912
2,3,1899,2022-06-08,12133,0.023627032,0.023626189678907394,0.82,1.1210476031919825e-06,0.02362336404621601,0.023627303540706635
2,3,1901,2022-06-08,13077,0.01237747,0.012376923114061356,0.56,2.156883965653833e-06,0.01237273309379816,0.012380339205265045
2,3,1904,2022-06-08,13297,0.0024430614,0.002446151338517666,0.32,7.762817404000089e-06,0.0024332741741091013,0.002462189644575119
2,3,1907,2022-06-08,17031,0.0019365306,0.001953656319528818,0.06,2.5496170565020293e-05,0.0019360847072675824,0.0020116616506129503
2,3,1909,2022-06-08,17089,0.002290197,0.002302380744367838,0.065,1.3567304449679796e-05,0.002289803698658943,0.0023326543159782887
2,3,1919,2022-06-08,18067,0.0024706752,0.002464215736836195,0.61,1.2488676475186367e-05,0.0024557870347052813,0.0024919428396970034
2,3,1920,2022-06-08,18069,0.0014798451,0.0014766583917662501,0.545,1.1551192073966376e-05,0.0014663306064903736,0.00149983586743474
2,3,1932,2022-06-08,19173,0.004756845,0.004833610728383064,0.065,0.00013196699728723615,0.004754084162414074,0.0051626949571073055
2,3,1935,2022-06-08,21037,0.021192336,0.02118730917572975,0.815,6.129145276645431e-06,0.021174604073166847,0.021193979308009148
2,3,1942,2022-06-08,22067,0.014719649,0.014718919061124325,0.605,2.83823601421318e-06,0.01471666432917118,0.014726420864462852
2,3,1947,2022-06-08,24005,0.0016105248,0.001611581421457231,0.385,1.3709406630368903e-05,0.0016041988274082541,0.0016491551650688052
2,3,1957,2022-06-08,27033,0.0031318583,0.0031300075352191925,0.54,1.3609318557428196e-05,0.0031207739375531673,0.003162073902785778
2,3,1958,2022-06-08,27089,0.0021999944,0.0016362344613298774,0.785,0.0004606681759469211,0.001440737396478653,0.0029607967007905245
2,3,1963,2022-06-08,28049,0.010167978,0.010167744010686874,0.525,2.7164501261722762e-06,0.01016290858387947,0.01017441414296627
2,3,1965,2022-06-08,28053,0.01565363,0.01565559208393097,0.355,7.66887933423277e-06,0.015638016164302826,0.015664268285036087
2,3,1970,2022-06-08,28111,0.02075282,0.020745202898979187,0.725,1.6045585653046146e-05,0.020712226629257202,0.020768046379089355
2,3,1972,2022-06-08,28129,0.01232448,0.012326112948358059,0.46,1.0298248525941744e-05,0.012313966639339924,0.012352550402283669
2,3,1979,2022-06-08,29005,0.0046472405,0.004708314314484596,0.03,8.558912668377161e-05,0.004645263310521841,0.004935277160257101
2,3,1982,2022-06-08,29029,0.012690666,0.012685200199484825,0.625,1.5558214727207087e-05,0.012670646421611309,0.012720517814159393
2,3,1986,2022-06-08,29071,0.009159576,0.009117724373936653,0.755,4.7281770093832165e-05,0.009091422893106937,0.009243362583220005
2,3,1987,2022-06-08,29079,0.0038156738,0.0038472439628094435,0.125,7.096239278325811e-05,0.0038117142394185066,0.004030887968838215
2,3,1990,2022-06-08,29101,0.0075011,0.00745018944144249,0.76,4.628673559636809e-05,0.00741458497941494,0.007556489203125238
2,3,1991,2022-06-08,29107,0.020228595,0.020267613232135773,0.205,3.375948654138483e-05,0.020216932520270348,0.020325636491179466
2,3,2002,2022-06-08,30075,0.0085121095,0.008514437824487686,0.065,1.2848852293245727e-06,0.008511627092957497,0.008517601527273655
2,3,2007,2022-06-08,32011,0.020591417,0.020587164908647537,0.685,9.789027899387293e-06,0.020563337951898575,0.020597385242581367
2,3,2008,2022-06-08,32013,0.0056465203,0.005644845776259899,0.68,1.8455967847330612e-06,0.005642364267259836,0.005648321006447077
2,3,2020,2022-06-08,35001,0.0004921072,0.000493367318995297,0.415,5.165623861103086e-06,0.0004893267177976668,0.0005057139787822962
2,3,2024,2022-06-08,35035,0.0019730944,0.0019738334231078625,0.215,5.262756417323544e-07,0.0019726178143173456,0.0019742639269679785
2,3,2025,2022-06-08,35037,0.0023994327,0.002428247593343258,0.34,5.226641587796621e-05,0.0023724085185676813,0.0025325592141598463
2,3,2028,2022-06-08,35053,0.0001789897,0.00017789224511943758,0.565,3.862216999550583e-06,0.00017521761765237898,0.00018853347864933312
2,3,2030,2022-06-08,37001,0.0013567089,0.001358877751044929,0.105,6.037604634911986e-06,0.0013556132325902581,0.0013746283948421478
2,3,2042,2022-06-08,37135,0.0014462656,0.0014461582759395242,0.5,7.750376425974537e-06,0.0014401305234059691,0.0014642870519310236
2,3,2043,2022-06-08,37145,0.0010258876,0.0010069208219647408,0.82,1.187790167023195e-05,0.000998343457467854,0.0010391846299171448
2,3,2044,2022-06-08,37147,0.001135292,0.0010146473068743944,0.945,5.3012645366834477e-05,0.0009821538114920259,0.0011495653307065368
2,3,2052,2022-06-08,39017,0.030746406,0.03073630854487419,0.975,1.040820552589139e-05,0.030711308121681213,0.03074672259390354
2,3,2060,2022-06-08,39045,0.036701564,0.03670109063386917,0.565,7.739201464573853e-06,0.03668418526649475,0.036710161715745926
2,3,2065,2022-06-08,39071,0.007768098,0.007768427021801472,0.23,6.305826900643297e-07,0.0077676535584032536,0.0077697900123894215
2,3,2069,2022-06-08,39105,0.0008960675,0.0008639353327453136,0.715,2.270660479553044e-05,0.0008523492142558098,0.0009189732372760773
2,3,2071,2022-06-08,39109,0.0060369694,0.006028247997164726,0.97,7.312644356716191e-06,0.006014159880578518,0.006038045510649681
2,3,2072,2022-06-08,39111,0.017079756,0.017086338251829147,0.275,5.318333933246322e-06,0.017074014991521835,0.017090830951929092
2,3,2074,2022-06-08,39127,0.0055410587,0.005536324810236692,0.65,6.329003099381225e-06,0.005532550159841776,0.005552706774324179
2,3,2075,2022-06-08,39131,0.012208472,0.012206824496388435,0.71,1.5375140947071486e-06,0.012205454520881176,0.012210525572299957
2,3,2077,2022-06-08,39141,0.008121191,0.008120966143906116,0.555,1.106752847590542e-06,0.008119638077914715,0.008122936822474003
2,3,2083,2022-06-08,40015,0.03416029,0.03417077660560608,0.07,5.863030310138129e-06,0.034158624708652496,0.03417978063225746
2,3,2090,2022-06-08,40065,0.004216254,0.004193018190562725,0.78,1.9828021322609857e-05,0.004162018187344074,0.004224875476211309
2,3,2096,2022-06-08,40113,0.0023677528,0.002373617608100176,0.27,2.0754696379299276e-05,0.0023650459479540586,0.0024259542115032673
2,3,2097,2022-06-08,40119,0.0029344247,0.002945268526673317,0.15,1.484439053456299e-05,0.0029329918324947357,0.002977855736389756
2,3,2098,2022-06-08,40123,0.0049395,0.0049401139840483665,0.46,9.843304724199697e-06,0.004937240853905678,0.004966207314282656
2,3,2107,2022-06-08,42051,0.006711621,0.006717418320477009,0.335,1.3286066860018764e-05,0.006684896536171436,0.006730996072292328
2,3,2109,2022-06-08,42111,0.0031537227,0.0031471974216401577,0.82,3.2170280519494554e-06,0.0031462644692510366,0.003155815415084362
2,3,2111,2022-06-08,45015,0.0015638496,0.0014717373996973038,0.95,4.211292616673745e-05,0.0014353750739246607,0.0015741003444418311
2,3,2116,2022-06-08,46003,0.0034413585,0.003448153380304575,0.405,3.2552186894463375e-05,0.0034218262881040573,0.0035238820128142834
2,3,2119,2022-06-08,46019,0.02194789,0.02195826917886734,0.02,6.5797548813861795e-06,0.021947015076875687,0.02196948416531086
2,3,2120,2022-06-08,46023,0.002689092,0.002692282432690263,0.39,2.950777161458973e-05,0.0026756571605801582,0.002769207814708352
2,3,2121,2022-06-08,46025,0.0023365612,0.002336119767278433,0.505,3.649634891189635e-05,0.002312457887455821,0.002433615271002054
2,3,2133,2022-06-08,46069,0.0035125716,0.0035217527765780687,0.425,5.036349830334075e-05,0.0034923881758004427,0.0036553870886564255
2,3,2137,2022-06-08,46077,0.0029407607,0.002938218880444765,0.57,1.6012594642234035e-05,0.0029240953736007214,0.002976852236315608
2,3,2141,2022-06-08,46095,0.0016386225,0.0016312021762132645,0.59,4.7441284550586715e-05,0.0015125165227800608,0.0016580313676968217
2,3,2144,2022-06-08,46107,0.0021590267,0.002178492723032832,0.145,4.456903843674809e-05,0.002142645651474595,0.002306514885276556
2,3,2145,2022-06-08,46109,0.0016990722,0.001674639992415905,0.645,4.768718281411566e-05,0.001633261563256383,0.001800082391127944
2,3,2146,2022-06-08,46115,0.0027669033,0.002748039783909917,0.605,6.495509296655655e-05,0.0026996878441423178,0.002931338967755437
2,3,2149,2022-06-08,46121,0.0021043567,0.002065983135253191,0.68,7.046266546240076e-05,0.002019111765548587,0.0022407688666135073
2,3,2160,2022-06-08,48111,0.003445535,0.0033463824074715376,0.83,5.6526991102145985e-05,0.0033099998254328966,0.003484614659100771
2,3,2173,2022-06-08,48279,0.0022733791,0.002272525802254677,0.545,1.6832846085890196e-05,0.0022536395117640495,0.0023157501127570868
2,3,2179,2022-06-08,48359,0.0035263516,0.0035531248431652784,0.255,3.5075292544206604e-05,0.0035166735760867596,0.0036217039451003075
2,3,2182,2022-06-08,48393,0.0029547203,0.0029561426490545273,0.33,6.353074695653049e-06,0.0029448962304741144,0.002971142763271928
2,3,2183,2022-06-08,48421,0.003707235,0.003729113843291998,0.275,5.3347477660281584e-05,0.0036988994106650352,0.0038635199889540672
2,3,2184,2022-06-08,48437,0.002456807,0.0024808200541883707,0.285,3.513535193633288e-05,0.0024434314109385014,0.002560443477705121
2,3,2185,2022-06-08,48485,0.0043169097,0.0043039023876190186,0.815,9.651618711359333e-06,0.004290850833058357,0.004319803789258003
2,3,2189,2022-06-08,51007,0.008996048,0.009000341407954693,0.165,3.0111898468021536e-06,0.008994421921670437,0.009003688581287861
2,3,2194,2022-06-08,51059,0.0010134303,0.001018978888168931,0.08,1.266505478270119e-05,0.0010119801154360175,0.001049653859809041
2,3,2202,2022-06-08,51107,0.0015715801,0.0015719409566372633,0.49,2.0389114069985226e-05,0.0015403894940391183,0.001612514490261674
2,3,2206,2022-06-08,51147,0.0021126405,0.002102202270179987,0.775,1.0030025805463083e-05,0.00208885595202446,0.0021207453683018684
2,3,2208,2022-06-08,51153,0.0012259405,0.001213660929352045,0.64,1.6637879525660537e-05,0.0012028284836560488,0.0012548136292025447
2,3,2213,2022-06-08,51590,0.002185221,0.002185576129704714,0.2,2.514929065000615e-06,0.002185047371312976,0.0021925675682723522
2,3,2227,2022-06-08,54077,0.010413081,0.010458121076226234,0.22,2.7670543204294518e-05,0.010385002940893173,0.010468040592968464
2,3,2228,2022-06-08,54079,0.00670206,0.006705533713102341,0.42,8.379102837352548e-06,0.006687936373054981,0.00671206833794713
2,3,2230,2022-06-08,54095,0.0016071699,0.001589419785887003,0.63,3.0172926926752552e-05,0.0015716017223894596,0.0016606512945145369
2,3,2231,2022-06-08,54103,0.020566836,0.02058667689561844,0.275,1.9050135961151682e-05,0.020538605749607086,0.020597511902451515
2,3,2242,2024-02-27,01089,0.0011736025,0.001187470043078065,0.235,6.682369712507352e-05,0.0011711422121152282,0.0013916523894295096
2,3,2249,2024-02-27,06015,0.028448926,0.019546855241060257,0.86,0.004460691008716822,0.018735483288764954,0.03316519409418106
2,3,2259,2024-02-27,06051,0.020845162,0.02079899236559868,0.565,0.0014403554378077388,0.020277582108974457,0.02560615725815296
2,3,2260,2024-02-27,06057,0.02123675,0.013022834435105324,0.925,0.00302800047211349,0.012731318362057209,0.0241413377225399
2,3,2270,2024-02-27,06105,0.08228641,0.0830330178141594,0.23,0.0006002607406117022,0.0815131887793541,0.08351209759712219
2,3,2271,2024-02-27,08003,0.0018385942,0.0013689196202903986,0.7,0.0009319089585915208,0.0010817323345690966,0.004220097325742245
2,3,2281,2024-02-27,08071,0.0045183836,0.003999626729637384,0.665,0.0006430245703086257,0.003811437636613846,0.005863624159246683
2,3,2282,2024-02-27,08077,0.00773465,0.005914376582950354,0.815,0.0011339259799569845,0.0054358821362257,0.009309387765824795
2,3,2284,2024-02-27,08085,0.010496352,0.00882311724126339,0.845,0.0008786491816863418,0.008257150650024414,0.01124979741871357
2,3,2285,2024-02-27,08089,0.0024121162,0.0025212103500962257,0.27,0.00044893453014083207,0.0023814882151782513,0.0037406606134027243
2,3,2294,2024-02-27,13077,0.0019573034,0.0018546250648796558,0.675,0.00012553302804008126,0.001826074905693531,0.0022109290584921837
2,3,2297,2024-02-27,13119,0.0025844304,0.0025844452902674675,0.5,7.514927801821614e-06,0.0025671650655567646,0.002590334974229336
2,3,2298,2024-02-27,13135,0.0013447775,0.0013699422124773264,0.01,0.00011205072223674506,0.0013443311909213662,0.0017153517110273242
2,3,2308,2024-02-27,13297,0.002004287,0.0019161414820700884,0.7,0.00011044210259569809,0.0018882525619119406,0.0022472215350717306
2,3,2310,2024-02-27,16003,0.008815414,0.008936040103435516,0.335,0.0001993395562749356,0.008498994633555412,0.009186677634716034
2,3,2313,2024-02-27,16027,0.0024321887,0.002511498751118779,0.265,0.001205848646350205,0.0023118567187339067,0.006100114434957504
2,3,2321,2024-02-27,17003,0.0015602026,0.0014973237412050366,0.635,0.000117124269308988,0.0014251393731683493,0.001812446629628539
2,3,2322,2024-02-27,17031,0.0018041676,0.0020272117108106613,0.07,0.0007358004804700613,0.0017879013903439045,0.003994546364992857
2,3,2330,2024-02-27,17089,0.0018716261,0.0019984382670372725,0.1,0.0004590218304656446,0.0018460117280483246,0.003236980177462101
2,3,2336,2024-02-27,17179,0.0012932752,0.0014285016804933548,0.05,0.00033735865144990385,0.0012787699233740568,0.002331383526325226
2,3,2337,2024-02-27,17181,0.0017739054,0.0016403598710894585,0.73,0.0001213511495734565,0.0015624623047187924,0.0019301638239994645
2,3,2347,2024-02-27,18067,0.0045571816,0.004559388384222984,0.095,1.5939442164381035e-05,0.004554889164865017,0.00461704283952713
2,3,2348,2024-02-27,18069,0.0020451609,0.0019111670553684235,0.57,0.000494715350214392,0.001796201802790165,0.003333405824378133
2,3,2353,2024-02-27,18133,0.0024737308,0.002544915769249201,0.42,0.0004322292807046324,0.002403274178504944,0.0038658189587295055
2,3,2367,2024-02-27,21059,0.0025952938,0.0026539266109466553,0.21,0.0002870956377591938,0.0025892574340105057,0.003520463826134801
2,3,2370,2024-02-27,21069,0.0063183126,0.00628677336499095,0.985,6.561088230228052e-05,0.0061322166584432125,0.006319096777588129
2,3,2375,2024-02-27,21095,0.0057691005,0.005437880754470825,0.625,0.0006228521815501153,0.005263066850602627,0.007091920357197523
2,3,2378,2024-02-27,21105,0.0019246876,0.001975813414901495,0.27,0.00010803524492075667,0.001907828962430358,0.002244485542178154
2,3,2386,2024-02-27,21179,0.005367556,0.0053693316876888275,0.29,3.34594733431004e-05,0.005361879710108042,0.005490857642143965
2,3,2387,2024-02-27,21181,0.003873772,0.0039168456569314,0.075,0.00017442733224015683,0.0038704760372638702,0.004417370073497295
2,3,2394,2024-02-27,23009,0.016618459,0.010130421258509159,1.0,0.002229645848274231,0.009892070665955544,0.016605496406555176
2,3,2399,2024-02-27,25011,0.014277801,0.003949630074203014,0.93,0.0038571502082049847,0.0037696603685617447,0.01587754487991333
2,3,2410,2024-02-27,29017,0.001473118,0.0013134748442098498,0.815,9.598128963261843e-05,0.001265152357518673,0.0015647319378331304
2,3,2411,2024-02-27,29023,0.000827095,0.0007986567215994,0.62,5.5302985856542364e-05,0.0007693703519180417,0.0009403297444805503
2,3,2427,2024-02-27,30041,0.0013770806,0.00137645925860852,0.505,6.064264016458765e-05,0.0012696011690422893,0.0014645570190623403
2,3,2430,2024-02-27,30047,0.0031534338,0.003135057631880045,0.565,7.296882540686056e-05,0.002980529796332121,0.003201012499630451
2,3,2432,2024-02-27,30057,0.0018000022,0.0018579134484753013,0.055,3.575173104763962e-05,0.0017902844119817019,0.001911238650791347
2,3,2438,2024-02-27,30099,0.001356358,0.0012677647173404694,0.725,8.07501855888404e-05,0.001160503481514752,0.001395766157656908
2,3,2441,2024-02-27,32003,0.0044535985,0.004423214588314295,0.56,0.00031409593066200614,0.0036681885831058025,0.004840916022658348
2,3,2444,2024-02-27,32011,0.0015803385,0.0017302811611443758,0.305,0.0013628749875351787,0.0014393206220120192,0.0058338940143585205
2,3,2445,2024-02-27,32013,0.020957664,0.021317418664693832,0.31,0.0014718783786520362,0.02042439952492714,0.025492455810308456
2,3,2456,2024-02-27,35001,0.001841039,0.0018491013906896114,0.46,0.0004578634398058057,0.001733967917971313,0.003136257641017437
2,3,2467,2024-02-27,35035,0.0014833166,0.0014320712070912123,0.635,0.00012403432629071176,0.0013489560224115849,0.0017474202904850245
2,3,2468,2024-02-27,35037,0.0026999519,0.002716642338782549,0.26,0.00017229808145202696,0.0026699646841734648,0.003213134128600359
2,3,2472,2024-02-27,35049,0.002510923,0.0024958844296634197,0.525,0.000804842566139996,0.002193351974710822,0.0047501465305686
2,3,2473,2024-02-27,35053,0.0022986988,0.0022942847572267056,0.61,1.808453453122638e-05,0.002250008750706911,0.0023029239382594824
2,3,2480,2024-02-27,36011,0.013553102,0.011879144236445427,0.95,0.0005029148305766284,0.01179460994899273,0.013764211907982826
2,3,2484,2024-02-27,36031,0.010876137,0.03757501393556595,0.055,0.010430646128952503,0.010580942034721375,0.03956932574510574
2,3,2491,2024-02-27,36049,0.026127528,0.03446250036358833,0.305,0.005628320388495922,0.023142993450164795,0.0379536971449852
2,3,2497,2024-02-27,36081,0.0030393822,0.003291066037490964,0.09,0.0008684025960974395,0.0030203673522919416,0.0057421233505010605
2,3,2500,2024-02-27,36089,0.04263377,0.013437116518616676,0.97,0.011659515090286732,0.009741635993123055,0.043077100068330765
2,3,2505,2024-02-27,36111,0.0050530513,0.011594841256737709,0.09,0.0024551316164433956,0.00437427731230855,0.01179506629705429
2,3,2514,2024-02-27,39045,0.029744228,0.029683923348784447,0.975,0.00028623323305509984,0.02886468917131424,0.029747003689408302
2,3,2517,2024-02-27,39067,0.0032992489,0.003270516637712717,0.565,0.0006345309666357934,0.0032269577495753765,0.005380211863666773
2,3,2521,2024-02-27,39111,0.027288906,0.027465330436825752,0.33,0.0002973056398332119,0.0266254935413599,0.027520176023244858
2,3,2525,2024-02-27,39127,0.01445076,0.014503486454486847,0.14,6.60216755932197e-05,0.01441159937530756,0.01475439127534628
2,3,2528,2024-02-27,40003,0.0021089274,0.002144130878150463,0.185,0.000132741013658233,0.002093347953632474,0.0024762258399277925
2,3,2530,2024-02-27,40025,0.0034770148,0.0034911567345261574,0.405,0.00034241945832036436,0.003419677261263132,0.004498704802244902
2,3,2532,2024-02-27,40045,0.003373967,0.0033739455975592136,0.51,1.678708395047579e-05,0.0033352430909872055,0.00341484765522182
2,3,2535,2024-02-27,41001,0.0054709725,0.005588141269981861,0.375,0.0004452575230970979,0.005175661761313677,0.006688370369374752
2,3,2538,2024-02-27,42009,0.011975452,0.012306708842515945,0.36,0.0005096368258818984,0.010957974009215832,0.012482035905122757
2,3,2539,2024-02-27,42051,0.002694693,0.0025200035888701677,0.645,0.0004653234500437975,0.0024600105825811625,0.004009914584457874
2,3,2545,2024-02-27,45045,0.0006865217,0.000737852999009192,0.06,0.0002041700208792463,0.0006827291799709201,0.0013024352956563234
2,3,2548,2024-02-27,45063,0.0013046996,0.0013619008241221309,0.355,0.0002485854784026742,0.0012612276477739215,0.002041027881205082
2,3,2553,2024-02-27,45083,0.00073916913,0.0007353747496381402,0.515,0.00014812590961810201,0.0006856583058834076,0.0011614419054239988
2,3,2558,2024-02-27,46109,0.0017752937,0.0016717853723093867,0.7,0.00013706889876630157,0.001559903030283749,0.0020084057468920946
2,3,2567,2024-02-27,47167,0.001875515,0.0018763456027954817,0.495,9.152880375040695e-05,0.0018033591331914067,0.002103951293975115
2,3,2570,2024-02-27,48061,0.0012532312,0.0012853059452027082,0.105,5.3143765398999676e-05,0.0012516886927187443,0.0014058026717975736
2,3,2576,2024-02-27,48111,0.0041705295,0.003296860959380865,0.83,0.0004554450570140034,0.003169375704601407,0.004591669887304306
2,3,2585,2024-02-27,48211,0.01837733,0.01831776648759842,0.8,0.00023457768838852644,0.017721690237522125,0.018388789147138596
2,3,2588,2024-02-27,48279,0.0011875088,0.0011928887106478214,0.375,5.7299446780234575e-05,0.0011478769592940807,0.0013353880494832993
2,3,2593,2024-02-27,48359,0.002738937,0.0028153364546597004,0.29,0.00022949707636144012,0.0027233215514570475,0.003378569148480892
2,3,2597,2024-02-27,48421,0.0029340403,0.0029922998510301113,0.13,0.0004212506173644215,0.00289211911149323,0.004185671918094158
2,3,2598,2024-02-27,48437,0.0012891432,0.001294382382184267,0.395,8.384981629205868e-05,0.001274113659746945,0.0015111055690795183
2,3,2602,2024-02-27,49005,0.010249657,0.011174201965332031,0.105,0.0025860846508294344,0.009979412890970707,0.018359798938035965
2,3,2609,2024-02-27,49027,0.016248453,0.016539379954338074,0.25,0.0013417733134701848,0.016074927523732185,0.02044617012143135
2,3,2614,2024-02-27,49037,0.0022616251,0.0023494651541113853,0.335,0.000929660745896399,0.0020202212035655975,0.005010675173252821
2,3,2617,2024-02-27,49043,0.021495601,0.020020071417093277,0.84,0.0010091910371556878,0.019736064597964287,0.02352696843445301
2,3,2620,2024-02-27,49049,0.0062231002,0.00653807632625103,0.125,0.003682126756757498,0.005945141427218914,0.017276523634791374
2,3,2629,2024-02-27,50011,0.01908473,0.005819300189614296,0.91,0.005400634836405516,0.005327072460204363,0.023031767457723618
2,3,2632,2024-02-27,50017,0.015467549,0.01049690879881382,0.825,0.002638261765241623,0.01030072569847107,0.018692849203944206
2,3,2643,2024-02-27,54023,0.009476939,0.0039340355433523655,0.78,0.0035584617871791124,0.0032069552689790726,0.0146153774112463
2,3,2645,2024-02-27,54047,0.009382516,0.0102692861109972,0.31,0.0007877617026679218,0.0082686897367239,0.010470922105014324
2,3,2648,2024-02-27,54079,0.0031171779,0.0030985872726887465,0.635,4.6915894927224144e-05,0.003080724272876978,0.003237418830394745
2,3,2650,2024-02-27,54085,0.009824364,0.009783529676496983,0.735,5.375457476475276e-05,0.00977602694183588,0.009956533089280128
2,3,2657,2024-02-27,56025,0.0023024469,0.0023769650142639875,0.405,0.00024182435299735516,0.0022132692392915487,0.002945661311969161
2,4,6,2019-03-13,01047,0.0020245672,0.0020217974670231342,0.99,9.85988322099729e-07,0.0020215450786054134,0.002024581655859947
2,4,7,2019-03-13,01051,0.005786953,0.005812717601656914,0.04,9.678101378085557e-06,0.005785972345620394,0.005816594231873751
2,4,11,2019-03-13,01079,0.00083227974,0.0007217987440526485,0.815,7.216431549750268e-05,0.0007037748582661152,0.0009318538359366357
2,4,20,2019-03-13,05031,0.009555536,0.009590936824679375,0.37,0.00016276298265438527,0.009534670040011406,0.010050431825220585
2,4,21,2019-03-13,05073,0.005865346,0.0056547741405665874,0.945,8.591776713728905e-05,0.005603390280157328,0.005874200724065304
2,4,29,2019-03-13,08073,0.01760669,0.01658542826771736,0.8,0.0005908975144848228,0.016407037153840065,0.018117325380444527
2,4,32,2019-03-13,13115,0.0011810657,0.0011783489026129246,0.62,7.303426627913723e-06,0.0011752297868952155,0.001199095044285059
2,4,36,2019-03-13,17047,0.007835192,0.007895920425653458,0.125,0.0003106964868493378,0.007829215377569199,0.008809293620288372
2,4,37,2019-03-13,17055,0.005137724,0.005148577503859997,0.4,0.00012725801207125187,0.005124601069837809,0.005510583054274321
2,4,42,2019-03-13,17077,0.005500664,0.005441443063318729,0.67,0.00013783863687422127,0.005417312029749155,0.005867903586477041
2,4,48,2019-03-13,17153,0.010357988,0.010438073426485062,0.335,0.0005046639707870781,0.010310021229088306,0.01184631697833538
2,4,63,2019-03-13,18083,0.009020315,0.0091551523655653,0.33,0.00047100704978220165,0.008931136690080166,0.010384243912994862
2,4,69,2019-03-13,18127,0.004004371,0.0038757682777941227,0.575,0.0005656780558638275,0.0034712795168161392,0.005205701105296612
2,4,70,2019-03-13,18129,0.0110395225,0.01104535162448883,0.48,0.0001699858548818156,0.010986175388097763,0.011522595770657063
2,4,71,2019-03-13,18137,0.0115405535,0.008437933400273323,0.91,0.0013127587735652924,0.007807605434209108,0.012035280466079712
2,4,78,2019-03-13,18175,0.011317328,0.010780733078718185,0.62,0.0012868870981037617,0.010174578055739403,0.014171366579830647
2,4,84,2019-03-13,20083,0.006861826,0.007192929275333881,0.385,0.0014806714607402682,0.006654819007962942,0.011194741353392601
2,4,85,2019-03-13,20109,0.016961273,0.0166168250143528,0.57,0.0022975176107138395,0.016102852299809456,0.02284935861825943
2,4,87,2019-03-13,20137,0.011083299,0.011150768958032131,0.485,0.003655156120657921,0.00986431259661913,0.02006036601960659
2,4,96,2019-03-13,21023,0.010534821,0.010575707070529461,0.35,0.00013480643974617124,0.010509023442864418,0.010938434861600399
2,4,97,2019-03-13,21033,0.008002653,0.008111199364066124,0.34,0.00039170728996396065,0.007955656386911869,0.009142915718257427
2,4,102,2019-03-13,21055,0.010723556,0.010684565640985966,0.535,0.00041790877003222704,0.010558984242379665,0.011822696775197983
2,4,110,2019-03-13,21101,0.015845886,0.01586753875017166,0.45,0.00014182883023750037,0.015806324779987335,0.01622663252055645
2,4,113,2019-03-13,21139,0.011328401,0.011455385014414787,0.435,0.000598446000367403,0.011102682910859585,0.012930614873766899
2,4,117,2019-03-13,21149,0.007666637,0.007986261509358883,0.165,0.0007480456260964274,0.007634701672941446,0.009935294277966022
2,4,123,2019-03-13,21211,0.004963745,0.004870793782174587,0.625,0.00024754248443059623,0.004310468211770058,0.005009811371564865
2,4,131,2019-03-13,22017,0.0055026137,0.005334160756319761,0.91,6.884638423798606e-05,0.005305754952132702,0.005532619543373585
2,4,136,2019-03-13,26049,0.002897299,0.0028567544650286436,0.61,0.00021083230967633426,0.00277921580709517,0.003388474928215146
2,4,141,2019-03-13,26159,0.004833645,0.0032919272780418396,0.87,0.0007785966736264527,0.002827935153618455,0.005239080637693405
2,4,142,2019-03-13,28011,0.0061157104,0.006199046969413757,0.435,0.0005315861781127751,0.0059854453429579735,0.0075694541446864605
2,4,152,2019-03-13,29031,0.0075502093,0.0075867255218327045,0.215,0.0001779502781573683,0.00754389725625515,0.008132287301123142
2,4,154,2019-03-13,29143,0.013467029,0.013566628098487854,0.27,0.00038421046338044107,0.013431197963654995,0.01464808639138937
2,4,159,2019-03-13,32007,0.00026243803,0.00026435795007273555,0.02,2.442568757032859e-06,0.00026228869683109224,0.00026969469035975635
2,4,168,2019-03-13,35051,0.0085705705,0.009721704758703709,0.035,0.0007085887482389808,0.00850781798362732,0.011016281321644783
2,4,172,2019-03-13,39025,0.0045895283,0.0043975915759801865,0.81,0.0002928402100224048,0.0037708666641265154,0.004621482454240322
2,4,175,2019-03-13,39031,0.006390995,0.006422904320061207,0.455,0.00027699617203325033,0.006241581868380308,0.007066674064844847
2,4,179,2019-03-13,39059,0.007823192,0.008067033253610134,0.425,0.0009660294163040817,0.007347135338932276,0.010240741074085236
2,4,185,2019-03-13,39097,0.017100593,0.016837887465953827,0.835,0.00016767792112659663,0.016700832173228264,0.01720230095088482
2,4,195,2019-03-13,40013,0.0042538866,0.004185185302048922,0.615,0.00019749670173041523,0.004123528487980366,0.004738355055451393
2,4,198,2019-03-13,40027,0.007859227,0.007938346825540066,0.13,0.0002456017246004194,0.007845938205718994,0.008621126413345337
2,4,200,2019-03-13,40039,0.011541186,0.012151825241744518,0.14,0.00281209172680974,0.01126715075224638,0.019968055188655853
2,4,203,2019-03-13,40047,0.00852152,0.009089658968150616,0.19,0.0019689968321472406,0.008394958451390266,0.01474427618086338
2,4,205,2019-03-13,40057,0.012670072,0.013267392292618752,0.2,0.0026167130563408136,0.012276259250938892,0.02002289518713951
2,4,217,2019-03-13,40151,0.008371584,0.008914414793252945,0.095,0.002270891796797514,0.008261105045676231,0.015989722684025764
2,4,224,2019-03-13,47165,0.0017592094,0.001815474359318614,0.23,0.00024059436691459268,0.0017455568304285407,0.0024681477807462215
2,4,227,2019-03-13,48011,0.032493737,0.03158116340637207,0.9,0.0022832315880805254,0.026400260627269745,0.03286610543727875
2,4,228,2019-03-13,48017,0.017369336,0.018286272883415222,0.185,0.004367867950350046,0.01680533029139042,0.0292065367102623
2,4,229,2019-03-13,48045,0.01780645,0.0182304959744215,0.36,0.0044486490078270435,0.016654305160045624,0.030355608090758324
2,4,232,2019-03-13,48069,0.041086443,0.03660476952791214,0.82,0.0028136270120739937,0.03520619496703148,0.044095978140830994
2,4,239,2019-03-13,48103,0.039388195,0.039352938532829285,0.915,0.00010631225450197235,0.03909210115671158,0.039402034133672714
2,4,240,2019-03-13,48107,0.008337121,0.009493645280599594,0.025,0.0033597361762076616,0.008261329494416714,0.018509874120354652
2,4,251,2019-03-13,48141,0.008686023,0.00886005163192749,0.375,0.00042324638343416154,0.008054263889789581,0.009623809717595577
2,4,252,2019-03-13,48147,0.004590284,0.004535154439508915,0.685,8.599259308539331e-05,0.00450091389939189,0.004767212085425854
2,4,253,2019-03-13,48153,0.017460244,0.01942487247288227,0.275,0.0044789682142436504,0.016384614631533623,0.0296656284481287
2,4,254,2019-03-13,48165,0.02639014,0.010923320427536964,0.87,0.00681707076728344,0.009721527807414532,0.029843922704458237
2,4,260,2019-03-13,48189,0.023997601,0.01652093231678009,0.85,0.0038348042871803045,0.01494416780769825,0.026693562045693398
2,4,267,2019-03-13,48217,0.0077192127,0.007603674195706844,0.545,0.0005429189186543226,0.007335726171731949,0.008971603587269783
2,4,268,2019-03-13,48219,0.014635395,0.012014045380055904,0.675,0.0030292843002825975,0.010497832670807838,0.019369827583432198
2,4,271,2019-03-13,48229,0.008725162,0.00972804892808199,0.0,0.000551762233953923,0.00874584075063467,0.010925878770649433
2,4,285,2019-03-13,48329,0.0074866475,0.00801064819097519,0.04,0.001988642616197467,0.007355482317507267,0.013312175869941711
2,4,288,2019-03-13,48341,0.12692645,0.1255035102367401,0.865,0.0030864374712109566,0.11803624778985977,0.1274745762348175
2,4,308,2019-03-13,48423,0.0038564801,0.00380546972155571,0.81,3.0443254217971116e-05,0.003796594450250268,0.0038929705042392015
2,4,311,2019-03-13,48439,0.0018774603,0.0019373793620616198,0.14,0.0002857547369785607,0.0018721729284152389,0.0028312469366937876
2,4,312,2019-03-13,48445,0.030755002,0.01592257432639599,0.9,0.006074138917028904,0.014318716712296009,0.032291900366544724
2,4,325,2021-03-26,01025,0.0026188449,0.002606574445962906,1.0,5.149061962583801e-06,0.002598290331661701,0.0026185475289821625
2,4,340,2021-03-26,01095,0.0054526236,0.00545571930706501,0.37,1.2204790436953772e-05,0.005450744181871414,0.0054832082241773605
2,4,344,2021-03-26,01123,0.0021737136,0.0021297046914696693,0.86,2.709973523451481e-05,0.002101381542161107,0.0021835656370967627
2,4,351,2021-03-26,05043,0.0043447185,0.004343545529991388,0.87,7.84920075602713e-07,0.004342241678386927,0.0043459138832986355
2,4,353,2021-03-26,05073,0.0020703864,0.0020729457028210163,0.22,1.819201543185045e-06,0.002068525180220604,0.002075070748105645
2,4,354,2021-03-26,05079,0.01803516,0.018035199493169785,0.405,1.914090148602554e-07,0.018034812062978745,0.01803550310432911
2,4,358,2021-03-26,05107,0.0052960967,0.005298759322613478,0.29,3.2801565339468652e-06,0.0052938940934836864,0.0053038387559354305
2,4,363,2021-03-26,08043,0.0004463888,0.0004295178223401308,0.725,1.3316450349520892e-05,0.0004257445689290762,0.00046387032489292324
2,4,370,2021-03-26,12119,0.002210081,0.0021868539042770863,0.77,1.7641457816353068e-05,0.0021779618691653013,0.0022362114395946264
2,4,376,2021-03-26,13113,0.0015673621,0.0015497514978051186,0.72,1.999028245336376e-05,0.001529141329228878,0.0015893018571659923
2,4,377,2021-03-26,13115,0.008290203,0.008289359509944916,0.63,2.125247874573688e-06,0.008285167627036572,0.008292164653539658
2,4,382,2021-03-26,13153,0.0018677982,0.001794561743736267,0.835,3.9355338230961934e-05,0.001779560698196292,0.001911186845973134
2,4,385,2021-03-26,13223,0.0017341751,0.0017316705780103803,0.63,6.600938377232524e-06,0.0017248629592359066,0.001744600827805698
2,4,391,2021-03-26,13311,0.0031872608,0.003169978503137827,0.71,1.7576578102307394e-05,0.003163950052112341,0.0032172028440982103
2,4,396,2021-03-26,16011,0.006844571,0.006874226965010166,0.14,1.9015351426787674e-05,0.006834414787590504,0.006891648750752211
2,4,404,2021-03-26,16033,0.000944367,0.0009550828253850341,0.42,3.589819971239194e-05,0.0009338613017462194,0.0010429726680740714
2,4,413,2021-03-26,16055,0.019136548,0.01909124292433262,0.515,0.0011499422835186124,0.016020575538277626,0.019539684057235718
2,4,415,2021-03-26,16061,0.0021119039,0.0024811422917991877,0.205,0.0004573992337100208,0.002032256918027997,0.0033871044870465994
2,4,420,2021-03-26,16073,0.0025476185,0.0025900816544890404,0.245,3.2057992939371616e-05,0.0025103481020778418,0.002605417277663946
2,4,423,2021-03-26,16083,0.005832972,0.005836689844727516,0.465,5.711457197321579e-05,0.00570529792457819,0.005879848264157772
2,4,427,2021-03-26,17023,0.00427531,0.004275874234735966,0.46,3.3931646612472832e-06,0.004269461613148451,0.0042818086221814156
2,4,428,2021-03-26,17047,0.0031018632,0.003102679271250963,0.06,4.122000063944142e-06,0.0031016028951853514,0.0031143988016992807
2,4,429,2021-03-26,17055,0.004838019,0.004841684363782406,0.315,5.470334144774824e-06,0.004833600949496031,0.00485025392845273
2,4,433,2021-03-26,17077,0.0023613547,0.002363609615713358,0.305,5.660719125444302e-06,0.002356818178668618,0.002376226708292961
2,4,436,2021-03-26,17121,0.002976089,0.002974466886371374,0.605,3.911470230377745e-06,0.0029708771035075188,0.0029826562386006117
2,4,439,2021-03-26,17153,0.002044538,0.0020448670256882906,0.455,2.383394757998758e-06,0.0020396874751895666,0.002052891068160534
2,4,448,2021-03-26,18029,0.0025867024,0.0025765541940927505,0.735,1.1380531759641599e-05,0.0025688514579087496,0.002606563735753298
2,4,458,2021-03-26,18081,0.0042376486,0.004245993681252003,0.25,1.251002413482638e-05,0.004232726525515318,0.004270636476576328
2,4,463,2021-03-26,18119,0.008017925,0.008021682500839233,0.205,3.74606952391332e-06,0.008016553707420826,0.008027640171349049
2,4,465,2021-03-26,18129,0.007938562,0.007938754744827747,0.47,2.5271574486396275e-06,0.007936151698231697,0.007943558506667614
2,4,466,2021-03-26,18137,0.0033211266,0.0032802908681333065,0.91,1.904458440549206e-05,0.0032646844629198313,0.0033235931769013405
2,4,476,2021-03-26,20055,0.0009899823,0.0009658560156822205,0.755,2.5094792363233864e-05,0.0009337219526059926,0.0010212681954726577
2,4,482,2021-03-26,20109,0.0011053977,0.0011176492553204298,0.21,2.2906146114110015e-05,0.0010935977334156632,0.0011741226771846414
2,4,483,2021-03-26,20123,0.0022220942,0.0022046281956136227,0.745,2.3020040316623636e-05,0.002167742932215333,0.0022591743618249893
2,4,484,2021-03-26,20137,0.0012348422,0.0012286087730899453,0.525,8.262832852778956e-05,0.001190454582683742,0.001425687805749476
2,4,486,2021-03-26,20147,0.003136454,0.0031327002216130495,0.56,2.3719529053778388e-05,0.003080942900851369,0.0031495701987296343
2,4,497,2021-03-26,21033,0.0024069077,0.0024084439501166344,0.185,3.7069664813316194e-06,0.0024044711608439684,0.002417584415525198
2,4,501,2021-03-26,21055,0.0023954038,0.0023961341939866543,0.39,4.144081685808487e-06,0.002391707617789507,0.002406842540949583
2,4,507,2021-03-26,21101,0.0027050993,0.002706530038267374,0.465,8.314452315971721e-06,0.0026965737342834473,0.002721723634749651
2,4,511,2021-03-26,21139,0.0021668344,0.0021666274406015873,0.525,2.43049589698785e-06,0.002164322417229414,0.0021724626421928406
2,4,514,2021-03-26,21149,0.0026832789,0.0026883832179009914,0.14,9.094880624616053e-06,0.002681142883375287,0.002707994543015957
2,4,523,2021-03-26,22017,0.0021664721,0.0021640376653522253,0.805,1.6140666048158891e-06,0.0021623687352985144,0.0021676381584256887
2,4,526,2021-03-26,23007,0.031465046,0.031863920390605927,0.075,0.000358453718945384,0.031340308487415314,0.03265541419386864
2,4,534,2021-03-26,24027,0.00089050876,0.000892643874976784,0.205,1.1432111932663247e-05,0.0008867181604728103,0.0009261593222618103
2,4,538,2021-03-26,24043,0.0026256687,0.002630554838106036,0.345,1.6037300156312995e-05,0.002611014526337385,0.00267199007794261
2,4,540,2021-03-26,25003,0.007188413,0.0059805139899253845,0.93,0.0004964097170159221,0.005727534182369709,0.007247562520205975
2,4,546,2021-03-26,25017,0.0043990714,0.0032779122702777386,0.775,0.0006765135331079364,0.0029919485095888376,0.0049163177609443665
2,4,549,2021-03-26,25027,0.006196007,0.005374320782721043,0.95,0.0002934049116447568,0.005304901860654354,0.006218212656676769
2,4,551,2021-03-26,28011,0.0077359914,0.007736180908977985,0.41,1.404400791216176e-06,0.007734963670372963,0.007739708758890629
2,4,555,2021-03-26,28031,0.0017547222,0.0017465134151279926,0.945,3.243031869715196e-06,0.0017456983914598823,0.001754972618073225
2,4,556,2021-03-26,28067,0.0017105095,0.001706293085590005,0.985,1.6732997210056055e-06,0.0017053529154509306,0.0017105980077758431
2,4,566,2021-03-26,29031,0.0017347652,0.0017361240461468697,0.28,2.6391755909571657e-06,0.0017298272578045726,0.0017423960380256176
2,4,569,2021-03-26,29143,0.008570902,0.008569449186325073,0.695,1.7604170352569781e-06,0.00856733974069357,0.008573398925364017
2,4,572,2021-03-26,30003,0.004532579,0.0046257562935352325,0.47,0.0011861189268529415,0.0038894566241651773,0.007436392828822136
2,4,575,2021-03-26,30017,0.006150509,0.006169511005282402,0.5,0.0007430908735841513,0.005793394520878792,0.008096304722130299
2,4,576,2021-03-26,30019,0.007899274,0.00798884592950344,0.245,0.00034984355443157256,0.007772147189825773,0.008834323845803738
2,4,582,2021-03-26,30039,0.010148029,0.009109346196055412,0.62,0.0024533902760595083,0.00788807962089777,0.01651371642947197
2,4,593,2021-03-26,30079,0.018490475,0.01853267103433609,0.485,0.00044356269063428044,0.018157176673412323,0.019463282078504562
2,4,604,2021-03-26,30105,0.007447457,0.0071119628846645355,0.635,0.0007195558864623308,0.00671952310949564,0.008937489241361618
2,4,605,2021-03-26,30107,0.006802183,0.007268043234944344,0.445,0.0021711166482418776,0.006161794066429138,0.012525632977485657
2,4,608,2021-03-26,32007,0.00059246976,0.0005943083669990301,0.48,4.575997809297405e-05,0.0005621743621304631,0.0007064007804729044
2,4,611,2021-03-26,33003,0.017795747,0.01929387077689171,0.04,0.0006413556402549148,0.01778421923518181,0.019693180918693542
2,4,617,2021-03-26,34019,0.009067042,0.008993608877062798,0.92,0.0001341034221695736,0.008635897189378738,0.009089303202927113
2,4,621,2021-03-26,34029,0.0031610646,0.0029456247575581074,0.94,9.146378579316661e-05,0.0028901263140141964,0.003170459996908903
2,4,626,2021-03-26,36009,0.01619355,0.01610267162322998,0.605,0.00032398238545283675,0.015543765388429165,0.016862498596310616
2,4,631,2021-03-26,36037,0.015346362,0.015373220667243004,0.05,1.218237684952328e-05,0.015345633961260319,0.015381669625639915
2,4,635,2021-03-26,36055,0.004689978,0.004679274745285511,0.515,0.00014988734619691968,0.004595398902893066,0.005062595475465059
2,4,646,2021-03-26,36103,0.003428756,0.0034190360456705093,0.51,0.00016651421901769936,0.0033282889053225517,0.0038143545389175415
2,4,650,2021-03-26,37023,0.0024963918,0.0024875837843865156,0.65,1.1471734978840686e-05,0.002481168368831277,0.002515607513487339
2,4,653,2021-03-26,37059,0.0014290051,0.0014156184624880552,0.695,1.851446540968027e-05,0.0013971298467367887,0.0014547770842909813
2,4,655,2021-03-26,37107,0.0036569166,0.0034413591492921114,0.72,0.000233044644119218,0.00323353405110538,0.00397883728146553
2,4,667,2021-03-26,39025,0.0026154309,0.002618799451738596,0.19,9.808290087676141e-06,0.002613899763673544,0.00264292792417109
2,4,670,2021-03-26,39031,0.005492252,0.005494341254234314,0.43,1.1019405974366236e-05,0.005478105507791042,0.00551404245197773
2,4,671,2021-03-26,39033,0.010398494,0.010439730249345303,0.065,9.532200783723965e-05,0.010377975180745125,0.010675028897821903
2,4,680,2021-03-26,39065,0.01158571,0.011594073846936226,0.175,2.0302668417571113e-05,0.01157440710812807,0.01164013147354126
2,4,689,2021-03-26,39097,0.004857834,0.004817715846002102,0.795,2.7616821171250194e-05,0.004782434087246656,0.004877748433500528
2,4,691,2021-03-26,39101,0.009153609,0.009174334816634655,0.175,6.254463369259611e-05,0.009122147224843502,0.00932509545236826
2,4,692,2021-03-26,39107,0.00751083,0.007542812265455723,0.225,4.4347270886646584e-05,0.0074988193809986115,0.007626192644238472
2,4,702,2021-03-26,39155,0.0087447455,0.008639104664325714,0.72,0.00013127834245096892,0.008377209305763245,0.00888541154563427
2,4,706,2021-03-26,39169,0.018771475,0.01877894066274166,0.44,3.677207132568583e-05,0.018701566383242607,0.0188461821526289
2,4,708,2021-03-26,41013,0.004466784,0.0043739560060203075,0.54,0.0005051319603808224,0.0039597987197339535,0.005492649041116238
2,4,711,2021-03-26,41023,0.0022319765,0.0019268752075731754,0.865,0.0001733302924549207,0.0017777736065909266,0.0023027039133012295
2,4,717,2021-03-26,41059,0.00576764,0.005623617209494114,0.65,0.0002670908288564533,0.005252054892480373,0.006117618642747402
2,4,725,2021-03-26,42045,0.0016335736,0.0016348154749721289,0.385,2.8408399884938262e-05,0.0016263857251033187,0.001718462212011218
2,4,728,2021-03-26,42065,0.008326128,0.008310708217322826,0.78,3.397824184503406e-05,0.008223162032663822,0.008344785310328007
2,4,736,2021-03-26,42129,0.004931058,0.005094722378998995,0.185,0.0001422653440386057,0.004841356538236141,0.005395843181759119
2,4,740,2021-03-26,45003,0.0016877695,0.0015756171196699142,0.905,4.891321441391483e-05,0.0015458971029147506,0.001705010305158794
2,4,744,2021-03-26,45047,0.0027206752,0.0027260547503829002,0.17,3.300021944596665e-06,0.0027176770381629467,0.0027279830537736416
2,4,752,2021-03-26,46013,0.002212665,0.0021539069712162018,0.635,9.222338849212974e-05,0.002117288066074252,0.0024094637483358383
2,4,755,2021-03-26,46021,0.0070758522,0.0071029141545295715,0.45,0.00026171476929448545,0.006870708428323269,0.007747328840196133
2,4,759,2021-03-26,46033,0.0029514674,0.0029427548870444298,0.635,1.9393502952880226e-05,0.0029357317835092545,0.002990329870954156
2,4,761,2021-03-26,46039,0.0014339425,0.0014546052552759647,0.055,7.705706229899079e-05,0.0014275292633101344,0.0016746735200285912
2,4,765,2021-03-26,46049,0.003012963,0.0030323192477226257,0.47,0.0001336582936346531,0.002973308088257909,0.0033797428477555513
2,4,769,2021-03-26,46059,0.002263709,0.0022918512113392353,0.29,9.296870848629624e-05,0.0022511344868689775,0.002551073208451271
2,4,775,2021-03-26,46081,0.005507574,0.004306855145841837,0.855,0.0005651807296089828,0.004110322799533606,0.005870975088328123
2,4,787,2021-03-26,46117,0.0035189064,0.0033719243947416544,0.715,0.00011755837476812303,0.0033181451726704836,0.0036533870734274387
2,4,797,2021-03-26,47025,0.00622166,0.006225950084626675,0.435,2.985230094054714e-05,0.006214869674295187,0.006300705950707197
2,4,801,2021-03-26,47073,0.0049476037,0.004947317764163017,0.53,1.4449882428380079e-06,0.004945867229253054,0.004950446542352438
2,4,802,2021-03-26,47077,0.004989156,0.0049890694208443165,0.59,3.3877367400236835e-07,0.004988356027752161,0.004989531356841326
2,4,805,2021-03-26,47101,0.0047683534,0.0047656637616455555,0.685,4.876739694736898e-06,0.004763932898640633,0.004777911119163036
2,4,814,2021-03-26,48073,0.010257057,0.010256651788949966,0.91,2.2364810092767584e-07,0.010256408713757992,0.010257406160235405
2,4,819,2021-03-26,49019,0.00078510836,0.0007655106019228697,0.56,8.330587297677994e-05,0.0007028315449133515,0.0009292912436649203
2,4,828,2021-03-26,51191,0.0036300751,0.0036400696262717247,0.43,3.3063031878555194e-05,0.0036107490304857492,0.003706473857164383
2,4,830,2021-03-26,53001,0.006922739,0.0071371933445334435,0.01,0.0001976771018235013,0.0069204214960336685,0.007534755393862724
2,4,836,2021-03-26,53043,0.0025826544,0.002657483099028468,0.015,9.238729398930445e-05,0.0025808459613472223,0.002852659672498703
2,4,839,2021-03-26,53075,0.004264303,0.004504702519625425,0.04,0.0002760831266641617,0.004250683821737766,0.005103853531181812
2,4,841,2021-03-26,54011,0.004664248,0.004665781743824482,0.28,2.3470850010198774e-06,0.004658964462578297,0.004669276066124439
2,4,852,2021-03-26,56011,0.0032928297,0.0028087354730814695,0.795,0.0003298319934401661,0.0026328142266720533,0.0036140053998678923
2,4,854,2021-03-26,56017,0.0010559605,0.001065082149580121,0.48,0.00014631127123720944,0.0009888121858239174,0.001438129460439086
2,4,857,2021-03-26,56023,0.0013960319,0.001483285566791892,0.015,0.00020345054508652538,0.0013926448300480843,0.0019858134910464287
2,4,866,2021-12-11,01077,0.013188626,0.013207627460360527,0.36,3.764462235267274e-05,0.013103709556162357,0.013222512789070606
2,4,872,2021-12-11,04009,0.0015815421,0.0015817682724446058,0.49,3.088582889176905e-05,0.0015674458118155599,0.0016728044720366597
2,4,878,2021-12-11,04025,0.003315085,0.0035241474397480488,0.01,0.00016169052105396986,0.0033112314995378256,0.003917334135621786
2,4,881,2021-12-11,05031,0.027041487,0.027033045887947083,0.575,0.0001302035670960322,0.026696836575865746,0.027069993317127228
2,4,886,2021-12-11,05067,0.03810533,0.03810052573680878,0.79,2.1150990505702794e-05,0.038047969341278076,0.0381067730486393
2,4,888,2021-12-11,05079,0.017470567,0.017479417845606804,0.16,4.838285803998588e-06,0.01746819168329239,0.01748226024210453
2,4,890,2021-12-11,05083,0.0015951858,0.0015970633830875158,0.495,9.786667214939371e-05,0.0015541781904175878,0.0018462608568370342
2,4,897,2021-12-11,06005,0.03570916,0.03569847345352173,0.555,0.0002062612329609692,0.03568284213542938,0.036405012011528015
2,4,911,2021-12-11,06047,0.0026978382,0.0027058450505137444,0.26,0.00015748916484881192,0.0026957185473293066,0.003195519093424082
2,4,915,2021-12-11,06061,0.010957459,0.011082638055086136,0.085,0.0006612562574446201,0.01093332190066576,0.013358255848288536
2,4,922,2021-12-11,06085,0.002501738,0.0025310786440968513,0.355,0.0005116335232742131,0.002487706486135721,0.0040174005553126335
2,4,925,2021-12-11,06093,0.030715872,0.031083110719919205,0.16,0.0001958334178198129,0.030552206560969353,0.031221382319927216
2,4,927,2021-12-11,06097,0.003453945,0.003466756548732519,0.465,0.000391484412830323,0.0034300254192203283,0.004641493316739798
2,4,932,2021-12-11,06109,0.014354558,0.013574797660112381,0.715,0.0015010524075478315,0.01330677792429924,0.018034620210528374
2,4,940,2021-12-11,08014,0.0056524477,0.0060715689323842525,0.24,0.0006601454806514084,0.0054601277224719524,0.007580887991935015
2,4,948,2021-12-11,08035,0.0052348766,0.004909045062959194,0.635,0.0007344113546423614,0.004548252560198307,0.006902968976646662
2,4,951,2021-12-11,08043,0.012746401,0.012826533988118172,0.22,9.530624811304733e-05,0.01259691920131445,0.012950665317475796
2,4,953,2021-12-11,08047,0.00829621,0.008157426491379738,0.805,9.233685705112293e-05,0.008039845153689384,0.008349783718585968
2,4,957,2021-12-11,08067,0.008109148,0.008377732709050179,0.09,0.0002497016394045204,0.008048961870372295,0.009074513800442219
2,4,959,2021-12-11,08073,0.0128430575,0.006691087037324905,0.84,0.003198975697159767,0.005328665021806955,0.014968618750572205
2,4,960,2021-12-11,08075,0.009227806,0.009315626695752144,0.25,5.921007686993107e-05,0.009210635907948017,0.009374338202178478
2,4,962,2021-12-11,08079,0.024070144,0.025593582540750504,0.29,0.002152262022718787,0.022165462374687195,0.03013985976576805
2,4,980,2021-12-11,16011,0.005077588,0.005085411015897989,0.035,7.875288247305434e-06,0.005076906178146601,0.0051034316420555115
2,4,992,2021-12-11,17029,0.01943885,0.019366435706615448,0.81,0.00013689599290955812,0.0190661009401083,0.019457032904028893
2,4,994,2021-12-11,17043,0.008792738,0.012338677421212196,0.025,0.012356462888419628,0.00874384120106697,0.04291210696101189
2,4,996,2021-12-11,17049,0.002297909,0.002300023101270199,0.5,0.00018269417341798544,0.00221706903539598,0.002789517631754279
2,4,1001,2021-12-11,17071,0.090275206,0.08903513103723526,0.625,0.002918804297223687,0.08408330380916595,0.09199327230453491
2,4,1003,2021-12-11,17077,0.0042308928,0.0042090038768947124,0.665,3.067294892389327e-05,0.004191990476101637,0.004287347197532654
2,4,1008,2021-12-11,17097,0.015511326,0.020312074571847916,0.27,0.0175066739320755,0.013729911297559738,0.06137380748987198
2,4,1012,2021-12-11,17105,0.008177152,0.0094490647315979,0.215,0.007875360548496246,0.00799336563795805,0.031025033444166183
2,4,1023,2021-12-11,17149,0.0043169945,0.005096197593957186,0.225,0.0045508407056331635,0.004150397144258022,0.01832134835422039
2,4,1032,2021-12-11,17201,0.012451649,0.024535397067666054,0.06,0.015903335064649582,0.012194224633276463,0.05445971339941025
2,4,1037,2021-12-11,18015,0.009185788,0.009185323491692543,0.505,0.000568067713174969,0.00911734625697136,0.011041371151804924
2,4,1038,2021-12-11,18017,0.012375153,0.013511640951037407,0.14,0.002315266290679574,0.012227006256580353,0.01935447007417679
2,4,1042,2021-12-11,18029,0.0076252413,0.007354378700256348,0.68,0.000516027444973588,0.007145232520997524,0.008710101246833801
2,4,1043,2021-12-11,18033,0.014185416,0.01387935969978571,0.52,0.004426290281116962,0.012317044660449028,0.024956585839390755
2,4,1051,2021-12-11,18073,0.010055032,0.010652115568518639,0.24,0.0018454673700034618,0.009938268922269344,0.015302847139537334
2,4,1053,2021-12-11,18081,0.008150091,0.008240985684096813,0.345,0.0006395205855369568,0.008078199811279774,0.010047956369817257
2,4,1054,2021-12-11,18083,0.0049199434,0.004937672987580299,0.4,0.0002897368685808033,0.004886750131845474,0.005822646897286177
2,4,1065,2021-12-11,18119,0.018103449,0.018500208854675293,0.26,0.0002887160226237029,0.017800457775592804,0.018619203940033913
2,4,1067,2021-12-11,18127,0.013431975,0.013184910640120506,0.63,0.0013917501782998443,0.013139326125383377,0.01765446737408638
2,4,1070,2021-12-11,18137,0.005718817,0.0049306973814964294,0.905,0.0003209339047316462,0.004838093649595976,0.005844088736921549
2,4,1078,2021-12-11,18179,0.012813836,0.013475319370627403,0.09,0.0022297066170722246,0.012629948556423187,0.01935107633471489
2,4,1080,2021-12-11,18183,0.014250421,0.014043186791241169,0.535,0.0032061657402664423,0.01312157604843378,0.023422345519065857
2,4,1081,2021-12-11,19001,0.027064126,0.03566494584083557,0.03,0.012879014015197754,0.02697954699397087,0.06378771364688873
2,4,1087,2021-12-11,19013,0.02328707,0.029404841363430023,0.26,0.013698440045118332,0.02194342575967312,0.058361299335956573
2,4,1091,2021-12-11,19021,0.017153077,0.018382016569375992,0.115,0.009624919854104519,0.01685391739010811,0.04349140077829361
2,4,1092,2021-12-11,19023,0.056203395,0.056353792548179626,0.19,0.0027511415537446737,0.05607527121901512,0.0650215670466423
2,4,1098,2021-12-11,19035,0.012826464,0.014934110455214977,0.14,0.007734415587037802,0.012420247308909893,0.03428909555077553
2,4,1103,2021-12-11,19045,0.017513392,0.022924214601516724,0.175,0.012703008018434048,0.016657870262861252,0.05341675877571106
2,4,1109,2021-12-11,19057,0.01220686,0.017237883061170578,0.265,0.013527088798582554,0.010092813521623611,0.048722848296165466
2,4,1118,2021-12-11,19077,0.06846969,0.060134612023830414,0.94,0.009397012181580067,0.04383186250925064,0.06886770576238632
2,4,1120,2021-12-11,19081,0.01564279,0.01564791053533554,0.495,0.01071822177618742,0.01493811048567295,0.045253243297338486
2,4,1123,2021-12-11,19089,0.17038956,0.16778028011322021,0.695,0.012680836021900177,0.13760675489902496,0.17135128378868103
2,4,1124,2021-12-11,19091,0.032595493,0.03456820547580719,0.28,0.001869344268925488,0.029683152213692665,0.03566759452223778
2,4,1126,2021-12-11,19097,0.019438501,0.027678467333316803,0.02,0.012752614915370941,0.019287660717964172,0.05530187487602234
2,4,1129,2021-12-11,19103,0.014967138,0.020749367773532867,0.155,0.014394072815775871,0.014533933252096176,0.054075997322797775
2,4,1131,2021-12-11,19109,0.028666008,0.02163345366716385,0.635,0.01257812138646841,0.018789000809192657,0.05214524269104004
2,4,1132,2021-12-11,19111,0.017116474,0.018610754981637,0.445,0.012905117124319077,0.010407933034002781,0.047080058604478836
2,4,1146,2021-12-11,19141,0.016852368,0.016854288056492805,0.495,0.0006633118027821183,0.01541962381452322,0.018139131367206573
2,4,1151,2021-12-11,19151,0.027648916,0.016645723953843117,0.685,0.011660592630505562,0.014193487353622913,0.04579092562198639
2,4,1156,2021-12-11,19161,0.037829485,0.03771459311246872,0.5,0.00603030389174819,0.03649852052330971,0.05519922822713852
2,4,1160,2021-12-11,19169,0.05769989,0.02897629886865616,0.815,0.014867296442389488,0.023605426773428917,0.06429123878479004
2,4,1193,2021-12-11,20055,0.041206595,0.03741607069969177,0.72,0.003630230901762843,0.034279514104127884,0.04474439099431038
2,4,1198,2021-12-11,20069,0.036307048,0.03772984445095062,0.21,0.002653581090271473,0.036138709634542465,0.044163625687360764
2,4,1199,2021-12-11,20071,0.09331325,0.10130965709686279,0.29,0.008495579473674297,0.08894292265176773,0.11216405034065247
2,4,1201,2021-12-11,20075,0.035610422,0.0361064188182354,0.48,0.007802753709256649,0.02705051563680172,0.0493156798183918
2,4,1203,2021-12-11,20083,0.041397523,0.041848547756671906,0.37,0.0020634671673178673,0.04115680977702141,0.0467669777572155
2,4,1211,2021-12-11,20109,0.022266239,0.022068455815315247,0.56,0.0014107500901445746,0.021810639649629593,0.02584260329604149
2,4,1212,2021-12-11,20111,0.015117342,0.016549699008464813,0.355,0.002946889027953148,0.011351373046636581,0.02010194957256317
2,4,1217,2021-12-11,20123,0.044398036,0.05081241577863693,0.285,0.007114659529179335,0.040876418352127075,0.06195760890841484
2,4,1221,2021-12-11,20131,0.040126033,0.05057103931903839,0.195,0.009995892643928528,0.0379929319024086,0.06570766866207123
2,4,1222,2021-12-11,20133,0.004124611,0.0051627391949296,0.235,0.003195159137248993,0.0037720445543527603,0.013248570263385773
2,4,1224,2021-12-11,20137,0.025532376,0.02483939379453659,0.565,0.004004294518381357,0.022046774625778198,0.03391817584633827
2,4,1227,2021-12-11,20147,0.036251307,0.03743665665388107,0.46,0.005236413329839706,0.03166333958506584,0.04699040204286575
2,4,1228,2021-12-11,20149,0.027847657,0.02802712470293045,0.415,0.002164627891033888,0.027326025068759918,0.033536966890096664
2,4,1241,2021-12-11,20177,0.028360356,0.019920367747545242,0.945,0.004147571045905352,0.016908010467886925,0.02898743934929371
2,4,1246,2021-12-11,20191,0.026387593,0.01636393368244171,0.745,0.008298407308757305,0.011023035272955894,0.03597996383905411
2,4,1253,2021-12-11,20205,0.0055849734,0.0077285016886889935,0.06,0.0034190078731626272,0.005500383209437132,0.01489559281617403
2,4,1260,2021-12-11,21031,0.020015594,0.020068220794200897,0.36,0.00011400743096601218,0.019778423011302948,0.02010066621005535
2,4,1261,2021-12-11,21033,0.065614186,0.06558506190776825,0.675,9.918452269630507e-05,0.0653255507349968,0.06563378125429153
2,4,1262,2021-12-11,21045,0.009135475,0.009138086810708046,0.48,3.5122637200402096e-05,0.009126268327236176,0.009241173975169659
2,4,1264,2021-12-11,21049,0.005793626,0.005845075473189354,0.025,0.00015361240366473794,0.005788083653897047,0.006254870910197496
2,4,1273,2021-12-11,21125,0.0062265596,0.0062311626970767975,0.49,0.00020006182603538036,0.006128208711743355,0.00671411631628871
2,4,1281,2021-12-11,21153,0.006486659,0.006327001377940178,0.615,0.00044502801029011607,0.006151276640594006,0.007516459096223116
2,4,1285,2021-12-11,21171,0.009176874,0.009195358492434025,0.32,5.3041880164528266e-05,0.009170818142592907,0.009326566942036152
2,4,1295,2021-12-11,21211,0.0024866476,0.002555788028985262,0.355,0.00028933206340298057,0.0024448425974696875,0.0032954399939626455
2,4,1296,2021-12-11,21215,0.026627138,0.026572633534669876,0.815,0.0001098018983611837,0.02631109580397606,0.02663613110780716
2,4,1301,2021-12-11,21237,0.006268376,0.0057228934019804,0.735,0.0005645763594657183,0.005593399982899427,0.007487934082746506
2,4,1303,2021-12-11,22017,0.0018339267,0.0018096740823239088,0.905,9.848571608017664e-06,0.0018057728884741664,0.001836281269788742
2,4,1308,2021-12-11,23029,0.0063794055,0.0043177856132388115,0.985,0.0007317362469621003,0.004102512262761593,0.006393135525286198
2,4,1310,2021-12-11,25003,0.0065237316,0.00477183423936367,0.96,0.0006408404442481697,0.004615792538970709,0.006627845112234354
2,4,1313,2021-12-11,25027,0.011025442,0.007702234201133251,0.945,0.0012357725063338876,0.007173887919634581,0.011304964311420918
2,4,1319,2021-12-11,26015,0.0130176945,0.012077445164322853,0.66,0.005198832601308823,0.011970450170338154,0.028795409947633743
2,4,1320,2021-12-11,26017,0.017749893,0.018575254827737808,0.32,0.0014237732393667102,0.015433070249855518,0.021393461152911186
2,4,1321,2021-12-11,26019,0.026669342,0.03387606889009476,0.31,0.007436584215611219,0.02320924401283264,0.04375282675027847
2,4,1323,2021-12-11,26025,0.0059655635,0.005966192111372948,0.48,0.001125724520534277,0.005830345209687948,0.009573456831276417
2,4,1332,2021-12-11,26049,0.0069538536,0.006404021754860878,0.635,0.0037938961759209633,0.006310757715255022,0.01753729209303856
2,4,1337,2021-12-11,26061,0.017219594,0.006653596181422472,0.945,0.004060741979628801,0.005899063777178526,0.017521629109978676
2,4,1341,2021-12-11,26073,0.03364362,0.019099287688732147,0.66,0.013015717267990112,0.0164375938475132,0.04903065785765648
2,4,1343,2021-12-11,26077,0.006387735,0.00645244587212801,0.18,0.0006336484220810235,0.006345266941934824,0.008668608963489532
2,4,1356,2021-12-11,26109,0.054316185,0.046625085175037384,0.875,0.003230269532650709,0.046543482691049576,0.05598955973982811
2,4,1371,2021-12-11,26145,0.010021322,0.011224852874875069,0.245,0.0013692036736756563,0.008501739241182804,0.01430115383118391
2,4,1372,2021-12-11,26147,0.038618818,0.049413491040468216,0.1,0.004908887669444084,0.03665415570139885,0.05129510909318924
2,4,1373,2021-12-11,26149,0.011644911,0.011660626158118248,0.47,0.001124851405620575,0.011562895029783249,0.01503023225814104
2,4,1374,2021-12-11,26151,0.068317786,0.07124091684818268,0.4,0.006086856592446566,0.058547262102365494,0.07625014334917068
2,4,1377,2021-12-11,26159,0.030153494,0.03328695520758629,0.175,0.001547093503177166,0.029820432886481285,0.033913563936948776
2,4,1381,2021-12-11,27013,0.014077505,0.01504112035036087,0.28,0.006041339598596096,0.013572247698903084,0.030434707179665565
2,4,1387,2021-12-11,27039,0.07000529,0.06919688731431961,0.67,0.003078994108363986,0.06250828504562378,0.07070667296648026
2,4,1388,2021-12-11,27041,0.0034899425,0.003533804789185524,0.39,0.0001682955917203799,0.003448151983320713,0.0039368667639791965
2,4,1390,2021-12-11,27045,0.02652519,0.027214623987674713,0.455,0.013204426504671574,0.02408129721879959,0.0608149878680706
2,4,1400,2021-12-11,27091,0.015470935,0.014325380325317383,0.59,0.006024973466992378,0.013370946981012821,0.030338648706674576
2,4,1406,2021-12-11,27109,0.009526831,0.010326839983463287,0.485,0.012129712849855423,0.007531571667641401,0.04084822162985802
2,4,1409,2021-12-11,27127,0.021180984,0.021305212751030922,0.41,0.0007177408551797271,0.0193280391395092,0.021539008244872093
2,4,1416,2021-12-11,27145,0.008736078,0.008749899454414845,0.455,0.0002924560394603759,0.008670918643474579,0.009610326029360294
2,4,1427,2021-12-11,29007,0.0059994566,0.005401945672929287,0.545,0.004801930394023657,0.0034162525553256273,0.016958119347691536
2,4,1428,2021-12-11,29009,0.0020936565,0.002062492538243532,0.55,0.0001311584492214024,0.001992172794416547,0.002396839903667569
2,4,1431,2021-12-11,29025,0.019199837,0.025799237191677094,0.215,0.011832479387521744,0.017172107473015785,0.051133591681718826
2,4,1432,2021-12-11,29027,0.007827694,0.004353086464107037,0.71,0.0031273001804947853,0.003144378075376153,0.01234351471066475
2,4,1434,2021-12-11,29031,0.00297233,0.002995228860527277,0.285,6.208248669281602e-05,0.0029621468856930733,0.003147126641124487
2,4,1437,2021-12-11,29047,0.011084748,0.020177682861685753,0.02,0.00986934918910265,0.010933381505310535,0.03980746120214462
2,4,1439,2021-12-11,29051,0.0021542604,0.002286989474669099,0.32,0.0006933408440090716,0.0020436702761799097,0.00420799758285284
2,4,1440,2021-12-11,29061,0.0140114585,0.014669339172542095,0.305,0.00791857112199068,0.013436595909297466,0.035683706402778625
2,4,1451,2021-12-11,29087,0.06395516,0.05481931194663048,0.975,0.009602358564734459,0.038744714111089706,0.06422779709100723
2,4,1457,2021-12-11,29115,0.015167756,0.020161502063274384,0.245,0.009923813864588737,0.013350466266274452,0.044012732803821564
2,4,1460,2021-12-11,29125,0.027563939,0.027567071840167046,0.0,1.0800826203194447e-05,0.02756410650908947,0.027600225061178207
2,4,1463,2021-12-11,29139,0.0026103947,0.0026076079811900854,0.5,0.0009750070166774094,0.002391586545854807,0.005693299695849419
2,4,1485,2021-12-11,29225,0.0021185903,0.002135937102138996,0.405,9.940766176441684e-05,0.002085016807541251,0.0024186621885746717
2,4,1486,2021-12-11,29227,0.08489756,0.08019324392080307,0.975,0.007303184829652309,0.06562525779008865,0.08502068370580673
2,4,1492,2021-12-11,30107,0.0009618102,0.0009523845510557294,0.945,8.550168786314316e-06,0.0009319625678472221,0.000981056597083807
2,4,1494,2021-12-11,32007,0.0012107781,0.0012767263688147068,0.325,0.00017577172548044473,0.001179819111712277,0.001727002440020442
2,4,1504,2021-12-11,35017,0.0010456229,0.0009921741439029574,0.855,2.6954372515319847e-05,0.0009665414108894765,0.0010566407581791282
2,4,1509,2021-12-11,35031,0.008594281,0.009097207337617874,0.15,0.0004441843484528363,0.008476552553474903,0.010083652101457119
2,4,1514,2021-12-11,35047,0.014402202,0.01303161308169365,0.73,0.0010098852217197418,0.012533552013337612,0.015799688175320625
2,4,1519,2021-12-11,35061,0.0015611488,0.0016404748894274235,0.22,0.00013924649101682007,0.0015520971501246095,0.0019591390155255795
2,4,1522,2021-12-11,36009,0.017608806,0.0078471340239048,0.93,0.0038218710105866194,0.006573823746293783,0.018474098294973373
2,4,1525,2021-12-11,36019,0.034836568,0.041066572070121765,0.045,0.002468570601195097,0.034497614949941635,0.04265680909156799
2,4,1531,2021-12-11,36035,0.023541607,0.024016903713345528,0.12,0.00020472762116696686,0.02347090095281601,0.024084649980068207
2,4,1532,2021-12-11,36037,0.06750485,0.0810302346944809,0.1,0.005871404428035021,0.06521643698215485,0.08356795459985733
2,4,1539,2021-12-11,36053,0.023685005,0.024894587695598602,0.015,0.00044105580309405923,0.023676905781030655,0.025069165974855423
2,4,1540,2021-12-11,36055,0.011259984,0.01205083355307579,0.065,0.004143512342125177,0.011067763902246952,0.02310752309858799
2,4,1560,2021-12-11,36117,0.017705599,0.031063448637723923,0.04,0.005537427496165037,0.017472481355071068,0.03367142379283905
2,4,1568,2021-12-11,37157,0.0032882649,0.0033199142199009657,0.335,4.0536135202273726e-05,0.003211728297173977,0.0033293883316218853
2,4,1573,2021-12-11,39033,0.013181291,0.013420762494206429,0.4,0.001226106658577919,0.012915194034576416,0.016596877947449684
2,4,1583,2021-12-11,39065,0.0201235,0.020313942804932594,0.3,0.0012580892071127892,0.020031485706567764,0.02388150803744793
2,4,1589,2021-12-11,39095,0.015654963,0.016675535589456558,0.12,0.00467886496335268,0.015163218602538109,0.02883598394691944
2,4,1593,2021-12-11,39123,0.029957198,0.031057395040988922,0.2,0.003972852136939764,0.02948850393295288,0.04140659049153328
2,4,1594,2021-12-11,39125,0.019924937,0.020098377019166946,0.11,0.0016710612690076232,0.019797395914793015,0.02514534629881382
2,4,1600,2021-12-11,39155,0.006696131,0.004803331568837166,0.95,0.0007663577562198043,0.004381082486361265,0.00682727200910449
2,4,1612,2021-12-11,40073,0.011905961,0.010482048615813255,0.59,0.004655609373003244,0.007119188085198402,0.021693997085094452
2,4,1617,2021-12-11,40151,0.020024832,0.02758200466632843,0.055,0.009884650819003582,0.019619934260845184,0.04776225984096527
2,4,1620,2021-12-11,41015,0.023938399,0.02214675024151802,0.755,0.0014289950486272573,0.0220144372433424,0.026560381054878235
2,4,1626,2021-12-11,42065,0.0074220435,0.007828738540410995,0.225,0.0002391408197581768,0.0072882273234426975,0.007960254326462746
2,4,1628,2021-12-11,42129,0.004146568,0.0041465600952506065,0.505,0.00011375064786989242,0.004144236911088228,0.004514365456998348
2,4,1636,2021-12-11,46009,0.0121239545,0.012520324438810349,0.3,0.00162899203132838,0.011902053840458393,0.01659100316464901
2,4,1638,2021-12-11,46013,0.0016271212,0.001583273522555828,0.69,5.653128391713835e-05,0.001552655827254057,0.001722809043712914
2,4,1639,2021-12-11,46015,0.0036812027,0.003768066642805934,0.26,0.00016255906666629016,0.0036526357289403677,0.004105479922145605
2,4,1645,2021-12-11,46033,0.0015745996,0.001574826892465353,0.475,6.276209205680061e-06,0.0015615660231560469,0.0015826639719307423
2,4,1648,2021-12-11,46039,0.003685198,0.003890992607921362,0.41,0.0008938281680457294,0.003399601671844721,0.006098104175180197
2,4,1653,2021-12-11,46049,0.001180763,0.0011757321190088987,0.54,3.275048584328033e-05,0.0011452578473836184,0.0012464988976716995
2,4,1658,2021-12-11,46059,0.0015937507,0.0016465717926621437,0.205,6.269530422287062e-05,0.0015699684154242277,0.001767385401763022
2,4,1669,2021-12-11,46081,0.0033475587,0.0014617868000641465,0.81,0.0009754879283718765,0.001181892934255302,0.003821214661002159
2,4,1670,2021-12-11,46083,0.0085184425,0.008525833487510681,0.5,0.001599145820364356,0.008289176970720291,0.013179554603993893
2,4,1672,2021-12-11,46087,0.008367153,0.008327735587954521,0.515,0.0012049272190779448,0.007917593233287334,0.011672746390104294
2,4,1677,2021-12-11,46097,0.005078635,0.005112525075674057,0.345,0.00016535389295313507,0.005041821859776974,0.0055720023810863495
2,4,1685,2021-12-11,46117,0.0011031742,0.001093233353458345,0.805,8.17135878605768e-06,0.0010820397874340415,0.0011074114590883255
2,4,1691,2021-12-11,46135,0.011413838,0.011287212371826172,0.57,0.0013010533293709159,0.010910378769040108,0.015007661655545235
2,4,1695,2021-12-11,47021,0.006608596,0.006614211946725845,0.48,5.8679717767518014e-05,0.006578396540135145,0.006769692059606314
2,4,1706,2021-12-11,47065,0.002554052,0.0025975960306823254,0.31,0.0002276500454172492,0.00253126909956336,0.003221603110432625
2,4,1707,2021-12-11,47077,0.006572831,0.006577972322702408,0.05,3.1031893286126433e-06,0.006571885664016008,0.006581747904419899
2,4,1717,2021-12-11,47115,0.0040207524,0.0037505165673792362,0.79,0.0001894178130896762,0.003668916877359152,0.004250094760209322
2,4,1721,2021-12-11,47131,0.041099217,0.04110071808099747,0.495,0.0001415033038938418,0.04076318070292473,0.04116380959749222
2,4,1723,2021-12-11,47137,0.007048552,0.007074583321809769,0.485,0.000370691588614136,0.006833139806985855,0.00790718849748373
2,4,1731,2021-12-11,47165,0.015749646,0.01570308953523636,0.885,0.00010532617307035252,0.015445535071194172,0.01575767993927002
2,4,1732,2021-12-11,47187,0.005554265,0.0056304242461919785,0.35,0.0002469810424372554,0.005513387266546488,0.006296150386333466
2,4,1735,2021-12-11,48045,0.003912738,0.004949342459440231,0.1,0.0010041574714705348,0.0037817899137735367,0.006911113392561674
2,4,1737,2021-12-11,48069,0.0072598867,0.005697199143469334,0.875,0.0009720405796542764,0.0046096122823655605,0.007576952688395977
2,4,1747,2021-12-11,48341,0.01724873,0.017454273998737335,0.14,0.00044105396955274045,0.01722567528486252,0.01854015327990055
2,4,1758,2021-12-11,49019,0.011202891,0.01108381524682045,0.93,0.00020288325322326273,0.010534501634538174,0.011226813308894634
2,4,1759,2021-12-11,49021,0.0038412453,0.003914151340723038,0.42,0.0004998085205443203,0.0035591942723840475,0.0051918611861765385
2,4,1765,2021-12-11,49053,0.0039715017,0.004171650856733322,0.045,0.0002663381164893508,0.003940646070986986,0.004922161810100079
2,4,1775,2021-12-11,50019,0.017739289,0.01779419742524624,0.19,5.787572081317194e-05,0.017690297216176987,0.01790603995323181
2,4,1776,2021-12-11,50021,0.009819877,0.00805588811635971,0.9,0.0008265124051831663,0.00729898689314723,0.010345198214054108
2,4,1780,2021-12-11,51105,0.012148656,0.012118181213736534,0.6,0.0001011571439448744,0.011864297091960907,0.012176791206002235
2,4,1789,2021-12-11,54059,0.0066179694,0.006615804973989725,0.51,0.00017737907182890922,0.006566677708178759,0.007170345168560743
2,4,1794,2021-12-11,55011,0.010654833,0.010561775416135788,0.525,0.003944426774978638,0.007944268174469471,0.022540010511875153
2,4,1800,2021-12-11,55025,0.01908155,0.022166136652231216,0.29,0.01319673378020525,0.018373455852270126,0.05356647074222565
2,4,1801,2021-12-11,55027,0.017138971,0.02286461740732193,0.105,0.01544240117073059,0.01673121191561222,0.056180644780397415
2,4,1808,2021-12-11,55047,0.018133752,0.01915588416159153,0.16,0.009409253485500813,0.017671644687652588,0.046477191150188446
2,4,1812,2021-12-11,55057,0.041487977,0.020414019003510475,0.81,0.011378400027751923,0.01824337989091873,0.05080624669790268
2,4,1816,2021-12-11,55067,0.025932785,0.040406279265880585,0.22,0.007043792400509119,0.023763539269566536,0.04269948974251747
2,4,1819,2021-12-11,55077,0.02404286,0.02490246295928955,0.04,0.0029120033141225576,0.023865927010774612,0.03355580195784569
2,4,1831,2021-12-11,55105,0.015070315,0.018737629055976868,0.11,0.017168419435620308,0.014711226336658001,0.05706797540187836
2,4,1832,2021-12-11,55111,0.016889405,0.01750785857439041,0.415,0.010076676495373249,0.016129054129123688,0.04627256467938423
2,4,1841,2021-12-11,55139,0.017725077,0.018098343163728714,0.325,0.007360923569649458,0.017069729045033455,0.03834085538983345
2,4,1847,2021-12-11,56011,0.0034127668,0.0026944344863295555,0.83,0.00041619210969656706,0.0026296237483620644,0.003983628004789352
2,4,1856,2022-06-08,01003,0.003745739,0.003724918235093355,0.94,1.0143069630430546e-05,0.003709561424329877,0.0037473004776984453
2,4,1858,2022-06-08,01025,0.0018199886,0.0018131725955754519,0.985,3.1248755476553924e-06,0.0018084110924974084,0.0018201324855908751
2,4,1869,2022-06-08,05043,0.027684845,0.02768239937722683,0.795,6.60698469800991e-06,0.02766580507159233,0.027687348425388336
2,4,1871,2022-06-08,05079,0.0018973817,0.0018968235235661268,0.585,7.627912509633461e-06,0.0018869983032345772,0.0019169184379279613
2,4,1880,2022-06-08,06061,0.001548315,0.001541140372864902,0.58,1.7542743080412038e-05,0.0015341353137046099,0.0015862098662182689
2,4,1891,2022-06-08,12009,0.004297868,0.004298046696931124,0.495,4.0045371861197054e-05,0.004254867788404226,0.0043766191229224205
2,4,1895,2022-06-08,12033,0.0039601666,0.0039483606815338135,0.875,5.510255959961796e-06,0.0039428770542144775,0.003961700946092606
2,4,1902,2022-06-08,13121,0.002116431,0.002114222152158618,0.755,2.8416561690391973e-06,0.0021089683286845684,0.0021199409384280443
2,4,1908,2022-06-08,17043,0.0021724643,0.002185666002333164,0.045,1.330320901615778e-05,0.0021714570466428995,0.0022109204437583685
2,4,1910,2022-06-08,17097,0.0012437149,0.0012722488027065992,0.29,4.274611274013296e-05,0.0012163863284513354,0.0013482316862791777
2,4,1917,2022-06-08,18029,0.0042265668,0.004227728117257357,0.44,7.942748197820038e-06,0.004215414170175791,0.0042442940175533295
2,4,1923,2022-06-08,18137,0.0049230726,0.004906900227069855,0.855,9.139655958279036e-06,0.004894533660262823,0.0049270037561655045
2,4,1926,2022-06-08,19001,0.0050217677,0.005065427627414465,0.015,8.818713831715286e-05,0.005019859876483679,0.005294650327414274
2,4,1936,2022-06-08,21063,0.0046603624,0.004657628480345011,0.69,3.1768615826877067e-06,0.004655266646295786,0.004664422012865543
2,4,1939,2022-06-08,21237,0.0015256192,0.0015211600111797452,0.655,5.699536359315971e-06,0.001517192693427205,0.0015339261153712869
2,4,1943,2022-06-08,22069,0.0077993893,0.007774507626891136,0.955,1.0472188478161115e-05,0.007767575327306986,0.007799611426889896
2,4,1948,2022-06-08,24009,0.0019019964,0.0018787590088322759,0.805,1.6425803551101126e-05,0.0018655410967767239,0.0019191516330465674
2,4,1951,2022-06-08,24027,0.002578981,0.002582239918410778,0.33,4.915103090752382e-06,0.002576892264187336,0.0025922430213540792
2,4,1956,2022-06-08,26159,0.0017834738,0.0017823036760091782,0.905,1.1623932323345798e-06,0.0017792355502024293,0.0017839218489825726
2,4,1959,2022-06-08,27113,0.00067631516,0.0007210153271444142,0.4,0.00015370587061624974,0.0006310989847406745,0.0010763664031401277
2,4,1960,2022-06-08,28011,0.0089461515,0.008945683017373085,0.585,2.0050447346875444e-06,0.008941646665334702,0.008947928436100483
2,4,1967,2022-06-08,28067,0.008194669,0.008195046335458755,0.435,6.5073568293883e-06,0.008179914206266403,0.008204175159335136
2,4,1974,2022-06-08,28147,0.016113915,0.016110949218273163,0.875,4.336010078986874e-06,0.016101514920592308,0.016114220023155212
2,4,1976,2022-06-08,28151,0.010704628,0.010701635852456093,0.84,2.6842392344406107e-06,0.010695581324398518,0.010706695728003979
2,4,1983,2022-06-08,29047,0.03881433,0.03883052244782448,0.03,8.100792001641821e-06,0.0388132743537426,0.03883838653564453
2,4,1985,2022-06-08,29053,0.0068832696,0.006896664388477802,0.185,2.0239873265381902e-05,0.006878877989947796,0.006940396036952734
2,4,1988,2022-06-08,29087,0.0055125225,0.005558508448302746,0.035,6.297360232565552e-05,0.005509613081812859,0.0057009742595255375
2,4,1992,2022-06-08,29125,0.025268747,0.025270264595746994,0.415,4.8380738917330746e-06,0.025262804701924324,0.02527793124318123
2,4,1994,2022-06-08,29139,0.010042239,0.010042006149888039,0.515,8.885857823770493e-06,0.010037473402917385,0.010064387694001198
2,4,1996,2022-06-08,29161,0.007972283,0.007958532311022282,0.725,1.4768403161724564e-05,0.007949807681143284,0.007993094623088837
2,4,2000,2022-06-08,29225,0.002945625,0.002946654334664345,0.38,6.747053248545853e-06,0.0029441628139466047,0.002963283797726035
2,4,2001,2022-06-08,30003,0.053838067,0.053841378539800644,0.255,4.377768618724076e-06,0.053835488855838776,0.05385087803006172
2,4,2006,2022-06-08,32007,0.00076597865,0.0007712750229984522,0.41,2.0988522010156885e-05,0.000758914218749851,0.0008274340652860701
2,4,2011,2022-06-08,32021,0.012328083,0.01232902891933918,0.04,5.861154477315722e-07,0.012328041717410088,0.012330453842878342
2,4,2012,2022-06-08,32027,0.0018140337,0.0018421229906380177,0.0,6.0382106312317774e-05,0.0018152461852878332,0.0020083305425941944
2,4,2019,2022-06-08,34029,0.0024472692,0.002314931247383356,0.94,5.866233186679892e-05,0.002268485724925995,0.0024540158919990063
2,4,2023,2022-06-08,35031,0.00037701588,0.00037129566771909595,0.665,1.1849741895275656e-05,0.0003593064611777663,0.0003974336723331362
2,4,2026,2022-06-08,35047,0.005186662,0.005183452740311623,0.675,7.532043582614278e-06,0.0051755174063146114,0.005201701074838638
2,4,2027,2022-06-08,35051,0.0010922723,0.001091675367206335,0.6,1.449274577680626e-06,0.0010897418251261115,0.0010941884247586131
2,4,2031,2022-06-08,37013,0.001612794,0.001536754658445716,0.885,3.610104613471776e-05,0.0015157141024246812,0.0016291423235088587
2,4,2032,2022-06-08,37023,0.00079842616,0.000795267173089087,0.66,4.214708496874664e-06,0.0007929200655780733,0.0008063786663115025
2,4,2034,2022-06-08,37051,0.0013666847,0.0013361023738980293,0.75,2.6136445740121417e-05,0.0013100269716233015,0.0013879867037758231
2,4,2040,2022-06-08,37125,0.0028184843,0.0028073745779693127,0.855,6.919831321283709e-06,0.0028019805904477835,0.0028244832064956427
2,4,2048,2022-06-08,39001,0.015524936,0.015526330098509789,0.39,4.256263309798669e-06,0.015516175888478756,0.015529770404100418
2,4,2055,2022-06-08,39025,0.016014086,0.016013266518712044,0.68,2.3632262582395924e-06,0.016008278355002403,0.016016483306884766
2,4,2061,2022-06-08,39053,0.0016975402,0.00169054523576051,0.73,6.729180768161314e-06,0.0016864826902747154,0.0017083174316212535
2,4,2063,2022-06-08,39059,0.0018443912,0.0018465968314558268,0.315,1.2609117220563348e-05,0.0018370274920016527,0.0018792350310832262
2,4,2070,2022-06-08,39107,0.0014691582,0.0014704462373629212,0.365,3.7555917060672073e-06,0.0014636972919106483,0.0014776524621993303
2,4,2084,2022-06-08,40021,0.005243076,0.005243120715022087,0.495,1.3239933650766034e-05,0.005232030991464853,0.0052736056968569756
2,4,2086,2022-06-08,40039,0.021647813,0.021647892892360687,0.39,1.2231760138092795e-06,0.021647511050105095,0.021651597693562508
2,4,2088,2022-06-08,40057,0.0033866148,0.0033371378667652607,0.965,2.5373234166181646e-05,0.0033088147174566984,0.0033908372279256582
2,4,2095,2022-06-08,40107,0.012376195,0.012378428131341934,0.41,1.0695706805563532e-05,0.012351387180387974,0.01238305028527975
2,4,2100,2022-06-08,40135,0.0046993936,0.004703220445662737,0.47,1.7052650946425274e-05,0.004685929510742426,0.004736961331218481
2,4,2105,2022-06-08,41059,0.0013163257,0.001304717967286706,0.66,2.0836436306126416e-05,0.001285242149606347,0.0013492387952283025
2,4,2112,2022-06-08,45035,0.0017548361,0.0017313469434157014,0.92,1.3563678294303827e-05,0.0017161538125947118,0.001758057507686317
2,4,2117,2022-06-08,46013,0.0020297926,0.0020162861328572035,0.66,1.8872304281103425e-05,0.00200241943821311,0.002061554929241538
2,4,2118,2022-06-08,46015,0.0022226202,0.002237969543784857,0.18,2.6532605261309072e-05,0.002216116525232792,0.002292623510584235
2,4,2123,2022-06-08,46033,0.0013190589,0.0012994436547160149,0.98,9.13198891794309e-06,0.0012896895641461015,0.0013203700073063374
2,4,2127,2022-06-08,46049,0.0037915625,0.003788184840232134,0.765,4.972894203092437e-06,0.003776814788579941,0.003797945100814104
2,4,2130,2022-06-08,46059,0.0027110397,0.002725167665630579,0.295,3.401881258469075e-05,0.002706700935959816,0.002809728728607297
2,4,2138,2022-06-08,46081,0.00093628635,0.0009353050263598561,0.725,1.6183894331334159e-06,0.0009320232202298939,0.0009397253743372858
2,4,2147,2022-06-08,46117,0.0029119928,0.002880037296563387,0.715,3.2266067137243226e-05,0.002852327423170209,0.0029496820643544197
2,4,2152,2022-06-08,48011,0.0027681747,0.00279725412838161,0.085,2.0357621906441636e-05,0.0027660399209707975,0.0028272748459130526
2,4,2153,2022-06-08,48045,0.030386727,0.030382629483938217,0.895,3.918415586667834e-06,0.03037545271217823,0.03038717620074749
2,4,2155,2022-06-08,48069,0.004393007,0.004372183699160814,0.86,1.2716442142846063e-05,0.004360002465546131,0.004398846533149481
2,4,2159,2022-06-08,48107,0.0009623806,0.0009694390464574099,0.21,1.088881617761217e-05,0.000959191529545933,0.000992240966297686
2,4,2163,2022-06-08,48153,0.0016021569,0.0016060947673395276,0.22,1.0685456800274551e-05,0.0016008903039619327,0.0016308797057718039
2,4,2166,2022-06-08,48189,0.001989898,0.001967993564903736,1.0,8.830515980662312e-06,0.001959493150934577,0.0019897911697626114
2,4,2170,2022-06-08,48219,0.001315808,0.0012994206044822931,0.735,1.619041540834587e-05,0.0012830756604671478,0.0013335461262613535
2,4,2172,2022-06-08,48263,0.00084413256,0.0008603290189057589,0.045,1.5170057849900331e-05,0.0008421062375418842,0.000888974464032799
2,4,2176,2022-06-08,48341,0.004694751,0.004725271370261908,0.03,3.6442565033212304e-05,0.0046937307342886925,0.0048034354113042355
2,4,2196,2022-06-08,51065,0.009993083,0.009994768537580967,0.185,1.7907476603795658e-06,0.009992677718400955,0.009998384863138199
2,4,2201,2022-06-08,51087,0.012327867,0.012327729724347591,0.52,2.4262697024823865e-06,0.01232488639652729,0.012332054786384106
2,4,2203,2022-06-08,51113,0.0016410854,0.0016353653045371175,0.645,9.919792319124099e-06,0.001628562225960195,0.0016597218345850706
2,4,2210,2022-06-08,51159,0.0013715349,0.0013364879414439201,0.895,1.5351739421021193e-05,0.0013280956773087382,0.0013771298108622432
2,4,2211,2022-06-08,51177,0.0009149245,0.0008983329171314836,0.895,9.35574462346267e-06,0.0008893716149032116,0.0009170284029096365
2,4,2216,2022-06-08,54027,0.0015091784,0.0014418489299714565,0.77,4.688537956099026e-05,0.001402989262714982,0.0015454771928489208
2,4,2220,2022-06-08,54041,0.0023914503,0.0023914428893476725,0.5,1.651249112910591e-05,0.002380579710006714,0.002430151915177703
2,4,2221,2022-06-08,54049,0.003085533,0.003081529401242733,0.87,2.6910674932878464e-06,0.0030764718540012836,0.0030881843995302916
2,4,2233,2022-06-08,55025,0.0074970904,0.007490765769034624,1.0,4.81126789964037e-06,0.007480967324227095,0.007496936712414026
2,4,2243,2024-02-27,01095,0.0013951787,0.001419335836544633,0.365,0.00011183127935510129,0.0013700812123715878,0.0016977274790406227
2,4,2252,2024-02-27,06027,0.030494865,0.030470147728919983,0.635,0.0002566374314483255,0.02966676838696003,0.030568519607186317
2,4,2258,2024-02-27,06045,0.0063199545,0.004653613083064556,0.84,0.0010678913677111268,0.004561214707791805,0.007987800985574722
2,4,2261,2024-02-27,06061,0.016008148,0.015660930424928665,0.625,0.004606213886290789,0.015075360424816608,0.029277624562382698
2,4,2275,2024-02-27,08029,0.012719701,0.01280641183257103,0.11,0.0002216572902398184,0.01269184798002243,0.013524184934794903
2,4,2276,2024-02-27,08043,0.000732167,0.0007105782860890031,0.72,2.9700453524128534e-05,0.0006922449683770537,0.0007923890952952206
2,4,2291,2024-02-27,13057,0.0023998632,0.0024056462571024895,0.12,4.107674158149166e-06,0.002396798925474286,0.0024107375647872686
2,4,2292,2024-02-27,13067,0.0012640132,0.0012642526999115944,0.265,1.5113367226149421e-05,0.0012633462902158499,0.0013107871636748314
2,4,2295,2024-02-27,13089,0.001178372,0.0012009944766759872,0.105,6.914661935297772e-05,0.0011769549455493689,0.0013846998335793614
2,4,2296,2024-02-27,13113,0.0032192129,0.003275767434388399,0.25,4.669598274631426e-05,0.0031569742131978273,0.0032934672199189663
2,4,2305,2024-02-27,13223,0.001276373,0.0012433946831151843,0.625,9.900119039230049e-05,0.0011848080903291702,0.0014847180573269725
2,4,2316,2024-02-27,16061,0.004857532,0.004887295886874199,0.42,0.00013143107935320586,0.004729610867798328,0.005174321122467518
2,4,2318,2024-02-27,16073,0.0038046094,0.0034749330952763557,0.695,0.00032971639302559197,0.0033723723609000444,0.004401232115924358
2,4,2320,2024-02-27,16087,0.007128325,0.007409237790852785,0.075,0.0004607081355061382,0.007061810232698917,0.008617372252047062
2,4,2324,2024-02-27,17043,0.0023002734,0.002458395902067423,0.015,0.0003040831652469933,0.00229622982442379,0.003186838934198022
2,4,2325,2024-02-27,17047,0.0016431707,0.0017164589371532202,0.09,0.00012325012357905507,0.0016384649788960814,0.0020165794994682074
2,4,2328,2024-02-27,17073,0.0016803966,0.001783770159818232,0.17,0.00016428431263193488,0.0016526413382962346,0.002157167997211218
2,4,2329,2024-02-27,17077,0.0015263122,0.001502599217928946,0.57,6.814071821281686e-05,0.001435301499441266,0.0016420508036389947
2,4,2331,2024-02-27,17097,0.002842586,0.00305778905749321,0.28,0.0005744368536397815,0.002762128598988056,0.004534752108156681
2,4,2334,2024-02-27,17153,0.0015719146,0.0016193024348467588,0.3,7.237638055812567e-05,0.0015471633523702621,0.0017813609447330236
2,4,2352,2024-02-27,18129,0.0023647887,0.0023855017498135567,0.43,0.00013326251064427197,0.0023156998213380575,0.0027258109766989946
2,4,2359,2024-02-27,21017,0.0031161634,0.0031455885618925095,0.285,0.00015674340829718858,0.0030934051610529423,0.0035849695559591055
2,4,2364,2024-02-27,21045,0.0020484831,0.0020773981232196093,0.41,0.00019524942035786808,0.0019894265569746494,0.002584296278655529
2,4,2366,2024-02-27,21049,0.003170792,0.0032115415669977665,0.035,0.00011236230784561485,0.0031685687135905027,0.0035268182400614023
2,4,2377,2024-02-27,21101,0.0022462287,0.002238237066194415,0.525,0.0001772021787473932,0.0021750933956354856,0.0027756725903600454
2,4,2380,2024-02-27,21125,0.002459961,0.002455489942803979,0.575,2.5575731342541985e-05,0.0024433762300759554,0.0025242078118026257
2,4,2382,2024-02-27,21149,0.0025334838,0.002593709621578455,0.16,0.00020462479733396322,0.002524385927245021,0.0031611500307917595
2,4,2395,2024-02-27,23029,0.013310412,0.01073394063860178,0.97,0.0009203917579725385,0.010499364696443081,0.013348626904189587
2,4,2396,2024-02-27,25003,0.029626425,0.009704061783850193,0.96,0.007052113767713308,0.007565812673419714,0.030326806008815765
2,4,2401,2024-02-27,25017,0.0047852364,0.002964911051094532,0.835,0.0010758121497929096,0.0026429553981870413,0.005997114349156618
2,4,2405,2024-02-27,25027,0.006943562,0.0033495216630399227,0.955,0.001270091044716537,0.003042470430955291,0.007091454695910215
2,4,2406,2024-02-27,26025,0.0068739457,0.007044374011456966,0.385,0.00030137927387841046,0.006526442710310221,0.007339076604694128
2,4,2407,2024-02-27,26049,0.0031606941,0.003305766498669982,0.15,0.00025883709895424545,0.003128472249954939,0.004064764827489853
2,4,2408,2024-02-27,26159,0.0055778064,0.0038969723973423243,0.89,0.0007942726952023804,0.003581931348890066,0.006080762483179569
2,4,2409,2024-02-27,28081,0.0010402377,0.000975494273006916,0.845,3.462532185949385e-05,0.0009523111511953175,0.0010560204973444343
2,4,2412,2024-02-27,29031,0.0018363902,0.0018838371615856886,0.145,5.748498733737506e-05,0.0018297708593308926,0.0019940431229770184
2,4,2415,2024-02-27,29143,0.0012806752,0.0013153558829799294,0.305,6.563694478245452e-05,0.0012582952622324228,0.0014651849633082747
2,4,2419,2024-02-27,29223,0.001185821,0.001130248885601759,0.875,2.7495185349835083e-05,0.00111656473018229,0.0012037603883072734
2,4,2422,2024-02-27,30013,0.00161767,0.0015955633716657758,0.555,0.00010866734373848885,0.0015110056847333908,0.001840868848375976
2,4,2429,2024-02-27,30045,0.0012279379,0.0012099603191018105,0.605,6.58114513498731e-05,0.001136782462708652,0.001351582002826035
2,4,2443,2024-02-27,32007,0.0019963414,0.002110663801431656,0.02,0.0005001725512556732,0.0019867336377501488,0.0038276338018476963
2,4,2448,2024-02-27,32021,0.013636334,0.013637704774737358,0.46,6.0708938690368086e-05,0.013625462539494038,0.013820229098200798
2,4,2450,2024-02-27,32027,0.008574564,0.008877458050847054,0.13,0.0007488817791454494,0.008503326214849949,0.010872144252061844
2,4,2451,2024-02-27,32029,0.011424207,0.011597207747399807,0.28,0.0011005016276612878,0.011160114780068398,0.014758382923901081
2,4,2465,2024-02-27,35031,0.0036625199,0.0036133257672190666,0.51,0.0012012190418317914,0.003069614991545677,0.006615254562348127
2,4,2471,2024-02-27,35047,0.0033171314,0.0030949371866881847,0.69,0.0002541144785936922,0.002974883420392871,0.003780650906264782
2,4,2477,2024-02-27,35061,0.0013472881,0.0014179269783198833,0.055,0.0002932286588475108,0.0013173845363780856,0.002254930790513754
2,4,2479,2024-02-27,36007,0.0041671484,0.002057583536952734,0.89,0.0008688120287843049,0.0018905228935182095,0.0046998439356684685
2,4,2481,2024-02-27,36019,0.040309142,0.010992907918989658,0.945,0.0109932292252779,0.008707842789590359,0.04102523997426033
2,4,2486,2024-02-27,36035,0.04597345,0.06135633587837219,0.145,0.007278211880475283,0.042514629662036896,0.06445014476776123
2,4,2492,2024-02-27,36055,0.012262422,0.013428379781544209,0.42,0.006987661588937044,0.010186499916017056,0.030986959114670753
2,4,2504,2024-02-27,36103,0.006437846,0.006503179669380188,0.465,0.0006909098592586815,0.006239429581910372,0.00820582639425993
2,4,2508,2024-02-27,36117,0.02031214,0.02678263559937477,0.04,0.0027390264440327883,0.02030264586210251,0.027998657897114754
2,4,2520,2024-02-27,39097,0.017982915,0.01875278167426586,0.21,0.00041376397712156177,0.017717745155096054,0.01886889338493347
2,4,2531,2024-02-27,40039,0.0013553553,0.0013586891582235694,0.365,8.012515172595158e-05,0.0013372359098866582,0.0015633453149348497
2,4,2537,2024-02-27,41045,0.01605432,0.016128480434417725,0.46,0.0010473192669451237,0.015648894011974335,0.019321663305163383
2,4,2542,2024-02-27,45003,0.0016757958,0.0013412584085017443,0.92,0.0001523098471807316,0.0012386830057948828,0.0017174057429656386
2,4,2543,2024-02-27,45007,0.004665671,0.004671506583690643,0.435,3.319245297461748e-05,0.004585398826748133,0.004686206113547087
2,4,2549,2024-02-27,45065,0.0018874692,0.0018148473463952541,0.88,3.651693987194449e-05,0.0017944482387974858,0.0019087097607553005
2,4,2562,2024-02-27,47073,0.0035064965,0.00351039064116776,0.46,3.0481787689495832e-05,0.003494869451969862,0.0035827194806188345
2,4,2568,2024-02-27,48017,0.0012924803,0.0013013863936066628,0.415,7.090807048371062e-05,0.0012506752973422408,0.001472426694817841
2,4,2569,2024-02-27,48045,0.0011208701,0.0011170044308528304,0.605,4.868941687163897e-05,0.001085158670321107,0.0012446217006072402
2,4,2572,2024-02-27,48069,0.0015696492,0.0014611624646931887,0.85,5.0974293117178604e-05,0.0014356240862980485,0.0015871465438976884
2,4,2578,2024-02-27,48141,0.0008721722,0.000895707169547677,0.075,9.777406376088038e-05,0.0008594688260927796,0.0011627603089436889
2,4,2579,2024-02-27,48153,0.0011698082,0.00118410331197083,0.39,4.8217181756626815e-05,0.0011165649630129337,0.0013055044692009687
2,4,2581,2024-02-27,48189,0.0012276007,0.0011261377949267626,0.995,4.244489173288457e-05,0.0010511220898479223,0.0012305097188800573
2,4,2586,2024-02-27,48219,0.0012604104,0.001235160743817687,0.61,6.352370837703347e-05,0.0011470963945612311,0.001391585567034781
2,4,2591,2024-02-27,48329,0.000845947,0.0008442405378445983,0.51,6.338705134112388e-05,0.0007893354631960392,0.0009921577293425798
2,4,2592,2024-02-27,48341,0.007239487,0.007157974876463413,0.98,0.00015018921112641692,0.0067945425398647785,0.007245072163641453
2,4,2605,2024-02-27,49015,0.004979643,0.005151456221938133,0.285,0.0023719281889498234,0.004765267483890057,0.012172007001936436
2,4,2606,2024-02-27,49019,0.009396068,0.009329410269856453,0.52,0.0037588411942124367,0.008572682738304138,0.020672278478741646
2,4,2607,2024-02-27,49021,0.048250742,0.047815144062042236,0.58,0.0021738065406680107,0.047393955290317535,0.054123908281326294
2,4,2611,2024-02-27,49031,0.01609151,0.01661216840147972,0.075,0.0010095300385728478,0.01595846749842167,0.019614191725850105
2,4,2622,2024-02-27,49053,0.016290367,0.01777755096554756,0.1,0.0058575826697051525,0.015661856159567833,0.034568894654512405
2,4,2623,2024-02-27,49057,0.0094907675,0.00995866023004055,0.06,0.001977827399969101,0.009415187872946262,0.015715373679995537
2,4,2633,2024-02-27,50019,0.029363623,0.01035066694021225,0.925,0.00740562891587615,0.007722174748778343,0.030506109818816185
2,4,2634,2024-02-27,50021,0.013952796,0.006491568870842457,0.9,0.002994916634634137,0.0056549864821136,0.015182428061962128
2,4,2637,2024-02-27,50027,0.025641361,0.010741795413196087,0.875,0.006428046617656946,0.009124553762376308,0.027465814724564552
2,4,2638,2024-02-27,51031,0.001568182,0.001547125051729381,0.67,4.480581628740765e-05,0.0015338200610131025,0.0016716757090762258
2,5,0,2019-03-13,01001,0.001718245,0.0017126935999840498,0.85,3.246586857130751e-06,0.001709834672510624,0.0017205113545060158
2,5,12,2019-03-13,01091,0.001479222,0.0014355401508510113,0.995,1.696156687103212e-05,0.001421320135705173,0.0014794685412198305
2,5,13,2019-03-13,01105,0.009385918,0.00940706767141819,0.02,8.30724457046017e-06,0.009384620934724808,0.009414352476596832
2,5,14,2019-03-13,01111,0.0016226592,0.001597994240000844,0.94,1.0250716513837688e-05,0.0015917625278234482,0.0016274129739031196
2,5,22,2019-03-13,06073,0.0010327386,0.0010576355271041393,0.04,2.6588162654661573e-05,0.001029408536851406,0.0011259630555287004
2,5,28,2019-03-13,08063,0.19135244,0.19141346216201782,0.48,0.001150861382484436,0.18827369809150696,0.192088320851326
2,5,33,2019-03-13,13233,0.015785512,0.015814650803804398,0.11,1.4452186405833345e-05,0.015776023268699646,0.0158256646245718
2,5,35,2019-03-13,17025,0.0047042836,0.00444179680198431,0.91,0.00011068355524912477,0.004397304262965918,0.004765608347952366
2,5,40,2019-03-13,17069,0.01778054,0.017599010840058327,0.74,0.0002300396008649841,0.01747376285493374,0.018246231600642204
2,5,44,2019-03-13,17087,0.009982405,0.009585216641426086,0.71,0.000573948840610683,0.009378929622471333,0.01141209714114666
2,5,52,2019-03-13,17185,0.009307171,0.009427011013031006,0.1,0.00034986442187801003,0.009265237487852573,0.010423385538160801
2,5,60,2019-03-13,18061,0.0052143373,0.005391452461481094,0.365,0.0009113065316341817,0.005038068629801273,0.00807492807507515
2,5,64,2019-03-13,18089,0.00302014,0.003324029967188835,0.09,0.0006422745063900948,0.0029674796387553215,0.005104687064886093
2,5,67,2019-03-13,18121,0.005229114,0.005215075798332691,0.53,0.00020948580640833825,0.005143443588167429,0.0057792444713413715
2,5,68,2019-03-13,18125,0.012377137,0.011731572449207306,0.705,0.0007360662566497922,0.011251360177993774,0.01364773977547884
2,5,75,2019-03-13,18155,0.0064505786,0.006177746690809727,0.58,0.0008144809398800135,0.005407908000051975,0.008239845745265484
2,5,79,2019-03-13,20007,0.0101602655,0.011039184406399727,0.225,0.0032931671012192965,0.00905157532542944,0.0203599501401186
2,5,80,2019-03-13,20039,0.037472583,0.03747613728046417,0.495,0.0009831773350015283,0.03718923404812813,0.04041600599884987
2,5,82,2019-03-13,20063,0.012298565,0.012315230444073677,0.45,0.0005929023027420044,0.012241600081324577,0.014296820387244225
2,5,94,2019-03-13,21007,0.064124756,0.06409330666065216,0.615,0.000150199412018992,0.0636795237660408,0.06416375190019608
2,5,98,2019-03-13,21035,0.008996555,0.008935210295021534,0.515,0.0010321426670998335,0.008075954392552376,0.011655529960989952
2,5,101,2019-03-13,21047,0.00497961,0.005163015332072973,0.255,0.0006322707631625235,0.004652583040297031,0.006961076986044645
2,5,112,2019-03-13,21107,0.0053552645,0.005088808014988899,0.66,0.0004602018743753433,0.004712542984634638,0.006416832096874714
2,5,114,2019-03-13,21143,0.025364693,0.025369498878717422,0.395,1.540052289783489e-05,0.02533344365656376,0.02538764849305153
2,5,122,2019-03-13,21203,0.008637193,0.007540208753198385,0.665,0.001773968106135726,0.006348739843815565,0.012276759371161461
2,5,130,2019-03-13,21233,0.006694509,0.00694171991199255,0.27,0.0005120374844409525,0.006475352682173252,0.00814107432961464
2,5,133,2019-03-13,22111,0.004600091,0.00449905963614583,0.985,3.9878701500128955e-05,0.004444644786417484,0.004608477465808392
2,5,139,2019-03-13,26155,0.03494562,0.03506556153297424,0.355,0.00021856487728655338,0.03455214574933052,0.035256315022706985
2,5,143,2019-03-13,28019,0.006355762,0.006512438412755728,0.0,5.736326056648977e-05,0.00635643070563674,0.006557317916303873
2,5,145,2019-03-13,28061,0.0023906615,0.002398781944066286,0.035,3.5307734833622817e-06,0.0023901343811303377,0.0024019284173846245
2,5,146,2019-03-13,28075,0.0017123558,0.001613645814359188,0.97,4.1211911593563855e-05,0.001576696871779859,0.0017263167537748814
2,5,158,2019-03-13,29510,0.0027061207,0.0030153398402035236,0.135,0.0006252001621760428,0.0025919978506863117,0.0047097536735236645
2,5,164,2019-03-13,34035,0.0009259815,0.0009345052530989051,0.26,1.0546705198066775e-05,0.0009084476041607559,0.0009570799302309752
2,5,166,2019-03-13,35025,0.015173541,0.01282976008951664,0.68,0.003992826212197542,0.009830357506871223,0.024425247684121132
2,5,170,2019-03-13,39011,0.009812846,0.012242520228028297,0.165,0.003577018156647682,0.009181961417198181,0.020225107669830322
2,5,173,2019-03-13,39027,0.10337511,0.10330432653427124,0.67,0.00019996175251435488,0.10281535238027573,0.10347490757703781
2,5,174,2019-03-13,39029,0.004371299,0.0043776510283350945,0.495,0.0004890969139523804,0.004015783313661814,0.0054167211055755615
2,5,178,2019-03-13,39049,0.0032811018,0.0033724806271493435,0.075,0.00016958292690105736,0.003258588258177042,0.0037906067445874214
2,5,199,2019-03-13,40031,0.0075160284,0.007765959016978741,0.15,0.0006375865777954459,0.007417621091008186,0.009449557401239872
2,5,208,2019-03-13,40075,0.013401605,0.014125287532806396,0.175,0.0019246037118136883,0.01285652443766594,0.01902659609913826
2,5,210,2019-03-13,40085,0.005065748,0.005105246789753437,0.36,0.00021820701658725739,0.004924300592392683,0.005683486815541983
2,5,216,2019-03-13,40149,0.015231869,0.01569058746099472,0.41,0.00392045546323061,0.0131142633035779,0.025631893426179886
2,5,218,2019-03-13,40153,0.013287573,0.013915034011006355,0.38,0.0036002486012876034,0.011662677861750126,0.02411804348230362
2,5,219,2019-03-13,42073,0.002176684,0.001971414778381586,0.855,0.00011527581955306232,0.0018959520384669304,0.0022641890682280064
2,5,225,2019-03-13,47189,0.0017627089,0.0019074026495218277,0.175,0.00034979829797521234,0.0016730898059904575,0.0028897549491375685
2,5,233,2019-03-13,48075,0.012099218,0.012552770785987377,0.355,0.0025467940140515566,0.010446226224303246,0.019145114347338676
2,5,235,2019-03-13,48081,0.0059666974,0.006001725792884827,0.275,7.297380216186866e-05,0.005944820586591959,0.0061909812502563
2,5,236,2019-03-13,48085,0.0033878933,0.00345526821911335,0.2,0.00010537679918343201,0.0033441525883972645,0.0037070002872496843
2,5,238,2019-03-13,48101,0.012222499,0.01290456485003233,0.335,0.003268483094871044,0.010669595561921597,0.021496625617146492
2,5,250,2019-03-13,48139,0.0028709737,0.002977114636451006,0.395,0.0006273286417126656,0.0024955417029559612,0.004674325697124004
2,5,257,2019-03-13,48179,0.013745086,0.014652660116553307,0.38,0.005189206451177597,0.011354434303939342,0.028295321390032768
2,5,261,2019-03-13,48191,0.0240211,0.024093104526400566,0.445,0.0014934355858713388,0.023395752534270287,0.028434453532099724
2,5,263,2019-03-13,48203,0.003801199,0.0037240847013890743,0.905,3.8010617572581396e-05,0.003681953763589263,0.00382184237241745
2,5,264,2019-03-13,48205,0.024285076,0.02316722273826599,0.665,0.0017968254396691918,0.020464688539505005,0.0258641354739666
2,5,270,2019-03-13,48227,0.008143206,0.008718610741198063,0.375,0.002689094515517354,0.007273322902619839,0.015598637983202934
2,5,272,2019-03-13,48233,0.11600878,0.11613114178180695,0.455,0.002337247133255005,0.11001887172460556,0.11836764961481094
2,5,276,2019-03-13,48253,0.03010732,0.030130719766020775,0.315,0.00017598077829461545,0.030060069635510445,0.0306469164788723
2,5,278,2019-03-13,48267,0.019685341,0.019668009132146835,0.505,0.00035906187258660793,0.0188303105533123,0.020027436316013336
2,5,284,2019-03-13,48317,0.013004747,0.013087747618556023,0.455,0.0005670515820384026,0.011979038827121258,0.013894416391849518
2,5,290,2019-03-13,48349,0.004613959,0.004550829529762268,0.57,0.00030633469577878714,0.004240353126078844,0.005268101114779711
2,5,292,2019-03-13,48357,0.023622785,0.026264362037181854,0.275,0.006342575419694185,0.020827241241931915,0.0416681207716465
2,5,304,2019-03-13,48399,0.028648501,0.028624746948480606,0.66,5.778949707746506e-05,0.028484154492616653,0.028676390647888184
2,5,309,2019-03-13,48433,0.009733754,0.010684375651180744,0.25,0.0027414564974606037,0.008796862326562405,0.01798589713871479
2,5,316,2019-03-13,48467,0.0023243304,0.0023235194385051727,0.515,7.353972614509985e-05,0.0022606467828154564,0.0025137350894510746
2,5,318,2019-03-13,48483,0.0130162425,0.01424744538962841,0.305,0.0035689696669578552,0.011729896068572998,0.02337614819407463
2,5,330,2021-03-26,01041,0.0020115636,0.0020068432204425335,1.0,1.9044159671466332e-06,0.002003906760364771,0.0020115298684686422
2,5,338,2021-03-26,01091,0.0028846345,0.0028720851987600327,0.995,4.914332293992629e-06,0.002868667943403125,0.002884673187509179
2,5,341,2021-03-26,01099,0.0027097818,0.0027079437859356403,0.785,2.163152203138452e-06,0.0027033574879169464,0.0027115424163639545
2,5,342,2021-03-26,01103,0.00595477,0.005949689541012049,0.755,4.292328867450124e-06,0.005947311874479055,0.005960836540907621
2,5,343,2021-03-26,01111,0.023296917,0.023333478718996048,0.07,1.7836044207797386e-05,0.023293262347579002,0.023349717259407043
2,5,348,2021-03-26,05037,0.0067766793,0.006776212248951197,0.94,5.849562398907437e-07,0.006774640642106533,0.006777103058993816
2,5,350,2021-03-26,05041,0.0039661545,0.003964710980653763,0.62,3.3888607049448183e-06,0.0039598457515239716,0.003970988094806671
2,5,361,2021-03-26,08023,0.00090142805,0.0007594740600325167,0.85,8.538725523976609e-05,0.0006689429865218699,0.0010002062190324068
2,5,364,2021-03-26,08063,0.0019074733,0.0019079888006672263,0.425,2.124957518390147e-06,0.001903651631437242,0.0019120997749269009
2,5,371,2021-03-26,13015,0.012973334,0.01298220269382,0.26,6.900826974742813e-06,0.012964773923158646,0.012985846027731895
2,5,374,2021-03-26,13091,0.0020527674,0.0019761957228183746,0.925,4.0216506022261456e-05,0.001912709092721343,0.002070023911073804
2,5,387,2021-03-26,13255,0.0014899012,0.0014678086154162884,0.765,1.7199432477355003e-05,0.001450201845727861,0.0015075295232236385
2,5,389,2021-03-26,13291,0.0036433851,0.003586546517908573,0.8,3.735049540409818e-05,0.0035640981514006853,0.0036790308076888323
2,5,390,2021-03-26,13303,0.00273342,0.0027038732077926397,0.94,1.3757818123849574e-05,0.0026850898284465075,0.002737882547080517
2,5,393,2021-03-26,16001,0.0015849634,0.001593997236341238,0.335,5.088565740152262e-05,0.001577950781211257,0.0017349357949569821
2,5,394,2021-03-26,16005,0.0019018903,0.0019177317153662443,0.445,0.00024573682458139956,0.001797321136109531,0.0026050920132547617
2,5,395,2021-03-26,16007,0.00065369107,0.0006672343006357551,0.305,5.607768980553374e-05,0.0006104099447838962,0.000818784988950938
2,5,397,2021-03-26,16013,0.0011959332,0.0013005422661080956,0.175,0.00023222003073897213,0.0010956033365800977,0.001966479467228055
2,5,409,2021-03-26,16047,0.0045424434,0.0045191580429673195,0.585,0.0002106502215610817,0.003976353444159031,0.004676930606365204
2,5,414,2021-03-26,16059,0.019639589,0.019671764224767685,0.35,8.90508817974478e-05,0.019432934001088142,0.019784828647971153
2,5,426,2021-03-26,17021,0.023965796,0.023960813879966736,0.78,4.82758105135872e-06,0.023953618481755257,0.023970993235707283
2,5,432,2021-03-26,17069,0.0021331906,0.0021353824995458126,0.245,2.489853613951709e-06,0.0021285817492753267,0.0021410498302429914
2,5,434,2021-03-26,17087,0.0021510401,0.002149090636521578,0.59,5.931800387770636e-06,0.0021350469905883074,0.002156028989702463
2,5,442,2021-03-26,17185,0.003548824,0.003549976274371147,0.425,5.364261596696451e-06,0.0035428437404334545,0.0035604138392955065
2,5,447,2021-03-26,18013,0.005537296,0.005538376979529858,0.2,1.0592495982564287e-06,0.005537086632102728,0.005540373269468546
2,5,461,2021-03-26,18105,0.002041986,0.002041065599769354,0.53,9.23661809792975e-06,0.002028194023296237,0.0020587861072272062
2,5,462,2021-03-26,18109,0.0056189904,0.005616694688796997,0.655,3.5738969472731696e-06,0.0056119635701179504,0.005622929893434048
2,5,464,2021-03-26,18125,0.0031143886,0.0031132737640291452,0.545,6.4537675825704355e-06,0.0031032089609652758,0.0031250123865902424
2,5,467,2021-03-26,18145,0.0039439765,0.003953023813664913,0.245,1.4724042557645589e-05,0.003939981106668711,0.00398634560406208
2,5,469,2021-03-26,18155,0.009304562,0.009305248036980629,0.41,3.235724307160126e-06,0.009301822632551193,0.009312732145190239
2,5,475,2021-03-26,20039,0.003467432,0.0034685153514146805,0.435,5.240270638751099e-06,0.0034592309966683388,0.003479807171970606
2,5,478,2021-03-26,20063,0.000971914,0.0009678244823589921,0.575,3.084823038079776e-05,0.0009071315871551633,0.0010541611118242145
2,5,481,2021-03-26,20089,0.0015810487,0.0015465307515114546,0.82,3.9129474316723645e-05,0.001463432447053492,0.0016283149598166347
2,5,488,2021-03-26,20163,0.0009396919,0.0009101992473006248,0.655,6.043610846973024e-05,0.0008052292396314442,0.0010937622282654047
2,5,496,2021-03-26,21007,0.0024810473,0.0024818896781653166,0.48,6.724934337398736e-06,0.0024674737360328436,0.0024902494624257088
2,5,498,2021-03-26,21035,0.0022246803,0.002224853727966547,0.475,2.2645956505584763e-06,0.0022211121395230293,0.0022288416512310505
2,5,500,2021-03-26,21047,0.0025020053,0.002505465177819133,0.15,4.246467597113224e-06,0.0025007736403495073,0.0025135346222668886
2,5,505,2021-03-26,21085,0.004657853,0.0046578156761825085,0.515,1.167924665423925e-06,0.004655451513826847,0.00465941010043025
2,5,506,2021-03-26,21093,0.0020849013,0.002091497415676713,0.28,1.0258435395371635e-05,0.002082166960462928,0.002112088492140174
2,5,509,2021-03-26,21107,0.00205065,0.0020494083873927593,0.585,3.4567017337394645e-06,0.002044453052803874,0.0020549772307276726
2,5,512,2021-03-26,21143,0.002172601,0.0021737362258136272,0.445,3.5423508961685e-06,0.002166999503970146,0.0021790270693600178
2,5,522,2021-03-26,21233,0.0022930987,0.0022974929306656122,0.27,5.838245215272764e-06,0.0022891084663569927,0.002307154471054673
2,5,525,2021-03-26,22111,0.0040316223,0.0040327706374228,0.095,1.000278416540823e-06,0.004031085409224033,0.00403553294017911
2,5,528,2021-03-26,24001,0.00621327,0.006262919865548611,0.42,0.00017059623496606946,0.005909919273108244,0.00659536337479949
2,5,537,2021-03-26,24035,0.0032422428,0.0030957150738686323,0.98,6.137719174148515e-05,0.0030291310977190733,0.003245333442464471
2,5,542,2021-03-26,25009,0.0038546799,0.0035395121667534113,0.695,0.00046701423707418144,0.0033173942938447,0.004916960373520851
2,5,548,2021-03-26,25025,0.0030317595,0.003263181773945689,0.04,0.0003481833846308291,0.0029933322221040726,0.00427274638786912
2,5,557,2021-03-26,28071,0.003755722,0.0037524555809795856,0.865,1.7957707996174577e-06,0.0037505547516047955,0.003756608348339796
2,5,561,2021-03-26,28115,0.0070431153,0.007040067575871944,0.915,1.4240976042856346e-06,0.007038938347250223,0.007043333724141121
2,5,571,2021-03-26,29201,0.0016536393,0.001655795145779848,0.335,4.047655238537118e-06,0.0016449809772893786,0.0016635959036648273
2,5,573,2021-03-26,30009,0.015376249,0.015376570634543896,0.5,0.0003503714979160577,0.014493051916360855,0.01564660668373108
2,5,574,2021-03-26,30011,0.0069757253,0.006319738458842039,0.725,0.0006171553977765143,0.00582500733435154,0.007931328378617764
2,5,578,2021-03-26,30023,0.009840443,0.009380201809108257,0.695,0.0006572578568011522,0.008822503499686718,0.011365934275090694
2,5,581,2021-03-26,30037,0.0061005047,0.005186630878597498,0.635,0.0014602115843445063,0.004123461898416281,0.009354814887046814
2,5,587,2021-03-26,30063,0.012382391,0.012412085197865963,0.48,0.0014260284369811416,0.010441678576171398,0.016077294945716858
2,5,589,2021-03-26,30067,0.004733045,0.00548622477799654,0.105,0.000756082939915359,0.0043860385194420815,0.007321133743971586
2,5,594,2021-03-26,30081,0.007566041,0.007062655873596668,0.69,0.001054729800671339,0.005742706824094057,0.010177083313465118
2,5,615,2021-03-26,34015,0.0031659266,0.003129031043499708,0.69,7.483965600840747e-05,0.0030361167155206203,0.0033158876467496157
2,5,616,2021-03-26,34017,0.0015114162,0.0015240521170198917,0.205,3.1112802389543504e-05,0.0014930807519704103,0.00161047896835953
2,5,620,2021-03-26,34025,0.003181728,0.0031729983165860176,0.62,1.5795616491232067e-05,0.003148597665131092,0.003197529586032033
2,5,623,2021-03-26,34035,0.0018604066,0.0018826171290129423,0.32,0.00010297234985046089,0.001805177191272378,0.0021846494637429714
2,5,633,2021-03-26,36043,0.00973281,0.008703666739165783,0.94,0.0003800709964707494,0.008506080135703087,0.0097867576405406
2,5,638,2021-03-26,36063,0.0061360495,0.006056126672774553,0.645,0.00012398161925375462,0.005965121556073427,0.006363206543028355
2,5,639,2021-03-26,36071,0.002826555,0.0026508013252168894,0.81,0.0001253888476639986,0.002510599559172988,0.0029866788536310196
2,5,640,2021-03-26,36073,0.009190147,0.008933966979384422,0.685,0.00023585105373058468,0.008794010616838932,0.009535166434943676
2,5,644,2021-03-26,36095,0.015552034,0.014717536978423595,0.89,0.0004937804769724607,0.013911217451095581,0.01593422144651413
2,5,652,2021-03-26,37053,0.0020113457,0.0019955825991928577,0.59,4.476790127228014e-05,0.001933486433699727,0.002081060316413641
2,5,654,2021-03-26,37081,0.0013405418,0.001360044814646244,0.25,3.0355215130839497e-05,0.0013298076810315251,0.0014310280093923211
2,5,659,2021-03-26,37151,0.0019407487,0.0019021662883460522,0.58,0.00011385414836695418,0.0018123247427865863,0.002200942486524582
2,5,661,2021-03-26,39003,0.008805566,0.008841458708047867,0.19,7.841450133128092e-05,0.008795949630439281,0.009026640094816685
2,5,662,2021-03-26,39011,0.007877275,0.007898515090346336,0.285,5.549590059672482e-05,0.00786641426384449,0.008033229038119316
2,5,668,2021-03-26,39027,0.021044996,0.021043196320533752,0.58,1.1483589332783595e-05,0.021016785874962807,0.021057596430182457
2,5,669,2021-03-26,39029,0.0052094874,0.005214751698076725,0.34,2.1060188373667188e-05,0.005194139201194048,0.005270767956972122
2,5,672,2021-03-26,39035,0.010368587,0.010614726692438126,0.175,0.00023657661222387105,0.010130672715604305,0.011080221273005009
2,5,676,2021-03-26,39049,0.0047955783,0.004830480087548494,0.065,3.394275336177088e-05,0.0047843921929597855,0.004907967522740364
2,5,678,2021-03-26,39057,0.0063132206,0.006324016489088535,0.17,8.659381819597911e-06,0.006307607516646385,0.006340266205370426
2,5,694,2021-03-26,39113,0.002291597,0.0023102618288248777,0.11,3.537820157362148e-05,0.0022866823710501194,0.0023966676089912653
2,5,699,2021-03-26,39149,0.012543604,0.01254509761929512,0.475,1.1907000043720473e-05,0.01251982431858778,0.012554659508168697
2,5,709,2021-03-26,41017,0.005218193,0.005972197279334068,0.065,0.0003626929537858814,0.005099232774227858,0.006415681913495064
2,5,714,2021-03-26,41037,0.0010566976,0.0008916216902434826,0.86,9.452370431972668e-05,0.0008092238567769527,0.0011416389606893063
2,5,722,2021-03-26,42021,0.008958027,0.00895838811993599,0.5,0.0001977133215405047,0.00852187443524599,0.009299833327531815
2,5,723,2021-03-26,42029,0.0021674742,0.002125808037817478,0.815,7.554459443781525e-05,0.0019363954197615385,0.002234363928437233
2,5,729,2021-03-26,42069,0.0081493715,0.007501891348510981,0.87,0.00045016422518529,0.006670295260846615,0.008601781912147999
2,5,730,2021-03-26,42071,0.0017755504,0.0017693503759801388,0.765,1.0681574167392682e-05,0.001752595417201519,0.0017940521938726306
2,5,731,2021-03-26,42073,0.024141604,0.024197176098823547,0.15,5.3754480177303776e-05,0.02410847693681717,0.02432984672486782
2,5,743,2021-03-26,45037,0.0017155556,0.001683507696725428,0.7,2.861651410057675e-05,0.0016584541881456971,0.0017524532740935683
2,5,747,2021-03-26,45071,0.001290954,0.0012648763367906213,0.765,2.182646858273074e-05,0.001241781166754663,0.0013127026613801718
2,5,751,2021-03-26,46007,0.001676798,0.0015336083015426993,0.785,0.00010612210462568328,0.0014381195651367307,0.0017874072073027492
2,5,753,2021-03-26,46017,0.0028050956,0.0027119212318211794,0.66,0.00016788090579211712,0.002546348376199603,0.0031459606252610683
2,5,758,2021-03-26,46031,0.009242089,0.009351962246000767,0.335,0.0002661815960891545,0.008828749880194664,0.009986234828829765
2,5,760,2021-03-26,46037,0.0018724591,0.001880539464764297,0.435,0.00010112898598890752,0.001776896184310317,0.0021516899578273296
2,5,767,2021-03-26,46055,0.003953189,0.003760790452361107,0.78,0.00015675374015700072,0.003603560384362936,0.004120483063161373
2,5,768,2021-03-26,46057,0.0016144223,0.001610655221156776,0.525,9.027801570482552e-05,0.0015100736636668444,0.001854487112723291
2,5,773,2021-03-26,46071,0.0017783177,0.0017530997283756733,0.59,6.739400851074606e-05,0.0016908789984881878,0.0019081387436017394
2,5,790,2021-03-26,46123,0.0013693008,0.0013637011870741844,0.595,2.6940131647279486e-05,0.0013015617150813341,0.001418569590896368
2,5,791,2021-03-26,46129,0.0051434212,0.005152191035449505,0.485,0.00019795233674813062,0.00483305100351572,0.005610699765384197
2,5,807,2021-03-26,47149,0.006091278,0.006094137206673622,0.395,1.2620172128663398e-05,0.006088194902986288,0.006131174974143505
2,5,808,2021-03-26,47155,0.0036555382,0.0036235013976693153,0.91,1.5048762179503683e-05,0.0036132626701146364,0.0036638679448515177
2,5,810,2021-03-26,47163,0.0037186872,0.0037176671903580427,0.545,1.060038721334422e-05,0.003704972332343459,0.003738749073818326
2,5,811,2021-03-26,47181,0.0048438315,0.004841117188334465,0.735,2.5656156594777713e-06,0.004838590510189533,0.004846442025154829
2,5,812,2021-03-26,47189,0.0068067713,0.006811152212321758,0.365,1.4088605894357897e-05,0.006802912801504135,0.00684669753536582
2,5,820,2021-03-26,49047,0.003136927,0.0031859450973570347,0.15,2.7268953999737278e-05,0.003109711455181241,0.003211598377674818
2,5,823,2021-03-26,51043,0.0034760456,0.0035330750979483128,0.205,3.723145346157253e-05,0.003437105333432555,0.003562161000445485
2,5,833,2021-03-26,53017,0.0015066747,0.0015559988096356392,0.09,6.889718497404829e-05,0.001484690816141665,0.0017184155294671655
2,5,837,2021-03-26,53063,0.0032765795,0.003982055000960827,0.055,0.0006388099864125252,0.003177591832354665,0.005364547483623028
2,5,840,2021-03-26,53077,0.010796289,0.01111587230116129,0.045,0.00022660306422039866,0.010717718861997128,0.011671657674014568
2,5,844,2021-03-26,54057,0.008108744,0.00756096001714468,0.87,0.0003687012358568609,0.006865639239549637,0.008416463620960712
2,5,847,2021-03-26,56001,0.0030702879,0.003376549808308482,0.345,0.0017670750385150313,0.0021159774623811245,0.00836691353470087
2,5,850,2021-03-26,56007,0.0017562613,0.0016525040846318007,0.59,0.0006272444152273238,0.0011947727762162685,0.0034147859551012516
2,5,851,2021-03-26,56009,0.002410262,0.0024442963767796755,0.485,0.001245135790668428,0.0017151575302705169,0.006314858794212341
2,5,867,2021-12-11,01083,0.003769592,0.003753110533580184,0.615,3.9735521568218246e-05,0.003724579466506839,0.0038587013259530067
2,5,875,2021-12-11,04017,0.0063171163,0.006305293180048466,0.62,9.241815860150382e-05,0.0060797929763793945,0.006414468865841627
2,5,879,2021-12-11,05019,0.005026954,0.005060046911239624,0.165,1.792811781342607e-05,0.005012935493141413,0.005069533362984657
2,5,884,2021-12-11,05047,0.0025198574,0.0025123353116214275,0.605,1.926743789226748e-05,0.0025011147372424603,0.0025665629655122757
2,5,894,2021-12-11,05119,0.003654211,0.003651160281151533,0.57,1.2845612218370661e-05,0.0036471534986048937,0.0036879752296954393
2,5,896,2021-12-11,06003,0.019179048,0.01871643215417862,0.86,0.00032131210900843143,0.018486594781279564,0.019842024892568588
2,5,907,2021-12-11,06035,0.007178742,0.0071669998578727245,0.56,0.00010430043039377779,0.007068791892379522,0.007483941037207842
2,5,916,2021-12-11,06063,0.13008861,0.1318134218454361,0.17,0.0011164217721670866,0.128665030002594,0.13279087841510773
2,5,920,2021-12-11,06073,0.004331124,0.004381006117910147,0.065,0.00010936700709862635,0.004321396350860596,0.004666563589125872
2,5,921,2021-12-11,06077,0.0059709447,0.006002826150506735,0.055,0.000268949952442199,0.005968451499938965,0.006842783186584711
2,5,923,2021-12-11,06089,0.008896327,0.009054820984601974,0.255,0.000199102345504798,0.008749187923967838,0.009483969770371914
2,5,926,2021-12-11,06095,0.0028599156,0.0028663966804742813,0.045,0.00032557363738305867,0.0028596140909940004,0.004024440422654152
2,5,928,2021-12-11,06099,0.0042341664,0.004255709238350391,0.015,0.00021267593547236174,0.004233099985867739,0.0049532377161085606
2,5,931,2021-12-11,06107,0.0025392862,0.002566203474998474,0.25,8.152841473929584e-05,0.0025141905061900616,0.0027908997144550085
2,5,944,2021-12-11,08021,0.061323866,0.061108313500881195,0.67,0.00043721491238102317,0.0597335509955883,0.06175002083182335
2,5,945,2021-12-11,08023,0.036040626,0.03615470603108406,0.195,0.00012232427252456546,0.035899437963962555,0.03637925162911415
2,5,947,2021-12-11,08031,0.010486201,0.010358753614127636,0.74,0.0005287367384880781,0.008786982856690884,0.010699693113565445
2,5,956,2021-12-11,08063,0.009173914,0.009766407310962677,0.415,0.004268285818397999,0.006715348921716213,0.020512552931904793
2,5,964,2021-12-11,08087,0.0018136646,0.0017066559521481395,0.615,0.0002031190088018775,0.0016173110343515873,0.0022964668460190296
2,5,971,2021-12-11,08119,0.09259607,0.09303425252437592,0.075,0.00018100050510838628,0.09247279167175293,0.09314431250095367
2,5,973,2021-12-11,08123,0.002304126,0.002184558194130659,0.63,0.0002768878184724599,0.001979140331968665,0.002872977638617158
2,5,979,2021-12-11,16005,0.013405188,0.013386407867074013,0.625,0.00011270181130385026,0.01309374999254942,0.013475535437464714
2,5,981,2021-12-11,16013,0.0011290323,0.001195987919345498,0.1,9.40023674047552e-05,0.001097860629670322,0.0014510131441056728
2,5,999,2021-12-11,17061,0.0031708453,0.003458096645772457,0.11,0.0008490859181620181,0.0030934116803109646,0.00615799380466342
2,5,1004,2021-12-11,17083,0.002723033,0.0028635391499847174,0.19,0.00047549622831866145,0.0026447244454175234,0.0042437175288796425
2,5,1005,2021-12-11,17085,0.015418498,0.01855301484465599,0.125,0.007419256493449211,0.01528883632272482,0.03609497845172882
2,5,1010,2021-12-11,17101,0.004049225,0.0039170351810753345,0.675,0.00021391855261754245,0.003826643107458949,0.004567198920994997
2,5,1014,2021-12-11,17109,0.0071479892,0.012785186059772968,0.19,0.009016982279717922,0.005871874745935202,0.03228502348065376
2,5,1015,2021-12-11,17111,0.012174511,0.02041373774409294,0.035,0.016030870378017426,0.01140154991298914,0.05449827387928963
2,5,1016,2021-12-11,17115,0.002932915,0.0031247450970113277,0.085,0.0004668432520702481,0.002855070400983095,0.004483676981180906
2,5,1019,2021-12-11,17129,0.0355427,0.0335126593708992,0.71,0.0026466581039130688,0.033290013670921326,0.042150456458330154
2,5,1031,2021-12-11,17197,0.006847978,0.008287118747830391,0.05,0.007749209646135569,0.0066492753103375435,0.030836373567581177
2,5,1035,2021-12-11,18009,0.009878976,0.01093890331685543,0.11,0.002269414719194174,0.00959421694278717,0.01724977046251297
2,5,1036,2021-12-11,18013,0.04183981,0.04234091565012932,0.245,0.0003821358841378242,0.041352659463882446,0.04254318028688431
2,5,1040,2021-12-11,18023,0.010201431,0.010783499106764793,0.28,0.001563946483656764,0.009742185473442078,0.014727379195392132
2,5,1041,2021-12-11,18027,0.0071250172,0.007149579934775829,0.37,0.00013621880498249084,0.007085764314979315,0.007557446602731943
2,5,1047,2021-12-11,18045,0.051735,0.05180720239877701,0.395,0.00024550591479055583,0.05112503841519356,0.05196484550833702
2,5,1056,2021-12-11,18089,0.0075022033,0.008413957431912422,0.01,0.0023693626280874014,0.007484818808734417,0.015652300789952278
2,5,1061,2021-12-11,18105,0.0105258785,0.010477922856807709,0.62,0.0002614925033412874,0.009822005406022072,0.01066453568637371
2,5,1066,2021-12-11,18121,0.0038659482,0.0038708262145519257,0.5,0.0007970180595293641,0.0033853359054774046,0.005988339893519878
2,5,1071,2021-12-11,18139,0.011174711,0.011193668469786644,0.5,0.0011036312207579613,0.010285078547894955,0.013909111730754375
2,5,1072,2021-12-11,18145,0.00885309,0.009154124185442924,0.285,0.0007560725207440555,0.008585282601416111,0.011073662899434566
2,5,1079,2021-12-11,18181,0.011086917,0.010757672600448132,0.575,0.0019023920176550746,0.00972024817019701,0.01592116616666317
2,5,1095,2021-12-11,19029,0.02240505,0.03122555837035179,0.055,0.010744496248662472,0.02093588002026081,0.053005050867795944
2,5,1097,2021-12-11,19033,0.054783627,0.05437062308192253,0.51,0.00532396649941802,0.046553995460271835,0.06419556587934494
2,5,1099,2021-12-11,19037,0.01300864,0.0166561771184206,0.21,0.009642341174185276,0.01015081349760294,0.04012541472911835
2,5,1100,2021-12-11,19039,0.010090273,0.016550427302718163,0.025,0.012238903902471066,0.009884077124297619,0.04706154763698578
2,5,1106,2021-12-11,19051,0.028452223,0.018669048324227333,0.675,0.01222195290029049,0.008048975840210915,0.04368719086050987
2,5,1113,2021-12-11,19065,0.020145457,0.029343372210860252,0.11,0.010845312848687172,0.017198268324136734,0.0509512796998024
2,5,1125,2021-12-11,19093,0.023530088,0.027350764721632004,0.17,0.007496713660657406,0.02038402110338211,0.04611135646700859
2,5,1130,2021-12-11,19105,0.021445865,0.02768881246447563,0.08,0.009286683984100819,0.021203942596912384,0.04737728834152222
2,5,1137,2021-12-11,19121,0.025634518,0.03721616417169571,0.065,0.012954413890838623,0.023522362112998962,0.06445686519145966
2,5,1143,2021-12-11,19135,0.018816411,0.02394307777285576,0.13,0.008933495730161667,0.01858770288527012,0.041215527802705765
2,5,1144,2021-12-11,19137,0.017909389,0.02860274910926819,0.09,0.010050391778349876,0.01517228502780199,0.046935465186834335
2,5,1145,2021-12-11,19139,0.013078871,0.02877669781446457,0.075,0.014305791817605495,0.011175920255482197,0.05237099528312683
2,5,1153,2021-12-11,19155,0.014192206,0.02170874923467636,0.11,0.008721663616597652,0.01289205253124237,0.038951270282268524
2,5,1164,2021-12-11,19177,0.035410643,0.019244421273469925,0.71,0.01322154700756073,0.007776365615427494,0.04556937515735626
2,5,1168,2021-12-11,19187,0.028365355,0.02751103788614273,0.605,0.0023647858761250973,0.024616112932562828,0.031949255615472794
2,5,1170,2021-12-11,19191,0.13711622,0.1304507553577423,0.835,0.010044748894870281,0.11061983555555344,0.1452959179878235
2,5,1171,2021-12-11,19193,0.011996746,0.01388184167444706,0.19,0.00422781752422452,0.010869768448174,0.024187244474887848
2,5,1172,2021-12-11,19195,0.07172725,0.05976447835564613,0.985,0.010213478468358517,0.04074732959270477,0.07308172434568405
2,5,1175,2021-12-11,20003,0.010998802,0.011392094194889069,0.28,0.0027891546487808228,0.010547914542257786,0.02008216641843319
2,5,1177,2021-12-11,20007,0.02482633,0.030516628175973892,0.135,0.007899430580437183,0.02210322394967079,0.0495540089905262
2,5,1178,2021-12-11,20009,0.02989784,0.026339102536439896,0.675,0.0052842735312879086,0.019471725448966026,0.037325289100408554
2,5,1187,2021-12-11,20039,0.03429415,0.03436028212308884,0.495,0.001378494082018733,0.031369809061288834,0.03569350391626358
2,5,1196,2021-12-11,20063,0.02213496,0.02318168617784977,0.38,0.0034828970674425364,0.020724114030599594,0.032207027077674866
2,5,1206,2021-12-11,20089,0.04135812,0.04748816043138504,0.24,0.007463378831744194,0.03589683398604393,0.06025109067559242
2,5,1208,2021-12-11,20095,0.021271227,0.027120089158415794,0.295,0.008792058564722538,0.01554831676185131,0.043740324676036835
2,5,1214,2021-12-11,20115,0.044046823,0.040950801223516464,0.605,0.006488585378974676,0.031288765370845795,0.05140620842576027
2,5,1218,2021-12-11,20125,0.002692612,0.002996011869981885,0.225,0.000820709450636059,0.0025554292369633913,0.005243802443146706
2,5,1223,2021-12-11,20135,0.033239532,0.03467896580696106,0.435,0.004014230333268642,0.02927366830408573,0.04132118821144104
2,5,1231,2021-12-11,20155,0.016549055,0.018369466066360474,0.225,0.0019030858529731631,0.01597747392952442,0.022612474858760834
2,5,1232,2021-12-11,20157,0.03478587,0.040398009121418,0.27,0.00983493123203516,0.02800891362130642,0.05978928506374359
2,5,1233,2021-12-11,20159,0.014124308,0.01548154465854168,0.21,0.0037489519454538822,0.013899842277169228,0.025120152160525322
2,5,1234,2021-12-11,20161,0.019382685,0.02388375997543335,0.215,0.0069251577369868755,0.015720434486865997,0.03737907111644745
2,5,1235,2021-12-11,20163,0.045568407,0.04469556361436844,0.735,0.001075559644959867,0.04319971427321434,0.046698275953531265
2,5,1248,2021-12-11,20195,0.04472327,0.04391692578792572,0.635,0.0012947041541337967,0.042526643723249435,0.04636082053184509
2,5,1263,2021-12-11,21047,0.05277377,0.05275729298591614,0.745,4.728152634925209e-05,0.05262942239642143,0.05279279500246048
2,5,1269,2021-12-11,21093,0.0044321464,0.00446089543402195,0.22,9.979672176996246e-05,0.004413602873682976,0.004726420156657696
2,5,1272,2021-12-11,21107,0.20643301,0.20648080110549927,0.36,7.921755604911596e-05,0.20628027617931366,0.20654591917991638
2,5,1277,2021-12-11,21141,0.04807466,0.04806530103087425,0.725,3.4962948120664805e-05,0.04796484485268593,0.04808719828724861
2,5,1278,2021-12-11,21143,0.03462454,0.03463960438966751,0.335,3.138502870569937e-05,0.03455518186092377,0.03465808928012848
2,5,1282,2021-12-11,21155,0.01564788,0.015642773360013962,0.585,5.3526528063230217e-05,0.015500457026064396,0.015674546360969543
2,5,1286,2021-12-11,21175,0.0060327225,0.005706410855054855,0.685,0.0004366323119029403,0.005507873836904764,0.00698843551799655
2,5,1289,2021-12-11,21195,0.0056167063,0.005518686957657337,0.665,0.0002679884491953999,0.005466574802994728,0.006413958966732025
2,5,1291,2021-12-11,21199,0.012789424,0.012724792584776878,0.755,0.00023835647152736783,0.012046338059008121,0.012844129465520382
2,5,1292,2021-12-11,21203,0.006479907,0.006259735673666,0.655,0.00043980544432997704,0.006033289711922407,0.007403808180242777
2,5,1297,2021-12-11,21217,0.0074966736,0.007505154237151146,0.2,3.7397989217424765e-05,0.007486588787287474,0.007615282665938139
2,5,1302,2021-12-11,21239,0.0070488118,0.007060258649289608,0.41,0.00010980926163028926,0.006997381336987019,0.007376059424132109
2,5,1317,2021-12-11,26007,0.022787841,0.01576117053627968,0.97,0.0025649345479905605,0.01495247520506382,0.023257946595549583
2,5,1322,2021-12-11,26023,0.010512482,0.011687910184264183,0.095,0.0006558024906553328,0.010358765721321106,0.012553778477013111
2,5,1329,2021-12-11,26041,0.035107277,0.01636015623807907,0.91,0.008180245757102966,0.012576747685670853,0.0402713268995285
2,5,1331,2021-12-11,26047,0.03257807,0.023406334221363068,0.935,0.004690606612712145,0.019976727664470673,0.03299769386649132
2,5,1339,2021-12-11,26069,0.08414232,0.10113926976919174,0.065,0.00817958451807499,0.08248909562826157,0.10779798775911331
2,5,1340,2021-12-11,26071,0.0674306,0.0870523527264595,0.01,0.008204696699976921,0.06725939363241196,0.09319902211427689
2,5,1357,2021-12-11,26111,0.061630208,0.059456486254930496,0.77,0.0014482387341558933,0.058501794934272766,0.06301170587539673
2,5,1364,2021-12-11,26127,0.028782124,0.01942487061023712,0.96,0.005164119880646467,0.011914706788957119,0.029532546177506447
2,5,1365,2021-12-11,26129,0.17565684,0.18950429558753967,0.32,0.011892758309841156,0.16752305626869202,0.20127743482589722
2,5,1366,2021-12-11,26135,0.15193692,0.17223453521728516,0.01,0.010707025416195393,0.15190376341342926,0.18269628286361694
2,5,1367,2021-12-11,26137,0.014476807,0.019566189497709274,0.275,0.006144232582300901,0.013695365749299526,0.03324948251247406
2,5,1369,2021-12-11,26141,0.021775853,0.03284216672182083,0.08,0.00477426266297698,0.021378349512815475,0.03523457050323486
2,5,1375,2021-12-11,26155,0.005438737,0.005022123456001282,0.645,0.0025900707114487886,0.004748526494950056,0.013326473534107208
2,5,1379,2021-12-11,26163,0.029140187,0.025616182014346123,0.97,0.004152481444180012,0.01699853502213955,0.029327739030122757
2,5,1384,2021-12-11,27023,0.006111277,0.005746220704168081,0.75,0.0003300498647149652,0.005534824915230274,0.006746722385287285
2,5,1391,2021-12-11,27047,0.02829607,0.02835702896118164,0.5,0.011136249639093876,0.018426233902573586,0.05403994396328926
2,5,1392,2021-12-11,27049,0.010675726,0.014066159725189209,0.17,0.009377364069223404,0.006870941258966923,0.03863392397761345
2,5,1397,2021-12-11,27079,0.014130885,0.015041179955005646,0.195,0.003229587571695447,0.013464896939694881,0.025729326531291008
2,5,1402,2021-12-11,27099,0.023493825,0.03180608153343201,0.095,0.012133445590734482,0.019973861053586006,0.060499731451272964
2,5,1407,2021-12-11,27117,0.005881496,0.006056383717805147,0.23,0.0006164093501865864,0.005755996331572533,0.007906281389296055
2,5,1410,2021-12-11,27129,0.007061249,0.007901003584265709,0.09,0.0015159551985561848,0.006775755435228348,0.011758222244679928
2,5,1418,2021-12-11,27157,0.02419067,0.023076729848980904,0.71,0.0014948477037250996,0.020549584180116653,0.026819419115781784
2,5,1422,2021-12-11,27171,0.008263143,0.008683020249009132,0.115,0.0008646680507808924,0.008091554045677185,0.011089378967881203
2,5,1425,2021-12-11,29003,0.068465255,0.05968421697616577,0.905,0.006733041722327471,0.0506063774228096,0.0721195787191391
2,5,1435,2021-12-11,29037,0.012976785,0.019845671951770782,0.11,0.009527208283543587,0.011341743171215057,0.0411187969148159
2,5,1443,2021-12-11,29067,0.0020196803,0.0020319321192801,0.425,8.497693488607183e-05,0.001985967857763171,0.0022598369978368282
2,5,1444,2021-12-11,29069,0.004775673,0.004792933817952871,0.265,7.092217856552452e-05,0.004762342199683189,0.004988154396414757
2,5,1447,2021-12-11,29075,0.02779409,0.02851763367652893,0.395,0.0034909695386886597,0.026984794065356255,0.03721292316913605
2,5,1452,2021-12-11,29095,0.0060993764,0.018495988100767136,0.015,0.010880888439714909,0.005697880405932665,0.03959985449910164
2,5,1455,2021-12-11,29111,0.021654826,0.009893685579299927,0.765,0.008916852064430714,0.004322022665292025,0.03225535899400711
2,5,1456,2021-12-11,29113,0.0144443745,0.014461297541856766,0.44,0.00018944121256936342,0.01441019307821989,0.015070997178554535
2,5,1462,2021-12-11,29131,0.011145923,0.011112285777926445,0.64,5.193079778109677e-05,0.011094476096332073,0.011268812231719494
2,5,1468,2021-12-11,29159,0.01339708,0.014123084023594856,0.475,0.0062835244461894035,0.007187036331743002,0.026881789788603783
2,5,1480,2021-12-11,29201,0.0026296983,0.002667379332706332,0.095,6.72122769174166e-05,0.002616408746689558,0.0028617100324481726
2,5,1482,2021-12-11,29211,0.015176786,0.01890641450881958,0.24,0.008011220954358578,0.01497906818985939,0.037501946091651917
2,5,1488,2021-12-11,30037,0.0015275901,0.0015184449730440974,0.62,1.4679819287266582e-05,0.0015039239078760147,0.0015476649859920144
2,5,1489,2021-12-11,30067,0.00062906416,0.000634313968475908,0.14,1.3861098523193505e-05,0.0006242443923838437,0.0006707608117721975
2,5,1501,2021-12-11,35006,0.0053749927,0.0045498996041715145,0.875,0.000410091393860057,0.004364729858934879,0.005695579573512077
2,5,1502,2021-12-11,35009,0.0052456823,0.005819428712129593,0.31,0.0006685970583930612,0.004794119857251644,0.0069137318059802055
2,5,1505,2021-12-11,35019,0.011688082,0.01188649795949459,0.375,0.0006421486032195389,0.011217267252504826,0.013516808860003948
2,5,1511,2021-12-11,35039,0.20478174,0.20518897473812103,0.26,0.0004349777882453054,0.20397073030471802,0.20571698248386383
2,5,1518,2021-12-11,35059,0.012201489,0.012653999030590057,0.35,0.0013357589486986399,0.011388859711587429,0.015856314450502396
2,5,1530,2021-12-11,36033,0.030198751,0.03590506687760353,0.015,0.0024584894999861717,0.029971856623888016,0.0399751290678978
2,5,1533,2021-12-11,36039,0.0045056776,0.00399332121014595,0.895,0.0002279054606333375,0.003875083290040493,0.004709659609943628
2,5,1535,2021-12-11,36043,0.013918648,0.014797206968069077,0.02,0.000389687716960907,0.013879873789846897,0.015328866429626942
2,5,1538,2021-12-11,36051,0.025595812,0.013751605525612831,0.895,0.005461317021399736,0.010770834051072598,0.026964131742715836
2,5,1543,2021-12-11,36063,0.031230452,0.03683149814605713,0.305,0.005640895571559668,0.023389926180243492,0.04085809737443924
2,5,1547,2021-12-11,36073,0.0736561,0.08195466548204422,0.315,0.007633875124156475,0.06695988774299622,0.0892457515001297
2,5,1551,2021-12-11,36091,0.011220488,0.011469822376966476,0.22,0.00017022278916556388,0.011055388487875462,0.011603030376136303
2,5,1552,2021-12-11,36093,0.0029573282,0.002444550860673189,0.77,0.0003779141989070922,0.0021848436444997787,0.0035623267758637667
2,5,1553,2021-12-11,36095,0.009039368,0.009264619089663029,0.125,0.00013210273755248636,0.009020971134305,0.009476926177740097
2,5,1566,2021-12-11,37081,0.0009925938,0.0010416267905384302,0.245,0.00010271511564496905,0.0009526914800517261,0.0013090074062347412
2,5,1567,2021-12-11,37151,0.0011472799,0.001144003588706255,0.52,5.3719842981081456e-05,0.0011011179303750396,0.0012898733839392662
2,5,1570,2021-12-11,39003,0.01564244,0.018159855157136917,0.015,0.0034582207445055246,0.015566430054605007,0.02737714722752571
2,5,1571,2021-12-11,39007,0.0495543,0.05229831486940384,0.125,0.001376182772219181,0.04889225214719772,0.05327685549855232
2,5,1574,2021-12-11,39035,0.0075630597,0.007553204894065857,0.505,0.0008718144381418824,0.007023549173027277,0.009964530356228352
2,5,1577,2021-12-11,39043,0.014389072,0.014873618260025978,0.405,0.002924419939517975,0.01283421739935875,0.022766705602407455
2,5,1579,2021-12-11,39049,0.008286139,0.008641064167022705,0.04,0.0006554569699801505,0.00823881197720766,0.010405603796243668
2,5,1591,2021-12-11,39113,0.010133566,0.010510443709790707,0.055,0.0007319258293136954,0.01004837453365326,0.012591819278895855
2,5,1603,2021-12-11,39171,0.013790377,0.012090765871107578,0.635,0.004250391386449337,0.01027589850127697,0.02432231791317463
2,5,1614,2021-12-11,40093,0.011963864,0.015454679727554321,0.23,0.007206387352198362,0.009838176891207695,0.033024560660123825
2,5,1618,2021-12-11,40153,0.016787756,0.023127373307943344,0.19,0.006875846069306135,0.014374024234712124,0.03642804175615311
2,5,1622,2021-12-11,41037,0.006034258,0.005248391069471836,0.745,0.0009070648229680955,0.004299206659197807,0.007632785942405462
2,5,1624,2021-12-11,42019,0.0046714135,0.004782876931130886,0.125,7.88818288128823e-05,0.004656094126403332,0.004988788161426783
2,5,1627,2021-12-11,42121,0.016317187,0.01769091561436653,0.215,0.0009797753300517797,0.015833158046007156,0.018739428371191025
2,5,1634,2021-12-11,46005,0.0028613762,0.002767567988485098,0.8,7.00591117492877e-05,0.002698216587305069,0.002949174027889967
2,5,1635,2021-12-11,46007,0.001692942,0.00160983856767416,0.82,4.7513800382148474e-05,0.0015693295281380415,0.0017214082181453705
2,5,1640,2021-12-11,46017,0.0016691779,0.0016473112627863884,0.645,3.459434083197266e-05,0.0015979253221303225,0.0017143792938441038
2,5,1643,2021-12-11,46027,0.011815417,0.01133683416992426,0.595,0.0016498264158144593,0.010033562779426575,0.01612815633416176
2,5,1647,2021-12-11,46037,0.0023679314,0.0024461601860821247,0.375,0.00025466197985224426,0.0021919626742601395,0.003075897693634033
2,5,1650,2021-12-11,46043,0.005749898,0.005811462178826332,0.37,0.00034083379432559013,0.005601050797849894,0.006710726767778397
2,5,1656,2021-12-11,46055,0.0014243191,0.0013279786799103022,0.72,8.343631634488702e-05,0.0012438290286809206,0.00152938487008214
2,5,1657,2021-12-11,46057,0.0026692962,0.002937344601377845,0.305,0.0006669409340247512,0.002421192592009902,0.004560982342809439
2,5,1664,2021-12-11,46071,0.0015625732,0.0015362028498202562,0.595,5.259531462797895e-05,0.001483809668570757,0.0016545128310099244
2,5,1688,2021-12-11,46123,0.0024113557,0.0023652936797589064,0.61,0.00011664865451166406,0.002256107749417424,0.0026294952258467674
2,5,1689,2021-12-11,46125,0.012987876,0.01001589186489582,0.805,0.0018381703412160277,0.00881011039018631,0.015027058310806751
2,5,1696,2021-12-11,47027,0.0403539,0.040794141590595245,0.19,0.00028123336960561574,0.040068913251161575,0.040998488664627075
2,5,1711,2021-12-11,47089,0.0018140703,0.0018157190643250942,0.48,0.00011057304800488055,0.0017605068860575557,0.0021463611628860235
2,5,1718,2021-12-11,47123,0.006403299,0.006894567981362343,0.27,0.00046993372961878777,0.005766294430941343,0.007323472294956446
2,5,1719,2021-12-11,47125,0.005509879,0.005514043848961592,0.18,1.0331055818824098e-05,0.005508099216967821,0.005541079677641392
2,5,1724,2021-12-11,47139,0.010720455,0.011446136981248856,0.215,0.0005148039781488478,0.010223174467682838,0.011933480389416218
2,5,1725,2021-12-11,47149,0.006837979,0.0072544049471616745,0.145,0.000718544062692672,0.006576233543455601,0.009004284627735615
2,5,1727,2021-12-11,47155,0.0039646453,0.004234002903103828,0.14,0.0001683175505604595,0.003907438833266497,0.004458303563296795
2,5,1729,2021-12-11,47159,0.0045549185,0.004597150720655918,0.195,0.0001482613879488781,0.004510806407779455,0.005029435735195875
2,5,1733,2021-12-11,47189,0.009790444,0.009588154032826424,0.82,0.00039319260395132005,0.008569590747356415,0.009999527595937252
2,5,1741,2021-12-11,48179,0.008876483,0.011195729486644268,0.15,0.002484602853655815,0.008247803896665573,0.016001781448721886
2,5,1743,2021-12-11,48205,0.011283082,0.011168783530592918,0.755,0.00015820471162442118,0.010870964266359806,0.011447985656559467
2,5,1745,2021-12-11,48233,0.013468472,0.015067149884998798,0.23,0.001707583898678422,0.012697744183242321,0.018286380916833878
2,5,1746,2021-12-11,48315,0.00246331,0.002473903354257345,0.05,5.656082521454664e-06,0.002462145872414112,0.0024843537248671055
2,5,1748,2021-12-11,48357,0.013186395,0.017281372100114822,0.105,0.002888107905164361,0.012451782822608948,0.021771959960460663
2,5,1757,2021-12-11,49003,0.0071965745,0.0071479883044958115,0.91,5.534935917239636e-05,0.007009732071310282,0.007211680989712477
2,5,1760,2021-12-11,49023,0.0014260641,0.0014421206433326006,0.325,8.028627780731767e-05,0.0013669340405613184,0.0016719363629817963
2,5,1773,2021-12-11,50015,0.018480703,0.015467307530343533,0.945,0.0014125871239230037,0.013070509769022465,0.019434669986367226
2,5,1778,2021-12-11,50025,0.011153892,0.01119946874678135,0.195,7.376058056252077e-05,0.011094793677330017,0.011411396786570549
2,5,1783,2021-12-11,51197,0.0076328167,0.007628705818206072,0.545,4.5798838982591406e-05,0.007616092916578054,0.007779296021908522
2,5,1792,2021-12-11,54093,0.022704007,0.02420731447637081,0.14,0.0007561080856248736,0.0223219096660614,0.024770386517047882
2,5,1793,2021-12-11,55001,0.016157659,0.016150884330272675,0.505,0.010063298977911472,0.010947784408926964,0.04169280454516411
2,5,1795,2021-12-11,55015,0.015632913,0.01767587475478649,0.205,0.008986004628241062,0.012849169783294201,0.042823776602745056
2,5,1797,2021-12-11,55019,0.02101116,0.03469995781779289,0.225,0.00949732307344675,0.011316419579088688,0.0421542227268219
2,5,1802,2021-12-11,55029,0.05850289,0.040666647255420685,0.97,0.011343572288751602,0.024419372901320457,0.05862823873758316
2,5,1811,2021-12-11,55055,0.011188677,0.012464415282011032,0.405,0.009327612817287445,0.008648473769426346,0.03416217118501663
2,5,1829,2021-12-11,55101,0.012376758,0.02322421222925186,0.085,0.014562567695975304,0.010997917503118515,0.05183678865432739
2,5,1834,2021-12-11,55121,0.030819954,0.024901654571294785,1.0,0.0073072416707873344,0.008836781606078148,0.03066134639084339
2,5,1837,2021-12-11,55127,0.011094905,0.015278484672307968,0.22,0.013723201118409634,0.008340282365679741,0.04942524805665016
2,5,1838,2021-12-11,55131,0.019214131,0.017890440300107002,0.575,0.004421310033649206,0.00979116652160883,0.02563551627099514
2,5,1843,2021-12-11,56001,0.0046019666,0.004612288903445005,0.475,0.0005000664386898279,0.004205217584967613,0.0059251245111227036
2,5,1845,2021-12-11,56007,0.0010084707,0.0009888785425573587,0.54,0.00018129873205907643,0.0008482064004056156,0.0014435595367103815
2,5,1846,2021-12-11,56009,0.0127568,0.01286347210407257,0.325,0.0001927267003338784,0.012618022039532661,0.013367262668907642
2,5,1854,2021-12-11,56041,0.0019815494,0.0019836649298667908,0.49,5.7290053518954664e-05,0.001946351840160787,0.002142437733709812
2,5,1863,2022-06-08,01099,0.0051768976,0.005174726247787476,0.95,8.464069196634227e-07,0.005174119025468826,0.005176999606192112
2,5,1864,2022-06-08,01103,0.0021772212,0.0021717199124395847,0.69,5.632742613670416e-06,0.002167525701224804,0.002184316050261259
2,5,1865,2022-06-08,01129,0.0022107137,0.002205746714025736,0.975,3.575961954993545e-06,0.0021970178931951523,0.002211387502029538
2,5,1867,2022-06-08,05019,0.009024224,0.00902715977281332,0.205,3.8861539906065445e-06,0.009023302234709263,0.009035098366439342
2,5,1868,2022-06-08,05041,0.07303587,0.07303150743246078,0.675,9.010080248117447e-06,0.07301142811775208,0.07304228097200394
2,5,1874,2022-06-08,06003,0.008744511,0.008909311145544052,0.375,0.0003230920119676739,0.008282462134957314,0.009516713209450245
2,5,1877,2022-06-08,06035,0.0026860363,0.002621883526444435,0.705,6.75976843922399e-05,0.0025432435795664787,0.0027960340958088636
2,5,1881,2022-06-08,06063,0.0054709148,0.005430843681097031,0.765,3.6065361200599e-05,0.005381069611757994,0.0055250972509384155
2,5,1883,2022-06-08,06107,0.0011238082,0.0011237352155148983,0.585,3.761826974368887e-07,0.0011231411481276155,0.0011243141489103436
2,5,1885,2022-06-08,08031,0.002638387,0.0026384396478533745,0.47,1.035647528624395e-06,0.00263670040294528,0.0026408543344587088
2,5,1887,2022-06-08,08063,0.0021047776,0.0021093501709401608,0.395,1.6257619790849276e-05,0.0020952087361365557,0.002151061315089464
2,5,1889,2022-06-08,08099,0.0015082143,0.0015197154134511948,0.405,4.501460716710426e-05,0.0014774788869544864,0.001632639323361218
2,5,1893,2022-06-08,12019,0.0037189326,0.0036988237407058477,0.835,1.541862184240017e-05,0.0036776268389075994,0.0037329450715333223
2,5,1900,2022-06-08,13051,0.0043630097,0.004372462164610624,0.28,1.110347147914581e-05,0.004353516269475222,0.004391294904053211
2,5,1911,2022-06-08,17109,0.004344698,0.004350179340690374,0.14,7.28878967493074e-06,0.0043441057205200195,0.0043644532561302185
2,5,1912,2022-06-08,17111,0.0022188118,0.0022346589248627424,0.1,1.135584716394078e-05,0.002217354951426387,0.0022505484521389008
2,5,1916,2022-06-08,18013,0.008293597,0.008293855004012585,0.37,6.121811111370334e-07,0.00829269178211689,0.00829488318413496
2,5,1921,2022-06-08,18079,0.00571858,0.005721291061490774,0.27,5.23177595823654e-06,0.005713293794542551,0.005733840633183718
2,5,1924,2022-06-08,18139,0.0041165776,0.004122529178857803,0.22,9.513307304587215e-06,0.004110530950129032,0.004144879058003426
2,5,1927,2022-06-08,19039,0.005681355,0.005836787633597851,0.03,0.0001965547853615135,0.005672721657902002,0.00629089679569006
2,5,1930,2022-06-08,19155,0.0032354381,0.0032406076788902283,0.02,2.08394030778436e-05,0.0032350874971598387,0.0032991799525916576
2,5,1940,2022-06-08,22033,0.008818357,0.008806353434920311,0.68,1.5860769053688273e-05,0.00879930891096592,0.008847247809171677
2,5,1946,2022-06-08,24003,0.0018215829,0.0018328912556171417,0.155,1.6254331058007665e-05,0.0018097746651619673,0.001873588189482689
2,5,1962,2022-06-08,28035,0.011321311,0.011319877579808235,0.65,5.197470727580367e-06,0.011308211833238602,0.011324810795485973
2,5,1964,2022-06-08,28051,0.013392023,0.013395196758210659,0.24,4.660204922402045e-06,0.013387772254645824,0.013406766578555107
2,5,1966,2022-06-08,28061,0.0012663668,0.0012623823713511229,0.91,3.379392410352011e-06,0.0012546830112114549,0.0012682074448093772
2,5,1971,2022-06-08,28121,0.0023566121,0.002350833499804139,0.875,5.574173883360345e-06,0.0023391423746943474,0.0023586605675518513
2,5,1978,2022-06-08,28163,0.0025822285,0.0025732473004609346,0.945,3.6653038932854543e-06,0.0025714554358273745,0.002582858083769679
2,5,1989,2022-06-08,29095,0.015618008,0.015636056661605835,0.0,1.0773846952361055e-05,0.015618317760527134,0.015652606263756752
2,5,1993,2022-06-08,29131,0.009322227,0.0093183983117342,0.63,6.854770163045032e-06,0.009311024099588394,0.009333277121186256
2,5,1995,2022-06-08,29159,0.0069326097,0.006937151774764061,0.425,1.1681774594762828e-05,0.006922585889697075,0.006959433667361736
2,5,1999,2022-06-08,29221,0.00795915,0.007950641214847565,0.925,4.031993285025237e-06,0.007947379723191261,0.007960725575685501
2,5,2004,2022-06-08,32001,0.0012451762,0.001253027468919754,0.39,4.4103642721893266e-05,0.0011862826067954302,0.0013568041613325477
2,5,2013,2022-06-08,32031,0.002723238,0.0027361800894141197,0.265,3.2257874408969656e-05,0.0026942456606775522,0.002814006060361862
2,5,2017,2022-06-08,34015,0.0016767792,0.0016535960603505373,0.675,3.782560088438913e-05,0.0016084531089290977,0.0017466646386310458
2,5,2018,2022-06-08,34025,0.0020952271,0.002114483155310154,0.335,5.931574560236186e-05,0.002061979379504919,0.0022658335510641336
2,5,2029,2022-06-08,35059,0.0021746457,0.002191626001149416,0.345,3.527220178511925e-05,0.0021403124555945396,0.002271304838359356
2,5,2035,2022-06-08,37053,0.0015806151,0.0015618603210896254,0.575,6.346272130031139e-05,0.0015066728228703141,0.0017192177474498749
2,5,2037,2022-06-08,37085,0.0027502049,0.002740554977208376,0.625,1.9682740457938053e-05,0.0027143957559019327,0.0027802689000964165
2,5,2041,2022-06-08,37131,0.00541835,0.005418071523308754,0.605,9.646633998272591e-07,0.005416079889982939,0.005419892258942127
2,5,2045,2022-06-08,37151,0.0009451437,0.0009439440909773111,0.56,6.267263415793423e-06,0.0009346479782834649,0.0009576059528626502
2,5,2056,2022-06-08,39027,0.0070537734,0.00705523369833827,0.215,1.477432419960678e-06,0.0070520853623747826,0.007057659327983856
2,5,2057,2022-06-08,39029,0.003885536,0.0038863527588546276,0.4,1.7197513670907938e-06,0.0038835436571389437,0.003889030311256647
2,5,2059,2022-06-08,39041,0.0019187697,0.001916256034746766,0.61,6.500940799014643e-06,0.0019040327752009034,0.0019282946595922112
2,5,2062,2022-06-08,39057,0.004429464,0.004423869773745537,0.925,2.729540483414894e-06,0.004420261364430189,0.0044305515475571156
2,5,2073,2022-06-08,39113,0.0030948312,0.0030874270014464855,0.74,6.89737316861283e-06,0.003081139177083969,0.0031034427229315042
2,5,2078,2022-06-08,39145,0.0053326827,0.005332677625119686,0.5,7.518073630308209e-07,0.0053312513045966625,0.005334081593900919
2,5,2082,2022-06-08,39167,0.0034558687,0.003453942248597741,0.875,2.4114422103593824e-06,0.003447936614975333,0.0034575816243886948
2,5,2087,2022-06-08,40051,0.017109197,0.017112068831920624,0.165,2.039366108874674e-06,0.01710684224963188,0.017115704715251923
2,5,2103,2022-06-08,40143,0.004653058,0.004668508656322956,0.145,1.921670263982378e-05,0.004650769755244255,0.004706678446382284
2,5,2104,2022-06-08,40149,0.01666829,0.01667381450533867,0.17,3.8017819861124735e-06,0.016666041687130928,0.016678588464856148
2,5,2108,2022-06-08,42059,0.0055800993,0.005580755416303873,0.44,4.539943347481312e-06,0.005571436602622271,0.005589136853814125
2,5,2114,2022-06-08,45073,0.0016022287,0.00160291010979563,0.4,2.616370238683885e-06,0.0015981748001649976,0.0016086745308712125
2,5,2122,2022-06-08,46031,0.0029826462,0.0029834569431841373,0.345,2.0289610347390408e-06,0.0029779693577438593,0.0029890441801398993
2,5,2125,2022-06-08,46037,0.0019233109,0.0019337610574439168,0.44,4.162670666119084e-05,0.001886403770186007,0.0020294087007641792
2,5,2129,2022-06-08,46055,0.16138001,0.16143029928207397,0.33,6.1030583310639486e-05,0.16128875315189362,0.16147767007350922
2,5,2134,2022-06-08,46071,0.09398459,0.0940055176615715,0.36,4.38281349488534e-05,0.09389019757509232,0.09404400736093521
2,5,2150,2022-06-08,46129,0.0013506727,0.001356481108814478,0.395,2.2443593479692936e-05,0.001323971664533019,0.0014085909351706505
2,5,2156,2022-06-08,48075,0.0028939582,0.0028815115801990032,0.725,1.0981998457282316e-05,0.0028675352223217487,0.002905389294028282
2,5,2158,2022-06-08,48101,0.011017648,0.011017411015927792,0.64,7.062256486278784e-07,0.011015819385647774,0.011019102297723293
2,5,2165,2022-06-08,48179,0.0037561844,0.003757587168365717,0.01,2.3511290692113107e-06,0.003756173187866807,0.003763653105124831
2,5,2167,2022-06-08,48191,0.0065633315,0.006563282106071711,0.535,9.094855499824916e-07,0.006561612710356712,0.0065655880607664585
2,5,2169,2022-06-08,48205,0.003196516,0.0032034036703407764,0.3,1.4368196389114019e-05,0.0031883367337286472,0.003237770404666662
2,5,2171,2022-06-08,48233,0.0045867455,0.004578065127134323,0.84,8.588694981881417e-06,0.004560901317745447,0.004589314106851816
2,5,2178,2022-06-08,48357,0.002762824,0.002772741951048374,0.005,1.3816690625390038e-05,0.0027627863455563784,0.0028046362567692995
2,5,2186,2022-06-08,48487,0.0023364963,0.00233284430578351,0.615,8.060502295847982e-06,0.00231826095841825,0.0023468455765396357
2,5,2193,2022-06-08,51049,0.003841977,0.003841326106339693,0.64,1.5893233467068058e-06,0.0038379959296435118,0.0038443864323198795
2,5,2195,2022-06-08,51061,0.0012411871,0.0012371360789984465,0.635,1.1120426279376261e-05,0.0012216002214699984,0.00126366235781461
2,5,2198,2022-06-08,51075,0.002180571,0.0021791423205286264,0.765,2.1941580143902684e-06,0.002174300840124488,0.0021837183739989996
2,5,2212,2022-06-08,51179,0.003874046,0.0038739717565476894,0.595,5.212289124756353e-07,0.0038727447390556335,0.0038743547629565
2,5,2214,2022-06-08,51810,0.0018021791,0.0018335410859435797,0.18,6.799688708269969e-05,0.0017811475554481149,0.0020260473247617483
2,5,2215,2022-06-08,54025,0.0008324646,0.0008067962480708957,0.845,1.4047121112525929e-05,0.0007963150274008512,0.0008411465678364038
2,5,2219,2022-06-08,54039,0.0036920812,0.0036956090480089188,0.435,8.921984772314318e-06,0.0036743285600095987,0.0037038142327219248
2,5,2224,2022-06-08,54057,0.0013187208,0.0012524150079116225,0.895,3.400886635063216e-05,0.0012153727002441883,0.0013334800023585558
2,5,2225,2022-06-08,54061,0.0032038875,0.0032031643204391003,0.715,1.7968138763535535e-06,0.0031985973473638296,0.003205049317330122
2,5,2234,2022-06-08,55055,0.014846036,0.014843594282865524,0.66,3.2918405850068666e-06,0.014839356765151024,0.014849778264760971
2,5,2244,2024-02-27,01103,0.0011208742,0.0010494622401893139,0.695,7.787532376823947e-05,0.000994336442090571,0.0012484145117923617
2,5,2247,2024-02-27,04017,0.0028761923,0.00292522762902081,0.475,0.0004949540016241372,0.0024094637483358383,0.004252206534147263
2,5,2248,2024-02-27,06003,0.04992837,0.031261179596185684,0.81,0.011350253596901894,0.027218768373131752,0.06363038718700409
2,5,2254,2024-02-27,06033,0.0035203178,0.00393097847700119,0.23,0.0012173971626907587,0.0031518698669970036,0.0073463828302919865
2,5,2255,2024-02-27,06035,0.009084484,0.007846290245652199,0.715,0.0017938511446118355,0.006264721509069204,0.01267253328114748
2,5,2256,2024-02-27,06037,0.0008241499,0.0008776990580372512,0.025,8.389965660171583e-05,0.000819142151158303,0.00111164222471416
2,5,2262,2024-02-27,06063,0.076197244,0.08571724593639374,0.14,0.005053760949522257,0.06990951299667358,0.08791957795619965
2,5,2265,2024-02-27,06073,0.0013246399,0.001397348940372467,0.1,8.233156404457986e-05,0.0012873740633949637,0.0016421962063759565
2,5,2287,2024-02-27,08103,0.0071593937,0.0038679889403283596,0.86,0.0016250889748334885,0.0028515930753201246,0.008489280939102173
2,5,2301,2024-02-27,13189,0.0009646852,0.0008079693652689457,0.93,8.34469246910885e-05,0.0007214040961116552,0.0010052580619230866
2,5,2302,2024-02-27,13217,0.0013546096,0.00134719826746732,0.525,7.76104861870408e-05,0.0012996695004403591,0.001575650880113244
2,5,2304,2024-02-27,13221,0.011277232,0.01134164072573185,0.17,3.71358182746917e-05,0.011236635036766529,0.011364058591425419
2,5,2306,2024-02-27,13233,0.0072814785,0.007535322103649378,0.14,0.00013000030594412237,0.007196331396698952,0.007622129749506712
2,5,2309,2024-02-27,16001,0.002229637,0.002410241635516286,0.2,0.0006708913715556264,0.002045796951279044,0.004335545469075441
2,5,2319,2024-02-27,16075,0.0021270222,0.0021818857640028,0.42,0.0005238445592112839,0.0018499359721317887,0.0038613274227827787
2,5,2338,2024-02-27,17185,0.001884577,0.0019307509064674377,0.2,0.000143340221256949,0.0018658532062545419,0.002340647391974926
2,5,2346,2024-02-27,18065,0.0018830947,0.0019614503253251314,0.28,0.0004003413487225771,0.0018107391661033034,0.0031375165563076735
2,5,2349,2024-02-27,18089,0.002507347,0.002711367793381214,0.03,0.000294928380753845,0.002483413554728031,0.003421711502596736
2,5,2351,2024-02-27,18109,0.0020477069,0.001782560721039772,0.74,0.00037444502231664956,0.0015971292741596699,0.0030061258003115654
2,5,2354,2024-02-27,18139,0.0019528337,0.0019358864519745111,0.51,0.0004667695320677012,0.0017542372224852443,0.0032696679700165987
2,5,2355,2024-02-27,18145,0.0016644413,0.0017749408725649118,0.29,0.0004921823856420815,0.001577232964336872,0.003166388953104615
2,5,2357,2024-02-27,21007,0.002029773,0.00205271877348423,0.365,6.472304812632501e-05,0.0019834470003843307,0.002197837922722101
2,5,2360,2024-02-27,21019,0.0036901094,0.0036900085397064686,0.505,8.466079634672496e-06,0.003685841104015708,0.003713600104674697
2,5,2365,2024-02-27,21047,0.002541859,0.00255053723230958,0.24,2.555218816269189e-05,0.0025368654169142246,0.002616550773382187
2,5,2369,2024-02-27,21067,0.0028378873,0.00289359362795949,0.165,0.00014385912800207734,0.002817675704136491,0.0032748684752732515
2,5,2373,2024-02-27,21085,0.0022857154,0.0022839889861643314,0.51,7.493845623685047e-05,0.002226955024525523,0.002463920973241329
2,5,2379,2024-02-27,21107,0.0021510383,0.0020879930816590786,0.675,0.00010066095273941755,0.0020197283010929823,0.002375832526013255
2,5,2393,2024-02-27,21239,0.003963222,0.003956394270062447,0.645,2.4805280190776102e-05,0.0039020536933094263,0.0039747729897499084
2,5,2398,2024-02-27,25009,0.006202745,0.005591889377683401,0.675,0.0012264919932931662,0.00518607534468174,0.009268397465348244
2,5,2404,2024-02-27,25025,0.0040581767,0.004512835759669542,0.01,0.0009599367040209472,0.004043819382786751,0.007189922034740448
2,5,2413,2024-02-27,29035,0.0008498492,0.0008135207463055849,0.715,3.0177883672877215e-05,0.0007894886075519025,0.0008854481275193393
2,5,2417,2024-02-27,29201,0.0012707523,0.0013261684216558933,0.04,7.266203465405852e-05,0.0012637233594432473,0.0015126042999327183
2,5,2420,2024-02-27,30001,0.011656789,0.011657432653009892,0.175,8.623849225841695e-07,0.011656127870082855,0.011659344658255577
2,5,2428,2024-02-27,30043,0.002786945,0.00278269499540329,0.77,8.183127647498623e-06,0.0027662927750498056,0.0027972154784947634
2,5,2431,2024-02-27,30049,0.0010523027,0.0010415979195386171,0.58,6.227284029591829e-05,0.0009365534642711282,0.0011868185829371214
2,5,2433,2024-02-27,30063,0.0012532301,0.0012507974170148373,0.64,1.2562593838083558e-05,0.0012234720634296536,0.0012838246766477823
2,5,2434,2024-02-27,30067,0.0022901376,0.002294757403433323,0.1,3.022061946467147e-06,0.0022871862165629864,0.0022994126193225384
2,5,2436,2024-02-27,30081,0.011943636,0.011944705620408058,0.345,2.129907898051897e-06,0.011939827352762222,0.011948950588703156
2,5,2440,2024-02-27,32001,0.0029343413,0.0030261599458754063,0.38,0.0005270743859000504,0.0026098480448126793,0.0044670249335467815
2,5,2452,2024-02-27,32031,0.010912756,0.011338010430335999,0.17,0.0007959421491250396,0.010497967712581158,0.013604164123535156
2,5,2454,2024-02-27,34017,0.0027815264,0.002898008096963167,0.125,0.000351422670064494,0.0027540249284356833,0.0038748527877032757
2,5,2459,2024-02-27,35009,0.0018542914,0.0018587320810183883,0.48,9.070262603927404e-05,0.0017771428683772683,0.0020993894431740046
2,5,2462,2024-02-27,35019,0.0030663304,0.003145064227283001,0.325,0.00020627416961360723,0.0029497386422008276,0.0036197551526129246
2,5,2463,2024-02-27,35025,0.0011553336,0.0011099472176283598,0.67,7.192452903836966e-05,0.0010518691269680858,0.0013016421580687165
2,5,2469,2024-02-27,35041,0.0017828066,0.0017937985248863697,0.385,0.00010768303036456928,0.0017153030494228005,0.0020616534166038036
2,5,2476,2024-02-27,35059,0.0022630736,0.0023661311715841293,0.36,0.0004901851643808186,0.0019320619758218527,0.003539351047948003
2,5,2485,2024-02-27,36033,0.054305818,0.033335935324430466,0.98,0.01207489799708128,0.0172077938914299,0.05469699576497078
2,5,2487,2024-02-27,36039,0.0097364895,0.009915505535900593,0.415,0.0006514546694234014,0.008748219348490238,0.01144693698734045
2,5,2489,2024-02-27,36043,0.015821027,0.02231958881020546,0.26,0.004645127337425947,0.013504298403859138,0.027372784912586212
2,5,2501,2024-02-27,36091,0.023515398,0.025690428912639618,0.25,0.0017308419337496161,0.020927319303154945,0.02647731453180313
2,5,2502,2024-02-27,36093,0.010940323,0.011293431743979454,0.085,0.00021444106823764741,0.010892516933381557,0.011742546223104
2,5,2503,2024-02-27,36095,0.018024327,0.011622937396168709,0.82,0.0034951060079038143,0.011257127858698368,0.022990796715021133
2,5,2511,2024-02-27,37189,0.0043496024,0.003100577276200056,0.75,0.0010667812312021852,0.0022140403743833303,0.005611482076346874
2,5,2515,2024-02-27,39049,0.001569505,0.0019158718641847372,0.095,0.0007922662189230323,0.0015228486154228449,0.004162774886935949
2,5,2516,2024-02-27,39057,0.0017524586,0.0018743553664535284,0.13,0.0003691783349495381,0.0017180260038003325,0.0030060552526265383
2,5,2522,2024-02-27,39113,0.0020943559,0.0021589056123048067,0.045,0.00019718178373295814,0.002083658240735531,0.0027915851678699255
2,5,2540,2024-02-27,42059,0.017852817,0.017870690673589706,0.335,2.7917183615500107e-05,0.017794780433177948,0.017882591113448143
2,5,2550,2024-02-27,45071,0.0010351252,0.0009300366509705782,0.775,6.79965378367342e-05,0.0008938436512835324,0.0011242420878261328
2,5,2552,2024-02-27,45081,0.0027608268,0.0027202097699046135,0.715,3.7546560633927584e-05,0.0026989260222762823,0.0028201034292578697
2,5,2554,2024-02-27,45087,0.0025408026,0.00245230202563107,0.96,3.66760759789031e-05,0.0024278631899505854,0.0025458207819610834
2,5,2561,2024-02-27,47033,0.0013596644,0.0014233837136998773,0.13,6.88780055497773e-05,0.0013435527216643095,0.00156126799993217
2,5,2564,2024-02-27,47123,0.002534297,0.0023302799090743065,0.72,0.0001782386825652793,0.002256715437397361,0.0028140386566519737
2,5,2566,2024-02-27,47155,0.004516944,0.004543003160506487,0.18,2.0695995772257447e-05,0.004508472513407469,0.004575770348310471
2,5,2580,2024-02-27,48179,0.008103228,0.008034279569983482,0.75,0.00015756239008624107,0.0076539297588169575,0.008177659474313259
2,5,2582,2024-02-27,48191,0.0010972072,0.0011252607218921185,0.21,5.602787496172823e-05,0.0010773802641779184,0.0012632427969947457
2,5,2584,2024-02-27,48205,0.0026006666,0.0026734466664493084,0.345,0.00038408947875723243,0.002396224532276392,0.0036503872834146023
2,5,2587,2024-02-27,48233,0.067535125,0.06739635765552521,0.65,0.00032653959351591766,0.06658441573381424,0.06776372343301773
2,5,2601,2024-02-27,49003,0.0020749748,0.0022538169287145138,0.12,0.00031864430638961494,0.0019630021415650845,0.0032226324547082186
2,5,2608,2024-02-27,49023,0.006193505,0.006442572921514511,0.395,0.001970021752640605,0.005211749114096165,0.011643213219940662
2,5,2610,2024-02-27,49029,0.006359641,0.00709662726148963,0.155,0.002376195974647999,0.005713663529604673,0.01403172966092825
2,5,2612,2024-02-27,49033,0.0069522564,0.007083134260028601,0.315,0.0009683393873274326,0.006567081902176142,0.010183410719037056
2,5,2619,2024-02-27,49047,0.010799949,0.00912027433514595,0.775,0.001687510753981769,0.008838323876261711,0.014736274257302284
2,5,2631,2024-02-27,50015,0.030164912,0.016237184405326843,0.88,0.007088379468768835,0.010783061385154724,0.035198915749788284
2,5,2636,2024-02-27,50025,0.062191878,0.07313020527362823,0.1,0.0051802280358970165,0.06033475697040558,0.07748299837112427
2,5,2640,2024-02-27,51161,0.0037228626,0.0037789642810821533,0.385,7.944086974021047e-05,0.00359240360558033,0.003830613335594535
2,5,2644,2024-02-27,54039,0.0034681847,0.0034583285450935364,0.625,3.191464929841459e-05,0.003446156159043312,0.003547065891325474
2,5,2647,2024-02-27,54061,0.0025278146,0.002443192061036825,0.595,0.0003084272029809654,0.0023441349621862173,0.0032959487289190292
2,5,2649,2024-02-27,54083,0.006822703,0.0038100234232842922,0.845,0.0017045758431777358,0.002774737775325775,0.008468890562653542
2,5,2651,2024-02-27,54093,0.015992094,0.008087946102023125,0.86,0.0039250170812010765,0.006020294968038797,0.01809142529964447
2,5,2653,2024-02-27,56001,0.00058270036,0.0005840865196660161,0.445,1.3362573554331902e-05,0.0005729299155063927,0.0006207421538420022
2,5,2654,2024-02-27,56007,0.0010639854,0.0010655834339559078,0.495,0.0001088165445253253,0.0009581621852703393,0.001347950310446322
2,5,2655,2024-02-27,56009,0.0022050955,0.002227040473371744,0.435,0.00014664324407931417,0.002091091824695468,0.0025663780979812145
2,5,2659,2024-02-27,56041,0.0018622389,0.0018259978387504816,0.535,0.00047268884372897446,0.001535935327410698,0.00310098216868937
