system,fips,fold,w,y0,level,level_hat,mse_NET,mse_ASYM,mse_ASYM_STATE,mse_NET_init,mse_ASYM_init,mse_ASYM_STATE_init,mse_persistence,mse_zero,rd
S00001,12071,2,1.0,0.00014433877,0.00022221326,0.0053748568,0.0004356028512120247,1.0979352585612407e-06,1.1497520707356064e-06,3.651633733170456e-07,4.905421633338847e-07,4.905421633338847e-07,3.6516337e-07,4.084776e-07,0.9949716817895624
S00001,12015,2,1.0,5.4501455e-05,0.000117619704,0.003476243,0.00029536440949110937,1.1316062682453776e-06,1.242967186954047e-06,4.746660309251638e-08,2.0454675109249365e-07,2.0454675109249365e-07,4.7466603e-08,5.7317088e-08,0.9923668028702023
S00001,12097,2,1.0,5.0151457e-06,0.00031922795,0.0036070526,0.00030114821371777606,2.9494298511660113e-06,3.081262396638825e-06,2.795436557789799e-06,2.703312929952517e-06,2.703312929952517e-06,2.7954366e-06,2.7986134e-06,0.9806020867735046
S00001,12027,2,1.0,0.00069545634,0.0005092309,0.0020296518,0.0002472980074041213,5.1041633923887275e-06,5.256181642228815e-06,4.28984913014574e-06,4.27899931310094e-06,4.27899931310094e-06,4.289849e-06,4.514485e-06,0.9595553130444051
S00001,12115,2,1.0,1.2226873e-05,0.00012916133,0.00437195,0.00035453833697829396,6.444948705090307e-07,6.95874177836231e-07,1.1897110141489975e-07,2.3761367629049346e-07,2.3761367629049346e-07,1.189711e-07,1.2198007e-07,0.9963709120333643
S00001,12086,2,1.0,0.0002672192,0.0004789222,0.00324244,0.000848383819781399,3.1774280842000735e-06,3.7352671521754624e-06,4.466590723950503e-07,4.503874322381307e-07,4.503874322381307e-07,4.4665907e-07,6.312074e-07,0.9925374056366135
S00001,12011,2,1.0,0.00023642766,0.00022354719,0.006215615,0.0009833940324218322,1.491960953596087e-06,1.5779547387258692e-06,6.597694124366171e-08,1.6290965731968754e-07,1.6290965731968754e-07,6.597694e-08,1.1578439e-07,0.9969702869903087
S00001,12099,2,1.0,2.3760691e-05,0.00018695045,0.006920588,0.0008662645996082574,1.4590769599938842e-06,1.8105695668661308e-06,1.0716897236306977e-07,1.810166310178829e-07,1.810166310178829e-07,1.0716897e-07,1.1548855e-07,0.9966370009269209
S00001,12087,2,1.0,0.0,3.3665998e-05,-0.0025490564,0.0006170730290856833,1.830237314000745e-06,4.138573937477001e-06,1.0873006495160098e-08,2.2077973937939532e-07,2.2077973937939532e-07,1.08730065e-08,1.08730065e-08,0.9940855464387909
S00001,12009,2,1.0,3.7827635e-05,0.00015817159,0.0014360942,0.00024188221626294157,4.447370448209161e-07,5.372496048039466e-07,7.17317050202837e-08,1.8011134272910567e-07,1.8011134272910567e-07,7.1731705e-08,8.2267306e-08,0.9963294463224147
S00001,12085,2,1.0,0.0004935594,0.0014829711,0.00107691,0.0003389907020997877,2.8901326610745553e-05,2.8953403064709466e-05,3.014474168594461e-05,3.002785706485156e-05,3.002785706485156e-05,3.0144742e-05,3.136501e-05,0.8428814741540058
S00001,12055,2,1.0,6.567561e-05,0.00012483195,0.0048091915,0.0003841412205171461,8.248229903529136e-07,9.68834153051527e-07,1.1305366598435285e-07,2.4519249564036727e-07,2.4519249564036727e-07,1.13053666e-07,1.251372e-07,0.9957148272983363
S00001,12021,2,1.0,0.00015264074,0.0001451419,0.0056398236,0.0007790937719012921,7.449866075148748e-07,9.845396107266424e-07,2.0511940590495215e-07,3.447452172622434e-07,3.447452172622434e-07,2.051194e-07,2.2612939e-07,0.9980893829669625
S00001,12081,2,1.0,3.8754733e-06,0.00010295572,0.009927534,0.0007323840618482791,1.1071781121548459e-06,1.309399541090291e-06,8.124954575805532e-08,2.3605701926499023e-07,2.3605701926499023e-07,8.1249546e-08,8.203253e-08,0.9969810733875578
S00001,12061,2,1.0,0.00049605244,0.00053867744,0.00505947,0.00042589315853547305,1.440958991831091e-06,1.5744752393705614e-06,9.305090884481615e-07,9.352875736112765e-07,9.352875736112765e-07,9.305091e-07,1.2188653e-06,0.9932560545356455
S00001,12111,2,1.0,0.0,0.0004819705,0.0031744302,0.00037084665867344785,1.434878034463812e-06,1.5966979844961315e-06,1.2501312767199124e-06,9.946514865077916e-07,9.946514865077916e-07,1.2501313e-06,1.2501313e-06,0.9922914359538083
S00001,12051,2,1.0,0.002256348,0.00023205444,0.005381123,0.0005168910089802617,1.9350691597234495e-06,2.1562064678922375e-06,4.643083684641169e-06,6.026189680596872e-07,6.026189680596872e-07,4.6430837e-06,5.991683e-07,0.9925405863689014
S00001,12117,2,1.0,3.012532e-06,0.0005577438,0.002052158,0.0002925336715028,4.123913792379123e-06,4.165646259934874e-06,4.415482635522494e-06,4.053682005178416e-06,4.053682005178416e-06,4.4154826e-06,4.4188337e-06,0.9721974829109744
S00001,12103,2,1.0,0.00013859163,0.00015309831,0.0036673797,0.00030584207585585926,1.3313460840436164e-06,1.5235561174146521e-06,4.345434945207671e-07,5.501260602613911e-07,5.501260602613911e-07,4.345435e-07,4.5777207e-07,0.9913316323031093
S00001,12053,2,1.0,3.079839e-05,0.0002734673,0.00083570264,0.00012625628975608075,6.430647469339116e-07,6.702541099912196e-07,6.32381897958112e-07,5.979625257168664e-07,5.979625257168664e-07,6.323819e-07,6.4827805e-07,0.9898649642552969
S00001,12049,2,1.0,5.4445474e-05,0.00042119625,0.0019586973,0.00031879826565273106,1.3562938875111286e-05,1.3850075447408017e-05,1.2552339285321068e-05,1.2615543710126076e-05,1.2615543710126076e-05,1.2552339e-05,1.2595241e-05,0.9183843439586818
S00001,12043,2,1.0,0.0,0.00018392377,0.0040364536,0.00046711932130468387,1.561550182789991e-06,1.8999042670960382e-06,6.348021770463674e-07,7.342629260165268e-07,7.342629260165268e-07,6.348022e-07,6.348022e-07,0.9933364031784185
S00001,12069,2,1.0,1.148074e-06,0.00019640039,0.0029236912,0.00019106714292623414,4.848641215933943e-07,5.580701554208645e-07,4.042042860419315e-07,4.5970350015522854e-07,4.5970350015522854e-07,4.042043e-07,4.0465392e-07,0.9949375197987632
S00001,12093,2,1.0,0.0,3.0716783e-05,0.0029581673,0.00027215197042096406,1.0549872892321825e-06,1.2039860545579966e-06,1.4273159543165548e-08,2.229020878985466e-07,2.229020878985466e-07,1.42731595e-08,1.42731595e-08,0.9922770100873399
S00001,12057,2,1.0,0.0016625853,0.0001235471,0.009712604,0.0007002713197531799,1.8542270178537972e-06,1.6966637303994503e-06,2.4891437533369754e-06,5.33932961843675e-07,5.33932961843675e-07,2.4891438e-06,1.3576901e-07,0.9947182465404341
S00001,12105,2,1.0,4.792669e-06,0.00027828861,0.005832047,0.000443248834926635,6.467262968120243e-07,7.010497142800887e-07,4.903938588540768e-07,4.714866577160137e-07,4.714866577160137e-07,4.9039386e-07,4.930383e-07,0.9970861330758545
S00001,12035,2,1.0,0.0,0.00017105148,-0.00066067884,0.0001867200420141065,1.0439298610738963e-06,1.0233934328122511e-06,8.673707725392887e-07,9.410583174940257e-07,9.410583174940257e-07,8.673708e-07,8.673708e-07,0.9888804028733704
S00001,12083,2,1.0,6.516158e-06,0.00023203256,-0.0008510997,5.988461271044798e-05,4.6424314822009666e-07,4.6095168689438043e-07,4.632189813946752e-07,4.598302041358693e-07,4.598302041358693e-07,4.6321898e-07,4.6620042e-07,0.9846146826939912
S00001,12017,2,1.0,7.0315196e-05,0.00035798686,0.0008604715,6.980787050755073e-05,1.7331002860980031e-06,1.737640445753641e-06,1.7633465176913887e-06,1.6691371911292663e-06,1.6691371911292663e-06,1.7633465e-06,1.8087461e-06,0.9515494333702313
S00001,12119,2,1.0,0.0,0.00019054192,0.0037614692,0.00024395123667394122,7.748865111049478e-07,8.373658602067735e-07,6.927090794306423e-07,7.363576060015475e-07,7.363576060015475e-07,6.927091e-07,6.927091e-07,0.993667316745593
S00001,12095,2,1.0,0.00013539646,0.00012949709,0.0057268334,0.0004554586533534651,4.937976048798495e-07,6.807135264352837e-07,7.208453922658009e-08,2.0795525301764428e-07,2.0795525301764428e-07,7.208454e-08,8.8819235e-08,0.9978339951727776
S00001,12127,2,1.0,0.0,0.00020120764,0.0015319783,0.0005336927618676176,7.452177707515754e-07,7.793887562002055e-07,3.3701269330776995e-07,3.6850707374469494e-07,3.6850707374469494e-07,3.370127e-07,3.370127e-07,0.9972112095354608
S00001,12107,2,1.0,0.0,5.6866673e-05,0.00019818812,0.0001226756315494034,3.6625635857490124e-07,4.300487953893632e-07,8.934668471738405e-08,2.7040698569180677e-07,2.7040698569180677e-07,8.9346685e-08,8.9346685e-08,0.9940466394851025
S00001,12109,2,1.0,5.3964795e-06,0.00014537704,-0.0008273135,0.00022631547957037887,4.24086654978358e-07,4.3694226784888696e-07,2.779291605747858e-07,3.678709958876425e-07,3.678709958876425e-07,2.7792916e-07,2.7946908e-07,0.9962592620067301
S00006,12117,2,1.0,1.8075192e-05,0.00018659567,0.0024508461,0.0003180184079004296,8.044789296945964e-07,8.924133870398995e-07,6.831753012193076e-07,7.405585620290367e-07,7.405585620290367e-07,6.831753e-07,6.895942e-07,0.994953443037336
S00006,12069,2,1.0,1.0332666e-05,0.00016698099,0.0035252108,0.00022242906682852967,4.4757050924696767e-07,5.173734033784664e-07,3.3259277643082896e-07,4.3905038182856515e-07,4.3905038182856515e-07,3.3259278e-07,3.359367e-07,0.995983692911082
S00006,12083,2,1.0,0.0010469294,0.0005074081,0.0002516551,5.8708480840626485e-05,2.653648683311379e-06,2.6719417292042635e-06,2.8981128252780763e-06,2.659210622368846e-06,2.659210622368846e-06,2.8981128e-06,2.864493e-06,0.9135085857059061
S00006,12017,2,1.0,0.003910432,0.0006075869,0.0015313029,6.165744707686827e-05,3.5483938821319803e-06,3.6132736719688787e-06,1.3748740457231179e-05,3.6238861866877414e-06,3.6238861866877414e-06,1.37487405e-05,3.2091166e-06,0.8911633120608592
S00006,12095,2,1.0,1.9503092e-05,0.00018222506,0.005752625,0.00047396438822033815,4.018310069871707e-07,5.466101053267872e-07,2.0694076852123544e-07,2.8134047624917e-07,2.8134047624917e-07,2.0694077e-07,2.136683e-07,0.9983058194673234
S00006,12053,2,1.0,0.0002771855,0.0003482916,0.0010291361,8.323410656885244e-05,1.1407299780330504e-06,1.1709129997446628e-06,1.0928908977803076e-06,1.1407709052946302e-06,1.1407709052946302e-06,1.0928909e-06,1.2091418e-06,0.9729604222131045
S00006,12011,2,1.0,0.00014582385,0.00025357472,0.0050301263,0.0006448968148712689,5.53243760729553e-07,5.858138176032904e-07,1.4681070581445965e-07,1.9277833018804813e-07,1.9277833018804813e-07,1.468107e-07,1.995006e-07,0.9982857116415728
S00006,12019,2,1.0,0.0,0.00015797955,0.00079875684,0.00016290584123150134,2.01103421204607e-06,2.016831482857621e-06,1.966283434740035e-06,2.0376915017550346e-06,2.0376915017550346e-06,1.9662834e-06,1.9662834e-06,0.9756115411884035
S00006,12061,2,1.0,1.8275618e-05,0.00055947923,0.0047068247,0.00040566337944862124,3.0578729971845555e-06,3.124771031555914e-06,3.3282665299338987e-06,3.005314283655025e-06,3.005314283655025e-06,3.3282665e-06,3.3483823e-06,0.9850368779265275
S00006,12125,2,1.0,0.0,0.00013613401,-0.00074857473,0.0003303828222366671,1.6349886209354736e-06,1.767884782566398e-06,7.344697223743424e-07,8.314140700349526e-07,8.314140700349526e-07,7.344697e-07,7.344697e-07,0.9901511993184203
S00006,12003,2,1.0,0.0,0.00061453914,0.0004456197,0.00014257655129767954,8.010638036163678e-06,7.964440252787123e-06,8.222374162869528e-06,7.910212843853515e-06,7.910212843853515e-06,8.222374e-06,8.222374e-06,0.893607974601285
S00006,12086,2,1.0,0.00021720196,0.000441147,0.0019908028,0.0006408989914537718,8.630288827286373e-07,9.132328955274716e-07,6.724401941937685e-07,6.187419785419479e-07,6.187419785419479e-07,6.724402e-07,8.1689956e-07,0.9973104395231239
S00006,12099,2,1.0,5.418326e-05,0.00033433162,0.006167756,0.0006845528987469152,9.188934768644685e-07,1.070880481771989e-06,5.652737513628381e-07,5.067188908469689e-07,5.067188908469689e-07,5.6527375e-07,5.9856825e-07,0.9973189459076546
S00006,13049,2,1.0,0.0,0.0002190179,-0.00032635633,0.00031834358621078235,3.0546145050417786e-06,3.0421583687711973e-06,3.027357024620869e-06,3.027286538781482e-06,3.027286538781482e-06,3.027357e-06,3.027357e-06,0.9809917137168876
S00006,12087,2,1.0,0.0,0.0001590465,-0.0017716928,0.0005543245157847801,8.150851158461592e-07,1.0503428408507414e-06,6.793659963477694e-07,8.028849833863205e-07,8.028849833863205e-07,6.79366e-07,6.79366e-07,0.9970634949676664
S00006,12041,2,1.0,0.0,0.0038469722,0.00097461423,0.0003635623725131154,0.0002879756793845445,0.00028786407589601975,0.0002912763156928122,0.0002876075741369277,0.0002876075741369277,0.00029127632,0.00029127632,0.11601270702212749
S00006,12119,2,1.0,0.000105436295,0.00012676761,0.004081803,0.00022211300408040793,4.91575500897549e-07,5.56988936750713e-07,3.659251319731993e-07,5.010879817746172e-07,5.010879817746172e-07,3.6592513e-07,3.815402e-07,0.9955834196958379
S00006,12031,2,1.0,8.130478e-06,6.198195e-05,0.00022581496,0.0002283336046578673,2.232656963011929e-07,2.0201124565725573e-07,2.150742695050667e-08,2.035159809565812e-07,2.035159809565812e-07,2.1507427e-08,2.2449207e-08,0.9980463007219584
S00006,12107,2,1.0,8.188801e-06,0.0010945507,0.0006594439,0.0001840724604941594,7.091984055781116e-05,7.089007946584995e-05,7.177289080573246e-05,7.084718527039513e-05,7.084718527039513e-05,7.177289e-05,7.179075e-05,0.44374916211013893
S00006,12121,2,1.0,0.0,0.0001237457,-0.00023120336,8.221900922459706e-05,3.436229386958682e-07,3.6115493647533487e-07,2.0660496602431522e-07,3.1804518130229553e-07,3.1804518130229553e-07,2.0660497e-07,2.0660497e-07,0.9916760662858651
S00006,12023,2,1.0,0.0,6.3754596e-05,-0.0004060565,9.147807819924007e-05,1.9602768001429163e-07,1.755680661593336e-07,1.9313135979359686e-08,1.965467646414254e-07,1.965467646414254e-07,1.9313136e-08,1.9313136e-08,0.9957233795053865
S00006,12057,2,1.0,6.730564e-05,0.00032989963,0.0075006546,0.00047541146583777544,8.997988061310025e-07,9.248679665082212e-07,7.28868940313987e-07,6.754517585250142e-07,6.754517585250142e-07,7.2886894e-07,7.687472e-07,0.9962218033755565
S00006,12009,2,1.0,1.2202463e-06,0.00012097011,0.0021991294,0.0002550407322511698,3.134569321143014e-07,3.6788427829984965e-07,6.773976224394573e-08,1.9164437503604859e-07,1.9164437503604859e-07,6.773976e-08,6.8033486e-08,0.9975449243020694
S00006,12007,2,1.0,0.0,6.862179e-05,0.0021010507,0.00017640854639466852,3.014121621921125e-07,2.8517240953836637e-07,8.830163267248281e-08,2.692486305022612e-07,2.692486305022612e-07,8.830163e-08,8.830163e-08,0.9965886227957533
S00006,12035,2,1.0,0.0,5.3648095e-05,0.0008809151,0.0001643384912313195,1.9023494246539485e-07,1.8569317698317414e-07,3.743950927059814e-08,2.2440846692006744e-07,2.2440846692006744e-07,3.743951e-08,3.743951e-08,0.9976875169839404
S00006,12081,2,1.0,3.8754733e-06,0.00023376191,0.00853568,0.0006045945847290568,8.727380607827703e-07,1.0314360755122227e-06,5.238929361439659e-07,5.421524065241101e-07,5.421524065241101e-07,5.2389294e-07,5.256898e-07,0.9971171423198812
S00006,12109,2,1.0,0.0,0.000113600894,0.0006415089,0.0002285919957406198,2.413454467387055e-07,2.46576997634899e-07,1.2182552211470465e-07,2.494391537766205e-07,2.494391537766205e-07,1.2182552e-07,1.2182552e-07,0.997890644383494
S00006,12085,2,1.0,6.951541e-06,0.00040186182,0.0022872728,0.0003330586453860936,2.3818693080102094e-06,2.550932777012349e-06,2.094727960866294e-06,2.0004172256449237e-06,2.0004172256449237e-06,2.094728e-06,2.100267e-06,0.9857985591860763
S00006,12001,2,1.0,0.0,0.0003989608,0.0004749266,0.00010143582767341286,4.652104659423155e-06,4.656413693737704e-06,4.783811164088547e-06,4.608864401234314e-06,4.608864401234314e-06,4.783811e-06,4.783811e-06,0.9122971942778971
S00006,12089,2,1.0,0.0,6.1788676e-05,0.0010952548,0.0004245214998566856,5.861021321607041e-07,2.7053511075791903e-07,2.6379645134966268e-08,2.1382294335126062e-07,2.1382294335126062e-07,2.6379645e-08,2.6379645e-08,0.9972425704484292
S00006,12071,2,1.0,7.478693e-07,8.202672e-05,0.0043828133,0.0003508713580231415,4.276407518470175e-07,4.988268737330751e-07,8.701134390776133e-08,2.5095945943576226e-07,2.5095945943576226e-07,8.7011344e-08,8.713347e-08,0.9975653744910276
S00006,12015,2,1.0,0.0,0.0002186156,0.002813104,0.0002244444791964876,7.669304598797074e-07,8.627385454929026e-07,4.969459723724867e-07,5.267324922897387e-07,5.267324922897387e-07,4.96946e-07,4.96946e-07,0.9931892397365665
S00006,12097,2,1.0,0.0,2.269876e-05,0.0037950964,0.00032690764480018214,4.6537950500654307e-07,6.389754124332588e-07,8.309194221567395e-09,2.283243958345338e-07,2.283243958345338e-07,8.309194e-09,8.309194e-09,0.9971568854459267
S00006,12115,2,1.0,5.7538227e-06,0.00019721495,0.004245924,0.00033354343637862865,3.957272269872192e-07,4.5324074449126783e-07,2.527982587707811e-07,3.085965545324143e-07,3.085965545324143e-07,2.5279826e-07,2.5503456e-07,0.9976299441927418
S00006,12093,2,1.0,0.0,0.00021131609,0.0022149044,0.00025470776624085073,1.4759677545346979e-06,1.6039270273419486e-06,1.1982601790805347e-06,1.2175680694781477e-06,1.2175680694781477e-06,1.1982602e-06,1.1982602e-06,0.9884772719054734
S00006,12105,2,1.0,0.0013748114,0.00039082125,0.005046488,0.0003426409311941825,7.92247514406578e-07,8.409914282007472e-07,1.5279135823220713e-06,6.864149213470228e-07,6.864149213470228e-07,1.5279136e-06,7.124182e-07,0.9953863076515456
S00006,12051,2,1.0,0.0,0.00026881055,0.0029423996,0.00036236581339229207,1.9540173449665113e-06,2.089427728909262e-06,1.8155094494431978e-06,1.768750507835648e-06,1.768750507835648e-06,1.8155094e-06,1.8155094e-06,0.9892730662450503
S00006,12079,2,1.0,0.0,2.4915415e-05,0.0030257998,9.55583127506543e-05,5.180696120987704e-07,6.553779314799613e-07,2.2778159802783193e-08,2.5164521844089904e-07,2.5164521844089904e-07,2.277816e-08,2.277816e-08,0.9892154637933241
S00006,12049,2,1.0,0.0,6.162925e-05,0.0019438518,0.00026697265881618176,6.532667005861489e-07,8.948522539261224e-07,2.063951853870094e-08,2.1213779177742254e-07,2.1213779177742254e-07,2.0639519e-08,2.0639519e-08,0.995118061157007
S00006,12123,2,1.0,0.0,0.00012158923,0.0016872815,0.0001202749481308274,6.60220062324394e-07,7.05968346892405e-07,2.3258024839378777e-07,3.467812064172904e-07,3.467812064172904e-07,2.3258025e-07,2.3258025e-07,0.989081421522151
S00006,13101,2,1.0,0.0,0.0,0.00026428516,0.00018791267333047776,6.962759755424486e-07,8.648582271083191e-07,0.0,2.412281219221768e-07,2.412281219221768e-07,0.0,0.0,0.9926167238818268
S00006,12075,2,1.0,0.00035201627,0.00020887385,0.00058147707,0.00012000263389685036,3.775777391486675e-07,4.0455535099681583e-07,2.93696274411559e-07,3.762967537568329e-07,3.762967537568329e-07,2.9369627e-07,3.1683484e-07,0.9937269135181392
S00006,12055,2,1.0,3.863271e-06,0.000526478,0.005845153,0.0004105164553038776,4.209793739088734e-06,4.212639699593031e-06,4.5177484935265966e-06,4.2073397708009e-06,4.2073397708009e-06,4.5177485e-06,4.521801e-06,0.979698445667216
S00006,12067,2,1.0,0.0,0.00018131916,0.0035436028,0.00016737789701437578,7.954356912402242e-07,8.666184309428596e-07,5.29373380686593e-07,6.020908926984703e-07,6.020908926984703e-07,5.293734e-07,5.293734e-07,0.9905402874707536
S00006,12027,2,1.0,4.139621e-05,0.00017786954,0.00029805556,0.00017831638979259878,9.016000224922512e-07,1.0221788594814523e-06,3.696503085848235e-07,5.055038627688191e-07,5.055038627688191e-07,3.696503e-07,3.826629e-07,0.9899385098178761
S00006,12043,2,1.0,0.0,0.00091501593,0.0033938352,0.0003797488995284463,6.662893459482196e-06,6.6895286181534175e-06,7.59887689127936e-06,6.879037755425088e-06,6.879037755425088e-06,7.598877e-06,7.598877e-06,0.965514026329469
S00006,13039,2,1.0,0.0,0.0005073276,-0.0038912627,0.0006743144573799024,9.812085712231541e-06,9.46119507716503e-06,9.711607162898872e-06,9.411339306097943e-06,9.411339306097943e-06,9.711607e-06,9.711607e-06,0.9713149977549982
S00006,12111,2,1.0,0.0,0.00020558696,0.0026062008,0.000399934690600882,8.50409909010826e-07,1.0295530804190396e-06,4.241620104039612e-07,4.454225006611523e-07,4.454225006611523e-07,4.24162e-07,4.24162e-07,0.9957562798221347
S00006,12101,2,1.0,6.691001e-05,0.00033463404,0.0027159853,0.00022281386191025376,9.428758858121e-07,9.925465557595696e-07,9.466721166973002e-07,9.16950625651225e-07,9.16950625651225e-07,9.466721e-07,9.869759e-07,0.991572312904638
S00006,12127,2,1.0,0.0,0.00010901476,0.0016865928,0.0005597780836978927,4.700423138122763e-07,4.2982170119406266e-07,9.314599935805745e-08,2.3640518520551268e-07,2.3640518520551268e-07,9.3146e-08,9.3146e-08,0.9983220209332659
S00006,12021,2,1.0,0.00011462242,8.117381e-05,0.002522865,0.0004516074356312553,3.1181945322108123e-07,4.6150303963562084e-07,5.303164485326306e-08,2.3224957601541973e-07,2.3224957601541973e-07,5.3031645e-08,5.850202e-08,0.998620021387835
S00006,12047,2,1.0,0.0,0.00029454732,-0.0011374587,0.00010950011649886922,5.767874426965136e-06,5.8272618540892536e-06,5.639376922772499e-06,5.569023414864205e-06,5.569023414864205e-06,5.639377e-06,5.639377e-06,0.8999223569242861
S00008,37143,1,1.0508445501327515,0.0,0.00018809862,0.003175358,9.137592375433694e-05,2.2036549580661813e-06,2.1375321921368595e-06,1.0272962072122027e-06,1.066840468411101e-06,1.066840468411101e-06,1.0272962e-06,1.0272962e-06,0.9529030801722533
S00008,10001,1,1.5522538423538208,0.0,0.00023168395,0.0003746566,2.1441853580957588e-05,2.686289235498407e-06,2.5992719656642294e-06,2.4522423700545914e-06,2.445272230033879e-06,2.445272230033879e-06,2.4522424e-06,2.4522424e-06,0.7773314543159707
S00008,12063,1,1.0,0.0002207993,0.00013186625,-0.00011166968,8.479897223878652e-05,8.292110085979706e-07,9.638914851469356e-07,7.086845243975404e-07,8.453020541310252e-07,8.453020541310252e-07,7.086845e-07,7.181642e-07,0.9806322877083044
S00008,22103,1,1.0,0.0,0.00059902953,1.2766686e-05,9.546249809015232e-05,3.4447690874609784e-06,3.6619573317390555e-06,3.2154193831956945e-06,2.9053667276457418e-06,2.9053667276457418e-06,3.2154194e-06,3.2154194e-06,0.9303434583573112
S00008,24011,1,1.5682854652404785,0.0,2.9182054e-05,-0.0011380357,3.335537561118448e-05,3.249058693199913e-07,3.435696361483072e-07,7.565798654241007e-09,2.3014000305465743e-07,2.3014000305465743e-07,7.565799e-09,7.565799e-09,0.9807064635425888
S00008,13243,1,1.0,0.00083455036,0.00052883837,-0.0006190928,0.00010578859413120274,7.003328088709774e-06,7.205877561015465e-06,6.743656740582082e-06,6.643153938057367e-06,6.643153938057367e-06,6.7436567e-06,6.929867e-06,0.8758186233397945
S00008,22097,1,1.5193291902542114,0.0,0.00048644448,0.002416971,4.692646568097795e-05,1.96912272561652e-06,1.9622371686030724e-06,2.1566929717664607e-06,1.893322405521758e-06,1.893322405521758e-06,2.156693e-06,2.156693e-06,0.9194560167988101
S00008,37117,1,1.0326353311538696,0.0,3.9634007e-05,0.003061275,0.00024820609542075545,1.7731771132882082e-07,4.879325790814922e-07,1.2689181261293925e-08,2.1137906003332319e-07,2.1137906003332319e-07,1.2689181e-08,1.2689181e-08,0.9985722258254456
S00008,51740,1,1.298903465270996,0.0,0.00035288246,0.0050385,0.000279503396692841,1.4018592840632966e-06,1.5885708535279264e-06,1.2767139878633316e-06,1.1491403029140201e-06,1.1491403029140201e-06,1.276714e-06,1.276714e-06,0.9900189885789924
S00008,37197,1,1.5594696998596191,0.0,0.00559658,-0.00053607527,0.0009239469848883649,0.0009076213464140892,0.0009079757340562841,0.0009133123676292598,0.000908441434148699,0.000908441434148699,0.00091331237,0.00091331237,0.008913474968562223
S00008,01073,1,1.0,0.00021202736,0.0018658662,0.0032613482,0.00010608813196692306,1.3134216411951153e-05,1.3453181054501329e-05,1.626862467674073e-05,1.533243448648136e-05,1.533243448648136e-05,1.6268625e-05,1.70149e-05,0.779668550560467
S00008,22105,1,1.3078254461288452,2.7439359e-05,0.00028168218,0.0067832926,0.00021878124971408397,5.214473996299299e-07,6.494122999356478e-07,4.0439465465169633e-07,3.793178393607377e-07,3.793178393607377e-07,4.0439465e-07,4.1910005e-07,0.995244496246578
S00008,37141,1,1.0,0.0,1.4794458e-06,0.0011183828,0.0001578300774175053,1.0383031015711215e-06,7.991303097772592e-07,2.5509995157935172e-11,2.396818672423251e-07,2.396818672423251e-07,2.5509995e-11,2.5509995e-11,0.9869287633174249
S00008,12133,1,1.0,0.0,0.00068655866,-0.0006724978,9.558831031123798e-05,3.8094710816949373e-06,3.94896452841446e-06,4.19493062508991e-06,3.829309207503684e-06,3.829309207503684e-06,4.1949306e-06,4.1949306e-06,0.9233489716106322
S00008,22057,1,1.0,0.0,0.00033891422,0.0043524764,0.0001522912183039201,2.5284152040209542e-06,2.5240873734825677e-06,2.4326950551767368e-06,2.3806007902749116e-06,2.3806007902749116e-06,2.432695e-06,2.432695e-06,0.9673372795590391
S00008,01031,1,1.089999794960022,0.0,0.001834137,0.0007776411,0.00012040929141221568,8.245409844676033e-05,8.201141705891739e-05,8.522249845555052e-05,8.3634935435839e-05,8.3634935435839e-05,8.52225e-05,8.52225e-05,0.1870973022379275
S00008,51093,1,1.3336673974990845,0.0,0.0005225115,-0.0016242068,9.794734432944097e-05,9.501363820163533e-06,9.446765337391602e-06,9.639788913773373e-06,9.309415872849058e-06,9.309415872849058e-06,9.639789e-06,9.639789e-06,0.8231460576159844
S00008,01009,1,1.0,0.0,0.0019282012,0.0026647162,0.00012021043221466243,1.5600207007082645e-05,1.5450723670558848e-05,1.833636088122148e-05,1.660991256358102e-05,1.660991256358102e-05,1.833636e-05,1.833636e-05,0.7702653179974894
S00008,51810,1,1.2760065793991089,4.8845536e-06,0.00049776654,0.00042805317,0.00015449414786417037,4.685254680225626e-06,4.5656459709183155e-06,4.051895302836783e-06,3.826908141491003e-06,3.826908141491003e-06,4.0518953e-06,4.056734e-06,0.941132400231005
S00008,12113,1,1.0,0.0,0.0023081996,-0.000992689,0.00017215135934141776,9.392995707457885e-05,9.304145836116125e-05,9.508440416539088e-05,9.334093920188025e-05,9.334093920188025e-05,9.5084404e-05,9.5084404e-05,0.2939755534903701
S00008,13177,1,1.0067111253738403,0.0,0.0010421226,-0.0017782351,0.00019007155303067216,5.028244534817835e-05,5.013841776720559e-05,5.05503558088094e-05,4.9813905206974596e-05,4.9813905206974596e-05,5.0550356e-05,5.0550356e-05,0.581596764045321
S00008,01069,1,1.1520003080368042,0.0,9.075637e-05,-0.00093971373,7.068867610845093e-05,5.118024120065456e-07,6.621223225996194e-07,2.0057589722455305e-07,3.49526715126558e-07,3.49526715126558e-07,2.005759e-07,2.005759e-07,0.985623624373269
S00008,37129,1,1.0,0.0,0.00025113742,0.0029936854,0.0001501305159763433,2.738975695137924e-06,2.324433125977521e-06,1.163310002993967e-06,1.1440497473813593e-06,1.1440497473813593e-06,1.16331e-06,1.16331e-06,0.9641658297520342
S00008,12013,1,1.0,0.0,0.0002457568,0.0020009163,8.717731179785915e-05,6.349171712827228e-07,7.153764916741542e-07,6.734069302183343e-07,6.898535502841696e-07,6.898535502841696e-07,6.7340693e-07,6.7340693e-07,0.9855392084055664
S00008,13095,1,1.0,0.0,4.7375364e-05,-8.588875e-05,6.882166538465147e-05,1.7514669181650788e-07,3.051528546886099e-07,3.233462919638441e-08,2.3073101829140796e-07,2.3073101829140796e-07,3.233463e-08,3.233463e-08,0.9949230497309819
S00008,24035,1,1.509325623512268,2.7781636e-05,8.893983e-05,-0.0025580998,6.676583385948713e-05,3.1972863704747095e-07,3.4109693558548315e-07,1.3717748004182795e-07,2.9359443942666985e-07,2.9359443942666985e-07,1.3717748e-07,1.4134746e-07,0.9904680343981914
S00008,13001,1,1.0,0.0,0.00034038394,0.001685501,0.00014347950733887652,1.764596845532651e-06,2.344026105068527e-06,1.2780759561792365e-06,1.1797153547377093e-06,1.1797153547377093e-06,1.278076e-06,1.278076e-06,0.9757016389003683
S00008,22029,1,1.6044812202453613,0.0,0.00013942704,0.002981646,7.189904924113459e-05,3.66205891092856e-07,3.9498995837069134e-07,1.6883811326806608e-07,2.640733498537884e-07,2.640733498537884e-07,1.6883811e-07,1.6883811e-07,0.9898649526546943
S00008,37031,1,1.0,0.0,3.9733077e-05,0.0048510614,0.00020927459263475612,2.7400345364488507e-06,1.7036217817197514e-06,1.9500001613437234e-08,2.2523876452851255e-07,2.2523876452851255e-07,1.9500002e-08,1.9500002e-08,0.9741524009639557
S00008,01061,1,1.161104679107666,0.0,0.0011930612,-0.00034438766,0.00010956185966885339,4.1757460470156125e-05,4.170970957299384e-05,4.2751620640046895e-05,4.1768238588701934e-05,4.1768238588701934e-05,4.275162e-05,4.275162e-05,0.44808818289963737
S00008,01063,1,1.0,0.0,0.004403467,-0.005886024,0.000678207123807321,0.0004069367132615298,0.00040898690349422395,0.0004202338168397546,0.0004161659744568169,0.0004161659744568169,0.00042023382,0.00042023382,0.2499856712807184
S00008,22037,1,1.535164713859558,0.0,0.0004574596,-0.0031524766,0.00018862902895004177,3.6831628070406928e-06,4.004467655249755e-06,3.6537089727062266e-06,3.4389902339171385e-06,3.4389902339171385e-06,3.653709e-06,3.653709e-06,0.9616960030106354
S00008,51735,1,1.2604924440383911,0.0,2.7183369e-06,0.004405038,0.000157668759735922,1.450169615206202e-06,1.1571906028962076e-06,3.8096234500351045e-10,2.3924189918034244e-07,2.3924189918034244e-07,3.8096235e-10,3.8096235e-10,0.9817725066260834
S00008,51131,1,1.0,0.0,0.00020609432,0.00060725067,8.376098412554711e-05,3.687494048184211e-06,2.400005466067038e-06,6.549942099809414e-07,6.726183414684783e-07,6.726183414684783e-07,6.549942e-07,6.549942e-07,0.9156647634082695
S00008,37139,1,1.0726531744003296,0.0,0.00025374925,0.0037056357,0.0001029023842420429,8.899382313150758e-06,8.928107793811554e-06,8.317562787851784e-06,8.289677680295426e-06,8.289677680295426e-06,8.317563e-06,8.317563e-06,0.840800685224283
S00008,01003,1,1.0,6.5152944e-06,0.00032889796,0.003529731,0.0002560496892935286,6.789035523979692e-06,4.093493468341573e-06,1.2601848311533104e-06,1.2231246273586294e-06,1.2231246273586294e-06,1.2601848e-06,1.2644282e-06,0.9483406752281773
S00008,12059,1,1.010448932647705,0.0,0.0004125872,0.000803905,4.002596263793142e-05,4.773897368674322e-06,4.820236426894553e-06,4.8010492719186004e-06,4.6589279918407556e-06,4.6589279918407556e-06,4.8010493e-06,4.8010493e-06,0.7868789157836472
S00008,22125,1,1.4995359182357788,0.0,0.00034268195,-0.0028158324,9.778760553065997e-05,2.9232530778244836e-06,2.9640069290811275e-06,2.865368969651172e-06,2.7491523724165745e-06,2.7491523724165745e-06,2.865369e-06,2.865369e-06,0.9419476088633364
S00008,37019,1,1.0,0.0,5.2358275e-05,0.0018342215,0.00012424521507152045,4.218472137533051e-06,2.1811746364619466e-06,2.850693903155843e-08,2.155577192297642e-07,2.155577192297642e-07,2.8506939e-08,2.8506939e-08,0.9343242868209414
S00008,22101,1,1.0,0.0,0.00038297832,0.005041367,0.00022747339729297286,2.879524875728142e-06,2.840576219872067e-06,2.8058398129360285e-06,2.633669737406308e-06,2.633669737406308e-06,2.8058398e-06,2.8058398e-06,0.9749990158699241
S00008,12131,1,1.0,0.0,0.0004731157,-0.00070246414,8.709508983884007e-05,3.283461486110658e-06,3.0168485712541346e-06,2.6061302378366236e-06,2.3645093278901186e-06,2.3645093278901186e-06,2.6061302e-06,2.6061302e-06,0.927339807111863
S00008,45055,1,1.0,0.0,0.00015584484,0.00026340128,5.3676483124339334e-05,3.675559507125096e-07,3.7507066489676316e-07,2.0362880093216518e-07,2.9499628340090567e-07,2.9499628340090567e-07,2.036288e-07,2.036288e-07,0.9863979096676295
S00008,01067,1,1.0787856578826904,0.0,0.00014764625,-0.000102492835,7.42492193239741e-05,5.117838099977234e-07,7.210469921877424e-07,1.6675971892254893e-07,2.5877113785099937e-07,2.5877113785099937e-07,1.6675972e-07,1.6675972e-07,0.9863088030244697
S00008,13099,1,1.0,0.0,0.0,-5.9973652e-05,0.00012727276043733582,4.960746492107168e-07,8.773515484487385e-07,0.0,2.412281219221768e-07,2.412281219221768e-07,0.0,0.0,0.9922348098599365
S00008,37075,1,1.2129082679748535,0.0,9.171202e-05,0.0024104763,0.00013456857656516755,4.6483764037930086e-07,3.2502137041016493e-07,1.3641914620166062e-07,2.7720903972294764e-07,2.7720903972294764e-07,1.3641915e-07,1.3641915e-07,0.9931152205087294
S00008,45063,1,1.2062808275222778,2.040883e-06,5.3214135e-05,0.00035191065,5.461814968536297e-05,1.5598503229815228e-07,1.9062304149978596e-07,1.7288133591364385e-08,2.0452608850973775e-07,2.0452608850973775e-07,1.7288134e-08,1.7501176e-08,0.994304427332273
S00008,22089,1,1.0,0.0,0.0016139381,0.0049780062,0.0002602013507081817,9.218556806445122e-05,9.218746223875011e-05,9.429581405129284e-05,9.287198190577328e-05,9.287198190577328e-05,9.4295814e-05,9.4295814e-05,0.47679347243913334
S00008,51041,1,1.4189567565917969,5.856447e-06,0.00040105477,0.0014775104,8.195483072389227e-05,3.232411396917693e-06,3.2473216530585583e-06,3.0998689908301458e-06,2.915091499744449e-06,2.915091499744449e-06,3.099869e-06,3.1045322e-06,0.924110434463095
S00008,01039,1,1.067095160484314,0.0,8.193177e-05,-0.00015389099,0.00010730676876846701,1.4066313980265477e-06,1.2055949222637234e-06,1.0699239538780603e-07,2.698448327009828e-07,2.698448327009828e-07,1.06992395e-07,1.06992395e-07,0.9741222076418858
S00008,22051,1,1.0,0.0,0.00045822063,0.007475885,0.00032639014049588394,1.7914186779914114e-06,2.0682821286754915e-06,8.608718076175137e-07,7.232521284095128e-07,7.232521284095128e-07,8.608718e-07,8.608718e-07,0.989082758443217
S00008,12005,1,1.0,0.0,0.00041633318,0.0022648077,0.00011311912385281175,1.5746168552747501e-06,1.4519751706150903e-06,1.452846277061326e-06,1.2929073136547231e-06,1.2929073136547231e-06,1.4528463e-06,1.4528463e-06,0.9725422355997194
S00008,24041,1,1.4272773265838623,0.0,0.0001152372,-0.0017659675,6.510064728596869e-05,4.1361054078000353e-07,4.115207398551017e-07,1.4734401077021175e-07,2.921471491390548e-07,2.921471491390548e-07,1.4734401e-07,1.4734401e-07,0.9873734190235725
S00008,45039,1,1.1402702331542969,0.0,2.347032e-05,-0.0031826687,0.00011846282238063092,8.924325480090071e-07,9.729688722851886e-07,1.0828551388897267e-08,2.3246401781307213e-07,2.3246401781307213e-07,1.0828551e-08,1.0828551e-08,0.9850457770201643
S00008,13259,1,1.0,0.0,0.00018145626,-0.000978057,0.00010183495639163691,3.1193012925238386e-06,2.6013346996478504e-06,5.772266149506322e-07,6.292791567830136e-07,6.292791567830136e-07,5.772266e-07,5.772266e-07,0.9405588422737309
S00008,22075,1,1.0,0.0,0.0024216552,0.013733768,0.0017116150702349842,0.0002629646672479187,0.00021816330263391137,8.049207826843485e-05,7.907233521109447e-05,7.907233521109447e-05,8.049208e-05,8.049208e-05,0.7336499891535064
S00008,01115,1,1.0,0.0,0.00206544,0.005446482,0.0003036190658652534,2.5032976433673564e-05,2.4653552827658132e-05,3.0180941394064575e-05,2.83311110251816e-05,2.83311110251816e-05,3.0180941e-05,3.0180941e-05,0.8476627361962065
S00008,01125,1,1.0534045696258545,8.764396e-06,0.0013773339,0.0029695828,6.108154896840763e-05,1.3233198539334504e-05,1.3543767939457515e-05,1.5005090972408652e-05,1.3989947547088377e-05,1.3989947547088377e-05,1.5005091e-05,1.5029156e-05,0.643860768336571
S00008,12091,1,1.0,0.0,0.00037491735,-0.001685082,0.0001329726898499454,1.7532585540417738e-06,1.5945475032215957e-06,7.862260531510401e-07,6.527029086100811e-07,6.527029086100811e-07,7.8622605e-07,7.8622605e-07,0.9739729640086189
S00008,01019,1,1.0,0.0,1.6786861e-06,0.0024504585,0.00024009191353494921,4.8721557239635636e-05,1.1577903478610096e-05,2.0289507574045018e-10,2.406893884199235e-07,2.406893884199235e-07,2.0289508e-10,2.0289508e-10,0.6626088311672818
S00008,13061,1,1.0359824895858765,0.0,0.00017383805,-0.00085403793,0.00012522290126071312,7.762717307476427e-07,1.0923176437434752e-06,1.6568293403906864e-07,2.2987893544268445e-07,2.2987893544268445e-07,1.6568293e-07,1.6568293e-07,0.9876781456208406
S00008,22109,1,1.0,0.0,0.00015802412,0.0026437046,0.00010730440165692319,1.0420162463257536e-06,9.563542751796679e-07,5.969775429548463e-07,6.998195658525219e-07,6.998195658525219e-07,5.9697754e-07,5.9697754e-07,0.9807651001945213
S00008,10005,1,1.375091552734375,1.3665169e-05,0.0002145147,-0.0019717873,4.971329326508567e-05,3.080484399712683e-06,2.9907737371104304e-06,2.7981388939224416e-06,2.830191306202323e-06,2.830191306202323e-06,2.798139e-06,2.8038148e-06,0.8833012322296203
S00008,22007,1,1.0,0.0,0.0015437617,0.008227193,0.0003831123952598621,5.200370287639089e-05,5.1727428702482335e-05,5.258030068944208e-05,5.112301732879132e-05,5.112301732879132e-05,5.25803e-05,5.25803e-05,0.7609663117538512
S00008,51710,1,1.3131510019302368,0.0,0.00015079965,0.005629991,0.00030289966040678945,1.31245568960973e-06,1.4769866538699716e-06,8.4898329077987e-07,9.303496426582569e-07,9.303496426582569e-07,8.489833e-07,8.489833e-07,0.9913714436725863
S00008,13037,1,1.0494492053985596,0.0011277136,0.00025500817,0.0011158551,9.055247695262854e-05,4.147146247153917e-07,4.919634761790803e-07,1.0960391136904946e-06,5.064401875642943e-07,5.064401875642943e-07,1.0960391e-06,3.9945343e-07,0.9908821055696156
S00008,01053,1,1.1175676584243774,0.0,0.0077063823,-0.00038979526,0.0002228891413930493,0.00022897393985961875,0.00022933961493739238,0.0002435818314552307,0.00023667285859119147,0.00023667285859119147,0.00024358183,0.00024358183,-0.01346602260512409
S00008,37133,1,1.0,0.0,8.239503e-06,0.002691266,8.948934555519372e-05,4.22067169362587e-07,4.523884011102079e-07,9.797695987856514e-10,2.3349103628333978e-07,2.3349103628333978e-07,9.797696e-10,9.797696e-10,0.9906114884290474
S00008,37189,1,1.3218352794647217,0.0,7.007532e-05,-0.0048973626,0.00021542347652333169,2.616537363072287e-07,1.446458715766615e-07,7.6245015634413e-08,2.4174261170628597e-07,2.4174261170628597e-07,7.6245016e-08,7.6245016e-08,0.9975737433916537
S00008,37163,1,1.134669303894043,0.0,2.5430603e-05,0.0035666013,8.671145527235542e-05,4.4067452383463507e-07,4.425126244692971e-07,9.818283075446743e-09,2.2410875999412383e-07,2.2410875999412383e-07,9.818283e-09,9.818283e-09,0.9898872345434317
S00008,45079,1,1.1094447374343872,0.00017372845,7.7072866e-05,-0.00049390894,5.4490965946267046e-05,2.839015043794764e-07,3.0835627976936547e-07,6.980224043218186e-08,2.429733001463319e-07,2.429733001463319e-07,6.980224e-08,6.640016e-08,0.989633877082942
S00008,37193,1,1.6339342594146729,2.1926939e-05,3.2928474e-05,-0.002414948,5.819203761348035e-05,2.8142082915868133e-07,2.689375833142549e-07,1.6718537665383337e-08,2.2602706906127423e-07,2.2602706906127423e-07,1.6718538e-08,1.7681787e-08,0.9903744079227074
S00008,37009,1,1.3687034845352173,0.0,6.24389e-05,-0.0029499975,0.00014337724193561976,2.385175979687422e-07,2.241665981728147e-07,9.61083372885696e-08,2.697730394629616e-07,2.697730394629616e-07,9.610834e-08,9.610834e-08,0.9966783924167741
S00008,51700,1,1.38008451461792,0.0,0.00039193826,0.0015047817,0.00014906476038352898,4.479390402896873e-06,4.553135113383178e-06,4.346058631199412e-06,4.162708137300797e-06,4.162708137300797e-06,4.3460586e-06,4.3460586e-06,0.9416533892049389
S00008,01005,1,1.016524314880371,0.0,0.00035927433,0.0028439672,0.00010644255962688476,1.4543760660975142e-06,1.609387747218231e-06,7.26983444110374e-07,6.213130632204411e-07,6.213130632204411e-07,7.2698344e-07,7.2698344e-07,0.9730413833023785
S00008,37171,1,1.5414217710494995,0.0,0.00025360106,-0.0014401431,4.913500500454878e-05,3.695142822834896e-06,3.6819248331691292e-06,3.640641352831153e-06,3.6076894502912182e-06,3.6076894502912182e-06,3.6406414e-06,3.6406414e-06,0.8601123421078305
S00008,13055,1,1.0,0.0,0.005121918,-0.0015926735,0.00045247882856832195,0.00015418669742454463,0.00016271838103421032,0.00018878624541684985,0.00018382948474027216,0.00018382948474027216,0.00018878625,0.00018878625,0.49169125055456786
S00008,22087,1,1.0,2.3598262e-05,0.0006929532,0.022387851,0.002994459200029572,0.0007736912763599927,0.0005934106593485922,1.9240773326600902e-05,1.8790358808473684e-05,1.8790358808473684e-05,1.9240773e-05,1.9272926e-05,0.5893522399342708
S00008,01035,1,1.1750808954238892,0.0,0.0033949553,-0.00059504824,0.000145414132324125,8.616788545623422e-05,8.652542601339519e-05,9.148965909844264e-05,8.864496339811012e-05,8.864496339811012e-05,9.148966e-05,9.148966e-05,0.25583267403811155
S00008,45059,1,1.3169221878051758,0.0,6.6189634e-05,-0.0007062715,3.736120318838706e-05,4.0835707674583926e-07,5.163604868130278e-07,5.378955592050261e-08,2.2414822353766795e-07,2.2414822353766795e-07,5.3789556e-08,5.3789556e-08,0.9783763923180852
S00008,22071,1,1.0,0.0,0.0010975188,0.009447544,0.000521633483003825,7.54869127680043e-06,7.882153568061767e-06,8.290304322144948e-06,7.624114005011506e-06,7.624114005011506e-06,8.290304e-06,8.290304e-06,0.9714703493666913
S00008,01097,1,1.0,1.9008967e-05,0.0011953372,0.001960652,0.00014118708107465258,6.30076025724217e-06,5.782514108432224e-06,6.1669366004935e-06,5.373119165597018e-06,5.373119165597018e-06,6.1669366e-06,6.21202e-06,0.9145589195645838
S00008,01095,1,1.0,1.8884672e-05,8.983334e-06,0.0015558306,0.00023077666507257769,4.61635921785349e-07,2.679305287263863e-07,1.0658679494568446e-09,2.347943421909804e-07,2.347943421909804e-07,1.065868e-09,1.0485317e-09,0.9960072711155527
S00008,01085,1,1.0768173933029175,0.0,0.000820189,0.00039009677,8.514770039861712e-05,1.1792696568591055e-05,1.2131138040179698e-05,1.14094646050944e-05,1.0891615602304228e-05,1.0891615602304228e-05,1.1409465e-05,1.1409465e-05,0.7567021192912972
S00008,13307,1,1.0,0.0,0.00024617568,-0.0018638317,0.00012208517364342697,3.5737011027473877e-06,3.90310886662822e-06,3.2731231840443797e-06,3.2670420750946505e-06,3.2670420750946505e-06,3.2731232e-06,3.2731232e-06,0.9431205935917203
S00008,37055,1,1.0249983072280884,0.0,0.00019114754,0.013029245,0.0008573529776185751,1.4087870757369576e-06,1.0920694724821562e-06,4.369739485809987e-07,4.879982498096069e-07,4.879982498096069e-07,4.3697395e-07,4.3697395e-07,0.9967190270138809
S00008,37095,1,1.0,0.0,8.680556e-06,0.0073486157,0.0005626010618774065,2.7850481198280854e-06,2.0063690631862605e-06,4.480190440858678e-09,2.363828741636098e-07,2.363828741636098e-07,4.4801904e-09,4.4801904e-09,0.9901481551436003
S00008,13283,1,1.0,0.0,1.6468734e-05,0.0016168598,0.0002547910650415967,5.516301674409381e-06,5.3437869003876886e-06,1.7003642938107077e-08,2.411470632068813e-07,2.411470632068813e-07,1.7003643e-08,1.7003643e-08,0.9576170145009564
S00008,22025,1,1.4979889392852783,0.0,5.733467e-05,0.00014186003,1.6996126153874986e-05,5.863082037649292e-07,5.677128266749302e-07,2.366830358369043e-07,4.154254611421493e-07,4.154254611421493e-07,2.3668304e-07,2.3668304e-07,0.9333075054524328
S00008,12033,1,1.0,8.5891676e-05,0.0016928847,0.00022401573,0.00013076648610876873,3.5236049977053575e-05,3.513490931557802e-05,3.8357906305463985e-05,3.737966835615225e-05,3.737966835615225e-05,3.8357906e-05,3.8641338e-05,0.5754757631071763
S00008,51650,1,1.3207660913467407,0.0,0.00029036618,0.0044679274,0.00023559103647130542,1.0463756628572203e-06,1.2515678046535565e-06,5.616641942651768e-07,5.07571542129881e-07,5.07571542129881e-07,5.616642e-07,5.616642e-07,0.9911562955880875
S00008,13187,1,12.450006484985352,0.0,0.0011524947,-0.0036967963,0.00025795313316242147,6.367789319483563e-05,6.364095800866683e-05,6.421844591386616e-05,6.32969313301146e-05,6.32969313301146e-05,6.4218446e-05,6.4218446e-05,0.6040314025917118
S00008,21047,1,12.450006484985352,0.0,2.5581461e-05,0.0013432825,0.00010237635918504868,4.398921570706686e-07,4.6606147918737406e-07,4.0887410790446665e-08,2.5593831765036157e-07,2.5593831765036157e-07,4.088741e-08,4.088741e-08,0.9914431395556926
S00008,34031,1,12.450006484985352,0.0,0.00011968085,-0.007824154,0.0003285073422982047,1.4489961586150457e-06,9.464947462826482e-07,1.0613590006869345e-07,2.260685505461879e-07,2.260685505461879e-07,1.061359e-07,1.061359e-07,0.991217043046411
S00008,21171,1,12.450006484985352,0.0,0.00083901105,0.0020815823,9.80585755314678e-05,4.2994689768723525e-05,4.283973006143545e-05,4.336319034337066e-05,4.277390689821914e-05,4.277390689821914e-05,4.336319e-05,4.336319e-05,0.3903765407029509
S00008,13233,1,12.254488945007324,0.0,0.0009328696,0.0051197438,0.0001803569175535813,5.201365183893358e-06,5.3260341701388825e-06,6.093770025472622e-06,5.381190021580551e-06,5.381190021580551e-06,6.09377e-06,6.09377e-06,0.9439382052133757
S00008,13179,1,12.450006484985352,0.0,0.0007714771,-0.00026774337,8.37415876352073e-05,9.882218061344853e-06,9.945253623300232e-06,1.0444875442772172e-05,9.886944098980166e-06,9.886944098980166e-06,1.0444875e-05,1.0444875e-05,0.788895185624594
S00008,22099,1,12.450006484985352,0.0,0.00059316214,0.011009995,0.0006483427180986231,1.6158160178747494e-06,1.6377788369936752e-06,1.8669779819902033e-06,1.5978184819687158e-06,1.5978184819687158e-06,1.866978e-06,1.866978e-06,0.9950279412206775
S00008,51199,1,12.450006484985352,0.0,0.00027627134,0.0070662424,0.0004232340870657936,2.8064107482350664e-06,2.9073549588550427e-06,9.309269444202073e-07,8.702766081114532e-07,8.702766081114532e-07,9.3092694e-07,9.3092694e-07,0.9868256151110776
S00008,51015,1,12.450006484985352,0.0,0.00015098197,-0.0018204846,0.00019792738991479078,8.926528304679474e-07,7.798899067286887e-07,7.612254648847738e-07,8.403042102145264e-07,8.403042102145264e-07,7.6122546e-07,7.6122546e-07,0.9910204945322171
S00008,13127,1,12.450006484985352,0.0,0.00026284615,0.0003520957,4.574980084726121e-05,4.963897216233212e-07,6.148176036428291e-07,5.963521516605397e-07,5.633514206238033e-07,5.633514206238033e-07,5.9635215e-07,5.9635215e-07,0.9785327303495867
S00008,51670,1,12.450006484985352,0.0,0.0001013086,0.0029481405,0.0001785741769708693,3.614372540520587e-07,5.55146456804323e-07,1.6231399513344513e-07,2.985810851896531e-07,2.985810851896531e-07,1.62314e-07,1.62314e-07,0.9959601418016457
S00008,01093,1,12.450006484985352,0.0,0.0006862125,-0.00040455087,0.00010706370449042879,2.0205498609963495e-05,2.0127954485360533e-05,2.0287603547330946e-05,1.9805280317086726e-05,1.9805280317086726e-05,2.0287604e-05,2.0287604e-05,0.6824762296338883
S00008,22095,1,10.285179138183594,0.0,0.00058896653,0.0069449116,0.0003463643273183455,4.064863181459562e-06,4.1758589759410825e-06,4.347894901002292e-06,4.135175913688727e-06,4.135175913688727e-06,4.347895e-06,4.347895e-06,0.9768006587826661
S00008,13033,1,11.183890342712402,0.0,0.0002314111,0.0020821777,0.0001348361256532371,5.623417412910688e-06,5.208309933853646e-06,4.3075015128124505e-06,4.293920937925577e-06,4.293920937925577e-06,4.3075015e-06,4.3075015e-06,0.9199282969294238
S00008,13183,1,12.450006484985352,0.0,0.0011722087,0.0006186025,9.10349190235138e-05,1.6006480412518915e-05,1.5942359823384322e-05,1.7034426491591148e-05,1.6007476006052457e-05,1.6007476006052457e-05,1.7034426e-05,1.7034426e-05,0.700929163915046
S00008,13253,1,6.990128517150879,0.0,0.001272324,-0.0006147226,0.00014368431099380055,3.765420478885062e-05,3.7564008380286396e-05,3.816433672909625e-05,3.722576002473943e-05,3.722576002473943e-05,3.8164337e-05,3.8164337e-05,0.584708139621235
S00008,54043,1,12.450006484985352,0.0,0.009520095,-0.0044336575,0.00120203693707784,0.0006677345566761991,0.0006697618324930469,0.0006871155928820372,0.0006792788044549525,0.0006792788044549525,0.0006871156,0.0006871156,0.2857581165326753
S00008,21197,1,12.450006484985352,0.0005617189,0.0006602148,0.004118406,0.00015977902269999808,2.9819961279523946e-06,3.1988365662982687e-06,2.6981658720615087e-06,2.6989769139618147e-06,2.6989769139618147e-06,2.6981659e-06,3.1243478e-06,0.9633573671456978
S00008,51179,1,12.450006484985352,0.0,1.5421167e-05,-0.0005344626,6.0175950541937105e-05,2.849556513713954e-07,2.759844027385346e-07,3.3321478909442703e-09,2.2819374123628222e-07,2.2819374123628222e-07,3.332148e-09,3.332148e-09,0.9905738875146752
S00008,13315,1,12.450006484985352,0.0,8.916239e-05,0.0012702955,0.00016059759946074337,6.759427909249401e-07,8.072953126732804e-07,1.4585639007691498e-07,3.010653983892553e-07,3.010653983892553e-07,1.4585639e-07,1.4585639e-07,0.9916174372871387
S00008,21193,1,12.450006484985352,0.0,0.0035926427,0.0028564422,0.00029292422307965654,8.568903770841037e-05,8.354037466536586e-05,9.360371041111648e-05,9.002304432215169e-05,9.002304432215169e-05,9.360371e-05,9.360371e-05,0.5473532145701797
S00008,21067,1,12.450006484985352,6.1007972e-06,0.0004188367,0.0035482077,0.00013241268728355257,8.773862039864374e-07,8.576811296734377e-07,9.843324733083136e-07,8.187584512597823e-07,8.187584512597823e-07,9.843325e-07,9.894057e-07,0.9868349355502686
S00008,21053,1,12.450006484985352,0.0,0.0019460991,0.00030947482,0.00016757378277058402,0.00011344331142026931,0.00011273903752832364,0.00011473452468635514,0.0001128666553995572,0.0001128666553995572,0.000114734525,0.000114734525,0.1926234114197761
S00008,54037,1,12.450006484985352,0.0,0.00034440542,-0.0012009761,7.126443051674869e-05,3.6599677362877023e-06,3.718181384707956e-06,3.627511887316359e-06,3.4949184737342875e-06,3.4949184737342875e-06,3.627512e-06,3.627512e-06,0.9023023788879245
S00008,12077,1,9.080193519592285,0.0,3.989691e-05,-0.0018030298,0.00010390449824626558,3.101967915123775e-07,6.335219471983086e-07,3.444081642101082e-08,2.3737791821076826e-07,2.3737791821076826e-07,3.4440816e-08,3.4440816e-08,0.9940469663822374
S00008,13165,1,6.976208209991455,0.0,2.873167e-06,0.0031789746,0.0001626730663701892,2.508388377009396e-06,2.219394294418938e-06,5.943663339280647e-10,2.386513244800881e-07,2.386513244800881e-07,5.9436633e-10,5.9436633e-10,0.9696286925085101
S00008,37167,1,10.739577293395996,0.0,4.1146486e-05,-0.0019125028,4.448757075200168e-05,4.775636170961661e-07,4.7308585138239323e-07,1.9509107218596e-08,2.2024990187219373e-07,2.2024990187219373e-07,1.9509107e-08,1.9509107e-08,0.9787584926055789
S00008,13139,1,7.59015417098999,0.0,0.00047937993,-0.0003554999,6.559545848479804e-05,4.1136387759858435e-06,4.0806085053191055e-06,4.245075160724809e-06,3.9732776713208295e-06,3.9732776713208295e-06,4.245075e-06,4.245075e-06,0.8819769890120196
S00008,37043,1,4.894314765930176,0.0,0.00029050978,-0.005731178,0.0002436715440126136,7.815065146132838e-07,5.879266306389278e-07,6.271100119192852e-07,5.865245498171134e-07,5.865245498171134e-07,6.2711e-07,6.2711e-07,0.993606080898334
S00008,13031,1,7.286532878875732,9.3991584e-05,0.0005882633,0.0020505274,9.163403350006168e-05,9.78212180295183e-06,9.962808993198754e-06,9.82269921223633e-06,9.58753389568301e-06,9.58753389568301e-06,9.822699e-06,9.924451e-06,0.8070894765488874
S00008,51071,1,9.997840881347656,0.0,0.00063132675,-0.0064767506,0.0002495020259326945,5.023183651549819e-06,4.781571836550332e-06,5.3024828048364725e-06,4.860525677941041e-06,4.860525677941041e-06,5.302483e-06,5.302483e-06,0.9605289891735679
S00008,13163,1,6.228034973144531,0.0,0.00092538085,0.0021024458,0.00013083342491881922,7.772913249937119e-06,7.811566774762468e-06,8.94925142347347e-06,8.2114847828052e-06,8.2114847828052e-06,8.949251e-06,8.949251e-06,0.8878418786235673
S00008,51049,1,11.339774131774902,0.0,0.0008815169,0.00048863917,6.844200834166259e-05,2.4901214298248913e-05,2.483828939148225e-05,2.5375602490385063e-05,2.4654696971992962e-05,2.4654696971992962e-05,2.5375602e-05,2.5375602e-05,0.46645908307001804
S00008,37131,1,10.995583534240723,0.0,3.965811e-05,0.0016113027,9.270705171123457e-05,3.2195598957211285e-07,4.122674918486761e-07,1.374938118914315e-08,2.1915272441219713e-07,2.1915272441219713e-07,1.3749381e-08,1.3749381e-08,0.9930783742075897
S00008,37081,1,10.855337142944336,5.192339e-05,0.00025925637,0.00022003587,2.7127775562500272e-05,2.790722722541735e-06,2.8279757771088043e-06,2.727287437664927e-06,2.71687008535082e-06,2.71687008535082e-06,2.7272874e-06,2.7515148e-06,0.8134450000829769
S00008,51025,1,10.247637748718262,0.0,0.00018548506,-0.00058771274,2.5714891611035757e-05,1.1040465134707726e-06,1.449806234177231e-06,5.56311874788662e-07,6.322856052065617e-07,6.322856052065617e-07,5.563119e-07,5.563119e-07,0.9176666497125834
S00008,51045,1,10.394120216369629,0.0,8.355615e-05,-0.00036990683,3.925319651898462e-05,4.044722269706351e-06,1.310767193748082e-06,1.1280933875923438e-07,2.652961939020315e-07,2.652961939020315e-07,1.1280934e-07,1.1280934e-07,0.8131678204005134
S00008,45069,1,7.834897994995117,0.0,6.471654e-06,-0.0012541559,6.171549466671422e-05,6.06376412785418e-07,5.134772322890058e-07,1.1657240728268903e-09,2.3567235984955914e-07,2.3567235984955914e-07,1.1657241e-09,1.1657241e-09,0.9805404939780479
S00008,37157,1,10.584782600402832,0.0,2.5005605e-05,0.0006411442,4.326808084442746e-05,6.976791648109307e-07,6.979090111750944e-07,3.784533131323542e-09,2.249302468726455e-07,2.249302468726455e-07,3.784533e-09,3.784533e-09,0.9682626132397426
S00008,54055,1,9.544848442077637,0.0,0.00027996997,-0.0019057866,9.113976193475537e-05,1.5687502733878016e-06,1.247884142685507e-06,9.314302928942197e-07,8.796466772764688e-07,8.796466772764688e-07,9.314303e-07,9.314303e-07,0.9661573627701899
S00008,05103,1,11.26751708984375,0.0,2.8708826e-05,0.003291808,7.771413341591445e-05,6.408681680151554e-07,7.846401880821455e-07,7.247469735460754e-09,2.189319019407776e-07,2.189319019407776e-07,7.2474697e-09,7.2474697e-09,0.9836419333785936
S00008,51111,1,10.515312194824219,0.0,0.00043444114,0.00065938674,4.330343350981517e-05,5.491937220843586e-06,5.627953820900681e-06,5.447599960461957e-06,5.221915216679918e-06,5.221915216679918e-06,5.4476e-06,5.4476e-06,0.7748992521787345
S00008,36081,1,11.523798942565918,0.0,3.838588e-05,8.8731875e-05,6.569392886982921e-05,4.2527151104347166e-07,4.7299121656389315e-07,1.7907179739040657e-08,2.1899738555930526e-07,2.1899738555930526e-07,1.790718e-08,1.790718e-08,0.9871362173591409
S00008,51121,1,9.819321632385254,0.0,0.0005805875,-0.0017345375,8.283548383284749e-05,2.5736673402813417e-06,2.5067281512747286e-06,2.9189147880970268e-06,2.548826387283043e-06,2.548826387283043e-06,2.9189148e-06,2.9189148e-06,0.9397332181638385
S00008,13113,1,8.637348175048828,0.0,0.00019144097,0.0025162462,0.00014752530842088163,2.158830672745656e-07,2.4848668071323726e-07,2.297735335332618e-07,2.7063768470725336e-07,2.7063768470725336e-07,2.2977353e-07,2.2977353e-07,0.9970775507480338
S00008,36047,1,11.807450294494629,2.0706548e-06,1.8840205e-05,-0.004411377,0.0004343592105821396,8.530302656832115e-07,9.247765541490575e-07,2.1225525781431998e-09,2.3144245631101512e-07,2.3144245631101512e-07,2.1225526e-09,2.1962878e-09,0.9960799344061579
S00008,13195,1,9.056295394897461,0.0,0.00034040277,-0.00060179783,5.5322536354651675e-05,1.3029803085373715e-06,1.3470138734798336e-06,1.3601523960460327e-06,1.2783360716639436e-06,1.2783360716639436e-06,1.3601524e-06,1.3601524e-06,0.9539790403578107
S00008,51023,1,11.137761116027832,0.0,0.00015032077,-0.003109182,9.23671541386284e-05,9.475977122974655e-07,5.665400806265097e-07,7.577518346124634e-08,1.693292688287329e-07,1.693292688287329e-07,7.577518e-08,7.577518e-08,0.9796902913311865
S00008,51185,1,9.679394721984863,0.0,0.0004556565,-0.0015351335,0.00013879945133036622,1.411365625851128e-06,1.2755734815073083e-06,1.4884871006870526e-06,1.2383409284666413e-06,1.2383409284666413e-06,1.4884871e-06,1.4884871e-06,0.9798679494708052
S00008,51540,1,12.075143814086914,0.0,2.1007105e-05,0.008165767,0.0002879168071861689,7.855803450714424e-07,5.189920576261405e-07,4.498617922621406e-09,2.24864706410699e-07,2.24864706410699e-07,4.498618e-09,4.498618e-09,0.9945578534920401
S00009,37059,3,1.0,0.0,0.00060793944,0.0012087058,3.6366982991845966e-05,1.2256463984764801e-05,1.218969797870765e-05,1.2305137715884484e-05,1.2198161130072549e-05,1.2198161130072549e-05,1.2305138e-05,1.2305138e-05,0.49586198647494073
S00009,37133,3,1.0,9.1996815e-05,1.9748499e-05,0.0031152351,6.36394537044301e-05,1.7111831122444224e-07,1.6697798995342813e-07,1.1518248577147006e-08,2.354336743337626e-07,2.354336743337626e-07,1.1518249e-08,6.688433e-09,0.994636678349084
S00009,37031,3,1.0,0.00045182556,0.0011102177,-0.00338561,0.0003020418783610997,4.044538945890963e-05,4.068048171272191e-05,4.0949220419861376e-05,4.0830236684996635e-05,4.0830236684996635e-05,4.094922e-05,4.1748324e-05,0.7638137632598635
S00009,13299,3,1.0,0.0,8.833475e-05,0.0047729737,0.00017762123267554367,2.207755850728669e-07,3.2493373680608784e-07,1.6011739489840693e-07,3.153972158997931e-07,3.153972158997931e-07,1.601174e-07,1.601174e-07,0.997517171705019
S00009,12003,3,1.0,5.8363486e-05,3.4146695e-05,0.008347199,0.0005148118895400936,1.10827109267575e-07,1.7459450951662348e-07,1.0451002729894299e-08,2.2612675820710137e-07,2.2612675820710137e-07,1.0451003e-08,1.1030546e-08,0.9995695388621083
S00009,13049,3,1.0,0.0,3.852853e-05,0.0061940984,0.00039099618879845366,1.254818471352337e-07,1.3213849570092862e-07,2.7123247647864446e-08,2.259898224110657e-07,2.259898224110657e-07,2.7123248e-08,2.7123248e-08,0.999358348787332
S00009,37141,3,1.0,0.0,5.2828545e-06,0.00087618607,3.14117696689209e-05,2.5016260470541357e-07,3.261434250075486e-07,2.3124796522111524e-10,2.368152109966104e-07,2.368152109966104e-07,2.3124797e-10,2.3124797e-10,0.9841978940171131
S00009,37067,3,1.0,1.043837e-05,0.0028580693,0.0011437475,7.467450632248074e-05,6.821566300156216e-05,6.877605725700657e-05,7.077437476255e-05,6.799938273616135e-05,6.799938273616135e-05,7.0774375e-05,7.083392e-05,0.045201453336312904
S00009,12031,3,1.0,0.0019411516,0.00017749426,0.0052830935,0.00019528831459562449,3.5152615396327747e-07,3.275299036431534e-07,3.3138792332465528e-06,5.250471986073535e-07,5.250471986073535e-07,3.3138792e-06,2.348963e-07,0.9964063950101736
S00009,12107,3,1.0,4.0944005e-06,0.00038905334,0.0064764996,0.000339720133827844,2.4023317261404977e-06,2.4224169313432262e-06,2.485818868080969e-06,2.436547219986096e-06,2.436547219986096e-06,2.4858189e-06,2.4889878e-06,0.9859563053116052
S00009,37019,3,1.0,0.0,0.00021110725,0.00054548634,6.763079485002284e-05,1.8713537883741083e-06,1.91354945400235e-06,1.8758785245154286e-06,1.8965968138218159e-06,1.8965968138218159e-06,1.8758785e-06,1.8758785e-06,0.946149757236706
S00009,12007,3,1.0,0.000545987,0.0007034236,0.008394919,0.0007263089792104438,3.061947791138664e-05,3.067000337371913e-05,3.069695594604127e-05,3.070033199037425e-05,3.070033199037425e-05,3.0696956e-05,3.116698e-05,0.919095450505811
S00009,12035,3,1.0,1.644561e-05,5.0107716e-05,0.0019038445,5.440336826723069e-05,1.1146575218390353e-07,1.433570465299757e-07,3.1349543405667646e-08,2.254849533755987e-07,2.254849533755987e-07,3.1349543e-08,3.2727186e-08,0.9959106267426511
S00009,37097,3,1.0,7.994499e-06,0.0008301233,4.9591355e-05,2.7824786229757592e-05,5.021944313436204e-06,5.127690049751739e-06,5.638113634631736e-06,5.023172889195848e-06,5.023172889195848e-06,5.6381136e-06,5.6513218e-06,0.6942195323317008
S00009,45043,3,1.0,0.0007780458,0.00018719798,0.0007741712,7.283334101278645e-05,7.338909805791142e-07,8.368987967818006e-07,7.692124199820682e-07,5.870427344234486e-07,5.870427344234486e-07,7.692124e-07,4.551543e-07,0.9800484275215002
S00009,37129,3,1.0,0.0,0.00016543496,0.0020280716,0.00012004010447223361,1.4666951528852223e-06,1.4595948035397062e-06,1.2903303741040872e-06,1.4456104509008583e-06,1.4456104509008583e-06,1.2903304e-06,1.2903304e-06,0.9758582209817003
S00009,13127,3,1.0,7.917343e-05,0.00023576777,0.0022857573,6.0910962323153704e-05,1.0971154627744302e-06,1.131101726059569e-06,1.0557579344094847e-06,1.1721406281139934e-06,1.1721406281139934e-06,1.0557579e-06,1.0868226e-06,0.964613788978848
S00009,37055,3,1.0,0.0,7.362591e-05,-0.0011891811,0.0003833391589675254,5.117271465830223e-07,5.702032410681568e-07,7.321801831494668e-08,2.3752507161134417e-07,2.3752507161134417e-07,7.321802e-08,7.321802e-08,0.9973337190815763
S00009,45051,3,1.0,2.2765846e-05,6.5037486e-05,0.0008064983,4.304349022277165e-05,2.392021987892197e-07,2.2498593802803649e-07,4.8129745522373923e-08,2.3047242336815543e-07,2.3047242336815543e-07,4.8129746e-08,5.0572723e-08,0.9889469815574566
S00009,12109,3,1.0,2.6982398e-06,0.0001863097,0.003194538,0.0001516279359445131,2.7936753212998156e-06,2.8078260735734753e-06,2.7611795303528197e-06,2.911599722210667e-06,2.911599722210667e-06,2.7611795e-06,2.762178e-06,0.9638175602702275
S00009,37095,3,1.0,0.0,0.00020190328,0.0022934685,9.125478148537998e-05,1.5420651682992077e-06,1.8377934717742999e-06,8.223308896049275e-07,8.486426281706372e-07,8.486426281706372e-07,8.223309e-07,8.223309e-07,0.9667647075540349
S00009,13283,3,1.0,0.0,6.778991e-05,0.0017020571,6.242424387892243e-05,2.8422493869584287e-07,2.8112172382558737e-07,7.052815220731645e-08,2.572813571077859e-07,2.572813571077859e-07,7.052815e-08,7.052815e-08,0.9909350381517851
S00009,13065,3,1.0,0.0,1.6139635e-05,0.008873853,0.0009034177589152629,3.5182130867876066e-07,9.113936414451018e-07,1.147007377966247e-08,2.3981243657544837e-07,2.3981243657544837e-07,1.1470074e-08,1.1470074e-08,0.9992214358252873
S00009,37111,3,1.2214670181274414,0.00013625542,0.00048202343,0.0054994114,0.0005650736954218397,6.54810886165554e-06,6.565388048329623e-06,6.631213636865141e-06,6.483391189249232e-06,6.483391189249232e-06,6.6312136e-06,6.7440046e-06,0.9770893663867026
S00009,45003,3,2.1211729049682617,0.0,0.00018711101,0.001434877,7.269630502075113e-05,5.64722483886726e-07,5.619837111225934e-07,5.523678510144236e-07,6.111452535151329e-07,6.111452535151329e-07,5.5236785e-07,5.5236785e-07,0.9845832769994667
S00009,37083,3,1.5940320491790771,0.0,3.9464987e-05,0.003589111,0.00011785771190867915,4.279562801912107e-07,3.185975809098333e-07,1.2116159098241042e-07,3.1949105050443904e-07,3.1949105050443904e-07,1.2116159e-07,1.2116159e-07,0.9927640214280588
S00009,37131,3,1.6044081449508667,0.0,0.00033097566,0.007943937,0.00038081426949550706,2.1353586513820724e-06,2.181484433094738e-06,2.1784899217891507e-06,2.0565432805597084e-06,2.0565432805597084e-06,2.17849e-06,2.17849e-06,0.9888478353577979
S00009,12105,3,1.4668513536453247,2.7386682e-06,0.00012788059,0.0013948262,5.664429045282304e-05,3.4621834288373066e-07,3.889157369485474e-07,2.499861864180275e-07,3.631548395333084e-07,3.631548395333084e-07,2.499862e-07,2.506791e-07,0.9878499648380114
S00009,37197,3,1.9287490844726562,0.0,0.00035709128,0.00019982178,2.575493090262171e-05,1.6166761724889511e-06,1.6143231202174018e-06,1.7481904706073692e-06,1.617125462871627e-06,1.617125462871627e-06,1.7481905e-06,1.7481905e-06,0.8818720312583316
S00009,37007,3,1.827958583831787,0.0,0.00025261648,0.0048341686,0.00048133629631289904,1.5957147828279024e-06,1.559147904117708e-06,1.458546080357337e-06,1.4298578889793134e-06,1.4298578889793134e-06,1.4585461e-06,1.4585461e-06,0.993391555141655
S00009,13309,3,2.1511335372924805,0.0,1.4270294e-05,0.0033806725,0.00022560713478014804,2.724951997379321e-07,2.645802936740438e-07,8.966949849309458e-09,2.380271695301417e-07,2.380271695301417e-07,8.96695e-09,8.96695e-09,0.9975872530005278
S00009,37081,3,1.5615400075912476,1.4835255e-05,0.0018341179,0.0017760894,0.00012829539142937088,4.2088653572136536e-05,4.246925285163646e-05,4.386128421174362e-05,4.215668377582915e-05,4.215668377582915e-05,4.3861284e-05,4.391548e-05,0.5059554599520845
S00009,13007,3,1.8449832201004028,0.0007881463,0.00045208944,0.0002269048,7.291844303836115e-05,2.4770028327717832e-06,2.508406699538076e-06,2.334753617105889e-06,2.210282218584325e-06,2.210282218584325e-06,2.3347536e-06,2.426204e-06,0.9342930384149324
S00009,45083,3,2.2743358612060547,6.8297745e-06,0.00038442554,0.0013443213,4.6930049999597635e-05,1.0891943702517892e-06,1.0734391556373641e-06,1.2009858210149105e-06,1.082753442460671e-06,1.082753442460671e-06,1.2009858e-06,1.2061903e-06,0.9546350891379007
S00009,12057,3,2.3081541061401367,5.948731e-05,0.00031118235,0.0036570334,8.830556180328131e-05,1.1603052598729846e-06,1.149493982666172e-06,1.1652266493911156e-06,1.1250468787693535e-06,1.1250468787693535e-06,1.1652266e-06,1.1987108e-06,0.9740614985812651
S00009,45061,3,2.012225866317749,0.0008526036,0.0005019732,0.004348854,0.0001176188416138757,4.913811608275864e-06,4.944823255452017e-06,5.044666977482848e-06,4.863925369136268e-06,4.863925369136268e-06,5.044667e-06,5.173703e-06,0.9197958833166351
S00009,12083,3,1.2767713069915771,6.298953e-05,0.00021749939,0.002633514,4.8354617320001125e-05,3.1020730754486675e-07,3.144355484134091e-07,3.252156375310733e-07,3.7745303416159004e-07,3.7745303416159004e-07,3.2521564e-07,3.4864834e-07,0.9872512719435846
S00009,45027,3,1.8582638502120972,0.0,0.0006018852,0.0062126676,0.0001981413564256703,1.2502521409866555e-05,1.2533988713888297e-05,1.2917643289256375e-05,1.2526575119409245e-05,1.2526575119409245e-05,1.2917643e-05,1.2917643e-05,0.8812923353070051
S00009,37159,3,1.8664673566818237,1.1060601e-05,0.0007630086,0.00081818335,7.062250673091815e-05,3.152179867053443e-06,3.240183711265369e-06,3.637503823483712e-06,3.145304617646616e-06,3.145304617646616e-06,3.6375038e-06,3.65426e-06,0.914545760547084
S00009,51595,3,1.5953164100646973,0.0,4.171019e-05,0.009383314,0.00045821188056531054,3.0972249476235447e-07,1.5448960747714105e-07,4.025409694463633e-08,2.357125055141296e-07,2.357125055141296e-07,4.0254097e-08,4.0254097e-08,0.9986490385940582
S00009,51011,3,1.5787471532821655,0.0,0.0017966351,0.00205542,9.981035691453144e-05,6.094308385703092e-05,6.17443620285485e-05,6.382902211043984e-05,6.210033461684361e-05,6.210033461684361e-05,6.382902e-05,6.382902e-05,0.24178190445536157
S00009,51035,3,1.9076619148254395,0.00020935832,0.0031592755,0.0031775672,0.0004143442783970386,0.00024251709692180157,0.0002429321660504987,0.000243866175878793,0.00024193708668462932,0.00024193708668462932,0.00024386618,0.00024514517,0.26158819490921076
S00009,12127,3,2.230023145675659,7.969715e-06,0.00023883318,0.0049169604,0.00012017335878529896,6.403610655070224e-07,6.731060958979166e-07,6.009323101352493e-07,6.478097702711239e-07,6.478097702711239e-07,6.009323e-07,6.046757e-07,0.9893991995892882
S00009,54063,3,1.435547947883606,0.0,0.0047136666,0.0013730746,0.00037560678902082145,0.0003052553123173614,0.00030555285047739744,0.0003097589942626655,0.0003048415237572044,0.0003048415237572044,0.000309759,0.000309759,0.10332705633811831
S00009,37137,3,1.5685266256332397,0.0,0.00010020214,0.0053683165,0.00013618736314432076,5.8214633706181e-07,8.432857185880493e-07,2.1955010254259832e-07,3.5088578442810103e-07,3.5088578442810103e-07,2.195501e-07,2.195501e-07,0.9914871912713696
S00009,51191,3,1.8172264099121094,0.00013477089,0.0035090735,0.005168215,0.00022893161318885782,4.560804275873428e-05,4.62449825135991e-05,4.78801412100438e-05,4.520842048805207e-05,4.520842048805207e-05,4.788014e-05,4.880782e-05,0.6677489625218983
S00009,45075,3,1.8995717763900757,0.0,0.00021544637,0.0018620902,7.805177907963905e-05,2.586383970992756e-06,2.5832021795698288e-06,2.581605940576992e-06,2.59724606621603e-06,2.59724606621603e-06,2.581606e-06,2.581606e-06,0.9358521108828137
S00009,37185,3,1.5518484115600586,0.0,0.0005037328,0.004663721,0.0003185731305469138,6.919251063663978e-06,6.9893724988408694e-06,7.2277593972103205e-06,6.91402465236024e-06,6.91402465236024e-06,7.2277594e-06,7.2277594e-06,0.9574844054449039
S00009,51735,3,1.5726096630096436,0.0,3.926487e-06,0.004820037,0.0003873989820325126,8.018209693242776e-07,4.832863046052201e-07,5.911484635134912e-10,2.383146409101755e-07,2.383146409101755e-07,5.9114846e-10,5.9114846e-10,0.9958690401301385
S00009,37049,3,1.6404495239257812,5.733123e-05,0.00061519095,0.0046484172,0.00010382921027485281,2.7691706539674974e-06,2.863694741487658e-06,2.9425702905427897e-06,2.7206640424992656e-06,2.7206640424992656e-06,2.9425703e-06,3.0098233e-06,0.9480447896142706
S00009,45049,3,1.8772144317626953,0.0,0.00068370695,0.0019032034,6.016298114748982e-05,8.54982742263625e-06,8.602878551755566e-06,8.957812497101258e-06,8.455869647150394e-06,8.455869647150394e-06,8.9578125e-06,8.9578125e-06,0.7511431245337448
S00009,37123,3,1.681721806526184,0.0,0.00011673729,0.0070203776,0.0005030208703828976,6.291338460565991e-07,5.092531646747981e-07,2.2188990556060162e-07,3.7837673971807817e-07,3.7837673971807817e-07,2.218899e-07,2.218899e-07,0.9975017022107655
S00009,45065,3,2.4310169219970703,0.0,2.2259948e-05,0.008825411,0.000659823104191067,8.144412409668197e-07,9.603544957788774e-07,5.359777066615834e-09,2.2905527430339134e-07,2.2905527430339134e-07,5.359777e-09,5.359777e-09,0.9975343779759467
S00009,37091,3,1.545474648475647,0.0,0.00010160934,0.0030702353,9.644861711421981e-05,8.813904438890555e-07,7.860858346475652e-07,1.5941341757752525e-07,2.897817807934189e-07,2.897817807934189e-07,1.5941342e-07,1.5941342e-07,0.9818886186079284
S00009,37169,3,1.9330012798309326,0.0,0.0009738029,0.00445481,0.00012824458948064907,1.3828144195334366e-05,1.3941436312355412e-05,1.4746469787496608e-05,1.3928093721915502e-05,1.3928093721915502e-05,1.474647e-05,1.474647e-05,0.8053371137790398
S00009,37167,3,1.7401291131973267,0.0,0.00032570987,0.0053058728,0.00021408138672995847,1.421895111282841e-06,1.404700924467761e-06,1.3079212521915906e-06,1.3184567251300905e-06,1.3184567251300905e-06,1.3079213e-06,1.3079213e-06,0.9868039586299169
S00009,45085,3,2.058849811553955,4.0076487e-05,0.0002663019,0.0021237857,4.841264793261265e-05,1.0623357411532197e-06,1.0484410874293342e-06,1.0320085266357637e-06,1.0146405884370324e-06,1.0146405884370324e-06,1.0320085e-06,1.0517474e-06,0.9570556405573298
S00009,37107,3,1.2231760025024414,0.0,0.00047060888,0.005454826,0.00018759769833801934,1.1817515769507736e-05,1.1827486863088174e-05,1.2068211617588531e-05,1.1827800335595384e-05,1.1827800335595384e-05,1.2068212e-05,1.2068212e-05,0.8814782931944642
S00009,51690,3,1.898929476737976,0.0,0.0,0.012468552,0.000915579682138438,2.9094022598504427e-07,2.6089468481889827e-07,0.0,2.412281219221768e-07,2.412281219221768e-07,0.0,0.0,0.9993646695965988
S00009,37127,3,1.6168372631072998,0.0,0.0013531564,0.0038527586,0.00013494180651226392,2.6416902376998525e-05,2.6764722861116752e-05,2.7582434995565563e-05,2.6344236175646074e-05,2.6344236175646074e-05,2.7582435e-05,2.7582435e-05,0.6725692395676274
S00009,37079,3,1.3294522762298584,0.0,6.36776e-05,0.007615707,0.0009218627140702059,1.894418915071583e-07,1.4387237475451306e-07,5.110814882414161e-08,2.301963490936032e-07,2.301963490936032e-07,5.110815e-08,5.110815e-08,0.9995890863867466
S00009,37011,3,1.6968923807144165,0.0,4.0408606e-05,0.0014897005,0.00028257222099152085,6.334432474848957e-08,6.15253223183269e-08,3.7743131287015785e-08,2.3452963660020032e-07,2.3452963660020032e-07,3.774313e-08,3.774313e-08,0.9995517597038605
S00009,37037,3,1.564514398574829,0.0,6.204471e-05,0.006386892,0.0004277545582832924,6.030534791534592e-07,5.891119059242556e-07,1.1519514941937814e-07,2.9833836379111744e-07,2.9833836379111744e-07,1.1519515e-07,1.1519515e-07,0.9971843456841014
S00009,51161,3,1.6746479272842407,1.6247217e-05,0.003172326,0.00012777741,0.00020144016646857685,5.2144932851661e-05,5.21171314176172e-05,5.4143951274454594e-05,5.126073301653378e-05,5.126073301653378e-05,5.414395e-05,5.424678e-05,0.5887381948589163
S00009,51083,3,1.7347055673599243,3.2354084e-05,0.0008741781,0.0020813746,0.00010524208725352462,5.411236391713222e-06,5.660978483016758e-06,6.490973646577913e-06,5.829532256029779e-06,5.829532256029779e-06,6.4909736e-06,6.5464938e-06,0.9021947789103558
S00009,13075,3,1.9436520338058472,0.0,3.3416563e-05,0.0007443349,2.385259479827558e-05,3.50005204078722e-07,2.728110217731228e-07,5.757628329661202e-08,2.622178953970433e-07,2.622178953970433e-07,5.7576283e-08,5.7576283e-08,0.9710770575025265
S00009,37025,3,1.9928991794586182,0.00979135,0.0013057902,0.007912289,0.00022012337043027705,1.3239652313738285e-05,1.0918448424490634e-05,7.74278596509248e-05,1.2209156011522282e-05,1.2209156011522282e-05,7.742786e-05,7.1282143e-06,0.8865317036258881
S00009,51680,3,1.4754292964935303,0.00010314861,0.0031218124,0.003820538,0.00021774649212602526,0.0001525395152081425,0.00015324486594181508,0.0001547803112771362,0.00015224739036057144,0.00015224739036057144,0.00015478031,0.00015541368,0.1760989495318309
S00009,51009,3,1.4479663372039795,0.00011986096,0.0047256635,0.003707664,0.00029310003931944567,0.00019237905992971113,0.00019336806144565344,0.000196697554201819,0.00019286599126644433,0.00019286599126644433,0.00019669755,0.00019781603,0.20746717942236825
S00009,37105,3,1.6491978168487549,0.0,0.00037063885,0.005194536,0.0002531712719549735,9.136247475301692e-06,9.16124463401502e-06,9.293616130889859e-06,9.128100828093011e-06,9.128100828093011e-06,9.293616e-06,9.293616e-06,0.9303394161544025
S00009,13175,3,2.154479742050171,0.0,0.00048313502,0.0038549583,9.766461031783062e-05,4.7012787642112625e-06,4.727921805169899e-06,4.825208179681795e-06,4.726088263851125e-06,4.726088263851125e-06,4.825208e-06,4.825208e-06,0.9081475517602667
S00009,37165,3,1.8030483722686768,0.0,5.3203534e-05,0.0066395258,0.00032560975281133625,3.0706336436499743e-07,3.0025858184975124e-07,2.7902306243277053e-08,2.1254547277749225e-07,2.1254547277749225e-07,2.7902306e-08,2.7902306e-08,0.9981156948698257
S00009,37101,3,1.6928348541259766,0.00048873096,0.00024545155,0.0034001477,7.974013715283945e-05,5.097735235419046e-07,4.914622119637594e-07,5.259628892417822e-07,5.528849555958004e-07,5.528849555958004e-07,5.259629e-07,5.2702444e-07,0.9872953497581414
S00009,37035,3,2.0360031127929688,2.8328611e-06,0.0035398959,0.00079902017,9.979883179767057e-05,6.272464815992862e-05,6.319297002240394e-05,6.54483592370525e-05,6.199943891260773e-05,6.199943891260773e-05,6.544836e-05,6.5468405e-05,0.2281158614583828
S00009,37135,3,1.4937105178833008,0.0,0.000315442,0.0045159347,0.0002250521671764242,1.1376075311394136e-06,1.0943133474938804e-06,1.1084963489338406e-06,1.0240523806714918e-06,1.0240523806714918e-06,1.1084963e-06,1.1084963e-06,0.9899411232659813
S00009,37147,3,1.7204521894454956,0.0,5.8762894e-06,0.0022310787,8.629267176729627e-05,1.1548218499986736e-07,8.61054451443503e-08,3.8703770743886423e-10,2.3630026646515034e-07,2.3630026646515034e-07,3.870377e-10,3.870377e-10,0.9973270535309985
S00009,37157,3,1.6908975839614868,7.702261e-06,0.0006616189,0.002020922,9.027281460779098e-05,1.3585200880091483e-05,1.3631267999395883e-05,1.3943888916401193e-05,1.3556422345573083e-05,1.3556422345573083e-05,1.3943889e-05,1.39540225e-05,0.738388976213848
S00009,13033,3,1.895556092262268,0.00018242627,8.635688e-05,0.00429721,0.00018695570906857029,3.440098813219568e-07,2.8476944180511055e-07,1.3341268356725777e-07,2.9837144666089443e-07,2.9837144666089443e-07,1.3341268e-07,1.3164087e-07,0.996326637506445
S00009,45035,3,1.8209491968154907,0.00025095642,0.00015724474,0.004820231,0.00013426846514145532,2.741831129545365e-07,2.9233495979497093e-07,2.4513173002560507e-07,3.672225261652784e-07,3.672225261652784e-07,2.4513173e-07,2.610758e-07,0.9959242200668432
S00009,51005,3,1.3688271045684814,0.0,0.00092088926,0.0027577095,0.000264344533206895,6.269994931547747e-06,6.26214750809595e-06,7.159381311794277e-06,6.39692552795168e-06,6.39692552795168e-06,7.1593813e-06,7.1593813e-06,0.9536610619194836
S00009,51037,3,1.7122935056686401,0.0,0.0014540721,0.0055775996,0.0001499140368347677,1.4973713405197486e-05,1.5352056834672112e-05,1.6767162378528155e-05,1.5606743545504287e-05,1.5606743545504287e-05,1.6767162e-05,1.6767162e-05,0.8183768850820528
S00009,45037,3,2.4047460556030273,0.00015810276,0.00037077293,0.0068167355,0.00045930708074592985,4.497470096490967e-06,4.393947013644113e-06,4.152168912696652e-06,4.272052137821447e-06,4.272052137821447e-06,4.152169e-06,4.244413e-06,0.9806061838404901
S00009,45025,3,1.9251203536987305,0.0,0.0007788378,0.008328255,0.0005657537391622706,1.0449351066199597e-05,1.0444122684324006e-05,1.1105061275884509e-05,1.0489643500477541e-05,1.0489643500477541e-05,1.1105061e-05,1.1105061e-05,0.9637303192454024
S00009,12097,3,2.009934902191162,0.0,0.00013353696,0.0014247971,5.189427186754377e-05,7.790324805985923e-07,9.34777422874807e-07,5.726290623897512e-07,7.144838605199766e-07,7.144838605199766e-07,5.7262906e-07,5.7262906e-07,0.9704202160756953
S00009,45019,3,1.0,5.9342956e-06,0.00034044214,-0.0029666447,0.00017421105318741562,1.0267891260203517e-06,1.0835647117346525e-06,1.0368041785113746e-06,1.0316074394722818e-06,1.0316074394722818e-06,1.0368042e-06,1.0408096e-06,0.9882811941477365
S00009,37163,3,1.4887984991073608,0.0,0.00016842326,0.0013068949,5.183199997797298e-05,7.911246863538205e-07,7.694113340524685e-07,7.472088441318192e-07,8.039543786253489e-07,8.039543786253489e-07,7.4720884e-07,7.4720884e-07,0.9699324321237001
S00009,51019,3,1.58022940158844,6.1464074e-05,0.0020784673,0.0021044507,0.0001052782414869095,2.6324897892967176e-05,2.669007638663364e-05,2.7903830414288677e-05,2.6151705242227763e-05,2.6151705242227763e-05,2.790383e-05,2.8155553e-05,0.599935107672781
S00009,37149,3,2.0685439109802246,0.0,0.0004274111,0.0073072915,0.0003609265768318437,1.6198975648270182e-06,2.4358611957116714e-06,1.766429704730399e-06,1.6393186115237768e-06,1.6393186115237768e-06,1.7664297e-06,1.7664297e-06,0.9910637797952787
S00009,51770,3,1.6684112548828125,0.00017251624,0.004610783,0.000684848,0.00029335533326957375,0.00012192823487566784,0.00012306927722723535,0.00012375431833788753,0.00012093601253582165,0.00012093601253582165,0.00012375432,0.00012531543,0.4127952838575854
S00009,13185,3,2.0239787101745605,5.2780197e-05,1.81661e-05,0.0032351965,6.798666587807627e-05,1.7088216708316395e-07,1.5096862604480066e-07,2.1779535952504148e-09,2.2998210624791682e-07,2.2998210624791682e-07,2.1779536e-09,1.309825e-09,0.9949856715218117
S00009,51185,3,1.6660048961639404,0.00020298387,0.0007415724,0.001216714,0.00012226937906234525,4.945942691847449e-06,4.991526869465209e-06,5.177752427698579e-06,4.9017744458978996e-06,4.9017744458978996e-06,5.1777524e-06,5.437605e-06,0.9222429716224895
S00009,51183,3,1.5456275939941406,0.0,0.00031058636,0.0056965034,0.00017605484511780864,1.2575100830266213e-06,1.337163742694732e-06,1.1997692581644515e-06,1.1117185749753844e-06,1.1117185749753844e-06,1.1997693e-06,1.1997693e-06,0.9858158775049568
S00009,37161,3,1.5837640762329102,0.0,0.00033816777,0.0033884153,0.00017546290473546833,1.3512008839218954e-06,1.3440135262499098e-06,1.4848669707134832e-06,1.357090241072001e-06,1.357090241072001e-06,1.484867e-06,1.484867e-06,0.984716141518364
S00009,37193,3,2.0546021461486816,6.578082e-05,0.0023028995,0.0033401027,0.00025913484326641384,6.319933891063556e-05,6.343904290891562e-05,6.399830454029143e-05,6.295697676250711e-05,6.295697676250711e-05,6.3998305e-05,6.429696e-05,0.6078644934037937
S00009,54047,3,1.5208284854888916,0.0,0.009105199,0.007518939,0.0014040652701320748,0.00035854348485978943,0.00035877795501922566,0.0003646757686510682,0.0003559122560545802,0.0003559122560545802,0.00036467577,0.00036467577,0.5931672484385857
S00009,51700,3,1.5487176179885864,0.0,0.00032749178,0.008926175,0.000776843614706498,1.2941250133735593e-06,1.1612496943295507e-06,1.1861162647619494e-06,1.0850022817976424e-06,1.0850022817976424e-06,1.1861163e-06,1.1861163e-06,0.9966737893632059
S00009,54089,3,1.402903437614441,0.0,0.0008987172,0.004230278,0.00028309148910921067,1.5133392707866733e-06,1.6236871639800181e-06,1.9724220692296512e-06,1.32344655412453e-06,1.32344655412453e-06,1.972422e-06,1.972422e-06,0.9893653296087718
S00009,51175,3,1.6317110061645508,0.0,0.003566246,0.0057780696,0.0003381812954709555,0.0001548750054401656,0.00015512250926500806,0.00015729054575785995,0.00015536540013272315,0.00015536540013272315,0.00015729055,0.00015729055,0.37177557551147267
S00009,37171,3,1.978272557258606,7.826523e-05,0.0009350882,0.0052813054,0.00036602608452085406,8.248801653583845e-06,8.302145336832231e-06,8.894590791896917e-06,8.266513759735972e-06,8.266513759735972e-06,8.894591e-06,9.034837e-06,0.9559211587082586
S00009,45053,3,1.9590321779251099,0.0,1.2830671e-05,0.0023116563,0.00011435392904483403,2.0187513409079352e-07,2.746183215644275e-07,1.8573567128754576e-09,2.291669431997434e-07,2.291669431997434e-07,1.8573567e-09,1.8573567e-09,0.9964755145225904
S00009,51117,3,1.6192359924316406,0.0,0.00043341646,0.0019659398,4.416503967756095e-05,2.2590411390410736e-06,2.2742460714653134e-06,2.4076753106783144e-06,2.1832677248312393e-06,2.1832677248312393e-06,2.4076753e-06,2.4076753e-06,0.9026780455615094
S00009,37151,3,1.6514912843704224,0.0,0.00026765687,0.002494598,0.0001543331442614241,5.82500547352538e-07,5.499576900547254e-07,5.810363745695213e-07,5.344315354705031e-07,5.344315354705031e-07,5.810364e-07,5.810364e-07,0.9924797711932638
S00009,45071,3,2.4824090003967285,0.0,0.0013701556,0.006717422,0.000489685209079956,1.734040476245961e-05,1.757979104392386e-05,1.8538004951551557e-05,1.7312489944742993e-05,1.7312489944742993e-05,1.8538005e-05,1.8538005e-05,0.931599492060971
S00009,51590,3,1.6309735774993896,0.0,0.00078009424,0.004751401,0.00020372053222672548,1.0161515092477202e-05,1.0258716732399384e-05,1.0812532309500966e-05,1.0226610356767196e-05,1.0226610356767196e-05,1.0812532e-05,1.0812532e-05,0.9049801961422979
S00009,45015,3,1.768210530281067,2.7817264e-06,0.00010879158,0.0017160256,4.70949077377251e-05,2.5716633444972103e-07,2.991878460534281e-07,1.6124681678775232e-07,2.902587254993705e-07,2.902587254993705e-07,1.6124682e-07,1.6184433e-07,0.9891381174113834
S00009,45017,3,2.0926594734191895,0.0,0.00021265783,0.007089276,0.0004322056235347797,7.827602720074841e-07,7.471263074876333e-07,7.640900889782642e-07,7.791705911586178e-07,7.791705911586178e-07,7.640901e-07,7.640901e-07,0.996384382116095
S00009,45013,3,1.755219578742981,3.677924e-05,1.8480081e-05,-0.0002874463,3.526086644948615e-05,2.0164044182517196e-07,2.1299450262783162e-07,1.8579616734015758e-09,2.2895321194482676e-07,2.2895321194482676e-07,1.8579617e-09,1.8646158e-09,0.9886279646025491
S00009,37077,3,1.5343797206878662,0.0,0.0002461775,0.0019774418,0.00010332653467533721,1.5068804562664202e-06,1.4566617210221011e-06,1.4270342489908217e-06,1.3976455193187576e-06,1.3976455193187576e-06,1.4270342e-06,1.4270342e-06,0.9712519056185522
S00009,51141,3,1.954114556312561,0.0,0.0004212638,0.0053903162,0.0006195615351316519,9.517927234507321e-07,9.54281442015296e-07,1.1168446008014143e-06,9.254242172573868e-07,9.254242172573868e-07,1.1168446e-06,1.1168446e-06,0.9969322408376281
S00009,12095,3,2.0787723064422607,2.9254637e-05,0.00029156444,0.0045448616,0.00036195011004262295,5.284407128177312e-07,5.490627662159872e-07,5.720114018004097e-07,5.51232403722679e-07,5.51232403722679e-07,5.720114e-07,5.882148e-07,0.9970842925093559
S00009,45045,3,2.3762145042419434,4.6365447e-05,0.00030887875,0.002998345,0.00017077895002633645,6.819198385225415e-07,6.728137122991029e-07,7.377800557151204e-07,7.037523914732446e-07,7.037523914732446e-07,7.3778006e-07,7.6427295e-07,0.992045767188047
S00009,37195,3,1.7015719413757324,0.0,0.0013313881,0.003260018,0.00011744998240222533,2.3738545375332858e-05,2.404272405935141e-05,2.5012857804540545e-05,2.3785638404660858e-05,2.3785638404660858e-05,2.5012858e-05,2.5012858e-05,0.6637326594589495
S00009,51199,3,1.5754791498184204,0.0010163835,0.00015190971,0.010553904,0.0007657940732315183,7.822330303497438e-07,5.525670682497245e-07,8.842077932058601e-07,3.1542094802716747e-07,3.1542094802716747e-07,8.842078e-07,1.5996949e-07,0.9979591515574902
S00009,13103,3,2.033707618713379,3.1278345e-05,0.0004579345,0.0032898847,0.00011673548639616153,4.322364778393724e-06,4.3304256299355375e-06,4.385559805086814e-06,4.363646894489648e-06,4.363646894489648e-06,4.38556e-06,4.413229e-06,0.9285900957855062
S00009,51650,3,1.4447187185287476,0.0,3.829927e-05,0.006931643,0.0005209452683629934,7.897892639145235e-07,4.901159608531694e-07,2.0028238623126526e-08,2.22573987684882e-07,2.22573987684882e-07,2.0028239e-08,2.0028239e-08,0.9969724508546279
S00009,13235,3,3.389894723892212,0.0,0.0026681777,0.0024226373,0.0002335259947964611,9.522831533104181e-05,9.562860698982452e-05,9.805140871321782e-05,9.541731560602784e-05,9.541731560602784e-05,9.805141e-05,9.805141e-05,0.4206718367031672
S00009,12019,3,4.016045570373535,0.0,0.0011563937,0.005360677,0.00043195464240852743,0.0001551706858056908,0.00015518605262817195,0.0001554077462060377,0.00015516347775701433,0.00015516347775701433,0.00015540775,0.00015540775,0.47142227272785847
S00009,51093,3,2.8037285804748535,5.461198e-05,0.00027078443,0.0023219367,0.00020364550679611662,2.0910266963862036e-06,2.0620242745887176e-06,1.9986734969279496e-06,2.0058205336681567e-06,2.0058205336681567e-06,1.9986735e-06,2.025267e-06,0.9796727721529108
S00009,13263,3,4.3940348625183105,0.0,0.0002270628,0.011165406,0.0013261963952876006,1.5356037010860746e-06,1.5245937750781498e-06,1.1763322618207894e-06,1.173152782030229e-06,1.173152782030229e-06,1.1763323e-06,1.1763323e-06,0.9976868770169647
S00009,13287,3,3.4504997730255127,0.000376506,0.00034565348,0.0005153618,9.167992417739394e-05,2.2471125096975206e-06,2.2297638224699767e-06,2.187957306887256e-06,2.2606845959671773e-06,2.2606845959671773e-06,2.1879573e-06,2.3064813e-06,0.9521519556252255
S00009,12047,3,3.4164605140686035,2.5504998e-05,0.00020581119,0.006661071,0.00021099434767772132,1.5051800043390056e-06,1.6566743473352592e-06,1.4110536312728073e-06,1.4447813327933545e-06,1.4447813327933545e-06,1.4110536e-06,1.4209016e-06,0.9858335684718224
S00009,13251,3,4.271524906158447,0.0,0.0,0.004919131,0.0002965755326537571,2.765753398155842e-07,3.391215178301839e-07,0.0,2.412281219221768e-07,2.412281219221768e-07,0.0,0.0,0.998136611919754
S00009,51131,3,2.2549710273742676,0.00020309724,2.6709404e-05,-0.00068583223,8.49095643692029e-05,8.561069364532159e-07,5.777846657413951e-07,3.476648302580543e-08,2.3730464704385668e-07,2.3730464704385668e-07,3.4766483e-08,4.3672106e-09,0.9800361397883268
S00009,13319,3,4.0781941413879395,0.0,6.514488e-05,0.00619746,0.00031306765352686244,2.2413491270375138e-07,2.606834582271252e-07,5.6528158154378616e-08,2.26588483087653e-07,2.26588483087653e-07,5.6528158e-08,5.6528158e-08,0.9985691619060933
S00009,13205,3,3.302037477493286,2.5293404e-05,0.0005172852,-0.0039293473,0.00012427604572925097,4.1157497131886584e-06,4.175600376280879e-06,4.324134351918474e-06,4.0788258957036305e-06,4.0788258957036305e-06,4.3241344e-06,4.349663e-06,0.935887652337819
S00009,13249,3,3.758727788925171,0.0,0.00047094715,0.008528975,0.001134232360830841,7.922675346587008e-06,7.95799527016546e-06,8.130058631650172e-06,7.856036972953007e-06,7.856036972953007e-06,8.130059e-06,8.130059e-06,0.9861267952324533
S00009,12129,3,3.8172316551208496,0.0,0.0006240951,0.0067324624,0.000538582586159464,1.0016957276093308e-05,1.0099805573797008e-05,1.0446991836943198e-05,1.0043781003332697e-05,1.0043781003332697e-05,1.0446992e-05,1.0446992e-05,0.9634817148648612
S00009,45041,3,3.539041042327881,0.0,0.00024005328,0.00029651608,0.00015634152320368835,6.777189014428586e-07,6.635059056255462e-07,7.103437837940874e-07,7.035833391455526e-07,7.035833391455526e-07,7.103438e-07,7.103438e-07,0.991367696183515
S00009,13201,3,3.7129878997802734,0.0,7.106248e-06,0.0020439695,6.245882832445204e-05,3.572675666418945e-07,2.9542142954142037e-07,1.9362837999636895e-09,2.353206411953579e-07,2.353206411953579e-07,1.9362838e-09,1.9362838e-09,0.9886249674840888
S00009,13017,3,3.2574851512908936,0.0,6.0051338e-05,0.0006858104,4.4839415447010346e-05,2.420430149641106e-07,2.0937688087011944e-07,8.314820831856196e-08,2.896675823649275e-07,2.896675823649275e-07,8.314821e-08,8.314821e-08,0.9892619705208398
S00009,13225,3,3.8967299461364746,0.0,0.0012184591,0.002245028,0.0002068082758341916,4.9520878140659384e-05,4.9661803738369294e-05,5.019333184463903e-05,4.9107598897535354e-05,4.9107598897535354e-05,5.0193332e-05,5.0193332e-05,0.6136149371013959
S00009,37073,3,2.7272067070007324,0.0,1.3773006e-05,0.00048750994,2.9844880676440273e-05,7.480829443314482e-07,9.050746238396338e-07,5.343057107864979e-09,2.3138454707805067e-07,2.3138454707805067e-07,5.343057e-09,5.343057e-09,0.9510944442255003
S00009,13179,3,3.6414105892181396,1.5063417e-05,0.0003204114,0.004971234,0.00017336842574877664,3.772907120946911e-06,3.8142486573633505e-06,3.7909060210949974e-06,3.83702763429028e-06,3.83702763429028e-06,3.790906e-06,3.800331e-06,0.9574022949943405
S00009,51181,3,2.913417339324951,0.0,1.5280295e-05,0.003520735,0.00015177097520790994,1.0911160188697977e-06,9.737952003282164e-07,5.002608993720514e-09,2.3121326364616834e-07,2.3121326364616834e-07,5.002609e-09,5.002609e-09,0.9857241777851767
S00009,51710,3,2.569705009460449,0.0,3.2920456e-05,0.01108219,0.0012025333465620254,8.606324020850783e-07,5.089971371792975e-07,7.647942723565393e-09,2.185242351515626e-07,2.185242351515626e-07,7.647943e-09,7.647943e-09,0.9985696581217303
S00009,13305,3,3.5301318168640137,8.680556e-05,0.00050847564,0.0018231382,0.00013335345405115126,5.216284686563692e-06,5.252912463523292e-06,5.306800176185789e-06,5.154399786988506e-06,5.154399786988506e-06,5.3068e-06,5.3875424e-06,0.9247124987882517
S00009,13193,3,3.8592679500579834,0.00030741905,0.00045353794,0.0025743612,0.00012518823496066034,9.684178318517904e-07,9.883923060745776e-07,9.785439942788798e-07,9.441898782824865e-07,9.441898782824865e-07,9.78544e-07,1.1628898e-06,0.9846473759343548
S00009,12117,3,3.920806646347046,8.033419e-05,0.0002390779,0.0068846266,0.0006609545950292764,6.901920338956794e-07,6.89394501781256e-07,6.919494808244053e-07,7.280637532858236e-07,7.280637532858236e-07,6.919495e-07,7.239081e-07,0.9979137082392527
S00009,13307,3,3.4700820446014404,0.0,0.0005989798,0.0048749363,0.0003673071041703224,3.9664861105848104e-05,3.972556684554244e-05,4.0122675272868946e-05,3.9705875678919256e-05,3.9705875678919256e-05,4.0122675e-05,4.0122675e-05,0.8050732507880164
S00009,51750,3,3.1166255474090576,0.0,0.0,0.0064334823,0.0007900403046126788,6.619330565153329e-08,2.6648111717264555e-08,0.0,2.412281219221768e-07,2.412281219221768e-07,0.0,0.0,0.9998324445987322
S00011,45015,1,1.129549264907837,0.0,0.00016948569,-0.0021728503,8.22502224764321e-05,3.6360149617091036e-07,4.0396527841342805e-07,3.38198418603497e-07,4.0074584717331163e-07,4.0074584717331163e-07,3.3819842e-07,3.3819842e-07,0.9911975628608719
S00011,45019,1,1.129549264907837,5.477811e-06,0.00036098497,-0.00030188845,3.0043679847343203e-05,3.0301093071708845e-07,3.449192339151826e-07,3.970027933064557e-07,3.162978146065143e-07,3.162978146065143e-07,3.970028e-07,4.0092755e-07,0.9800300511885693
S00011,45075,1,1.129549264907837,0.0,0.0002694103,0.00043725863,2.4591833001371317e-05,2.1185256571243372e-07,2.280278531922401e-07,2.482642571521865e-07,2.394422722318268e-07,2.394422722318268e-07,2.4826426e-07,2.4826426e-07,0.9829176543026673
S00011,13185,1,1.129549264907837,0.0,0.00031606268,-0.0008279886,3.155755166517338e-05,1.1047629489742878e-06,1.1058347126891022e-06,1.1691703321048408e-06,1.0717898248913116e-06,1.0717898248913116e-06,1.1691703e-06,1.1691703e-06,0.9323524396831472
S00011,45079,1,1.129549264907837,4.237279e-06,0.000116425865,-0.0011879918,3.8461423779760175e-05,1.2172389910839834e-07,1.380853452322602e-07,4.8446331391005515e-08,1.803904154940028e-07,1.803904154940028e-07,4.844633e-08,4.9415036e-08,0.9936903074823487
S00011,45007,1,1.129549264907837,0.0,5.3585838e-05,-0.0008194536,3.7460784369613975e-05,8.508405121195513e-08,9.466947699839541e-08,1.913514857676546e-08,2.0214581297750556e-07,2.0214581297750556e-07,1.9135149e-08,1.9135149e-08,0.9954677276200775
S00011,13051,1,1.129549264907837,0.0,0.00026373813,0.0017030442,3.8291514404894165e-05,4.850119618519481e-07,5.422418970132034e-07,5.506433353730245e-07,5.764512707173708e-07,5.764512707173708e-07,5.5064334e-07,5.5064334e-07,0.9749842491168635
S00011,13173,1,1.129549264907837,0.0,0.0,0.0009793702,1.919582397628498e-05,7.493140448862808e-08,1.251967833108362e-07,0.0,2.412281219221768e-07,2.412281219221768e-07,0.0,0.0,0.9922233038603784
S00011,45053,1,1.129549264907837,0.0,5.9521077e-05,-0.0012094653,3.89972010452766e-05,7.112644340168117e-08,1.3427197398385715e-07,1.2078948508076337e-08,1.9529848316324205e-07,1.9529848316324205e-07,1.20789485e-08,1.20789485e-08,0.9963588692952217
S00011,13179,1,1.129549264907837,0.0,0.0006793705,0.0004935327,2.6968561845327105e-05,8.696294874728968e-06,8.650241094680192e-06,8.878206244844478e-06,8.394188625970855e-06,8.394188625970855e-06,8.878206e-06,8.878206e-06,0.5123325494904557
S00011,45071,1,1.129549264907837,0.0,2.6719943e-05,0.00031134047,2.9055415628439125e-05,2.451708726406802e-07,3.435844225426384e-07,1.345177746969739e-08,2.2753491180083074e-07,2.2753491180083074e-07,1.34517775e-08,1.34517775e-08,0.9832651218342237
S00011,37019,1,1.129549264907837,0.0,1.8332757e-05,-0.00015412392,5.227245613544559e-05,2.556836780816714e-07,2.524161146766346e-07,4.7146118120622305e-09,2.2634256424680643e-07,2.2634256424680643e-07,4.714612e-09,4.714612e-09,0.9902648873921924
S00011,45089,1,1.129549264907837,0.0,0.0005781761,-0.001610388,0.00010893634074212362,1.9263172968445968e-05,1.9282449405485142e-05,1.9628194422693923e-05,1.926350887515582e-05,1.926350887515582e-05,1.9628194e-05,1.9628194e-05,0.699481341061315
S00011,45059,1,1.129549264907837,0.0,0.00018996082,-0.0010265472,3.238720940620018e-05,9.474388017830885e-07,9.711033612802566e-07,7.86820294251811e-07,8.271255182989989e-07,8.271255182989989e-07,7.868203e-07,7.868203e-07,0.9431559141784381
S00011,13029,1,1.129549264907837,0.0,0.0013777249,0.00065907196,3.403885057196021e-05,1.980072071698184e-05,1.9773428599971037e-05,2.0419975044205785e-05,1.9513561710482463e-05,1.9513561710482463e-05,2.0419975e-05,2.0419975e-05,0.26445474052098733
S00011,45017,1,1.129549264907837,0.0,3.3202065e-05,0.001222818,5.1058078800754934e-05,1.1229357236667663e-07,1.907873610207389e-07,1.582977482428305e-08,2.2587134651530505e-07,2.2587134651530505e-07,1.5829775e-08,1.5829775e-08,0.9956109925662507
S00011,45013,1,1.129549264907837,0.0,4.5465007e-05,0.000468395,2.089118455235924e-05,9.753984523778551e-08,1.300510863444515e-07,1.595769738571562e-08,2.0909429565563187e-07,2.0909429565563187e-07,1.5957697e-08,1.5957697e-08,0.9907055004020202
S00011,45035,1,1.129549264907837,0.0,4.2155258e-05,-0.0007681574,6.228991211780037e-05,5.925443484026497e-08,1.0090330822739209e-07,6.614157221918049e-09,2.0797126865090831e-07,2.0797126865090831e-07,6.614157e-09,6.614157e-09,0.9980992709889637
S00011,13031,1,1.129549264907837,0.00019973212,0.0006832884,0.002639736,5.457688894239254e-05,1.056780668780751e-05,1.0526797571704568e-05,1.0603951523080468e-05,1.0358915460528806e-05,1.0358915460528806e-05,1.06039515e-05,1.0837007e-05,0.6755589511754986
S00011,45033,1,1.129549264907837,0.0,3.0377228e-06,-0.00022611741,2.2006971751883004e-05,2.35420706928835e-07,2.828442452103748e-07,2.3542312543867183e-10,2.3812415861357294e-07,2.3812415861357294e-07,2.3542313e-10,2.3542313e-10,0.9788313503266536
S00011,45043,1,1.129549264907837,0.0,2.4834942e-05,-0.0008598062,5.030706961406395e-05,2.574960286475895e-07,2.8455113939192717e-07,2.4514321239621495e-08,2.3890143552307563e-07,2.3890143552307563e-07,2.4514321e-08,2.4514321e-08,0.9898151590793026
S00011,45029,1,1.129549264907837,0.0,4.6144924e-05,0.004163409,9.536169091006741e-05,2.303433520959667e-07,2.15747689935597e-07,3.5135212073100774e-08,2.3123158143789624e-07,2.3123158143789624e-07,3.5135212e-08,3.5135212e-08,0.9951806998590647
S00011,37129,1,1.129549264907837,0.00023307504,3.4322427e-05,0.0020132146,8.363482993445359e-05,2.1051835119578755e-07,2.922806761063157e-07,4.925610497252819e-08,2.404568135716545e-07,2.404568135716545e-07,4.9256105e-08,1.0931531e-08,0.9949784131022134
S00011,45063,1,1.129549264907837,0.0,5.21118e-05,-5.1364885e-05,5.544228891570432e-05,1.1819860882648452e-07,1.3241811913644597e-07,3.4634744849881827e-08,2.2090118534379144e-07,2.2090118534379144e-07,3.4634745e-08,3.4634745e-08,0.9957452278015273
S00011,13103,1,1.129549264907837,0.00012511338,0.00077473634,0.0027303554,9.828153027532001e-05,6.4277222312133136e-06,6.435448388704875e-06,6.485260655608727e-06,6.250172646105057e-06,6.250172646105057e-06,6.4852607e-06,6.6634675e-06,0.8772272348938361
S00011,37155,1,1.129549264907837,0.0,0.00019142343,0.002343457,4.2948731182453535e-05,5.214215737699609e-07,4.841806552728182e-07,3.859687467411277e-07,4.581690689064999e-07,4.581690689064999e-07,3.8596875e-07,3.8596875e-07,0.9760101338178384
S00011,13167,1,1.129549264907837,0.0,0.00037360284,0.0022553853,4.2827313033437044e-05,1.5397601297687895e-06,1.5267441616136541e-06,1.642892243580718e-06,1.491771968176181e-06,1.491771968176181e-06,1.6428922e-06,1.6428922e-06,0.9305899614290658
S00011,45003,1,1.129549264907837,0.0,0.000111425994,-0.0015634599,5.967634266805059e-05,1.1016647979052625e-07,1.1762235037811782e-07,3.8751903019829115e-08,1.8064568507725198e-07,1.8064568507725198e-07,3.8751903e-08,3.8751903e-08,0.9963146709396227
S00011,13235,1,1.129549264907837,0.0,0.00035802322,-0.00089065486,5.075603136598753e-05,3.6358148160312944e-06,3.6381687399019333e-06,3.729811851371778e-06,3.6311676012701355e-06,3.6311676012701355e-06,3.7298119e-06,3.7298119e-06,0.8663102993833204
S00011,45081,1,1.129549264907837,0.0,0.001036656,0.0002142156,0.00011173130769748241,6.19380710607705e-05,6.183877242923093e-05,6.249480793485418e-05,6.160333578009158e-05,6.160333578009158e-05,6.249481e-05,6.249481e-05,0.2867128159997849
S00011,13141,1,1.129549264907837,0.0,0.00030005036,-0.00021700433,6.997370655881241e-05,2.028049493674189e-06,2.075156468587617e-06,1.998116658796789e-06,1.9220717604184756e-06,1.9220717604184756e-06,1.9981167e-06,1.9981167e-06,0.9436666657908783
S00011,45091,1,1.129549264907837,0.0,2.6769969e-05,-0.002559855,5.5998002305083595e-05,3.523213744453339e-07,3.4486234786375764e-07,8.093596193248231e-08,2.9313852678569674e-07,2.9313852678569674e-07,8.093596e-08,8.093596e-08,0.9874953202949099
S00011,13023,1,1.129549264907837,0.0,6.353563e-06,0.0008649237,7.751924204058014e-05,1.1468423840218141e-07,1.8272280044584477e-07,2.9064790574295785e-09,2.3711830010597623e-07,2.3711830010597623e-07,2.906479e-09,2.906479e-09,0.9970455123449495
S00011,12019,1,1.129549264907837,0.0,0.00018481539,-0.0009137603,3.3623842985737916e-05,9.872727559923078e-07,1.0037159654530114e-06,9.987838893721346e-07,1.102212422665616e-06,1.102212422665616e-06,9.987839e-07,9.987839e-07,0.9429505385865407
S00011,45001,1,1.129549264907837,0.0,1.5792242e-05,-0.0021460874,6.01765107906734e-05,3.2816173363888385e-07,3.8991879591776524e-07,4.672350506496059e-09,2.2887810757765692e-07,2.2887810757765692e-07,4.6723505e-09,4.6723505e-09,0.9891525159976026
S00011,45057,1,1.129549264907837,0.0,0.00076750544,-0.0014401455,6.504005978058558e-05,8.74386023497209e-06,8.68059335819756e-06,9.207549737766385e-06,8.619734217063524e-06,8.619734217063524e-06,9.20755e-06,9.20755e-06,0.7629873762974804
S00011,37007,1,1.129549264907837,0.0,6.0120714e-05,-9.243749e-05,3.9828813896747306e-05,6.346688697552357e-07,6.008830079432906e-07,4.556117616516531e-08,2.249863229053517e-07,2.249863229053517e-07,4.5561176e-08,4.5561176e-08,0.9686300423807985
S00011,12003,1,1.129549264907837,0.0,0.00035055247,-0.00036625704,7.868198978637035e-05,1.0454937182657886e-06,1.0395057188361534e-06,1.1185418316017604e-06,9.8507962320582e-07,9.8507962320582e-07,1.1185418e-06,1.1185418e-06,0.9737733169966416
S00011,13021,1,1.129549264907837,3.7287926e-05,8.19126e-05,4.605506e-05,4.766042184201069e-05,5.5236020794306263e-08,7.332309219047299e-08,2.9059378903184552e-08,1.9415915630816016e-07,1.9415915630816016e-07,2.9059379e-08,3.3777685e-08,0.9976847842713131
S00011,45047,1,1.129549264907837,0.0,0.00018501158,-0.00010397594,3.801523234869819e-05,5.739528792976974e-07,6.57796514739554e-07,4.7099189259824925e-07,5.101156261844153e-07,5.101156261844153e-07,4.709919e-07,4.709919e-07,0.9702531745147444
S00011,13309,1,1.129549264907837,0.0,3.5675737e-05,-0.0028348053,0.00010595663540395132,1.9719441013421601e-07,2.5952253679406567e-07,4.5834443795911284e-08,2.478165015418199e-07,2.478165015418199e-07,4.5834444e-08,4.5834444e-08,0.9962847424255993
S00011,13245,1,1.129549264907837,0.0,6.534849e-05,0.000906831,5.347276904406802e-05,1.131789441425705e-07,1.332975661701615e-07,4.9334172302906154e-08,2.321539227523317e-07,2.321539227523317e-07,4.9334172e-08,4.9334172e-08,0.9957757976338323
S00011,45061,1,1.129549264907837,0.0,0.00013979,0.0018020949,3.267678433379236e-05,5.973155339233926e-07,6.29339865554357e-07,5.272233352116018e-07,6.206756779647549e-07,6.206756779647549e-07,5.2722334e-07,5.2722334e-07,0.9640972686685395
S00011,45027,1,1.129549264907837,0.0,5.639829e-05,0.0012024904,2.6210987925878726e-05,1.9130147184872234e-07,2.3689662972022538e-07,6.271653774092556e-08,2.5090852773246297e-07,2.5090852773246297e-07,6.271654e-08,6.271654e-08,0.9855087209319668
S00011,13153,1,1.129549264907837,0.0,0.00014823624,0.0015494339,5.021441635714533e-05,4.247701686684498e-07,4.4259570586291375e-07,4.127489603433787e-07,4.991136961507436e-07,4.991136961507436e-07,4.1274896e-07,4.1274896e-07,0.9832236574948959
S00011,13209,1,1.129549264907837,0.0,1.5454994e-05,-0.0008985217,0.00010522778999681275,1.6069295583065468e-07,2.742641077209858e-07,7.52642836943096e-09,2.3216060185404785e-07,2.3216060185404785e-07,7.526428e-09,7.526428e-09,0.9969504645796474
S00011,13165,1,1.129549264907837,0.0,1.1492668e-05,0.0017690036,3.310914144094568e-05,7.264791671938535e-08,1.2708655816595638e-07,7.726762341064841e-09,2.383788597626335e-07,2.383788597626335e-07,7.726762e-09,7.726762e-09,0.9956212176542794
S00011,13127,1,1.129549264907837,0.0,0.00028937476,0.00082162063,1.9830901389165472e-05,6.773428632792881e-07,6.88261669286779e-07,7.205885594885331e-07,6.813601771682443e-07,6.813601771682443e-07,7.2058856e-07,7.2058856e-07,0.933944334293898
S00011,45051,1,1.129549264907837,0.0,1.4720206e-05,-0.00028883578,3.643690676350767e-05,2.4077345036251546e-07,2.2659990269365457e-07,2.671734389281255e-09,2.2817003753061726e-07,2.2817003753061726e-07,2.6717344e-09,2.6717344e-09,0.9868708463044255
S00011,13009,1,1.129549264907837,0.0,0.0005777237,-0.00064454635,7.807495785527863e-05,1.1975049649966726e-05,1.1980280153996622e-05,1.2088369658158626e-05,1.1864915904880036e-05,1.1864915904880036e-05,1.208837e-05,1.208837e-05,0.734035565754524
S00011,13159,1,1.129549264907837,0.0,3.55261e-05,-0.0012857956,8.487194099870976e-05,2.5269909068962687e-07,3.038350856835829e-07,2.1564360963566287e-08,2.3219475053792848e-07,2.3219475053792848e-07,2.1564361e-08,2.1564361e-08,0.994062845013518
S00011,37179,1,1.129549264907837,0.0,5.077168e-05,-0.0007953835,5.3143210000901796e-05,2.4607627816900884e-07,3.1715617391607037e-07,7.820921155143878e-08,2.6449950496498786e-07,2.6449950496498786e-07,7.820921e-08,7.820921e-08,0.9907818105346926
S00011,13237,1,1.129549264907837,0.0,3.6517995e-05,0.0004849991,4.5815357831694804e-05,2.149977553026853e-07,2.8460680005319244e-07,9.102588016673963e-09,2.2013533396147977e-07,2.2013533396147977e-07,9.102588e-09,9.102588e-09,0.9906584360446081
S00011,13161,1,1.129549264907837,0.0,0.00010318549,0.0018566486,5.6749579622798287e-05,1.3113135821640753e-07,2.4923982522295773e-07,5.662793967076141e-08,2.0443849280127324e-07,2.0443849280127324e-07,5.662794e-08,5.662794e-08,0.9953892503819027
S00011,13001,1,1.129549264907837,0.0,0.0004775197,0.0026802402,7.515186371165328e-05,3.18015402929935e-06,3.207395063024402e-06,3.4116503684344934e-06,3.1517147363047116e-06,3.1517147363047116e-06,3.4116504e-06,3.4116504e-06,0.9188032142918556
S00011,13251,1,1.129549264907837,0.0,6.917466e-06,0.00020855354,3.0154732182078685e-05,1.1783478962949327e-07,1.7298226850925857e-07,2.3428015083482023e-09,2.3881779043222195e-07,2.3881779043222195e-07,2.3428015e-09,2.3428015e-09,0.992215077780512
S00011,13125,1,1.129549264907837,0.0,0.0,0.00014314578,7.583183529883779e-05,1.407115271708411e-07,2.1887819556809518e-07,0.0,2.412281219221768e-07,2.412281219221768e-07,0.0,0.0,0.996295726994829
S00011,45049,1,1.129549264907837,4.405092e-05,1.4734625e-05,0.0009922833,4.9211276442899056e-05,4.730592687944105e-08,9.82741653980194e-08,2.3950972316555408e-09,2.3560681938761263e-07,2.3560681938761263e-07,2.3950972e-09,1.7527613e-09,0.9980792818386726
S00011,45065,1,1.129549264907837,0.0,0.0004912029,0.0027697627,0.00011284856979424755,1.2525265447038691e-05,1.2432215044100303e-05,1.241890095116105e-05,1.212774895975599e-05,1.212774895975599e-05,1.2418901e-05,1.2418901e-05,0.8001933111014209
S00011,13101,1,1.129549264907837,0.0,0.0002519197,0.003149388,8.693786245809558e-05,2.4281425794470124e-06,2.4454902813886292e-06,2.4792502699710894e-06,2.4478249542880803e-06,2.4478249542880803e-06,2.4792503e-06,2.4792503e-06,0.9456584731872718
S00011,13005,1,1.129549264907837,3.4979712e-05,0.00017441274,0.0011219039,8.420762727231097e-05,4.761273354840038e-07,5.118041409938693e-07,4.818867296307872e-07,5.654411552313832e-07,5.654411552313832e-07,4.8188673e-07,4.9286496e-07,0.9887551670874976
S00011,13319,1,1.129549264907837,0.0,0.00083792605,0.00097248016,8.707588131073862e-05,3.6281728777491175e-05,3.615137150821587e-05,3.6690544220618904e-05,3.60086232831236e-05,3.60086232831236e-05,3.6690544e-05,3.6690544e-05,0.41176342908165653
S00011,45069,1,1.129549264907837,0.0,9.797365e-05,-0.0024688197,5.7263428364725165e-05,3.446796720633453e-07,3.292135536033432e-07,1.2553988426589058e-07,2.5922244617504475e-07,2.5922244617504475e-07,1.2553988e-07,1.2553988e-07,0.9880336402701081
S00011,45085,1,1.129549264907837,0.0,0.00017921109,-0.0004901128,5.123584924149327e-05,5.663443308397594e-07,5.819656128854452e-07,4.633364767414605e-07,5.109102971800894e-07,5.109102971800894e-07,4.6333648e-07,4.6333648e-07,0.9781343494634467
S00011,45055,1,1.129549264907837,0.0,6.022035e-05,-0.00068742747,4.273275286929371e-05,2.3708007290679234e-07,2.3311591945684995e-07,6.350625625373141e-08,2.503110181351076e-07,2.503110181351076e-07,6.3506256e-08,6.3506256e-08,0.9889652783511775
S00011,13169,1,1.129549264907837,0.0,0.00025344384,-0.00011105857,6.306400973699056e-05,1.8725030107210234e-06,1.9145758566689133e-06,1.797279196580348e-06,1.7657164335105335e-06,1.7657164335105335e-06,1.7972792e-06,1.7972792e-06,0.9423281931385511
S00011,13039,1,1.129549264907837,0.0023465832,0.00038722905,0.0042891046,0.0001250607874681009,3.0309450570105887e-06,3.2107763369519184e-06,6.470474090747302e-06,3.074082542298129e-06,3.074082542298129e-06,6.470474e-06,2.781352e-06,0.952675399149334
S00011,13181,1,1.129549264907837,0.0,1.5800782e-05,-0.0028030914,0.00013730424082799195,2.9606096537312016e-07,5.256604704110638e-07,1.048592057628639e-08,2.343236786828129e-07,2.343236786828129e-07,1.0485921e-08,1.0485921e-08,0.9956967977320613
S00011,13265,1,1.129549264907837,0.0,1.9742558e-05,-0.0015238503,9.547296819315913e-05,5.306218919069275e-07,6.998380162788939e-07,5.612667308696473e-08,2.75914317171555e-07,2.75914317171555e-07,5.6126673e-08,5.6126673e-08,0.9889457906431048
S00011,13229,1,1.129549264907837,0.0,0.00015252376,0.00015082923,1.501979704698897e-05,7.653965402217485e-07,7.924228574059574e-07,7.721897077317408e-07,8.513652574038133e-07,8.513652574038133e-07,7.721897e-07,7.721897e-07,0.903023483875183
S00011,45041,1,1.129549264907837,2.0907866e-05,0.00017037652,0.0010638126,0.00013096622448453368,1.3327284401990862e-06,1.4337825480955264e-06,1.3345276101972559e-06,1.4098513929639012e-06,1.4098513929639012e-06,1.3345276e-06,1.341215e-06,0.9798527741794406
S00011,45031,1,1.129549264907837,0.0,0.00023102111,0.0005174569,2.1582015809447814e-05,2.5264883637040234e-06,2.537273303460097e-06,2.5258168534492142e-06,2.5253527837776346e-06,2.5253527837776346e-06,2.5258169e-06,2.5258169e-06,0.7904068750546857
S00011,13317,1,1.129549264907837,0.0,0.00017329707,-0.0011764654,7.03853287025898e-05,2.2951615695395353e-06,2.4315740271655764e-06,2.1347179881558986e-06,2.2266488031164045e-06,2.2266488031164045e-06,2.134718e-06,2.134718e-06,0.9368424301777267
S00011,12109,1,1.129549264907837,0.0,0.000101187106,0.0010256419,2.8108891456213314e-05,2.143054729231153e-07,2.3777482264601227e-07,1.7320425627076474e-07,3.0841459874864086e-07,3.0841459874864086e-07,1.7320426e-07,1.7320426e-07,0.9848671409898184
S00011,45067,1,1.129549264907837,0.0,4.2037616e-05,-0.0006906672,4.704036412780018e-05,3.7342360315051337e-07,4.2390299389201874e-07,1.4712856000187458e-07,3.690846597237396e-07,3.690846597237396e-07,1.4712856e-07,1.4712856e-07,0.9842483116822683
S00011,13019,1,1.129549264907837,0.0,1.0844838e-05,0.0016598641,3.35441188023348e-05,5.9206058130219695e-08,1.1392576245346693e-07,2.811035848537813e-09,2.3413434746544226e-07,2.3413434746544226e-07,2.8110358e-09,2.8110358e-09,0.9964761785700629
S00011,13075,1,1.129549264907837,0.0,2.2392544e-05,0.0020756512,4.501478724705521e-05,7.137321518987012e-08,1.5606583906683605e-07,8.288661312860768e-09,2.254270725643437e-07,2.254270725643437e-07,8.288661e-09,8.288661e-09,0.9968339191247105
S00011,13301,1,1.129549264907837,0.0,1.7121412e-05,4.079334e-05,7.205987397658949e-05,2.473572375076098e-07,4.1872207508693765e-07,1.8091093068051123e-08,2.406191015325021e-07,2.406191015325021e-07,1.8091093e-08,1.8091093e-08,0.9931581604397157
S00011,13093,1,1.129549264907837,0.0,0.0038636583,0.0027725226,0.0003513285385755201,0.0003184297917565952,0.00031811752705834806,0.0003214850148651749,0.00031749752815812826,0.00031749752815812826,0.00032148501,0.00032148501,0.04912032494259727
S00011,45087,1,1.129549264907837,0.0,0.0,-7.420959e-05,3.584604746720288e-05,7.300487159985399e-07,7.271770480580623e-07,0.0,2.412281219221768e-07,2.412281219221768e-07,0.0,0.0,0.9600805557628735
S00011,13107,1,1.129549264907837,0.0,0.0001299327,0.0036669925,9.917036792709648e-05,3.557517989823585e-07,3.9089489215863676e-07,3.266146393343661e-07,4.3716215714084683e-07,4.3716215714084683e-07,3.2661464e-07,3.2661464e-07,0.9928510867305693
S00011,13175,1,1.129549264907837,0.0,7.137676e-05,0.0018812706,4.02991193671672e-05,1.2426756749543225e-07,1.356598247070906e-07,6.269153374205416e-08,2.3283503480797663e-07,2.3283503480797663e-07,6.2691534e-08,6.2691534e-08,0.9938516993790606
S00011,13225,1,1.129549264907837,0.0,0.00012321095,-0.000119940116,0.00011416260592037968,2.460326603189363e-07,2.61180332472577e-07,2.2948380262732826e-07,3.441876117449283e-07,3.441876117449283e-07,2.294838e-07,2.294838e-07,0.9956990544879984
S00011,45039,1,1.129549264907837,0.0,0.00054874376,-0.003853777,0.00012670760770561174,1.152122998367607e-05,1.1454625564510934e-05,1.1547122994670644e-05,1.1199827895325143e-05,1.1199827895325143e-05,1.1547123e-05,1.1547123e-05,0.8333020782599126
S00011,45009,1,1.129549264907837,0.0,3.5981575e-06,-0.0010958131,0.00010593599048055087,1.1409367672854387e-07,1.8029512579194792e-07,4.121818997226967e-10,2.3778837032750744e-07,2.3778837032750744e-07,4.121819e-10,4.121819e-10,0.9978483057767434
S00011,12031,1,1.129549264907837,0.0,4.6103287e-05,0.00044806016,2.1168766882813845e-05,1.0808844190061488e-07,1.2955597602134125e-07,4.3125456983261756e-08,2.3605485921507352e-07,2.3605485921507352e-07,4.3125457e-08,4.3125457e-08,0.9898398104183127
S00011,13033,1,1.129549264907837,0.0,0.00015814499,0.0014606282,3.615528536708249e-05,6.329841539809422e-07,6.573679153613435e-07,6.192756245582132e-07,6.940903745089599e-07,6.940903745089599e-07,6.192756e-07,6.192756e-07,0.9655877179208703
S00011,13303,1,1.129549264907837,0.0,0.00020346032,0.0009814623,4.8206279946801565e-05,5.083450484259325e-07,5.289603374573441e-07,4.7218443910423957e-07,5.174706529942341e-07,5.174706529942341e-07,4.7218444e-07,4.7218444e-07,0.9791296741594241
S00011,13073,1,1.129549264907837,0.00035742368,7.9402664e-05,0.00030113506,7.882377515973833e-05,2.4475114912547724e-07,3.357999034392378e-07,1.8813113911164692e-07,3.162564325975836e-07,3.162564325975836e-07,1.8813114e-07,1.17140225e-07,0.9938091384637824
S00011,45005,1,1.129549264907837,0.0,0.00014393411,0.0008004559,5.1809837411080174e-05,7.11463314928551e-07,7.434499783206169e-07,6.671259598078905e-07,7.55234452753939e-07,7.55234452753939e-07,6.6712596e-07,6.6712596e-07,0.972907627758875
S00011,13271,1,1.129549264907837,0.0,1.2682088e-05,-0.0015690087,9.478731832738656e-05,1.943576203681611e-07,2.6964271645132004e-07,3.6568879036025237e-09,2.3171394047949434e-07,2.3171394047949434e-07,3.656888e-09,3.656888e-09,0.995907471237398
S00011,13267,1,1.129549264907837,0.0,0.0001080611,0.0034325952,8.340323984157294e-05,1.8908361691198175e-07,2.25562430955506e-07,1.6972997229913744e-07,3.166482542837912e-07,3.166482542837912e-07,1.6972997e-07,1.6972997e-07,0.9954760530850445
S00011,45037,1,1.129549264907837,0.0,1.3724199e-06,-0.002946262,0.00012318941844569054,4.010512431780929e-07,4.448990296168631e-07,8.549144725478186e-11,2.3981885988177964e-07,2.3981885988177964e-07,8.549145e-11,8.549145e-11,0.9935099972645508
S00011,13305,1,1.129549264907837,0.0,0.00012508439,0.0017626013,6.353723680755745e-05,2.7376563593861647e-07,3.5685586870689196e-07,2.7370495558898256e-07,3.969441593199008e-07,3.969441593199008e-07,2.7370496e-07,2.7370496e-07,0.9914194848707781
S00011,45023,1,1.129549264907837,0.0,0.00013590248,-0.0021744673,7.011293079510021e-05,6.035952253569121e-07,6.89872194925556e-07,3.1998172289604554e-07,4.163929077094508e-07,4.163929077094508e-07,3.1998172e-07,3.1998172e-07,0.9829291607118171
S00011,13025,1,1.129549264907837,0.0,0.00010844178,0.0062376275,0.00022161664431526637,4.2398457367198716e-07,5.02152715853299e-07,4.1068204836847144e-07,5.341688620319474e-07,5.341688620319474e-07,4.1068205e-07,4.1068205e-07,0.996181018079497
S00011,45025,1,1.129549264907837,0.0,7.3547744e-05,0.0007464591,4.952047371868199e-05,3.513475187825558e-07,3.4526505506467703e-07,1.2832821028041508e-07,2.8964959142285807e-07,2.8964959142285807e-07,1.2832821e-07,1.2832821e-07,0.9859099784180885
S00011,13133,1,1.129549264907837,0.0,4.6575013e-05,-0.0009825403,5.376995856446835e-05,2.1751762583714177e-07,3.275511642660452e-07,3.913322643711581e-08,2.304325619206793e-07,2.304325619206793e-07,3.9133226e-08,3.9133226e-08,0.9919419227870407
S00011,45011,1,1.129549264907837,0.0,4.8226884e-06,0.0006966957,5.08077246195171e-05,1.1085923645737239e-07,1.7281118639781803e-07,5.252099866126514e-10,2.3731146825411997e-07,2.3731146825411997e-07,5.2521e-10,5.2521e-10,0.9956456276643143
S00011,13105,1,1.129549264907837,0.0,1.5619742e-05,-0.0024342574,0.00010869253492273856,1.9917049343121107e-07,2.410652323684796e-07,4.19827772546455e-09,2.3527225323505263e-07,2.3527225323505263e-07,4.1982777e-09,4.1982777e-09,0.996341861068848
S00011,13189,1,1.129549264907837,0.0,6.3502375e-05,-0.0024787746,0.0001018543510629873,2.6879944906947156e-07,3.8207842578685813e-07,1.4436095341352484e-07,3.2296421181854384e-07,3.2296421181854384e-07,1.4436095e-07,1.4436095e-07,0.9947357783671639
S00011,13211,1,1.129549264907837,0.0,0.00014884806,-0.0003226342,6.235929928758803e-05,8.926662644626049e-07,9.281864284578963e-07,9.051620963873575e-07,9.89673935691826e-07,9.89673935691826e-07,9.051621e-07,9.051621e-07,0.9717742758925643
S00011,13069,1,1.129549264907837,0.0,0.0007089439,0.0025914286,5.859656024161571e-05,1.988314943446312e-05,1.9871865030533325e-05,2.0234745534253307e-05,1.9834520571748726e-05,1.9834520571748726e-05,2.0234746e-05,2.0234746e-05,0.49329197275245157
S00011,13191,1,1.129549264907837,0.0,8.3904895e-05,0.0004905437,3.555659956570404e-05,1.3276708917449773e-07,1.7663627716046904e-07,1.0204716716089024e-07,2.5322430019514286e-07,2.5322430019514286e-07,1.0204717e-07,1.0204717e-07,0.9925598517643432
S00011,13183,1,1.129549264907837,0.0,0.00010070721,0.00130893,2.7255934886246298e-05,2.8914986197984643e-07,3.288771495135734e-07,2.8121067430220137e-07,4.189303410839784e-07,4.189303410839784e-07,2.8121067e-07,2.8121067e-07,0.979005338729374
S00011,13049,1,1.129549264907837,0.0,0.00022522383,0.0011316441,0.0002065175115906944,5.250289518698992e-07,5.334421189218119e-07,5.475005764310481e-07,5.71729060538928e-07,5.71729060538928e-07,5.475006e-07,5.475006e-07,0.9949282987883162
S00011,13289,1,1.129549264907837,0.0,0.00012128448,-0.00039154952,8.173627793439664e-05,3.008247233537986e-07,3.3417729146852554e-07,2.3928726022859337e-07,3.5170421597285895e-07,3.5170421597285895e-07,2.3928726e-07,2.3928726e-07,0.9926661299922108
S00011,13163,1,1.129549264907837,0.0,0.00017757498,0.0016839971,5.699298829616358e-05,1.6132847235894587e-07,1.8900012340357838e-07,1.5747416171052464e-07,2.3899343659650185e-07,2.3899343659650185e-07,1.5747416e-07,1.5747416e-07,0.9943546356082836
S00011,13279,1,1.129549264907837,0.0,0.0002231421,-4.8831935e-05,6.540552809989701e-05,1.1575530531141946e-06,1.1599936442507897e-06,1.1947942084589158e-06,1.2048465123370988e-06,1.2048465123370988e-06,1.1947942e-06,1.1947942e-06,0.9652193668603385
S00011,13043,1,1.129549264907837,0.0,1.02920785e-05,-0.0005170007,7.467994388813774e-05,7.541114399600701e-08,1.4886086378377664e-07,3.866184261624994e-09,2.3572189888909634e-07,2.3572189888909634e-07,3.8661843e-09,3.8661843e-09,0.9979824550638923
S00011,37047,1,1.129549264907837,0.0,3.2582928e-05,0.0014840802,6.0417197043231376e-05,1.765550881790053e-07,2.2342472642359704e-07,1.127385296229022e-08,2.1985543696700915e-07,2.1985543696700915e-07,1.1273853e-08,1.1273853e-08,0.9941724985838107
S00011,13003,1,1.129549264907837,0.0,0.0006415758,0.005759131,0.00016811613750178367,9.344136136254141e-06,9.325918351047827e-06,9.709732694318518e-06,9.298610166297294e-06,9.298610166297294e-06,9.709733e-06,9.709733e-06,0.8946903896326318
S00011,13221,1,1.129549264907837,0.0,0.00018962995,-0.0010717083,7.007038584561087e-05,2.779891929094447e-06,2.8420393694735444e-06,2.735750740612275e-06,2.7846206194226397e-06,2.7846206194226397e-06,2.7357507e-06,2.7357507e-06,0.9236820499795083
S00011,13091,1,1.129549264907837,0.0,1.3175844e-05,0.00043024117,5.324428214710982e-05,1.5684164367257836e-07,2.033234428229965e-07,6.833584809129434e-09,2.3472063048757263e-07,2.3472063048757263e-07,6.833585e-09,6.833585e-09,0.994125904754849
S00011,13283,1,1.129549264907837,0.0,0.00022634937,0.0018088702,0.00011739310381623606,1.820704293701662e-06,1.8858476096283994e-06,1.8010554185821093e-06,1.8002925799009972e-06,1.8002925799009972e-06,1.8010554e-06,1.8010554e-06,0.9694548085902494
S00011,13109,1,1.129549264907837,0.0,8.17313e-05,0.005149871,0.00016795673946035095,9.251013821653942e-08,2.0740434199713795e-07,3.928948544285049e-08,1.9267002926426358e-07,1.9267002926426358e-07,3.9289485e-08,3.9289485e-08,0.9988990115881204
S00011,12089,1,1.129549264907837,0.0,0.00011362477,0.0041422537,0.0001759988590492867,4.6391709436951106e-07,5.505628450919176e-07,4.137769735734764e-07,5.349013463273877e-07,5.349013463273877e-07,4.1377697e-07,4.1377697e-07,0.9947420401683826
S00023,42101,3,2.997774124145508,8.5909756e-05,0.0020181227,0.034247763,0.005957672527680795,0.0006771336459981588,0.00013008798365869248,1.567973777127918e-05,1.4074795217311475e-05,1.4074795217311475e-05,1.5679738e-05,1.6019108e-05,0.7958844227629659
S00023,37131,3,3.7926025390625,0.00029721466,0.01390024,0.00674753,0.0019281261290113132,0.002001154275300602,0.0020381735327343145,0.002089441753923893,0.002082669408991933,0.002082669408991933,0.0020894418,0.0020976157,-0.018585628607505112
S00023,51153,3,2.1888091564178467,8.3872914e-07,7.5829266e-05,0.0029504292,8.563786589850982e-05,7.417650370674285e-06,2.106624890529929e-06,1.1742724836949492e-07,2.826120635290863e-07,2.826120635290863e-07,1.1742725e-07,1.17553746e-07,0.8405758053242743
S00023,51177,3,2.3594131469726562,0.0,0.00039448118,0.0014491412,5.925385933854462e-05,1.8829034767501678e-05,7.769590714209093e-06,3.6503067804005696e-06,3.470225465207477e-06,3.470225465207477e-06,3.6503068e-06,3.6503068e-06,0.5177167807860835
S00023,51081,3,3.506524085998535,0.0,0.0010218534,2.1230546e-05,9.623618825571612e-05,1.9888020081756014e-05,1.6701166411318507e-05,1.8658998669707216e-05,1.7799067791202106e-05,1.7799067791202106e-05,1.8658999e-05,1.8658999e-05,0.6574698701246027
S00023,11001,3,2.2601253986358643,0.0,0.00017394051,0.016355949,0.0010544077085796744,0.0001645683445872237,5.392395905801095e-06,1.33722139139536e-07,1.9174436260982475e-07,1.9174436260982475e-07,1.3372214e-07,1.3372214e-07,0.7299892083036819
S00023,37053,3,2.7277021408081055,0.00083333335,0.033454556,0.0043423567,0.004561056227733691,0.0035624101292341948,0.003682830293352405,0.005035277456045151,0.005053287371993065,0.005053287371993065,0.0050352775,0.00509034,0.12293349348863986
S00023,37141,3,2.5065672397613525,0.0,0.012332148,0.0711654,0.010249844597031673,0.00900907659282287,0.006826310923012595,0.0008983254083432257,0.000885237823240459,0.000885237823240459,0.0008983254,0.0008983254,0.06442562342808851
S00023,25003,3,2.6038978099823,0.0,0.009587536,0.024425428,0.0031039572010437646,0.0001410903520688104,0.0001780564695460877,0.0003521008766256273,0.00034183336538262665,0.00034183336538262665,0.00035210088,0.00035210088,0.9130426597702831
S00023,37181,3,2.1690151691436768,2.1155067e-05,0.0006172432,0.008209376,0.00028073125455800135,9.828799738897942e-05,1.726671447007296e-05,7.371962055913173e-06,6.975964424782433e-06,6.975964424782433e-06,7.371962e-06,7.397631e-06,0.4813561744735412
S00023,09011,3,2.60975980758667,0.0,0.15248823,0.010058878,0.049555053313573204,0.05631101379791895,0.056720408300558724,0.05816981568932533,0.05800241231918335,0.05800241231918335,0.058169816,0.058169816,-0.06381610905816265
S00023,37183,3,2.3063411712646484,0.0,0.0009955559,0.0060595265,0.0002466624355292879,6.43424067069039e-05,2.6962681810497695e-05,9.881924597721081e-06,9.068856343219522e-06,9.068856343219522e-06,9.881925e-06,9.881925e-06,0.5862289072783039
S00023,33007,3,2.6354029178619385,0.0,0.006212488,0.021720292,0.002054943315063914,0.0001670563215157017,0.00015971011695607254,0.00024548929650336504,0.00023905464331619442,0.00023905464331619442,0.0002454893,0.0002454893,0.849634249470125
S00023,13029,3,5.061283111572266,0.0,0.00039528104,0.003795305,0.0002495801497085874,2.0401718453892195e-06,2.059882187192367e-06,2.1908344933763146e-06,2.003376721404493e-06,2.003376721404493e-06,2.1908345e-06,2.1908345e-06,0.9837837275400542
S00023,51570,3,3.3916280269622803,0.00022326413,0.0013752449,0.0033145316,0.0002476264344295487,3.0873704114734814e-05,2.9161004325336155e-05,3.544783248798922e-05,3.477746940916404e-05,3.477746940916404e-05,3.5447832e-05,3.601207e-05,0.7782858976220891
S00023,37177,3,2.873523473739624,0.0,0.023463696,0.0037998704,0.006161600972215335,0.005250406296302875,0.0053022267917792005,0.005947716999799013,0.005922546610236168,0.005922546610236168,0.005947717,0.005947717,0.07984525898665802
S00023,12009,3,4.332168102264404,1.7896946e-05,0.0001455285,-0.0018258693,0.0001417940657120198,7.019123889525266e-07,1.3704109657434553e-06,9.94241702301224e-08,2.0048207716172328e-07,2.0048207716172328e-07,9.942417e-08,1.0431289e-07,0.9901483199974225
S00023,36079,3,2.620929002761841,0.0,0.2876097,0.02734827,0.15096227327982584,0.18192663292090097,0.1829881469408671,0.20081810653209686,0.2005024552345276,0.2005024552345276,0.2008181,0.2008181,-0.0930170968881856
S00023,12111,3,4.192612171173096,1.8600671e-05,0.00075336755,0.00012430886,0.00026782171820135164,3.48114599546534e-06,4.518267815001309e-06,3.4304991913813865e-06,2.9792931854899507e-06,2.9792931854899507e-06,3.4304992e-06,3.4581794e-06,0.9743375654674995
S00023,37129,3,2.329873561859131,0.0,0.07788785,0.121077865,0.016930831596255302,0.010502588624755541,0.00798765531120201,0.03493598476052284,0.03485218808054924,0.03485218808054924,0.034935985,0.034935985,0.23432160188967133
S00023,13127,3,4.728575706481934,0.0,0.00027583554,0.0021325334,0.0002166953357421638,1.7370861087329104e-06,1.7583939400841093e-06,1.8241140651298338e-06,1.8206992535851896e-06,1.8206992535851896e-06,1.8241141e-06,1.8241141e-06,0.9840949791792479
S00023,45051,3,2.232773542404175,0.0,0.0004939278,0.0457979,0.009103642621388039,0.004503472708165646,0.003422351204790175,4.954876658302965e-06,4.674844603869133e-06,4.674844603869133e-06,4.9548767e-06,4.9548767e-06,0.33807091376900084
S00023,24047,3,2.4409923553466797,0.0,0.009919483,0.010759799,0.0008749704769191643,0.0010563119625051816,0.001102177076973021,0.0012777232332155108,0.001267220708541572,0.001267220708541572,0.0012777232,0.0012777232,-0.09389692666602893
S00023,51035,3,5.802630424499512,0.0006934994,0.0013531053,0.0039788187,0.00034085385414073244,9.159580258710776e-06,9.20190965795579e-06,8.743786565901246e-06,8.934842298913281e-06,8.934842298913281e-06,8.743787e-06,1.01396e-05,0.9476615503377641
S00023,23029,3,4.458155632019043,0.0,0.002856178,0.011398613,0.0008101051983733972,0.00016171571041923016,0.0001612450141692534,0.00016504304949194193,0.0001621326809981838,0.0001621326809981838,0.00016504305,0.00016504305,0.6671903043943708
S00023,34033,3,3.147707462310791,0.0,0.028687652,0.021137282,0.0006882483333659669,0.0015909597277641296,0.001817522997347017,0.0037116718012839556,0.0036805691197514534,0.0036805691197514534,0.0037116718,0.0037116718,-0.39606361954975383
S00023,37031,3,2.460437774658203,0.0,0.007195442,0.01171057,0.000621426326688379,0.0005941075505688787,0.0005915282235946506,0.0005839084624312818,0.0005764028755947948,0.0005764028755947948,0.00058390846,0.00058390846,0.022474713893735933
S00023,34005,3,2.7432587146759033,0.0,0.09346965,0.021313056,0.013035848426322142,0.019296801338593166,0.020213340719540913,0.025771884247660637,0.02566973865032196,0.02566973865032196,0.025771884,0.025771884,-0.19364181277418493
S00023,42095,3,2.682487964630127,2.6115456e-05,0.004759315,0.0113781225,0.0004027200144870828,6.148235479486175e-05,5.83110753116974e-05,0.0001242780708707869,0.00011959382391069084,0.00011959382391069084,0.00012427807,0.00012452599,0.7351053813449239
S00023,36077,3,3.7417776584625244,0.0,0.00020387273,0.006399327,0.00036163392845386017,9.998992330414087e-07,9.7939956352396e-07,8.318189657074981e-07,8.55322582538065e-07,8.55322582538065e-07,8.3181897e-07,8.3181897e-07,0.9944853504736756
S00023,34017,3,2.5384087562561035,0.0,0.016654061,0.048163306,0.004450460430234671,0.001735045623111849,0.0002448261438985355,0.0009151478880085051,0.0008971422212198377,0.0008971422212198377,0.0009151479,0.0009151479,0.4389963866664898
S00023,34009,3,2.3563966751098633,0.0,0.086765446,0.02846831,0.012834735214710236,0.011817651179929575,0.013732170996566614,0.022699860855937004,0.022605136036872864,0.022605136036872864,0.02269986,0.02269986,0.04125702147041659
S00023,51131,3,2.3771424293518066,0.0,0.018746385,0.022800371,0.0015380586652706067,0.0013783049847309787,0.0012336579384282231,0.0020913854241371155,0.0020716069266200066,0.0020716069266200066,0.0020913854,0.0020913854,0.0547783814750061
S00023,36039,3,2.63079571723938,0.0,0.001938436,0.011784353,0.001631373767546999,5.9458634495968e-05,7.876498178423692e-05,5.548053013626486e-05,5.380555012379773e-05,5.380555012379773e-05,5.548053e-05,5.548053e-05,0.9296693931058733
S00023,36083,3,2.919064521789551,1.2573713e-05,0.0018494272,0.008332667,0.0008652484054133917,1.594187627536788e-05,2.705900442379061e-05,3.1341889553004876e-05,2.963344923045952e-05,2.963344923045952e-05,3.134189e-05,3.1388237e-05,0.9638174033312848
S00023,42011,3,2.541910409927368,0.0,0.022092544,0.0071113184,0.001047857969145601,0.00108570729692777,0.0012664803070947528,0.0016567573184147477,0.0016329495701938868,0.0016329495701938868,0.0016567573,0.0016567573,-0.01773994373831702
S00023,51053,3,3.239361047744751,0.0,0.0077059693,0.004514467,0.0006285862958369156,0.00082860526163131,0.0008689952082931995,0.0009336675284430385,0.0009256868506781757,0.0009256868506781757,0.0009336675,0.0009336675,-0.13726333011557804
S00023,51087,3,3.028881311416626,3.174301e-06,0.00351696,0.004343903,0.00014606864230396846,5.515948942047544e-05,5.7194326169944056e-05,6.713208858855069e-05,6.370514165610075e-05,6.370514165610075e-05,6.713209e-05,6.7154404e-05,0.45177158931228084
S00023,42103,3,2.966762065887451,0.0,0.022229368,0.00863666,0.004008583879719178,0.004045319743454456,0.004127803724259138,0.004845765884965658,0.0048217796720564365,0.0048217796720564365,0.004845766,0.004845766,-0.004561249482744917
S00023,42017,3,2.9799089431762695,0.00019956894,0.060166888,0.020014502,0.007916493341326714,0.009948461626966795,0.009899764011303583,0.014263095334172249,0.014221291057765484,0.014221291057765484,0.014263095,0.014287069,-0.11374046501916138
S00023,37041,3,2.887620210647583,0.0,0.042615496,0.0044112187,0.010130933485925198,0.008888913318514824,0.009064178292949995,0.010305977426469326,0.010259890928864479,0.010259890928864479,0.010305977,0.010305977,0.0653012708346544
S00023,36001,3,2.4986467361450195,0.0,0.0016307884,0.0110521205,0.0009607251267880201,5.763565241068136e-06,1.7713655476351658e-05,1.7466674762545153e-05,1.594919740455225e-05,1.594919740455225e-05,1.7466675e-05,1.7466675e-05,0.9880731863940014
S00023,37127,3,3.418788433074951,0.0,0.002335065,0.0024953624,0.0001229767670641498,5.507368162701217e-05,4.720392098533921e-05,6.26078835921362e-05,6.0354774177540094e-05,6.0354774177540094e-05,6.260788e-05,6.260788e-05,0.3813699203584663
S00023,37045,3,5.551737308502197,0.0,0.0011264444,0.001703731,9.338707847443099e-05,3.390620622667484e-05,3.4079281855762623e-05,3.487493086140603e-05,3.393051520106383e-05,3.393051520106383e-05,3.487493e-05,3.487493e-05,0.4672742351446244
S00023,23027,3,3.342299222946167,0.0,0.0012608242,0.005831398,0.000734593549471659,1.1940495520927167e-05,1.2055435945512727e-05,1.4214459952199832e-05,1.3119761206326075e-05,1.3119761206326075e-05,1.421446e-05,1.421446e-05,0.9680108479954301
S00023,42091,3,3.0170812606811523,0.0003515638,0.021569796,0.014485178,0.0017359900909165542,0.0016137820202857256,0.0018295926274731755,0.002446806523948908,0.0024383903946727514,0.0024383903946727514,0.0024468065,0.0024618492,0.03648250286105774
S00023,33005,3,2.7194085121154785,0.0,0.027857738,0.017382964,0.0009917197846031438,0.0024594481413563094,0.0023807591448227563,0.0036366756539791822,0.0036063827574253082,0.0036063827574253082,0.0036366757,0.0036366757,-0.42528453794236193
S00023,24017,3,2.5087335109710693,0.0,0.0017008781,0.0036741197,7.653637536956619e-05,2.2861625742128428e-05,1.2137876789590033e-05,1.7743346688803285e-05,1.6150708688655868e-05,1.6150708688655868e-05,1.7743347e-05,1.7743347e-05,0.5399982799163422
S00023,37013,3,2.7648203372955322,0.0,0.02870013,0.0112103,0.003163932745034496,0.0036964535247534513,0.0033334544859826565,0.005240576807409525,0.005210186820477247,0.005210186820477247,0.005240577,0.005240577,-0.07762256508268238
S00023,25021,3,2.8642852306365967,0.0,0.0036392468,0.013436487,0.0010650959496463959,3.7108976054393374e-05,2.8981270740284042e-05,7.435983570758253e-05,7.061746146064252e-05,7.061746146064252e-05,7.4359836e-05,7.4359836e-05,0.9326641077550996
S00023,44009,3,2.8065109252929688,0.0,0.039073493,0.012052594,0.003771435469388962,0.005890609696507454,0.0059768456655244035,0.0065312194637954235,0.006488655228167772,0.006488655228167772,0.0065312195,0.0065312195,-0.2193297786061303
S00023,34003,3,2.562579393386841,1.1733206e-05,0.09604835,0.034176297,0.008309797694285711,0.017592639041443665,0.017382753702501457,0.023305688053369522,0.023202724754810333,0.023202724754810333,0.023305688,0.023307942,-0.35837714582093205
S00023,37101,3,2.394195079803467,0.0,0.003983067,0.0086126635,0.00043793837539851665,0.0002481140327290632,0.00014251534594222903,0.0001776824938133359,0.00017395796021446586,0.00017395796021446586,0.0001776825,0.0001776825,0.2766907315252122
S00023,37191,3,2.9260921478271484,0.0,0.00033768953,0.005270772,0.000535800364256526,0.0001291348623150649,0.0001293909275167001,1.2754575209328323e-06,1.1758091886804323e-06,1.1758091886804323e-06,1.2754575e-06,1.2754575e-06,0.6115866413608891
S00023,37135,3,3.8986244201660156,0.0,0.0001345259,0.0049498784,0.000167955745079477,1.7156418152808328e-06,1.2756917158185388e-06,2.724563898937049e-07,3.713797696036636e-07,3.713797696036636e-07,2.724564e-07,2.724564e-07,0.9797768869969219
S00023,37069,3,2.3923544883728027,5.162423e-05,0.0019711985,0.0086927535,0.00025438733185486245,0.0001891769582774335,8.011416624261376e-05,5.1617054850794375e-05,4.994682967662811e-05,4.994682967662811e-05,5.1617055e-05,5.1817915e-05,0.1470144802639084
S00023,37157,3,5.302253723144531,2.3106784e-05,0.0002975266,0.003057563,0.0001238263818474176,7.019668449477953e-07,5.40573504774026e-07,5.030352667745319e-07,4.5104474111212767e-07,4.5104474111212767e-07,5.0303527e-07,5.162512e-07,0.9887259912731687
S00023,42077,3,2.58121395111084,0.0,0.005893714,0.008031363,0.00030310743022710085,9.590310219209641e-05,0.00010860671560900907,0.0002070093178190291,0.00020086433505639434,0.00020086433505639434,0.00020700932,0.00020700932,0.5192953849582026
S00023,51037,3,3.321981191635132,0.0,0.00085752516,0.006387701,0.00022533837181981653,5.4340436387671316e-06,4.920121985681665e-06,5.186279850022402e-06,4.61785020888783e-06,4.61785020888783e-06,5.18628e-06,5.18628e-06,0.9529056050484304
S00023,25009,3,2.896639823913574,2.2520594e-06,0.0010768363,0.010873804,0.0007104105510128041,6.918007026494403e-06,7.050816445068146e-06,9.940979907696601e-06,9.014522220240906e-06,9.014522220240906e-06,9.94098e-06,9.945825e-06,0.9807117479181267
S00023,42029,3,2.8197691440582275,1.7905344e-05,0.09056081,0.011196954,0.02099381946027279,0.02373558282852173,0.024912182862559955,0.027384478598833084,0.02728879824280739,0.02728879824280739,0.027384479,0.027387721,-0.06129666903543216
S00023,10005,3,2.6907827854156494,0.0,0.0069315615,0.014312478,0.0005082022592735788,0.0006561716727446765,0.0005034768934516857,0.0005013591726310551,0.0004940748913213611,0.0004940748913213611,0.0005013592,0.0005013592,-0.1270806648982741
S00023,51101,3,3.6029632091522217,0.0,0.0057993764,0.0031871088,0.00022251643531490117,0.00031638886624326307,0.0003310694301035255,0.00037477476871572435,0.0003687248390633613,0.0003687248390633613,0.00037477477,0.00037477477,-0.17419095833153578
S00023,24015,3,3.003654956817627,0.0,0.016232885,0.010986748,0.0010107338894158602,0.0015287433052435517,0.001660649199038744,0.0019829997327178717,0.0019655574578791857,0.0019655574578791857,0.0019829997,0.0019829997,-0.2039827004223858
S00023,25007,3,3.20516300201416,0.0,0.0007826864,0.0034624313,0.00027251356611183536,0.00010894998801328863,0.00033273465669481084,2.8004715204588138e-05,2.807805867632851e-05,2.807805867632851e-05,2.8004715e-05,2.8004715e-05,0.4287790441046857
S00023,51685,3,2.223940134048462,0.0,0.0,0.0017025082,0.00026407366870747256,7.2247841274020175e-06,7.247022229724583e-07,0.0,2.412281219221768e-07,2.412281219221768e-07,0.0,0.0,0.9467392161517458
S00023,45019,3,2.942082405090332,1.825937e-06,0.00015770053,0.008022057,0.0009957351818835984,7.433816911846709e-05,5.809862583798046e-05,1.6094891464035754e-07,2.6039208478323417e-07,2.6039208478323417e-07,1.6094891e-07,1.6152148e-07,0.86105967586455
S00023,37163,3,2.5299689769744873,0.0,0.0076307217,0.016570358,0.002129404107108712,0.0008927213590747366,0.0005646855279337615,0.0007591281901113689,0.0007511743460781872,0.0007511743460781872,0.0007591282,0.0007591282,0.40920959830160364
S00023,51019,3,6.099594593048096,0.0,0.00031169542,0.0035360716,0.00017839116965963817,4.606978810291669e-07,4.132318357126981e-07,4.2964953195223643e-07,3.8721668715879787e-07,3.8721668715879787e-07,4.2964953e-07,4.2964953e-07,0.9948482743024819
S00023,51137,3,2.8667192459106445,0.0,0.00027142806,0.0017609282,3.728286598440415e-05,4.0864634532529936e-06,3.062323306342781e-06,2.7119692731503164e-06,2.661611915755202e-06,2.661611915755202e-06,2.7119693e-06,2.7119693e-06,0.8024399472362139
S00023,24013,3,1.7269291877746582,0.000107618056,0.00068719743,0.006220598,0.0005121027958618166,8.239202797237037e-05,1.0074201895804435e-05,1.7706047401588876e-06,1.442946654606203e-06,1.442946654606203e-06,1.7706047e-06,1.9069325e-06,0.7228166683067684
S00023,51700,3,3.218324899673462,4.7333357e-05,0.06520063,0.014384629,0.010247464136530956,0.013491876733799776,0.013356844584147135,0.014645763672888279,0.01458097342401743,0.01458097342401743,0.014645764,0.014651935,-0.13666818362777985
S00023,51600,3,2.067657232284546,0.0008853623,0.003996171,0.004402019,0.0005265585156545664,9.296169931379457e-05,6.905620345302547e-05,7.286880281753838e-05,7.491054566344246e-05,7.491054566344246e-05,7.28688e-05,7.916105e-05,0.6998913124455765
S00023,51830,3,3.533734083175659,0.0,0.007482038,0.019607613,0.001158158100831012,0.0004069548934542884,0.0003489978068197767,0.0005392466555349529,0.0005313677247613668,0.0005313677247613668,0.00053924666,0.00053924666,0.4799673954018612
S00023,42089,3,2.7526848316192627,0.0,0.009504548,0.012013544,0.0008353267330676317,0.0003232253172124426,0.00031074046273715794,0.0006014516693539917,0.0005913347122259438,0.0005913347122259438,0.00060145167,0.00060145167,0.4420184796456845
S00023,12089,3,4.604171276092529,0.0017713621,0.0008415944,0.008345973,0.0004244935432022127,1.065792973046579e-05,1.0535305894639654e-05,1.094974868465215e-05,1.0420391845400445e-05,1.0420391845400445e-05,1.0949749e-05,1.0793562e-05,0.9510150814444575
S00023,54023,3,5.37561559677124,0.0,0.00014622354,0.006093219,0.0003485835683629072,5.197288146518986e-07,4.632630918877112e-07,4.1237842651753454e-07,5.263183879833377e-07,5.263183879833377e-07,4.1237843e-07,4.1237843e-07,0.9970224926613194
S00023,45015,3,2.533418893814087,0.0,0.00012679392,0.013070878,0.001673354665399529,0.00023588929616380483,0.00013142908953038082,2.0483712148688937e-07,3.253502427469357e-07,3.253502427469357e-07,2.0483712e-07,2.0483712e-07,0.7528976904861827
S00023,34001,3,2.4322710037231445,0.0,0.071927406,0.030883465,0.006309617931644122,0.01034735981374979,0.011697943943242231,0.017131000757217407,0.017052549868822098,0.017052549868822098,0.017131,0.017131,-0.24240543175500182
S00023,42127,3,3.2903311252593994,0.0,0.007690514,0.0027937086,0.00032307621828901273,0.00037673682284851867,0.00037792571432267624,0.00040486149373464286,0.00039671704871580005,0.00039671704871580005,0.0004048615,0.0004048615,-0.0766784861172089
S00023,37077,3,2.3117098808288574,0.0,0.0006078486,0.003818818,0.0001604964048359155,2.975960402788284e-05,9.667376843935926e-06,3.2597592962702038e-06,2.899019136748393e-06,2.899019136748393e-06,3.2597593e-06,3.2597593e-06,0.6871625321522715
S00023,37093,3,1.9847497940063477,0.0,0.0005803931,0.032034077,0.0034850356557096043,0.0022208404067593315,0.001844203759295245,6.499469236587174e-06,6.125360414444003e-06,6.125360414444003e-06,6.4994692e-06,6.4994692e-06,0.2215602363440146
S00023,37047,3,2.444326400756836,0.0,0.01066367,0.04321316,0.0037954795019080243,0.002206115129714211,0.0022522053914144635,0.0008496909285895526,0.0008385353139601648,0.0008385353139601648,0.0008496909,0.0008496909,0.26482367933007284
S00023,10003,3,3.0873215198516846,1.5466529e-05,0.014887407,0.017662589,0.0006179569803255921,0.00045270910292553407,0.0005323640652932227,0.0009421590366400778,0.0009266035631299019,0.0009266035631299019,0.00094215904,0.0009426194,0.15434119001722307
S00023,25005,3,2.7336604595184326,1.719859e-06,0.0037300522,0.00927609,0.0011760113605608542,6.260889737556378e-05,6.028191516331086e-05,9.846628381637856e-05,9.464887261856347e-05,9.464887261856347e-05,9.8466284e-05,9.847911e-05,0.8989054200035896
S00023,51085,3,3.072004795074463,0.0,0.0033055458,0.0033526267,0.00011403368262108415,7.560597199092929e-05,7.354465681904306e-05,7.959074719110504e-05,7.64375290600583e-05,7.64375290600583e-05,7.959075e-05,7.959075e-05,0.20263541772829466
S00023,24029,3,3.050388813018799,0.0,0.0045334944,0.0041888123,0.0002493753321080779,0.00020382876391522586,0.00013791956492544463,0.00018434543744660914,0.0001796593569451943,0.0001796593569451943,0.00018434544,0.00018434544,0.1004990215059972
S00023,34015,3,2.9517273902893066,0.0,0.01347254,0.022534579,0.0018312978403021891,0.0003656191402114928,0.0003335136570967734,0.0008409295696765184,0.0008264624048024416,0.0008264624048024416,0.00084092957,0.00084092957,0.6671525201411991
S00023,34023,3,2.6541333198547363,3.459679e-05,0.058691993,0.022370156,0.0036926825220386186,0.007097873526314895,0.006748285610228777,0.01061105728149414,0.01055103912949562,0.01055103912949562,0.010611057,0.010615117,-0.31557141161375646
S00023,51620,3,3.7583727836608887,0.003343575,0.002154058,0.00043590713,0.00013740878057433292,1.229925692314282e-05,1.3614208910439629e-05,1.1659328265523072e-05,1.2298200999794062e-05,1.2298200999794062e-05,1.1659328e-05,1.4884343e-05,0.8356900921455176
S00023,51157,3,7.882265567779541,0.0,0.00026699665,0.005938221,0.0003088576146789516,3.6659123452409403e-06,3.379224078040958e-06,3.1674389902036637e-06,3.1149952519626822e-06,3.1149952519626822e-06,3.167439e-06,3.167439e-06,0.9765399272166978
S00023,51043,3,8.58059024810791,0.0,1.9923493e-05,-0.0004872931,0.00025836259495311725,7.717310002893404e-07,1.1513090569792439e-07,4.583398549584672e-09,2.270624293032597e-07,2.270624293032597e-07,4.5833985e-09,4.5833985e-09,0.9940437763507404
S00023,12083,3,12.450006484985352,0.0,0.00028092632,-0.0010033495,6.263980443084922e-05,2.3655292504069316e-06,2.3632563473559762e-06,2.416254346826463e-06,2.4062558168225223e-06,2.4062558168225223e-06,2.4162543e-06,2.4162543e-06,0.9272204566472668
S00023,37159,3,12.450006484985352,0.00012166661,0.00021954143,0.00018910225,4.3242066264307745e-05,8.116471500822323e-07,6.649190709140385e-07,5.719494993172702e-07,6.556099378940416e-07,6.556099378940416e-07,5.719495e-07,6.1056846e-07,0.9631519303515917
S00023,39013,3,11.99269962310791,0.0,0.0007921539,0.0032492368,0.00018585953876026906,2.151992157450877e-05,2.1556751865621965e-05,2.2133574020699598e-05,2.154473986593075e-05,2.154473986593075e-05,2.2133574e-05,2.2133574e-05,0.7924585053913379
S00023,51147,3,7.212776184082031,0.0,0.0003275933,0.0032561473,0.00011753997144599755,5.58887109036732e-06,4.402534841574379e-06,2.8505248792498605e-06,2.752635737124365e-06,2.752635737124365e-06,2.8505249e-06,2.8505249e-06,0.9092191402884877
S00023,25025,3,6.950660228729248,0.0,0.00011453673,0.008731145,0.0011588776008769248,8.065356420653794e-06,7.253279818542069e-06,7.843524940653879e-08,1.9761529301831615e-07,1.9761529301831615e-07,7.843525e-08,7.843525e-08,0.9861769482900318
S00023,37103,3,5.993295669555664,6.939625e-05,0.061753266,0.024701485,0.014505477311710516,0.020313721771041553,0.020337790871659916,0.02478250488638878,0.02472432516515255,0.02472432516515255,0.024782505,0.024791071,-0.16681154685744023
S00023,37107,3,6.786947727203369,0.0,0.012132679,0.013534748,0.0009575391498704752,0.0010211906434657674,0.0009184777154587209,0.0015532257966697216,0.0015403883298859,0.0015403883298859,0.0015532258,0.0015532258,-0.03216785526232586
S00023,42133,3,4.740713119506836,0.00011796813,0.0005475704,0.0020031296,0.00014372797886608168,5.8517996725034514e-05,8.069970003058794e-06,8.552789267923799e-07,6.701020538457669e-07,6.701020538457669e-07,8.552789e-07,9.705542e-07,0.4213185547549163
S00023,51173,3,12.450006484985352,0.0012539368,0.0009929026,0.0051556523,0.00025224157313156564,6.206138399041568e-06,6.43903664846827e-06,6.3675292949483264e-06,6.21587059868034e-06,6.21587059868034e-06,6.3675293e-06,7.285246e-06,0.9519737407440222
S00023,42129,3,10.76922607421875,0.00060309615,0.00021707283,0.0030129668,6.232433042896446e-05,3.2974997073627793e-07,2.853500973287737e-07,3.914119020009821e-07,3.595137627598888e-07,3.595137627598888e-07,3.914119e-07,2.8951848e-07,0.9894739506626659
S00023,45067,3,3.7004427909851074,0.0,0.0016390425,0.06636126,0.009946815824757019,0.012301507561157147,0.009439424145966768,1.865602462203242e-05,1.71234569279477e-05,1.71234569279477e-05,1.8656025e-05,1.8656025e-05,-0.10583681725387574
S00023,54091,3,11.28956127166748,0.0020950558,0.000591105,0.0033070259,0.00014290743335247194,2.282815861083994e-06,2.3412426344293635e-06,4.639724465960171e-06,2.400299763394287e-06,2.400299763394287e-06,4.6397245e-06,2.727262e-06,0.9685541436363777
S00023,12021,3,12.450006484985352,0.0,0.00010673346,0.0036295482,0.000465069182003693,2.936204737125081e-07,4.548865177866901e-07,9.53950305415674e-08,2.2818140621438943e-07,2.2818140621438943e-07,9.539503e-08,9.539503e-08,0.9987381008015708
S00023,51680,3,12.450006484985352,0.0,0.0002494549,0.0036351066,0.00013937703079136554,3.4452667326452985e-07,3.490821237998413e-07,3.010494253885554e-07,2.743512084180111e-07,2.743512084180111e-07,3.0104943e-07,3.0104943e-07,0.9950683820089573
S00023,23015,3,7.5963897705078125,0.0,0.005597761,0.0051166564,0.0011480026490365465,0.0002724546648096293,0.00026520176713044447,0.00032309055677615106,0.00031719059916213155,0.00031719059916213155,0.00032309056,0.00032309056,0.6163845795944362
S00023,54055,3,12.450006484985352,0.00014026694,0.00083391165,0.0019842936,0.00018145996121650873,5.655815130012343e-06,5.694406809197972e-06,5.869400865776697e-06,5.467254595714621e-06,5.467254595714621e-06,5.869401e-06,6.083667e-06,0.9395474262999791
S00023,09015,3,6.2642130851745605,0.0,0.18734439,0.017918449,0.06862721343835194,0.08359763026237488,0.08487542221943538,0.08833285421133041,0.08812703937292099,0.08812703937292099,0.088332854,0.088332854,-0.09834411033099623
S00023,23003,3,9.59405517578125,0.0,0.00091064506,0.015479412,0.0013178733667397562,2.194565058744047e-05,2.209420381404925e-05,2.2642976546194404e-05,2.188763210142497e-05,2.188763210142497e-05,2.2642977e-05,2.2642977e-05,0.967240873127447
S00023,45023,3,12.450006484985352,0.0,0.00013447492,0.0058413744,0.0006119753124949057,5.673012234789591e-07,4.1585989170774457e-07,1.5254292407007597e-07,2.468385389420291e-07,2.468385389420291e-07,1.5254292e-07,1.5254292e-07,0.9981477167113806
S00023,37189,3,12.450006484985352,0.0,7.39684e-05,0.004718818,0.0003899414441548288,9.020935702134618e-08,1.4346114340924032e-07,7.086058673166917e-08,2.4611912863292673e-07,2.4611912863292673e-07,7.086059e-08,7.086059e-08,0.9995374254565796
S00023,51165,3,12.426164627075195,0.0,0.00020724931,0.0024298464,7.562436318645875e-05,2.7326976711113576e-07,2.1152982772794834e-07,2.1441171327296615e-07,2.502819711480697e-07,2.502819711480697e-07,2.1441171e-07,2.1441171e-07,0.9927989910494758
S00023,51135,3,5.654407501220703,0.0,0.00045897192,0.006239118,0.0001716258266242221,4.2839908322397e-05,2.2706916449048247e-05,1.712547032184375e-06,1.466391040594317e-06,1.466391040594317e-06,1.712547e-06,1.712547e-06,0.600496477135987
S00023,51109,3,6.423964977264404,0.0,0.0012092241,0.0008583177,8.40060335273544e-05,1.3377792129176669e-05,1.1688103465227565e-05,1.2591771337611135e-05,1.1516095582919661e-05,1.1516095582919661e-05,1.2591771e-05,1.2591771e-05,0.7252563854626205
S00023,13235,3,9.534899711608887,0.0,0.00014063242,0.0033934237,0.0001545056099227319,5.864325392697841e-07,4.96156474127929e-07,3.805693609137961e-07,4.6824919763821526e-07,4.6824919763821526e-07,3.8056936e-07,3.8056936e-07,0.9924376192361581
S00023,12063,3,11.527865409851074,0.0,5.5199824e-05,0.005460907,0.0002520777634344995,3.874280025684129e-07,2.8333645711124217e-07,6.164629695604162e-08,2.46812646764738e-07,2.46812646764738e-07,6.16463e-08,6.16463e-08,0.9969308402448424
S00023,45091,3,7.939054489135742,0.0046166987,0.00014197285,0.0024118766,5.5064898333512247e-05,2.055274838615636e-06,1.3432625488955334e-06,2.059853432001546e-05,1.56402234097186e-06,1.56402234097186e-06,2.0598534e-05,5.95521e-07,0.9280368134591538
S00023,13261,3,10.439709663391113,0.0,5.404711e-05,0.004183436,0.00026021540543297306,2.700689568276478e-07,1.6251567913627696e-07,1.3967678569315467e-08,1.986466173775625e-07,1.986466173775625e-07,1.3967679e-08,1.3967679e-08,0.997926418296757
S00023,42021,3,5.320027828216553,0.0,0.00015706889,-0.00084116246,3.391368591110222e-05,3.385344390001895e-07,3.6371989153849427e-07,2.4219110628109775e-07,3.190522193108336e-07,3.190522193108336e-07,2.421911e-07,2.421911e-07,0.9802328470656835
S00023,13009,3,9.02963638305664,0.0,0.00062991,0.0032588139,0.00015363134419506727,7.53398383797806e-06,7.5472435128176585e-06,7.888278560130857e-06,7.465696853614645e-06,7.465696853614645e-06,7.888279e-06,7.888279e-06,0.9065061458326409
S00023,51191,3,7.153349876403809,0.00013477089,0.00036014948,0.003965923,0.00019974072589927042,1.0006672065780247e-06,9.582342007282325e-07,9.642382110541803e-07,9.438681445317343e-07,9.438681445317343e-07,9.642382e-07,1.0431504e-06,0.9900302853228644
S00023,12103,3,8.54916000366211,0.0,0.00017160094,0.006959334,0.00036096921636878204,7.329956967320564e-07,7.289185835664588e-07,2.7200911745239864e-07,3.570487194792804e-07,3.570487194792804e-07,2.7200912e-07,2.7200912e-07,0.9959469659168172
S00023,13125,3,8.708507537841797,0.0,0.00020051897,0.006950322,0.00045960611168993637,3.835405019951092e-06,3.759020349510441e-06,3.6036819892615313e-06,3.6330816328700166e-06,3.6330816328700166e-06,3.603682e-06,3.603682e-06,0.9834481595555796
S00023,42119,3,4.140637397766113,0.0,1.51820095e-05,0.003331754,0.0001436122108013175,5.021243036177717e-07,6.090414596352881e-07,1.402717320075908e-08,2.3963303874552366e-07,2.3963303874552366e-07,1.4027173e-08,1.4027173e-08,0.9930315842174597
S00023,45041,3,1.8280651569366455,0.0,0.00012452764,0.013564354,0.00277997535886243,0.00046734271745663136,0.00024365304003974111,2.326243873085332e-07,3.4364182965873624e-07,3.4364182965873624e-07,2.3262439e-07,2.3262439e-07,0.7121669596429684
S00023,45031,3,2.864469051361084,0.0,0.00022294972,0.00463593,0.0003461810289688098,4.982901524878495e-06,3.8441499441432825e-06,8.087615697149886e-07,8.112547220662236e-07,8.112547220662236e-07,8.0876157e-07,8.0876157e-07,0.9716206529647095
S00023,13201,3,11.04067611694336,0.0,8.527497e-05,0.0073870695,0.0003286637656856328,5.063491433550856e-07,3.682362906450483e-07,9.707236614531212e-08,2.469911635216704e-07,2.469911635216704e-07,9.7072366e-08,9.7072366e-08,0.9969234804707704
S00023,42057,3,4.981975555419922,0.0,0.0013866188,0.0049176062,0.0003151326479079823,2.898202425664446e-05,2.952353558309066e-05,3.1230549211613834e-05,3.0005359803908505e-05,3.0005359803908505e-05,3.123055e-05,3.123055e-05,0.8315560096619229
S00023,36099,3,5.417503833770752,0.0,7.7421166e-05,0.0042312783,0.00033605154991770786,5.875212991668377e-07,4.6239097173383925e-07,1.5315895041112526e-07,3.1351916618405085e-07,3.1351916618405085e-07,1.5315895e-07,1.5315895e-07,0.9965094883547351
S00023,51105,3,6.289309978485107,0.0015149815,0.0030954252,0.022205355,0.0026023711737555764,0.00025004392955452204,0.0002489512844476849,0.0002456097863614559,0.00024972311803139746,0.00024972311803139746,0.0002456098,0.0002526936,0.8246791434638265
S00023,42063,3,5.03729248046875,0.0,0.00083057483,0.0016429456,0.00010563070585097496,6.6687607613857836e-06,6.682259936496848e-06,7.172935511334799e-06,6.6838128987001255e-06,6.6838128987001255e-06,7.1729355e-06,7.1729355e-06,0.8812325478908062
S00023,12007,3,6.615502834320068,0.0,8.031248e-05,0.0048170765,0.0004970793609876031,2.0323959404322522e-07,2.6355331309938873e-07,1.4128997349871497e-07,2.9567962656074087e-07,2.9567962656074087e-07,1.4128997e-07,1.4128997e-07,0.9991825992149916
S00023,42013,3,5.615190505981445,0.0,8.18595e-05,0.0021224224,8.964306804652249e-05,2.515238435307765e-07,1.8928777478777192e-07,1.289894271394587e-07,2.933243195002433e-07,2.933243195002433e-07,1.2898943e-07,1.2898943e-07,0.9944040272447444
S00023,50005,3,3.4887263774871826,0.0,0.0010876029,0.010258473,0.0005372450686991215,9.186406411269369e-06,9.64559452161969e-06,1.3703586773772258e-05,1.2754158888128586e-05,1.2754158888128586e-05,1.3703587e-05,1.3703587e-05,0.9663767303689325
S00023,36023,3,5.841057777404785,0.0,0.00033178867,0.001404696,6.50757234931613e-05,8.167593629574791e-07,8.247842136673474e-07,8.502166792823118e-07,7.373815265054873e-07,7.373815265054873e-07,8.502167e-07,8.502167e-07,0.9752093310934742
S00023,13193,3,9.924494743347168,0.0,5.953872e-05,0.0038665766,0.00014820040572279444,3.2425355319295096e-07,2.7608377687708224e-07,4.141139697821927e-08,2.2072065064548951e-07,2.2072065064548951e-07,4.1411397e-08,4.1411397e-08,0.9956336738320276
S00023,42005,3,5.201924800872803,0.0,0.0014931704,0.0014132117,8.315314577581982e-05,4.0430611988995224e-05,4.055788789022093e-05,4.188736784271896e-05,4.049180279253051e-05,4.049180279253051e-05,4.1887368e-05,4.1887368e-05,0.345696995782628
S00023,12017,3,7.523714542388916,1.8145856e-05,0.00038627675,0.002464607,0.00010524167737457901,2.5087601140209395e-06,2.476878989909892e-06,2.535064368203166e-06,2.455236426612828e-06,2.455236426612828e-06,2.5350644e-06,2.5487534e-06,0.9534338760473919
S00023,42115,3,4.686729431152344,0.0,0.0010303577,0.0059262603,0.00022565843876994526,2.9020875444984995e-05,2.910968153931511e-05,2.976531868625898e-05,2.888822928071022e-05,2.888822928071022e-05,2.9765319e-05,2.9765319e-05,0.7720986839120074
S00034,37083,1,4.461912155151367,0.0,0.016600575,0.0017457663,0.0013838969559098284,0.0015686357316250603,0.0015838639034579198,0.0019145291298627853,0.0018974686972796917,0.0018974686972796917,0.0019145291,0.0019145291,-0.0625695954172392
S00034,10001,1,3.848722219467163,0.0,5.9319493e-05,0.002991558,0.00023736918713742247,4.056627858517459e-06,3.0694394960543527e-06,5.584063700325714e-08,2.364482156735903e-07,2.364482156735903e-07,5.5840637e-08,5.5840637e-08,0.9663944151242843
S00034,13273,1,2.5744707584381104,0.0,0.42002857,0.14309222,0.12211339920759201,0.10996052622795105,0.08246288448572159,0.2902566194534302,0.2898339629173279,0.2898339629173279,0.29025662,0.29025662,0.05236638694688834
S00034,13297,1,3.136200428009033,9.832455e-06,0.0011208544,0.008147806,0.0008488776511512697,3.435280935567183e-05,2.9872899782882694e-05,1.957737549673766e-05,1.8763290427159518e-05,1.8763290427159518e-05,1.9577375e-05,1.9599322e-05,0.9222109949968106
S00034,13255,1,3.718639850616455,0.0,0.00047977388,0.009649796,0.0012003762337068717,3.191432127399215e-05,3.049720180570148e-05,4.624616849469021e-06,4.424005965120159e-06,4.424005965120159e-06,4.624617e-06,4.624617e-06,0.9482032526420076
S00034,13159,1,3.698871612548828,3.73413e-05,0.013748599,0.012261975,0.001380477372246484,0.0017639351620649297,0.0017821828369051218,0.0019017362501472235,0.001890531275421381,0.001890531275421381,0.0019017363,0.001902762,-0.12194894455934296
S00034,13269,1,3.004054307937622,0.0,0.029215587,0.04618194,0.002802337519824505,0.0014283621373275917,0.0016328629959995549,0.0029365085065364838,0.002908639144152403,0.002908639144152403,0.0029365085,0.0029365085,0.3247631583050751
S00034,13045,1,3.1269590854644775,8.597269e-05,0.0006496312,0.003635903,0.00022013154618131617,2.9807329156028572e-06,2.8339678692645975e-06,3.287520939920796e-06,3.039635430468479e-06,3.039635430468479e-06,3.287521e-06,3.3918307e-06,0.9732804225059434
S00034,37127,1,4.24516487121582,4.4954327e-06,0.018802553,0.009433304,0.0008898875288044413,0.0008306682575494051,0.0008151382013844947,0.0017121076816692948,0.0016928126569837332,0.0016928126569837332,0.0017121077,0.0017122768,0.03441868710373643
S00034,51083,1,2.481752395629883,0.0,0.09985757,0.0736568,0.005838527033726375,0.003543877430881063,0.002349544665776193,0.016504142433404922,0.01639721542596817,0.01639721542596817,0.016504142,0.016504142,0.2445694610055718
S00034,24017,1,4.76232385635376,0.0,0.0005973655,0.0006429673,0.00013682756980415434,5.315542087676779e-06,3.176138534399797e-06,1.7595763210920268e-06,1.3984905535835424e-06,1.3984905535835424e-06,1.7595763e-06,1.7595763e-06,0.9252085870791708
S00034,13093,1,3.5774881839752197,3.0936764e-05,0.11003455,0.14060202,0.004206039477139711,0.011574016573528448,0.013553876895457506,0.028458327054977417,0.02835482358932495,0.02835482358932495,0.028458327,0.028465135,-0.46691704216581426
S00034,13247,1,3.5360701084136963,0.0,0.00027058768,0.017058564,0.0019302234674493473,0.0001446563461892462,0.0002194849936737834,1.0243393262499012e-06,1.019472279040201e-06,1.019472279040201e-06,1.0243393e-06,1.0243393e-06,0.8605641201592578
S00034,37105,1,4.294734954833984,0.0,0.009587813,0.06257126,0.012618085990349451,0.005830805903921525,0.007079575792886317,0.0005154015379957855,0.0005059358663856983,0.0005059358663856983,0.00051540154,0.00051540154,0.36789635525674114
S00034,25019,1,2.606745958328247,0.0,1.0764912e-05,0.024028966,0.0014404964943726857,0.005994399485643953,0.005524442414753139,1.6687199178022638e-08,2.475588587458333e-07,2.475588587458333e-07,1.66872e-08,1.66872e-08,-0.6125039278977346
S00034,13259,1,2.6158015727996826,0.0,0.32043445,0.22526261,0.036630064249038696,0.05413112665216128,0.09281304354468982,0.22542652487754822,0.2251196652650833,0.2251196652650833,0.22542652,0.22542652,-0.19282539408472216
S00034,12091,1,4.419559001922607,0.000611138,0.0028168897,0.038949274,0.006726379816730817,0.003966983795786898,0.006144690589280799,8.071775664575398e-05,8.088822505669668e-05,8.088822505669668e-05,8.071776e-05,8.378728e-05,0.2580475256367186
S00034,34021,1,7.055685043334961,0.0,0.00032521173,0.0046389373,0.00011454447424815346,2.1892824785633516e-06,1.6630200055563666e-06,1.3878766367270146e-06,1.303692329202022e-06,1.303692329202022e-06,1.3878766e-06,1.3878766e-06,0.9624910130547988
S00034,51143,1,2.750614643096924,0.0,0.019500822,0.02853155,0.0007087727814602355,0.0010764972345593076,0.0002845752217884486,0.001006962382234633,0.0009866394102573395,0.0009866394102573395,0.0010069624,0.0010069624,-0.20597693895008354
S00034,45023,1,4.681884288787842,9.250503e-05,0.00088881445,0.020391662,0.0036174831135819354,0.00030080518748339574,0.00016644644832316166,1.0131695489690173e-05,9.667449376138393e-06,9.667449376138393e-06,1.01316955e-05,1.0287578e-05,0.8464609215194242
S00034,51145,1,1.9557169675827026,0.0,0.13861659,0.0681714,0.016573621580998104,0.013835479350139698,0.012100632612903913,0.047443460673093796,0.04729633033275604,0.04729633033275604,0.04744346,0.04744346,0.09004351154803952
S00034,45011,1,3.515684127807617,0.0,0.0063596508,0.08913194,0.01127338781952858,0.02904844656586647,0.04150671263535818,0.00034613171010278165,0.0003402636502869427,0.0003402636502869427,0.0003461317,0.0003461317,-0.44082961544964294
S00034,37149,1,4.905799388885498,0.0,0.014107646,0.018905107,0.0014841311300794284,0.0012762823219721515,0.0013917406322434545,0.0017448986181989312,0.0017310301773250103,0.0017310301773250103,0.0017448986,0.0017448986,0.07529625967907112
S00034,45079,1,3.9601917266845703,0.00025529607,0.0017941052,0.049624763,0.008496745644758144,0.008501028331617514,0.007240312950064738,4.129686931264587e-05,4.0576527680968866e-05,4.0576527680968866e-05,4.129687e-05,4.2147745e-05,-0.0002519557481657049
S00034,51071,1,5.483852863311768,0.0,0.010176339,-0.0012751392,0.0004804231187639137,0.0003866282446930806,0.00039458008056196075,0.00040630530565977097,0.000396591960452497,0.000396591960452497,0.0004063053,0.0004063053,0.10817683706403088
S00034,51117,1,2.646047592163086,5.6341203e-05,0.057156436,0.04608514,0.0029985979199409485,0.004244810726959258,0.001488178939325735,0.007510751485824585,0.007456374820321798,0.007456374820321798,0.0075107515,0.007517189,-0.1720478393210112
S00034,45045,1,5.576911926269531,3.3118176e-06,0.0014994541,0.0041405885,0.00020088695843393603,1.5450853121971402e-05,1.7063777098276962e-05,2.2683800125378184e-05,2.147971281374339e-05,2.147971281374339e-05,2.26838e-05,2.2693719e-05,0.8571599387934228
S00034,51085,1,2.2919042110443115,5.3022268e-05,0.05491717,0.025523812,0.0038035395555198193,0.0032850096079831323,0.004028128149608771,0.008784853853285313,0.00873237382620573,0.00873237382620573,0.008784854,0.008790674,0.07315036343494086
S00034,13077,1,3.4386861324310303,7.3629026e-06,0.0003677361,0.0056316513,0.0006822922053591659,1.6092662463051965e-05,9.543023300769468e-06,1.5502478163398337e-06,1.4878911542837159e-06,1.4878911542837159e-06,1.5502478e-06,1.5556088e-06,0.9539146301573402
S00034,51061,1,6.006879806518555,0.0,0.0010245428,-0.0005457594,5.4273362669240065e-05,9.44992946945907e-06,9.654297476420956e-06,1.1005991837009788e-05,1.0179819582845084e-05,1.0179819582845084e-05,1.1005992e-05,1.1005992e-05,0.7034073679404228
S00034,51119,1,3.007864475250244,0.0,0.17131513,0.021281444,0.046123130867878594,0.04206683486700058,0.03830252215266228,0.06076149269938469,0.06057724729180336,0.06057724729180336,0.060761493,0.060761493,0.04599498329631108
S00034,51740,1,4.5106520652771,0.0,0.046070375,0.0100657465,0.006063752031574647,0.007767329613367717,0.007797228172421455,0.008202286437153816,0.00815344974398613,0.00815344974398613,0.008202286,0.008202286,-0.12317023538184521
S00034,13013,1,2.806607961654663,0.0,0.0004740229,0.01026353,0.0007098641168947021,7.894967469231536e-05,8.864466872182675e-05,9.544994099996984e-06,9.352391316497233e-06,9.352391316497233e-06,9.544994e-06,9.544994e-06,0.799826839909895
S00034,13021,1,4.0385332107543945,0.00014293705,0.016100183,0.005788616,0.0004681351128965616,0.0008881393393191198,0.000929803141237547,0.0015193537110462785,0.0015084599144756794,0.0015084599144756794,0.0015193537,0.0015239359,-0.3096749523936082
S00034,34029,1,3.981910467147827,0.000102192884,0.00019175693,-0.0017876549,0.00019245555449742824,4.619983087650326e-06,1.9351123228261713e-06,3.373473873580224e-07,4.167014822087367e-07,4.167014822087367e-07,3.373474e-07,3.6609637e-07,0.9531145961161633
S00034,45075,1,3.6656265258789062,0.0,0.0022906607,0.039094225,0.0026134505363491676,0.008038410761704048,0.008936301649858555,6.956028664717451e-05,6.761417898815125e-05,6.761417898815125e-05,6.956029e-05,6.956029e-05,-0.5092969269461264
S00034,13205,1,3.3561556339263916,0.0,0.15125948,0.21844076,0.035429702450831733,0.04455310230453809,0.07092653587460518,0.03008226864039898,0.029927823692560196,0.029927823692560196,0.030082269,0.030082269,-0.1140670157993408
S00034,13249,1,2.755986452102661,0.00466805,0.13834848,0.15673833,0.02125176104406516,0.024579595153530438,0.04162203458448251,0.05755658820271492,0.05849990248680115,0.05849990248680115,0.05755659,0.05882643,-0.07261042189364371
S00034,45069,1,4.164089202880859,1.2943308e-05,0.0014333815,0.044270027,0.007003965321928263,0.005328230404605468,0.004489044658839703,5.6769666116451845e-05,5.564592720475048e-05,5.564592720475048e-05,5.6769666e-05,5.6806603e-05,0.1358829323246398
S00034,37019,1,4.3478569984436035,1.3245946e-06,0.00061846606,0.009161281,0.000392412922034661,0.0006259195118521651,0.0003351614868734032,5.866288120159879e-06,5.52892061023158e-06,5.52892061023158e-06,5.866288e-06,5.8679243e-06,-0.22930290939103606
S00034,12131,1,3.842656373977661,6.760137e-06,0.037829373,0.11855901,0.011103501543402672,0.03288512056072553,0.042308339616283774,0.007012221496552229,0.0069801583886146545,0.0069801583886146545,0.0070122215,0.007012734,-0.4951648398024888
S00034,51193,1,3.643216609954834,0.0,0.020698173,0.0076662414,0.0006324127704525987,0.0005226403494210293,0.0005404830056553086,0.0011870741145685315,0.0011652343673631549,0.0011652343673631549,0.0011870741,0.0011870741,0.0950366863158461
S00034,12075,1,5.837136268615723,0.0,0.00016208774,0.0010930235,7.85713115571222e-05,1.9852817179829194e-06,1.7154482444918055e-06,7.4266608862672e-07,8.208220947381051e-07,8.208220947381051e-07,7.426661e-07,7.426661e-07,0.9507108819459862
S00034,37191,1,4.441608428955078,0.0,0.00048234055,0.007395299,0.0002022860644501634,6.280362140387297e-05,4.057030128024053e-05,2.4542139271943597e-06,2.1838629891135497e-06,2.1838629891135497e-06,2.454214e-06,2.454214e-06,0.5261707659312412
S00034,51003,1,4.862616539001465,2.6033531e-05,0.0014218206,-0.0014051676,0.00013162596830322096,5.168062519563439e-06,5.832372911148316e-06,8.22349829832092e-06,7.0486294134752825e-06,7.0486294134752825e-06,8.223498e-06,8.296851e-06,0.9244402334154678
S00034,37051,1,4.224109649658203,8.3350005e-06,0.0014495607,0.023157977,0.0026802309633543095,0.0010869171237573028,0.0010817529109772295,1.1797491424658801e-05,1.059708847606089e-05,1.059708847606089e-05,1.1797491e-05,1.1821587e-05,0.42294961672681397
S00034,13025,1,4.929197311401367,0.00032532532,0.0008565933,0.0046973866,0.00024933070623471093,2.7318363208905794e-05,2.9682623789994977e-05,2.6918307412415743e-05,2.6794103177962825e-05,2.6794103177962825e-05,2.6918307e-05,2.7369817e-05,0.8025052947848538
S00034,37145,1,2.876413583755493,0.0,0.08133139,0.08629622,0.005194925082226594,0.009233080937216679,0.004976240956845383,0.022385351359844208,0.02230004407465458,0.02230004407465458,0.022385351,0.022385351,-0.27988315568681077
S00034,45019,1,4.1225905418396,1.8715855e-05,0.0011008688,0.005019888,0.00045744878783201176,0.00016868680055874088,8.790166005686235e-05,8.895241990103386e-06,8.188716492441017e-06,8.188716492441017e-06,8.895242e-06,8.936098e-06,0.4611812403371377
S00034,51019,1,3.6059744358062744,8.19521e-05,0.015785703,0.00086339365,0.0008415887714363635,0.0010696702326337497,0.0011172556163122256,0.0012194181326776743,0.0012057522544637322,0.0012057522544637322,0.0012194181,0.0012219986,-0.1193357157306657
S00034,37125,1,4.38922119140625,0.00038345985,0.016524626,0.041625295,0.0036356085911393166,0.0014780038424457114,0.0015518555010203272,0.0011981579009443521,0.0011930791661143303,0.0011930791661143303,0.0011981579,0.001210684,0.42193356980340435
S00034,51700,1,4.234067916870117,4.1416686e-05,0.0656709,0.012961662,0.009589200218518576,0.01206712486843268,0.012299396408100923,0.0148850716650486,0.014820577576756477,0.014820577576756477,0.014885072,0.014890509,-0.11442036633478256
S00034,51103,1,2.4359915256500244,0.0,0.12683101,0.038763702,0.026978612566987675,0.022835714432100456,0.018295956154664356,0.048778679221868515,0.04864349588751793,0.04864349588751793,0.04877868,0.04877868,0.08316679928172181
S00034,51033,1,2.921175956726074,0.0,0.0028627166,0.011216208,0.0004383939376566559,0.0003289722153567709,0.00010716299584601074,5.814153701066971e-05,5.541039354284294e-05,5.541039354284294e-05,5.8141537e-05,5.8141537e-05,0.14259388672563778
S00034,54025,1,6.4452900886535645,0.0001379025,0.00080307457,0.0017901006,0.00011167846969328821,2.3563265282670423e-06,2.157531829046396e-06,2.20099195757939e-06,1.8552034362073755e-06,1.8552034362073755e-06,2.200992e-06,2.4034666e-06,0.9586735521728122
S00034,25023,1,5.684737205505371,0.0,0.00022715799,-0.00390628,0.00027023957287989714,4.403680122777587e-06,3.43110377798439e-06,2.751610281848116e-06,2.754637534962967e-06,2.754637534962967e-06,2.7516103e-06,2.7516103e-06,0.9679316344047622
S00034,51760,1,2.016070604324341,0.0,0.0072633293,0.040402323,0.002181601904643079,0.006363063779038687,0.007421401174118121,0.00011192564852535725,0.00010436002048663795,0.00010436002048663795,0.00011192565,0.00011192565,-0.4893651816455715
S00034,45087,1,5.136929988861084,0.0,0.00039624263,0.015174683,0.0020271492345879474,0.00016314915410475805,8.721303796240439e-05,5.660992428602185e-06,5.530744601855986e-06,5.530744601855986e-06,5.6609924e-06,5.6609924e-06,0.8510256365552689
S00034,37001,1,3.7662851810455322,8.33176e-06,0.093402185,0.032151878,0.010010509130855402,0.006659490987658501,0.007488478285570939,0.019247151911258698,0.019149478524923325,0.019149478524923325,0.019247152,0.01924871,0.20102088298579074
S00034,37035,1,4.730112552642822,1.6997166e-05,0.0022103202,0.008041525,0.0006527658842969686,2.2513579248576814e-05,2.6298586817574687e-05,1.807328953873366e-05,1.6103418602142483e-05,1.6103418602142483e-05,1.807329e-05,1.8148137e-05,0.9333207050889137
S00034,34011,1,3.94693922996521,0.0,0.00052196183,-0.002428101,0.00021146462192215645,7.519177718980548e-06,5.620621929362339e-06,4.107979748368962e-06,3.798645366259734e-06,3.798645366259734e-06,4.1079797e-06,4.1079797e-06,0.9313266302685156
S00034,51135,1,1.837255597114563,0.0,0.30384243,0.0803709,0.11559156080087025,0.06720114250977834,0.06417471418778102,0.16412131488323212,0.1637948900461197,0.1637948900461197,0.16412131,0.16412131,0.26472839131250453
S00034,37095,1,3.9311487674713135,0.0,0.022387477,0.018268751,0.004550541440645854,0.005844383190075557,0.005829738763471444,0.006753260735422373,0.006730557419359684,0.006730557419359684,0.0067532607,0.0067532607,-0.12446860322641029
S00034,37197,1,3.399998188018799,0.0,0.0115807615,0.01158013,0.0002791942630816872,0.0004894795905177792,0.0005565481454444429,0.0009743263944983482,0.0009627664112485945,0.0009627664112485945,0.0009743264,0.0009743264,-0.2735689869655246
S00034,51570,1,2.159886598587036,0.0,0.030312173,0.026590303,0.0013976044331987698,0.0019210111737872164,0.001747136275904874,0.0037524502258747816,0.00372061925008893,0.00372061925008893,0.0037524502,0.0037524502,-0.15771839904767157
S00034,24047,1,4.00051212310791,0.0,0.0011206984,0.010264188,0.0006948042234095434,0.0003157865915757914,0.0002824657373518373,2.8125554308644496e-05,2.7219341063755564e-05,2.7219341063755564e-05,2.8125554e-05,2.8125554e-05,0.37504559334358495
S00034,51191,1,6.128035068511963,0.0,0.0021613063,-0.0021508674,0.00017449855173860365,5.086766274568314e-05,5.095480567736862e-05,5.236843571765348e-05,5.0608454330358654e-05,5.0608454330358654e-05,5.2368436e-05,5.2368436e-05,0.5485777416807098
S00034,37059,1,3.0924274921417236,2.4492196e-05,0.035972517,0.023151886,0.0007482137880288064,0.0014541935136852164,0.0015968091320246458,0.004627814516425133,0.004592346027493477,0.004592346027493477,0.0046278145,0.004629575,-0.3205491214576802
S00034,51089,1,3.0531890392303467,0.0,0.052584875,0.0465423,0.0014599353695909183,0.0012902266268307965,0.0028480018954724073,0.007471758406609297,0.007416735868901014,0.007416735868901014,0.0074717584,0.0074717584,0.061708634975297064
S00034,13089,1,3.891108989715576,4.148907e-05,0.00062800717,0.013809966,0.0010966950988707442,3.574821069681396e-05,4.9984701642339736e-05,3.181189867973444e-06,2.874703795896494e-06,2.874703795896494e-06,3.1811899e-06,3.2315795e-06,0.9368653417000363
S00034,45077,1,5.390801906585693,4.3362124e-06,0.0009841045,0.0017210039,0.00023324716312345117,1.1681755798538992e-05,1.1769147022278048e-05,1.10980290628504e-05,1.0426526387163904e-05,1.0426526387163904e-05,1.1098029e-05,1.1106542e-05,0.904611053280649
S00034,34009,1,2.7840750217437744,0.0,0.0002128746,0.010041192,0.0005622041741541276,0.00035894055811998743,0.00025993473779332515,8.353890166290512e-07,8.559501338822884e-07,8.559501338822884e-07,8.35389e-07,8.35389e-07,0.22066414637396287
S00034,12059,1,4.446120738983154,0.0,0.27826574,0.068212315,0.09165927271048228,0.07605886459350586,0.08167937646309535,0.10456977784633636,0.10427787899971008,0.10427787899971008,0.10456978,0.10456978,0.09301562948258109
S00034,13319,1,4.548471927642822,0.00035178236,0.027753348,0.018554173,0.00038326383219100535,0.0022823313095917306,0.002224560438965758,0.0036803504917770624,0.0036708361003547907,0.0036708361003547907,0.0036803505,0.0036997525,-0.7124365765952886
S00034,51087,1,2.146347761154175,0.00025394408,0.074207395,0.04779326,0.006373236266275247,0.0042994637818386154,0.0053920194040983915,0.017033543437719345,0.016991237178444862,0.016991237178444862,0.017033543,0.017071169,0.19430626505830825
S00034,13099,1,3.2111892700195312,0.0,0.061721247,0.16501495,0.02868675875167052,0.06008126959204674,0.075387142598629,0.004551953636109829,0.004488179460167885,0.004488179460167885,0.0045519536,0.0045519536,-0.3536691241897818
S00034,51125,1,4.405941009521484,0.0,0.006688118,0.0005929928,0.00020730246130066612,0.00020705264857194075,0.0002143284558163335,0.0002299986663274467,0.00022332875232677907,0.00022332875232677907,0.00022999867,0.00022999867,0.0006028952528235466
S00034,51031,1,3.255819082260132,0.0,0.020319449,0.010854801,0.0008252967575875422,0.0007461418669360379,0.000998396329426517,0.001636209082789719,0.001615204382687807,0.001615204382687807,0.0016362091,0.0016362091,0.05037097180648847
S00034,51075,1,2.3508191108703613,0.0,0.055094182,0.032308664,0.004722062187890212,0.005636676059414943,0.006254378706216812,0.013479797169566154,0.01342223584651947,0.01342223584651947,0.013479797,0.013479797,-0.08829394562244772
S00034,13175,1,4.072823524475098,0.0043908698,0.08171822,0.090930164,0.002336231991648674,0.002839322512348493,0.003270113995919625,0.017370468005537987,0.017921051010489464,0.017921051010489464,0.017370468,0.018068815,-0.09720514397274221
S00034,37097,1,3.447244644165039,7.994499e-06,0.009397354,0.023370478,0.0012427613449593384,0.0004122397125077744,0.0009323733878166726,0.0004346603527665138,0.00042552369995974004,0.00042552369995974004,0.00043466035,0.00043481062,0.5018254391466259
S00034,13097,1,3.488248109817505,1.3013378e-05,0.0004480955,0.013107689,0.0007452260470017791,9.650964299604918e-05,6.103570012783166e-05,1.6214071365538985e-06,1.4921711226634216e-06,1.4921711226634216e-06,1.6214071e-06,1.6329001e-06,0.770688960577879
S00034,37009,1,5.215599536895752,0.0,3.480951e-05,-0.0010409269,0.00016393244974703217,6.632024422970062e-07,4.803064257430378e-07,3.100866052818674e-08,2.4047378133218444e-07,2.4047378133218444e-07,3.100866e-08,3.100866e-08,0.9919414342544827
S00034,51175,1,4.606565475463867,0.0,0.012633011,0.0006425924,0.0013709079551820953,0.0012464236933737993,0.0012663355640446146,0.0013584904372692108,0.0013455108273774385,0.0013455108273774385,0.0013584904,0.0013584904,0.04756151627822169
S00034,13053,1,3.3158249855041504,0.0006786563,0.12740746,0.087550834,0.02108121228714784,0.018136740972598393,0.031046631435553234,0.04278874024748802,0.04281456768512726,0.04281456768512726,0.04278874,0.04296121,0.07507967830569287
S00034,51099,1,3.821458578109741,0.0,0.0053192866,0.003923239,0.00027845773244431865,6.0511830573280655e-05,6.816337918280624e-05,0.000117813418910373,0.00011238419392611831,0.00011238419392611831,0.00011781342,0.00011781342,0.6429659935565432
S00034,51095,1,4.2069478034973145,0.0,0.10210766,0.02581337,0.02097895120580991,0.02018013720711072,0.01852514191220204,0.03380674123764038,0.03369806706905365,0.03369806706905365,0.03380674,0.03380674,0.019407961388387435
S00034,37071,1,4.323818683624268,3.7398277e-06,0.0079335375,0.01662294,0.001630395029981931,0.00014628758071921766,0.0003183080577097523,0.00023486923601012677,0.00022696673113387078,0.00022696673113387078,0.00023486924,0.00023492858,0.835325026723274
S00034,12077,1,3.7353389263153076,0.0,0.42873955,0.2144369,0.12096184988816579,0.11002270877361298,0.1071156586209933,0.21498146653175354,0.21453434228897095,0.21453434228897095,0.21498147,0.21498147,0.047358754965826734
S00034,13283,1,3.7906415462493896,0.0,0.01253309,0.15774977,0.03327137107650439,0.05477979655067126,0.08059648176034291,0.00057022157125175,0.0005580918514169753,0.0005580918514169753,0.0005702216,0.0005702216,-0.2442718938746773
S00034,12003,1,10.11058521270752,0.0,0.00020092847,-0.001172625,0.00016235812897017846,2.5668540880966853e-06,3.0181881053673956e-06,2.206459839726449e-06,2.303187784491456e-06,2.303187784491456e-06,2.2064598e-06,2.2064598e-06,0.968872465038366
S00034,54067,1,10.733938217163086,0.0,0.0025318488,-0.0049417205,0.0002709586891190459,7.869236287660897e-05,7.809200421130906e-05,8.090784103842452e-05,7.868969260016456e-05,7.868969260016456e-05,8.090784e-05,8.090784e-05,0.5498805885040673
S00034,51163,1,9.314906120300293,0.0,4.51842e-05,-0.0008728186,0.00013921358004154172,1.3012970043746463e-06,5.042169893461809e-07,4.9569603532972906e-08,2.475361497999984e-07,2.475361497999984e-07,4.9569604e-08,4.9569604e-08,0.9814781604377817
S00034,37177,1,7.149317741394043,0.0,0.00073061645,0.009475287,0.0008697844605194405,0.00011475196515675634,8.024228615492272e-05,9.760125976754352e-06,9.254637916455977e-06,9.254637916455977e-06,9.760126e-06,9.760126e-06,0.7668913771718651
S00034,12057,1,12.136584281921387,2.0395648e-05,9.0485235e-05,0.01420071,0.0011573963517245527,5.033032266510418e-07,6.620133300809054e-07,2.8788235795218498e-08,1.9625504421583173e-07,1.9625504421583173e-07,2.8788236e-08,3.2063262e-08,0.9991306617555349
S00034,45027,1,6.651532173156738,0.004589261,0.002650264,0.039623003,0.0034421897726133466,0.004031802682826917,0.0034310856523613134,0.00013005775690544397,0.00012953674013260752,0.00012953674013260752,0.00013005776,0.00013332196,-0.0788886145830125
S00034,12047,1,7.718501091003418,0.0,0.009462532,0.00766915,0.0004954775892353306,0.0005201416400571665,0.0005364197810801367,0.0006977664306759834,0.0006898296414874494,0.0006898296414874494,0.00069776643,0.00069776643,-0.02428474187025525
S00034,13161,1,6.281848907470703,0.0,0.03399303,0.09603737,0.00900327879935503,0.01864195056259632,0.030969160919388134,0.005392299499362707,0.0053602238185703754,0.0053602238185703754,0.0053922995,0.0053922995,-0.34865587971960094
S00034,13275,1,5.888094425201416,0.0,0.11688295,0.10667275,0.0032912675912181535,0.0033555858535692096,0.0101390415802598,0.022841669619083405,0.022725442424416542,0.022725442424416542,0.02284167,0.02284167,-0.00967649774217546
S00034,25011,1,11.867104530334473,0.0,5.6871772e-06,-0.0049882806,0.000176847301190719,2.3925441989073684e-06,1.7925464514216098e-06,3.3843525759635895e-09,2.390710847066657e-07,2.390710847066657e-07,3.3843526e-09,3.3843526e-09,0.9733034338017139
S00034,12041,1,9.648463249206543,0.0,8.6024065e-06,0.00078859116,9.601880204475795e-05,4.435153802736143e-07,6.790037663980305e-07,1.9469079681755375e-09,2.3802080306722928e-07,2.3802080306722928e-07,1.946908e-09,1.946908e-09,0.9908043805682296
S00034,36027,1,11.414689064025879,0.00024931083,0.00029111,-0.00080474286,6.686020424240269e-05,2.815130301314639e-06,1.9466866660877713e-06,6.857329140075308e-07,7.193028750407393e-07,7.193028750407393e-07,6.857329e-07,7.687309e-07,0.919192916123042
S00034,51091,1,10.295907974243164,0.0,0.0,0.00030974508,0.00015730716161973154,8.516332800449314e-07,5.826848206898679e-07,0.0,2.412281219221768e-07,2.412281219221768e-07,0.0,0.0,0.9892306554234358
S00034,13019,1,6.567324638366699,0.0,0.04464471,0.018788587,0.004175706533715129,0.003297341250193616,0.002948800257096688,0.007949705235660076,0.007907782681286335,0.007907782681286335,0.007949705,0.007949705,0.117537758210625
S00034,36111,1,11.714119911193848,0.0048194183,0.00061022886,-0.006045782,0.0003812593507367031,8.77617382381383e-06,6.95619276787814e-06,2.3276998035726137e-05,5.311217137204949e-06,5.311217137204949e-06,2.3276998e-05,5.932101e-06,0.954998079553381
S00034,37147,1,8.08293342590332,0.0,0.00035714183,-0.00081460405,0.00031163082167040557,2.6406391574103813e-06,1.9884685874179317e-06,1.0807813168867142e-06,9.509080314273888e-07,9.509080314273888e-07,1.0807813e-06,1.0807813e-06,0.9831951705035213
S00034,45035,1,7.564241886138916,9.759417e-06,0.00084113,0.0041782674,0.000630166323389858,5.73408045359732e-05,5.1559434117128454e-05,1.1839159924420528e-05,1.130721557274228e-05,1.130721557274228e-05,1.183916e-05,1.1855485e-05,0.8331921162505846
S00034,13059,1,5.390244483947754,0.0,0.0002744637,0.0058136694,0.0007096277355837325,3.19899111976459e-05,5.844842447307504e-05,1.2849154700234067e-06,1.2620905636140378e-06,1.2620905636140378e-06,1.2849155e-06,1.2849155e-06,0.9137293689369929
S00034,13305,1,7.854578495025635,0.0,0.0013605608,0.0037028485,0.00027906472435764346,1.8860894973234583e-05,2.1110938178026117e-05,2.3677781427977607e-05,2.268207390443422e-05,2.268207390443422e-05,2.3677781e-05,2.3677781e-05,0.8733852092640106
S00034,24031,1,10.481417655944824,1.7688819e-05,0.00026824404,-0.0017917897,0.00012860982193766782,1.2625494036910823e-06,8.900960134875883e-07,4.53867755823012e-07,4.61941652929454e-07,4.61941652929454e-07,4.5386776e-07,4.6304467e-07,0.9805570747549904
S00034,13173,1,6.931536674499512,0.0,0.004763974,0.012374669,0.0008731263127022734,0.00015037507788899043,0.00012989133150161555,0.00018419102707412094,0.00018022398580797017,0.00018022398580797017,0.00018419103,0.00018419103,0.706155596325823
S00034,42107,1,10.988958358764648,2.6776272e-05,0.00033291368,0.0025039192,6.297953132161638e-05,6.233930056017319e-06,3.912073376947471e-06,3.213496938769822e-06,3.1409219900524477e-06,3.1409219900524477e-06,3.213497e-06,3.2306086e-06,0.819863652765333
S00034,13043,1,5.997435569763184,0.0017940718,0.06030129,0.082375005,0.004808729359259208,0.011537397280335426,0.021159646411736805,0.02154139056801796,0.02166745252907276,0.02166745252907276,0.02154139,0.021754542,-0.41163684030060116
S00034,13003,1,7.3631486892700195,0.0,0.016918669,0.02245475,0.0022991891019046307,0.0016056082677096128,0.0015582363509262602,0.0020494861528277397,0.002033788478001952,0.002033788478001952,0.0020494862,0.0020494862,0.17762274672489264
S00034,34031,1,11.162171363830566,2.0206822e-05,0.00018412311,-0.006228555,0.0002267280506202951,2.2559916412016414e-06,1.1792525166735384e-06,3.8502042798427283e-07,4.4273434696151526e-07,4.4273434696151526e-07,3.8502043e-07,3.9205318e-07,0.980295643146824
S00034,42067,1,4.516208171844482,0.0,9.1085814e-05,0.003906939,0.00017102910593772927,7.502427877170703e-06,1.8405158925816067e-06,5.501867121893156e-07,6.997584591772466e-07,6.997584591772466e-07,5.501867e-07,5.501867e-07,0.9159540310122563
S00034,42051,1,3.8587257862091064,7.117843e-05,0.00014522376,-0.0021672575,7.559726266966511e-05,7.150949367466334e-07,4.2144378653574677e-07,8.624613201391185e-08,2.1621625023726665e-07,2.1621625023726665e-07,8.624613e-08,1.0185337e-07,0.9812587381866825
S00034,13187,1,1.982735514640808,0.0,0.0010535374,-0.0026816279,0.00034053402972252417,5.569589787531489e-05,2.7219212825002614e-05,1.2134249118389562e-05,1.142739893111866e-05,1.142739893111866e-05,1.2134249e-05,1.2134249e-05,0.7188708171895362
S00034,51043,1,4.140212535858154,0.0,0.0007466883,0.0023122563,0.00012795673380120812,6.304726260471701e-06,6.4165636407172615e-06,6.897232651681406e-06,6.3499974203296006e-06,6.3499974203296006e-06,6.8972327e-06,6.8972327e-06,0.9060828586613715
S00034,54039,1,4.606341361999512,3.979268e-05,0.001453279,-0.0036196185,0.00018009957178340605,1.014707868307596e-05,1.0136091987078544e-05,1.1897140211658552e-05,1.0801323696796317e-05,1.0801323696796317e-05,1.189714e-05,1.2011215e-05,0.8933271239394179
S00034,54005,1,5.0600786209106445,0.0,0.0012125294,-0.00758515,0.0004677418279849614,7.877501351079749e-06,7.824004872721465e-06,9.213495104631875e-06,8.193866051442456e-06,8.193866051442456e-06,9.213495e-06,9.213495e-06,0.96687476363891
S00034,12069,1,4.190218925476074,7.9217105e-05,0.00019408298,0.002895954,5.756372896333536e-05,9.138472402507128e-07,8.255236328598888e-07,5.488872147907387e-07,6.530526661663316e-07,6.530526661663316e-07,5.488872e-07,5.733612e-07,0.9687453790126592
S00034,42075,1,4.43438720703125,1.569908e-05,9.435801e-05,-0.0020541353,8.826448659723003e-05,1.0687669297719065e-06,4.879414348124556e-07,6.90052672780439e-08,2.159166996307249e-07,2.159166996307249e-07,6.900527e-08,7.172147e-08,0.9760723607934225
S00034,54035,1,4.340025901794434,0.0,0.0042382535,-0.0064249136,0.0006155011166507999,0.000248001393629238,0.0002483069062388192,0.0002545827883295715,0.0002508091274648905,0.0002508091274648905,0.0002545828,0.0002545828,0.4255919567649896
S00034,51069,1,4.2739057540893555,3.2744658e-05,8.2771214e-05,-0.0042486186,0.00037823838647454977,9.299228670064016e-07,7.732201368071401e-07,1.8954041536289878e-07,3.688664946821518e-07,3.688664946821518e-07,1.8954042e-07,1.9388887e-07,0.9950949336002197
S00034,13115,1,3.1252455711364746,3.761823e-05,0.0005685652,-0.00047915633,7.59989222084793e-05,3.850849301064348e-06,3.848874712275574e-06,3.9395372368744574e-06,3.66389099326625e-06,3.66389099326625e-06,3.9395372e-06,3.980899e-06,0.9035476438250274
S00034,54027,1,4.686119556427002,0.0,0.0014998862,0.00044258474,0.0002290276218748962,0.00010305191244697198,0.00010194779315497726,0.00010318811109755188,0.00010188650048803538,0.00010188650048803538,0.00010318811,0.00010318811,0.37935402940496243
S00034,13047,1,5.271569728851318,1.6367148e-05,0.000107636726,0.00078785437,3.871596588093477e-05,3.9341111346402613e-07,6.672093775250687e-07,2.1755678858426108e-07,3.61476139687511e-07,3.61476139687511e-07,2.1755679e-07,2.208123e-07,0.9798814942247548
S00034,54091,1,3.7576210498809814,0.0,0.00035000732,-0.0047663176,0.00019323721547455838,3.81525880281212e-06,3.7962245945285153e-06,3.7394665923784487e-06,3.605415713536786e-06,3.605415713536786e-06,3.7394666e-06,3.7394666e-06,0.9612767226922331
S00034,37043,1,2.139497995376587,0.0,0.0,-0.007859179,0.00046306416819182533,2.3603337524491508e-06,5.909084184925936e-07,0.0,2.412281219221768e-07,2.412281219221768e-07,0.0,0.0,0.9898572862297148
S00034,24001,1,3.956165313720703,0.00010728175,0.00047592307,-0.0018750532,0.00017579636066026674,6.618310332366188e-06,5.277515356283402e-06,3.0711480576428585e-06,2.923949978139717e-06,2.923949978139717e-06,3.071148e-06,3.1617542e-06,0.9274366442528795
S00034,12027,1,5.423333644866943,0.0,0.00019502215,-0.00028025254,5.3379623447350845e-05,6.830590943233498e-07,6.628454608896087e-07,3.790471225784131e-07,4.3528174842322187e-07,4.3528174842322187e-07,3.7904712e-07,3.7904712e-07,0.9747308471496281
S00034,54007,1,4.084494113922119,0.0,0.0023181662,-0.0060022585,0.0003408574460384746,3.4686137951212004e-05,3.484767997482171e-05,3.849355925922282e-05,3.648572601377964e-05,3.648572601377964e-05,3.849356e-05,3.849356e-05,0.8152750336846943
S00034,13311,1,1.8887192010879517,0.0,0.0021615303,0.0015023238,0.00023128306687188646,6.187863740099904e-05,5.242976597704304e-05,4.6980901970528066e-05,4.520596485235728e-05,4.520596485235728e-05,4.6980902e-05,4.6980902e-05,0.5778532018397589
S00034,13085,1,2.102003335952759,0.0,0.00026024462,0.0005425065,0.00013322978338692337,2.244505776616279e-05,1.3364487434349334e-05,7.399191304102715e-07,7.418759651045548e-07,7.418759651045548e-07,7.3991913e-07,7.3991913e-07,0.7116418093005669
S00034,54079,1,4.47030782699585,0.00014025737,0.000746213,-0.0040652715,0.0002004574089369271,2.1525985024103043e-06,2.048335621414784e-06,2.2045978766982444e-06,1.9198162135580787e-06,1.9198162135580787e-06,2.2045979e-06,2.3942493e-06,0.9787513111556959
S00034,51195,1,4.8432698249816895,0.0,0.00088079955,-0.00038357542,6.134434443083592e-05,1.8582004486233927e-05,1.8466550197141867e-05,1.882891774585005e-05,1.834327485994436e-05,1.834327485994436e-05,1.8828918e-05,1.8828918e-05,0.5350218110046717
S00034,13195,1,2.602991819381714,0.0,0.0003222639,0.0042403885,0.0005660490520919362,1.0437395758344792e-05,9.523211398724621e-06,2.867990815502708e-06,2.8107256184739526e-06,2.8107256184739526e-06,2.8679908e-06,2.8679908e-06,0.9637896231654157
S00034,54003,1,4.560087203979492,0.0,8.367565e-05,-0.0015641241,0.00019959991307890354,1.483133606446548e-06,1.2854234607099595e-06,6.273202757256513e-08,2.1545025674640783e-07,2.1545025674640783e-07,6.273203e-08,6.273203e-08,0.9852485464996228
S00034,54087,1,4.230075359344482,0.0,0.00089687575,-0.006365372,0.0002949022794685637,6.693411554200186e-06,6.42328783821237e-06,5.949570550001226e-06,5.679666173818987e-06,5.679666173818987e-06,5.9495706e-06,5.9495706e-06,0.9556133475813157
S00037,12071,4,1.0,5.9829545e-06,0.12034959,0.06622403,0.030549969524145126,0.003076756741696348,0.01042695219318072,0.030549969524145126,0.030438771471381187,0.030438771471381187,0.03054997,0.030551413,0.8170052762571917
S00037,12015,4,1.0,9.0835765e-06,0.18889356,0.10696101,0.06868112087249756,0.006249935055772464,0.02180891390889883,0.06868112087249756,0.06850733608007431,0.06850733608007431,0.06868112,0.06868455,0.8331817167569239
S00037,12097,4,1.0,2.5075728e-06,0.035131913,0.019317606,0.004316268023103476,0.0015870004620713492,0.002226215942452351,0.004316268023103476,0.004284804221242666,0.004284804221242666,0.004316268,0.004316444,0.46233159950056035
S00037,12053,4,1.0,0.0,0.17139395,0.07011787,0.05576396733522415,0.006569022312760353,0.011834466209014257,0.05576396733522415,0.05560358241200447,0.05560358241200447,0.055763967,0.055763967,0.7892280684800185
S00037,12103,4,1.0,0.001435476,0.46430206,0.12938647,0.29326146841049194,0.10586462169885635,0.09270428369442622,0.29326146841049194,0.294001042842865,0.294001042842865,0.29326147,0.29459238,0.469517907637395
S00037,12115,4,1.0,3.308448e-05,0.27353823,0.07772923,0.11769894510507584,0.03224849064523975,0.032427764808138214,0.11769894510507584,0.11745354533195496,0.11745354533195496,0.117698945,0.11771704,0.5698693947799388
S00037,12011,4,1.0,1.8227982e-05,0.0005765754,0.0011687255,9.471741577726789e-07,9.498565911295978e-06,1.6326728503675742e-05,9.471741577726789e-07,6.988913128225249e-07,6.988913128225249e-07,9.4717416e-07,9.678615e-07,-0.818648721582227
S00037,12093,4,1.0,0.0,0.03478456,0.082158655,0.0024336010683327913,0.034419599920511246,0.039405593260501824,0.0024336010683327913,0.0024019174743443727,0.0024019174743443727,0.002433601,0.002433601,-0.8679300032000219
S00037,12029,4,1.0,0.0,0.0014490773,0.00043139342,1.09741413325537e-05,1.033334501698846e-05,1.0248881456694411e-05,1.09741413325537e-05,9.990992111852393e-06,9.990992111852393e-06,1.0974141e-05,1.0974141e-05,0.030073763983850147
S00037,12105,4,1.0,0.0,0.18585822,0.037808556,0.06417239457368851,0.024818025218943756,0.015539094184835752,0.06417239457368851,0.06399265676736832,0.06399265676736832,0.064172395,0.064172395,0.4422315283650678
S00037,12019,4,1.0,0.0,0.0029533608,0.0007617101,9.655949543230236e-05,7.866578622876356e-05,7.22906236963657e-05,9.655949543230236e-05,9.44226048886776e-05,9.44226048886776e-05,9.6559495e-05,9.6559495e-05,0.10211830755193285
S00037,12061,4,1.0,5.221605e-06,0.16010731,0.03560032,0.03557787463068962,0.013754545400540033,0.017334929667413235,0.03557787463068962,0.03542247787117958,0.03542247787117958,0.035577875,0.035579547,0.4423729712901665
S00037,12051,4,1.0,0.0,0.024237325,0.018201474,0.0028279952239245176,0.0014125622692517936,0.0034689580012733736,0.0028279952239245176,0.0028074246365576982,0.0028074246365576982,0.0028279952,0.0028279952,0.33378463962589033
S00037,12117,4,1.0,0.0,0.090294346,0.03121674,0.018721474334597588,0.005471389119823773,0.0028300792716133096,0.018721474334597588,0.01863391138613224,0.01863391138613224,0.018721474,0.018721474,0.5476856941608662
S00037,12123,4,1.0,0.0,0.0032074733,0.0003666831,3.469049261184409e-05,2.995798665021236e-05,3.1146787781229555e-05,3.469049261184409e-05,3.158658364554867e-05,3.158658364554867e-05,3.4690493e-05,3.4690493e-05,0.07320367030519372
S00037,12049,4,1.0,0.0,0.16305947,0.051387217,0.0623137503862381,0.027282259116570156,0.03389288671314716,0.0623137503862381,0.06216244027018547,0.06216244027018547,0.06231375,0.06231375,0.39099387867904906
S00037,13051,4,1.0,3.071725e-05,0.000230806,0.00020303977,5.067291795057827e-07,5.518408935737776e-07,5.964555687872538e-07,5.067291795057827e-07,5.580299671237299e-07,5.580299671237299e-07,5.067292e-07,5.199651e-07,-0.04261570888430402
S00037,13191,4,1.0,0.0,0.0016668068,0.0003865785,5.364311800803989e-05,5.286901675087089e-05,5.188263579232929e-05,5.364311800803989e-05,5.242336919764057e-05,5.242336919764057e-05,5.3643118e-05,5.3643118e-05,0.007267728310217156
S00037,12086,4,1.0,2.8324683e-05,0.00054121536,0.0010200806,6.26231667411048e-07,5.473927217281016e-06,6.393038271805078e-06,6.26231667411048e-07,4.4233891571821005e-07,4.4233891571821005e-07,6.2623167e-07,6.560888e-07,-0.7946834896440045
S00037,45053,4,1.0,0.0,0.00021830521,0.00021927511,9.901316389004933e-07,1.2219549413809243e-06,1.06037756116469e-06,9.901316389004933e-07,1.0285912139806896e-06,1.0285912139806896e-06,9.901316e-07,9.901316e-07,-0.10479847603927821
S00037,12099,4,1.0,1.1991377e-05,0.0073361,0.00714223,0.00021009804913774133,0.00018016857211478055,0.0015750502207083628,0.00021009804913774133,0.00020413586753420532,0.00020413586753420532,0.00021009805,0.00021027382,0.07668982022317232
S00037,12075,4,1.0,0.0,0.02673823,0.00072077423,0.0031311004422605038,0.003015249657134215,0.002850698928038279,0.0031311004422605038,0.003108656732365489,0.003108656732365489,0.0031311004,0.0031311004,0.018848712366335535
S00037,12087,4,1.0,0.0,7.0037306e-05,0.005613638,7.501327559111814e-08,0.0003805914955184638,0.0008097622532356278,7.501327559111814e-08,2.7342355224391213e-07,2.7342355224391213e-07,7.5013276e-08,7.5013276e-08,-0.999605884553234
S00037,13179,4,1.0,0.0006326635,0.0008380595,0.0005691848,1.4312541907202103e-06,1.7000070708187802e-06,1.6263256081098614e-06,1.4312541907202103e-06,1.4652864592790138e-06,1.4652864592790138e-06,1.4312542e-06,2.0914106e-06,-0.08582895442154193
S00037,12055,4,1.0,0.0,0.25510556,0.020798998,0.1385609656572342,0.0979887197415034,0.0869558850924174,0.1385609656572342,0.1383153200149536,0.1383153200149536,0.13856097,0.13856097,0.17151680353047433
S00037,12017,4,1.0,0.0,0.0967647,0.042547982,0.022943897172808647,0.004878948365027706,0.008663736594220003,0.022943897172808647,0.022855738177895546,0.022855738177895546,0.022943897,0.022943897,0.6492847319737434
S00037,12031,4,1.0,0.0,0.0009992336,0.00037801234,1.3847523405274842e-05,1.3238842257123906e-05,1.7757372006599326e-05,1.3847523405274842e-05,1.3281081010063644e-05,1.3281081010063644e-05,1.3847523e-05,1.3847523e-05,0.022471864839213405
S00037,12119,4,1.0,0.0,0.161324,0.07045078,0.05123910680413246,0.011362504990150532,0.008736161049455404,0.05123910680413246,0.051086317747831345,0.051086317747831345,0.051239107,0.051239107,0.6369900178452531
S00037,12107,4,1.0,0.0,0.060994737,0.026958589,0.011743148788809776,0.004086707020178437,0.0049339608910183115,0.011743148788809776,0.011687152087688446,0.011687152087688446,0.011743149,0.011743149,0.48367097344525406
S00037,12129,4,1.0,0.0,0.0005080865,0.0003196323,9.632362889533397e-07,9.127172499271788e-07,7.993574702898817e-07,9.632362889533397e-07,6.748971941306081e-07,6.748971941306081e-07,9.632363e-07,9.632363e-07,0.026929792225189247
S00037,13029,4,1.0,0.0001651664,0.00033807498,0.00032911933,9.075213256437564e-07,1.0845071756193647e-06,9.403079275216442e-07,9.075213256437564e-07,9.148855610874307e-07,9.148855610874307e-07,9.075213e-07,9.919187e-07,-0.08884704704946927
S00037,12027,4,1.0,0.0,0.077370554,0.064835735,0.012487122789025307,0.006472869931409757,0.015472850141425928,0.012487122789025307,0.012414549477398396,0.012414549477398396,0.012487123,0.012487123,0.3172075509888458
S00037,12043,4,1.0,0.0,0.029374622,0.10510378,0.002220839960500598,0.055099694368739925,0.03966984424429635,0.002220839960500598,0.0021905002649873495,0.0021905002649873495,0.00222084,0.00222084,-0.9225115401840315
S00037,12023,4,1.0,0.0012357935,0.002246136,0.00087919086,5.549492561840452e-05,5.780333716150684e-05,5.68478220278242e-05,5.549492561840452e-05,5.649045851896517e-05,5.649045851896517e-05,5.5494926e-05,5.951926e-05,-0.020374641997702503
S00037,12037,4,1.0,0.0,0.0008388341,0.0005974737,2.7572991712077055e-06,2.0043896711285925e-06,1.930484586409875e-06,2.7572991712077055e-06,2.082276751025347e-06,2.082276751025347e-06,2.7572992e-06,2.7572992e-06,0.15811816458584513
S00037,12057,4,1.0,1.4956809e-05,0.32361698,0.095148176,0.1717020720243454,0.06082592035333315,0.0528687077263991,0.1717020720243454,0.1713898777961731,0.1713898777961731,0.17170207,0.17171176,0.4768292648866295
S00037,12009,4,1.0,2.5218424e-05,0.04013445,0.02318583,0.00374789210036397,0.002619770976404349,0.001732838301298519,0.00374789210036397,0.0037115816958248615,0.0037115816958248615,0.003747892,0.0037499154,0.17716407265256234
S00037,12035,4,1.0,0.0,0.0906844,0.049595434,0.020450077950954437,0.011339549130449692,0.01916945508370797,0.020450077950954437,0.020365068688988686,0.020365068688988686,0.020450078,0.020450078,0.28658809985959544
S00037,12083,4,1.0,0.00026499043,0.07361101,0.028264513,0.013971826992928982,0.0019170970966418583,0.006258972532426317,0.013971826992928982,0.013936960138380527,0.013936960138380527,0.013971827,0.01401077,0.7586876133544875
S00037,13039,4,1.0,0.0,0.00015079712,0.00027432214,1.257815142707841e-06,1.9800654248077385e-06,1.624842639103008e-06,1.257815142707841e-06,1.379110130983463e-06,1.379110130983463e-06,1.2578151e-06,1.2578151e-06,-0.22306266924912518
S00037,12081,4,1.0,4.650568e-05,0.37475094,0.095872976,0.19954368472099304,0.05683650045345227,0.054852633426586785,0.19954368472099304,0.19921129941940308,0.19921129941940308,0.19954368,0.19957854,0.5566232982101968
S00037,12095,4,1.0,5.1758205e-05,0.05916814,0.012312043,0.007863347418606281,0.003751829188937942,0.0015614454556877415,0.007863347418606281,0.007811630144715309,0.007811630144715309,0.007863347,0.00786947,0.3539781071428436
S00037,12111,4,1.0,1.3950504e-05,0.066604346,0.054175273,0.009252246469259262,0.010059374539802471,0.020961522435148556,0.009252246469259262,0.00919315591454506,0.00919315591454506,0.0092522465,0.009254103,-0.04179494151032037
S00037,13127,4,1.0,0.00018308856,0.0005418088,0.00034287653,1.8547169702287647e-06,2.062238309008535e-06,1.9012286808598826e-06,1.8547169702287647e-06,1.772197265381692e-06,1.772197265381692e-06,1.854717e-06,2.0195937e-06,-0.05298026757665162
S00037,12069,4,1.0,4.592296e-06,0.14385849,0.056531154,0.04122934117913246,0.009251328029980263,0.011202464656283459,0.04122934117913246,0.041091885417699814,0.041091885417699814,0.04122934,0.041230664,0.6334704680059898
S00037,12101,4,1.0,0.00013543232,0.20702358,0.077918105,0.07301037013530731,0.01821291074156761,0.015043765616913637,0.07301037013530731,0.07286037504673004,0.07286037504673004,0.07301037,0.073066436,0.6006959941256711
S00037,12109,4,1.0,0.00013356286,0.022485051,0.017733486,0.0021737089846283197,0.002905963638719792,0.008391346491407603,0.0021737089846283197,0.0021584536880254745,0.0021584536880254745,0.002173709,0.0021796974,-0.14415390683363152
S00037,12085,4,1.0,6.951541e-06,0.043137543,0.05433333,0.0033941774163395166,0.009874974571478864,0.016258214716799557,0.0033941774163395166,0.0033543601166456938,0.0033543601166456938,0.0033941774,0.0033947767,-0.48841080131488296
S00037,12127,4,1.0,5.3131434e-06,0.16584198,0.06575556,0.048668283969163895,0.015015313712259134,0.006871306609051923,0.048668283969163895,0.04850605130195618,0.04850605130195618,0.048668284,0.048670046,0.5284401554267337
S00037,12001,4,1.0,0.0,0.0046154223,0.001361181,0.00013286243483889848,9.798138004650052e-05,8.50797732709907e-05,0.00013286243483889848,0.0001292536617256701,0.0001292536617256701,0.00013286243,0.00013286243,0.15110240146444662
S00037,12021,4,1.0,1.475338e-05,0.08737598,0.012828814,0.014424226246774197,0.008838186816622814,0.007035115248678873,0.014424226246774197,0.01434329617768526,0.01434329617768526,0.014424226,0.014426804,0.24013155535187855
S00037,12089,4,1.0,0.00043623097,0.0008305784,0.00039079448,5.114067789691035e-06,5.403351224231301e-06,5.272142364750228e-06,5.114067789691035e-06,5.048547791375313e-06,5.048547791375313e-06,5.114068e-06,5.648418e-06,-0.02750517348004581
S00037,13001,4,1.0,0.32325274,0.16821668,0.18120441,0.03465333208441734,0.02279908147950967,0.01910890405997634,0.03465333208441734,0.019485557451844215,0.019485557451844215,0.034653332,0.038914006,0.20633163812548116
S00037,45003,4,1.0,0.010327413,0.0017999978,0.006063823,8.189838263206184e-05,2.8782858407794265e-06,1.9283057781649404e-06,8.189838263206184e-05,1.2472288517528796e-06,1.2472288517528796e-06,8.189838e-05,1.2421577e-05,0.9320972174861648
S00037,45075,4,1.0,0.0,4.2678806e-05,0.00022393318,2.447897173851743e-08,2.799262013297721e-07,2.902481313071803e-07,2.447897173851743e-08,2.2351304096446256e-07,2.2351304096446256e-07,2.4478972e-08,2.4478972e-08,-0.8391684905234782
S00037,13027,4,1.0,0.00048579063,0.00012418866,0.00072838785,1.74849830614221e-07,8.67782318891841e-07,6.637035312451189e-07,1.74849830614221e-07,2.2487364503831486e-07,2.2487364503831486e-07,1.7484983e-07,5.9516676e-08,-0.6645991959924609
S00037,45019,4,1.0,0.0,2.470721e-05,0.00018706468,7.032530557893324e-09,2.740959586707466e-07,3.41547658007831e-07,7.032530557893324e-09,2.2791040521497052e-07,2.2791040521497052e-07,7.0325306e-09,7.0325306e-09,-0.9499692786228164
S00037,13185,4,1.0,0.04579012,0.015454839,0.026773687,0.0012736411299556494,0.00024988553680789966,0.0002374383572411413,0.0012736411299556494,0.00021632171410601586,0.00021632171410601586,0.0012736411,0.000592264,0.6719643413413494
S00037,45011,4,1.0,2.4510606e-05,8.851052e-06,0.00025618877,8.742683799134454e-10,3.0783939782471254e-07,5.53432954575328e-07,8.742683799134454e-10,2.3704427576376474e-07,2.3704427576376474e-07,8.742684e-10,7.073879e-10,-0.9943360565104756
S00037,13017,4,1.0,0.0,0.00019837855,0.00029755582,9.52374023199809e-07,1.1263059226015078e-06,1.07548186178974e-06,9.52374023199809e-07,9.838151981966803e-07,9.838151981966803e-07,9.52374e-07,9.52374e-07,-0.08367420860196408
S00037,13275,4,1.0,0.00015359213,0.00013519308,0.00043588717,3.880997496708005e-07,8.428238894945631e-07,8.00893928953883e-07,3.880997496708005e-07,5.502639055521286e-07,5.502639055521286e-07,3.8809975e-07,4.0603845e-07,-0.3694170177218235
S00037,13321,4,1.0,0.0,0.000503079,0.0002642665,5.062265699962154e-06,4.7641102961885435e-06,4.734512761691197e-06,5.062265699962154e-06,4.774377885041758e-06,4.774377885041758e-06,5.0622657e-06,5.0622657e-06,0.03034235651988153
S00037,13103,4,1.0,0.00012511338,0.0012171947,0.00022839598,4.141383396927267e-05,4.1117886818634965e-05,4.091355367563665e-05,4.141383396927267e-05,4.0692175389267504e-05,4.0692175389267504e-05,4.1413834e-05,4.170275e-05,0.0035858594466755614
S00037,12005,4,1.0,0.0,4.9459464e-05,0.00027843818,2.043518065875105e-08,4.524821382763851e-07,3.261616896566011e-07,2.043518065875105e-08,2.1362276925174228e-07,2.1362276925174228e-07,2.043518e-08,2.043518e-08,-0.9135782098030802
S00037,13071,4,1.0,0.0005330749,0.0027686912,0.0005469172,0.00018143103807233274,0.00018135936988983303,0.00018075114348903298,0.00018143103807233274,0.000181372684892267,0.000181372684892267,0.00018143104,0.00018409871,0.00019754707105481352
S00037,12125,4,1.0,0.0,0.0015015885,0.0005304417,2.1140678654774092e-05,2.1652661719902728e-05,2.0282306043858018e-05,2.1140678654774092e-05,2.0300263713579625e-05,2.0300263713579625e-05,2.1140679e-05,2.1140679e-05,-0.0119640827438562
S00037,12065,4,1.0,0.0,0.0018911543,0.00049375725,1.694607999525033e-05,1.4818508437504837e-05,1.488311651579958e-05,1.694607999525033e-05,1.5499615983571857e-05,1.5499615983571857e-05,1.694608e-05,1.694608e-05,0.06697935225099823
S00037,45049,4,1.0,4.405092e-05,8.221309e-05,0.00023115272,1.6491163989940105e-07,4.6267839100740577e-07,4.0196177053530846e-07,1.6491163989940105e-07,3.4184233754785964e-07,3.4184233754785964e-07,1.6491164e-07,1.7021426e-07,-0.47446061352784813
S00037,12079,4,1.0,0.0,0.002062794,0.0005357927,1.4758801626157947e-05,1.010188346602566e-05,1.1315625063919773e-05,1.4758801626157947e-05,1.2787772902811412e-05,1.2787772902811412e-05,1.4758802e-05,1.4758802e-05,0.18732058842563667
S00037,13069,4,1.0,0.3561758,0.2339591,0.20136714,0.02189311571419239,0.03957292685906092,0.03706355455021063,0.02189311571419239,0.03740932047367096,0.03740932047367096,0.021893116,0.061693046,-0.2876354228238833
S00037,13101,4,1.0,0.0024594197,0.0032365276,0.0018449728,3.91876747016795e-05,4.3179786492449544e-05,4.262446964276023e-05,3.91876747016795e-05,4.315002297516912e-05,4.315002297516912e-05,3.9187675e-05,4.9058883e-05,-0.048467097721528345
S00037,13299,4,1.0,0.09005019,0.03442074,0.05230002,0.004158861469477415,0.0009795090251524623,0.0008615006712110093,0.004158861469477415,0.0007720441208221018,0.0007720441208221018,0.0041588615,0.002249013,0.6187472171669406
S00037,13183,4,1.0,0.043296557,0.028398855,0.026230572,0.000982625992037356,0.0010314434960794945,0.0009409110837926468,0.000982625992037356,0.0011023756815120578,0.0011023756815120578,0.000982626,0.0015671795,-0.024238242190830678
S00037,12003,4,1.0,5.8363486e-05,0.0005109845,0.00020130888,1.6369635886803735e-06,1.7529420877811692e-06,1.5408055181372522e-06,1.6369635886803735e-06,1.5003890894149663e-06,1.5003890894149663e-06,1.6369636e-06,1.6932031e-06,-0.03421289857889397
S00037,13005,4,1.0,0.07842451,0.050074432,0.044276103,0.0016822463367134333,0.0023397854917372265,0.0020123975118622184,0.0016822463367134333,0.002209855243563652,0.002209855243563652,0.0016822463,0.0033859676,-0.16348432411015656
S00037,12133,4,1.0,0.0,1.0294777e-05,0.00041796578,1.1201919392078707e-09,8.313314007561227e-07,5.778098568498535e-07,1.1201919392078707e-09,2.3271566362836893e-07,2.3271566362836893e-07,1.1201919e-09,1.1201919e-09,-0.9973086917028271
S00037,13049,4,1.0,0.0,6.697242e-05,0.00023525504,3.551922489464232e-08,5.3065591032464e-07,8.653062811466347e-07,3.551922489464232e-08,2.2169830060647655e-07,2.2169830060647655e-07,3.5519225e-08,3.5519225e-08,-0.8745291953491191
S00037,12041,4,1.0,0.0,0.0027303556,0.00046864164,6.945140921743587e-05,6.708894215989858e-05,6.638967655211066e-05,6.945140921743587e-05,6.776822556275874e-05,6.776822556275874e-05,6.945141e-05,6.945141e-05,0.017302336149762204
S00037,13245,4,1.0,0.027879857,0.0066880123,0.015768318,0.0004894175799563527,1.8786209238896845e-05,1.5400550485840842e-05,0.0004894175799563527,9.472174497204833e-06,9.472174497204833e-06,0.0004894176,8.5052816e-05,0.9260682047701959
S00037,45089,4,1.0,0.0,0.00017374464,0.0003677633,3.9044408595145796e-07,9.141489272224135e-07,7.663626320209005e-07,3.9044408595145796e-07,4.7168254013740807e-07,4.7168254013740807e-07,3.904441e-07,3.904441e-07,-0.4014315851629952
S00037,12067,4,1.0,0.0,0.004483057,0.00039176733,0.00025684345746412873,0.0002538698317948729,0.0002531797702734669,0.00025684345746412873,0.0002537539985496551,0.0002537539985496551,0.00025684346,0.00025684346,0.00582249518819123
S00037,12131,4,1.0,0.0,5.344733e-05,0.00034438618,2.1786499715403806e-08,5.520458425204803e-07,6.032624734568041e-07,2.1786499715403806e-08,2.2116637410363182e-07,2.2116637410363182e-07,2.17865e-08,2.17865e-08,-0.9240666720508826
S00037,45015,4,1.0,0.0,1.0402498e-05,0.00016508905,2.1803834293621094e-09,2.6764140266995656e-07,2.530728346883393e-07,2.1803834293621094e-09,2.3349782907189365e-07,2.3349782907189365e-07,2.1803834e-09,2.1803834e-09,-0.9838383441094002
S00037,13033,4,1.0,0.05533597,0.023907552,0.032079138,0.0012624332448467612,0.00034687735508972156,0.00028920068143634126,0.0012624332448467612,0.00033034509397111833,0.00033034509397111833,0.0012624332,0.0008462591,0.5689118618824579
S00037,45017,4,1.0,0.0,2.6067735e-05,0.00024269438,6.5270717719556615e-09,2.588596714758751e-07,4.245975352053695e-07,6.5270717719556615e-09,2.2255204612520174e-07,2.2255204612520174e-07,6.5270718e-09,6.5270718e-09,-0.95081086800285
S00037,12121,4,1.0,0.000118795884,0.001376176,0.00046321278,1.3016717275604606e-05,1.2414005141181406e-05,1.2133682806355258e-05,1.3016717275604606e-05,1.2425607565091923e-05,1.2425607565091923e-05,1.3016717e-05,1.3329573e-05,0.0237001578069748
S00037,45013,4,1.0,3.064937e-06,0.00025961507,0.00023609024,1.1139960633954615e-06,1.3243611268383877e-06,1.299599413565981e-06,1.1139960633954615e-06,1.133496084548824e-06,1.133496084548824e-06,1.1139961e-06,1.1155781e-06,-0.08627327623921713
S00037,45035,4,1.0,0.0,7.178206e-05,0.0001154074,2.0733135386308277e-07,2.8831893909379386e-07,3.3439968187091534e-07,2.0733135386308277e-07,3.7783041761940694e-07,3.7783041761940694e-07,2.0733135e-07,2.0733135e-07,-0.16339662536577437
S00037,13277,4,1.0,0.03504417,0.012980272,0.019953927,0.0007860174519009888,0.00021421680382142463,0.00020271084213163704,0.0007860174519009888,0.00018941851158160716,0.00018941851158160716,0.00078601745,0.0004676893,0.5716667318763088
S00037,12007,4,1.0,0.0,0.0024846026,0.00024027796,7.067103433655575e-05,6.839361109693225e-05,6.346792967330354e-05,7.067103433655575e-05,6.87871579430066e-05,6.87871579430066e-05,7.0671034e-05,7.0671034e-05,0.01637672344774899
S00037,13287,4,1.0,0.0,0.0001249791,0.00037391004,6.001037888836436e-08,5.332447017281083e-07,3.608435577007185e-07,6.001037888836436e-08,1.8791497780057398e-07,1.8791497780057398e-07,6.001038e-08,6.001038e-08,-0.7976911421440996
S00037,45027,4,1.0,0.0,0.00019861758,0.00031164812,1.1392561418688274e-06,1.375423266836151e-06,1.3594210865145822e-06,1.1392561418688274e-06,1.1801037089753663e-06,1.1801037089753663e-06,1.1392561e-06,1.1392561e-06,-0.09391540096514572
S00037,45043,4,1.0,0.0,4.4556244e-05,0.00030086716,4.9080817632329854e-08,6.798687313865533e-07,5.471221484754096e-07,4.9080817632329854e-08,2.4553480670874706e-07,2.4553480670874706e-07,4.9080818e-08,4.9080818e-08,-0.8653382317105778
S00037,45005,4,1.0,0.0,5.7381912e-05,0.0003463521,9.502052478183032e-08,6.285316563510909e-07,6.277211923588766e-07,9.502052478183032e-08,2.7696938786903047e-07,2.7696938786903047e-07,9.5020525e-08,9.5020525e-08,-0.7373499043757994
S00037,45029,4,1.0,0.0,0.00012668675,0.00032150283,3.4778506119437225e-07,1.1481014515387262e-06,6.540939712825397e-07,3.4778506119437225e-07,4.661478101297689e-07,4.661478101297689e-07,3.4778506e-07,3.4778506e-07,-0.5350114353809602
S00037,13229,4,1.0,0.09254476,0.028854672,0.055007357,0.004959021229296923,0.0006002120984097322,0.00048560761206317693,0.004959021229296923,0.0004931745934300125,0.0004931745934300125,0.004959021,0.001735186,0.7840665922697161
S00037,13003,4,1.0,0.674273,0.39778292,0.38858044,0.10513598471879959,0.10563760250806808,0.09743377069632213,0.10513598471879959,0.10224248468875885,0.10224248468875885,0.105135985,0.1869205,-0.002379889225534572
S00037,13155,4,1.0,0.0007122507,0.00027884118,0.00062168954,4.2148488432758313e-07,3.859370849568222e-07,3.2904361546570726e-07,4.2148488432758313e-07,3.1018714707897743e-07,3.1018714707897743e-07,4.2148488e-07,3.1139345e-07,0.0440262969340132
S00037,45063,4,1.0,2.1769418e-05,7.776615e-05,0.00019185495,7.235121302073821e-08,1.763782672507356e-07,2.64596418257194e-07,7.235121302073821e-08,2.4995031822072633e-07,2.4995031822072633e-07,7.235121e-08,7.526316e-08,-0.41823371365733525
S00037,12077,4,1.0,8.574859e-05,6.550239e-06,0.00059969694,7.123043932466544e-09,1.7396392877344624e-06,1.1095168019892299e-06,7.123043932466544e-09,2.4405858312093187e-07,2.4405858312093187e-07,7.123044e-09,8.935718e-10,-0.9918442895139958
S00037,13019,4,1.0,0.0004241536,0.00054987345,0.00043572468,7.517442668358854e-07,8.390556634670551e-07,7.976213396432286e-07,7.517442668358854e-07,7.401499146908463e-07,7.401499146908463e-07,7.5174427e-07,1.0382995e-06,-0.05488521527313793
S00037,12045,4,1.0,0.0,0.00046233818,0.00031900316,5.690073976438725e-06,6.028612157630657e-06,5.674687145074131e-06,5.690073976438725e-06,5.525520464289002e-06,5.525520464289002e-06,5.690074e-06,5.690074e-06,-0.028888748902294568
S00037,13075,4,1.0,0.0,8.819217e-05,0.0003897525,3.349644828176679e-08,6.595806780751445e-07,3.7706534309715306e-07,3.349644828176679e-08,1.8385797773134982e-07,1.8385797773134982e-07,3.349645e-08,3.349645e-08,-0.9033399112221826
S00037,13305,4,1.0,0.080324076,0.02043226,0.04529626,0.004055268131196499,0.0002949130587997691,0.0002539482441837511,0.004055268131196499,0.000167848018463701,0.000167848018463701,0.004055268,0.000885716,0.8644134366274422
S00037,13065,4,1.0,0.0021656454,0.000495927,0.0017395158,4.8367282943218015e-06,4.290986604852757e-06,2.408636419204413e-06,4.8367282943218015e-06,2.1296689283190062e-06,2.1296689283190062e-06,4.8367283e-06,2.2947122e-06,0.05978951966591296
S00037,12047,4,1.0,0.002729035,0.0040722983,0.0020772198,3.886671765940264e-05,4.474087472772226e-05,4.4385590930081285e-05,3.886671765940264e-05,4.655370503314771e-05,4.655370503314771e-05,3.8866718e-05,5.364597e-05,-0.07025865594981785
S00037,13025,4,1.0,0.0003003003,0.00076882436,0.0003152059,3.7464476463355822e-06,4.046407108641385e-06,3.767082034755731e-06,3.7464476463355822e-06,3.636724613897968e-06,3.636724613897968e-06,3.7464476e-06,4.1180233e-06,-0.03849160182463703
S00037,13167,4,1.5204259157180786,0.08418223,0.03876013,0.0486772,0.003036410780623555,0.001228050678037107,0.0010714148520492017,0.003036410780623555,0.0011223959736526012,0.0011223959736526012,0.0030364108,0.0024755911,0.4240535692763417
S00037,13251,4,1.400322675704956,0.0,5.5339733e-06,0.0004554425,1.7915540162505295e-09,1.006922332180693e-06,6.984307674429147e-07,1.7915540162505295e-09,2.3691164585670776e-07,2.3691164585670776e-07,1.791554e-09,1.791554e-09,-0.9964478450415607
S00037,13235,4,1.7282103300094604,0.0,0.0,0.00044720215,0.0,9.548208481646725e-07,7.891209084694614e-07,0.0,2.412281219221768e-07,2.412281219221768e-07,0.0,0.0,-1.0
S00037,13273,4,1.8775572776794434,0.0,2.3283972e-06,0.00037257478,7.806864044113127e-10,6.508968700321324e-07,6.446526678397883e-07,7.806864044113127e-10,2.394386342530197e-07,2.394386342530197e-07,7.806864e-10,7.806864e-10,-0.9976040715329213
S00037,01061,4,1.7138899564743042,0.0,0.0004403397,0.000368019,5.940911250945646e-06,5.8398069692581584e-06,5.785187264943185e-06,5.940911250945646e-06,5.723624326492427e-06,5.723624326492427e-06,5.9409113e-06,5.9409113e-06,0.008582183174035612
S00037,13189,4,1.6172935962677002,0.16322862,0.062482316,0.0937797,0.01247029472142458,0.0024820459948386997,0.0020807742063576975,0.01247029472142458,0.002069113776087761,0.002069113776087761,0.012470295,0.0062245177,0.6680056932973656
S00037,45079,4,1.5265402793884277,1.9597415e-05,6.113158e-05,0.00020711389,7.774863775011909e-08,2.3347324666171213e-07,2.80285831877336e-07,7.774863775011909e-08,2.5986187779381e-07,2.5986187779381e-07,7.774864e-08,7.976062e-08,-0.5003652272265244
S00037,13243,4,1.9895459413528442,0.0,0.0011677911,0.0003804138,2.8640617529163137e-05,2.7440872145234607e-05,2.728217502105205e-05,2.8640617529163137e-05,2.7687747206073254e-05,2.7687747206073254e-05,2.8640618e-05,2.8640618e-05,0.021392894355947115
S00037,13023,4,1.7073403596878052,0.0,4.765172e-05,0.0003259685,2.631978368583532e-08,4.940501649267995e-07,4.326313529645631e-07,2.631978368583532e-08,2.2160313051244884e-07,2.2160313051244884e-07,2.6319784e-08,2.6319784e-08,-0.8988420305361337
S00037,13173,4,1.6889171600341797,0.00095219957,0.0007306809,0.00093593635,9.523330390948104e-08,2.431970074212586e-07,9.183366245224533e-08,9.523330390948104e-08,6.115568851328135e-08,6.115568851328135e-08,9.5233304e-08,5.800573e-07,-0.4372058251223729
S00037,12059,4,1.636483073234558,0.0,5.020228e-05,0.00063376623,1.2517160996594612e-07,2.0464393249615873e-06,1.3217492475329589e-06,1.2517160996594612e-07,3.38033004254612e-07,3.38033004254612e-07,1.2517161e-07,1.2517161e-07,-0.8847200408206426
S00037,13319,4,1.7390409708023071,0.0,0.0012039589,0.00037934456,9.072446846403182e-05,8.955300775899862e-05,8.936015850243469e-05,9.072446846403182e-05,8.973795047495514e-05,8.973795047495514e-05,9.072447e-05,9.072447e-05,0.00649809798526314
S00037,45009,4,1.3374472856521606,0.0,9.526551e-05,0.00025507022,8.566027531742293e-07,1.1588258909493259e-06,1.1015065600380087e-06,8.566027531742293e-07,9.98715904643177e-07,9.98715904643177e-07,8.5660275e-07,8.5660275e-07,-0.14995476950091857
S00037,13205,4,1.873242735862732,0.0,0.00015176044,0.0002799105,1.4394517222626746e-07,3.3683205439653346e-07,2.957770182850557e-07,1.4394517222626746e-07,2.3314932207085803e-07,2.3314932207085803e-07,1.4394517e-07,1.4394517e-07,-0.4011980424388893
S00037,13279,4,1.4241557121276855,0.01407084,0.0021396875,0.007976392,0.00016026254161261022,8.438409167865757e-06,9.214334871406512e-06,0.00016026254161261022,6.332736120384652e-06,6.332736120384652e-06,0.00016026254,2.2488412e-05,0.8999601468891977
S00037,45085,4,1.3667206764221191,0.0,1.7533464e-05,0.00025256176,3.976844187292272e-09,3.9307793286980086e-07,3.209367397024228e-07,3.976844187292272e-09,2.2999847715254873e-07,2.2999847715254873e-07,3.976844e-09,3.976844e-09,-0.9799682843925566
S00037,13303,4,1.5843360424041748,0.015613697,0.0054207947,0.009313247,0.0001306015910813585,2.1688799582382973e-05,1.5811907057165325e-05,0.0001306015910813585,1.711872755549848e-05,1.711872755549848e-05,0.00013060159,5.609136e-05,0.7151652249645608
S00037,13253,4,1.8245997428894043,0.0,1.4129083e-06,0.0003818176,2.8746860447625977e-10,6.72693801107016e-07,6.766161201691526e-07,2.8746860447625977e-10,2.399870595581888e-07,2.399870595581888e-07,2.874686e-10,2.874686e-10,-0.9991456861656803
S00037,13073,4,1.575884222984314,0.040460363,0.015138756,0.023327377,0.0007573944749310613,0.00012422079453244805,0.00010980959026104149,0.0007573944749310613,0.00010180993558606133,0.00010180993558606133,0.0007573945,0.0003453925,0.7181972707708651
S00037,13099,4,1.8973017930984497,0.0,1.999623e-05,0.00035254742,1.0383326198848408e-08,6.25979978963187e-07,4.1345596457631473e-07,1.0383326198848408e-08,2.2984414727034164e-07,2.2984414727034164e-07,1.0383326e-08,1.0383326e-08,-0.9673666721050029
S00037,13177,4,1.832079529762268,0.0,1.771363e-05,0.0001871768,2.859111392083946e-09,1.4481228068537652e-07,2.7858435203143017e-07,2.859111392083946e-09,2.26402164571482e-07,2.26402164571482e-07,2.8591114e-09,2.8591114e-09,-0.9612773828178689
S00037,13043,4,1.4004710912704468,0.0,0.00032745057,0.00024168739,7.839164481993066e-07,8.717335617802746e-07,7.719718648028598e-07,7.839164481993066e-07,7.338981049542781e-07,7.338981049542781e-07,7.8391645e-07,7.8391645e-07,-0.05304086796825558
S00037,13271,4,1.571284294128418,0.0003844675,0.00047290837,0.00068629615,4.326748239691369e-06,4.958855849205672e-06,4.521642798257138e-06,4.326748239691369e-06,4.33599279858754e-06,4.33599279858754e-06,4.3267482e-06,4.5425686e-06,-0.06807393503564561
S00037,01069,4,1.7632578611373901,0.0,8.551331e-05,0.00036186178,1.250933507890295e-07,5.939761156999642e-07,5.941589146611174e-07,1.250933507890295e-07,2.7737499408431177e-07,2.7737499408431177e-07,1.2509335e-07,1.2509335e-07,-0.6520688010858706
S00037,13209,4,1.4458311796188354,0.0,0.0002369766,0.00027714492,1.9186543909199827e-07,5.256467403569332e-07,3.082122788100605e-07,1.9186543909199827e-07,2.0455478022540774e-07,2.0455478022540774e-07,1.9186544e-07,1.9186544e-07,-0.4651925233119915
S00037,13165,4,1.4134316444396973,0.0037236244,0.0047331834,0.0022566763,8.012411853997037e-06,2.4062615921138786e-05,2.3012536379004207e-05,8.012411853997037e-06,2.2561713194590993e-05,2.2561713194590993e-05,8.012412e-06,2.9396228e-05,-0.5003956404858884
S00037,13131,4,1.8764288425445557,0.0,1.2659407e-05,0.00037191482,7.237112242819421e-09,6.326310900324946e-07,4.754939008459284e-07,7.237112242819421e-09,2.398315359641856e-07,2.398315359641856e-07,7.2371122e-09,7.2371122e-09,-0.9773793658847716
S00037,45037,4,1.5750654935836792,0.06694071,0.016961407,0.039375853,0.003186437301337719,0.00040028175862971693,0.0002833713903479899,0.003186437301337719,0.00024678680347278714,0.00024678680347278714,0.0031864373,0.0009761962,0.7767978188772047
S00037,13091,4,1.6567670106887817,0.0,0.000696382,0.00039824663,2.2636975700152107e-05,2.2617630747845396e-05,2.245213606026179e-05,2.2636975700152107e-05,2.228145422122907e-05,2.228145422122907e-05,2.2636976e-05,2.2636976e-05,0.00042746924180944214
S00037,13283,4,1.461029052734375,0.00088241784,0.00069398474,0.0007592337,3.067161287617637e-06,3.441565543956434e-06,3.090876361966366e-06,3.067161287617637e-06,3.0277358291641576e-06,3.0277358291641576e-06,3.0671613e-06,3.513269e-06,-0.05752342447720318
S00037,13201,4,1.915934443473816,0.0,0.0,0.000374423,0.0,6.436585332873316e-07,6.074909795946345e-07,0.0,2.412281219221768e-07,2.412281219221768e-07,0.0,0.0,-1.0
S00037,13109,4,1.398274540901184,0.010667046,0.0018627822,0.0059805266,7.857124001020566e-05,4.156462030853921e-06,4.8640710398710025e-06,7.857124001020566e-05,3.9957994886208326e-06,3.9957994886208326e-06,7.857124e-05,4.5261495e-06,0.8995146262181688
S00037,13161,4,1.520821213722229,0.5029776,0.4360801,0.2881327,0.012745329178869724,0.1418955847620964,0.13446801404158273,0.012745329178869724,0.14121638238430023,0.14121638238430023,0.012745329,0.19843595,-0.8351622626372316
S00040,51145,1,1.0,0.0,0.0034084357,0.010721787,0.0008720770323028167,0.00015650823964582136,0.0001633828457367296,0.0001792427501641214,0.00017646253400016576,0.00017646253400016576,0.00017924275,0.00017924275,0.6956825186708748
S00040,37133,1,1.0,0.0,0.00044682156,0.010957318,0.0008764556453873714,0.00016641137335682288,0.00011507587623782456,1.9891451756848255e-06,1.9020857280338532e-06,1.9020857280338532e-06,1.9891452e-06,1.9891452e-06,0.6808579226961974
S00040,51036,1,1.0,0.0,0.008795325,-0.0010894665,0.0026620459587623677,0.0022458048382153115,0.0022472875813643136,0.002256062813103199,0.0022498571779578924,0.0022498571779578924,0.0022560628,0.0022560628,0.08481128252785987
S00040,37183,1,1.0,0.0,0.000415937,0.013133423,0.001192556965785722,6.389757133244227e-05,2.6858991380625714e-05,9.692535059002694e-07,8.661257311359805e-07,8.661257311359805e-07,9.692535e-07,9.692535e-07,0.8982890833774226
S00040,51075,1,1.0,0.0,0.0025785288,0.011201219,0.0008605289040133357,1.579547339739899e-05,2.2086976969148964e-05,4.0359773265663534e-05,3.805770757026039e-05,3.805770757026039e-05,4.0359773e-05,4.0359773e-05,0.9639506242104786
S00040,37065,1,1.0,0.0,0.000757561,0.005948185,0.00042774831914963823,2.2277274789909523e-05,1.525100712266673e-05,6.831728114775615e-06,6.535985903610708e-06,6.535985903610708e-06,6.831728e-06,6.831728e-06,0.9009955207440844
S00040,37143,1,1.0,0.0,0.00045482503,0.0067867506,0.00030958481632599916,1.2339890721098831e-05,1.491597322456073e-05,4.40105031884741e-06,4.209713551972527e-06,4.209713551972527e-06,4.4010503e-06,4.4010503e-06,0.923336789932725
S00040,37083,1,1.0,5.733123e-05,0.00056898256,0.0029951802,0.00034289398172404617,7.918469615712334e-06,5.518852200718054e-06,2.6338773295719875e-06,2.44708098762203e-06,2.44708098762203e-06,2.6338773e-06,2.6958317e-06,0.9548563935774139
S00040,37031,1,1.0,0.0,0.0070044827,0.029203717,0.002922749457259973,0.001094592308315138,0.000996906387930115,0.00058534718118608,0.0005798356723971665,0.0005798356723971665,0.0005853472,0.0005853472,0.45506637364300057
S00040,37131,1,1.0,0.0,0.00067551463,0.0055634,0.00037544545193668455,5.60867541328965e-06,6.049803081017065e-06,6.448781732615316e-06,6.0926199694222305e-06,6.0926199694222305e-06,6.4487817e-06,6.4487817e-06,0.9705623164231552
S00040,51007,1,1.0,0.0,0.0016596997,0.0036727416,0.00046543673185321194,4.07694812262586e-05,3.232600041277086e-05,2.605327608762309e-05,2.4897481125663035e-05,2.4897481125663035e-05,2.6053276e-05,2.6053276e-05,0.8389214506940154
S00040,51183,1,1.0,0.0,0.0006298711,0.002891606,0.0006035179151998212,6.106406848023956e-06,6.296102734874391e-06,6.3090110415942036e-06,5.964497177046724e-06,5.964497177046724e-06,6.309011e-06,6.309011e-06,0.979966656095638
S00040,51670,1,1.0,0.0,0.00043201895,0.004926056,0.00034883948440741125,3.0841308671369916e-06,4.27829922955425e-06,2.8609899800358107e-06,2.672769369382877e-06,2.672769369382877e-06,2.86099e-06,2.86099e-06,0.9824727257093506
S00040,51740,1,1.0,0.0,0.0023288631,0.010685281,0.0007629217191909751,2.900295961201967e-05,2.9509271068188053e-05,3.731678589247167e-05,3.5593053326010704e-05,3.5593053326010704e-05,3.7316786e-05,3.7316786e-05,0.9267532370481039
S00040,51735,1,1.0,0.0,0.009291879,0.014144583,0.004467508910844724,0.004640544454256694,0.004669734121610721,0.004735870286822319,0.004729691427201033,0.004729691427201033,0.0047358703,0.0047358703,-0.018998081859618463
S00040,37049,1,1.0,0.0,0.0059808623,0.01389373,0.0010043869454724093,0.0006738528803301355,0.0006433011343081793,0.0006898553692735732,0.0006850832724012434,0.0006850832724012434,0.00068985537,0.00068985537,0.1969528192933989
S00040,34009,1,1.0,0.00012427874,0.001413794,0.0076008886,0.0006092844269005582,1.1666298936082361e-05,9.858955309027806e-06,1.3091638720652554e-05,1.234549199580215e-05,1.234549199580215e-05,1.3091639e-05,1.34276015e-05,0.9624243971359764
S00040,51700,1,1.0,0.0,0.0014781195,0.0070445747,0.0004611956246662885,1.1556603567441925e-05,1.3812702491122764e-05,1.602306292625144e-05,1.507844717707485e-05,1.507844717707485e-05,1.6023063e-05,1.6023063e-05,0.9511092581811025
S00040,51081,1,1.0,0.0,0.003501337,0.0023327586,0.0002718181397843485,0.0002194645203417167,0.00022386174532584846,0.0002362250816076994,0.00023344771761912853,0.00023344771761912853,0.00023622508,0.00023622508,0.10656516846981252
S00040,37091,1,1.0,0.0,0.00081981625,0.0045756423,0.0002613364946834433,1.185428906561962e-05,1.1801683285739273e-05,1.2461338883440476e-05,1.1960361916862894e-05,1.1960361916862894e-05,1.2461339e-05,1.2461339e-05,0.913216039699873
S00040,24045,1,1.0,0.0,6.190812e-05,0.007139284,0.0004166074456103767,1.0766181427849611e-05,9.649731813018056e-06,4.472309100833627e-08,2.3071055466061807e-07,2.3071055466061807e-07,4.472309e-08,4.472309e-08,0.9496170060728307
S00040,51175,1,1.0,0.0,0.002706905,0.0022961088,0.00023519750781512508,0.00010474984931837146,0.00010520197974983603,0.00010851615661522374,0.00010649653268046677,0.00010649653268046677,0.00010851616,0.00010851616,0.3837289973268629
S00040,51101,1,1.0,0.0,0.00043665178,0.0014648656,0.00023917032134098312,2.7317732171165212e-06,2.0965747277538562e-06,1.4820191154285567e-06,1.3472812270265422e-06,1.3472812270265422e-06,1.4820191e-06,1.4820191e-06,0.9774142243612496
S00040,51103,1,1.0,0.0,0.0014224974,-0.0008321523,0.00026765315124066547,1.948864398097309e-05,2.1093742664864596e-05,2.2831653041066602e-05,2.184116056014318e-05,2.184116056014318e-05,2.2831653e-05,2.2831653e-05,0.8642576991208804
S00040,37073,1,1.0,0.0,0.00021015707,0.0042043664,0.0003691301923633243,6.354461296117127e-06,5.247444050837657e-06,1.616908207324741e-06,1.6800429420982255e-06,1.6800429420982255e-06,1.6169082e-06,1.6169082e-06,0.966153283580636
S00040,37053,1,1.0,0.0,0.00029704033,0.011456291,0.000735959765734151,1.4625802881103786e-05,1.659372143573516e-05,5.740377559959597e-07,5.711680728381907e-07,5.711680728381907e-07,5.7403776e-07,5.7403776e-07,0.9610282864668268
S00040,51830,1,1.0,0.0,0.0018412152,0.011547685,0.0009502096315069745,9.8799236487442e-05,9.819420665735379e-05,9.97543684206903e-05,9.809860057430342e-05,9.809860057430342e-05,9.975437e-05,9.975437e-05,0.8116331720315487
S00040,37141,1,1.0,0.0,0.00011210501,0.026897147,0.004106140462681651,0.0006368915104152014,0.00034392894788955647,8.478965440872344e-08,2.3385564418276772e-07,2.3385564418276772e-07,8.4789654e-08,8.4789654e-08,0.7314411903492365
S00040,51053,1,1.0,0.0,0.0014994629,0.002607244,0.00027369821812802303,3.006910204324716e-05,2.916575673831782e-05,2.9112494303262793e-05,2.8097179892938584e-05,2.8097179892938584e-05,2.9112494e-05,2.9112494e-05,0.8020254316606962
S00040,51135,1,1.0,0.0,0.0004026379,0.009423323,0.0007037981995381415,2.7421416840904083e-05,1.8062206436297856e-05,8.123890438582748e-06,7.987287972355261e-06,7.987287972355261e-06,8.12389e-06,8.12389e-06,0.9249981367384721
S00040,37101,1,1.0,0.0,0.0013894892,0.019160923,0.002090113004669547,0.0001660731140873395,0.0001079305632932422,2.767849036899861e-05,2.6708192308433354e-05,2.6708192308433354e-05,2.767849e-05,2.767849e-05,0.8527842072010953
S00040,37103,1,1.0,0.0,0.0004896291,0.02484958,0.0032749249755094447,0.0002990152715938166,0.00023783130260805288,3.346139237692114e-06,3.22676191899518e-06,3.22676191899518e-06,3.3461392e-06,3.3461392e-06,0.8326691265551104
S00040,37191,1,1.0,0.0,0.00057664444,0.03842745,0.004958131272966663,0.0013958446894927572,0.0007428046665154397,2.7963219508819748e-06,2.6097723093698733e-06,2.6097723093698733e-06,2.796322e-06,2.796322e-06,0.5606389769996956
S00040,51127,1,1.0,0.0,0.0013944805,0.0043886714,0.00041576069391643006,7.965943950694054e-05,7.626526348758489e-05,7.340851152548566e-05,7.254777301568538e-05,7.254777301568538e-05,7.340851e-05,7.340851e-05,0.6784166240621229
S00040,37147,1,1.0,0.0,0.00036012486,0.0018221056,0.0004258238186594099,9.411657780826014e-06,7.559465302620083e-06,1.2235993835929548e-06,1.1328824029988027e-06,1.1328824029988027e-06,1.2235994e-06,1.2235994e-06,0.9567514217462079
S00040,37069,1,1.0,0.0,0.00047602286,0.010268714,0.0012303383167212207,4.5152613286821484e-05,1.8158421577633515e-05,1.8143192619390902e-06,1.6689473341102712e-06,1.6689473341102712e-06,1.8143193e-06,1.8143193e-06,0.9291996325108534
S00040,51087,1,1.0,0.0,0.0015899831,0.0065032355,0.00040651157542015426,4.833609636989422e-06,5.896119546378031e-06,8.102399078779854e-06,6.930792551429477e-06,6.930792551429477e-06,8.102399e-06,8.102399e-06,0.9764985233201748
S00040,24037,1,1.0,0.000196787,0.0012129918,0.004792349,0.00018238674480623254,1.6846122889546677e-05,1.5336888282035943e-05,1.3659329852089286e-05,1.327344580204226e-05,1.327344580204226e-05,1.365933e-05,1.40980055e-05,0.8308901228559331
S00040,34001,1,1.0,0.0,0.0003513748,0.007200499,0.00028835921693826094,1.1075709001791742e-05,6.738517489187264e-06,1.072884970199084e-06,9.977825357054826e-07,9.977825357054826e-07,1.072885e-06,1.072885e-06,0.9260225976176935
S00040,51810,1,1.0,0.0,0.0022656526,0.013629863,0.000980739501149704,5.6131089271123834e-05,5.446946064087873e-05,4.5580745791085064e-05,4.4220789277460426e-05,4.4220789277460426e-05,4.5580746e-05,4.5580746e-05,0.891729807384464
S00040,51025,1,1.0,0.0,0.005035061,0.005178663,0.0002888031691933672,0.00015366375737357885,0.00015715793415438384,0.00017224601469933987,0.00016816111747175455,0.00016816111747175455,0.00017224601,0.00017224601,0.3054226286884778
S00040,51570,1,1.0,0.0,0.00050408853,0.004536923,0.000383564469908985,9.355659434125604e-06,1.0371643838880118e-05,1.043090560415294e-05,1.0192069566983264e-05,1.0192069566983264e-05,1.0430906e-05,1.0430906e-05,0.95237882340227
S00040,51181,1,1.0,0.0,0.018701283,0.0016974476,0.0027493028125415244,0.0031309110733369985,0.0031518333901961646,0.003191957250237465,0.0031771818175911903,0.0031771818175911903,0.0031919573,0.0031919573,-0.06489700344266654
S00040,24039,1,1.0,0.0,0.00066785933,0.0054231226,0.0002603459724923596,1.3874002130857358e-05,1.3893338291381951e-05,1.4069407370698173e-05,1.3679145013156813e-05,1.3679145013156813e-05,1.4069407e-05,1.4069407e-05,0.8988111486049074
S00040,37195,1,1.0,0.0,0.0005313363,0.017304026,0.0014307624660432339,0.00020166557321014503,0.000169998677544451,2.0414788650668925e-06,1.8151656604459276e-06,1.8151656604459276e-06,2.0414789e-06,2.0414789e-06,0.7529256195545617
S00040,51001,1,1.0,0.0,0.00049660174,0.0024455017,0.0001835282819229178,4.111857985359772e-06,5.145417389940121e-06,2.520182988519082e-06,2.313973936907132e-06,2.313973936907132e-06,2.520183e-06,2.520183e-06,0.9561729383982582
S00040,51199,1,1.0,0.0,0.0036903424,0.020660505,0.0018775205632361274,0.00015152742950400958,0.00015539988817181438,0.00015687182894907892,0.0001544866245239973,0.0001544866245239973,0.00015687183,0.00015687183,0.8506418477570077
S00040,51133,1,1.0,0.0,0.0017676356,-0.00078610395,0.00011447153883636929,3.585999608427907e-05,3.761586170488348e-05,3.8740894524380565e-05,3.759542960324325e-05,3.759542960324325e-05,3.8740895e-05,3.8740895e-05,0.5229211741474261
S00040,10005,1,1.0,1.3665169e-05,0.0004461405,0.004850122,0.0002671672555152327,1.3963035295698015e-05,1.2511816142553775e-05,2.6240525130560854e-06,2.5008430384332314e-06,2.5008430384332314e-06,2.6240525e-06,2.6360588e-06,0.9006650243527928
S00040,37127,1,1.0,0.0,0.0014182153,0.009330479,0.0006431842145199577,4.973134673491586e-05,2.6015328937016118e-05,1.796083051885944e-05,1.703819361864589e-05,1.703819361864589e-05,1.796083e-05,1.796083e-05,0.856457699853494
S00040,37129,1,1.0,0.0,0.0019094513,0.025441468,0.0040518371388316154,0.0003978348516587478,0.00017838460917118937,3.078843292314559e-05,2.9569404432550073e-05,2.9569404432550073e-05,3.0788433e-05,3.0788433e-05,0.8211846389985679
S00040,24009,1,1.0,0.0,0.00083157443,0.01811032,0.0015090918556476633,4.3994451819647416e-05,3.310514148324728e-05,4.068947873747675e-06,3.544048240655684e-06,3.544048240655684e-06,4.068948e-06,4.068948e-06,0.9433457733699409
S00040,37055,1,1.0,0.0,0.0007302693,0.024703426,0.0025399569422006607,0.0001756398778525181,0.00026649702340364456,6.433459930121899e-06,6.031099019310204e-06,6.031099019310204e-06,6.43346e-06,6.43346e-06,0.8706436268038651
S00040,24019,1,1.0,0.0,0.00034323856,0.002730467,0.00013818093187486133,1.4195967196428683e-05,1.2772835664994394e-05,6.393908734025899e-06,6.360500265145674e-06,6.360500265145674e-06,6.3939087e-06,6.3939087e-06,0.8136729742769335
S00040,37015,1,1.0,0.0,0.0026740064,0.002970431,0.00030888784385751933,3.356996179112078e-05,3.500052298477385e-05,4.113961767870933e-05,3.924847624148242e-05,3.924847624148242e-05,4.1139618e-05,4.1139618e-05,0.8039468732357448
S00040,51095,1,1.0,0.0,0.0003865433,0.00225834,0.00031119497483208153,7.166653479847203e-06,5.623300921797636e-06,2.640084858285263e-06,2.4941589344962267e-06,2.4941589344962267e-06,2.6400849e-06,2.6400849e-06,0.9549779066161495
S00040,51193,1,1.0,0.0,0.0010120224,0.0015181705,0.00010997778008459136,6.5236640693910886e-06,6.718938493577298e-06,7.509785064030439e-06,6.921039584995015e-06,6.921039584995015e-06,7.509785e-06,7.509785e-06,0.8880071553315919
S00040,51595,1,1.0,0.0,0.0134312855,0.0022763626,0.003330662070463101,0.0039007056038826704,0.003919881380473574,0.0039847902953624725,0.003973264712840319,0.003973264712840319,0.0039847903,0.0039847903,-0.07882928362802986
S00040,51730,1,1.0,0.0,3.8210852e-05,0.012881091,0.0009107974959382167,2.3201155575710192e-05,2.1438180236070064e-05,2.0106998732671855e-08,2.270600987230864e-07,2.270600987230864e-07,2.0106999e-08,2.0106999e-08,0.9503186529485813
S00040,51085,1,1.0,0.0,0.001148417,0.0065312413,0.00035299511121896404,1.8498403126917157e-05,1.749767883059879e-05,1.8018909031525254e-05,1.7271406250074506e-05,1.7271406250074506e-05,1.8018909e-05,1.8018909e-05,0.9004106267669907
S00040,51149,1,1.0,0.0,0.0007505406,0.0033312913,0.00010760555839321266,1.537700124269274e-05,1.5535685027619667e-05,1.264523234567605e-05,1.2268468708498403e-05,1.2268468708498403e-05,1.2645232e-05,1.2645232e-05,0.7499320019323562
S00040,51760,1,1.0,0.0,4.2431093e-05,0.0077709467,0.0005324671559113389,3.7109897448317497e-06,5.4163150480235345e-06,5.3736513905278116e-08,2.6267792918588384e-07,2.6267792918588384e-07,5.3736514e-08,5.3736514e-08,0.9861576240102429
S00040,51710,1,1.0,0.0,0.0008452171,0.011056447,0.0008570808179986974,6.832540748291649e-06,1.0263531294185668e-05,5.736203092965297e-06,5.374281499825884e-06,5.374281499825884e-06,5.736203e-06,5.736203e-06,0.9841823472710238
S00040,24047,1,1.0,0.0,0.0008908196,0.004946081,0.00040968511408815783,1.9500230640308775e-05,2.1013413364319906e-05,1.2660991160373669e-05,1.2029089702991769e-05,1.2029089702991769e-05,1.2660991e-05,1.2660991e-05,0.9091290936196994
S00040,37095,1,1.0,0.0,0.025009,0.025843997,0.005642937185863654,0.004942140852411588,0.004879102266083161,0.005808266345411539,0.005785957910120487,0.005785957910120487,0.0058082663,0.0058082663,0.0662060620543385
S00040,51041,1,1.0,0.0,0.0003823263,0.009422252,0.0006274151188942293,1.1800114104213813e-05,9.212671708761869e-06,8.194926408577885e-07,7.209559953480493e-07,7.209559953480493e-07,8.1949264e-07,8.1949264e-07,0.96307937140715
S00040,51097,1,1.0,0.0,0.0016427448,-0.0018348426,0.00022983154728232572,3.6517199381099395e-05,3.745062955810378e-05,3.977949745603837e-05,3.8570720789721236e-05,3.8570720789721236e-05,3.9779497e-05,3.9779497e-05,0.7257940963601018
S00040,37137,1,1.0,0.0,0.0060676755,0.01747879,0.00207923399284482,0.0009970006649382412,0.0009631893093076845,0.0008614573162049055,0.0008565931348130107,0.0008565931348130107,0.0008614573,0.0008614573,0.3518045429884429
S00040,37013,1,1.0,0.0,0.0083405115,0.021734037,0.0015797344967722893,0.0010016082669608295,0.000947269843891263,0.0010829359525814652,0.0010758965509012341,0.0010758965509012341,0.001082936,0.001082936,0.22396337206120503
S00040,51620,1,1.0,0.00072293513,0.0018973909,0.003025436,0.0002967183681903407,5.497532765730284e-05,5.476661923845919e-05,5.42244415555615e-05,5.46542250958737e-05,5.46542250958737e-05,5.422444e-05,5.6445184e-05,0.6873681370670995
S00040,51650,1,1.0,0.0,0.0020373901,0.012745721,0.0008571820120171955,2.5308036735320154e-05,2.8063842061480198e-05,3.160738924634643e-05,3.0167700970196165e-05,3.0167700970196165e-05,3.160739e-05,3.160739e-05,0.9426440291964868
S00040,37061,1,1.0,0.0,0.003722729,0.054389596,0.00500309521642824,0.008087954086173946,0.002760084554514227,0.00013622490223497152,0.00013388304796535522,0.00013388304796535522,0.0001362249,0.0001362249,-0.2356464175207491
S00040,37085,1,1.6127647161483765,0.0,0.000783979,0.0065706633,0.0004230692284181714,2.254311615009404e-05,1.7678036783763673e-05,1.0543843927734997e-05,1.0154642950510606e-05,1.0154642950510606e-05,1.0543844e-05,1.0543844e-05,0.8988218507638738
S00040,24011,1,1.7705492973327637,0.0,0.00069705315,0.005702675,0.00025604634477834526,2.3695949494140223e-05,2.353837832439846e-05,2.205482633144129e-05,2.1562223992077634e-05,2.1562223992077634e-05,2.2054826e-05,2.2054826e-05,0.8305872942397551
S00040,51153,1,2.066581964492798,0.0,0.00019627427,0.0013451376,5.366728025061699e-05,1.7401068627502052e-06,1.0934851957244973e-06,6.993839747337915e-07,7.647718689440808e-07,7.647718689440808e-07,6.99384e-07,6.99384e-07,0.9371886330178383
S00040,37117,1,1.3839991092681885,0.0,0.003956222,0.0007281652,0.0005862143298145384,0.00012862194125773385,0.00013157723878975958,0.0001442276407033205,0.00014098777319304645,0.00014098777319304645,0.00014422764,0.00014422764,0.6401359403187593
S00040,51177,1,1.5541874170303345,0.0,0.00080636505,0.008099114,0.00042027459130622447,1.2402302369688792e-05,8.682575753482524e-06,9.087059879675508e-06,8.552324288757518e-06,8.552324288757518e-06,9.08706e-06,9.08706e-06,0.9426717601472915
S00040,11001,1,2.018826484680176,0.0,0.00029174655,0.005688793,0.0002568491884934095,1.0784117421280826e-06,1.2758087848396826e-06,4.50717692501712e-07,4.490285050451348e-07,4.490285050451348e-07,4.507177e-07,4.507177e-07,0.9916378724793835
S00040,51187,1,1.9056881666183472,0.0,0.00013662911,0.007899304,0.00025414638124251116,2.8251248049097435e-06,9.414255070320602e-07,1.6355031107195828e-07,2.608222189337539e-07,2.608222189337539e-07,1.6355031e-07,1.6355031e-07,0.9780121551345197
S00040,34029,1,1.918419599533081,6.1154795e-05,0.0007860492,-0.0042940644,0.0002157070763738981,2.280268290633103e-06,1.9357091408285973e-06,2.8454544462874765e-06,2.426102128083585e-06,2.426102128083585e-06,2.8454544e-06,2.937856e-06,0.9790788929133267
S00040,51147,1,1.8303531408309937,0.0,0.00058869005,0.013543881,0.0007992202105621496,7.542979680389787e-05,3.6383889285692326e-05,5.5742716540407855e-06,5.296107701724395e-06,5.296107701724395e-06,5.5742717e-06,5.5742717e-06,0.8275200453469387
S00040,51800,1,1.9804871082305908,0.0,0.0011764301,0.002359399,0.00022228963158947104,1.4354256563819945e-05,1.4139005846421545e-05,1.584938399901148e-05,1.517108285042923e-05,1.517108285042923e-05,1.5849384e-05,1.5849384e-05,0.8786847471461281
S00040,24003,1,1.8611892461776733,1.5212249e-05,0.0014114776,0.023229612,0.001967962831258774,4.0802514376991894e-05,2.5474319803227747e-05,8.529108527000062e-06,7.440889021381736e-06,7.440889021381736e-06,8.5291085e-06,8.571821e-06,0.9593755293861085
S00040,34005,1,2.1728622913360596,1.9031579e-05,0.00057157513,0.009562086,0.0005251957991276868,3.584734182974595e-06,2.5033655219885986e-06,1.9286389942863025e-06,1.633023771319131e-06,1.633023771319131e-06,1.928639e-06,1.9500326e-06,0.9864415047182967
S00040,51131,1,1.499145746231079,0.0,0.00050818385,0.007371722,0.0007612655075111737,1.853286630648654e-05,3.378793159451258e-05,1.1030117093469016e-05,1.091424473997904e-05,1.091424473997904e-05,1.1030117e-05,1.1030117e-05,0.9524675430758975
S00040,51179,1,1.713957667350769,0.0,0.00019274092,0.003993715,0.00018052939534148513,1.7026791852003953e-06,7.83614429640996e-07,2.306131676732548e-07,2.8911074423376704e-07,2.8911074423376704e-07,2.3061317e-07,2.3061317e-07,0.9813130680795596
S00040,37019,1,1.5308856964111328,0.0,0.0003926503,0.01761776,0.0017800928714374702,0.0005235615826677531,0.00027425316511653364,1.3544503190132673e-06,1.235689069289947e-06,1.235689069289947e-06,1.3544503e-06,1.3544503e-06,0.5454512878572207
S00040,51115,1,1.7582833766937256,0.0,0.0027699235,0.0072194235,0.0008002473720504592,4.866256616272343e-05,5.762881846749224e-05,6.915929407114163e-05,6.721427052980289e-05,6.721427052980289e-05,6.9159294e-05,6.9159294e-05,0.8853528178380141
S00040,34007,1,2.096832752227783,0.0,0.00037801213,0.009446193,0.0005575982601537058,2.459125274375159e-06,2.3537528856347003e-06,1.404094518875354e-06,1.29690829453466e-06,1.29690829453466e-06,1.4040945e-06,1.4040945e-06,0.9912183096291265
S00040,51047,1,1.7042912244796753,0.0,0.0005276594,-0.00056429533,8.04560901694155e-05,7.819426324810289e-06,7.458383606717689e-06,8.398370482609607e-06,8.140126737998798e-06,8.140126737998798e-06,8.3983705e-06,8.3983705e-06,0.82284042879949
S00040,37041,1,1.5556637048721313,0.0,2.2726446e-05,0.004396361,0.00018796765652950853,4.447802060288571e-06,4.985936736071987e-06,3.915004320731441e-09,2.2398434396109224e-07,2.2398434396109224e-07,3.9150043e-09,3.9150043e-09,0.9537687658477516
S00040,37079,1,1.2450006008148193,0.0,0.0040460625,0.02701355,0.0027017454461505017,0.000576174808278059,0.00043414137326180935,0.0004345614288467914,0.00043127790559083223,0.00043127790559083223,0.00043456143,0.00043456143,0.648450991143161
S00040,51083,1,2.0495219230651855,0.0,0.0018101434,0.0012099394,0.00024162922151541957,3.258683985526053e-05,3.105222276644781e-05,3.2210242352448404e-05,3.084147101617418e-05,3.084147101617418e-05,3.2210242e-05,3.2210242e-05,0.7623272707486651
S00040,51079,1,2.0359678268432617,0.0,0.00029923284,-0.00073818635,0.00010080731832810368,1.983599076993414e-06,1.946671015199778e-06,2.129983840859495e-06,2.074720441669342e-06,2.074720441669342e-06,2.1299838e-06,2.1299838e-06,0.9614051683345507
S00040,24041,1,1.6084569692611694,0.0,3.6171867e-05,0.0035548352,0.00015450060891453177,1.3653562897767793e-05,1.2175484698673245e-05,9.651317078862576e-09,2.2147872869027196e-07,2.2147872869027196e-07,9.651317e-09,9.651317e-09,0.8376066112352129
S00040,24033,1,2.0062875747680664,3.071279e-05,0.00020441746,0.006224057,0.0002038558062243586,5.347906456639369e-06,2.550580272024187e-06,1.6257659751772735e-07,2.166752892662771e-07,2.166752892662771e-07,1.625766e-07,1.7418976e-07,0.9488736945620647
S00040,51059,1,2.1070711612701416,0.0,0.0004419644,0.004760959,0.0001563744238713601,9.367730247807534e-07,6.441944625142545e-07,6.96193922067323e-07,5.117266823617683e-07,5.117266823617683e-07,6.961939e-07,6.961939e-07,0.9880901926466272
S00040,24015,1,2.1481752395629883,0.0,0.00068860344,0.0023085894,7.749530535268907e-05,7.717808027033849e-06,7.583561000501504e-06,7.690528946113773e-06,7.3550963861634955e-06,7.3550963861634955e-06,7.690529e-06,7.690529e-06,0.8188586774750948
S00040,37063,1,1.5624769926071167,5.737037e-06,0.0021484308,0.0051594977,0.0002886340080294758,4.431223230009588e-05,3.353066373771677e-05,3.9500577258877456e-05,3.787794048548676e-05,3.787794048548676e-05,3.9500577e-05,3.95252e-05,0.7338174940420845
S00040,24031,1,2.1252691745758057,0.0009113017,0.0003746499,0.0011858393,0.00010666573750010382,2.3721246786105135e-06,1.7268719147978118e-06,9.333664934274566e-07,7.089463451848133e-07,7.089463451848133e-07,9.333665e-07,7.8573396e-07,0.9564898901865376
S00040,51510,1,2.003297805786133,0.0,9.127309e-05,0.011658272,0.000934540068556089,4.4666037031978095e-07,6.36182609999499e-07,5.302516470351293e-08,2.0176247517156298e-07,2.0176247517156298e-07,5.3025165e-08,5.3025165e-08,0.9990445631868322
S00040,37163,1,1.1430834531784058,0.0,0.00041842792,0.012216127,0.0006604538357350975,0.0002865798026808382,0.00017669446848837347,2.7877983939106343e-06,2.7486012186273e-06,2.7486012186273e-06,2.7877984e-06,2.7877984e-06,0.3947843222122744
S00040,51137,1,1.6684335470199585,0.0,0.00029242696,0.0047959853,0.00012253880595380906,1.0211820002344515e-05,3.5783017059050812e-06,2.110871264449088e-06,2.073691803161637e-06,2.073691803161637e-06,2.1108713e-06,2.1108713e-06,0.8461503299318921
S00040,51107,1,1.8002701997756958,1.3095998e-06,0.00027425206,0.0025767798,6.144080634840066e-05,1.8264003074364155e-06,1.6872883937442869e-06,1.596905690348649e-06,1.5813097888894845e-06,1.5813097888894845e-06,1.5969057e-06,1.5976224e-06,0.9422639182611072
S00040,51165,1,2.2540414333343506,0.0,0.00066098466,-0.00041587575,0.000220304533286253,5.130962563271169e-06,5.09221202567763e-06,5.3622384257323574e-06,4.932755018671742e-06,4.932755018671742e-06,5.3622384e-06,5.3622384e-06,0.9544795504014503
S00040,51600,1,2.0827648639678955,0.0,1.0470455e-06,0.0046260827,0.000250004622406171,5.333694351368953e-07,7.802924102406905e-07,3.7225732912871123e-11,2.4022176603466505e-07,2.4022176603466505e-07,3.7225733e-11,3.7225733e-11,0.9957422071501657
S00040,24510,1,1.9492483139038086,1.391958e-05,0.0005366832,0.013962882,0.0008684800510915617,3.956173107629486e-06,3.936771008739015e-06,3.2246659884549445e-06,2.9278658075782005e-06,2.9278658075782005e-06,3.224666e-06,3.2394132e-06,0.9909307454278142
S00040,51117,1,1.9248536825180054,0.0,0.0013554657,0.0053471513,0.00028738002583850175,2.6781164706335403e-05,2.2664399390729766e-05,2.061677150777541e-05,1.9708040781551972e-05,1.9708040781551972e-05,2.0616772e-05,2.0616772e-05,0.8295068550008363
S00040,51099,1,1.971030354499817,0.0,0.00026522952,0.0028638965,0.00018457055072455356,3.298781545405897e-06,2.085448424319717e-06,5.230865554040065e-07,5.205458819546038e-07,5.205458819546038e-07,5.2308656e-07,5.2308656e-07,0.964882170969068
S00040,37077,1,1.7113265991210938,0.0,0.0005267133,0.0029773787,0.00045888420815269154,2.461384406160505e-05,8.729410031567872e-06,2.4076559839159017e-06,2.207251327490667e-06,2.207251327490667e-06,2.407656e-06,2.407656e-06,0.8981843093312166
S00040,51111,1,1.892971158027649,0.0,0.0008354495,0.0048490707,0.00029779859566284966,1.1021483715012437e-05,8.583579832096197e-06,6.197898983373307e-06,5.7538181863492355e-06,5.7538181863492355e-06,6.197899e-06,6.197899e-06,0.9286219747290013
S00040,42079,1,2.2702908515930176,0.0,0.00025741794,-0.0004918175,0.0001139836943669555,1.77989879072508e-06,1.1361861993464117e-06,9.57287284109043e-07,9.38362063607201e-07,9.38362063607201e-07,9.572873e-07,9.572873e-07,0.9692494204408341
S00040,37029,1,1.7853935956954956,0.0,0.00012838507,0.013401455,0.000982273001379023,8.852174535907883e-06,9.31675291819071e-06,2.774327185761649e-07,4.2712943582046137e-07,4.2712943582046137e-07,2.7743272e-07,2.7743272e-07,0.9821371210195802
S00040,51049,1,1.633109450340271,0.0,0.004203665,0.008034141,0.0005362162967988601,0.00035345354505504173,0.00035967865066292387,0.00038010746357031167,0.00037649591104127467,0.00037649591104127467,0.00038010746,0.00038010746,0.20542761274561777
S00040,51057,1,1.857496738433838,0.0,0.0006283227,0.0030432423,0.00015344077352589616,1.0344246523648811e-05,1.0097591863692893e-05,9.76174578681821e-06,9.455435247218702e-06,9.455435247218702e-06,9.761746e-06,9.761746e-06,0.8736850718030296
S00040,42087,1,8.158981323242188,0.0,0.00032479258,-0.003524316,0.00045970576926871826,3.0124604109005304e-06,2.2116245569729167e-06,2.1806106360600097e-06,2.0644658889068523e-06,2.0644658889068523e-06,2.1806106e-06,2.1806106e-06,0.9869792879654371
S00040,42043,1,6.978222370147705,0.0,0.0001353853,-0.002634287,8.98386001608742e-05,9.068853567365901e-07,3.4486798009917646e-07,1.3446060620481148e-07,2.3242887436936144e-07,2.3242887436936144e-07,1.344606e-07,1.344606e-07,0.9800125515541906
S00040,51091,1,7.0695953369140625,0.0,0.0033668156,0.0063076233,0.00048592873887779814,0.00022789985329533616,0.00022816046354516098,0.00023152914945967495,0.00022832753893453628,0.00022832753893453628,0.00023152915,0.00023152915,0.36147177125104396
S00040,36081,1,6.348237991333008,2.7632768e-07,2.7692256e-05,0.0060766684,0.0002944606894743629,1.7184106866352522e-06,2.2257905101241704e-06,3.4667273496324924e-09,2.1765082180991158e-07,2.1765082180991158e-07,3.4667273e-09,3.4819554e-09,0.9883961381089945
S00040,51171,1,6.629723072052002,0.0,0.00025201682,-0.0020947726,0.00042078515252796933,2.7876549211214297e-06,2.288028933132106e-06,2.185945959354285e-06,2.1948681023786776e-06,2.1948681023786776e-06,2.185946e-06,2.185946e-06,0.9868374226480227
S00040,45067,1,4.735362529754639,0.0,3.22713e-06,0.0042918613,0.0003630723610209922,1.9297393919259775e-05,1.2311749742366374e-05,4.133436926068157e-10,2.3808090077181987e-07,2.3808090077181987e-07,4.133437e-10,4.133437e-10,0.8990642242492473
S00040,24017,1,5.610865116119385,0.0,0.00014070736,0.0019014219,6.892389986508836e-05,3.40057700517112e-06,2.0119924878751285e-06,8.832049758211724e-08,1.8713234339884366e-07,1.8713234339884366e-07,8.83205e-08,8.83205e-08,0.9059633155378005
S00040,51031,1,6.177752494812012,0.000100075056,0.00044955593,0.00078135333,8.061810876824893e-05,1.9031734836971737e-06,1.1618928018227355e-06,1.0484524182174937e-06,9.606868616174324e-07,9.606868616174324e-07,1.0484524e-06,1.1284161e-06,0.9538743598799984
S00040,54071,1,7.351809978485107,0.0,0.009898732,-0.0002567434,0.0013288248252744477,0.0013035984011366963,0.0013031087970981996,0.0013136934721842408,0.0013044713996350765,0.0013044713996350765,0.0013136935,0.0013136935,0.009582966707121492
S00040,51121,1,7.586308479309082,6.8172136e-05,0.0004485336,-0.001423042,7.92482060205657e-05,3.888420602985813e-06,3.7667366541427327e-06,3.7564750527963042e-06,3.7613701806549216e-06,3.7613701806549216e-06,3.756475e-06,3.8129829e-06,0.9064570993337784
S00040,51660,1,6.434073448181152,0.0,0.0,0.0018965644,6.662822609844928e-05,4.5218220634524187e-07,4.0787959676436003e-07,0.0,2.412281219221768e-07,2.412281219221768e-07,0.0,0.0,0.9865182035180629
S00040,34011,1,5.804031848907471,0.0,0.0011995601,1.9947242e-05,0.00015549836098216474,1.0779563429726599e-05,1.0726349501055665e-05,1.2510966371337418e-05,1.1635976989055052e-05,1.1635976989055052e-05,1.2510966e-05,1.2510966e-05,0.870342819495097
S00040,42077,1,6.754301071166992,9.422051e-06,0.00019926166,0.006290682,0.00015904910833342,1.7320856310713377e-06,9.31670873190645e-07,2.8660838324867655e-07,3.324824149331107e-07,3.324824149331107e-07,2.8660838e-07,2.9027456e-07,0.9784541265260929
S00040,42035,1,9.19585132598877,0.0,4.4988585e-05,-0.0029209864,8.676777482226801e-05,4.544067238043681e-07,3.1374227186612796e-07,1.526977477794844e-08,2.1469365663051576e-07,2.1469365663051576e-07,1.5269775e-08,1.5269775e-08,0.9895804779071172
S00040,51840,1,5.234439373016357,0.0,0.00043599994,0.0006656177,6.305488326082316e-05,1.2147634758245355e-05,1.213388441101415e-05,1.2379856343613937e-05,1.218342822539853e-05,1.218342822539853e-05,1.2379856e-05,1.2379856e-05,0.6769354250833682
S00040,34019,1,6.544582843780518,0.0,0.0015226863,0.012024753,0.00047807641870652634,7.881976065012472e-06,6.077642107508534e-06,8.768014595261775e-06,7.463886504410766e-06,7.463886504410766e-06,8.768015e-06,8.768015e-06,0.9675611074947353
S00040,54101,1,8.841002464294434,0.0,0.0007568139,-0.003256801,0.00015672454295175461,9.922090005905678e-06,9.748579032020643e-06,1.0432862836751156e-05,9.865248102869373e-06,9.865248102869373e-06,1.0432863e-05,1.0432863e-05,0.8809206063176016
S00040,24013,1,5.995384216308594,9.1312286e-05,0.00039747567,0.0026426648,5.298901548182281e-05,1.6630713920070168e-06,1.256144325149459e-06,7.539529747191409e-07,6.73143233598239e-07,6.73143233598239e-07,7.53953e-07,8.182039e-07,0.9391396930241146
S00040,42109,1,7.167490005493164,0.0,0.00090697926,0.006086588,0.0003170976827580792,1.2361817728863874e-05,1.2120429346396122e-05,1.3143670003046282e-05,1.2398149010550696e-05,1.2398149010550696e-05,1.314367e-05,1.314367e-05,0.9249569812945566
S00040,54037,1,4.830754280090332,0.0,0.00078101427,-0.00086989894,0.00010634316883321542,6.9212389159171534e-06,7.023621189243083e-06,7.799154445820022e-06,7.265550721058389e-06,7.265550721058389e-06,7.799154e-06,7.799154e-06,0.8777861633065368
S00040,37017,1,4.3224005699157715,0.0,0.00017384291,0.002341562,0.00036642498647173244,1.3523580681370126e-05,1.2819531624093846e-05,1.0909067214015522e-06,1.2059826985932887e-06,1.2059826985932887e-06,1.0909067e-06,1.0909067e-06,0.9288136245244968
S00040,42061,1,8.649169921875,0.0,0.00017908077,0.0016458014,0.0001307167682777314,1.8082883836238277e-06,1.012345175392208e-06,4.2713429593277397e-07,4.946448939335824e-07,4.946448939335824e-07,4.271343e-07,4.271343e-07,0.9727102416829055
S00040,37033,1,6.265885353088379,0.0,0.0001964719,-0.0020014425,0.00010099224164150655,2.093468026487244e-06,1.8042164147876367e-06,3.767652856367931e-07,4.575041430143756e-07,4.575041430143756e-07,3.7676529e-07,3.7676529e-07,0.959383933365165
S00040,54041,1,7.810218334197998,0.0,0.00045417255,-0.004520387,0.00017306964946328662,3.2264467032897906e-06,3.124814384136698e-06,3.274916252848925e-06,3.018444658664521e-06,3.018444658664521e-06,3.2749163e-06,3.2749163e-06,0.9633974118151633
S00040,34031,1,6.844222545623779,0.0,0.0003305813,-0.0042012534,0.00020961268698253358,2.0035493169719607e-06,1.3580079591217025e-06,7.125545380404219e-07,6.644452241744148e-07,6.644452241744148e-07,7.1255454e-07,7.1255454e-07,0.9810643138541005
S00042,37121,5,1.0,0.0,0.00046530686,-0.00013853006,0.0025801982653016844,2.233899143296488e-06,2.3145636684300066e-06,2.380838623139425e-06,2.1363630366977304e-06,2.1363630366977304e-06,2.3808386e-06,2.3808386e-06,0.9982699261773045
S00042,37111,5,1.0,2.1514013e-05,0.00057724287,-0.001880616,0.002088429561505715,7.667975144916758e-06,7.354205081355758e-06,7.737300620647147e-06,7.373050266323844e-06,7.373050266323844e-06,7.737301e-06,7.761676e-06,0.992683570291133
S00042,13243,5,1.0,0.00083455036,0.00063207047,0.0033868772,9.852393244121534e-05,1.8640074813447427e-05,1.6491923512755118e-05,1.2262568816368002e-05,1.224075549544068e-05,1.224075549544068e-05,1.2262569e-05,1.2621085e-05,0.6818122689687091
S00042,12019,5,1.0,7.140069e-06,0.0031963543,0.047173277,0.009457836082826057,0.0016320654152271648,0.0025797278697912893,0.00016000393952708691,0.0001576262293383479,0.0001576262293383479,0.00016000394,0.00016004953,0.7056663820659423
S00042,12065,5,1.0,0.0,0.0049744146,0.033657297,0.0027017261212070784,0.0011514987078650545,0.0010606871801428497,0.0003620003117248416,0.0003577152674552053,0.0003577152674552053,0.0003620003,0.0003620003,0.4023194809827183
S00042,13051,5,1.0,5.3755182e-05,0.00094926957,0.0027678057,0.00024252795992651954,5.50553325714039e-06,5.505551598616876e-06,7.035810540401144e-06,6.491283329523867e-06,6.491283329523867e-06,7.0358105e-06,7.1349764e-06,0.9556065337267678
S00042,13309,5,1.0,0.0,1.2972995e-05,0.011370287,0.0005431691048822055,0.0001542971240269253,0.0004574979345003764,7.270499757794369e-09,2.355169641532484e-07,2.355169641532484e-07,7.2704998e-09,7.2704998e-09,0.5575495482605571
S00042,12055,5,1.0,0.0,0.0019189189,0.007827137,0.0004987179127056152,7.792668475303799e-05,7.642468942018847e-05,6.843011942692101e-05,6.776573718525469e-05,6.776573718525469e-05,6.843012e-05,6.843012e-05,0.7297236977629864
S00042,13029,5,1.0,0.0,0.00021312486,0.0022213634,0.00017796590691432357,4.162866540961356e-06,4.7362631979315966e-06,5.485092628987331e-07,6.195775767992018e-07,6.195775767992018e-07,5.4850926e-07,5.4850926e-07,0.9542865582193866
S00042,13253,5,1.0,0.0,0.0,0.0027962008,0.00016674312549488,1.0794293454334062e-05,6.25718344811806e-06,0.0,2.412281219221768e-07,2.412281219221768e-07,0.0,0.0,0.8783997929200283
S00042,12057,5,1.0,0.0007152074,0.0012835024,0.0023087985,0.000637660690699704,1.9487404642859474e-05,2.3078669983078726e-05,1.6576041161897592e-05,1.6705049347365275e-05,1.6705049347365275e-05,1.6576041e-05,1.7900462e-05,0.9406909803711722
S00042,12009,5,1.0,0.0024571694,0.019843629,0.023659158,0.0017977475266282756,0.0010993050721784432,0.001144304289482534,0.0017933800118044019,0.0018455454846844077,0.0018455454846844077,0.00179338,0.0018848609,0.24108725355470498
S00042,13287,5,1.0,0.0,0.001007415,0.012414763,0.0005327964220972111,0.000342262404349943,0.0002565188381898527,2.5923329303623177e-05,2.5231607651221566e-05,2.5231607651221566e-05,2.592333e-05,2.592333e-05,0.21773852452967024
S00042,12083,5,1.0,6.516158e-05,0.008235549,0.018541109,0.00212762295268476,0.00012157550130117063,0.00016658680639617765,0.0004057002952322364,0.0003994186408817768,0.0003994186408817768,0.0004057003,0.00040676937,0.8918943758958041
S00042,13177,5,1.0,0.0,0.00011391093,0.01323876,0.0009133544323655466,6.90027627570089e-05,8.622783298051218e-05,2.522031365970179e-07,3.8989972495073744e-07,3.8989972495073744e-07,2.5220314e-07,2.5220314e-07,0.8595159416562317
S00042,12111,5,1.0,0.0017473006,0.0030973265,0.0051907785,0.0001846019683095316,5.124707240611315e-05,5.620264225096131e-05,5.0852642743848264e-05,5.323908044374548e-05,5.323908044374548e-05,5.0852643e-05,5.8623504e-05,0.5654247967207124
S00042,13153,5,1.0,1.8891213e-05,0.00019413781,0.0028686086,0.0001884001879564797,1.7281756906110484e-05,1.720300679153297e-05,9.733818160384544e-07,1.0234247156404308e-06,1.0234247156404308e-06,9.733818e-07,9.803599e-07,0.8319565004341447
S00042,13209,5,1.0,0.0,0.00037423163,0.003399943,0.00043509296180369955,3.0126831309947495e-05,7.072012886055745e-05,5.796149707748555e-06,5.674800831911853e-06,5.674800831911853e-06,5.7961497e-06,5.7961497e-06,0.870483449948193
S00042,37027,5,1.0,0.0,5.5297794e-05,-0.0028645007,0.0015707955074807007,4.6250095901238336e-07,2.9429952045726776e-07,8.159239683891428e-08,2.6798460339705343e-07,2.6798460339705343e-07,8.15924e-08,8.15924e-08,0.9994112985180942
S00042,13127,5,1.0,7.917343e-05,0.00084197364,-0.0017356786,0.0003485524842593198,9.92859016453925e-06,1.0789786453339426e-05,8.982695362647064e-06,8.616240847914014e-06,8.616240847914014e-06,8.982695e-06,9.10975e-06,0.9446074514226661
S00042,12069,5,1.0,1.148074e-06,0.0031406123,0.0018328221,0.0001542647514725104,5.653572952724062e-05,5.435799054491023e-05,7.62695271987468e-05,7.384331547655165e-05,7.384331547655165e-05,7.626953e-05,7.6276745e-05,0.46360910317555304
S00042,13095,5,1.0,4.950691e-06,3.7508362e-05,0.0013376481,0.00022617403010372072,3.507460011557365e-05,3.436429688008502e-05,1.7181896794227214e-08,2.2881987149503402e-07,2.2881987149503402e-07,1.7181897e-08,1.7528775e-08,0.7314849070318055
S00042,12085,5,1.0,0.0002711101,0.0025692338,0.0013800699,0.00025274943618569523,4.194333087070845e-05,4.262184059674231e-05,4.8450936446897686e-05,4.771057137986645e-05,4.771057137986645e-05,4.8450936e-05,4.9770526e-05,0.7153419726607638
S00042,12127,5,1.0,0.0007969715,0.008979688,0.036027856,0.00550101949678113,0.0004440403718035668,0.0004469033592613414,0.0005162219749763608,0.0005192697863094509,0.0005192697863094509,0.000516222,0.0005298999,0.8506187047333211
S00042,13239,5,1.0,0.0,5.0714054e-05,0.00012715801,8.257067626497398e-05,3.2984546957474472e-06,3.9757056290075825e-06,8.065526913014764e-08,2.9426234959828435e-07,2.9426234959828435e-07,8.065527e-08,8.065527e-08,0.9231748438852551
S00042,12015,5,1.0,2.3617298e-05,0.0004691793,0.00096340093,0.00020289358023243645,3.421120027269353e-06,3.6277481285651447e-06,3.081979684793623e-06,3.0113135380815947e-06,3.0113135380815947e-06,3.0819797e-06,3.1035834e-06,0.9668359062833342
S00042,13125,5,1.0,0.0,0.00063767994,0.0017348577,0.00011494613621228685,1.255202247799995e-05,1.3280361599754542e-05,1.2725658052659128e-05,1.2334626262600068e-05,1.2334626262600068e-05,1.2725658e-05,1.2725658e-05,0.8031026862357942
S00042,12011,5,1.0,6.236829e-05,0.00014312714,-0.0002671508,0.00027085190231446177,1.2029213583749272e-06,1.239953074142856e-06,1.771192614796746e-07,3.450450378750247e-07,3.450450378750247e-07,1.7711926e-07,1.9108263e-07,0.9911567724318573
S00042,12029,5,1.0,0.0,0.0029169633,0.03471691,0.005314169451594353,0.00284149416256696,0.003800904882761339,0.00010177517833653837,9.94729925878346e-05,9.94729925878346e-05,0.00010177518,0.00010177518,0.3031850510280849
S00042,12061,5,1.0,0.002036426,0.0138948,0.01683369,0.0008054954620699087,0.0013846869114786386,0.0013779128591219585,0.0015889530768617988,0.0016136791091412306,0.0016136791091412306,0.0015889531,0.0016413976,-0.2644489593212826
S00042,13101,5,1.0,0.0,0.00040563341,0.039523967,0.006576611505200465,0.0008738195368399223,0.00048642233256638673,9.575603144185152e-06,9.446527656109538e-06,9.446527656109538e-06,9.575603e-06,9.575603e-06,0.7654311456856014
S00042,13005,5,1.0,0.0,0.00049943256,0.008524512,0.0004632828931789845,7.639035781418594e-06,7.63345163553216e-06,7.129071491362993e-06,6.870070592412958e-06,6.870070592412958e-06,7.1290715e-06,7.1290715e-06,0.9675571031560056
S00042,13319,5,1.0,0.0,0.00043362062,0.0046560895,0.0001276074787407803,1.2285366665309994e-05,1.1747732060030103e-05,4.462406195671065e-06,4.274938874004874e-06,4.274938874004874e-06,4.462406e-06,4.462406e-06,0.8243603290840613
S00042,13249,5,1.0,0.0,0.0007482927,0.0028512396,0.00013448515286048254,3.1753680256467e-05,3.547285208090519e-05,2.450413376209326e-05,2.4002070858841762e-05,2.4002070858841762e-05,2.4504134e-05,2.4504134e-05,0.6179751787101612
S00042,12119,5,1.0,0.0,0.0024432908,0.00092188787,0.00020727239704380432,7.64561021545281e-05,8.235468461255853e-05,7.412381819449365e-05,7.232101779663935e-05,7.232101779663935e-05,7.412382e-05,7.412382e-05,0.46106152627915165
S00042,45085,5,1.0,0.0,0.00024580644,-0.005147733,0.0004886568409953421,1.5297837686982045e-06,1.3746271747550054e-06,9.666014193498995e-07,9.526313533569919e-07,9.526313533569919e-07,9.666014e-07,9.666014e-07,0.9937583618507152
S00042,12129,5,1.0,0.0,0.00033686406,0.0024148142,0.00020197594373409325,1.675452525281192e-05,1.1792949711283049e-05,2.8428894438548014e-06,2.788145593513036e-06,2.788145593513036e-06,2.8428894e-06,2.8428894e-06,0.8468020908983195
S00042,12037,5,1.0,0.0,0.00070232665,-0.0029221573,0.00040425282592574757,1.107226641276308e-05,1.1208218590278799e-05,8.743256330490112e-06,8.25945426186081e-06,8.25945426186081e-06,8.743256e-06,8.743256e-06,0.9466814472950811
S00042,13277,5,1.0,0.0,0.00014817216,0.010605351,0.0008690778389185047,0.00020331193445599638,0.0001642579542628179,2.8673673568846425e-07,4.4253465603105724e-07,4.4253465603105724e-07,2.8673674e-07,2.8673674e-07,0.6208245555788313
S00042,13099,5,1.0,0.0,0.00037253252,-0.0042268033,0.0004346219648141414,4.6691203957986245e-06,5.679245380936966e-06,2.325886498510954e-06,2.2190733943716623e-06,2.2190733943716623e-06,2.3258865e-06,2.3258865e-06,0.9787424759891622
S00042,13039,5,1.0,0.0,0.00077682425,0.0063947244,0.0015645684907212853,3.9027760673585966e-05,4.626969348464627e-05,1.199548933072947e-05,1.1629283108050004e-05,1.1629283108050004e-05,1.1995489e-05,1.1995489e-05,0.9513247045325304
S00042,13229,5,1.0,0.0,0.0019646648,0.0014276442,0.0002888798965917279,0.00011345508391968906,0.00011456464077734078,0.00011784051457652822,0.00011606715997913852,0.00011606715997913852,0.000117840515,0.000117840515,0.4360168048253037
S00042,45063,5,1.0,0.0,5.6162076e-05,-0.0021338863,0.00017510444619498836,4.907010335841733e-07,1.843732692445125e-07,4.116278873311785e-08,2.2486418060907454e-07,2.2486418060907454e-07,4.116279e-08,4.116279e-08,0.9944109955049564
S00042,37011,5,1.0,0.0,0.0,-0.0018138567,0.00251936501202484,3.252781788272892e-07,2.658658833828061e-08,0.0,2.412281219221768e-07,2.412281219221768e-07,0.0,0.0,0.9997418109836022
S00042,12101,5,1.0,0.0,0.001220576,0.0010867858,0.00011621954763540998,3.514811881662657e-05,3.562963805355442e-05,2.1712252419092692e-05,2.097246760968119e-05,2.097246760968119e-05,2.1712252e-05,2.1712252e-05,0.5355927769717734
S00042,12109,5,1.0,3.1029755e-05,0.0061118873,0.055516616,0.01172177866101265,0.0009066826896741986,0.0015261904991348274,0.0002706720260903239,0.00026593072107061744,0.00026593072107061744,0.00027067203,0.00027105035,0.8564064671861413
S00042,13075,5,1.0,0.0,0.00016553256,0.008657301,0.0014950317660501848,0.00023726653550208235,0.0002511582085086654,1.441205768060172e-06,1.5349976365541806e-06,1.5349976365541806e-06,1.4412058e-06,1.4412058e-06,0.7260673461499395
S00042,13065,5,1.0,0.0,1.6139635e-05,0.019922663,0.001886339586538573,0.00018728337029945882,8.572800101092071e-05,1.0850069287471342e-08,2.3428194140251435e-07,2.3428194140251435e-07,1.0850069e-08,1.0850069e-08,0.8193660330757158
S00042,13201,5,1.0,0.0,5.247691e-05,0.00040004554,0.0003234826435800642,5.995569229829319e-06,5.498119056331537e-06,6.196108159883806e-08,2.457690015944536e-07,2.457690015944536e-07,6.196108e-08,6.196108e-08,0.9636056710475803
S00042,12071,5,1.0,3.8141334e-05,0.00031287165,0.0018113456,0.00021790958514126638,1.5106030559763894e-06,1.6225450660082668e-06,1.1514667903611553e-06,1.2032955964969005e-06,1.2032955964969005e-06,1.1514668e-06,1.1738786e-06,0.9862309565187459
S00042,12115,5,1.0,8.918425e-05,0.0014544834,0.0019000769,0.0003591873197971533,1.7529793088518392e-05,1.8978174921358004e-05,2.0767765818163753e-05,2.000142922042869e-05,2.000142922042869e-05,2.0767766e-05,2.101924e-05,0.9069339167831305
S00042,37089,5,1.0,0.0,0.00029005532,-0.0053000576,0.0016970318198824923,5.779821018829049e-07,4.1507610148983076e-07,4.2698351876424567e-07,3.710777605192561e-07,3.710777605192561e-07,4.2698352e-07,4.2698352e-07,0.9993190636609104
S00042,13175,5,1.0,6.578082e-05,0.000594654,0.004023848,0.0001406180866373082,5.379238336900016e-05,6.428674108368189e-05,5.8626665122574195e-06,5.6246626627398655e-06,5.6246626627398655e-06,5.8626665e-06,5.936573e-06,0.44661022251265925
S00042,12123,5,1.0,0.0,0.004179826,0.038410738,0.004007120927174886,0.002042005129624158,0.0009694271526920298,0.00024310882145073265,0.00023962756677065045,0.00023962756677065045,0.00024310882,0.00024310882,0.324859455580694
S00042,12075,5,1.0,0.0,0.005089093,0.015383694,0.001294885587412864,0.0002579707943368703,0.0003371913553564809,0.00016219257668126374,0.0001581881078891456,0.0001581881078891456,0.00016219258,0.00016219258,0.6677467441693573
S00042,13179,5,1.0,0.0,0.0004163884,0.003410222,0.0001737416047641697,4.0098090418420424e-06,4.2442448678533156e-06,2.8580534490174614e-06,2.71450790023664e-06,2.71450790023664e-06,2.8580534e-06,2.8580534e-06,0.9548829575418385
S00042,12031,5,1.0,0.0,0.0018949838,0.02207077,0.004272494096464167,0.00018146635071995357,0.00042002657331371057,4.153417103225365e-05,4.023871952085756e-05,4.023871952085756e-05,4.153417e-05,4.153417e-05,0.9185146105935088
S00042,12107,5,1.0,3.2755204e-05,0.011042995,0.050912283,0.006222435661281149,0.001442285836674273,0.0019080859104481835,0.0006651505245827138,0.0006561966729350388,0.0006561966729350388,0.0006651505,0.00066587294,0.6236560357583755
S00042,12027,5,1.0,0.0,0.0007086226,-0.004585351,0.000324931439536158,6.317690501115673e-06,6.813999031389055e-06,6.391447641362902e-06,6.090042461437406e-06,6.090042461437406e-06,6.3914476e-06,6.3914476e-06,0.961855353398786
S00042,12023,5,1.0,0.0,0.0061214617,0.04337206,0.0093490583046029,0.000583332177484408,0.0010947763391110736,0.00018287368584424257,0.00017740287876222283,0.00017740287876222283,0.00018287369,0.00018287369,0.8825394191788118
S00042,13061,5,1.0,0.0,2.9048657e-05,-0.0005584972,8.787929315682656e-05,5.227072885342447e-06,4.999207921703904e-06,2.5631166522543936e-08,2.4282826416310854e-07,2.4282826416310854e-07,2.5631167e-08,2.5631167e-08,0.8877182494057378
S00042,37199,5,1.0,0.00037941066,0.001454188,-0.005764213,0.0027930138943096003,5.2275071842207886e-05,5.261412661639042e-05,5.204197077546269e-05,5.17039152327925e-05,5.17039152327925e-05,5.204197e-05,5.3001495e-05,0.9632549997809826
S00042,12081,5,1.0,0.000360419,0.0009674555,0.0071487464,0.0005607927838961283,9.001607092310829e-06,1.075356613000622e-05,8.98110829439247e-06,8.853930012264755e-06,8.853930012264755e-06,8.981108e-06,9.548585e-06,0.96840401648498
S00042,37023,5,1.0,0.0,0.00025731509,-0.0008357685,0.0014473980603118737,7.40868813409179e-07,6.439719300033175e-07,6.035897968104109e-07,5.752133347414201e-07,5.752133347414201e-07,6.035898e-07,6.035898e-07,0.9989767987055542
S00042,12097,5,1.0,0.00023445806,0.0016520115,0.0026530134,6.594356212493342e-05,1.7852466044132598e-05,2.3478049115510657e-05,2.0141231289017014e-05,1.957648782990873e-05,1.957648782990873e-05,2.0141231e-05,2.0860913e-05,0.5739066293664028
S00042,12053,5,1.0,0.0,0.0006301166,0.001786771,0.00016200333144903803,9.233199095130355e-05,0.00014438920819278186,5.6477651924069505e-06,5.375771706894739e-06,5.375771706894739e-06,5.647765e-06,5.647765e-06,0.2739349762360846
S00042,13027,5,1.0,0.0,0.00036581885,0.033520475,0.0031544333323836327,0.0023787911874630177,0.002016629286420842,5.25747191204573e-06,5.233733190834755e-06,5.233733190834755e-06,5.257472e-06,5.257472e-06,0.1401790478840196
S00042,45019,5,1.0,1.825937e-06,8.1561695e-05,-0.003403027,0.0005820627096303118,8.843400773154523e-07,4.0641254273054983e-07,6.069290492405344e-08,2.259580469399225e-07,2.259580469399225e-07,6.0692905e-08,6.0987425e-08,0.9969659677400925
S00042,37189,5,1.0,0.0,0.00020588368,0.0017493803,0.00213843205710873,2.1893555792000066e-06,1.998477197654817e-06,2.022169610427227e-06,2.0506618056970183e-06,2.0506618056970183e-06,2.0221696e-06,2.0221696e-06,0.9979544672717716
S00042,13185,5,1.0,0.0,0.00010187219,0.017147493,0.0028963807029261566,0.0002796063951488274,0.0003881963493768126,2.0434745806596766e-07,3.5699397926691745e-07,3.5699397926691745e-07,2.0434746e-07,2.0434746e-07,0.8239247285870266
S00042,37149,5,1.0,0.0,0.00032385462,0.005024638,0.0007956462019744018,2.067046125375782e-06,2.0486715281246384e-06,2.044555003521964e-06,1.953581886482425e-06,1.953581886482425e-06,2.044555e-06,2.044555e-06,0.9948175710249274
S00042,45079,5,1.0,1.0063538e-05,0.00017611925,0.00014198117,7.655205020758633e-05,6.977411525591984e-07,5.039794075401005e-07,4.647521336664795e-07,5.276490355754504e-07,5.276490355754504e-07,4.6475213e-07,4.6819565e-07,0.9819354553514256
S00042,37009,5,1.0,4.561489e-05,6.433952e-05,-0.0016239615,0.0025868286611512303,3.2040172352291546e-07,5.8078336214369607e-08,3.6022253624423684e-08,2.2011448663761257e-07,2.2011448663761257e-07,3.6022254e-08,3.9811212e-08,0.9997523129006206
S00042,12079,5,1.0,0.0,0.003270622,0.045931842,0.006869307719171047,0.003132917588421454,0.002905195423712333,0.000280539330560714,0.0002779432979878038,0.0002779432979878038,0.00028053933,0.00028053933,0.3735558854001588
S00042,13299,5,1.0,0.00024603878,0.00016069406,0.008979408,0.0008692336656774083,7.924088095023762e-06,4.97050577526655e-06,6.755599315511063e-07,7.982456509125768e-07,7.982456509125768e-07,6.7555993e-07,6.940988e-07,0.9819323535340267
S00042,13191,5,1.0,0.00019623234,0.0018542787,2.8514536e-05,0.0004115983174415305,8.37075761713398e-05,8.304312117009734e-05,8.291332778753713e-05,8.212628017645329e-05,8.212628017645329e-05,8.291333e-05,8.360258e-05,0.661996446031529
S00042,12099,5,1.0,0.0024882108,0.0008457746,0.0038072835,0.00017134762310888618,1.2156753655290231e-05,1.3486256496738255e-05,6.255819243961014e-06,2.8571851089509437e-06,2.8571851089509437e-06,6.2558192e-06,4.2735574e-06,0.867504482785029
S00042,45053,5,1.0,0.0,0.0003225682,-0.0018530178,0.00021469261021896577,4.601614970548932e-06,4.257300285341141e-06,3.95536426367471e-06,3.846016170427902e-06,3.846016170427902e-06,3.9553643e-06,3.9553643e-06,0.9580325020727546
S00042,13049,5,1.0,0.0,0.00013316909,0.013374437,0.001596009669204553,0.00013418526577879675,3.726015008472435e-05,1.1252728171484705e-07,2.3218811406877649e-07,2.3218811406877649e-07,1.1252728e-07,1.1252728e-07,0.8448900027786891
S00042,12017,5,1.0,2.268232e-06,0.00062744966,0.0016315756,0.00036793235146130127,9.543424190875764e-05,0.00014077723123288402,5.581009190791519e-06,5.29460703546647e-06,5.29460703546647e-06,5.581009e-06,5.5838505e-06,0.5880832011877865
S00042,45015,5,1.0,0.0,3.1246127e-05,-0.0018594569,0.00012641767777192095,8.315965847790115e-07,3.788326511748134e-07,1.7356228454445954e-08,2.2650058895123948e-07,2.2650058895123948e-07,1.7356228e-08,1.7356228e-08,0.9869296451554148
S00042,45017,5,1.0,0.0,0.007728398,-0.004351085,0.0006437262248558303,0.00013231480746374777,0.00013715365397123,0.0001455960446037352,0.00013746687909588218,0.00013746687909588218,0.00014559604,0.00014559604,0.6590004859195131
S00042,12035,5,1.0,0.00024668415,0.0035748503,0.07349002,0.016121757216751575,0.00343419013855358,0.00504292274126783,0.00012571836123242974,0.00012424080341588706,0.00012424080341588706,0.00012571836,0.00012742123,0.6487830452640333
S00042,12095,5,1.0,3.6005706e-05,0.006731617,0.0041704373,0.0003943784734777485,0.0003369279341616978,0.00033695872601432103,0.00039528441266156733,0.000390339526347816,0.000390339526347816,0.0003952844,0.0003957679,0.07855878017190213
S00042,13003,5,1.0,0.0010601777,0.0022581364,0.009207851,0.0010171813773922622,0.00010360456265819569,0.00013218002277426422,9.645107638789341e-05,9.760480315890163e-05,9.760480315890163e-05,9.645108e-05,0.00010011516,0.8151215875289596
S00042,13283,5,1.0,0.00022060446,0.00046840144,-0.0017084292,0.00043987926134529215,2.676354112433425e-05,5.449102051594915e-05,9.300443707616068e-06,9.289577974413987e-06,9.289577974413987e-06,9.300444e-06,9.45844e-06,0.8852932436429198
S00042,12001,5,1.0,0.0,0.00598904,0.0631159,0.013151670961330334,0.0033895334151263037,0.004587451228871942,0.00020889569714199752,0.00020358426263555884,0.00020358426263555884,0.0002088957,0.0002088957,0.5901709043688885
S00042,12089,5,1.0,0.0,0.0015643314,0.0153502,0.0024949449968213835,0.00012116049038013443,0.0005198910657782108,2.7359188607078977e-05,2.63755937339738e-05,2.63755937339738e-05,2.7359189e-05,2.7359189e-05,0.9073733907345293
S00042,45081,5,8.779370307922363,0.0,0.00010089426,-0.006365936,0.00044714900650433265,1.4887410012912976e-06,6.570819361210548e-07,3.913838781954837e-07,5.279634933685884e-07,5.279634933685884e-07,3.9138388e-07,3.9138388e-07,0.9933632824720231
S00042,01109,5,11.474686622619629,0.0,4.399948e-06,0.00323189,0.0001110541610008416,7.044417126659633e-07,6.090086420347992e-07,4.378621354383938e-10,2.386482549354696e-07,2.386482549354696e-07,4.3786214e-10,4.3786214e-10,0.9873935125249946
S00042,45047,5,8.990433692932129,9.885591e-06,1.7803215e-05,-0.0014989374,0.0001246672751828252,1.083063035404545e-06,4.489988777815294e-07,5.389045654169422e-09,2.2960431067531317e-07,2.2960431067531317e-07,5.3890457e-09,5.643311e-09,0.9827743916914964
S00042,45083,5,9.657837867736816,6.8297745e-06,0.00022429846,0.00046299698,0.00010173777748908226,9.726153962219541e-07,7.413917160192796e-07,6.311535685199487e-07,6.505763963104982e-07,6.505763963104982e-07,6.3115357e-07,6.3417076e-07,0.9810610130309195
S00042,13009,5,7.675085067749023,0.0,0.0003089523,-0.00025409507,6.950415020886187e-05,5.271185879488864e-06,4.5051658617012436e-06,1.7727838894643355e-06,1.8451422647558502e-06,1.8451422647558502e-06,1.7727839e-06,1.7727839e-06,0.8590127131421863
S00042,54063,5,9.480798721313477,0.0,0.00035420785,-0.016496168,0.005191916095403333,1.3913078570719033e-06,1.4350126017840619e-06,1.3934975413576467e-06,1.282414814340882e-06,1.282414814340882e-06,1.3934975e-06,1.3934975e-06,0.9994641919882506
S00042,13001,5,7.464263916015625,0.0,0.0008221197,-0.0004247866,0.00043593446995752555,2.3304886781261303e-05,2.372282748789682e-05,2.4852297428878956e-05,2.4340271920664236e-05,2.4340271920664236e-05,2.4852297e-05,2.4852297e-05,0.8985065785878756
S00042,51197,5,8.171823501586914,0.0,0.00036357564,-0.008718399,0.0027147859412555895,1.0349004545181135e-06,1.0932523840286497e-06,1.0943781489913817e-06,9.539302254779614e-07,9.539302254779614e-07,1.0943781e-06,1.0943781e-06,0.9992378728091161
S00042,12041,5,5.638489246368408,0.0,0.0060925633,0.038632922,0.0075022409243198735,0.0015515052364207804,0.0012979703994157414,0.00036743542295880616,0.0003624187083914876,0.0003624187083914876,0.00036743542,0.00036743542,0.6572677853177501
S00042,37067,5,9.189050674438477,5.219185e-06,0.00017026141,0.000663467,0.0002812282230782633,7.950520929019452e-07,6.058708189963605e-07,3.4818947369785747e-07,4.207224435504031e-07,4.207224435504031e-07,3.4818947e-07,3.4993946e-07,0.9943617980294754
S00042,51063,5,8.318159103393555,0.0,0.0038694697,-0.003556897,0.0009338480303995311,0.00021046223506952325,0.00021332415053620934,0.0002164786128560081,0.0002126727777067572,0.0002126727777067572,0.00021647861,0.00021647861,0.6321587922078904
S00042,45067,5,8.048641204833984,0.0,8.866116e-05,-0.002074536,0.00031306293385569006,1.2316713953926712e-06,7.692912286453671e-07,1.2621107714494428e-07,2.7920739853470877e-07,2.7920739853470877e-07,1.2621108e-07,1.2621108e-07,0.9921623128439719
S00042,12021,5,10.84505558013916,7.37669e-06,0.00012236557,-0.0032759225,0.0008194791104566926,6.869235562589893e-07,4.672698044790498e-07,1.5358304494839103e-07,3.17115308234861e-07,3.17115308234861e-07,1.5358304e-07,1.5533394e-07,0.9983249158639307
S00042,13233,5,12.146933555603027,0.0,0.00011933475,-0.005652913,0.0003889916940048958,3.141363057087195e-07,2.5030323295519946e-07,7.116445743804434e-08,2.1200700928147853e-07,2.1200700928147853e-07,7.116446e-08,7.116446e-08,0.9983861720978693
S00042,13071,5,6.946819305419922,0.0,0.00012249952,0.026591612,0.001642390328925103,0.001596867691356844,0.001182788759858037,8.604754384577973e-07,9.961162277249969e-07,9.961162277249969e-07,8.6047544e-07,8.6047544e-07,0.014053415097910785
S00042,13033,5,8.58366584777832,0.0,0.00022961642,-0.0010718964,0.0003240076524283116,6.702950789379732e-06,6.660639580028753e-06,2.19332514461712e-06,2.2079980226408225e-06,2.2079980226408225e-06,2.1933251e-06,2.1933251e-06,0.9594633451473131
S00042,51005,5,9.837831497192383,0.0,0.005411592,-0.015242697,0.004471400966091703,0.00010302871426877876,9.92720015347004e-05,0.00010721528815338388,0.0001017243557726033,0.0001017243557726033,0.00010721529,0.00010721529,0.9549545095376089
S00042,37021,5,10.054286003112793,0.0,0.00029199582,-0.006570072,0.002663050739405056,5.308432188636895e-07,5.202782441908008e-07,5.273292345009395e-07,5.320380296325311e-07,5.320380296325311e-07,5.2732923e-07,5.2732923e-07,0.9996014064503775
S00042,37005,5,8.45700740814209,0.0,1.6287437e-05,-0.0011736281,0.0016390713475023706,4.363140343836373e-07,2.0381913934386375e-08,9.019421653988502e-09,2.3447283581390366e-07,2.3447283581390366e-07,9.019422e-09,9.019422e-09,0.9994677499292992
S00042,13305,5,7.863553047180176,0.0,0.0007013768,-0.00045530096,0.0004168758265829335,8.420764364321561e-06,7.982943012999991e-06,9.202060937241185e-06,8.81318555912003e-06,8.81318555912003e-06,9.202061e-06,9.202061e-06,0.960400508522459
S00042,13105,5,8.896111488342285,0.0,2.6754607e-05,0.0073173656,0.00027682048191005987,4.374104643526759e-06,3.710814780788496e-06,4.382532736713074e-08,2.555932212544576e-07,2.555932212544576e-07,4.3825327e-08,4.3825327e-08,0.9688891262300797
S00042,13211,5,9.063480377197266,0.0,0.00054380955,0.0013332012,0.00011004065163433552,7.327727113685493e-06,6.643798769800924e-06,6.050357114872895e-06,5.773104476247681e-06,5.773104476247681e-06,6.050357e-06,6.050357e-06,0.8751328561943
S00042,13111,5,10.347705841064453,0.0,3.68933e-06,0.000598183,0.0008738069057775041,1.3462455846398788e-07,3.979307272583554e-08,5.861438001630859e-10,2.3795713843810518e-07,2.3795713843810518e-07,5.861438e-10,5.861438e-10,0.9996919140382028
S00042,12117,5,7.232428073883057,0.00024501927,0.010955003,0.005694895,0.00040393188828602433,0.0006492749477426211,0.0006480177204745511,0.0008297361200675368,0.000824754883069545,0.000824754883069545,0.0008297361,0.00083504454,-0.2329486014178547
S00042,45059,5,9.305020332336426,0.0,0.0005352128,-0.0027180437,0.00017669125372776762,5.583540314546553e-06,5.2873604848476434e-06,5.7148945415974595e-06,5.431833415059373e-06,5.431833415059373e-06,5.7148945e-06,5.7148945e-06,0.9387349156652964
S00042,51141,5,8.723747253417969,0.0,0.0013333368,0.0069539836,0.0009067390540925165,5.478910300856417e-06,5.5214548713896266e-06,8.077699021669105e-06,6.8930189627280924e-06,6.8930189627280924e-06,8.077699e-06,8.077699e-06,0.9879877167196549
S00042,13035,5,8.532572746276855,0.0,0.00011781457,0.0022084108,0.0001055193497450091,4.030420086564845e-06,2.7196555549835466e-06,4.173092804649059e-07,5.498208679455274e-07,5.498208679455274e-07,4.1730928e-07,4.1730928e-07,0.9264184654561781
S00042,13167,5,3.7391583919525146,0.0,2.947557e-05,0.0032490254,0.00023343511080990234,2.5470676215869997e-05,4.6137058234307915e-05,2.6012148879317465e-08,2.4630733719277487e-07,2.4630733719277487e-07,2.6012149e-08,2.6012149e-08,0.8032436701514551
S00042,01103,5,7.256727695465088,7.4711825e-05,7.387181e-06,-0.0048056943,0.0006127961193366597,3.939423152132804e-07,4.493784757642061e-07,5.309989337121124e-09,2.424028195946448e-07,2.424028195946448e-07,5.3099893e-09,8.31952e-10,0.998715105348733
S00042,12063,5,4.994351387023926,0.0,3.748988e-05,0.00065597286,8.69821948678388e-05,2.7577448236115742e-06,2.5821763074418413e-06,1.1845291858492146e-08,2.1747730727383896e-07,2.1747730727383896e-07,1.1845292e-08,1.1845292e-08,0.9385391870533136
S00042,13013,5,4.764553070068359,0.0,2.1806694e-05,-0.0006143119,8.196699006172518e-05,8.873773443459262e-07,4.819464329841594e-07,1.498058743720776e-08,2.343368663559886e-07,2.343368663559886e-07,1.4980587e-08,1.4980587e-08,0.9785798293529449
S00042,54045,5,6.603233814239502,0.0,0.0017401675,-0.00836653,0.005857200361788273,2.059387710081258e-05,1.9562810242253665e-05,2.197457433794625e-05,2.041356492554769e-05,2.041356492554769e-05,2.1974574e-05,2.1974574e-05,0.9929926512348604
S00042,13007,5,4.090266227722168,0.00425599,0.0013584577,0.003337437,0.00031454936834052205,4.77167498805405e-05,4.1844079532893375e-05,2.777357804006897e-05,2.000536915147677e-05,2.000536915147677e-05,2.7773578e-05,2.1223292e-05,0.7365652072854205
S00042,01013,5,6.407240867614746,0.0005149331,8.5822176e-05,0.0023331733,9.47352746152319e-05,1.1637775590619033e-06,9.637133283983228e-07,2.3330949261435308e-07,2.6297425392840523e-07,2.6297425392840523e-07,2.3330949e-07,5.6538745e-08,0.975729112380657
S00042,13263,5,4.654336452484131,0.0009852217,0.0024044712,0.0037832265,0.00032068534831826884,8.888658582388113e-05,8.907912463958685e-05,8.970514318207279e-05,9.088560909731314e-05,9.088560909731314e-05,8.970514e-05,9.347236e-05,0.5659537267364062
S00042,21203,5,6.683526992797852,0.0,0.00035739157,-8.922069e-05,0.0022673021691540876,1.067230603742549e-06,1.2361708741082111e-06,1.1514941888890462e-06,1.0329279120924184e-06,1.0329279120924184e-06,1.1514942e-06,1.1514942e-06,0.9990590327978709
S00042,21125,5,7.397559642791748,0.0,8.68661e-05,-0.00059970625,0.001796681162280341,2.3552439169331288e-07,2.704143895471134e-07,1.2025176943097904e-07,2.74740216354985e-07,2.74740216354985e-07,1.2025177e-07,1.2025177e-07,0.9997378571934467
S00042,21051,5,6.940254211425781,0.0,0.00048569057,-0.0029153475,0.002369309891946614,5.92277365285554e-06,6.158124506328022e-06,5.9284502640366554e-06,5.908505045226775e-06,5.908505045226775e-06,5.9284503e-06,5.9284503e-06,0.9950128896940201
S00042,54043,5,7.13444709777832,0.0,0.0025551817,-0.0032097695,0.002344566436174015,3.089899716239112e-05,2.8719202722034726e-05,3.4229993616463616e-05,3.191743235220201e-05,3.191743235220201e-05,3.4229994e-05,3.4229994e-05,0.9739848900945761
S00042,13161,5,3.9041452407836914,0.0,0.001590354,0.0010897543,0.00036358806149413186,8.478611804700147e-05,0.00010352995741413906,8.623191388323903e-05,8.505889854859561e-05,8.505889854859561e-05,8.6231914e-05,8.6231914e-05,0.6218064201030858
S00042,51191,5,6.107934951782227,6.7385445e-05,0.0005306604,-0.0081239175,0.0029088298324495554,1.4274423847382423e-06,1.4747946579518612e-06,1.5810146578587592e-06,1.3481065934684011e-06,1.3481065934684011e-06,1.5810147e-06,1.6479914e-06,0.9990190266701974
S00042,12073,5,4.006143569946289,1.6883222e-06,0.001005478,0.0070097703,0.0004084180303228398,3.730098675684227e-05,4.859769614995457e-05,1.456159407098312e-05,1.393678758176975e-05,1.393678758176975e-05,1.4561594e-05,1.4564985e-05,0.8326255540935382
S00042,21237,5,5.871540069580078,0.0,0.00017110711,-0.0008334493,0.0024148958812778196,8.788093926644555e-07,8.610740565018205e-07,8.026665341276384e-07,9.045909905580629e-07,9.045909905580629e-07,8.0266653e-07,8.0266653e-07,0.9992724409308049
S00042,12121,5,3.0198426246643066,0.0,0.0040492895,0.05190375,0.010473835980519652,0.0025332216173410416,0.0024733975684891143,0.00013318391575012356,0.0001297924609389156,0.0001297924609389156,0.00013318392,0.00013318392,0.6104850619316566
S00042,01057,5,7.569974422454834,0.0,0.00031757943,-4.1283027e-05,0.00015234620756624886,1.7054026291892417e-06,1.9262318270799974e-06,8.117985998978838e-07,7.263624297593196e-07,7.263624297593196e-07,8.117986e-07,8.117986e-07,0.9778593339332748
S00042,37039,5,5.364435195922852,0.0,0.0003359659,-0.0049549136,0.0009477190130079786,1.7250685383866464e-06,1.7328540783031106e-06,1.754830464051338e-06,1.6581295767537085e-06,1.6581295767537085e-06,1.7548305e-06,1.7548305e-06,0.9963661503148727
S00042,13073,5,4.5226664543151855,0.0,2.5565721e-05,-0.00043433718,9.505459941768397e-05,3.7113587912548005e-06,2.8242730370683e-06,3.930670899876532e-09,2.2250362974318705e-07,2.2250362974318705e-07,3.930671e-09,3.930671e-09,0.9248453848156175
S00042,21207,5,7.710563659667969,0.0,9.8421006e-05,0.0026107938,0.0032700576120987535,5.153139852609456e-07,5.355314650993629e-07,3.632831635513867e-07,5.22531763635925e-07,5.22531763635925e-07,3.6328316e-07,3.6328316e-07,0.9996848784620266
S00042,51185,5,5.632922649383545,0.0,0.00047409887,-0.009502887,0.004081631622587641,1.2545359822979663e-05,1.240369662506661e-05,1.2612045793503057e-05,1.2432192306732759e-05,1.2432192306732759e-05,1.2612046e-05,1.2612046e-05,0.9938716084444434
S00042,13085,5,4.915812969207764,2.4777008e-05,0.00025215765,-0.0021445658,0.00022373578879827014,2.220278702225187e-06,2.28266768923883e-06,1.9350011370988796e-06,1.9575065834942507e-06,1.9575065834942507e-06,1.9350011e-06,1.9468828e-06,0.9803476956668108
S00042,21231,5,7.972929000854492,0.0,4.0162963e-06,-0.00715416,0.0023484700359404087,1.6249642461237576e-07,3.3597909521176916e-07,1.006551730853289e-09,2.3804217619272094e-07,2.3804217619272094e-07,1.0065517e-09,1.0065517e-09,0.9998616246497711
S00042,13307,5,4.4036641120910645,0.0,0.0010347967,0.0010121095,0.0002282706069915245,7.314202715254699e-05,7.01515018590726e-05,7.087818812578917e-05,7.007260137470439e-05,7.007260137470439e-05,7.087819e-05,7.087819e-05,0.5146717896530772
S00046,22005,4,1.0,0.00027102497,0.026303282,0.0032828846,0.002772180363535881,0.0018292746196190517,0.0017611456375258665,0.002772180363535881,0.002760409377515316,0.002760409377515316,0.0027721804,0.0027863644,0.20491469488860178
S00046,13215,4,1.0,0.0,0.00014380607,0.00024898016,7.778848498674051e-07,9.83769155027403e-07,1.210205653023877e-06,7.778848498674051e-07,9.257473720936105e-07,9.257473720936105e-07,7.7788485e-07,7.7788485e-07,-0.1168698873830742
S00046,22097,4,1.0,2.1177468e-05,0.2770685,0.04654971,0.12114319205284119,0.05596946676572164,0.041999482860167824,0.12114319205284119,0.12087243050336838,0.12087243050336838,0.12114319,0.121154934,0.3679789221270999
S00046,13013,4,1.0,0.0,0.00014694409,0.0002012287,9.330166790277872e-07,9.797944737025925e-07,1.0051084018414258e-06,9.330166790277872e-07,1.0271178325638175e-06,1.0271178325638175e-06,9.330167e-07,9.330167e-07,-0.02445499892032411
S00046,13187,4,1.0,0.0,0.008714143,0.00010999603,0.0005142726004123688,0.0005104733281768858,0.0004983101486383626,0.0005142726004123688,0.0005054573994129896,0.0005054573994129896,0.0005142726,0.0005142726,0.0037075260603506924
S00046,22105,4,1.0,0.0,0.021425828,0.00038665,0.0026433179154992104,0.0025390124258895717,0.0024379265184203782,0.0026433179154992104,0.002624484244734049,0.002624484244734049,0.002643318,0.002643318,0.02012714025128828
S00046,22001,4,1.0,0.0,0.5137603,0.06658241,0.3767889738082886,0.23121759295463562,0.22787735859553018,0.3767889738082886,0.3762569725513458,0.3762569725513458,0.37678897,0.37678897,0.2394240273237289
S00046,13297,4,1.0,0.0,4.1207546e-05,0.00021582273,2.180322056233308e-08,1.8996005242873556e-07,2.7455024091220065e-07,2.180322056233308e-08,2.2205909999684081e-07,2.2205909999684081e-07,2.180322e-08,2.180322e-08,-0.7940793013408641
S00046,22057,4,1.0,0.0,0.0016036634,0.0018369117,1.369279925711453e-05,1.654692187003093e-05,6.306263124618756e-05,1.369279925711453e-05,1.2534176676126663e-05,1.2534176676126663e-05,1.3692799e-05,1.3692799e-05,-0.09438323193907773
S00046,13263,4,1.0,0.0,0.00010904146,0.0005538749,3.622866131536284e-07,1.69507781796104e-06,2.9600619579165746e-06,3.622866131536284e-07,4.920677838526899e-07,4.920677838526899e-07,3.622866e-07,3.622866e-07,-0.6478148375906903
S00046,13255,4,1.0,0.0,2.1992306e-05,0.00016925448,2.594785719622905e-09,1.1128778965030506e-07,1.8969344258342366e-07,2.594785719622905e-09,2.2090979712174885e-07,2.2090979712174885e-07,2.5947857e-09,2.5947857e-09,-0.9544305050848352
S00046,22091,4,1.0,8.601904e-05,0.11210193,0.01148296,0.04585971310734749,0.03765969847639402,0.037285459538300834,0.04585971310734749,0.04577173665165901,0.04577173665165901,0.045859713,0.04587899,0.09818094351313345
S00046,22053,4,1.0,4.3135056e-05,0.22929284,0.021029895,0.07766681164503098,0.0510514664153258,0.04470209777355194,0.07766681164503098,0.0774545818567276,0.0774545818567276,0.07766681,0.077686585,0.2067720733276519
S00046,13231,4,1.0,0.0,0.0010826978,0.00020525098,1.4135809578874614e-05,1.3543163428645736e-05,1.3307329936651513e-05,1.4135809578874614e-05,1.3295861208462156e-05,1.3295861208462156e-05,1.413581e-05,1.413581e-05,0.02141142122823188
S00046,22033,4,1.0,0.00012923797,0.06470083,0.00848833,0.012802171520888805,0.00647331727668643,0.006001466109106938,0.012802171520888805,0.012755915522575378,0.012755915522575378,0.0128021715,0.012818879,0.3283369003331586
S00046,22059,4,1.0,0.0,0.045595113,0.025512941,0.01681228168308735,0.014093028691907724,0.01296614327778419,0.01681228168308735,0.01677037961781025,0.01677037961781025,0.016812282,0.016812282,0.087986593830804
S00046,22029,4,1.0,0.0,0.015140061,0.00770293,0.001384492265060544,0.0009394315808701018,0.0010506139369681478,0.001384492265060544,0.0013712072977796197,0.0013712072977796197,0.0013844923,0.0013844923,0.19151259408511806
S00046,13089,4,1.0,1.1063752e-05,0.0012791215,0.00022714092,1.0025559276982676e-05,8.844005302914107e-06,8.845409259568745e-06,1.0025559276982676e-05,8.986240572994575e-06,8.986240572994575e-06,1.0025559e-05,1.005374e-05,0.06261691779191188
S00046,22037,4,1.0,0.012416077,0.24527305,0.016830945,0.1367800533771515,0.12142513444026311,0.11353790511687596,0.1367800533771515,0.14171677827835083,0.14171677827835083,0.13678005,0.14271653,0.05946789476494311
S00046,13063,4,1.0,4.4411427e-05,0.0005397643,0.00019710229,4.058981630805647e-06,3.820203043384633e-06,3.822448358429635e-06,4.058981630805647e-06,3.798521220232942e-06,3.798521220232942e-06,4.0589816e-06,4.104952e-06,0.030304986784124657
S00046,13115,4,1.0,0.0,0.00089205214,0.00030495832,4.3304382415954024e-05,4.321442247601226e-05,4.357464422355406e-05,4.3304382415954024e-05,4.309562064008787e-05,4.309562064008787e-05,4.3304382e-05,4.3304382e-05,0.0010397732614787554
S00046,13137,4,1.0,0.0,0.003690925,0.00024896307,0.00010857979214051738,0.00010559636575635523,0.00010381357909257834,0.00010857979214051738,0.00010502336226636544,0.00010502336226636544,0.00010857979,0.00010857979,0.01392977824169719
S00046,22011,4,1.0,0.0034002874,0.39643437,0.015477751,0.20511513948440552,0.17759563525517783,0.17185519635677338,0.20511513948440552,0.20716339349746704,0.20716339349746704,0.20511514,0.20779952,0.07190679240205196
S00046,22125,4,1.0,0.0007394147,0.113887414,0.1125342,0.023384395986795425,0.019051580379406612,0.03104579559294507,0.023384395986795425,0.023422295227646828,0.023422295227646828,0.023384396,0.023552269,0.10210241352758567
S00046,13151,4,1.0,2.20053e-06,0.00030002085,0.00020438478,7.296100079656753e-07,6.645215838337511e-07,6.842409447926912e-07,7.296100079656753e-07,6.737986382177041e-07,6.737986382177041e-07,7.2961e-07,7.3092554e-07,0.046687432172678595
S00046,22045,4,1.0,0.0,0.16793664,0.081777245,0.06459205597639084,0.007852719941486916,0.02521840676975747,0.06459205597639084,0.06443136185407639,0.06443136185407639,0.064592056,0.064592056,0.7832081101227055
S00046,22069,4,1.0,0.0023056257,0.05654672,0.017135847,0.009337041527032852,0.004885832934329907,0.00317101141748329,0.009337041527032852,0.00950249470770359,0.00950249470770359,0.0093370415,0.009592477,0.3129612515947394
S00046,13139,4,1.0,7.646393e-05,0.0011886719,0.00026529992,1.3404777746472973e-05,1.2646685415044582e-05,1.2344295403939517e-05,1.3404777746472973e-05,1.2594277905009221e-05,1.2594277905009221e-05,1.3404778e-05,1.3580714e-05,0.029099798607405025
S00046,22101,4,1.0,0.00038993265,0.041657254,0.059823137,0.006550760939717293,0.010854652461906275,0.017989254323765635,0.006550760939717293,0.0065397173166275024,0.0065397173166275024,0.006550761,0.0065830965,-0.2472731570849973
S00046,22039,4,1.0,0.0003277614,0.12824158,0.0131008625,0.049391910433769226,0.03329831672211488,0.02163553548355897,0.049391910433769226,0.04934319853782654,0.04934319853782654,0.04939191,0.04947587,0.19462509978737125
S00046,13199,4,1.0,0.0,0.0003213189,0.00025149484,2.896346359193558e-06,2.8004652297871266e-06,2.9706210777173205e-06,2.896346359193558e-06,2.7952019081567414e-06,2.7952019081567414e-06,2.8963464e-06,2.8963464e-06,0.016830665348296518
S00046,13157,4,1.0,0.0,0.0001361102,0.00026779342,1.873750647973793e-07,3.5875380414533237e-07,3.3013925341644307e-07,1.873750647973793e-07,2.885849994527234e-07,2.885849994527234e-07,1.8737506e-07,1.8737506e-07,-0.31380640924501374
S00046,13293,4,1.0,0.0,0.00034216407,0.0003283984,4.2208503145957366e-06,4.270629536525424e-06,4.462977509926229e-06,4.2208503145957366e-06,4.1129951569018885e-06,4.1129951569018885e-06,4.2208503e-06,4.2208503e-06,-0.005862255201973373
S00046,22073,4,1.0,8.495527e-06,0.06908757,0.0031938814,0.012227782979607582,0.010351583982507387,0.00823597920437654,0.012227782979607582,0.012160789221525192,0.012160789221525192,0.012227783,0.0122289555,0.08309351631727299
S00046,13145,4,1.0,0.00022946305,4.202839e-05,0.0005321006,4.8799705609781086e-08,7.836953272999381e-07,1.5064155694706944e-06,4.8799705609781086e-08,2.340077287499298e-07,2.340077287499298e-07,4.8799706e-08,1.5434342e-08,-0.8827627705135552
S00046,22049,4,1.0,0.0,0.0481724,0.034980647,0.008660747669637203,0.005568196841826041,0.00648488321652015,0.008660747669637203,0.008614612743258476,0.008614612743258476,0.008660748,0.008660748,0.21734225088303036
S00046,13135,4,1.0,8.696358e-06,0.0010235684,0.00020468186,7.926137186586857e-06,7.100663575935566e-06,7.077652753650909e-06,7.926137186586857e-06,7.131900929380208e-06,7.131900929380208e-06,7.926137e-06,7.943865e-06,0.05493342353417386
S00046,13129,4,1.0,0.00032231494,0.00016420403,0.0003695283,4.068008081503649e-07,4.6666451680721366e-07,7.266453299810868e-07,4.068008081503649e-07,5.059770273874165e-07,5.059770273874165e-07,4.068008e-07,4.0876478e-07,-0.06853587308661183
S00046,13233,4,1.0,0.0,0.0009302527,0.00029854066,8.983484804048203e-06,8.296674726201067e-06,8.097438694676384e-06,8.983484804048203e-06,8.28176962386351e-06,8.28176962386351e-06,8.983485e-06,8.983485e-06,0.03974558664489533
S00046,22121,4,1.0,0.00026829113,0.09594609,0.028026579,0.03279753774404526,0.012162605921427408,0.01387578078235189,0.03279753774404526,0.03275149315595627,0.03275149315595627,0.032797538,0.032848947,0.4589605401653673
S00046,22043,4,1.0,0.0002862459,0.18206915,0.04373322,0.06859305500984192,0.029995546986659367,0.015449413719276587,0.06859305500984192,0.06850677728652954,0.06850677728652954,0.068593055,0.06869721,0.3915007134856452
S00046,13057,4,1.0,3.0117988e-05,9.674619e-05,0.00018146471,1.0113190285210294e-07,1.8778848224580239e-07,5.164618196810503e-07,1.0113190285210294e-07,2.4967044964796514e-07,2.4967044964796514e-07,1.011319e-07,1.0605241e-07,-0.2999323822870251
S00046,22051,4,1.0,0.00020988287,0.0031737457,0.005861915,7.749845099169761e-05,0.00025394641609940055,0.0002388503028972385,7.749845099169761e-05,7.624207501066849e-05,7.624207501066849e-05,7.749845e-05,7.878662e-05,-0.532359926573266
S00046,13247,4,1.0,0.0,3.9948223e-05,0.00028174266,1.711185859676334e-08,3.285884986325982e-07,3.657662830391928e-07,1.711185859676334e-08,2.2226956275517296e-07,2.2226956275517296e-07,1.7111859e-08,1.7111859e-08,-0.9010017881733912
S00046,22019,4,1.0,0.0006906491,0.19275475,0.017869709,0.06996070593595505,0.04664836140970389,0.04333282634615898,0.06996070593595505,0.0700073167681694,0.0700073167681694,0.069960706,0.07022648,0.19991879754211087
S00046,13067,4,1.0,0.0,8.440486e-05,0.00023470043,8.66371152596912e-08,2.4213323968069744e-07,3.672289447346581e-07,8.66371152596912e-08,2.45287765210378e-07,2.45287765210378e-07,8.6637115e-08,8.6637115e-08,-0.47296272940788775
S00046,22075,4,1.0,0.00015725743,0.0004230389,0.0021660365,7.239318051688315e-07,1.894232506553332e-05,1.3543917248171056e-05,7.239318051688315e-07,6.668771561635367e-07,6.668771561635367e-07,7.239318e-07,8.3225393e-07,-0.926378282361672
S00046,22115,4,1.0,0.00014938488,0.38585308,0.019526979,0.23984535038471222,0.19784557819366455,0.1490685592095057,0.23984535038471222,0.23956388235092163,0.23956388235092163,0.23984535,0.23996061,0.09595760261119239
S00046,13113,4,1.0,1.8329454e-05,0.000119746066,0.00021701223,1.556199435981398e-07,2.2556006721667168e-07,2.716321461093685e-07,1.556199435981398e-07,2.814632011904905e-07,2.814632011904905e-07,1.5561994e-07,1.5967372e-07,-0.18348318808488326
S00046,22003,4,1.0,0.000150932,0.44880444,0.009326335,0.29422229528427124,0.2678280174732208,0.2379841854174932,0.29422229528427124,0.2938980460166931,0.2938980460166931,0.2942223,0.29435772,0.04696070300460585
S00046,13121,4,1.0,2.8632567e-05,0.0011666015,0.00020287298,9.959584531316068e-06,9.173244810275113e-06,9.036887301287303e-06,9.959584531316068e-06,9.064403457159642e-06,9.064403457159642e-06,9.9595845e-06,1.002557e-05,0.04109897741739638
S00046,22021,4,1.0,0.001424317,0.06060653,0.015382689,0.01183557789772749,0.007651965444286664,0.006409190207098921,0.01183557789772749,0.011925206519663334,0.011925206519663334,0.011835578,0.012006195,0.21468136747750907
S00046,22109,4,1.0,0.0,0.0022780958,0.014934827,1.2734655683743767e-05,0.0013393414750074346,0.0036018033351865597,1.2734655683743767e-05,1.082950439013075e-05,1.082950439013075e-05,1.2734656e-05,1.2734656e-05,-0.9811628126631688
S00046,22079,4,1.0,0.0025662845,0.06548877,0.016013155,0.008956297300755978,0.0029654920023555555,0.001149375859919625,0.008956297300755978,0.009182206355035305,0.009182206355035305,0.008956297,0.009285836,0.502508905843257
S00046,22099,4,1.0,0.0,0.18983781,0.03359821,0.07414770126342773,0.04155799436072508,0.038786317532261215,0.07414770126342773,0.07395646721124649,0.07395646721124649,0.0741477,0.0741477,0.28166035152291813
S00046,13311,4,1.0,0.0,0.0023830663,0.00014017163,4.3764124711742625e-05,4.26168626290746e-05,4.027272734674625e-05,4.3764124711742625e-05,4.153149347985163e-05,4.153149347985163e-05,4.3764125e-05,4.3764125e-05,0.013281418955556562
S00046,22111,4,1.0,7.199424e-05,0.04103297,0.0069933175,0.007396354340016842,0.006042489005873601,0.004641909152269363,0.007396354340016842,0.007362503092736006,0.007362503092736006,0.0073963543,0.007402258,0.1007426978124013
S00046,22113,4,1.0,8.389262e-06,0.28475067,0.1167143,0.11524556577205658,0.038170104225476585,0.05854052801926931,0.11524556577205658,0.11495712399482727,0.11495712399482727,0.115245566,0.11525035,0.5023962776932716
S00046,22007,4,1.0,0.0,0.018998502,0.0076949927,0.0024934245739132166,0.0013946675850699346,0.0019434459585075576,0.0024934245739132166,0.002477172762155533,0.002477172762155533,0.0024934246,0.0024934246,0.2825954077000682
S00046,13011,4,1.0,0.0,0.0014371218,0.00032730607,3.34735814249143e-05,3.2179800958450265e-05,3.164453664794564e-05,3.34735814249143e-05,3.2240761356661096e-05,3.2240761356661096e-05,3.347358e-05,3.347358e-05,0.01970622715078663
S00046,13117,4,1.0,8.872721e-06,0.000117655974,0.0002068953,4.164876443724097e-08,1.1119222402082111e-07,1.9516724118299558e-07,4.164876443724097e-08,1.6278944769965165e-07,1.6278944769965165e-07,4.1648764e-08,4.365789e-08,-0.45500529854700666
S00046,13257,4,1.0,0.0,0.0002671959,0.00027213313,2.856044716281758e-07,3.0582479363753617e-07,3.443845884021357e-07,2.856044716281758e-07,2.4359189865208464e-07,2.4359189865208464e-07,2.8560447e-07,2.8560447e-07,-0.03418891014849587
S00046,22077,4,1.0,0.00047300247,0.17202964,0.108674064,0.07621978968381882,0.03140717061857382,0.03829245020945867,0.07621978968381882,0.07619582116603851,0.07619582116603851,0.07621979,0.07638231,0.4163698290775641
S00046,22063,4,1.0,3.8498692e-05,0.02629203,0.00230753,0.002885819412767887,0.0022789662471041083,0.0022670232380429902,0.002885819412767887,0.002863948931917548,0.002863948931917548,0.0028858194,0.0028878425,0.11749822850902569
S00046,13149,4,1.0,0.0,0.00029167486,0.00042530434,9.561470506014302e-06,9.775601029105019e-06,1.0759390230911473e-05,9.561470506014302e-06,9.4832385002519e-06,9.4832385002519e-06,9.5614705e-06,9.5614705e-06,-0.011073575577450805
S00046,22127,4,1.0,0.0,0.13542128,0.038133904,0.04733150079846382,0.02960379235446453,0.01886515226215124,0.04733150079846382,0.04719908535480499,0.04719908535480499,0.0473315,0.0473315,0.23042361596986427
S00046,13085,4,1.0,0.0,0.0024630753,0.00017618935,8.243837510235608e-05,8.079833060037345e-05,7.832526413646217e-05,8.243837510235608e-05,8.017013897188008e-05,8.017013897188008e-05,8.2438375e-05,8.2438375e-05,0.010047032589406181
S00046,13097,4,1.0,0.0,0.0001451579,0.00035113224,3.1201534511637874e-07,6.546357553816051e-07,9.822001535061038e-07,3.1201534511637874e-07,4.046214030495321e-07,4.046214030495321e-07,3.1201535e-07,3.1201535e-07,-0.3544406147044375
S00046,22055,4,1.0,0.0,0.12758595,0.05805232,0.027131550014019012,0.02220424823462963,0.024470545661946137,0.027131550014019012,0.02700057625770569,0.02700057625770569,0.02713155,0.02713155,0.09987274867949147
S00046,22087,4,1.0,0.0,0.00058495835,0.0020364423,6.042143013473833e-06,2.4845362531777937e-05,1.7035871678672265e-05,6.042143013473833e-06,5.793835953227244e-06,5.793835953227244e-06,6.042143e-06,6.042143e-06,-0.608764585756413
S00046,13241,4,1.0,0.0,0.0064841444,6.4096384e-05,0.00024847013992257416,0.00024701192160137,0.00023929079179652035,0.00024847013992257416,0.0002419312222627923,0.0002419312222627923,0.00024847014,0.00024847014,0.0029430294947897263
S00046,22061,4,1.0,0.0,0.00866752,0.004774122,0.000645362539216876,0.00045312185344907147,0.0005565235527077069,0.000645362539216876,0.000637694145552814,0.000637694145552814,0.00064536254,0.00064536254,0.1750053865592477
S00046,45073,4,1.0,0.0,0.00015007472,0.00026903415,4.563928825973562e-07,5.999712016091507e-07,6.510309352355156e-07,4.563928825973562e-07,5.406684522313299e-07,5.406684522313299e-07,4.5639288e-07,4.5639288e-07,-0.13591745607258512
S00046,22065,4,1.0,0.0,0.0068842564,0.0030521087,0.00035556816146709025,0.0003167958251045396,0.00033426777614901465,0.00035556816146709025,0.00034869901719503105,0.00034869901719503105,0.00035556816,0.00035556816,0.05766569467863683
S00046,22023,4,1.0,0.01097115,0.100562535,0.09182706,0.01597876287996769,0.026869164624561865,0.01520483948600789,0.01597876287996769,0.017719395458698273,0.017719395458698273,0.015978763,0.018064968,-0.25416402563328006
S00046,13035,4,1.0,0.0,0.00029838012,0.0002626513,1.5301923212973634e-06,1.5429490455668808e-06,1.756818051035225e-06,1.5301923212973634e-06,1.4932854810467688e-06,1.4932854810467688e-06,1.5301923e-06,1.5301923e-06,-0.004151037243865581
S00046,22009,4,1.0,0.0,0.089229554,0.044595163,0.026112640276551247,0.009000277612358332,0.009865257268150648,0.026112640276551247,0.026028893887996674,0.026028893887996674,0.02611264,0.02611264,0.4873523390546206
S00046,22085,4,1.0,0.0001937609,0.029336192,0.027504513,0.0028056586161255836,0.0022142513189464808,0.0024752986694996557,0.0028056586161255836,0.002788037760183215,0.002788037760183215,0.0028056586,0.002816989,0.11781233225862903
S00046,22025,4,1.0,0.0,0.0023463776,0.024224866,1.2503013749665115e-05,0.0029668802938734493,0.004494523241495092,1.2503013749665115e-05,1.04436585388612e-05,1.04436585388612e-05,1.2503014e-05,1.2503014e-05,-0.9916069787209489
S00046,13077,4,1.0,0.0,0.0022302181,0.00021254247,4.4889708078699186e-05,4.316588213744884e-05,4.2244185654756926e-05,4.4889708078699186e-05,4.287004048819654e-05,4.287004048819654e-05,4.4889708e-05,4.4889708e-05,0.019576564497710038
S00046,37111,4,2.4887382984161377,0.0,0.0006722132,0.00010422399,1.1986771824012976e-05,1.1756532330764458e-05,1.137375056714518e-05,1.1986771824012976e-05,1.1538207218109164e-05,1.1538207218109164e-05,1.1986772e-05,1.1986772e-05,0.009697028338921887
S00046,13197,4,3.618673801422119,0.0,0.00031701493,0.00032652845,1.4160491446091328e-06,1.495673245699436e-06,1.7169696396498086e-06,1.4160491446091328e-06,1.3562271306000184e-06,1.3562271306000184e-06,1.4160491e-06,1.4160491e-06,-0.027346048289261883
S00046,22035,4,1.189947485923767,0.0,0.0082606925,0.003088402,0.00040999072371050715,0.00028511599521152675,0.0003098424300939466,0.00040999072371050715,0.000402328121708706,0.000402328121708706,0.00040999072,0.00040999072,0.17964828291781607
S00046,01023,4,2.64298939704895,0.0,0.00027312455,0.001634137,2.2958383851801045e-06,1.480078056677788e-05,3.494253663423782e-05,2.2958383851801045e-06,2.2868671294418164e-06,2.2868671294418164e-06,2.2958384e-06,2.2958384e-06,-0.7314277879583699
S00046,01041,4,3.662372350692749,0.0,4.3231863e-05,0.00041957624,1.685551609398317e-08,8.7527854475411e-07,1.101113923596131e-06,1.685551609398317e-08,2.2610619510032848e-07,2.2610619510032848e-07,1.6855516e-08,1.6855516e-08,-0.9622130421117209
S00046,01011,4,3.4737439155578613,0.0,0.00036819765,0.00029861226,8.692089977557771e-06,8.53394491665919e-06,8.84893658318712e-06,8.692089977557771e-06,8.529941624146886e-06,8.529941624146886e-06,8.69209e-06,8.69209e-06,0.009180584032816116
S00046,01013,4,3.56834077835083,0.0,0.00054860633,0.00044754014,5.488887381943641e-06,5.429633044210884e-06,5.74836227921575e-06,5.488887381943641e-06,5.186195267015137e-06,5.186195267015137e-06,5.4888874e-06,5.4888874e-06,0.005426956713916841
S00046,01069,4,3.4045047760009766,0.0,0.00034193927,0.0003241606,3.1382912766275695e-06,3.5673782197894375e-06,3.7231191072351066e-06,3.1382912766275695e-06,3.3014550808729837e-06,3.3014550808729837e-06,3.1382913e-06,3.1382913e-06,-0.06398868053236727
S00046,37027,4,2.935809850692749,0.0,2.0682228e-05,0.000118931806,6.149499576224571e-09,6.023218605359186e-08,1.530827399657634e-07,6.149499576224571e-09,2.2569753355128341e-07,2.2569753355128341e-07,6.1494996e-09,6.1494996e-09,-0.8147230062665832
S00046,01029,4,3.794006109237671,0.0,0.0018891285,0.0006813324,0.000152665248606354,0.0001510743701752896,0.00015052251304344585,0.000152665248606354,0.00015105976490303874,0.00015105976490303874,0.00015266525,0.00015266525,0.0052376388613566685
S00046,37099,4,3.217561960220337,0.0,0.0009326803,2.3736124e-05,4.430558874446433e-06,4.350916242401581e-06,3.878584720951039e-06,4.430558874446433e-06,3.6856529277429217e-06,3.6856529277429217e-06,4.430559e-06,4.430559e-06,0.009069391074405091
S00046,05085,4,2.0967512130737305,0.0,0.00017328729,0.00019762329,2.5157959271382424e-07,3.0598828478408297e-07,8.588781857573243e-07,2.5157959271382424e-07,3.1480911388825916e-07,3.1480911388825916e-07,2.515796e-07,2.515796e-07,-0.09758218553482387
S00046,01093,4,3.129047155380249,0.0,0.0005941424,0.00095657975,1.0065509741252754e-05,1.3082814803055953e-05,1.2420437087712344e-05,1.0065509741252754e-05,9.754596248967573e-06,9.754596248967573e-06,1.006551e-05,1.006551e-05,-0.13034658538797098
S00046,01015,4,3.8454220294952393,0.0,0.0004832025,0.00024953848,1.045250996867253e-06,8.582344056170162e-07,9.194329967006828e-07,1.045250996867253e-06,7.990918220457388e-07,7.990918220457388e-07,1.045251e-06,1.045251e-06,0.09824955369038206
S00046,13045,4,4.294013977050781,4.298635e-06,5.570314e-05,0.00025340862,3.154213601419542e-08,2.5599504738238466e-07,5.610511000971504e-07,3.154213601419542e-08,2.1575149844466068e-07,2.1575149844466068e-07,3.1542136e-08,3.200255e-08,-0.7806048202768159
S00046,37011,4,3.300529718399048,0.0,6.4415464e-05,2.3940824e-05,2.915271863912494e-07,2.919857327772964e-07,3.681256165085263e-07,2.915271863912494e-07,4.721885886738164e-07,4.721885886738164e-07,2.915272e-07,2.915272e-07,-0.0007858375898521067
S00046,22095,4,2.6796398162841797,0.00032470777,0.025505777,0.0048398906,0.003939710557460785,0.003306192966798941,0.003411300557975968,0.003939710557460785,0.003930671606212854,0.003930671606212854,0.0039397106,0.003956169,0.0874311379582668
S00046,05025,4,1.6577599048614502,0.0,0.00016525135,0.0016980814,1.812420009628113e-07,1.5801270668210538e-05,2.2726508935496288e-05,1.812420009628113e-07,2.5242539436476363e-07,2.5242539436476363e-07,1.81242e-07,1.81242e-07,-0.9773199615461734
S00046,05041,4,1.561445951461792,0.0,0.0035268855,0.0015356645,0.00013913617294747382,0.0001269886658216516,0.00012336854706518352,0.00013913617294747382,0.00013615036732517183,0.00013615036732517183,0.00013913617,0.00013913617,0.045645897549460586
S00046,13123,4,3.7450902462005615,0.0,0.0016267245,0.00012486025,4.051081486977637e-05,3.9833738507392504e-05,3.852826315172327e-05,4.051081486977637e-05,3.9050293707987294e-05,3.9050293707987294e-05,4.0510815e-05,4.0510815e-05,0.008427159451685573
S00046,22083,4,1.1632875204086304,0.0,0.01974724,0.0011100798,0.002187996171414852,0.0020361918723210692,0.0017781487743680675,0.002187996171414852,0.0021694516763091087,0.0021694516763091087,0.0021879962,0.0021879962,0.0359369179406903
S00046,37035,4,3.3385157585144043,1.13314445e-05,1.9427222e-05,0.0002047778,3.0065390177469453e-09,1.5602173893588164e-07,2.259100995161134e-07,3.0065390177469453e-09,2.2524963583236968e-07,2.2524963583236968e-07,3.006539e-09,3.3184144e-09,-0.9621886238543861
S00046,22067,4,1.106623649597168,0.0,0.15066689,0.031796504,0.04756702482700348,0.03064273235698541,0.04857803943256537,0.04756702482700348,0.047415610402822495,0.047415610402822495,0.047567025,0.047567025,0.21639617714454193
S00046,37023,4,2.7172632217407227,0.0,0.00015424694,0.00017193677,2.3758886413816072e-07,2.565804635423774e-07,3.288655439822226e-07,2.3758886413816072e-07,3.189892936461547e-07,3.189892936461547e-07,2.3758886e-07,2.3758886e-07,-0.03843136014401533
S00046,05117,4,1.9153093099594116,0.0,6.907498e-05,0.00041738432,7.660613476900835e-08,8.960038636966298e-07,1.5612726732191125e-06,7.660613476900835e-08,2.438318347230961e-07,2.438318347230961e-07,7.6606135e-08,7.6606135e-08,-0.8424730675402063
S00046,22107,4,1.6167088747024536,0.0,0.03997061,0.00639979,0.010056220926344395,0.00799077128370603,0.006618114343533914,0.010056220926344395,0.010019299574196339,0.010019299574196339,0.010056221,0.010056221,0.11444841437279003
S00046,37149,4,2.339939594268799,0.0,0.00027678956,0.0005998014,1.1569721891646623e-06,2.080496377251014e-06,1.934400112683458e-06,1.1569721891646623e-06,1.1052427453250857e-06,1.1052427453250857e-06,1.1569722e-06,1.1569722e-06,-0.28526120613699746
S00046,37161,4,2.550219774246216,0.0,0.0007237233,0.00024329063,6.394755928340601e-06,6.013292932038894e-06,5.688928467861842e-06,6.394755928340601e-06,5.890382908546599e-06,5.890382908546599e-06,6.394756e-06,6.394756e-06,0.030743189408269304
S00046,01045,4,3.5113842487335205,0.0,0.00076874543,0.00026260215,1.857344432210084e-05,1.7905901889510762e-05,1.7763906119701762e-05,1.857344432210084e-05,1.8013122826232575e-05,1.8013122826232575e-05,1.8573444e-05,1.8573444e-05,0.018299188497451623
S00046,13193,4,4.043218612670898,0.0,0.0015278442,0.00039538502,7.398319576168433e-05,7.35810463083908e-05,7.349212925570707e-05,7.398319576168433e-05,7.320966687984765e-05,7.320966687984765e-05,7.3983196e-05,7.3983196e-05,0.002725250017565637
S00046,22071,4,2.7570295333862305,0.00019087133,0.0010524607,0.0017236396,9.394780136062764e-06,2.3762321385826606e-05,2.247453479261215e-05,9.394780136062764e-06,8.985442036646418e-06,8.985442036646418e-06,9.39478e-06,9.760118e-06,-0.4333171655634254
S00046,05123,4,3.107853412628174,0.0,0.00048934977,0.00022719247,3.194350028934423e-06,2.9572802304755896e-06,3.13536240052296e-06,3.194350028934423e-06,2.9251370960992062e-06,2.9251370960992062e-06,3.19435e-06,3.19435e-06,0.038537719021098975
S00046,45045,4,2.8318357467651367,3.229022e-05,0.00065660226,0.00020872941,3.026945478268317e-06,2.7530772210108503e-06,2.629098920200098e-06,3.026945478268317e-06,2.627867388582672e-06,2.627867388582672e-06,3.0269455e-06,3.0683066e-06,0.047381865350048034
S00046,05093,4,3.5906271934509277,8.678672e-05,5.5597746e-05,0.00032531633,2.6141110609501084e-08,3.7418391703643766e-07,4.2654205382556637e-07,2.6141110609501084e-08,2.208052336527544e-07,2.208052336527544e-07,2.614111e-08,2.8259466e-08,-0.8694005680173402
S00046,13143,4,3.9981255531311035,0.0,0.0002999603,0.0002627211,1.1450326837803004e-06,1.263456435178038e-06,2.2417422845440646e-06,1.1450326837803004e-06,1.0784867754409788e-06,1.0784867754409788e-06,1.1450327e-06,1.1450327e-06,-0.0491693113602088
S00046,21141,4,9.908708572387695,0.0,1.6762451e-05,0.0002861681,4.960036825707448e-09,3.639277584473651e-07,3.9357869259977935e-07,4.960036825707448e-09,2.2831279977708618e-07,2.2831279977708618e-07,4.960037e-09,4.960037e-09,-0.9731081543533543
S00046,22015,4,4.932188987731934,5.3077852e-05,0.0003465265,0.00032165844,1.2192330132165807e-06,1.463172490427193e-06,1.4707017802114326e-06,1.2192330132165807e-06,1.21265998132003e-06,1.21265998132003e-06,1.219233e-06,1.2532017e-06,-0.09094056691996993
S00046,21235,4,6.550712585449219,0.0,0.0029830695,0.00022240981,4.673596049542539e-05,4.483002339839004e-05,4.4272632900780685e-05,4.673596049542539e-05,4.424563667271286e-05,4.424563667271286e-05,4.673596e-05,4.673596e-05,0.020814903264137586
S00046,13227,4,9.35052490234375,0.0,0.00079113344,0.0001963941,2.1807489247294143e-05,2.1316178996736806e-05,2.114872161958677e-05,2.1807489247294143e-05,2.1246258256724104e-05,2.1246258256724104e-05,2.180749e-05,2.180749e-05,0.011393053294471133
S00046,13047,4,7.451353073120117,0.0,0.00016759276,0.000226767,3.03631566112017e-07,4.0081073393594124e-07,9.860083404570712e-07,3.03631566112017e-07,3.808590349763108e-07,3.808590349763108e-07,3.0363157e-07,3.0363157e-07,-0.1379519200043897
S00046,21121,4,7.084174156188965,0.0,0.00056863157,0.00018954926,2.366621447436046e-05,2.3376007447950542e-05,2.3281356334337033e-05,2.366621447436046e-05,2.3303426132770255e-05,2.3303426132770255e-05,2.3666214e-05,2.3666214e-05,0.006169075663330399
S00046,37199,4,9.143927574157715,0.0,0.000171575,2.7307084e-05,1.6672812819251703e-07,1.5247947734072417e-07,2.4413931498656893e-07,1.6672812819251703e-07,2.5021657279467036e-07,2.5021657279467036e-07,1.6672813e-07,1.6672813e-07,0.04463756691508108
S00046,21085,4,10.170755386352539,0.0,6.444741e-05,0.00029482355,7.912353794381488e-08,4.1214507480920776e-07,4.526851569153223e-07,7.912353794381488e-08,2.6460418212082004e-07,2.6460418212082004e-07,7.912354e-08,7.912354e-08,-0.6778807524445167
S00046,01083,4,9.578598022460938,0.0,9.938221e-07,0.00038099795,9.249886967488408e-11,7.223082150176197e-07,5.593560672423337e-07,9.249886967488408e-11,2.407323052011634e-07,2.407323052011634e-07,9.249887e-11,9.249887e-11,-0.9997439125740141
S00046,05103,4,5.6133646965026855,0.0,9.473914e-05,0.00045694958,1.4660675162758707e-07,1.1756486249699567e-06,2.149211553614805e-06,1.4660675162758707e-07,2.913243406510446e-07,2.913243406510446e-07,1.4660675e-07,1.4660675e-07,-0.778247448681451
S00046,21009,4,10.633257865905762,0.0,0.00015831769,0.00022718211,1.4391985132533591e-06,1.47528654300307e-06,1.5307161144543595e-06,1.4391985132533591e-06,1.5059857787491637e-06,1.5059857787491637e-06,1.4391985e-06,1.4391985e-06,-0.012382300493269587
S00046,29207,4,11.547367095947266,0.0,1.0196674e-06,0.00031742294,3.392091468823466e-11,4.833031728897671e-07,6.297481339364216e-07,3.392091468823466e-11,2.4022867251005664e-07,2.4022867251005664e-07,3.3920915e-11,3.3920915e-11,-0.9998596386864446
S00046,05003,4,2.975931406021118,0.0001170686,0.023132022,0.014934394,0.0032466119155287743,0.0030939094722270966,0.007842624327167869,0.0032466119155287743,0.0032294862903654575,0.0032294862903654575,0.003246612,0.003252014,0.024083578299500755
S00046,05043,4,3.484328508377075,0.0,0.007183618,0.00229421,0.0002648985537234694,0.00021314438102611652,0.00018985714026105902,0.0002648985537234694,0.00025814020773395896,0.00025814020773395896,0.00026489855,0.00026489855,0.10826260349285015
S00046,01009,4,8.744270324707031,0.0,0.0008926976,0.0005327809,8.283281204057857e-06,7.987540811882354e-06,8.384475828885721e-06,8.283281204057857e-06,7.686924618610647e-06,7.686924618610647e-06,8.283281e-06,8.283281e-06,0.018176118691838182
S00046,13169,4,11.017553329467773,0.0,0.00016944336,0.00033362687,1.7515085346531123e-06,2.129448830601177e-06,2.4581504476373084e-06,1.7515085346531123e-06,1.8568799760032562e-06,1.8568799760032562e-06,1.7515085e-06,1.7515085e-06,-0.09738326407079748
S00046,13265,4,10.81978702545166,0.0,3.9485116e-05,0.0005362756,9.120584820720978e-08,1.4148499379492325e-06,1.8452513851722567e-06,9.120584820720978e-08,2.8894999104522867e-07,2.8894999104522867e-07,9.120585e-08,9.120585e-08,-0.8788811821639444
S00046,22119,4,4.05914306640625,3.891656e-05,0.00075238687,0.0004954435,9.149622201221064e-06,9.915188153778823e-06,1.0418980309623294e-05,9.149622201221064e-06,8.88043905433733e-06,8.88043905433733e-06,9.149622e-06,9.2066675e-06,-0.04015596999405684
S00046,21207,4,8.322747230529785,0.0,3.800039e-07,0.00024504855,1.1552236597878185e-11,2.8021721713381947e-07,3.8839382199284955e-07,1.1552236597878185e-11,2.4098429207697336e-07,2.4098429207697336e-07,1.1552237e-11,1.1552237e-11,-0.9999175513875764
S00046,21099,4,10.406417846679688,0.0,0.000149017,0.00032647257,4.805035587196471e-07,7.414354475561898e-07,7.506506941960348e-07,4.805035587196471e-07,5.681397396983812e-07,5.681397396983812e-07,4.8050356e-07,4.8050356e-07,-0.21353920899194268
S00046,13221,4,12.450006484985352,0.0,0.0038288468,0.00031666446,0.00013694570225197822,0.0001331461341275523,0.0001314769081848984,0.00013694570225197822,0.00013317338016349822,0.00013317338016349822,0.0001369457,0.0001369457,0.014067689624971855
S00046,45003,4,12.132233619689941,0.00064716337,1.881893e-05,0.00053918856,3.95972733713279e-07,1.8871111725123532e-07,2.6774255938259256e-07,3.95972733713279e-07,3.0100403591859504e-07,3.0100403591859504e-07,3.9597273e-07,1.5101028e-09,0.3544849342429039
S00046,13125,4,11.27476692199707,0.0,0.00017914012,0.00035908658,2.733595749759843e-07,7.136306692245853e-07,9.013353311123259e-07,2.733595749759843e-07,3.444567653332342e-07,3.444567653332342e-07,2.7335957e-07,2.7335957e-07,-0.4460744134357746
S00046,13099,4,7.7461323738098145,0.0,2.848778e-05,0.0002877911,1.6941784863888643e-08,4.3564177095352835e-07,4.4276722140542307e-07,1.6941784863888643e-08,2.3166171558841597e-07,2.3166171558841597e-07,1.6941785e-08,1.6941785e-08,-0.9251330073922378
S00046,01089,4,8.126629829406738,0.0,0.00042384662,0.000245873,6.537072749779327e-06,6.299695693693745e-06,6.299535319461332e-06,6.537072749779327e-06,6.325690719677368e-06,6.325690719677368e-06,6.5370727e-06,6.5370727e-06,0.01849196370027829
S00047,37111,5,1.843078374862671,0.0,0.010911788,0.013229702,0.0006228064788350215,0.0009641569243588796,0.0010725270840339363,0.00032545599970035255,0.0003147227980662137,0.0003147227980662137,0.000325456,0.000325456,-0.21509660830039357
S00047,01103,5,1.9043103456497192,0.0,6.9424673e-06,-0.0061324313,0.0011031540980184218,9.889563633199334e-07,1.0068581749086054e-06,7.387803702130213e-10,2.378299370775494e-07,2.378299370775494e-07,7.3878037e-10,7.3878037e-10,0.99820864450599
S00047,13147,5,1.4589996337890625,0.0,0.0033033327,0.04498585,0.002149134253462156,0.010068294359371066,0.004657399884308688,0.0001934933679876849,0.0001908960402943194,0.0001908960402943194,0.00019349337,0.00019349337,-0.6481855026016359
S00047,01023,5,1.861868143081665,0.0,0.017553141,0.04881078,0.0016974371392279863,0.00345019024098292,0.012416295746030906,0.002139753894880414,0.0021251803264021873,0.0021251803264021873,0.002139754,0.002139754,-0.3404972761806859
S00047,01041,5,1.4652684926986694,0.000115821174,0.018717654,0.06540485,0.001174453772061194,0.017874455797330786,0.011107560247182846,0.001469078124500811,0.0014560908311977983,0.0014560908311977983,0.0014690781,0.0014734005,-0.876690708433167
S00047,11001,5,2.359633684158325,0.0,9.855487e-05,-0.010941444,0.0014712208164079736,6.309622856785305e-07,3.5022137723217384e-07,4.0176246329792775e-08,1.7810488373015687e-07,1.7810488373015687e-07,4.0176246e-08,4.0176246e-08,0.9991426279536944
S00047,22105,5,1.97169828414917,0.0,0.004592321,0.011954829,0.0006354762396464745,0.0002611496965982951,0.0008622737562594315,0.00017973719513975084,0.00017656532872933894,0.00017656532872933894,0.0001797372,0.0001797372,0.41748351003086764
S00047,51610,5,2.278557300567627,0.0,0.0024748424,-0.0049190572,0.0008471380569972098,0.00044093105437544483,0.00044076847067723673,0.00044407122186385095,0.0004419985634740442,0.0004419985634740442,0.00044407122,0.00044407122,0.3153611860072345
S00047,01011,5,1.4125044345855713,0.0,0.007146681,0.027816696,0.0014199813109977792,0.004251695276858906,0.002230301576976975,0.00043986464152112603,0.0004342312167864293,0.0004342312167864293,0.00043986464,0.00043986464,-0.4992728203021931
S00047,37087,5,1.5249172449111938,1.8738101e-05,0.0028288115,0.009642685,0.0015471251293395956,0.0016959832986079466,0.0003337864654895384,5.502134808921255e-05,5.275265721138567e-05,5.275265721138567e-05,5.5021348e-05,5.5127006e-05,-0.04589984349137489
S00047,13297,5,1.447582721710205,0.0,0.00783394,0.06938782,0.0038513068187360964,0.02390386505673329,0.013132668759984275,0.0004169444437138736,0.0004099978250451386,0.0004099978250451386,0.00041694444,0.00041694444,-0.722480059859405
S00047,13083,5,1.2015841007232666,0.0,0.00686721,0.0007934198,0.0012133159713509183,0.0002813481696648523,0.00024799012559621286,0.00036875944351777434,0.0003627980186138302,0.0003627980186138302,0.00036875944,0.00036875944,0.6235299129158893
S00047,12113,5,1.5459150075912476,0.0,0.005248275,0.066031605,0.006378929674004515,0.012942985786745945,0.007812682228783766,0.00019503170915413648,0.00019111593428533524,0.00019111593428533524,0.00019503171,0.00019503171,-0.3397207759280033
S00047,13255,5,1.4860832691192627,0.0,0.0009679283,0.022416836,0.0023024217710675052,0.0036284430728604398,0.0028059621690772474,9.271976523450576e-06,8.689871719980147e-06,8.689871719980147e-06,9.2719765e-06,9.2719765e-06,-0.22357975382806491
S00047,37159,5,1.550062656402588,0.0,0.0074934033,0.03126797,0.0006068501388654113,0.0031920708618902913,0.00186667445814237,0.0002985605096910149,0.00029172992799431086,0.00029172992799431086,0.0002985605,0.0002985605,-0.6805144730597487
S00047,37027,5,1.7498245239257812,0.0,0.0027335775,0.01118611,0.0005924780562054366,0.0006666696763204527,0.0005982503539598838,1.6531919754925184e-05,1.4064696188142989e-05,1.4064696188142989e-05,1.653192e-05,1.653192e-05,-0.05892209325285877
S00047,22091,5,2.6186976432800293,0.0,0.00081990217,0.0011732312,0.0006243832952653369,6.790996485506184e-05,0.001152272770317116,1.1703629752446432e-05,1.1216449820494745e-05,1.1216449820494745e-05,1.170363e-05,1.170363e-05,0.8038115672446343
S00047,51011,5,1.8277238607406616,0.0,0.0008422465,0.014411617,0.0011789750230188172,0.0006931063932521889,0.0006355526857078075,5.766045887867222e-06,5.157932264410192e-06,5.157932264410192e-06,5.766046e-06,5.766046e-06,0.25953392066378644
S00047,01029,5,1.340242862701416,0.00041330853,0.3026145,0.084279165,0.10243838280439377,0.09382589906454086,0.10040764758984248,0.16423040628433228,0.16415280103683472,0.16415280103683472,0.1642304,0.16448039,0.0438820739965529
S00047,24003,5,2.3024027347564697,1.1409186e-05,0.00047760564,0.0011263592,0.00013670406042365357,3.169387885767113e-06,3.1143999118891466e-06,1.8927336213891977e-06,1.6287208381982055e-06,1.6287208381982055e-06,1.8927336e-06,1.9035019e-06,0.9546820654802766
S00047,51089,5,1.4936223030090332,0.0,0.006826153,0.0839215,0.008398547302931547,0.024740207940340042,0.013314192493756613,0.0006142480997368693,0.0006081628380343318,0.0006081628380343318,0.0006142481,0.0006142481,-0.49312837846335417
S00047,51029,5,2.116889238357544,0.0,0.0013528811,0.0075726192,0.0004965416010236368,2.874656759862167e-05,8.235514087573392e-05,1.525478273833869e-05,1.4143970474833623e-05,1.4143970474833623e-05,1.5254783e-05,1.5254783e-05,0.8905493429481991
S00047,13089,5,1.364380121231079,8.297814e-06,0.06215403,0.06371993,0.0034407615894451737,0.0015553291887044907,0.0021771606795179346,0.01257900521159172,0.01252132561057806,0.01252132561057806,0.012579005,0.012580037,0.37738153377568645
S00047,45077,5,1.3739140033721924,0.0,0.06608222,0.08455351,0.0028425634372979403,0.008607074230288466,0.005308602121658623,0.009685730561614037,0.009619714692234993,0.009619714692234993,0.009685731,0.009685731,-0.5034666563562696
S00047,37123,5,1.766615867614746,0.0,0.0009520171,0.008571462,0.0002465452513812731,0.00013442767037001127,5.2223435583679624e-05,1.5419116607517935e-05,1.4792762158322148e-05,1.4792762158322148e-05,1.5419117e-05,1.5419117e-05,0.2942927820063207
S00047,13137,5,1.394150972366333,0.0,0.10297055,0.08787425,0.008273616433143616,0.008510938845574856,0.003915823840846618,0.027335915714502335,0.027235932648181915,0.027235932648181915,0.027335916,0.027335916,-0.014139332766960272
S00047,01129,5,1.4440038204193115,0.0,0.04288319,0.13471997,0.01892764928440253,0.037486681093772255,0.03633928423126539,0.0022365639451891184,0.0021917829290032387,0.0021917829290032387,0.002236564,0.002236564,-0.328977259589165
S00047,51013,5,2.3453612327575684,0.0,0.00073105656,0.0047246288,0.0005953581809687117,5.367389121602173e-06,3.943111702634876e-06,4.2345168367319275e-06,3.715053480846109e-06,3.715053480846109e-06,4.234517e-06,4.234517e-06,0.9821303124460135
S00047,13151,5,1.4276998043060303,0.0022511422,0.007035522,0.04769077,0.0024817363591864705,0.010522341666122278,0.005355635075829923,0.00051143579185009,0.0005254874122329056,0.0005254874122329056,0.0005114358,0.000538044,-0.61831413894065
S00047,22045,5,3.054711103439331,0.0,0.000119496086,0.0015871353,0.00010988167196046561,2.2527652845383273e-06,1.6414274739418033e-06,3.933936909561453e-07,5.435853722701722e-07,5.435853722701722e-07,3.933937e-07,3.933937e-07,0.9598202775189172
S00047,37169,5,1.4083656072616577,0.0,0.12026278,0.039730947,0.01892879946778218,0.017158177060385544,0.02708546258509159,0.03829685598611832,0.03817642480134964,0.03817642480134964,0.038296856,0.038296856,0.04906541300334695
S00047,37067,5,1.4269206523895264,0.0,0.048637968,0.03410318,0.0011144180316478014,0.0007525628122190634,0.0011004316475009546,0.006180626340210438,0.006132281851023436,0.006132281851023436,0.0061806263,0.0061806263,0.19381838898746734
S00047,01117,5,1.6450986862182617,0.0055247284,0.13170308,0.08171918,0.01684641030927499,0.021450857631862164,0.025765194247166317,0.034020427614450455,0.035177186131477356,0.035177186131477356,0.034020428,0.035445154,-0.12022913304584032
S00047,13199,5,1.496353268623352,0.0,0.009245804,0.057627093,0.002894595304193596,0.023529100154216092,0.013550748738149801,0.0013434659922495484,0.001336140325292945,0.001336140325292945,0.001343466,0.001343466,-0.7809091231202216
S00047,01055,5,1.6039332151412964,0.0,0.023731004,0.015090715,0.001399446666861574,0.002652527007739991,0.004090631225456794,0.002307560294866562,0.002285110065713525,0.002285110065713525,0.0023075603,0.0023075603,-0.3092518465094998
S00047,51047,5,2.0821149349212646,0.0,3.8424347e-05,0.0011993727,0.00010692436141349997,9.083959184863488e-07,6.966570064529757e-07,1.5232707539780677e-08,2.140993444754713e-07,2.140993444754713e-07,1.5232708e-08,1.5232708e-08,0.9831517631383633
S00047,37045,5,1.4572575092315674,0.0,0.011163677,0.057047054,0.001166635697397093,0.010794873737419644,0.0045532850684442865,0.0003916917776223272,0.0003810410271398723,0.0003810410271398723,0.00039169178,0.00039169178,-0.8049350370445172
S00047,37011,5,1.776855230331421,0.0,0.00026695937,0.0028555915,0.0007900305887839446,0.0002429019922184731,6.907486670115759e-05,8.788083505351096e-07,8.588524451624835e-07,8.588524451624835e-07,8.7880835e-07,8.7880835e-07,0.5296847118855581
S00047,51083,5,1.4803155660629272,0.0,0.007717235,0.04974319,0.0019247614448734869,0.009159864702572426,0.00653311621863395,0.0003919911105185747,0.00038490272709168494,0.00038490272709168494,0.0003919911,0.0003919911,-0.6527151354911532
S00047,13129,5,1.621044635772705,2.6859578e-05,0.034519777,0.05857368,0.0018336707726120949,0.013656282584027698,0.008453560760244727,0.0047462983056902885,0.004715930204838514,0.004715930204838514,0.0047462983,0.0047481526,-0.7632438613088414
S00047,13233,5,1.4444421529769897,0.00015073862,0.09044829,0.04393705,0.010776386906703314,0.004006834157432119,0.004314173517438273,0.024746691808104515,0.024684546515345573,0.024684546515345573,0.024746692,0.024773937,0.45792136367995917
S00047,37025,5,1.7087877988815308,0.0,0.0009022693,0.028831527,0.0008711107269239923,0.002609001036034897,0.0019979445981637887,7.875059054640587e-06,7.275425559782889e-06,7.275425559782889e-06,7.875059e-06,7.875059e-06,-0.49937772907422406
S00047,24017,5,2.435842990875244,1.0204914e-05,0.00065211457,-0.0007270762,4.1450093704042956e-05,4.36305329761429e-06,5.652932334972623e-06,4.484727924136678e-06,4.0381319195148535e-06,4.0381319195148535e-06,4.484728e-06,4.4979333e-06,0.809528330483105
S00047,51031,5,1.7044165134429932,0.0,0.0010843925,0.028560536,0.002844695506306986,0.0020400682114996016,0.0014475997692594926,7.512824140576413e-06,6.6656730268732645e-06,6.6656730268732645e-06,7.512824e-06,7.512824e-06,0.16472184557755587
S00047,01039,5,1.6098597049713135,0.0,0.0042273095,0.06150377,0.0015451465442311019,0.022834203167197604,0.009392865002155304,0.00020154281810391694,0.00019844573398586363,0.00019844573398586363,0.00020154282,0.00020154282,-0.8732413651290495
S00047,13057,5,1.409760594367981,0.0,0.037154946,0.039638087,0.0016547816921956837,0.004851223241227369,0.0013986275686571996,0.003946446813642979,0.003911138512194157,0.003911138512194157,0.003946447,0.003946447,-0.49130635186129773
S00047,37089,5,1.3738871812820435,0.0,0.03547023,0.059035473,0.0019698362448252738,0.00903483092164,0.0034886278493407494,0.003531079739332199,0.003496675519272685,0.003496675519272685,0.0035310797,0.0035310797,-0.6419998506037525
S00047,22051,5,1.6193664073944092,0.0,0.41908288,0.20284784,0.09525253623723984,0.05260629206895828,0.03199002332985401,0.24587365984916687,0.24546882510185242,0.24546882510185242,0.24587366,0.24587366,0.28842541670874217
S00047,01027,5,1.3225382566452026,0.0,0.2457365,0.060479835,0.056973740458488464,0.06822427486379941,0.07592411090930302,0.0897018238902092,0.089448481798172,0.089448481798172,0.089701824,0.089701824,-0.08986192294142632
S00047,13067,5,1.3580878973007202,0.0,0.025970105,0.08205794,0.005972150092323621,0.014441061299294233,0.013000653591006994,0.002676582895219326,0.002652802737429738,0.002652802737429738,0.002676583,0.002676583,-0.4148740266535499
S00047,51640,5,1.8537825345993042,0.0,0.00076602533,-0.01337338,0.002010644801581899,6.976869432643677e-05,2.687326013983693e-05,2.007339571719058e-05,1.9603245164034888e-05,1.9603245164034888e-05,2.0073396e-05,2.0073396e-05,0.9329280506364195
S00047,01115,5,1.7906326055526733,9.72687e-05,0.07130777,0.043570466,0.005040422780439258,0.009623243473470211,0.011312945745885372,0.010645205155014992,0.010586806572973728,0.010586806572973728,0.010645205,0.010659068,-0.31252898243023847
S00047,37135,5,1.889110803604126,0.0,0.0054443814,0.024213437,0.0011526764137670398,0.0006369419813078517,0.0002028594293127147,0.00026804322260431945,0.0002631926035974175,0.0002631926035974175,0.00026804322,0.00026804322,0.28818123119348343
S00047,12091,5,1.71906578540802,4.244014e-06,0.0012022103,0.038899045,0.0014705614497264226,0.007995537016540766,0.0027653900906443596,1.2818409231840633e-05,1.2113941920688376e-05,1.2113941920688376e-05,1.2818409e-05,1.28285965e-05,-0.6892993549630133
S00047,37157,5,1.4206665754318237,0.0,0.045421395,0.046562638,0.0009806939245512087,0.0014712947401373337,0.0011835691596691806,0.005710181314498186,0.005665035918354988,0.005665035918354988,0.0057101813,0.0057101813,-0.20008282364895935
S00047,51003,5,1.9419056177139282,0.0,0.0013671486,0.0009952133,0.00015458242463258406,1.3432489746871093e-05,1.320428479327044e-05,1.4891269529471174e-05,1.3656012015417218e-05,1.3656012015417218e-05,1.48912695e-05,1.48912695e-05,0.8401036027488092
S00047,24033,5,2.3075292110443115,0.0,0.0004794979,0.001448953,6.9090538090677e-05,1.1454784498710069e-06,1.126876668422483e-06,1.2029989875372848e-06,9.393415894010104e-07,9.393415894010104e-07,1.202999e-06,1.202999e-06,0.967382021182545
S00047,13121,5,1.3625625371932983,5.7265133e-06,0.05933965,0.06587447,0.002262795732046167,0.002704589550072948,0.002991129527799785,0.010195682756602764,0.010139991529285908,0.010139991529285908,0.010195683,0.010196362,-0.08893890707795256
S00047,01081,5,1.552962303161621,0.0,0.0036590584,0.04271049,0.002771181345451623,0.01308417490993937,0.008366020085910955,9.374231740366668e-05,9.063426841748878e-05,9.063426841748878e-05,9.374232e-05,9.374232e-05,-0.6504422479300151
S00047,01131,5,1.2664498090744019,0.0,0.546414,0.16016573,0.20270186165968576,0.19816278914610544,0.23702962199846903,0.3812824785709381,0.38072216510772705,0.38072216510772705,0.38128248,0.38128248,0.011323204738697173
S00047,37063,5,1.9084153175354004,0.0,0.0023771385,0.014470123,0.0006101522400664786,0.0001457965117879212,0.00010259081439774793,9.768064046511427e-05,9.575863077770919e-05,9.575863077770919e-05,9.768064e-05,9.768064e-05,0.6142687941999474
S00047,13011,5,1.4156721830368042,0.0,0.03527738,0.08637932,0.0029091264974946776,0.017957094047839444,0.009525322093395516,0.004722596146166325,0.004690089263021946,0.004690089263021946,0.004722596,0.004722596,-0.7211640228594071
S00047,22007,5,2.5310659408569336,0.0,0.0024138158,0.0037200288,0.000147975707174434,0.00011551425996003672,0.00011760212752657632,0.00012303980474825948,0.0001217305616592057,0.0001217305616592057,0.0001230398,0.0001230398,0.12319803887572978
S00047,51685,5,2.409064531326294,0.0,3.9834288e-07,-0.00832765,0.0005514136185714354,1.0285115372710152e-06,1.0118778980642655e-06,2.2849496600363395e-11,2.4081134597508935e-07,2.4081134597508935e-07,2.2849497e-11,2.2849497e-11,0.9962764913057278
S00047,37023,5,1.6929960250854492,0.0,0.03975128,0.036450416,0.000772668708426257,0.003913691184910324,0.00394070897406588,0.003853699890896678,0.00381434615701437,0.00381434615701437,0.0038537,0.0038537,-0.6702478145031519
S00047,01053,5,1.3740068674087524,0.0,0.036415767,0.06989774,0.003924286381031076,0.0039039376036574445,0.0015990396883959572,0.0055252001620829105,0.005493410862982273,0.005493410862982273,0.0055252,0.0055252,0.00259941174568239
S00047,13149,5,1.3123255968093872,0.0,0.10818303,0.13305698,0.012476673039297262,0.017175358720123768,0.018291167449206114,0.037131909281015396,0.03702978789806366,0.03702978789806366,0.03713191,0.03713191,-0.1584608339471929
S00047,51019,5,2.2619569301605225,0.0,0.004554768,0.0067970045,0.0005260904144961387,9.210036902610834e-05,9.305251539141561e-05,9.796498488867655e-05,9.325813152827322e-05,9.325813152827322e-05,9.7964985e-05,9.7964985e-05,0.7020325392062599
S00047,37149,5,1.3221204280853271,0.0,0.17350943,0.043335915,0.0360507977505525,0.04203533101826906,0.060477654139200844,0.06388603150844574,0.06371250748634338,0.06371250748634338,0.06388603,0.06388603,-0.0766401582723369
S00047,01021,5,1.3197637796401978,0.00015007691,0.43597242,0.08467677,0.18998052179813385,0.14441961298386255,0.15729535619417825,0.2511708438396454,0.2508448362350464,0.2508448362350464,0.25117084,0.25130165,0.13624668196971143
S00047,37125,5,1.9229872226715088,0.0,0.0010060604,0.0059826714,0.00015086718970754495,3.356382088289441e-05,1.3106208522610055e-05,2.194818625866901e-05,2.1284782633301802e-05,2.1284782633301802e-05,2.1948186e-05,2.1948186e-05,0.6360284447236628
S00047,37193,5,1.6873093843460083,0.0,0.015102891,0.015061505,0.00031827354299214977,0.0004728821513708681,0.0006673791698024919,0.0006382953724823892,0.0006234959582798183,0.0006234959582798183,0.0006382954,0.0006382954,-0.19542121668377568
S00047,13285,5,1.3841137886047363,0.0,0.0028389336,0.05777005,0.00579077610746026,0.01641031044224898,0.01285053207539022,8.087321475613862e-05,7.869631372159347e-05,7.869631372159347e-05,8.0873215e-05,8.0873215e-05,-0.4783339910418844
S00047,01077,5,3.204460859298706,0.0,0.00020364317,0.0044828462,0.000194728899562809,3.047248280078444e-06,1.884855009848252e-06,9.882343192657572e-07,1.0575159876680118e-06,1.0575159876680118e-06,9.882343e-07,9.882343e-07,0.9691848757970637
S00047,37009,5,1.720988392829895,0.0,0.00037368308,0.0006213528,0.0008679231395944953,0.0003642817656555053,1.7469048581612395e-05,1.4032698345545214e-06,1.2606136579051963e-06,1.2606136579051963e-06,1.4032698e-06,1.4032698e-06,0.4087318365583091
S00047,13223,5,1.3445171117782593,7.100168e-05,0.05400938,0.0545298,0.0021549025162433586,0.005306564659501116,0.006137771066278219,0.009267350658774376,0.009222554974257946,0.009222554974257946,0.009267351,0.009275015,-0.4223917453531245
S00047,13055,5,1.5280537605285645,0.0,0.0299097,0.046112355,0.0014769266514728467,0.006385831026515613,0.010396725420529643,0.0041845571249723434,0.004157499875873327,0.004157499875873327,0.004184557,0.004184557,-0.6243234976940836
S00047,37151,5,1.5151264667510986,0.0,0.006058599,0.0362129,0.0013570541244310637,0.0028792908803249397,0.0017190845198153208,0.0002950463676825166,0.0002896563382819295,0.0002896563382819295,0.00029504637,0.00029504637,-0.3593278531812002
S00047,22087,5,1.46573007106781,0.0,0.60009027,0.29138625,0.18918328483899435,0.09584494804342587,0.07758655771613121,0.45128774642944336,0.45069217681884766,0.45069217681884766,0.45128775,0.45128775,0.3274704959984521
S00047,13015,5,1.4379494190216064,3.6969945e-05,0.047316488,0.07063764,0.0020764513368097446,0.0089615264441818,0.008933890208330316,0.008223342709243298,0.008182330057024956,0.008182330057024956,0.008223343,0.00822684,-0.6237623633586954
S00047,51590,5,1.4374219179153442,0.0,0.04711219,0.06003257,0.0040393540014823275,0.005483815601716439,0.0020685167207072177,0.010822465643286705,0.010777936317026615,0.010777936317026615,0.010822466,0.010822466,-0.1516786595661309
S00047,45073,5,1.4000002145767212,0.0002583345,0.06237324,0.10591988,0.0031171044489989677,0.021031912105778854,0.018650828938310344,0.011032415553927422,0.011000034399330616,0.011000034399330616,0.011032416,0.011064576,-0.7418441913004314
S00047,37033,5,1.538378357887268,0.0,0.0073370477,0.041462835,0.001537606605173399,0.005855866086979707,0.005033415004921456,0.00020907568978145719,0.00020214630058035254,0.00020214630058035254,0.00020907569,0.00020907569,-0.5840637629444949
S00047,01095,5,1.2601617574691772,0.0,0.0,-0.0019480938,0.0006924079813567611,2.6204089967526065e-06,4.5285753931996925e-07,0.0,2.412281219221768e-07,2.412281219221768e-07,0.0,0.0,0.9924595627081656
S00047,45021,5,1.502020239830017,0.0,0.0042874548,0.03319871,0.0010033857737046976,0.0033171253744512796,0.002179489480719591,0.00011339574120938778,0.00010962508531520143,0.00010962508531520143,0.00011339574,0.00011339574,-0.535524506570039
S00047,45045,5,1.3773748874664307,6.623635e-05,0.04978075,0.06455442,0.0013952323546012242,0.004589828778989613,0.0022657630421842137,0.0066189151257276535,0.006575990002602339,0.006575990002602339,0.006618915,0.0066255056,-0.5337617031944564
S00047,51113,5,2.026543378829956,0.0,0.0,0.005096529,0.00035487286489418085,3.597913291741861e-07,5.611329451464068e-07,0.0,2.412281219221768e-07,2.412281219221768e-07,0.0,0.0,0.9979743341561033
S00047,37175,5,1.3438814878463745,0.0,0.03192673,0.049299456,0.0023129741506030164,0.016104316882168252,0.002075310447253287,0.003612545318901539,0.0035820777993649244,0.0035820777993649244,0.0036125453,0.0036125453,-0.74882580217825
S00047,13143,5,1.3846142292022705,0.0,0.17915426,0.11577516,0.03402160542706648,0.009415234439074993,0.017264590909083683,0.07128837704658508,0.07111349701881409,0.07111349701881409,0.07128838,0.07128838,0.5664862145547535
S00047,37071,5,1.5818769931793213,0.0,0.0056215976,0.040648993,0.0014789267831171553,0.00473595125367865,0.004482484742766246,0.0001641571579966694,0.00015908567002043128,0.00015908567002043128,0.00016415716,0.00016415716,-0.5240689280268986
S00047,12045,5,12.450006484985352,0.0,0.001977693,-0.00300091,0.001049597767026474,0.00016077213998263082,0.00016116619614573816,0.00016214599600061774,0.000160804353072308,0.000160804353072308,0.000162146,0.000162146,0.7343421394540315
S00047,13293,5,11.486634254455566,0.0,0.004213181,0.058931515,0.001553021720610559,0.022055310565823067,0.00823157657093058,0.00024720659712329507,0.00024403391580563039,0.00024403391580563039,0.0002472066,0.0002472066,-0.8684344407077841
S00047,51105,5,12.450006484985352,0.0,0.0019652287,-0.0051235296,0.0004858519387198612,2.0379316386727926e-05,2.0585792905573424e-05,2.1445359379868023e-05,1.9884751964127645e-05,1.9884751964127645e-05,2.144536e-05,2.144536e-05,0.919486139264803
S00047,45039,5,12.450006484985352,0.0,0.00019607336,0.0047764415,0.00019559063609146202,2.6808983117613632e-05,2.3975801317040652e-05,1.5804210988790146e-06,1.6266417333099525e-06,1.6266417333099525e-06,1.5804211e-06,1.5804211e-06,0.7589116095346299
S00047,13259,5,12.450006484985352,0.0,0.0019708665,0.012096171,0.00033576536225154996,0.000813412150212874,0.0006196581962285563,0.0001093551836675033,0.00010803045006468892,0.00010803045006468892,0.000109355184,0.000109355184,-0.4156423031085991
S00047,24039,5,12.450006484985352,0.0,0.00016769562,0.021745652,0.001287937203111748,0.0017239363563324635,0.0011027739189254742,9.586069609213155e-07,1.0214122312390828e-06,1.0214122312390828e-06,9.58607e-07,9.58607e-07,-0.14476011180933224
S00047,54031,5,12.450006484985352,0.0,0.0011338252,-0.014536882,0.003686707622061173,1.0609268125942132e-05,1.0062120054499246e-05,1.1482209629321005e-05,1.0510997526580468e-05,1.0510997526580468e-05,1.148221e-05,1.148221e-05,0.9942610988232577
S00047,13119,5,10.500299453735352,0.0,0.013076391,0.046961226,0.0017376670924325783,0.00617641641292721,0.0024141378235071898,0.002578282030299306,0.002567264484241605,0.002567264484241605,0.002578282,0.002578282,-0.5608671323076769
S00047,51119,5,12.450006484985352,0.0,0.00025260833,0.035841137,0.0049372083352257805,0.001160362876059177,0.0044301332090981305,1.324906861555064e-06,1.331380531155446e-06,1.331380531155446e-06,1.3249069e-06,1.3249069e-06,0.6194016155443469
S00047,34013,5,12.450006484985352,0.0,0.00047719313,0.0031961147,0.0034915936024238667,1.3851377692238505e-06,1.344725925870686e-06,1.6075430266937474e-06,1.3379510619415669e-06,1.3379510619415669e-06,1.607543e-06,1.607543e-06,0.999206901689217
S00047,13303,5,12.450006484985352,0.0,0.0007470678,0.0022912272,0.00010077519376257744,1.5211783344663369e-05,1.8362365153734572e-05,8.79874551173998e-06,8.396742487093434e-06,8.396742487093434e-06,8.7987455e-06,8.7987455e-06,0.7376984257362159
S00047,51107,5,12.450006484985352,0.0,0.00042463775,0.0066402117,0.00033887223738323274,1.761933390298509e-06,1.4788554381084396e-06,1.699314680081443e-06,1.4738769777977723e-06,1.4738769777977723e-06,1.6993147e-06,1.6993147e-06,0.9896549815522182
S00047,42071,5,12.450006484985352,0.0,0.0003854381,-0.0006708569,0.0001433396634335319,1.1573613013145707e-06,8.75049465776101e-07,6.848289899608062e-07,5.221882020123303e-07,5.221882020123303e-07,6.84829e-07,6.84829e-07,0.9839808286234495
S00047,45047,5,12.307714462280273,1.3180787e-05,0.0005397716,0.009259832,0.0004139493879241248,0.0003655237572578092,0.00012675598069715002,2.638194928294979e-06,2.4030214262893423e-06,2.4030214262893423e-06,2.638195e-06,2.6522505e-06,0.06212610526179539
S00047,51678,5,12.450006484985352,0.0,0.0,-0.00602275,0.002594838112903138,3.8567037156470957e-07,1.7297248712984845e-07,0.0,2.412281219221768e-07,2.412281219221768e-07,0.0,0.0,0.9997027844966202
S00047,09015,5,12.450006484985352,0.0,0.0018135081,-0.0040387255,0.0021674034263317785,1.2819950219030337e-05,1.2634855920623522e-05,1.5719138900749385e-05,1.401007830281742e-05,1.401007830281742e-05,1.5719139e-05,1.5719139e-05,0.9882397828067396
S00047,37093,5,12.450006484985352,0.0,0.00049343234,0.001695932,0.00011957212943040456,2.4034251206709694e-05,2.916262322590531e-05,7.978797839314211e-06,7.770043339405674e-06,7.770043339405674e-06,7.978798e-06,7.978798e-06,0.6652759981822398
S00047,34041,5,12.450006484985352,0.0,0.0010374346,-0.014066413,0.004088397099015613,7.657457748185456e-06,7.427573261035529e-06,8.516311027051415e-06,7.616692528245039e-06,7.616692528245039e-06,8.516311e-06,8.516311e-06,0.9962610567598322
S00047,51191,5,12.450006484985352,0.00026954178,0.0024225614,-0.0052400143,0.0012111331016058102,2.672977097972762e-05,2.1610159819829278e-05,2.202093310188502e-05,2.0949093595845625e-05,2.0949093595845625e-05,2.2020933e-05,2.3254244e-05,0.9568130338639257
S00047,13319,5,12.450006484985352,0.0,0.0005207519,0.0030590212,0.0001010505936089127,8.222722196175406e-06,1.1938829932963321e-05,2.23914048547158e-06,1.9932613213313743e-06,1.9932613213313743e-06,2.2391405e-06,2.2391405e-06,0.8495017354311393
S00047,01099,5,9.102898597717285,0.0,0.16957599,0.09227,0.016025830060243607,0.0280805341899395,0.034724073484539986,0.049777910113334656,0.04960823804140091,0.04960823804140091,0.04977791,0.04977791,-0.2733098575370752
S00047,42103,5,12.450006484985352,0.0,0.002281587,-0.011319977,0.00444506232937177,3.457794931212751e-05,3.398201321639741e-05,3.6435296351555735e-05,3.417276093387045e-05,3.417276093387045e-05,3.6435296e-05,3.6435296e-05,0.9845621759065502
S00047,37075,5,11.15541934967041,0.0,0.053439498,0.03708679,0.021842347147564094,0.030448002740740776,0.026604061325391132,0.03768489509820938,0.037638042122125626,0.037638042122125626,0.037684895,0.037684895,-0.16457445038250548
S00047,01087,5,10.119800567626953,0.0,0.0046326066,0.066817366,0.00664264722339188,0.024236616523315508,0.018807892377177875,0.00017281320469919592,0.0001691018114797771,0.0001691018114797771,0.0001728132,0.0001728132,-0.5697664764367851
S00047,13211,5,11.918681144714355,0.0,0.0059888163,0.03151739,0.0010203424317296594,0.005207029016067584,0.0019625778562234095,0.000414247449953109,0.0004092376329936087,0.0004092376329936087,0.00041424745,0.00041424745,-0.6723039759927676
S00047,13245,5,8.243922233581543,6.66805e-05,6.726361e-05,0.003667553,0.00011276936129434034,2.064602824702888e-06,2.5910766604890037e-06,2.196511417196234e-08,2.083533132690718e-07,2.083533132690718e-07,2.1965114e-08,2.6489168e-08,0.9640419480326812
S00047,45027,5,9.369070053100586,0.0,0.00018234119,0.0023254198,0.00012553348400009176,1.539270707932398e-06,1.0942669064206711e-06,7.945537845444051e-07,8.425640771747567e-07,8.425640771747567e-07,7.945538e-07,7.945538e-07,0.975773395147226
S00047,13139,5,5.565343379974365,0.0,0.056024406,0.06698299,0.0033474372855077186,0.004988445434719324,0.0017370895948261023,0.011223350651562214,0.011170881800353527,0.011170881800353527,0.011223351,0.011223351,-0.19686075299856304
S00047,37043,5,6.1699299812316895,0.0,0.013386479,0.02540705,0.001317118372147282,0.006812601078612109,0.0009753296811444064,0.0012021162547171116,0.0011903524864464998,0.0011903524864464998,0.0012021163,0.0012021163,-0.6759744588666585
S00047,25001,5,8.781105995178223,0.0,6.4343614e-05,0.010816245,0.003589451041383048,7.1597552656991565e-06,7.985698744050751e-06,1.2913294256122754e-07,3.0121813665573427e-07,3.0121813665573427e-07,1.2913294e-07,1.2913294e-07,0.9960186099244487
S00047,01065,5,7.966497898101807,0.0,0.008696678,0.043239877,0.0019559412903618068,0.0048702210672975825,0.009577882320930561,0.0005991277866996825,0.0005919610266573727,0.0005919610266573727,0.0005991278,0.0005991278,-0.42692799031739526
S00047,21079,5,10.96864128112793,0.0,2.5819618e-05,3.3407705e-06,0.0001389744647894986,5.173826783296439e-07,3.977531785418857e-07,1.70663074783306e-08,2.3418894556925807e-07,2.3418894556925807e-07,1.7066307e-08,1.7066307e-08,0.9925818936701806
S00047,01111,5,5.190866947174072,0.00023693875,0.19569544,0.09131563,0.03625449538230896,0.026894428456823032,0.03049057846268018,0.06466838717460632,0.0645546168088913,0.0645546168088913,0.06466839,0.06476107,0.14822211300591792
S00047,37131,5,7.272461891174316,0.0,0.0011607,0.0076788226,0.00035722844768315554,7.053028336182858e-05,7.453959794171776e-05,7.180480315582827e-05,7.097503839759156e-05,7.097503839759156e-05,7.18048e-05,7.18048e-05,0.670233343036491
S00047,42067,5,9.057768821716309,0.0,0.00042293567,-0.011901146,0.002446046816961219,3.7664216658110186e-06,3.7851774929246553e-06,3.859126991301309e-06,3.682047690745094e-06,3.682047690745094e-06,3.859127e-06,3.859127e-06,0.9969251356744878
S00047,54085,5,9.768543243408203,0.0,0.0027559889,0.0071630497,0.0008092740026768297,0.00016547571673678854,0.00016487724982046834,0.00016521972429472953,0.0001636392407817766,0.0001636392407817766,0.00016521972,0.00016521972,0.6604754770561329
S00047,45051,5,10.048253059387207,4.7101753e-06,2.993378e-05,0.0010625299,0.0001354399622262766,8.399750205020003e-07,3.3370449041096134e-07,2.994094927544211e-08,2.450384499752545e-07,2.450384499752545e-07,2.994095e-08,3.0200752e-08,0.9876728000104525
S00047,22029,5,12.450006484985352,0.0,5.5036988e-05,0.00066778145,0.0001703217591663512,9.191337445220901e-07,5.919800507570017e-07,4.65504470525957e-08,2.361461781674734e-07,2.361461781674734e-07,4.6550447e-08,4.6550447e-08,0.9892650204177517
S00047,45075,5,9.28565788269043,4.6541067e-05,0.0002038434,-0.0019509916,0.00010057337082495603,1.0911531944657327e-06,7.37179116564827e-07,4.1378328319297e-07,4.6543038934032666e-07,4.6543038934032666e-07,4.1378328e-07,4.3059137e-07,0.978534238860799
S00047,37115,5,7.5113606452941895,0.0,0.0012397089,0.0036047325,0.0017119065159931779,8.915808772750704e-05,0.0003696628797721739,6.722026228089817e-06,5.797721769340569e-06,5.797721769340569e-06,6.7220262e-06,6.7220262e-06,0.9009940148250961
S00047,21043,5,10.365870475769043,0.0,0.00073815207,0.0055736117,0.0005299686745274812,4.171232224810713e-06,4.541188445728039e-06,5.1049082685494795e-06,4.580438144330401e-06,4.580438144330401e-06,5.1049083e-06,5.1049083e-06,0.9843814994083744
S00047,37191,5,8.479635238647461,0.0,9.658237e-05,0.0039735767,0.00012527350675857937,3.885130126946024e-06,5.170342168033433e-06,1.7687166575797164e-07,3.254192222357233e-07,3.254192222357233e-07,1.7687167e-07,1.7687167e-07,0.9398394064751635
S00047,42133,5,9.564375877380371,0.0,0.0003161976,-0.00035619774,9.184558560567287e-05,1.1264423847023863e-06,1.1032846600755875e-06,1.0269648100802442e-06,9.242239684681408e-07,9.242239684681408e-07,1.0269648e-06,1.0269648e-06,0.9757681442676716
S00047,37101,5,7.6871867179870605,6.5164127e-06,0.0005926315,0.0064155376,0.00015270963922375813,1.2508645340858493e-05,2.3711638277745806e-05,1.7487400327809155e-06,1.406418164151546e-06,1.406418164151546e-06,1.74874e-06,1.7564212e-06,0.8485803750617399
S00047,13195,5,5.753030300140381,0.0,0.0031497704,0.06128983,0.0035465399269014597,0.022595856882010896,0.010773894920324286,0.00016982039960566908,0.00016736403631512076,0.00016736403631512076,0.0001698204,0.0001698204,-0.7286752279965096
S00047,22035,5,11.458985328674316,0.0,0.00014708354,0.00094835577,0.00015262278611771762,2.597924700846003e-06,2.650781993907003e-06,1.5471155165869277e-06,1.626822836442443e-06,1.626822836442443e-06,1.5471155e-06,1.5471155e-06,0.9665260558704348
S00047,21011,5,10.50178337097168,9.092011e-05,0.0010302174,-0.0008677305,0.00015873133816057816,2.3069342205417342e-05,2.3341105891934905e-05,2.4448245312669314e-05,2.3760083422530442e-05,2.3760083422530442e-05,2.4448245e-05,2.4627316e-05,0.7462128066960492
S00047,54043,5,9.442102432250977,0.0,0.0048847888,0.0020272105,0.00042136633419431746,0.00022881060431245714,0.00022822100921378782,0.00024088738427963108,0.00023625449102837592,0.00023625449102837592,0.00024088738,0.00024088738,0.2961589660871276
S00047,21053,5,11.972153663635254,0.0,3.2864657e-05,0.0004969292,0.0003411876338456447,3.138298438898346e-07,1.8620107766764704e-07,9.498219810666342e-08,3.057668891415233e-07,3.057668891415233e-07,9.49822e-08,9.49822e-08,0.9981620585721698
S00047,42057,5,8.913369178771973,0.0,0.0011863348,-0.010680976,0.0033616927297165,1.116482447590291e-05,1.1275197418096164e-05,1.1836603334813844e-05,1.0906974239333067e-05,1.0906974239333067e-05,1.1836603e-05,1.1836603e-05,0.9933796050995244
S00052,48261,2,1.0047926902770996,0.0,0.0009552348,-0.0032507763,0.00024146767100319266,3.515235584927723e-05,3.5136027387731396e-05,3.5960965760750696e-05,3.52148235833738e-05,3.52148235833738e-05,3.5960966e-05,3.5960966e-05,0.7458437391590228
S00052,48061,2,1.0047926902770996,2.4860488e-05,0.0010435921,-0.0037100462,0.0002535170254607995,5.543104180105729e-06,6.112324172136141e-06,6.19510501564946e-06,5.4589077080891e-06,5.4589077080891e-06,6.195105e-06,6.2463755e-06,0.957206041795862
S00052,48007,2,1.0047926902770996,0.0,0.0019514627,-0.0021238087,0.00035338721742543083,0.0001323972683167085,0.00013389355929878852,0.00013321862206794322,0.00013168311852496117,0.00013168311852496117,0.00013321862,0.00013321862,0.45491355857343424
S00052,48489,2,1.0047926902770996,0.0003605336,0.0019255583,-0.002042085,0.0003254923115794857,0.00011421680149699871,0.00011446077648239832,0.00011447885481175035,0.00011410965089453384,0.00011410965089453384,0.000114478855,0.00011573732,0.48048926847176143
S00052,48273,2,1.0047926902770996,0.0,0.0012642855,-0.002548822,0.000236029632408948,4.2369590422216184e-05,4.195894750106769e-05,4.446268212632276e-05,4.3392832594690844e-05,4.3392832594690844e-05,4.4462682e-05,4.4462682e-05,0.6956199087674083
S00052,48355,2,1.0047926902770996,0.0027687089,0.0005447556,-0.00436804,0.0002658902230905369,2.777596099197884e-06,1.998272940303044e-06,5.917197086091619e-06,1.298398046856164e-06,1.298398046856164e-06,5.917197e-06,1.2679882e-06,0.9793231946604196
S00052,48409,2,1.0047926902770996,0.00017523994,0.0016129658,-0.005868161,0.0003517906249423201,2.1896331721412327e-05,2.1634148045753438e-05,2.4183043933589943e-05,2.3286102077690884e-05,2.3286102077690884e-05,2.4183044e-05,2.4717649e-05,0.8828092266484108
S00052,48321,2,1.0047926902770996,0.0008673087,0.0003574757,-0.0002855439,0.00011493100707108776,5.329097348294454e-06,5.655643993425959e-06,3.704222763190046e-06,3.513665433274582e-06,3.513665433274582e-06,3.7042228e-06,3.5720816e-06,0.911373811389514
S00052,48039,2,1.0047926902770996,5.565992e-05,0.00032890082,-0.00037752703,0.0001222898620956888,1.2407866355109338e-06,1.2805918837936285e-06,4.556233363928186e-07,4.086338378783694e-07,4.086338378783694e-07,4.5562334e-07,4.891386e-07,0.9799112746795192
S00052,48057,2,1.0047926902770996,0.00032859607,0.00031775696,-2.0091422e-05,0.0001308735809288919,4.5413276742086355e-06,5.379031790653244e-06,1.4590384580515092e-06,1.5021091712696943e-06,1.5021091712696943e-06,1.4590385e-06,1.5598904e-06,0.9329272128001914
S00052,48391,2,1.0047926902770996,0.0,0.00041360297,-0.0020726428,0.00015160677382179225,1.48209778672026e-06,1.3280811117510893e-06,8.56319047670695e-07,6.857195558040985e-07,6.857195558040985e-07,8.5631905e-07,8.5631905e-07,0.9806374196746271
S00052,48427,2,1.0047926902770996,0.0,0.0008726024,-0.007796865,0.00041322359660019475,1.568140548139733e-05,1.504089141235454e-05,1.543031248729676e-05,1.4812465451541357e-05,1.4812465451541357e-05,1.5430312e-05,1.5430312e-05,0.9268770221597266
S00052,48481,2,1.0047926902770996,4.1172596e-05,0.00016819291,-3.272918e-05,0.00010152188648741382,1.3614829678469202e-06,1.1754005602900481e-06,2.626554476137244e-07,3.5645908269543725e-07,3.5645908269543725e-07,2.6265545e-07,2.7481013e-07,0.9735334685274092
S00052,48163,2,1.0047926902770996,0.0,0.00018421371,-0.0024836138,0.00019690947920025792,1.095604962605042e-06,6.664486136287451e-07,1.8214004171568376e-07,2.599008723791485e-07,2.599008723791485e-07,1.8214004e-07,1.8214004e-07,0.9889335673653319
S00052,48215,2,1.0047926902770996,6.8548194e-05,0.0005576904,-0.0048363237,0.0002344339203167086,1.9466545685039214e-06,1.9066360816092736e-06,1.5504231214436004e-06,1.3080045846436406e-06,1.3080045846436406e-06,1.5504231e-06,1.6221816e-06,0.9835294878231916
S00052,48239,2,1.0047926902770996,0.0,0.00013406263,-0.001480982,0.00011932253498040761,9.883944850723008e-07,8.662836232057695e-07,1.3332935111520783e-07,2.3324469111685175e-07,2.3324469111685175e-07,1.3332935e-07,1.3332935e-07,0.9835693317396256
S00052,48249,2,1.0047926902770996,0.0001278282,0.0007344573,-0.00094044505,0.00010233662275519843,5.547908282702944e-06,5.369972617093784e-06,5.3497337830776814e-06,5.013778718421236e-06,5.013778718421236e-06,5.349734e-06,5.521162e-06,0.8971509959893343
S00052,48479,2,1.0047926902770996,0.00018646054,0.00051979575,-0.0018937951,0.00012124715431127697,3.0973716699615275e-06,1.6160288017393516e-06,1.172148131445283e-06,1.0486468227099977e-06,1.0486468227099977e-06,1.1721481e-06,1.3312234e-06,0.9501808118126749
S00052,48255,2,1.0047926902770996,0.0,0.00032433786,-0.0031859411,0.00018879800700233318,2.5822057523328112e-06,1.9508824304163377e-06,1.4922620721335988e-06,1.3954991118225735e-06,1.3954991118225735e-06,1.4922621e-06,1.4922621e-06,0.9730149139750096
S00052,48473,2,1.0047926902770996,0.00015287402,0.0010609174,-0.0024918234,0.0001393418812464612,1.7188287529279478e-05,1.724473319579071e-05,1.8031487343250774e-05,1.746069210639689e-05,1.746069210639689e-05,1.8031487e-05,1.8332494e-05,0.7803837092400382
S00052,48131,2,1.0047926902770996,0.0,0.0008196926,-0.0041945516,0.0002403888720436953,6.298490310048995e-06,5.968171990389237e-06,6.39776681055082e-06,5.840771791554289e-06,5.840771791554289e-06,6.397767e-06,6.397767e-06,0.9489354440377282
S00052,48167,2,1.0047926902770996,0.0018819107,0.0007419505,0.00081696745,0.0002088676798545445,4.572607546530587e-06,4.826594552772197e-06,3.605287474783836e-06,2.3783775304764276e-06,2.3783775304764276e-06,3.6052875e-06,2.8562688e-06,0.9571532853313844
S00052,48283,2,1.0047926902770996,0.001447178,0.0010995162,0.008994684,0.0004286150227320225,1.688277855767713e-05,1.3194949133321643e-05,1.2680065992753953e-05,1.2848545338783879e-05,1.2848545338783879e-05,1.2680066e-05,1.3768133e-05,0.9242071296028753
S00052,48201,2,1.0047926902770996,0.0013543456,0.0007601271,0.00820776,0.0003888654052085864,1.0360368207784632e-06,6.934621031480978e-07,7.85439567607682e-07,4.548434446860483e-07,4.548434446860483e-07,7.8543957e-07,1.0101371e-06,0.9946856476581052
S00052,48123,2,1.0047926902770996,0.0,0.00015611606,-0.0041227243,0.0001945769957577189,1.3655299350527155e-06,7.88166876949011e-07,2.0806004386031418e-07,2.9047390626146807e-07,2.9047390626146807e-07,2.0806004e-07,2.0806004e-07,0.986061933924504
S00052,48157,2,1.0047926902770996,0.008112297,0.0006941986,0.00044346286,0.0001295025116026712,1.56695405166829e-05,1.3892473968250366e-05,5.970694837742485e-05,7.5171597018197645e-06,7.5171597018197645e-06,5.970695e-05,5.160674e-06,0.7841245572005817
S00052,48177,2,1.0047926902770996,0.0,0.00094280083,-0.0007462171,0.00015766681948055825,3.3390217140549794e-05,3.305024802102707e-05,3.4242802939843386e-05,3.347868914715946e-05,3.347868914715946e-05,3.4242803e-05,3.4242803e-05,0.650468595859496
S00052,48175,2,1.0047926902770996,0.0,0.00010767099,-0.002917351,0.00015880402861512266,8.982129884316237e-07,6.135920595321901e-07,7.512645794349737e-08,2.0410297452144732e-07,2.0410297452144732e-07,7.512646e-08,7.512646e-08,0.9887514041204086
S00052,48247,2,1.0047926902770996,0.0,0.005144823,-0.0023671235,0.0015015390235930681,0.0012395917826021712,0.0012395633772636454,0.001258155913092196,0.0012530407402664423,0.0012530407402664423,0.0012581559,0.0012581559,0.09556174422572941
S00052,48149,2,1.0047926902770996,0.0,1.8820525e-05,0.0012598822,0.00010413476835916906,1.4172516955568426e-06,7.3494752920548e-07,1.9859434985392e-08,2.4198163828259567e-07,2.4198163828259567e-07,1.9859435e-08,1.9859435e-08,0.9731459105221855
S00052,48013,2,1.0047926902770996,0.0,6.5612156e-05,-0.0039935037,0.00021347297661122866,2.374165527877873e-06,1.3177595216499565e-06,5.523654422745494e-08,2.3608627941484883e-07,2.3608627941484883e-07,5.5236544e-08,5.5236544e-08,0.9780014180002644
S00052,48287,2,1.0047926902770996,0.0,0.0029194732,-0.00012179688,0.00030902240541763604,0.0001258055999642238,0.0001264856691705063,0.00013118967763148248,0.000128302737721242,0.000128302737721242,0.00013118968,0.00013118968,0.42135465790091836
S00052,48029,2,1.0047926902770996,0.0002047303,0.0001016186,-0.0066019306,0.0002952419308712706,4.3427473409944167e-07,4.4656603866618144e-07,7.908973742587477e-08,2.3913207769510336e-07,2.3913207769510336e-07,7.908974e-08,7.878406e-08,0.9970624979226156
S00052,48291,2,1.0047926902770996,0.004338267,0.0012628428,0.0016924168,0.00010975280990048002,1.3453935328774e-05,1.3392755742340038e-05,2.2989253920968622e-05,1.3505540664482396e-05,1.3505540664482396e-05,2.2989254e-05,1.5125793e-05,0.7816039161859214
S00052,48187,2,1.0047926902770996,6.050888e-05,5.06473e-05,-0.0029463088,0.00018504714535083622,8.868530111764509e-07,6.139312915820483e-07,5.709042127932662e-08,2.5317856966466934e-07,2.5317856966466934e-07,5.709042e-08,5.9558324e-08,0.9904605610701734
S00052,48245,2,1.0047926902770996,0.00068842276,0.00043234217,-0.0023628199,0.00020816054408593723,3.331467193371888e-06,3.446631959983885e-06,2.1824876057507936e-06,2.1366940927691758e-06,2.1366940927691758e-06,2.1824876e-06,2.3038301e-06,0.9684955741522346
S00052,48477,2,1.0047926902770996,0.0,0.0010265724,-0.0011105869,0.0001442665258461299,1.9099660372982424e-05,1.9041746175692726e-05,1.99732203327585e-05,1.921940565807745e-05,1.921940565807745e-05,1.997322e-05,1.997322e-05,0.7661736395392704
S00052,48469,2,1.0047926902770996,0.0,0.00010299345,-0.0031077412,0.00013165786246342273,7.984072662263012e-07,5.288150362048327e-07,4.5556149075309804e-08,1.8733334172793548e-07,1.8733334172793548e-07,4.555615e-08,4.555615e-08,0.9879445908018414
S00052,48025,2,1.0047926902770996,7.261637e-05,0.0011721996,-0.0048316605,0.0003206403149912755,5.105861904060779e-05,5.0493602126759164e-05,5.2089180826442316e-05,5.132364094606601e-05,5.132364094606601e-05,5.208918e-05,5.225415e-05,0.7252689509395897
S00052,48047,2,1.0047926902770996,0.0,0.0007528563,-0.0044665784,0.00023091104958439246,4.6584461112312665e-06,4.612512839230476e-06,4.955523763783276e-06,4.4398893805919215e-06,4.4398893805919215e-06,4.9555238e-06,4.9555238e-06,0.9604494962518375
S00052,48339,2,1.0047926902770996,0.0003836806,0.0005861688,-0.0019920643,8.254171310303111e-05,1.2934452797708218e-06,1.275732794662569e-06,1.3053538623353234e-06,1.2663892903219676e-06,1.2663892903219676e-06,1.3053539e-06,1.6079462e-06,0.9691431302875391
S00052,48071,2,1.0047926902770996,0.00010949704,0.0013889269,0.00013962248,0.00021484054741449654,3.7619975046254694e-05,3.7445148336701095e-05,3.8534883060492575e-05,3.7744503060821444e-05,3.7744503060821444e-05,3.8534883e-05,3.8827056e-05,0.7019734041618069
S00052,48493,2,1.0047926902770996,0.0,0.00025249404,-0.0041019497,0.00024703324258249876,2.5823658612959357e-06,1.8755902146949666e-06,8.859443596520578e-07,8.530704462827998e-07,8.530704462827998e-07,8.8594436e-07,8.8594436e-07,0.9793092597262208
S00052,48361,2,1.0047926902770996,0.004026375,0.0016482015,0.0046252324,0.00020029154135651575,2.4184373614843935e-05,2.4071650235176396e-05,2.8889697205158882e-05,2.481839692336507e-05,2.481839692336507e-05,2.8889697e-05,2.5950558e-05,0.7845258934088358
S00052,48297,2,1.0047926902770996,0.0,0.0022987735,-0.004938336,0.0003738008623865123,5.48732738631467e-05,5.4759975076497845e-05,5.968552068225108e-05,5.755818710895255e-05,5.755818710895255e-05,5.968552e-05,5.968552e-05,0.7439860760286754
S00052,48505,2,1.0047926902770996,0.0,0.0006417625,-0.0009658411,0.00011775177214682724,2.4576756307700027e-05,2.282351609513474e-05,2.1939837097306736e-05,2.1659145204466768e-05,2.1659145204466768e-05,2.1939837e-05,2.1939837e-05,0.6546475035670437
S00052,48021,2,1.0047926902770996,0.0,5.96802e-05,-0.005174406,0.0002500518724749175,7.799382425825266e-07,5.353264403614352e-07,3.45483925912049e-08,2.1444105868795305e-07,2.1444105868795305e-07,3.4548393e-08,3.4548393e-08,0.9937811855653272
S00052,48373,2,1.0047926902770996,0.0018299143,0.0020181895,0.0038580555,7.059651155335207e-05,1.3263553076588626e-06,1.4614700679279242e-06,1.2221754559504916e-06,2.87308330371161e-06,2.87308330371161e-06,1.2221755e-06,5.259817e-06,0.9631172847928322
S00052,48091,2,1.0047926902770996,0.0007333463,2.5281532e-05,-0.005989289,0.00026039930041103315,7.743375173655901e-07,1.025978103067852e-06,5.049488436270622e-07,3.112600666099752e-07,3.112600666099752e-07,5.0494884e-07,4.2322097e-09,0.9940703240686344
S00052,48089,2,1.0047926902770996,0.0,0.00021202028,-0.0009189271,0.00011319609378309299,1.587062323930392e-06,1.0727104609031812e-06,5.630514579024748e-07,5.99895940922579e-07,5.99895940922579e-07,5.6305146e-07,5.6305146e-07,0.9723467732068524
S00052,48285,2,1.0047926902770996,0.0024112232,0.0005172561,0.0018391474,9.717645480122883e-05,5.862044266298956e-06,4.986850247708692e-06,7.888137588452082e-06,4.45612477051327e-06,4.45612477051327e-06,7.888138e-06,4.5685792e-06,0.8862164274645116
S00052,48407,2,1.0047926902770996,6.592827e-05,0.0012269984,0.0010699499,0.00010950691891290869,1.9555320250219665e-05,1.9572202897203777e-05,2.0687621145043522e-05,1.9917993995477445e-05,1.9917993995477445e-05,2.0687621e-05,2.0845064e-05,0.6969629478456095
S00052,48055,2,1.0047926902770996,4.6182977e-05,0.00014520377,-0.0013991081,0.0001851002792439734,5.89901783124939e-07,3.4497212671643257e-07,1.1987657444478828e-07,2.2505817298679176e-07,2.2505817298679176e-07,1.1987657e-07,1.311556e-07,0.9936463869025057
S00052,48185,2,1.0047926902770996,0.00010171905,0.000883596,0.0025160161,0.00011024457004774983,1.0559513005622042e-05,1.0480374839971773e-05,1.1153180821565911e-05,1.0649243449734058e-05,1.0649243449734058e-05,1.1153181e-05,1.13225915e-05,0.8251795346858137
S00052,48051,2,1.0047926902770996,0.0,0.00021642006,-0.0017045675,0.00011163064603654978,1.2386827089964452e-06,9.204369841124086e-07,5.209025175645365e-07,6.31657428584731e-07,6.31657428584731e-07,5.209025e-07,5.209025e-07,0.978051030820092
S00052,48471,2,1.0047926902770996,0.00015176182,0.00039751251,0.0007687707,9.729477217964207e-05,5.779997385009968e-06,5.609491381619591e-06,5.443862846732372e-06,5.395860625867499e-06,5.395860625867499e-06,5.443863e-06,5.541486e-06,0.887848453905404
S00052,48015,2,1.0047926902770996,0.0,0.0009709671,-0.0010139127,0.00013126672274665907,2.479962616538008e-05,2.4536901037208736e-05,2.5488796381978318e-05,2.4803310225252062e-05,2.4803310225252062e-05,2.5488796e-05,2.5488796e-05,0.6821912431698207
S00052,48041,2,1.0047926902770996,1.7047973e-05,0.00012743064,-0.0015105292,8.563340816181153e-05,8.368497598591299e-07,6.498696241881893e-07,3.123828946627327e-07,4.2851104353758274e-07,4.2851104353758274e-07,3.123829e-07,3.164371e-07,0.9806442173303751
S00052,48199,2,1.0047926902770996,2.9506358e-05,6.982147e-05,-0.0036066154,0.00015678340423619375,5.927803575408083e-07,7.68486681105666e-07,3.074810805969719e-08,2.0807542000511603e-07,2.0807542000511603e-07,3.0748108e-08,3.3997836e-08,0.9924667082370681
S00053,48489,4,0.9960727691650391,0.0,8.6169195e-05,0.0002510208,8.257548955725724e-08,2.8568818777330307e-07,6.799631175150959e-07,8.257548955725724e-08,2.382136585765693e-07,2.382136585765693e-07,8.257549e-08,8.257549e-08,-0.5515414924663561
S00053,48061,4,0.9960727691650391,0.00011406577,0.0001551648,0.00026480397,8.078106361608661e-08,1.5284644187355903e-07,3.864778979808155e-07,8.078106361608661e-08,1.9361482372914907e-07,1.9361482372914907e-07,8.0781064e-08,1.0316805e-07,-0.30846273047531364
S00053,48215,4,0.9960727691650391,1.9585199e-05,6.7052104e-05,0.00025099612,1.2733393006669758e-08,2.4924742566175456e-07,4.3903028767999785e-07,1.2733393006669758e-08,1.9899206904483435e-07,1.9899206904483435e-07,1.2733393e-08,1.4976273e-08,-0.9027914099101602
S00053,48007,4,0.9960727691650391,0.0001856924,0.0007131104,0.0003106224,1.2096747013856657e-05,1.1940628003988726e-05,1.1948931993780812e-05,1.2096747013856657e-05,1.1891490430571139e-05,1.1891490430571139e-05,1.2096747e-05,1.2327104e-05,0.0064948443726500025
S00053,48479,4,0.9960727691650391,0.00022762716,0.0001557201,0.00036348635,6.389327467104522e-08,2.301105605321633e-07,2.0891979583363232e-07,6.389327467104522e-08,2.0089429142444715e-07,2.0089429142444715e-07,6.3893275e-08,8.2971404e-08,-0.5653575428573325
S00053,48047,4,0.9960727691650391,0.0007637961,0.00017371058,0.0006630061,4.5127470116312907e-07,2.762903458612224e-07,5.827568922237939e-07,4.5127470116312907e-07,2.515506878353335e-07,2.515506878353335e-07,4.512747e-07,1.3324916e-07,0.24050681931130474
S00053,48261,4,0.9960727691650391,0.0,0.00045208633,0.00026480615,2.9431015718728304e-05,2.908091361556823e-05,2.93979762015321e-05,2.9431015718728304e-05,2.9173699658713304e-05,2.9173699658713304e-05,2.9431016e-05,2.9431016e-05,0.005983431193318406
S00053,48427,4,0.9960727691650391,0.00014859393,4.9144346e-05,0.0003274352,2.987625080663747e-08,2.9082677599490125e-07,5.056255266329875e-07,2.987625080663747e-08,2.2726028703345946e-07,2.2726028703345946e-07,2.987625e-08,2.24012e-08,-0.8136827637418848
S00053,48249,4,0.9960727691650391,7.9892625e-06,0.0001126264,0.00022736573,1.75678536606938e-07,3.2280812926425523e-07,3.547465515415145e-07,1.75678536606938e-07,3.338335545777227e-07,3.338335545777227e-07,1.7567854e-07,1.7741434e-07,-0.29515251406009496
S00053,48409,4,0.9960727691650391,0.00044483985,0.0012767148,0.00030372574,3.8516445783898234e-05,3.904829039432419e-05,3.854226694481137e-05,3.8516445783898234e-05,3.8365487853297964e-05,3.8365487853297964e-05,3.8516446e-05,3.9454433e-05,-0.006856783593048311
S00053,48273,4,0.9960727691650391,0.0,0.0027658585,0.00027722312,0.00037546257954090834,0.0003732673649210483,0.0003728314865535746,0.00037546257954090834,0.0003732337208930403,0.0003732337208930403,0.00037546258,0.00037546258,0.002931917757660343
S00053,48355,4,0.9960727691650391,0.000301168,0.00026223887,0.00033845083,2.0450028159757494e-07,2.3212473839369827e-07,2.753447840101823e-07,2.0450028159757494e-07,2.6743691705632955e-07,2.6743691705632955e-07,2.0450028e-07,2.7175403e-07,-0.0632681489408817
S00053,48247,4,0.9960727691650391,0.0,0.00037845658,0.00034929533,7.544406912529666e-07,9.067800306183926e-07,7.900885066192131e-07,7.544406912529666e-07,6.196580102368898e-07,6.196580102368898e-07,7.544407e-07,7.544407e-07,-0.09170325012188402
S00053,48131,4,0.9960727691650391,0.00063431653,0.0005862289,0.0006415685,7.377659130725078e-06,7.411536292541617e-06,7.4063376208262826e-06,7.377659130725078e-06,7.383834145002766e-06,7.383834145002766e-06,7.377659e-06,7.719011e-06,-0.0022906696981799314
S00053,48505,4,0.9960727691650391,0.0,0.0023453063,0.00028360402,0.000365624378900975,0.00036240382663284737,0.0003623682908558597,0.000365624378900975,0.00036330631701275706,0.00036330631701275706,0.00036562438,0.00036562438,0.004423664143295338
S00054,45015,3,1.0,1.3908632e-06,3.029474e-05,0.0020256208,0.00013481949887742908,4.0977358632214117e-07,5.009208055758071e-07,8.652182970081412e-09,2.182612774959125e-07,2.182612774959125e-07,8.652183e-09,8.734521e-09,0.993939572714451
S00054,37133,3,1.0,0.0,2.3497143e-05,-0.0037906726,0.0005381782320910133,1.7323829979432048e-06,8.963240863598306e-07,3.591513975109706e-09,2.2238469910007552e-07,2.2238469910007552e-07,3.591514e-09,3.591514e-09,0.9935827044346673
S00054,45019,3,1.0,7.303748e-06,3.1976087e-05,-0.00072705693,0.00014718248470065495,5.163345614770757e-07,4.5063241789951764e-07,4.756076421585931e-09,2.1664280325239815e-07,2.1664280325239815e-07,4.7560764e-09,5.169822e-09,0.993008277736321
S00054,45051,3,1.0,7.8502916e-07,0.0003402938,-0.004209537,0.0004220189245340104,7.3544515544199385e-06,2.510111964208287e-06,1.1328061191306915e-06,1.1125671335321385e-06,1.1125671335321385e-06,1.1328061e-06,1.13334e-06,0.9657433275373587
S00054,37031,3,1.0,0.0,0.00010881075,-0.0037937418,0.0003549291383630286,9.70244267743207e-07,8.68909665996398e-07,1.1946515598992846e-07,2.6032159894384677e-07,2.6032159894384677e-07,1.1946516e-07,1.1946516e-07,0.9945476484922717
S00054,37141,3,1.0,3.5506698e-06,1.3247203e-05,-0.0037937425,0.00078281020008338,1.5680757769587217e-05,5.641945847401075e-06,1.6116658008158424e-09,2.297303467457823e-07,2.297303467457823e-07,1.6116658e-09,1.6931314e-09,0.9607240191880178
S00054,45043,3,1.0,0.0,8.355502e-05,-0.0014387829,0.00025201283278875053,4.807007978039716e-06,3.845436285843107e-06,5.2301864172932255e-08,2.283455273754953e-07,2.283455273754953e-07,5.2301864e-08,5.2301864e-08,0.9625651354374538
S00054,37019,3,1.0,3.973784e-06,0.0005807979,-0.0016524364,0.0005769445124315098,1.1051063817527998e-05,4.757775059260894e-06,5.2236619012546726e-06,4.972835085936822e-06,4.972835085936822e-06,5.223662e-06,5.228262e-06,0.9624110647633599
S00054,37129,3,1.0,5.4046384e-05,0.0009195158,-0.0033011702,0.0008269351989535304,1.6020976848570474e-05,8.301549466220118e-06,1.1346743121976033e-05,1.0905998351518065e-05,1.0905998351518065e-05,1.1346743e-05,1.1443215e-05,0.9619885889481122
S00054,37061,3,1.0,7.747613e-06,0.0010245142,0.005450676,0.001572061776338766,5.8418410238421835e-05,2.1199679395067506e-05,1.010866526485188e-05,9.33101910050027e-06,9.33101910050027e-06,1.0108665e-05,1.01244805e-05,0.9283420789539828
S00054,37183,3,1.0,4.3884208e-07,0.00041615026,0.0039828895,0.0001649147889111191,1.8708682318901992e-06,3.2016290939888372e-06,1.5197094853647286e-06,1.3833946468366776e-06,1.3833946468366776e-06,1.5197095e-06,1.5200744e-06,0.9775655980983301
S00054,37185,3,1.0,0.0,0.00019349623,0.005427768,0.0006989655327439929,1.4045251646166435e-06,1.0871921934570612e-06,7.612532044731779e-07,7.975727953635214e-07,7.975727953635214e-07,7.612532e-07,7.612532e-07,0.9959891912889288
S00054,37065,3,1.0,0.0,9.373519e-05,0.011035289,0.0015774940936050068,2.77511835141316e-07,1.594487197091136e-07,5.10274418275003e-08,1.9727593780771713e-07,1.9727593780771713e-07,5.1027442e-08,5.1027442e-08,0.9996482230581608
S00054,37083,3,1.0,0.00011466246,6.20093e-05,0.0037484316,0.00039894674652411294,5.737941535244317e-07,3.658107298557904e-07,1.0623124069297774e-07,3.070763625601103e-07,3.070763625601103e-07,1.0623124e-07,1.0730404e-07,0.9971275862184648
S00054,37085,3,1.0,0.0,0.0002887621,0.018735211,0.001997985023384293,0.0005081439885543659,0.00029972063687940437,6.679156854261237e-07,6.41545966573176e-07,6.41545966573176e-07,6.679157e-07,6.679157e-07,0.5944789864099754
S00054,37163,3,1.0,0.0,0.00021475056,0.0043529505,0.0017410469202635188,0.00013119725917931646,2.0880639567621984e-05,5.811477876704885e-07,6.292112857408938e-07,6.292112857408938e-07,5.811478e-07,5.811478e-07,0.8598502688699935
S00054,37125,3,1.0,0.000407179,0.0005424936,0.013168833,0.0010811376754039277,0.0003143045663212736,6.813670703801715e-05,2.3601360226166435e-06,2.3477391550841276e-06,2.3477391550841276e-06,2.360136e-06,2.6361254e-06,0.5495269428956153
S00054,37105,3,1.0,0.0,0.00032535414,0.036079288,0.0048333701367179556,0.002905131046039363,0.0015507606731262058,1.1371872687959694e-06,1.0824272749232478e-06,1.0824272749232478e-06,1.1371873e-06,1.1371873e-06,0.24917474910710535
S00054,45057,3,1.0,0.0,7.435886e-05,0.0029423307,0.0003065907112613786,1.0389332866604188e-06,5.911572505586568e-07,8.902032533342208e-08,2.6138854991586413e-07,2.6138854991586413e-07,8.9020325e-08,8.9020325e-08,0.9932455580593553
S00054,37117,3,1.0,0.0,6.683184e-05,0.00410804,0.0007623836402975334,2.9214414591175836e-07,2.2543711490167576e-07,1.093993020617745e-07,2.8298913434809947e-07,2.8298913434809947e-07,1.093993e-07,1.093993e-07,0.9992338968881124
S00054,45039,3,1.0,0.0,0.0007948358,0.0041853795,0.0009609786163006598,3.834203986722665e-05,3.863168603857048e-05,3.8909827708266675e-05,3.847035259241238e-05,3.847035259241238e-05,3.8909828e-05,3.8909828e-05,0.9232637899945798
S00054,37049,3,1.0,4.2998425e-05,0.00025450683,0.0051613078,0.0001790765963960439,3.7147947296034545e-06,3.770393429173661e-06,3.6253429698263062e-06,3.6406318031367846e-06,3.6406318031367846e-06,3.625343e-06,3.6453812e-06,0.9593548174591005
S00054,37139,3,1.0,0.0,2.4598143e-05,0.0004043574,9.213413007576794e-05,7.035886066357003e-07,8.295514912030436e-07,9.83280568078726e-09,2.2585631143101637e-07,2.2585631143101637e-07,9.832806e-09,9.832806e-09,0.9848426131830604
S00054,37123,3,1.0,0.0020127473,0.00097097724,0.014900036,0.0008747829997446388,0.00027717859484255314,0.00012785466242348775,3.75346680812072e-05,3.662292147055268e-05,3.662292147055268e-05,3.7534668e-05,3.739218e-05,0.5187711185078514
S00054,37091,3,1.0,0.0,1.9517038e-05,0.006479564,0.000379536789599418,1.3597041288448963e-06,9.940891440389048e-07,1.418951178777661e-08,2.4386559971389943e-07,2.4386559971389943e-07,1.4189512e-08,1.4189512e-08,0.9928605059314884
S00054,37181,3,1.0,0.0,0.00015550443,0.004913979,0.0005783586530014873,9.983484498358546e-07,6.18215163209849e-07,4.994860773877008e-07,5.996172376399045e-07,5.996172376399045e-07,4.994861e-07,4.994861e-07,0.9965535983949969
S00054,37007,3,1.0,0.0,0.00077928853,0.005572669,0.00038206255218635005,1.8177047119631123e-05,1.5092987572036995e-05,1.3151736311556306e-05,1.2596068700077012e-05,1.2596068700077012e-05,1.3151736e-05,1.3151736e-05,0.9091691719102742
S00054,37153,3,1.0,0.0,5.611793e-05,0.0067667635,0.00037483847214995575,1.9929101047940396e-05,7.05618739023824e-06,4.052969160284192e-08,2.2453741621575318e-07,2.2453741621575318e-07,4.052969e-08,4.052969e-08,0.8990337484586154
S00054,37073,3,1.0,0.0,0.00022962925,0.0012802456,0.00016596373461652547,2.013470369395994e-06,2.208809102436741e-06,1.5651992271159543e-06,1.5580349099764135e-06,1.5580349099764135e-06,1.5651992e-06,1.5651992e-06,0.9760268618642064
S00054,37053,3,1.0,0.0,0.00023007605,0.0014457628,8.03883807141877e-05,2.0150314033647496e-06,1.954380005978843e-06,1.5957369896568707e-06,1.6006330270101898e-06,1.6006330270101898e-06,1.595737e-06,1.595737e-06,0.9510934959710113
S00054,37167,3,1.0,2.8651324e-05,0.00014063025,0.009217155,0.0004274551271616171,5.6545993174950127e-05,4.1145258364849724e-05,2.5520091639918974e-07,3.6189607044434524e-07,3.6189607044434524e-07,2.5520092e-07,2.6243848e-07,0.7663394120425635
S00054,37101,3,1.0,0.0,0.0003916032,0.004100026,0.00036553463238912326,6.0181977611743305e-06,5.642201358568855e-06,2.216213260908262e-06,2.1060493509139633e-06,2.1060493509139633e-06,2.2162133e-06,2.2162133e-06,0.9676051572060969
S00054,37103,3,1.0,0.0,0.0012987701,0.0063135843,0.00028012886953850585,4.5653658162336797e-05,4.646821374384066e-05,4.6213051973609254e-05,4.537991844699718e-05,4.537991844699718e-05,4.6213052e-05,4.6213052e-05,0.7197292409477569
S00054,37191,3,1.0,0.0,0.00037309004,-0.0003973241,0.00028933353314641863,4.610971473084646e-06,8.866196973637367e-06,2.4537664558010874e-06,2.3451930246665142e-06,2.3451930246665142e-06,2.4537665e-06,2.4537665e-06,0.9686269251466135
S00054,45089,3,1.0,0.0,0.00013907485,0.0041675926,0.0003102021388864766,2.0388669857614636e-06,2.5352702740140862e-06,2.399962397703348e-07,3.581916701023147e-07,3.581916701023147e-07,2.3999624e-07,2.3999624e-07,0.9869404277630613
S00054,37147,3,1.0,0.0,0.0001802062,0.0029921487,0.00027950047903383773,2.2688947562225317e-06,2.2178033608118617e-06,2.2196948066266486e-06,2.35395282288664e-06,2.35395282288664e-06,2.2196948e-06,2.2196948e-06,0.9838953770901088
S00054,37017,3,1.0,0.0,0.00015076919,0.00048509848,0.0005324191103378931,6.6295061742494e-06,6.440189963541343e-07,1.8916311717021017e-07,3.0336553891174844e-07,3.0336553891174844e-07,1.8916312e-07,1.8916312e-07,0.975402937801251
S00054,37069,3,1.0,0.0,0.0008567515,-0.0003393344,0.00019858716890060654,7.363322917323482e-06,7.377169064663273e-06,8.61693661136087e-06,8.010497367649805e-06,8.010497367649805e-06,8.616937e-06,8.616937e-06,0.9284942429384145
S00054,45035,3,1.0,0.0,2.8939381e-05,0.0031900152,0.0001795724468441525,1.7682725683698663e-07,1.9454417217919703e-07,1.1470973504401627e-08,2.2510984365453623e-07,2.2510984365453623e-07,1.14709735e-08,1.14709735e-08,0.9980325121453605
S00054,45033,3,1.0,0.0,0.0007819518,0.0020415576,0.0002584748387259121,2.9625674869748764e-05,2.44628063228447e-05,2.3884878828539513e-05,2.345382199564483e-05,2.345382199564483e-05,2.3884879e-05,2.3884879e-05,0.7943379239418685
S00054,37195,3,1.0,0.0,5.224005e-06,0.0013304807,0.00014380171463320343,5.025030702654476e-07,3.446479392247663e-07,2.142094057688837e-09,2.389880648934195e-07,2.389880648934195e-07,2.142094e-09,2.142094e-09,0.9930355040446837
S00054,45029,3,1.0,0.0,2.3326627e-05,0.0012731485,0.00031311771696588647,1.014809091278342e-06,1.1450876951831408e-06,1.2315124919837217e-08,2.2854935366467544e-07,2.2854935366467544e-07,1.2315125e-08,1.2315125e-08,0.9935389747504615
S00054,37041,3,1.0,0.0,9.999637e-05,0.007083616,0.0004155420732179967,6.721776533898568e-07,7.377886769669809e-07,2.2345481909269438e-07,3.548082929683005e-07,3.548082929683005e-07,2.2345482e-07,2.2345482e-07,0.9967700401801113
S00054,37047,3,1.0,0.0,0.00012228823,-0.0008539894,0.0006399696576409042,1.0215832996133637e-05,3.932562814649525e-06,1.876465205441491e-07,3.2063451271824306e-07,3.2063451271824306e-07,1.8764652e-07,1.8764652e-07,0.968575635281789
S00054,37051,3,1.0,0.0,0.00017957296,0.016070731,0.002322966553037986,0.00024822894314032357,6.920303045869029e-05,5.169392807147233e-07,6.086065695853904e-07,6.086065695853904e-07,5.169393e-07,5.169393e-07,0.8069155429765817
S00054,45041,3,1.0,0.0,0.00019151025,-0.0037451063,0.0002293377353150087,6.983302493305624e-07,3.459898323399102e-07,3.983034844168287e-07,4.7442483719351003e-07,4.7442483719351003e-07,3.9830348e-07,3.9830348e-07,0.993928515099427
S00054,37127,3,1.0,0.0,7.473657e-05,0.0028869426,0.0002874552070958695,4.311466360225798e-07,2.4836652793662023e-07,1.0832653174475126e-07,2.745159122241603e-07,2.745159122241603e-07,1.0832653e-07,1.0832653e-07,0.9970047441955232
S00054,37079,3,1.0,0.0,6.1822914e-07,0.0037342566,0.001100323138719735,3.100397426199682e-07,2.631181483062998e-07,2.861968127765291e-11,2.405932946203393e-07,2.405932946203393e-07,2.8619681e-11,2.8619681e-11,0.9994366156705305
S00054,37055,3,1.0,2.5183208e-05,7.074032e-05,0.0033056543,0.000180674608903549,6.512894212088819e-07,5.985595071441215e-07,7.367110299583146e-08,2.4786908170426614e-07,2.4786908170426614e-07,7.36711e-08,7.659984e-08,0.9928163662529618
S00054,37037,3,1.0,0.0,0.0020823986,0.03609457,0.0035820750053972006,0.0015048640586125355,0.0011111086350865662,4.642558633349836e-05,4.4689539208775386e-05,4.4689539208775386e-05,4.6425586e-05,4.6425586e-05,0.40834201484366145
S00054,37029,3,1.0,0.0,0.0012004355,0.0007047854,0.00013926222163718194,5.1736949293020494e-05,5.1973632556231074e-05,5.3269694035407156e-05,5.220767707214691e-05,5.220767707214691e-05,5.3269694e-05,5.3269694e-05,0.4582494882982824
S00054,37063,3,1.0,0.00038151297,0.00031025815,0.0050263708,0.00028876674817486975,2.5910645338929803e-06,1.8038418450790534e-06,7.370686603280774e-07,7.738119620626094e-07,7.738119620626094e-07,7.3706866e-07,8.282516e-07,0.982213866106395
S00054,37179,3,1.0,0.0,0.0007878587,0.0032363005,0.00023585926343609268,5.105825190791317e-06,5.1061477582455455e-06,6.372474672389217e-06,5.856845291418722e-06,5.856845291418722e-06,6.3724747e-06,6.3724747e-06,0.9576218677993036
S00054,45067,3,1.0,0.0,0.0002986794,-0.0017598334,0.0003497031672547261,1.49118022818584e-05,8.929020092788656e-06,1.7564998415764421e-06,1.7432757886126637e-06,1.7432757886126637e-06,1.7564998e-06,1.7564998e-06,0.9182052108238403
S00054,37095,3,1.0,0.0,7.3945466e-06,0.0027078919,0.00014216094374811897,1.5054004052217351e-06,1.6803707486208925e-06,1.4735510589503065e-09,2.362891962093272e-07,2.362891962093272e-07,1.4735511e-09,1.4735511e-09,0.9790431027657395
S00054,45023,3,1.0,0.0,0.0015590953,0.0048371265,0.0008065782943352436,9.886002468798931e-05,9.96238134878998e-05,0.00010148705769097432,0.00010030498378910124,0.00010030498378910124,0.00010148706,0.00010148706,0.7816305702753175
S00054,37137,3,1.0,0.0,0.00061521627,0.008056325,0.0004139719530940056,8.21445488933629e-06,8.466803289290207e-06,8.54240897751879e-06,8.1481302913744e-06,8.1481302913744e-06,8.542409e-06,8.542409e-06,0.9610861234089733
S00054,37155,3,1.0,1.852236e-06,0.00031912484,0.0022794935,0.0003895678188807021,3.311981890874449e-05,4.547361678911936e-06,1.2276497045604629e-06,1.1767353953473503e-06,1.1767353953473503e-06,1.2276497e-06,1.2288286e-06,0.8432893893847803
S00054,37013,3,1.0,0.0,0.0006234967,0.0046507027,0.00021678572617626438,2.624432333201791e-05,2.6944089768221602e-05,2.6474583137314767e-05,2.605751433293335e-05,2.605751433293335e-05,2.6474583e-05,2.6474583e-05,0.7840240465315503
S00054,45025,3,1.0,0.0,0.0005206522,0.0064294236,0.0003485755587462336,3.170124045936973e-06,2.8006165090725212e-06,2.634593101902283e-06,2.3154675545811187e-06,2.3154675545811187e-06,2.634593e-06,2.634593e-06,0.9819749085715997
S00054,13251,3,1.0,0.0,8.30096e-06,0.0046069087,0.00040161416594249505,5.193880099341186e-07,5.470615320746219e-07,2.8940487784012703e-09,2.372956089402578e-07,2.372956089402578e-07,2.8940488e-09,2.8940488e-09,0.9974168382377981
S00054,45003,3,1.0,0.0,0.000104814586,0.00071816676,8.353327696871322e-05,8.177381118912308e-07,7.652529347978998e-07,5.74805426367675e-07,7.0540824026466e-07,7.0540824026466e-07,5.748054e-07,5.748054e-07,0.9806110664795246
S00054,45075,3,1.0,2.7924641e-05,9.39063e-05,0.0004640567,8.022298243304249e-05,7.192328628965091e-07,5.894701189390616e-07,3.6644780720962444e-07,5.265507070362219e-07,5.265507070362219e-07,3.664478e-07,3.7091263e-07,0.9822284858335824
S00054,37187,3,1.0,0.0,2.628878e-05,0.004197412,0.0003510105234454386,7.078251087477838e-07,1.1314595838030073e-06,1.8642584365125003e-08,2.4514255869689805e-07,2.4514255869689805e-07,1.8642584e-08,1.8642584e-08,0.9959750458760116
S00054,37143,3,1.0,0.0141373705,0.0022115703,0.009093482,0.0003109801133784155,1.613263157196343e-05,1.6000170338278014e-05,0.00016919305198825896,8.820187758828979e-06,8.820187758828979e-06,0.00016919305,3.18594e-05,0.9013634789778022
S00054,45011,3,1.0,0.0,9.078002e-07,0.0036243359,0.00018591438371610516,5.813096208839852e-07,4.1856645793814096e-07,2.0396505664987963e-11,2.4032289047681843e-07,2.4032289047681843e-07,2.0396506e-11,2.0396506e-11,0.9937659727097978
S00054,45081,3,1.0,0.0,2.4929726e-05,0.0034409196,0.00031114122248254716,1.0852436200063191e-06,4.4396444091413895e-07,9.158926950192381e-09,2.2470459271062282e-07,2.2470459271062282e-07,9.158927e-09,9.158927e-09,0.9930483559990723
S00054,37131,3,1.0,0.0,0.0009000474,0.0077632857,0.0007254999315288538,2.571472274818613e-05,2.571117875049822e-05,2.6137377062696032e-05,2.572387529653497e-05,2.572387529653497e-05,2.6137377e-05,2.6137377e-05,0.9315382824289187
S00054,45079,3,1.0,3.1779593e-06,2.4956544e-05,0.0019586943,8.937063770038851e-05,2.773047498294545e-07,1.8216025191956456e-07,5.2088702240382645e-09,2.2974523972152383e-07,2.2974523972152383e-07,5.2088702e-09,5.3573928e-09,0.9938134720719677
S00054,45049,3,1.0,0.0,4.665115e-06,0.0026103256,0.00015275274078400494,3.2400187895594473e-07,2.430633957809884e-07,4.674342024557632e-10,2.377103811568304e-07,2.377103811568304e-07,4.674342e-10,4.674342e-10,0.9957668046325061
S00054,13051,3,1.0,0.00017201659,0.00034385186,0.00458923,0.0002577380970857727,5.412944119598251e-07,4.873751606737642e-07,4.913064231004682e-07,5.148330046722549e-07,5.148330046722549e-07,4.913064e-07,5.800132e-07,0.9958084583611497
S00054,13191,3,1.0,0.0,1.732607e-05,0.0045610117,0.00027958822587000515,4.233339628475126e-07,6.003879325551983e-07,1.3310501145724629e-08,2.3590422415509238e-07,2.3590422415509238e-07,1.3310501e-08,1.3310501e-08,0.9969763108130236
S00054,45009,3,1.0,0.0,1.0623132e-05,0.0012931207,0.00024972956816782244,2.945612322946545e-07,2.870504829388665e-07,2.418133915327303e-09,2.335866895464278e-07,2.335866895464278e-07,2.418134e-09,2.418134e-09,0.9976437375624393
S00054,45053,3,1.0,0.0002594075,3.227888e-05,0.0029570162,0.00026980029967186664,4.222065115300211e-07,4.72330026942321e-07,7.45613064623285e-08,2.617203733734641e-07,2.617203733734641e-07,7.456131e-08,2.4015817e-08,0.9968751195635535
S00054,13179,3,1.0,0.0,3.948917e-05,0.004903362,0.00029723390616709366,1.6974049306857827e-07,1.9753218823600113e-07,7.080192876429692e-09,2.1320900600585446e-07,2.1320900600585446e-07,7.080193e-09,7.080193e-09,0.9988585177419662
S00054,45069,3,1.0,0.0,1.7707165e-05,0.004667601,0.00027810454290981096,6.98501473076855e-06,3.4921993498452744e-06,3.237734746974752e-09,2.2621293283009436e-07,2.2621293283009436e-07,3.2377347e-09,3.2377347e-09,0.9509977511026568
S00054,45085,3,1.0,0.0,0.00015772165,0.0009920686,0.00010501269328718384,9.410695156475413e-07,7.444067951685914e-07,4.786538738699164e-07,5.574576675826393e-07,5.574576675826393e-07,4.786539e-07,4.786539e-07,0.9822362228437556
S00054,13245,3,1.0,0.00023214691,0.00012492303,0.0039832797,0.0003581501587177627,2.9438391872342134e-07,2.4991616479989415e-07,1.2280686689791764e-07,2.741333275935176e-07,2.741333275935176e-07,1.2280687e-07,1.269157e-07,0.9983574367373087
S00054,45071,3,1.0,0.0,0.00014001055,0.00698622,0.0007628996881976491,6.0447453620327e-07,4.509287900115548e-07,2.0954058754796279e-07,3.2079117318062345e-07,3.2079117318062345e-07,2.0954059e-07,2.0954059e-07,0.9984165782828509
S00054,13029,3,1.0,0.0,0.000542239,0.0052589867,0.00034159740547086886,3.3821846348776794e-06,3.434334985286114e-06,3.681652287923498e-06,3.3350620469718706e-06,3.3350620469718706e-06,3.6816523e-06,3.6816523e-06,0.9803919725579074
S00054,13033,3,1.0,0.0,0.00011074372,0.0037631677,0.00015301566660734048,6.183231562317815e-07,4.213508380720062e-07,1.7105897143210314e-07,3.000183426138392e-07,3.000183426138392e-07,1.7105897e-07,1.7105897e-07,0.99195069844657
S00054,45017,3,1.0,0.0,0.00033915497,0.0041305465,0.0002458007990450521,3.465903546384652e-06,3.3657771230840203e-06,3.5614821172202937e-06,3.4599038372107316e-06,3.4599038372107316e-06,3.5614821e-06,3.5614821e-06,0.9721912031542739
S00054,45055,3,1.0,0.00012637254,2.852158e-05,0.004424371,0.00036032456046086736,5.332384110564211e-07,3.5905358330978743e-07,1.5127978869600156e-08,2.349957952674231e-07,2.349957952674231e-07,1.5127979e-08,6.3666494e-09,0.9970446064199063
S00054,45013,3,1.0,6.896108e-06,0.0001037662,0.0020892532,0.00011899116725544445,4.928948555971147e-07,4.548770675683045e-07,1.9623880120889226e-07,3.2839074037838145e-07,3.2839074037838145e-07,1.962388e-07,1.9762243e-07,0.9917496133477778
S00054,13031,3,1.0,0.0,5.4298092e-05,0.0033308007,0.00019702059216797352,1.3027816455254046e-07,6.229029440400306e-08,1.016470996262342e-08,2.0017581903175596e-07,2.0017581903175596e-07,1.016471e-08,1.016471e-08,0.998678391179985
S00054,37177,3,1.0,0.0,0.00021172088,-0.0003635576,0.0001084775564474209,4.6268231320330715e-06,5.19855514842978e-06,3.5158736864104867e-06,3.524787643982563e-06,3.524787643982563e-06,3.5158737e-06,3.5158737e-06,0.9181848987769249
S00054,45061,3,1.0,0.0,0.00028376796,0.004487659,0.00018010421141904467,2.1393265493922322e-06,2.079116863266487e-06,2.005777105296147e-06,1.9858255200233543e-06,1.9858255200233543e-06,2.005777e-06,2.005777e-06,0.9765223329919908
S00054,45027,3,1.0,2.4585328e-05,5.1333256e-05,0.005321663,0.0002636061884307613,9.204350514361673e-07,9.818089286757943e-07,3.5776590578961986e-08,2.353837516011481e-07,2.353837516011481e-07,3.577659e-08,3.7696243e-08,0.9930408891224657
S00054,45005,3,1.0,0.0,5.7518864e-06,0.0042037265,0.0001770270949540039,5.976628661604385e-07,5.332408032169648e-07,2.2146156020141916e-09,2.385087043421663e-07,2.385087043421663e-07,2.2146156e-09,2.2146156e-09,0.9932705004246587
S00054,13165,3,1.0,0.0,3.5914588e-06,0.006655568,0.0003941548263052634,3.133066570626397e-07,2.206200188462996e-07,1.8573950155698071e-09,2.3944767235661857e-07,2.3944767235661857e-07,1.857395e-09,1.857395e-09,0.998411498263701
S00054,45063,3,1.0,6.802943e-07,5.308185e-05,0.0024128137,0.00022326048292597989,2.8190890096387494e-07,2.0343938444966625e-07,4.799781194719799e-08,2.449352791700221e-07,2.449352791700221e-07,4.7997812e-08,4.8069573e-08,0.9974778036625632
S00054,45031,3,1.0,0.0,0.00031267668,0.0017769316,0.00010143438642747545,3.7663959725856935e-06,3.1941343271076525e-06,2.662305405465304e-06,2.6388138394395355e-06,2.6388138394395355e-06,2.6623054e-06,2.6623054e-06,0.9283960463665999
S00054,37015,3,1.0,0.0,0.00037460538,0.009350787,0.0009107287284374858,7.100014045136049e-06,6.991654724212519e-06,6.94378832122311e-06,7.06317632648279e-06,7.06317632648279e-06,6.9437883e-06,6.9437883e-06,0.9845286735607531
S00054,45037,3,1.0,0.0,2.0586296e-05,0.0040668873,0.0003153861204433876,1.1306251129402274e-06,7.873406294341597e-07,6.259969875799243e-09,2.2882734640461422e-07,2.2882734640461422e-07,6.25997e-09,6.25997e-09,0.9928558275110977
S00054,13103,3,1.0,6.255669e-05,6.212227e-05,0.004486125,0.0002411522054899251,1.2899858840379844e-07,4.627898745705276e-08,5.0199111534254826e-09,1.9509906223902362e-07,1.9509906223902362e-07,5.019911e-09,8.8788985e-09,0.9989307199547801
S00054,13109,3,1.0,0.0,0.0003237152,0.0055948817,0.00047663983120097936,2.3252056659354516e-06,2.3374823285848834e-06,2.447335873512202e-06,2.3639179289602907e-06,2.3639179289602907e-06,2.4473359e-06,2.4473359e-06,0.9902907081437697
