system,fips,fold,w,y0,level,level_hat,mse_NET,mse_ASYM,mse_ASYM_STATE,mse_NET_init,mse_ASYM_init,mse_ASYM_STATE_init,mse_persistence,mse_zero,rd
S00001,12071,2,1.0,0.00014433877,0.00022221326,0.0021304549,9.704195448042204e-05,1.0979352585612407e-06,1.1497520707356064e-06,3.651633733170456e-07,4.905421633338847e-07,4.905421633338847e-07,3.6516337e-07,4.084776e-07,0.9776250969614629
S00001,12015,2,1.0,5.4501455e-05,0.000117619704,0.0011807246,8.184156467905268e-05,1.1316062682453776e-06,1.242967186954047e-06,4.746660309251638e-08,2.0454675109249365e-07,2.0454675109249365e-07,4.7466603e-08,5.7317088e-08,0.9727235621990598
S00001,12097,2,1.0,5.0151457e-06,0.00031922795,-0.00012187078,4.7218927041588664e-05,2.9494298511660113e-06,3.081262396638825e-06,2.795436557789799e-06,2.703312929952517e-06,2.703312929952517e-06,2.7954366e-06,2.7986134e-06,0.8824187183378945
S00001,12027,2,1.0,0.00069545634,0.0005092309,-0.00012594153,0.0001517781359628619,5.1041633923887275e-06,5.256181642228815e-06,4.28984913014574e-06,4.27899931310094e-06,4.27899931310094e-06,4.289849e-06,4.514485e-06,0.9349300282649395
S00001,12115,2,1.0,1.2226873e-05,0.00012916133,0.0003428558,5.890116335649509e-05,6.444948705090307e-07,6.95874177836231e-07,1.1897110141489975e-07,2.3761367629049346e-07,2.3761367629049346e-07,1.189711e-07,1.2198007e-07,0.9783529180901136
S00001,12086,2,1.0,0.0002672192,0.0004789222,-0.0016404926,0.00015532943264891705,3.1774280842000735e-06,3.7352671521754624e-06,4.466590723950503e-07,4.503874322381307e-07,4.503874322381307e-07,4.4665907e-07,6.312074e-07,0.9599080056282232
S00001,12011,2,1.0,0.00023642766,0.00022354719,0.0030262657,0.00016672665272684148,1.491960953596087e-06,1.5779547387258692e-06,6.597694124366171e-08,1.6290965731968754e-07,1.6290965731968754e-07,6.597694e-08,1.1578439e-07,0.9822616425025315
S00001,12099,2,1.0,2.3760691e-05,0.00018695045,0.0017302077,0.00016489808816307536,1.4590769599938842e-06,1.8105695668661308e-06,1.0716897236306977e-07,1.810166310178829e-07,1.810166310178829e-07,1.0716897e-07,1.1548855e-07,0.982458501755371
S00001,12087,2,1.0,0.0,3.3665998e-05,-0.0061222375,0.00036761224813138443,1.830237314000745e-06,4.138573937477001e-06,1.0873006495160098e-08,2.2077973937939532e-07,2.2077973937939532e-07,1.08730065e-08,1.08730065e-08,0.9900918958370786
S00001,12009,2,1.0,3.7827635e-05,0.00015817159,-0.0016026061,6.260436930460855e-05,4.447370448209161e-07,5.372496048039466e-07,7.17317050202837e-08,1.8011134272910567e-07,1.8011134272910567e-07,7.1731705e-08,8.2267306e-08,0.9858923600802175
S00001,12085,2,1.0,0.0004935594,0.0014829711,-0.0022045192,0.00014679455246853954,2.8901326610745553e-05,2.8953403064709466e-05,3.014474168594461e-05,3.002785706485156e-05,3.002785706485156e-05,3.0144742e-05,3.136501e-05,0.671007347899111
S00001,12055,2,1.0,6.567561e-05,0.00012483195,-4.5101944e-05,8.793007024602655e-05,8.248229903529136e-07,9.68834153051527e-07,1.1305366598435285e-07,2.4519249564036727e-07,2.4519249564036727e-07,1.13053666e-07,1.251372e-07,0.9814134644237321
S00001,12021,2,1.0,0.00015264074,0.0001451419,0.0034936897,0.00023530520168909183,7.449866075148748e-07,9.845396107266424e-07,2.0511940590495215e-07,3.447452172622434e-07,3.447452172622434e-07,2.051194e-07,2.2612939e-07,0.993687896519881
S00001,12081,2,1.0,3.8754733e-06,0.00010295572,0.005890644,0.0002749003882248265,1.1071781121548459e-06,1.309399541090291e-06,8.124954575805532e-08,2.3605701926499023e-07,2.3605701926499023e-07,8.1249546e-08,8.203253e-08,0.9919771901412076
S00001,12061,2,1.0,0.00049605244,0.00053867744,0.0015585844,4.350900780991651e-05,1.440958991831091e-06,1.5744752393705614e-06,9.305090884481615e-07,9.352875736112765e-07,9.352875736112765e-07,9.305091e-07,1.2188653e-06,0.9358860931672561
S00001,12111,2,1.0,0.0,0.0004819705,-0.00091382215,6.53368888379191e-05,1.434878034463812e-06,1.5966979844961315e-06,1.2501312767199124e-06,9.946514865077916e-07,9.946514865077916e-07,1.2501313e-06,1.2501313e-06,0.9570214148382142
S00001,12051,2,1.0,0.002256348,0.00023205444,0.0014777831,0.00012131097901146859,1.9350691597234495e-06,2.1562064678922375e-06,4.643083684641169e-06,6.026189680596872e-07,6.026189680596872e-07,4.6430837e-06,5.991683e-07,0.9685982765624163
S00001,12117,2,1.0,3.012532e-06,0.0005577438,-0.0017864553,5.950004682138873e-05,4.123913792379123e-06,4.165646259934874e-06,4.415482635522494e-06,4.053682005178416e-06,4.053682005178416e-06,4.4154826e-06,4.4188337e-06,0.8703660145455726
S00001,12103,2,1.0,0.00013859163,0.00015309831,-0.0006438077,5.700779729522765e-05,1.3313460840436164e-06,1.5235561174146521e-06,4.345434945207671e-07,5.501260602613911e-07,5.501260602613911e-07,4.345435e-07,4.5777207e-07,0.9543583944869282
S00001,12053,2,1.0,3.079839e-05,0.0002734673,-0.0023234023,8.44588454735155e-05,6.430647469339116e-07,6.702541099912196e-07,6.32381897958112e-07,5.979625257168664e-07,5.979625257168664e-07,6.323819e-07,6.4827805e-07,0.9848871841943827
S00001,12049,2,1.0,5.4445474e-05,0.00042119625,-0.0018382606,0.00013455303511970365,1.3562938875111286e-05,1.3850075447408017e-05,1.2552339285321068e-05,1.2615543710126076e-05,1.2615543710126076e-05,1.2552339e-05,1.2595241e-05,0.8168605517783507
S00001,12043,2,1.0,0.0,0.00018392377,-0.00060666376,0.00010038063192041591,1.561550182789991e-06,1.8999042670960382e-06,6.348021770463674e-07,7.342629260165268e-07,7.342629260165268e-07,6.348022e-07,6.348022e-07,0.9693640031913565
S00001,12069,2,1.0,1.148074e-06,0.00019640039,-0.0010201443,4.152765419955055e-05,4.848641215933943e-07,5.580701554208645e-07,4.042042860419315e-07,4.5970350015522854e-07,4.5970350015522854e-07,4.042043e-07,4.0465392e-07,0.9769181119833336
S00001,12093,2,1.0,0.0,3.0716783e-05,9.146184e-05,8.889962797790456e-05,1.0549872892321825e-06,1.2039860545579966e-06,1.4273159543165548e-08,2.229020878985466e-07,2.229020878985466e-07,1.42731595e-08,1.42731595e-08,0.9765440097520465
S00001,12057,2,1.0,0.0016625853,0.0001235471,0.0055179168,0.00018569408954742053,1.8542270178537972e-06,1.6966637303994503e-06,2.4891437533369754e-06,5.33932961843675e-07,5.33932961843675e-07,2.4891438e-06,1.3576901e-07,0.9802266738319835
S00001,12105,2,1.0,4.792669e-06,0.00027828861,0.0011835297,5.706864976673387e-05,6.467262968120243e-07,7.010497142800887e-07,4.903938588540768e-07,4.714866577160137e-07,4.714866577160137e-07,4.9039386e-07,4.930383e-07,0.9775891160754123
S00001,12035,2,1.0,0.0,0.00017105148,-0.0032599797,0.00010643900517000778,1.0439298610738963e-06,1.0233934328122511e-06,8.673707725392887e-07,9.410583174940257e-07,9.410583174940257e-07,8.673708e-07,8.673708e-07,0.980574965490624
S00001,12083,2,1.0,6.516158e-06,0.00023203256,-0.0022989763,4.7098272564956765e-05,4.6424314822009666e-07,4.6095168689438043e-07,4.632189813946752e-07,4.598302041358693e-07,4.598302041358693e-07,4.6321898e-07,4.6620042e-07,0.9804786125687845
S00001,12017,2,1.0,7.0315196e-05,0.00035798686,-0.001974403,6.224595078189547e-05,1.7331002860980031e-06,1.737640445753641e-06,1.7633465176913887e-06,1.6691371911292663e-06,1.6691371911292663e-06,1.7633465e-06,1.8087461e-06,0.9458228824226805
S00001,12119,2,1.0,0.0,0.00019054192,-0.00040294867,5.5527637111178287e-05,7.748865111049478e-07,8.373658602067735e-07,6.927090794306423e-07,7.363576060015475e-07,7.363576060015475e-07,6.927091e-07,6.927091e-07,0.9724741819282053
S00001,12095,2,1.0,0.00013539646,0.00012949709,0.00065473735,3.6501461484779916e-05,4.937976048798495e-07,6.807135264352837e-07,7.208453922658009e-08,2.0795525301764428e-07,2.0795525301764428e-07,7.208454e-08,8.8819235e-08,0.9733048170478757
S00001,12127,2,1.0,0.0,0.00020120764,-0.0031306047,0.00010357351614705597,7.452177707515754e-07,7.793887562002055e-07,3.3701269330776995e-07,3.6850707374469494e-07,3.6850707374469494e-07,3.370127e-07,3.370127e-07,0.9857126760886739
S00001,12107,2,1.0,0.0,5.6866673e-05,-0.0035590166,8.45076859453305e-05,3.6625635857490124e-07,4.300487953893632e-07,8.934668471738405e-08,2.7040698569180677e-07,2.7040698569180677e-07,8.9346685e-08,8.9346685e-08,0.9913694038798514
S00001,12109,2,1.0,5.3964795e-06,0.00014537704,-0.0036570688,0.00010183218819292961,4.24086654978358e-07,4.3694226784888696e-07,2.779291605747858e-07,3.678709958876425e-07,3.678709958876425e-07,2.7792916e-07,2.7946908e-07,0.9917054155237099
S00006,12117,2,1.0,1.8075192e-05,0.00018659567,-0.0018643262,4.8084702939377166e-05,8.044789296945964e-07,8.924133870398995e-07,6.831753012193076e-07,7.405585620290367e-07,7.405585620290367e-07,6.831753e-07,6.895942e-07,0.9670896955547736
S00006,12069,2,1.0,1.0332666e-05,0.00016698099,-0.0007379147,3.407859488409789e-05,4.4757050924696767e-07,5.173734033784664e-07,3.3259277643082896e-07,4.3905038182856515e-07,4.3905038182856515e-07,3.3259278e-07,3.359367e-07,0.9740735465900747
S00006,12083,2,1.0,0.0010469294,0.0005074081,-0.00018396816,3.881345916549132e-05,2.653648683311379e-06,2.6719417292042635e-06,2.8981128252780763e-06,2.659210622368846e-06,2.659210622368846e-06,2.8981128e-06,2.864493e-06,0.8720118753887003
S00006,12017,2,1.0,0.003910432,0.0006075869,0.0006760364,4.178813196631381e-05,3.5483938821319803e-06,3.6132736719688787e-06,1.3748740457231179e-05,3.6238861866877414e-06,3.6238861866877414e-06,1.37487405e-05,3.2091166e-06,0.8434642348205591
S00006,12095,2,1.0,1.9503092e-05,0.00018222506,0.000103292725,2.5164492399198934e-05,4.018310069871707e-07,5.466101053267872e-07,2.0694076852123544e-07,2.8134047624917e-07,2.8134047624917e-07,2.0694077e-07,2.136683e-07,0.9685656008802626
S00006,12053,2,1.0,0.0002771855,0.0003482916,-0.0017434154,4.718499864490392e-05,1.1407299780330504e-06,1.1709129997446628e-06,1.0928908977803076e-06,1.1407709052946302e-06,1.1407709052946302e-06,1.0928909e-06,1.2091418e-06,0.9527899522453709
S00006,12011,2,1.0,0.00014582385,0.00025357472,0.00028945744,7.877621343747403e-05,5.53243760729553e-07,5.858138176032904e-07,1.4681070581445965e-07,1.9277833018804813e-07,1.9277833018804813e-07,1.468107e-07,1.995006e-07,0.9860519968175936
S00006,12019,2,1.0,0.0,0.00015797955,-0.002433352,5.86907884401929e-05,2.01103421204607e-06,2.016831482857621e-06,1.966283434740035e-06,2.0376915017550346e-06,2.0376915017550346e-06,1.9662834e-06,1.9662834e-06,0.9337405657959467
S00006,12061,2,1.0,1.8275618e-05,0.00055947923,0.0015907993,9.046968868157516e-05,3.0578729971845555e-06,3.124771031555914e-06,3.3282665299338987e-06,3.005314283655025e-06,3.005314283655025e-06,3.3282665e-06,3.3483823e-06,0.9346102273533555
S00006,12125,2,1.0,0.0,0.00013613401,-0.004828364,0.0002708426206178653,1.6349886209354736e-06,1.767884782566398e-06,7.344697223743424e-07,8.314140700349526e-07,8.314140700349526e-07,7.344697e-07,7.344697e-07,0.9879990974267353
S00006,12003,2,1.0,0.0,0.00061453914,-0.0016300991,7.764398954653491e-05,8.010638036163678e-06,7.964440252787123e-06,8.222374162869528e-06,7.910212843853515e-06,7.910212843853515e-06,8.222374e-06,8.222374e-06,0.8129549269610798
S00006,12086,2,1.0,0.00021720196,0.000441147,-0.004123322,0.0001628209744618895,8.630288827286373e-07,9.132328955274716e-07,6.724401941937685e-07,6.187419785419479e-07,6.187419785419479e-07,6.724402e-07,8.1689956e-07,0.9894549392109916
S00006,12099,2,1.0,5.418326e-05,0.00033433162,0.00016353629,4.96718609307815e-05,9.188934768644685e-07,1.070880481771989e-06,5.652737513628381e-07,5.067188908469689e-07,5.067188908469689e-07,5.6527375e-07,5.9856825e-07,0.9636734621721477
S00006,13049,2,1.0,0.0,0.0002190179,-0.0023769662,0.00023960996683551153,3.0546145050417786e-06,3.0421583687711973e-06,3.027357024620869e-06,3.027286538781482e-06,3.027286538781482e-06,3.027357e-06,3.027357e-06,0.9748243893841685
S00006,12087,2,1.0,0.0,0.0001590465,-0.008455532,0.00040082549094222486,8.150851158461592e-07,1.0503428408507414e-06,6.793659963477694e-07,8.028849833863205e-07,8.028849833863205e-07,6.79366e-07,6.79366e-07,0.9959412212588385
S00006,12041,2,1.0,0.0,0.0038469722,-0.0026352138,0.00039544034128387767,0.0002879756793845445,0.00028786407589601975,0.0002912763156928122,0.0002876075741369277,0.0002876075741369277,0.00029127632,0.00029127632,0.1572463311501335
S00006,12119,2,1.0,0.000105436295,0.00012676761,-5.327603e-05,2.6208923979235504e-05,4.91575500897549e-07,5.56988936750713e-07,3.659251319731993e-07,5.010879817746172e-07,5.010879817746172e-07,3.6592513e-07,3.815402e-07,0.9631785539245575
S00006,12031,2,1.0,8.130478e-06,6.198195e-05,-0.002563247,8.850149303422465e-05,2.232656963011929e-07,2.0201124565725573e-07,2.150742695050667e-08,2.035159809565812e-07,2.035159809565812e-07,2.1507427e-08,2.2449207e-08,0.9949672290013366
S00006,12107,2,1.0,8.188801e-06,0.0010945507,-0.0025314137,0.00014378510968526825,7.091984055781116e-05,7.089007946584995e-05,7.177289080573246e-05,7.084718527039513e-05,7.084718527039513e-05,7.177289e-05,7.179075e-05,0.33937395968263556
S00006,12121,2,1.0,0.0,0.0001237457,-0.002466314,6.722021619983327e-05,3.436229386958682e-07,3.6115493647533487e-07,2.0660496602431522e-07,3.1804518130229553e-07,3.1804518130229553e-07,2.0660497e-07,2.0660497e-07,0.9898281997270366
S00006,12023,2,1.0,0.0,6.3754596e-05,-0.0029664948,6.537280811850603e-05,1.9602768001429163e-07,1.755680661593336e-07,1.9313135979359686e-08,1.965467646414254e-07,1.965467646414254e-07,1.9313136e-08,1.9313136e-08,0.9940207057933238
S00006,12057,2,1.0,6.730564e-05,0.00032989963,0.0034972972,6.1027032643323764e-05,8.997988061310025e-07,9.248679665082212e-07,7.28868940313987e-07,6.754517585250142e-07,6.754517585250142e-07,7.2886894e-07,7.687472e-07,0.9709399371784289
S00006,12009,2,1.0,1.2202463e-06,0.00012097011,-0.0010533419,5.138073750761881e-05,3.134569321143014e-07,3.6788427829984965e-07,6.773976224394573e-08,1.9164437503604859e-07,1.9164437503604859e-07,6.773976e-08,6.8033486e-08,0.9878726446746456
S00006,12007,2,1.0,0.0,6.862179e-05,-0.0028809928,7.633132130043425e-05,3.014121621921125e-07,2.8517240953836637e-07,8.830163267248281e-08,2.692486305022612e-07,2.692486305022612e-07,8.830163e-08,8.830163e-08,0.9921335923025868
S00006,12035,2,1.0,0.0,5.3648095e-05,-0.0013901986,6.545632641064003e-05,1.9023494246539485e-07,1.8569317698317414e-07,3.743950927059814e-08,2.2440846692006744e-07,2.2440846692006744e-07,3.743951e-08,3.743951e-08,0.9942042678688944
S00006,12081,2,1.0,3.8754733e-06,0.00023376191,0.0037957067,0.00011220285038386162,8.727380607827703e-07,1.0314360755122227e-06,5.238929361439659e-07,5.421524065241101e-07,5.421524065241101e-07,5.2389294e-07,5.256898e-07,0.9845636344185816
S00006,12109,2,1.0,0.0,0.000113600894,-0.0019817948,6.506056282281254e-05,2.413454467387055e-07,2.46576997634899e-07,1.2182552211470465e-07,2.494391537766205e-07,2.494391537766205e-07,1.2182552e-07,1.2182552e-07,0.992608318711224
S00006,12085,2,1.0,6.951541e-06,0.00040186182,-0.0024150556,8.327129035023972e-05,2.3818693080102094e-06,2.550932777012349e-06,2.094727960866294e-06,2.0004172256449237e-06,2.0004172256449237e-06,2.094728e-06,2.100267e-06,0.9443833871975371
S00006,12001,2,1.0,0.0,0.0003989608,-0.0024851346,6.598047396740488e-05,4.652104659423155e-06,4.656413693737704e-06,4.783811164088547e-06,4.608864401234314e-06,4.608864401234314e-06,4.783811e-06,4.783811e-06,0.8682731184429341
S00006,12089,2,1.0,0.0,6.1788676e-05,-0.001144147,6.3843882647537e-05,5.861021321607041e-07,2.7053511075791903e-07,2.6379645134966268e-08,2.1382294335126062e-07,2.1382294335126062e-07,2.6379645e-08,2.6379645e-08,0.9818065413436078
S00006,12071,2,1.0,7.478693e-07,8.202672e-05,0.0006915365,4.52340864285361e-05,4.276407518470175e-07,4.988268737330751e-07,8.701134390776133e-08,2.5095945943576226e-07,2.5095945943576226e-07,8.7011344e-08,8.713347e-08,0.9812691819493532
S00006,12015,2,1.0,0.0,0.0002186156,-0.00017837045,4.41894832571658e-05,7.669304598797074e-07,8.627385454929026e-07,4.969459723724867e-07,5.267324922897387e-07,5.267324922897387e-07,4.96946e-07,4.96946e-07,0.9658811548133377
S00006,12097,2,1.0,0.0,2.269876e-05,-0.00032088268,4.5627146998109915e-05,4.6537950500654307e-07,6.389754124332588e-07,8.309194221567395e-09,2.283243958345338e-07,2.283243958345338e-07,8.309194e-09,8.309194e-09,0.9798067261522286
S00006,12115,2,1.0,5.7538227e-06,0.00019721495,0.000118423966,3.0627612431999296e-05,3.957272269872192e-07,4.5324074449126783e-07,2.527982587707811e-07,3.085965545324143e-07,3.085965545324143e-07,2.5279826e-07,2.5503456e-07,0.9744884186333828
S00006,12093,2,1.0,0.0,0.00021131609,-0.0012106868,9.617319604634152e-05,1.4759677545346979e-06,1.6039270273419486e-06,1.1982601790805347e-06,1.2175680694781477e-06,1.2175680694781477e-06,1.1982602e-06,1.1982602e-06,0.9697699868163858
S00006,12105,2,1.0,0.0013748114,0.00039082125,0.00014862412,2.3600594431627542e-05,7.92247514406578e-07,8.409914282007472e-07,1.5279135823220713e-06,6.864149213470228e-07,6.864149213470228e-07,1.5279136e-06,7.124182e-07,0.9350426230646417
S00006,12051,2,1.0,0.0,0.00026881055,-0.001530593,9.844836919607285e-05,1.9540173449665113e-06,2.089427728909262e-06,1.8155094494431978e-06,1.768750507835648e-06,1.768750507835648e-06,1.8155094e-06,1.8155094e-06,0.9610762769236005
S00006,12079,2,1.0,0.0,2.4915415e-05,-0.00025907686,2.2371861935729005e-05,5.180696120987704e-07,6.553779314799613e-07,2.2778159802783193e-08,2.5164521844089904e-07,2.5164521844089904e-07,2.277816e-08,2.277816e-08,0.9547338434790614
S00006,12049,2,1.0,0.0,6.162925e-05,-0.0025049066,0.00010548233694862574,6.532667005861489e-07,8.948522539261224e-07,2.063951853870094e-08,2.1213779177742254e-07,2.1213779177742254e-07,2.0639519e-08,2.0639519e-08,0.9876899611793748
S00006,12123,2,1.0,0.0,0.00012158923,-0.001288242,6.002264065803805e-05,6.60220062324394e-07,7.05968346892405e-07,2.3258024839378777e-07,3.467812064172904e-07,3.467812064172904e-07,2.3258025e-07,2.3258025e-07,0.978240311861143
S00006,13101,2,1.0,0.0,0.0,-0.0027209686,0.00010746543800147872,6.962759755424486e-07,8.648582271083191e-07,0.0,2.412281219221768e-07,2.412281219221768e-07,0.0,0.0,0.9871252784383507
S00006,12075,2,1.0,0.00035201627,0.00020887385,-0.002603892,6.577461272172513e-05,3.775777391486675e-07,4.0455535099681583e-07,2.93696274411559e-07,3.762967537568329e-07,3.762967537568329e-07,2.9369627e-07,3.1683484e-07,0.9885845733446428
S00006,12055,2,1.0,3.863271e-06,0.000526478,2.9006245e-05,7.199452799492671e-05,4.209793739088734e-06,4.212639699593031e-06,4.5177484935265966e-06,4.2073397708009e-06,4.2073397708009e-06,4.5177485e-06,4.521801e-06,0.8895129923527787
S00006,12067,2,1.0,0.0,0.00018131916,-0.0017461056,4.955907085483583e-05,7.954356912402242e-07,8.666184309428596e-07,5.29373380686593e-07,6.020908926984703e-07,6.020908926984703e-07,5.293734e-07,5.293734e-07,0.9684065738778566
S00006,12027,2,1.0,4.139621e-05,0.00017786954,-0.0020847109,0.00010294164894730784,9.016000224922512e-07,1.0221788594814523e-06,3.696503085848235e-07,5.055038627688191e-07,5.055038627688191e-07,3.696503e-07,3.826629e-07,0.9826353656797766
S00006,12043,2,1.0,0.0,0.00091501593,-0.0022977646,0.00013010659010130135,6.662893459482196e-06,6.6895286181534175e-06,7.59887689127936e-06,6.879037755425088e-06,6.879037755425088e-06,7.598877e-06,7.598877e-06,0.9025675423199055
S00006,13039,2,1.0,0.0,0.0005073276,-0.0063369204,0.00039089937854441814,9.812085712231541e-06,9.46119507716503e-06,9.711607162898872e-06,9.411339306097943e-06,9.411339306097943e-06,9.711607e-06,9.711607e-06,0.9510266783585357
S00006,12111,2,1.0,0.0,0.00020558696,-0.001873923,7.980950734539267e-05,8.50409909010826e-07,1.0295530804190396e-06,4.241620104039612e-07,4.454225006611523e-07,4.454225006611523e-07,4.24162e-07,4.24162e-07,0.9789136925016025
S00006,12101,2,1.0,6.691001e-05,0.00033463404,-0.00084129453,4.5011595526981786e-05,9.428758858121e-07,9.925465557595696e-07,9.466721166973002e-07,9.16950625651225e-07,9.16950625651225e-07,9.466721e-07,9.869759e-07,0.9589647815838177
S00006,12127,2,1.0,0.0,0.00010901476,-0.0032373155,0.00011412939178020072,4.700423138122763e-07,4.2982170119406266e-07,9.314599935805745e-08,2.3640518520551268e-07,2.3640518520551268e-07,9.3146e-08,9.3146e-08,0.9917967777497633
S00006,12021,2,1.0,0.00011462242,8.117381e-05,0.00030261517,8.651613764717088e-05,3.1181945322108123e-07,4.6150303963562084e-07,5.303164485326306e-08,2.3224957601541973e-07,2.3224957601541973e-07,5.3031645e-08,5.850202e-08,0.9928175333467643
S00006,12047,2,1.0,0.0,0.00029454732,-0.0030969908,0.00010821673519482526,5.767874426965136e-06,5.8272618540892536e-06,5.639376922772499e-06,5.569023414864205e-06,5.569023414864205e-06,5.639377e-06,5.639377e-06,0.8987955576440823
S00008,37143,1,1.0508445501327515,0.0,0.00018809862,0.0039236248,9.122826183253589e-05,2.2036549580661813e-06,2.1375321921368595e-06,1.0272962072122027e-06,1.066840468411101e-06,1.066840468411101e-06,1.0272962e-06,1.0272962e-06,0.9528286471312587
S00008,10001,1,1.5522538423538208,0.0,0.00023168395,0.001604919,3.1636898711440153e-05,2.686289235498407e-06,2.5992719656642294e-06,2.4522423700545914e-06,2.445272230033879e-06,2.445272230033879e-06,2.4522424e-06,2.4522424e-06,0.843470878075123
S00008,12063,1,1.0,0.0002207993,0.00013186625,0.0011200032,7.275147678835008e-05,8.292110085979706e-07,9.638914851469356e-07,7.086845243975404e-07,8.453020541310252e-07,8.453020541310252e-07,7.086845e-07,7.181642e-07,0.977461178104607
S00008,22103,1,1.0,0.0,0.00059902953,-0.0010938938,0.00010434948732533182,3.4447690874609784e-06,3.6619573317390555e-06,3.2154193831956945e-06,2.9053667276457418e-06,2.9053667276457418e-06,3.2154194e-06,3.2154194e-06,0.9360862219918396
S00008,24011,1,1.5682854652404785,0.0,2.9182054e-05,-0.0010406408,2.9255475358998712e-05,3.249058693199913e-07,3.435696361483072e-07,7.565798654241007e-09,2.3014000305465743e-07,2.3014000305465743e-07,7.565799e-09,7.565799e-09,0.9780323406373854
S00008,13243,1,1.0,0.00083455036,0.00052883837,-0.0009603612,9.488650781956191e-05,7.003328088709774e-06,7.205877561015465e-06,6.743656740582082e-06,6.643153938057367e-06,6.643153938057367e-06,6.7436567e-06,6.929867e-06,0.8625313697626393
S00008,22097,1,1.5193291902542114,0.0,0.00048644448,0.0013224024,3.672741149784997e-05,1.96912272561652e-06,1.9622371686030724e-06,2.1566929717664607e-06,1.893322405521758e-06,1.893322405521758e-06,2.156693e-06,2.156693e-06,0.8982274374110537
S00008,37117,1,1.0326353311538696,0.0,3.9634007e-05,0.002944152,9.074692085656959e-05,1.7731771132882082e-07,4.879325790814922e-07,1.2689181261293925e-08,2.1137906003332319e-07,2.1137906003332319e-07,1.2689181e-08,1.2689181e-08,0.9960996602419406
S00008,51740,1,1.298903465270996,0.0,0.00035288246,0.0033609502,0.00014260621052623415,1.4018592840632966e-06,1.5885708535279264e-06,1.2767139878633316e-06,1.1491403029140201e-06,1.1491403029140201e-06,1.276714e-06,1.276714e-06,0.9805308232252542
S00008,37197,1,1.5594696998596191,0.0,0.00559658,-0.0004476023,0.0009290003799833357,0.0009076213464140892,0.0009079757340562841,0.0009133123676292598,0.000908441434148699,0.000908441434148699,0.00091331237,0.00091331237,0.011640411992284327
S00008,01073,1,1.0,0.00021202736,0.0018658662,-0.00055981905,9.72998689879508e-05,1.3134216411951153e-05,1.3453181054501329e-05,1.626862467674073e-05,1.533243448648136e-05,1.533243448648136e-05,1.6268625e-05,1.70149e-05,0.7621347364920936
S00008,22105,1,1.3078254461288452,2.7439359e-05,0.00028168218,0.0036604113,9.522178030844468e-05,5.214473996299299e-07,6.494122999356478e-07,4.0439465465169633e-07,3.793178393607377e-07,3.793178393607377e-07,4.0439465e-07,4.1910005e-07,0.9891073778874502
S00008,37141,1,1.0,0.0,1.4794458e-06,0.00090193003,7.090262806741521e-05,1.0383031015711215e-06,7.991303097772592e-07,2.5509995157935172e-11,2.396818672423251e-07,2.396818672423251e-07,2.5509995e-11,2.5509995e-11,0.9711345659640633
S00008,12133,1,1.0,0.0,0.00068655866,-0.00015597825,7.700118294451386e-05,3.8094710816949373e-06,3.94896452841446e-06,4.19493062508991e-06,3.829309207503684e-06,3.829309207503684e-06,4.1949306e-06,4.1949306e-06,0.9057185929850429
S00008,22057,1,1.0,0.0,0.00033891422,0.005362823,0.00018471790584347522,2.5284152040209542e-06,2.5240873734825677e-06,2.4326950551767368e-06,2.3806007902749116e-06,2.3806007902749116e-06,2.432695e-06,2.432695e-06,0.9729936995303679
S00008,01031,1,1.089999794960022,0.0,0.001834137,-0.00021392052,0.00010774242400657386,8.245409844676033e-05,8.201141705891739e-05,8.522249845555052e-05,8.3634935435839e-05,8.3634935435839e-05,8.52225e-05,8.52225e-05,0.13295892708037377
S00008,51093,1,1.3336673974990845,0.0,0.0005225115,0.00018780447,6.0245994973229244e-05,9.501363820163533e-06,9.446765337391602e-06,9.639788913773373e-06,9.309415872849058e-06,9.309415872849058e-06,9.639789e-06,9.639789e-06,0.72754914352216
S00008,01009,1,1.0,0.0,0.0019282012,0.0012134741,6.547433683105434e-05,1.5600207007082645e-05,1.5450723670558848e-05,1.833636088122148e-05,1.660991256358102e-05,1.660991256358102e-05,1.833636e-05,1.833636e-05,0.6151638660285771
S00008,51810,1,1.2760065793991089,4.8845536e-06,0.00049776654,0.00013686385,3.163019816080729e-05,4.685254680225626e-06,4.5656459709183155e-06,4.051895302836783e-06,3.826908141491003e-06,3.826908141491003e-06,4.0518953e-06,4.056734e-06,0.7419690895369067
S00008,12113,1,1.0,0.0,0.0023081996,-0.0014504737,0.00016876306714645276,9.392995707457885e-05,9.304145836116125e-05,9.508440416539088e-05,9.334093920188025e-05,9.334093920188025e-05,9.5084404e-05,9.5084404e-05,0.2848690417028693
S00008,13177,1,1.0067111253738403,0.0,0.0010421226,0.00053935894,0.0001916827701885874,5.028244534817835e-05,5.013841776720559e-05,5.05503558088094e-05,4.9813905206974596e-05,4.9813905206974596e-05,5.0550356e-05,5.0550356e-05,0.5843828606799218
S00008,01069,1,1.1520003080368042,0.0,9.075637e-05,0.0018331304,6.039799336576834e-05,5.118024120065456e-07,6.621223225996194e-07,2.0057589722455305e-07,3.49526715126558e-07,3.49526715126558e-07,2.005759e-07,2.005759e-07,0.9831947421438147
S00008,37129,1,1.0,0.0,0.00025113742,0.0010241416,5.5540724133607e-05,2.738975695137924e-06,2.324433125977521e-06,1.163310002993967e-06,1.1440497473813593e-06,1.1440497473813593e-06,1.16331e-06,1.16331e-06,0.9060058406894197
S00008,12013,1,1.0,0.0,0.0002457568,0.0012616874,6.415281071288821e-05,6.349171712827228e-07,7.153764916741542e-07,6.734069302183343e-07,6.898535502841696e-07,6.898535502841696e-07,6.7340693e-07,6.7340693e-07,0.9804000790885014
S00008,13095,1,1.0,0.0,4.7375364e-05,-0.0005750209,4.9433850411636136e-05,1.7514669181650788e-07,3.051528546886099e-07,3.233462919638441e-08,2.3073101829140796e-07,2.3073101829140796e-07,3.233463e-08,3.233463e-08,0.9929389142275437
S00008,24035,1,1.509325623512268,2.7781636e-05,8.893983e-05,-0.0011540027,5.3076357592847977e-05,3.1972863704747095e-07,3.4109693558548315e-07,1.3717748004182795e-07,2.9359443942666985e-07,2.9359443942666985e-07,1.3717748e-07,1.4134746e-07,0.9880242669595338
S00008,13001,1,1.0,0.0,0.00034038394,-0.0017259886,9.431284706806764e-05,1.764596845532651e-06,2.344026105068527e-06,1.2780759561792365e-06,1.1797153547377093e-06,1.1797153547377093e-06,1.278076e-06,1.278076e-06,0.9632671983422144
S00008,22029,1,1.6044812202453613,0.0,0.00013942704,0.00090809906,4.100122411424915e-05,3.66205891092856e-07,3.9498995837069134e-07,1.6883811326806608e-07,2.640733498537884e-07,2.640733498537884e-07,1.6883811e-07,1.6883811e-07,0.9822949653364705
S00008,37031,1,1.0,0.0,3.9733077e-05,0.005168893,0.0002117342640606997,2.7400345364488507e-06,1.7036217817197514e-06,1.9500001613437234e-08,2.2523876452851255e-07,2.2523876452851255e-07,1.9500002e-08,1.9500002e-08,0.9744488308914299
S00008,01061,1,1.161104679107666,0.0,0.0011930612,0.00088985864,0.00011052657403827955,4.1757460470156125e-05,4.170970957299384e-05,4.2751620640046895e-05,4.1768238588701934e-05,4.1768238588701934e-05,4.275162e-05,4.275162e-05,0.451584526179033
S00008,01063,1,1.0,0.0,0.004403467,-0.002428441,0.0005925101965355376,0.0004069367132615298,0.00040898690349422395,0.0004202338168397546,0.0004161659744568169,0.0004161659744568169,0.00042023382,0.00042023382,0.18567617894950275
S00008,22037,1,1.535164713859558,0.0,0.0004574596,0.0023205848,0.00014427966501292153,3.6831628070406928e-06,4.004467655249755e-06,3.6537089727062266e-06,3.4389902339171385e-06,3.4389902339171385e-06,3.653709e-06,3.653709e-06,0.9502150254721775
S00008,51735,1,1.2604924440383911,0.0,2.7183369e-06,0.003422127,0.00010754644366291662,1.450169615206202e-06,1.1571906028962076e-06,3.8096234500351045e-10,2.3924189918034244e-07,2.3924189918034244e-07,3.8096235e-10,3.8096235e-10,0.9733905564293844
S00008,51131,1,1.0,0.0,0.00020609432,-0.0008828766,8.048693659172083e-05,3.687494048184211e-06,2.400005466067038e-06,6.549942099809414e-07,6.726183414684783e-07,6.726183414684783e-07,6.549942e-07,6.549942e-07,0.9123844611682813
S00008,37139,1,1.0726531744003296,0.0,0.00025374925,0.005881462,0.00017661026019292572,8.899382313150758e-06,8.928107793811554e-06,8.317562787851784e-06,8.289677680295426e-06,8.289677680295426e-06,8.317563e-06,8.317563e-06,0.9040547737257457
S00008,01003,1,1.0,6.5152944e-06,0.00032889796,0.0021671203,0.00019555946831436208,6.789035523979692e-06,4.093493468341573e-06,1.2601848311533104e-06,1.2231246273586294e-06,1.2231246273586294e-06,1.2601848e-06,1.2644282e-06,0.9328975960266697
S00008,12059,1,1.010448932647705,0.0,0.0004125872,0.0014944433,4.59770975188197e-05,4.773897368674322e-06,4.820236426894553e-06,4.8010492719186004e-06,4.6589279918407556e-06,4.6589279918407556e-06,4.8010493e-06,4.8010493e-06,0.8118698015967093
S00008,22125,1,1.4995359182357788,0.0,0.00034268195,-0.0056686066,0.00020135815915030739,2.9232530778244836e-06,2.9640069290811275e-06,2.865368969651172e-06,2.7491523724165745e-06,2.7491523724165745e-06,2.865369e-06,2.865369e-06,0.9713801363918522
S00008,37019,1,1.0,0.0,5.2358275e-05,-6.329664e-05,9.312746988143772e-05,4.218472137533051e-06,2.1811746364619466e-06,2.850693903155843e-08,2.155577192297642e-07,2.155577192297642e-07,2.8506939e-08,2.8506939e-08,0.9133302929728502
S00008,22101,1,1.0,0.0,0.00038297832,0.0021115781,0.00012891599362774286,2.879524875728142e-06,2.840576219872067e-06,2.8058398129360285e-06,2.633669737406308e-06,2.633669737406308e-06,2.8058398e-06,2.8058398e-06,0.9563031443189426
S00008,12131,1,1.0,0.0,0.0004731157,-0.00011436324,8.275862152610595e-05,3.283461486110658e-06,3.0168485712541346e-06,2.6061302378366236e-06,2.3645093278901186e-06,2.3645093278901186e-06,2.6061302e-06,2.6061302e-06,0.923677777869593
S00008,45055,1,1.0,0.0,0.00015584484,0.00024792278,4.3754328241144926e-05,3.675559507125096e-07,3.7507066489676316e-07,2.0362880093216518e-07,2.9499628340090567e-07,2.9499628340090567e-07,2.036288e-07,2.036288e-07,0.9833390637120462
S00008,01067,1,1.0787856578826904,0.0,0.00014764625,-0.00011105888,6.98482751128419e-05,5.117838099977234e-07,7.210469921877424e-07,1.6675971892254893e-07,2.5877113785099937e-07,2.5877113785099937e-07,1.6675972e-07,1.6675972e-07,0.9854524337292278
S00008,13099,1,1.0,0.0,0.0,-0.00045506106,8.26137753999016e-05,4.960746492107168e-07,8.773515484487385e-07,0.0,2.412281219221768e-07,2.412281219221768e-07,0.0,0.0,0.98806219361682
S00008,37075,1,1.2129082679748535,0.0,9.171202e-05,0.005918766,0.00018249172232268998,4.6483764037930086e-07,3.2502137041016493e-07,1.3641914620166062e-07,2.7720903972294764e-07,2.7720903972294764e-07,1.3641915e-07,1.3641915e-07,0.9949186010004437
S00008,45063,1,1.2062808275222778,2.040883e-06,5.3214135e-05,-0.0005179879,3.625082778550374e-05,1.5598503229815228e-07,1.9062304149978596e-07,1.7288133591364385e-08,2.0452608850973775e-07,2.0452608850973775e-07,1.7288134e-08,1.7501176e-08,0.9914309976498749
S00008,22089,1,1.0,0.0,0.0016139381,0.0059750974,0.00026798739660686505,9.218556806445122e-05,9.218746223875011e-05,9.429581405129284e-05,9.287198190577328e-05,9.287198190577328e-05,9.4295814e-05,9.4295814e-05,0.4881038994774237
S00008,51041,1,1.4189567565917969,5.856447e-06,0.00040105477,-0.0008233138,3.87298338561474e-05,3.232411396917693e-06,3.2473216530585583e-06,3.0998689908301458e-06,2.915091499744449e-06,2.915091499744449e-06,3.099869e-06,3.1045322e-06,0.8459371572029224
S00008,01039,1,1.067095160484314,0.0,8.193177e-05,-0.00050895783,7.709917069102327e-05,1.4066313980265477e-06,1.2055949222637234e-06,1.0699239538780603e-07,2.698448327009828e-07,2.698448327009828e-07,1.06992395e-07,1.06992395e-07,0.9641649060172395
S00008,22051,1,1.0,0.0,0.00045822063,0.0052868766,0.00020313806210954985,1.7914186779914114e-06,2.0682821286754915e-06,8.608718076175137e-07,7.232521284095128e-07,7.232521284095128e-07,8.608718e-07,8.608718e-07,0.9825167304273938
S00008,12005,1,1.0,0.0,0.00041633318,0.0017790301,8.537687608622946e-05,1.5746168552747501e-06,1.4519751706150903e-06,1.452846277061326e-06,1.2929073136547231e-06,1.2929073136547231e-06,1.4528463e-06,1.4528463e-06,0.9637817177829467
S00008,24041,1,1.4272773265838623,0.0,0.0001152372,-0.0012102495,6.46411690468085e-05,4.1361054078000353e-07,4.115207398551017e-07,1.4734401077021175e-07,2.921471491390548e-07,2.921471491390548e-07,1.4734401e-07,1.4734401e-07,0.9872842381942707
S00008,45039,1,1.1402702331542969,0.0,2.347032e-05,-0.0024014993,9.205056509623925e-05,8.924325480090071e-07,9.729688722851886e-07,1.0828551388897267e-08,2.3246401781307213e-07,2.3246401781307213e-07,1.0828551e-08,1.0828551e-08,0.9807961315940139
S00008,13259,1,1.0,0.0,0.00018145626,-0.0010305746,0.00011638995783869177,3.1193012925238386e-06,2.6013346996478504e-06,5.772266149506322e-07,6.292791567830136e-07,6.292791567830136e-07,5.772266e-07,5.772266e-07,0.9477981653438418
S00008,22075,1,1.0,0.0,0.0024216552,0.011451423,0.0013721136686702569,0.0002629646672479187,0.00021816330263391137,8.049207826843485e-05,7.907233521109447e-05,7.907233521109447e-05,8.049208e-05,8.049208e-05,0.6783460933078154
S00008,01115,1,1.0,0.0,0.00206544,0.007950616,0.0002917428355431184,2.5032976433673564e-05,2.4653552827658132e-05,3.0180941394064575e-05,2.83311110251816e-05,2.83311110251816e-05,3.0180941e-05,3.0180941e-05,0.8419514654388601
S00008,01125,1,1.0534045696258545,8.764396e-06,0.0013773339,0.0013400103,4.419944161782041e-05,1.3233198539334504e-05,1.3543767939457515e-05,1.5005090972408652e-05,1.3989947547088377e-05,1.3989947547088377e-05,1.5005091e-05,1.5029156e-05,0.5391749881905465
S00008,12091,1,1.0,0.0,0.00037491735,-0.0020684814,0.00011921765205139916,1.7532585540417738e-06,1.5945475032215957e-06,7.862260531510401e-07,6.527029086100811e-07,6.527029086100811e-07,7.8622605e-07,7.8622605e-07,0.9710135511873559
S00008,01019,1,1.0,0.0,1.6786861e-06,0.0047844322,0.00015009518877680725,4.8721557239635636e-05,1.1577903478610096e-05,2.0289507574045018e-10,2.406893884199235e-07,2.406893884199235e-07,2.0289508e-10,2.0289508e-10,0.5098847736336436
S00008,13061,1,1.0359824895858765,0.0,0.00017383805,-0.0012003937,0.00011923459411870378,7.762717307476427e-07,1.0923176437434752e-06,1.6568293403906864e-07,2.2987893544268445e-07,2.2987893544268445e-07,1.6568293e-07,1.6568293e-07,0.9870633092219926
S00008,22109,1,1.0,0.0,0.00015802412,0.0037411046,0.00012088013318134472,1.0420162463257536e-06,9.563542751796679e-07,5.969775429548463e-07,6.998195658525219e-07,6.998195658525219e-07,5.9697754e-07,5.9697754e-07,0.9829068589880147
S00008,10005,1,1.375091552734375,1.3665169e-05,0.0002145147,-0.0013641915,4.343753547194259e-05,3.080484399712683e-06,2.9907737371104304e-06,2.7981388939224416e-06,2.830191306202323e-06,2.830191306202323e-06,2.798139e-06,2.8038148e-06,0.8675573720372519
S00008,22007,1,1.0,0.0,0.0015437617,0.0051151817,0.00021794210139584416,5.200370287639089e-05,5.1727428702482335e-05,5.258030068944208e-05,5.112301732879132e-05,5.112301732879132e-05,5.25803e-05,5.25803e-05,0.6147100488070845
S00008,51710,1,1.3131510019302368,0.0,0.00015079965,0.0029635278,0.00011692723395147671,1.31245568960973e-06,1.4769866538699716e-06,8.4898329077987e-07,9.303496426582569e-07,9.303496426582569e-07,8.489833e-07,8.489833e-07,0.977800082297346
S00008,13037,1,1.0494492053985596,0.0011277136,0.00025500817,0.001316898,7.345495032495819e-05,4.147146247153917e-07,4.919634761790803e-07,1.0960391136904946e-06,5.064401875642943e-07,5.064401875642943e-07,1.0960391e-06,3.9945343e-07,0.98877172043496
S00008,01053,1,1.1175676584243774,0.0,0.0077063823,-6.423128e-06,0.00016806640875680992,0.00022897393985961875,0.00022933961493739238,0.0002435818314552307,0.00023667285859119147,0.00023667285859119147,0.00024358183,0.00024358183,-0.1534038827918977
S00008,37133,1,1.0,0.0,8.239503e-06,0.001246583,5.007872338561962e-05,4.22067169362587e-07,4.523884011102079e-07,9.797695987856514e-10,2.3349103628333978e-07,2.3349103628333978e-07,9.797696e-10,9.797696e-10,0.9832847302101909
S00008,37189,1,1.3218352794647217,0.0,7.007532e-05,-0.0014891798,3.465667517351297e-05,2.616537363072287e-07,1.446458715766615e-07,7.6245015634413e-08,2.4174261170628597e-07,2.4174261170628597e-07,7.6245016e-08,7.6245016e-08,0.9850133872681608
S00008,37163,1,1.134669303894043,0.0,2.5430603e-05,0.0016641412,3.650758177779304e-05,4.4067452383463507e-07,4.425126244692971e-07,9.818283075446743e-09,2.2410875999412383e-07,2.2410875999412383e-07,9.818283e-09,9.818283e-09,0.9761463967210152
S00008,45079,1,1.1094447374343872,0.00017372845,7.7072866e-05,-0.0009144755,4.212542141128021e-05,2.839015043794764e-07,3.0835627976936547e-07,6.980224043218186e-08,2.429733001463319e-07,2.429733001463319e-07,6.980224e-08,6.640016e-08,0.986611363499291
S00008,37193,1,1.6339342594146729,2.1926939e-05,3.2928474e-05,-0.0010310953,2.3086681418741744e-05,2.8142082915868133e-07,2.689375833142549e-07,1.6718537665383337e-08,2.2602706906127423e-07,2.2602706906127423e-07,1.6718538e-08,1.7681787e-08,0.975914104947571
S00008,37009,1,1.3687034845352173,0.0,6.24389e-05,-0.0009697414,4.006682926653108e-05,2.385175979687422e-07,2.241665981728147e-07,9.61083372885696e-08,2.697730394629616e-07,2.697730394629616e-07,9.610834e-08,9.610834e-08,0.9881644686611628
S00008,51700,1,1.38008451461792,0.0,0.00039193826,-0.0009544099,6.619673755873616e-05,4.479390402896873e-06,4.553135113383178e-06,4.346058631199412e-06,4.162708137300797e-06,4.162708137300797e-06,4.3460586e-06,4.3460586e-06,0.8732417711018766
S00008,01005,1,1.016524314880371,0.0,0.00035927433,0.0014974918,5.6477743783034384e-05,1.4543760660975142e-06,1.609387747218231e-06,7.26983444110374e-07,6.213130632204411e-07,6.213130632204411e-07,7.2698344e-07,7.2698344e-07,0.9497903384207229
S00008,37171,1,1.5414217710494995,0.0,0.00025360106,-0.0004370785,2.4939273013539303e-05,3.695142822834896e-06,3.6819248331691292e-06,3.640641352831153e-06,3.6076894502912182e-06,3.6076894502912182e-06,3.6406414e-06,3.6406414e-06,0.7419089780668081
S00008,13055,1,1.0,0.0,0.005121918,0.0008878337,0.00016469079613064727,0.00015418669742454463,0.00016271838103421032,0.00018878624541684985,0.00018382948474027216,0.00018382948474027216,0.00018878625,0.00018878625,0.0329408594786404
S00008,22087,1,1.0,2.3598262e-05,0.0006929532,0.01885838,0.002272616218154629,0.0007736912763599927,0.0005934106593485922,1.9240773326600902e-05,1.8790358808473684e-05,1.8790358808473684e-05,1.9240773e-05,1.9272926e-05,0.49204650039226105
S00008,01035,1,1.1750808954238892,0.0,0.0033949553,-0.00053751696,0.00010057615387874345,8.616788545623422e-05,8.652542601339519e-05,9.148965909844264e-05,8.864496339811012e-05,8.864496339811012e-05,9.148966e-05,9.148966e-05,0.07715517171963908
S00008,45059,1,1.3169221878051758,0.0,6.6189634e-05,-0.0002576671,2.7909318608484075e-05,4.0835707674583926e-07,5.163604868130278e-07,5.378955592050261e-08,2.2414822353766795e-07,2.2414822353766795e-07,5.3789556e-08,5.3789556e-08,0.9711588563069226
S00008,22071,1,1.0,0.0,0.0010975188,0.0058458606,0.00031613230142587173,7.54869127680043e-06,7.882153568061767e-06,8.290304322144948e-06,7.624114005011506e-06,7.624114005011506e-06,8.290304e-06,8.290304e-06,0.9533572162284208
S00008,01097,1,1.0,1.9008967e-05,0.0011953372,0.0008058847,0.0001382279721534966,6.30076025724217e-06,5.782514108432224e-06,6.1669366004935e-06,5.373119165597018e-06,5.373119165597018e-06,6.1669366e-06,6.21202e-06,0.9128095825356591
S00008,01095,1,1.0,1.8884672e-05,8.983334e-06,0.0027820538,0.00016325585966114886,4.61635921785349e-07,2.679305287263863e-07,1.0658679494568446e-09,2.347943421909804e-07,2.347943421909804e-07,1.065868e-09,1.0485317e-09,0.9943605792387472
S00008,01085,1,1.0768173933029175,0.0,0.000820189,0.00018479867,9.873811723082326e-05,1.1792696568591055e-05,1.2131138040179698e-05,1.14094646050944e-05,1.0891615602304228e-05,1.0891615602304228e-05,1.1409465e-05,1.1409465e-05,0.7866170316995614
S00008,13307,1,1.0,0.0,0.00024617568,-0.0016154908,0.00011444322202199449,3.5737011027473877e-06,3.90310886662822e-06,3.2731231840443797e-06,3.2670420750946505e-06,3.2670420750946505e-06,3.2731232e-06,3.2731232e-06,0.9394374805218392
S00008,37055,1,1.0249983072280884,0.0,0.00019114754,0.01440948,0.0009783963905647397,1.4087870757369576e-06,1.0920694724821562e-06,4.369739485809987e-07,4.879982498096069e-07,4.879982498096069e-07,4.3697395e-07,4.3697395e-07,0.9971243526613536
S00008,37095,1,1.0,0.0,8.680556e-06,0.008244152,0.00039537188058602624,2.7850481198280854e-06,2.0063690631862605e-06,4.480190440858678e-09,2.363828741636098e-07,2.363828741636098e-07,4.4801904e-09,4.4801904e-09,0.9860102993617091
S00008,13283,1,1.0,0.0,1.6468734e-05,-0.0011119858,0.00018218991560085365,5.516301674409381e-06,5.3437869003876886e-06,1.7003642938107077e-08,2.411470632068813e-07,2.411470632068813e-07,1.7003643e-08,1.7003643e-08,0.9412240920467757
S00008,22025,1,1.4979889392852783,0.0,5.733467e-05,3.4352037e-05,1.4928027667338029e-05,5.863082037649292e-07,5.677128266749302e-07,2.366830358369043e-07,4.154254611421493e-07,4.154254611421493e-07,2.3668304e-07,2.3668304e-07,0.9244172346613961
S00008,12033,1,1.0,8.5891676e-05,0.0016928847,0.0018918297,0.00015950760037715858,3.5236049977053575e-05,3.513490931557802e-05,3.8357906305463985e-05,3.737966835615225e-05,3.737966835615225e-05,3.8357906e-05,3.8641338e-05,0.6381288949553529
S00008,51650,1,1.3207660913467407,0.0,0.00029036618,0.0019933954,7.107434673040795e-05,1.0463756628572203e-06,1.2515678046535565e-06,5.616641942651768e-07,5.07571542129881e-07,5.07571542129881e-07,5.616642e-07,5.616642e-07,0.9709826627317607
S00008,13187,1,12.450006484985352,0.0,0.0011524947,-0.0006458091,0.00011737679596990347,6.367789319483563e-05,6.364095800866683e-05,6.421844591386616e-05,6.32969313301146e-05,6.32969313301146e-05,6.4218446e-05,6.4218446e-05,0.29658940634345
S00008,21047,1,12.450006484985352,0.0,2.5581461e-05,0.0011623059,4.024274797605661e-05,4.398921570706686e-07,4.6606147918737406e-07,4.0887410790446665e-08,2.5593831765036157e-07,2.5593831765036157e-07,4.088741e-08,4.088741e-08,0.9783744537900593
S00008,34031,1,12.450006484985352,0.0,0.00011968085,-0.006806756,0.0002552606213915472,1.4489961586150457e-06,9.464947462826482e-07,1.0613590006869345e-07,2.260685505461879e-07,2.260685505461879e-07,1.061359e-07,1.061359e-07,0.988711009954024
S00008,21171,1,12.450006484985352,0.0,0.00083901105,0.00074440317,7.410076311013351e-05,4.2994689768723525e-05,4.283973006143545e-05,4.336319034337066e-05,4.277390689821914e-05,4.277390689821914e-05,4.336319e-05,4.336319e-05,0.26564715005279727
S00008,13233,1,12.254488945007324,0.0,0.0009328696,0.0024416975,8.842639241872045e-05,5.201365183893358e-06,5.3260341701388825e-06,6.093770025472622e-06,5.381190021580551e-06,5.381190021580551e-06,6.09377e-06,6.09377e-06,0.8888926677926088
S00008,13179,1,12.450006484985352,0.0,0.0007714771,-0.0020019745,9.81630237220088e-05,9.882218061344853e-06,9.945253623300232e-06,1.0444875442772172e-05,9.886944098980166e-06,9.886944098980166e-06,1.0444875e-05,1.0444875e-05,0.8170725911066008
S00008,22099,1,12.450006484985352,0.0,0.00059316214,0.0072086747,0.00032880252789861214,1.6158160178747494e-06,1.6377788369936752e-06,1.8669779819902033e-06,1.5978184819687158e-06,1.5978184819687158e-06,1.866978e-06,1.866978e-06,0.9902195743812386
S00008,51199,1,12.450006484985352,0.0,0.00027627134,0.000469341,9.090196787534903e-05,2.8064107482350664e-06,2.9073549588550427e-06,9.309269444202073e-07,8.702766081114532e-07,8.702766081114532e-07,9.3092694e-07,9.3092694e-07,0.9401033122233797
S00008,51015,1,12.450006484985352,0.0,0.00015098197,0.0010617628,6.468706002730566e-05,8.926528304679474e-07,7.798899067286887e-07,7.612254648847738e-07,8.403042102145264e-07,8.403042102145264e-07,7.6122546e-07,7.6122546e-07,0.9727765556886808
S00008,13127,1,12.450006484985352,0.0,0.00026284615,-0.0018612354,6.717101132380776e-05,4.963897216233212e-07,6.148176036428291e-07,5.963521516605397e-07,5.633514206238033e-07,5.633514206238033e-07,5.9635215e-07,5.9635215e-07,0.985328541839813
S00008,51670,1,12.450006484985352,0.0,0.0001013086,-0.00021216777,8.384813130154119e-05,3.614372540520587e-07,5.55146456804323e-07,1.6231399513344513e-07,2.985810851896531e-07,2.985810851896531e-07,1.62314e-07,1.62314e-07,0.9914157675843346
S00008,01093,1,12.450006484985352,0.0,0.0006862125,-0.0012381343,8.644541594549082e-05,2.0205498609963495e-05,2.0127954485360533e-05,2.0287603547330946e-05,1.9805280317086726e-05,1.9805280317086726e-05,2.0287604e-05,2.0287604e-05,0.6210909452734711
S00008,22095,1,10.285179138183594,0.0,0.00058896653,0.0056768153,0.00025236776370244723,4.064863181459562e-06,4.1758589759410825e-06,4.347894901002292e-06,4.135175913688727e-06,4.135175913688727e-06,4.347895e-06,4.347895e-06,0.9682968331225666
S00008,13033,1,11.183890342712402,0.0,0.0002314111,0.0019515104,0.00013126885702755922,5.623417412910688e-06,5.208309933853646e-06,4.3075015128124505e-06,4.293920937925577e-06,4.293920937925577e-06,4.3075015e-06,4.3075015e-06,0.9178417126036409
S00008,13183,1,12.450006484985352,0.0,0.0011722087,-0.0013459426,8.53946439747233e-05,1.6006480412518915e-05,1.5942359823384322e-05,1.7034426491591148e-05,1.6007476006052457e-05,1.6007476006052457e-05,1.7034426e-05,1.7034426e-05,0.684293827918682
S00008,13253,1,6.990128517150879,0.0,0.001272324,0.0015353049,0.0001099906270004188,3.765420478885062e-05,3.7564008380286396e-05,3.816433672909625e-05,3.722576002473943e-05,3.722576002473943e-05,3.8164337e-05,3.8164337e-05,0.48993534914119136
S00008,54043,1,12.450006484985352,0.0,0.009520095,-0.004617303,0.0011117536341771483,0.0006677345566761991,0.0006697618324930469,0.0006871155928820372,0.0006792788044549525,0.0006792788044549525,0.0006871156,0.0006871156,0.2495206654268503
S00008,21197,1,12.450006484985352,0.0005617189,0.0006602148,0.0008450599,4.244966172943047e-05,2.9819961279523946e-06,3.1988365662982687e-06,2.6981658720615087e-06,2.6989769139618147e-06,2.6989769139618147e-06,2.6981659e-06,3.1243478e-06,0.8687260703840767
S00008,51179,1,12.450006484985352,0.0,1.5421167e-05,-0.003937037,9.054932161234319e-05,2.849556513713954e-07,2.759844027385346e-07,3.3321478909442703e-09,2.2819374123628222e-07,2.2819374123628222e-07,3.332148e-09,3.332148e-09,0.9937258123264614
S00008,13315,1,12.450006484985352,0.0,8.916239e-05,0.00092331297,8.909564348869026e-05,6.759427909249401e-07,8.072953126732804e-07,1.4585639007691498e-07,3.010653983892553e-07,3.010653983892553e-07,1.4585639e-07,1.4585639e-07,0.9849408299677461
S00008,21193,1,12.450006484985352,0.0,0.0035926427,0.0008028322,0.00018095673294737935,8.568903770841037e-05,8.354037466536586e-05,9.360371041111648e-05,9.002304432215169e-05,9.002304432215169e-05,9.360371e-05,9.360371e-05,0.35728185376676785
S00008,21067,1,12.450006484985352,6.1007972e-06,0.0004188367,0.004400939,0.00010097297126776539,8.773862039864374e-07,8.576811296734377e-07,9.843324733083136e-07,8.187584512597823e-07,8.187584512597823e-07,9.843325e-07,9.894057e-07,0.982771072664526
S00008,21053,1,12.450006484985352,0.0,0.0019460991,-0.0007146527,0.00012187308311695233,0.00011344331142026931,0.00011273903752832364,0.00011473452468635514,0.0001128666553995572,0.0001128666553995572,0.000114734525,0.000114734525,0.0358231380914245
S00008,54037,1,12.450006484985352,0.0,0.00034440542,-0.00094999396,4.990924571757205e-05,3.6599677362877023e-06,3.718181384707956e-06,3.627511887316359e-06,3.4949184737342875e-06,3.4949184737342875e-06,3.627512e-06,3.627512e-06,0.8633555544197001
S00008,12077,1,9.080193519592285,0.0,3.989691e-05,-0.0037965442,0.00014836179980193265,3.101967915123775e-07,6.335219471983086e-07,3.444081642101082e-08,2.3737791821076826e-07,2.3737791821076826e-07,3.4440816e-08,3.4440816e-08,0.9958270985979878
S00008,13165,1,6.976208209991455,0.0,2.873167e-06,0.00199092,0.00015562051460923007,2.508388377009396e-06,2.219394294418938e-06,5.943663339280647e-10,2.386513244800881e-07,2.386513244800881e-07,5.9436633e-10,5.9436633e-10,0.9682741316781578
S00008,37167,1,10.739577293395996,0.0,4.1146486e-05,0.0004614517,3.1791593452605106e-05,4.775636170961661e-07,4.7308585138239323e-07,1.9509107218596e-08,2.2024990187219373e-07,2.2024990187219373e-07,1.9509107e-08,1.9509107e-08,0.9704012338429151
S00008,13139,1,7.59015417098999,0.0,0.00047937993,-0.00094969827,4.7841509513091296e-05,4.1136387759858435e-06,4.0806085053191055e-06,4.245075160724809e-06,3.9732776713208295e-06,3.9732776713208295e-06,4.245075e-06,4.245075e-06,0.8416465389301688
S00008,37043,1,4.894314765930176,0.0,0.00029050978,-0.0003883807,0.0001310684262231613,7.815065146132838e-07,5.879266306389278e-07,6.271100119192852e-07,5.865245498171134e-07,5.865245498171134e-07,6.2711e-07,6.2711e-07,0.9881455151567266
S00008,13031,1,7.286532878875732,9.3991584e-05,0.0005882633,8.260053e-05,6.741598796603891e-05,9.78212180295183e-06,9.962808993198754e-06,9.82269921223633e-06,9.58753389568301e-06,9.58753389568301e-06,9.822699e-06,9.924451e-06,0.7465709501897376
S00008,51071,1,9.997840881347656,0.0,0.00063132675,0.00017616597,0.00014131403562108366,5.023183651549819e-06,4.781571836550332e-06,5.3024828048364725e-06,4.860525677941041e-06,4.860525677941041e-06,5.302483e-06,5.302483e-06,0.9313478324035748
S00008,13163,1,6.228034973144531,0.0,0.00092538085,0.0014682749,0.00011598536851427828,7.772913249937119e-06,7.811566774762468e-06,8.94925142347347e-06,8.2114847828052e-06,8.2114847828052e-06,8.949251e-06,8.949251e-06,0.8743855661353462
S00008,51049,1,11.339774131774902,0.0,0.0008815169,-0.0010215594,5.212245256795237e-05,2.4901214298248913e-05,2.483828939148225e-05,2.5375602490385063e-05,2.4654696971992962e-05,2.4654696971992962e-05,2.5375602e-05,2.5375602e-05,0.35341394894883144
S00008,37131,1,10.995583534240723,0.0,3.965811e-05,-6.481161e-06,3.388917442255964e-05,3.2195598957211285e-07,4.122674918486761e-07,1.374938118914315e-08,2.1915272441219713e-07,2.1915272441219713e-07,1.3749381e-08,1.3749381e-08,0.9811782898902434
S00008,37081,1,10.855337142944336,5.192339e-05,0.00025925637,-0.00021375236,1.5539370603316154e-05,2.790722722541735e-06,2.8279757771088043e-06,2.727287437664927e-06,2.71687008535082e-06,2.71687008535082e-06,2.7272874e-06,2.7515148e-06,0.6955037082539106
S00008,51025,1,10.247637748718262,0.0,0.00018548506,-0.0007977075,2.5029566131706815e-05,1.1040465134707726e-06,1.449806234177231e-06,5.56311874788662e-07,6.322856052065617e-07,6.322856052065617e-07,5.563119e-07,5.563119e-07,0.9155075474286176
S00008,51045,1,10.394120216369629,0.0,8.355615e-05,0.003622015,0.00010056818973680492,4.044722269706351e-06,1.310767193748082e-06,1.1280933875923438e-07,2.652961939020315e-07,2.652961939020315e-07,1.1280934e-07,1.1280934e-07,0.9226725995457501
S00008,45069,1,7.834897994995117,0.0,6.471654e-06,-0.00062338274,5.7972164844007544e-05,6.06376412785418e-07,5.134772322890058e-07,1.1657240728268903e-09,2.3567235984955914e-07,2.3567235984955914e-07,1.1657241e-09,1.1657241e-09,0.9792969780477386
S00008,37157,1,10.584782600402832,0.0,2.5005605e-05,-0.0006721349,1.6165989412305255e-05,6.976791648109307e-07,6.979090111750944e-07,3.784533131323542e-09,2.249302468726455e-07,2.249302468726455e-07,3.784533e-09,3.784533e-09,0.9172565374348408
S00008,54055,1,9.544848442077637,0.0,0.00027996997,-0.00089364353,3.791052283001287e-05,1.5687502733878016e-06,1.247884142685507e-06,9.314302928942197e-07,8.796466772764688e-07,8.796466772764688e-07,9.314303e-07,9.314303e-07,0.9205279048943447
S00008,05103,1,11.26751708984375,0.0,2.8708826e-05,-0.0007206096,2.326805649014811e-05,6.408681680151554e-07,7.846401880821455e-07,7.247469735460754e-09,2.189319019407776e-07,2.189319019407776e-07,7.2474697e-09,7.2474697e-09,0.946390883138582
S00008,51111,1,10.515312194824219,0.0,0.00043444114,-0.0006302098,2.8077272872906178e-05,5.491937220843586e-06,5.627953820900681e-06,5.447599960461957e-06,5.221915216679918e-06,5.221915216679918e-06,5.4476e-06,5.4476e-06,0.6727991391214696
S00008,36081,1,11.523798942565918,0.0,3.838588e-05,-0.0043776194,0.00014228683600473838,4.2527151104347166e-07,4.7299121656389315e-07,1.7907179739040657e-08,2.1899738555930526e-07,2.1899738555930526e-07,1.790718e-08,1.790718e-08,0.9940401481213297
S00008,51121,1,9.819321632385254,0.0,0.0005805875,-0.0010781548,3.7024246618481506e-05,2.5736673402813417e-06,2.5067281512747286e-06,2.9189147880970268e-06,2.548826387283043e-06,2.548826387283043e-06,2.9189148e-06,2.9189148e-06,0.8700099534050431
S00008,13113,1,8.637348175048828,0.0,0.00019144097,0.0012922197,0.00011725393293697077,2.158830672745656e-07,2.4848668071323726e-07,2.297735335332618e-07,2.7063768470725336e-07,2.7063768470725336e-07,2.2977353e-07,2.2977353e-07,0.9963244504057662
S00008,36047,1,11.807450294494629,2.0706548e-06,1.8840205e-05,-0.007849444,0.0006753160996595398,8.530302656832115e-07,9.247765541490575e-07,2.1225525781431998e-09,2.3144245631101512e-07,2.3144245631101512e-07,2.1225526e-09,2.1962878e-09,0.997476873084172
S00008,13195,1,9.056295394897461,0.0,0.00034040277,-0.00054214086,3.872971501550637e-05,1.3029803085373715e-06,1.3470138734798336e-06,1.3601523960460327e-06,1.2783360716639436e-06,1.2783360716639436e-06,1.3601524e-06,1.3601524e-06,0.9349041927859003
S00008,51023,1,11.137761116027832,0.0,0.00015032077,-0.0012400527,2.8395703945231315e-05,9.475977122974655e-07,5.665400806265097e-07,7.577518346124634e-08,1.693292688287329e-07,1.693292688287329e-07,7.577518e-08,7.577518e-08,0.9354130136167322
S00008,51185,1,9.679394721984863,0.0,0.0004556565,0.00042958598,2.8242070887548227e-05,1.411365625851128e-06,1.2755734815073083e-06,1.4884871006870526e-06,1.2383409284666413e-06,1.2383409284666413e-06,1.4884871e-06,1.4884871e-06,0.9048093042967629
S00008,51540,1,12.075143814086914,0.0,2.1007105e-05,0.008673381,0.0003569478139979765,7.855803450714424e-07,5.189920576261405e-07,4.498617922621406e-09,2.24864706410699e-07,2.24864706410699e-07,4.498618e-09,4.498618e-09,0.9956080122376381
S00009,37059,3,1.0,0.0,0.00060793944,-0.0005946474,2.7261134164291434e-05,1.2269766860602735e-05,1.2224588620786866e-05,1.2305137715884484e-05,1.2198161130072549e-05,1.2198161130072549e-05,1.2305138e-05,1.2305138e-05,0.3792316116004551
S00009,37133,3,1.0,9.1996815e-05,1.9748499e-05,0.0031467406,5.842925384058617e-05,1.2608253226649899e-07,6.00132056642148e-08,1.1518248577147006e-08,2.354336743337626e-07,2.354336743337626e-07,1.1518249e-08,6.688433e-09,0.9956935596283261
S00009,37031,3,1.0,0.00045182556,0.0011102177,0.0027165618,7.107979035936296e-05,4.086727130925283e-05,4.1282231298585735e-05,4.0949220419861376e-05,4.0830236684996635e-05,4.0830236684996635e-05,4.094922e-05,4.1748324e-05,0.26988219788693363
S00009,13299,3,1.0,0.0,8.833475e-05,0.0026661104,8.473220016943135e-05,2.1082174820700553e-07,1.7774301378873739e-07,1.6011739489840693e-07,3.153972158997931e-07,3.153972158997931e-07,1.601174e-07,1.601174e-07,0.9950361608653051
S00009,12003,3,1.0,5.8363486e-05,3.4146695e-05,0.0028075604,4.251707287039608e-05,7.20372863582952e-08,6.115550169975374e-08,1.0451002729894299e-08,2.2612675820710137e-07,2.2612675820710137e-07,1.0451003e-08,1.1030546e-08,0.9966171030062307
S00009,13049,3,1.0,0.0,3.852853e-05,0.0031928937,8.936962937392916e-05,1.017118028319904e-07,5.38777656563146e-08,2.7123247647864446e-08,2.259898224110657e-07,2.259898224110657e-07,2.7123248e-08,2.7123248e-08,0.9977263825154684
S00009,37141,3,1.0,0.0,5.2828545e-06,0.0015645204,3.182392871773724e-05,1.7630847567081295e-07,7.959776290866749e-08,2.3124796522111524e-10,2.368152109966104e-07,2.368152109966104e-07,2.3124797e-10,2.3124797e-10,0.9889808019481097
S00009,37067,3,1.0,1.043837e-05,0.0028580693,-0.0012137784,0.00010744806301469605,6.723300854597862e-05,6.733162930080046e-05,7.077437476255e-05,6.799938273616135e-05,6.799938273616135e-05,7.0774375e-05,7.083392e-05,0.2302198750523975
S00009,12031,3,1.0,0.0019411516,0.00017749426,0.00025866835,8.571337881827883e-05,3.621793969917538e-07,2.63090394507041e-07,3.3138792332465528e-06,5.250471986073535e-07,5.250471986073535e-07,3.3138792e-06,2.348963e-07,0.9915846169458243
S00009,12107,3,1.0,4.0944005e-06,0.00038905334,0.00047825175,2.3855146234078955e-05,2.3921385642703776e-06,2.435209504862238e-06,2.485818868080969e-06,2.436547219986096e-06,2.436547219986096e-06,2.4858189e-06,2.4889878e-06,0.8177229696215421
S00009,37019,3,1.0,0.0,0.00021110725,0.0026854293,5.870159778472347e-05,1.851408645355453e-06,1.8687521408840742e-06,1.8758785245154286e-06,1.8965968138218159e-06,1.8965968138218159e-06,1.8758785e-06,1.8758785e-06,0.938849984352361
S00009,12007,3,1.0,0.000545987,0.0007034236,0.0019862542,6.724408740410581e-05,3.063927457939523e-05,3.074113434801499e-05,3.069695594604127e-05,3.070033199037425e-05,3.070033199037425e-05,3.0696956e-05,3.116698e-05,0.3739635836259956
S00009,12035,3,1.0,1.644561e-05,5.0107716e-05,0.0012830523,2.1223072205126908e-05,9.670048228827e-08,6.574655486701886e-08,3.1349543405667646e-08,2.254849533755987e-07,2.254849533755987e-07,3.1349543e-08,3.2727186e-08,0.9909285634789764
S00009,37097,3,1.0,7.994499e-06,0.0008301233,-0.002585493,5.7213352799105145e-05,5.192727712710621e-06,5.260219647122237e-06,5.638113634631736e-06,5.023172889195848e-06,5.023172889195848e-06,5.6381136e-06,5.6513218e-06,0.8335826358546121
S00009,45043,3,1.0,0.0007780458,0.00018719798,0.0023881288,4.830236503039487e-05,6.340097229440289e-07,5.504283535628929e-07,7.692124199820682e-07,5.870427344234486e-07,5.870427344234486e-07,7.692124e-07,4.551543e-07,0.9740884065834579
S00009,37129,3,1.0,0.0,0.00016543496,0.0010387694,4.7270626358416244e-05,1.4127903114058427e-06,1.3477799332880143e-06,1.2903303741040872e-06,1.4456104509008583e-06,1.4456104509008583e-06,1.2903304e-06,1.2903304e-06,0.9419601002539494
S00009,13127,3,1.0,7.917343e-05,0.00023576777,0.00048061833,1.7540946525211137e-05,1.0890182314445458e-06,1.0842809767079113e-06,1.0557579344094847e-06,1.1721406281139934e-06,1.1721406281139934e-06,1.0557579e-06,1.0868226e-06,0.883089609060534
S00009,37055,3,1.0,0.0,7.362591e-05,0.0030632867,7.13778120674154e-05,3.810709969798154e-07,2.3628962727192024e-07,7.321801831494668e-08,2.3752507161134417e-07,2.3752507161134417e-07,7.321802e-08,7.321802e-08,0.9893791268563127
S00009,45051,3,1.0,2.2765846e-05,6.5037486e-05,0.0018946622,3.4618119874115415e-05,1.900357110192393e-07,1.1375234384066364e-07,4.8129745522373923e-08,2.3047242336815543e-07,2.3047242336815543e-07,4.8129746e-08,5.0572723e-08,0.9890809663525867
S00009,12109,3,1.0,2.6982398e-06,0.0001863097,5.8974678e-05,5.2198744015186094e-05,2.7823688621235e-06,2.7729562740811766e-06,2.7611795303528197e-06,2.911599722210667e-06,2.911599722210667e-06,2.7611795e-06,2.762178e-06,0.8987881941083166
S00009,37095,3,1.0,0.0,0.00020190328,0.0050921594,0.00012872161460109055,1.3784077547522127e-06,1.0320118046062514e-06,8.223308896049275e-07,8.486426281706372e-07,8.486426281706372e-07,8.223309e-07,8.223309e-07,0.9788100304705244
S00009,13283,3,1.0,0.0,6.778991e-05,-0.0010722949,2.0373451964890894e-05,1.735786649229946e-07,1.313228779054043e-07,7.052815220731645e-08,2.572813571077859e-07,2.572813571077859e-07,7.052815e-08,7.052815e-08,0.9831042579290137
S00009,13065,3,1.0,0.0,1.6139635e-05,0.0026595194,4.491847918567752e-05,2.2918792789520617e-07,1.6868882883140182e-07,1.147007377966247e-08,2.3981243657544837e-07,2.3981243657544837e-07,1.1470074e-08,1.1470074e-08,0.9898471862424846
S00009,37111,3,1.2214670181274414,0.00013625542,0.00048202343,-0.002100663,0.00014945858129067346,6.596927202432805e-06,6.597841699355437e-06,6.631213636865141e-06,6.483391189249232e-06,6.483391189249232e-06,6.6312136e-06,6.7440046e-06,0.9154540936602156
S00009,45003,3,2.1211729049682617,0.0,0.00018711101,-0.0021830758,4.245627254325276e-05,5.543178644984437e-07,5.579191982481765e-07,5.523678510144236e-07,6.111452535151329e-07,6.111452535151329e-07,5.5236785e-07,5.5236785e-07,0.9742241220479249
S00009,37083,3,1.5940320491790771,0.0,3.9464987e-05,0.002217932,3.522756196616683e-05,3.5231757541017333e-07,2.1603928720044982e-07,1.2116159098241042e-07,3.1949105050443904e-07,3.1949105050443904e-07,1.2116159e-07,1.2116159e-07,0.9801956847550046
S00009,37131,3,1.6044081449508667,0.0,0.00033097566,0.003415663,5.602226277308849e-05,2.133191931837549e-06,2.17795619998166e-06,2.1784899217891507e-06,2.0565432805597084e-06,2.0565432805597084e-06,2.17849e-06,2.17849e-06,0.9266382855172876
S00009,12105,3,1.4668513536453247,2.7386682e-06,0.00012788059,0.0019352429,5.864647149185961e-05,3.354464013227698e-07,2.8952353166763106e-07,2.499861864180275e-07,3.631548395333084e-07,3.631548395333084e-07,2.499862e-07,2.506791e-07,0.988625449517248
S00009,37197,3,1.9287490844726562,0.0,0.00035709128,-0.0024545821,4.4972525453583025e-05,1.6405544632410358e-06,1.6391871137481455e-06,1.7481904706073692e-06,1.617125462871627e-06,1.617125462871627e-06,1.7481905e-06,1.7481905e-06,0.9296096946964917
S00009,37007,3,1.827958583831787,0.0,0.00025261648,-0.0028096398,5.8101616256559886e-05,1.4976416575033606e-06,1.498924348197761e-06,1.458546080357337e-06,1.4298578889793134e-06,1.4298578889793134e-06,1.4585461e-06,1.4585461e-06,0.9497429427841929
S00009,13309,3,2.1511335372924805,0.0,1.4270294e-05,-0.00040732772,1.718079200448604e-05,1.6896931379998628e-07,1.2140245342351363e-07,8.966949849309458e-09,2.380271695301417e-07,2.380271695301417e-07,8.96695e-09,8.96695e-09,0.9805220013462779
S00009,37081,3,1.5615400075912476,1.4835255e-05,0.0018341179,-0.0029076936,0.00012206781684653834,4.236124732415192e-05,4.273467857274227e-05,4.386128421174362e-05,4.215668377582915e-05,4.215668377582915e-05,4.3861284e-05,4.391548e-05,0.48474744975526196
S00009,13007,3,1.8449832201004028,0.0007881463,0.00045208944,0.0017106105,5.0245185775565915e-05,2.448184280486506e-06,2.315149079853048e-06,2.334753617105889e-06,2.210282218584325e-06,2.210282218584325e-06,2.3347536e-06,2.426204e-06,0.9070780905498259
S00009,45083,3,2.2743358612060547,6.8297745e-06,0.00038442554,-0.0022156434,5.413650008752787e-05,1.0719094234445947e-06,1.081617900429895e-06,1.2009858210149105e-06,1.082753442460671e-06,1.082753442460671e-06,1.2009858e-06,1.2061903e-06,0.9611686178631335
S00009,12057,3,2.3081541061401367,5.948731e-05,0.00031118235,-7.266484e-05,7.5279661056508e-05,1.18023259195373e-06,1.1631172280128037e-06,1.1652266493911156e-06,1.1250468787693535e-06,1.1250468787693535e-06,1.1652266e-06,1.1987108e-06,0.9691280608529209
S00009,45061,3,2.012225866317749,0.0008526036,0.0005019732,0.00013457485,3.5002345612156205e-05,4.999136611634943e-06,5.021858063021985e-06,5.044666977482848e-06,4.863925369136268e-06,4.863925369136268e-06,5.044667e-06,5.173703e-06,0.7500524313740717
S00009,12083,3,1.2767713069915771,6.298953e-05,0.00021749939,-7.702358e-06,3.236347341347331e-05,3.1397740940519725e-07,3.2637541380609036e-07,3.252156375310733e-07,3.7745303416159004e-07,3.7745303416159004e-07,3.2521564e-07,3.4864834e-07,0.9807832372783882
S00009,45027,3,1.8582638502120972,0.0,0.0006018852,0.0030593213,9.274062783030483e-05,1.2626966660415443e-05,1.2767210743428828e-05,1.2917643289256375e-05,1.2526575119409245e-05,1.2526575119409245e-05,1.2917643e-05,1.2917643e-05,0.7603254260202836
S00009,37159,3,1.8664673566818237,1.1060601e-05,0.0007630086,-0.0042188037,0.00011299016235473876,3.2728356321361693e-06,3.3644572946892972e-06,3.637503823483712e-06,3.145304617646616e-06,3.145304617646616e-06,3.6375038e-06,3.65426e-06,0.9436994454158899
S00009,51595,3,1.5953164100646973,0.0,4.171019e-05,0.0055473126,0.00020939410266388828,1.9629755125076068e-07,1.3304002995558525e-07,4.025409694463633e-08,2.357125055141296e-07,2.357125055141296e-07,4.0254097e-08,4.0254097e-08,0.9981268459714829
S00009,51011,3,1.5787471532821655,0.0,0.0017966351,-0.0016064441,0.00010555360010281827,6.193495573825203e-05,6.275537210361411e-05,6.382902211043984e-05,6.210033461684361e-05,6.210033461684361e-05,6.382902e-05,6.382902e-05,0.26042761038524875
S00009,51035,3,1.9076619148254395,0.00020935832,0.0031592755,-0.0018155633,0.0002924611811370899,0.00024319188863349458,0.00024264810781460255,0.000243866175878793,0.00024193708668462932,0.00024193708668462932,0.00024386618,0.00024514517,0.09197985652298592
S00009,12127,3,2.230023145675659,7.969715e-06,0.00023883318,0.003536456,6.519575375326288e-05,5.980217565593193e-07,6.406176945953727e-07,6.009323101352493e-07,6.478097702711239e-07,6.478097702711239e-07,6.009323e-07,6.046757e-07,0.9818213272630921
S00009,54063,3,1.435547947883606,0.0,0.0047136666,0.00037542064,0.00031881718314252794,0.00030651108439390856,0.0003081660155051698,0.0003097589942626655,0.0003048415237572044,0.0003048415237572044,0.000309759,0.000309759,0.01967942181328358
S00009,37137,3,1.5685266256332397,0.0,0.00010020214,0.004182831,8.552980216336437e-05,4.732596276350402e-07,3.382543998971717e-07,2.1955010254259832e-07,3.5088578442810103e-07,3.5088578442810103e-07,2.195501e-07,2.195501e-07,0.9889943539734635
S00009,51191,3,1.8172264099121094,0.00013477089,0.0035090735,-0.0012122215,9.457188813636701e-05,4.650465659021089e-05,4.711112220926831e-05,4.78801412100438e-05,4.520842048805207e-05,4.520842048805207e-05,4.788014e-05,4.880782e-05,0.3407173860071196
S00009,45075,3,1.8995717763900757,0.0,0.00021544637,0.00013477753,2.5539874210759688e-05,2.5876538529701065e-06,2.5828287562035257e-06,2.581605940576992e-06,2.59724606621603e-06,2.59724606621603e-06,2.581606e-06,2.581606e-06,0.8160055979958748
S00009,37185,3,1.5518484115600586,0.0,0.0005037328,-0.00039556762,3.698011854188129e-05,7.024360608435624e-06,7.108913753957798e-06,7.2277593972103205e-06,6.91402465236024e-06,6.91402465236024e-06,7.2277594e-06,7.2277594e-06,0.6807433813980259
S00009,51735,3,1.5726096630096436,0.0,3.926487e-06,0.004055579,0.00010986789796637216,6.382873157425214e-07,1.4247914995972147e-07,5.911484635134912e-10,2.383146409101755e-07,2.383146409101755e-07,5.9114846e-10,5.9114846e-10,0.988447935034351
S00009,37049,3,1.6404495239257812,5.733123e-05,0.00061519095,0.0038105522,7.247067333082668e-05,2.826736742160089e-06,2.913148212731661e-06,2.9425702905427897e-06,2.7206640424992656e-06,2.7206640424992656e-06,2.9425703e-06,3.0098233e-06,0.9249180884330523
S00009,45049,3,1.8772144317626953,0.0,0.00068370695,0.0018904947,3.9545039423198126e-05,8.667682777740993e-06,8.812035654652087e-06,8.957812497101258e-06,8.455869647150394e-06,8.455869647150394e-06,8.9578125e-06,8.9578125e-06,0.6404400174038645
S00009,37123,3,1.681721806526184,0.0,0.00011673729,-0.0004540098,3.4592445445014164e-05,4.4430084263543296e-07,3.7340379795599193e-07,2.2188990556060162e-07,3.7837673971807817e-07,3.7837673971807817e-07,2.218899e-07,2.218899e-07,0.9746380078225443
S00009,45065,3,2.4310169219970703,0.0,2.2259948e-05,0.0006550107,2.5183195854575995e-05,3.2764456866137454e-07,4.103223748922839e-07,5.359777066615834e-09,2.2905527430339134e-07,2.2905527430339134e-07,5.359777e-09,5.359777e-09,0.9743133065610079
S00009,37091,3,1.545474648475647,0.0,0.00010160934,0.0012586986,4.257997109865149e-05,7.382594967945503e-07,3.1356883785823203e-07,1.5941341757752525e-07,2.897817807934189e-07,2.897817807934189e-07,1.5941342e-07,1.5941342e-07,0.9659146051606199
S00009,37169,3,1.9330012798309326,0.0,0.0009738029,6.137285e-06,4.2212520080890194e-05,1.3777421069486687e-05,1.3858679267286789e-05,1.4746469787496608e-05,1.3928093721915502e-05,1.3928093721915502e-05,1.474647e-05,1.474647e-05,0.5078608483447585
S00009,37167,3,1.7401291131973267,0.0,0.00032570987,0.0007166745,1.9623338024151355e-05,1.3767069807120909e-06,1.3635787278568994e-06,1.3079212521915906e-06,1.3184567251300905e-06,1.3184567251300905e-06,1.3079213e-06,1.3079213e-06,0.8688853304463628
S00009,45085,3,2.058849811553955,4.0076487e-05,0.0002663019,0.0008746678,3.7766761427822836e-05,1.0521305284783011e-06,1.0406273531771149e-06,1.0320085266357637e-06,1.0146405884370324e-06,1.0146405884370324e-06,1.0320085e-06,1.0517474e-06,0.9457928613901346
S00009,37107,3,1.2231760025024414,0.0,0.00047060888,0.003363347,8.73977187438868e-05,1.1903083153204838e-05,1.1927655577892438e-05,1.2068211617588531e-05,1.1827800335595384e-05,1.1827800335595384e-05,1.2068212e-05,1.2068212e-05,0.7602620940455174
S00009,51690,3,1.898929476737976,0.0,0.0,0.006327658,0.00019229774989071302,2.1702280624443423e-07,2.022743174734387e-06,0.0,2.412281219221768e-07,2.412281219221768e-07,0.0,0.0,0.9977453906190766
S00009,37127,3,1.6168372631072998,0.0,0.0013531564,0.001130305,5.7950184176055096e-05,2.6628521785217647e-05,2.717228320155603e-05,2.7582434995565563e-05,2.6344236175646074e-05,2.6344236175646074e-05,2.7582435e-05,2.7582435e-05,0.3703256278853349
S00009,37079,3,1.3294522762298584,0.0,6.36776e-05,0.0043941443,0.000151688417342181,1.4568016008335386e-07,7.649621854473783e-08,5.110814882414161e-08,2.301963490936032e-07,2.301963490936032e-07,5.110815e-08,5.110815e-08,0.9980810613362895
S00009,37011,3,1.6968923807144165,0.0,4.0408606e-05,-0.001961062,0.0004262589112234612,5.7919098850334194e-08,4.661921456280046e-08,3.7743131287015785e-08,2.3452963660020032e-07,2.3452963660020032e-07,3.774313e-08,3.774313e-08,0.9997282814342255
S00009,37037,3,1.564514398574829,0.0,6.204471e-05,-0.0014702633,3.805224393242194e-05,3.9525581977765495e-07,3.7714551126555307e-07,1.1519514941937814e-07,2.9833836379111744e-07,2.9833836379111744e-07,1.1519515e-07,1.1519515e-07,0.9794391925443714
S00009,51161,3,1.6746479272842407,1.6247217e-05,0.003172326,-0.0029661944,0.00018146959215907069,5.276400649260419e-05,5.289533995285941e-05,5.4143951274454594e-05,5.126073301653378e-05,5.126073301653378e-05,5.414395e-05,5.424678e-05,0.549475337472241
S00009,51083,3,1.7347055673599243,3.2354084e-05,0.0008741781,-0.0025319578,6.287024856040564e-05,5.7777080352631556e-06,6.123910528306927e-06,6.490973646577913e-06,5.829532256029779e-06,5.829532256029779e-06,6.4909736e-06,6.5464938e-06,0.8316713760529417
S00009,13075,3,1.9436520338058472,0.0,3.3416563e-05,0.0026454888,6.440894624878031e-05,2.652215371767852e-07,1.3059585768360193e-07,5.757628329661202e-08,2.622178953970433e-07,2.622178953970433e-07,5.7576283e-08,5.7576283e-08,0.9917982234250141
S00009,37025,3,1.9928991794586182,0.00979135,0.0013057902,0.0008277756,9.441827751288656e-05,1.1958955231724152e-05,9.906010139578333e-06,7.74278596509248e-05,1.2209156011522282e-05,1.2209156011522282e-05,7.742786e-05,7.1282143e-06,0.7751594975132494
S00009,51680,3,1.4754292964935303,0.00010314861,0.0031218124,-0.0011525668,0.00018402108495744565,0.00015196514626344046,0.00015132735037089637,0.0001547803112771362,0.00015224739036057144,0.00015224739036057144,0.00015478031,0.00015541368,0.09540848914410062
S00009,51009,3,1.4479663372039795,0.00011986096,0.0047256635,0.0013629233,0.00025348662165924907,0.00019338990872104964,0.00019448711342799166,0.000196697554201819,0.00019286599126644433,0.00019286599126644433,0.00019669755,0.00019781603,0.13448169427706622
S00009,37105,3,1.6491978168487549,0.0,0.00037063885,-0.0012656556,3.640169173498483e-05,9.208227917649007e-06,9.229304547867892e-06,9.293616130889859e-06,9.128100828093011e-06,9.128100828093011e-06,9.293616e-06,9.293616e-06,0.5962181916662396
S00009,13175,3,2.154479742050171,0.0,0.00048313502,-0.00013498218,2.3893056398568053e-05,4.723920180064549e-06,4.772430505302812e-06,4.825208179681795e-06,4.726088263851125e-06,4.726088263851125e-06,4.825208e-06,4.825208e-06,0.6698519029720454
S00009,37165,3,1.8030483722686768,0.0,5.3203534e-05,0.0017521646,3.224656575184781e-05,2.1084638568424907e-07,1.4063480987166108e-07,2.7902306243277053e-08,2.1254547277749225e-07,2.1254547277749225e-07,2.7902306e-08,2.7902306e-08,0.9870078128970463
S00009,37101,3,1.6928348541259766,0.00048873096,0.00024545155,0.0005453118,4.283809297097226e-05,5.081072439831283e-07,5.032456063721232e-07,5.259628892417822e-07,5.528849555958004e-07,5.528849555958004e-07,5.259629e-07,5.2702444e-07,0.9765558576547239
S00009,37035,3,2.0360031127929688,2.8328611e-06,0.0035398959,-0.0029130187,0.00015941418435735008,6.297105816580977e-05,6.331990637894099e-05,6.54483592370525e-05,6.199943891260773e-05,6.199943891260773e-05,6.544836e-05,6.5468405e-05,0.43367592695138685
S00009,37135,3,1.4937105178833008,0.0,0.000315442,-0.0022091654,6.698557081108447e-05,1.1041550654529904e-06,1.0886316583006799e-06,1.1084963489338406e-06,1.0240523806714918e-06,1.0240523806714918e-06,1.1084963e-06,1.1084963e-06,0.9675676454490336
S00009,37147,3,1.7204521894454956,0.0,5.8762894e-06,0.002958822,7.701262802584097e-05,9.583370548978583e-08,3.091392307881987e-08,3.8703770743886423e-10,2.3630026646515034e-07,2.3630026646515034e-07,3.870377e-10,3.870377e-10,0.9975143141663572
S00009,37157,3,1.6908975839614868,7.702261e-06,0.0006616189,-0.0024636923,6.743633760682617e-05,1.365128809993621e-05,1.367345460797272e-05,1.3943888916401193e-05,1.3556422345573083e-05,1.3556422345573083e-05,1.3943889e-05,1.39540225e-05,0.66329540466992
S00009,13033,3,1.895556092262268,0.00018242627,8.635688e-05,-0.0014259238,2.368058449064847e-05,2.9045912697256426e-07,2.0087308409226048e-07,1.3341268356725777e-07,2.9837144666089443e-07,2.9837144666089443e-07,1.3341268e-07,1.3164087e-07,0.9757658338447102
S00009,45035,3,1.8209491968154907,0.00025095642,0.00015724474,0.003181038,7.722455363060969e-05,2.635844869776823e-07,2.6843112740001135e-07,2.4513173002560507e-07,3.672225261652784e-07,3.672225261652784e-07,2.4513173e-07,2.610758e-07,0.9931967784132923
S00009,51005,3,1.3688271045684814,0.0,0.00092088926,-0.00052233855,0.0001352422638471277,6.589230451936601e-06,6.76959234624519e-06,7.159381311794277e-06,6.39692552795168e-06,6.39692552795168e-06,7.1593813e-06,7.1593813e-06,0.9070836772255586
S00009,51037,3,1.7122935056686401,0.0,0.0014540721,0.0019422588,3.694870489804695e-05,1.5559654760484893e-05,1.6094335781720776e-05,1.6767162378528155e-05,1.5606743545504287e-05,1.5606743545504287e-05,1.6767162e-05,1.6767162e-05,0.40734561652006673
S00009,45037,3,2.4047460556030273,0.00015810276,0.00037077293,-0.0012009287,4.195601710913858e-05,4.336351139500039e-06,4.307865007528259e-06,4.152168912696652e-06,4.272052137821447e-06,4.272052137821447e-06,4.152169e-06,4.244413e-06,0.8126537352243773
S00009,45025,3,1.9251203536987305,0.0,0.0007788378,-6.905859e-05,4.1855493085070826e-05,1.0643845295514135e-05,1.0825254927719167e-05,1.1105061275884509e-05,1.0489643500477541e-05,1.0489643500477541e-05,1.1105061e-05,1.1105061e-05,0.5945150691860762
S00009,12097,3,2.009934902191162,0.0,0.00013353696,0.002015044,5.569834138441365e-05,7.423210869698474e-07,6.860586457454095e-07,5.726290623897512e-07,7.144838605199766e-07,7.144838605199766e-07,5.7262906e-07,5.7262906e-07,0.9736955218289219
S00009,45019,3,1.0,5.9342956e-06,0.00034044214,2.1408487e-05,3.439052125031594e-05,1.0338983808348228e-06,1.031949106315248e-06,1.0368041785113746e-06,1.0316074394722818e-06,1.0316074394722818e-06,1.0368042e-06,1.0408096e-06,0.9416279283274043
S00009,37163,3,1.4887984991073608,0.0,0.00016842326,0.0021924702,4.570320440204038e-05,7.828632912302661e-07,7.486412224958864e-07,7.472088441318192e-07,8.039543786253489e-07,8.039543786253489e-07,7.4720884e-07,7.4720884e-07,0.966318368918798
S00009,51019,3,1.58022940158844,6.1464074e-05,0.0020784673,-0.00045236415,5.823691450738503e-05,2.6604475351632573e-05,2.710892719430073e-05,2.7903830414288677e-05,2.6151705242227763e-05,2.6151705242227763e-05,2.790383e-05,2.8155553e-05,0.3728420669241349
S00009,37149,3,2.0685439109802246,0.0,0.0004274111,0.00016943972,3.5192478511210844e-05,1.6094501612921401e-06,9.595569736120524e-06,1.766429704730399e-06,1.6393186115237768e-06,1.6393186115237768e-06,1.7664297e-06,1.7664297e-06,0.9125344665702448
S00009,51770,3,1.6684112548828125,0.00017251624,0.004610783,0.0010879938,0.00015511102052793527,0.0001224961524712853,0.0001222302089445293,0.00012375431833788753,0.00012093601253582165,0.00012093601253582165,0.00012375432,0.00012531543,0.1174856820314997
S00009,13185,3,2.0239787101745605,5.2780197e-05,1.81661e-05,0.00023074116,3.726641201258948e-05,8.161928125952993e-08,8.424496196942262e-08,2.1779535952504148e-09,2.2998210624791682e-07,2.2998210624791682e-07,2.1779536e-09,1.309825e-09,0.995629259244357
S00009,51185,3,1.6660048961639404,0.00020298387,0.0007415724,-0.0025072803,7.19141374550721e-05,5.091020739200758e-06,5.189496429617672e-06,5.177752427698579e-06,4.9017744458978996e-06,4.9017744458978996e-06,5.1777524e-06,5.437605e-06,0.867774552807051
S00009,51183,3,1.5456275939941406,0.0,0.00031058636,0.0066307657,0.0002031298790825531,1.175649231299758e-06,1.3083642140069667e-06,1.1997692581644515e-06,1.1117185749753844e-06,1.1117185749753844e-06,1.1997693e-06,1.1997693e-06,0.988491263638312
S00009,37161,3,1.5837640762329102,0.0,0.00033816777,-0.00037534017,3.783279316849075e-05,1.3459469225078162e-06,1.3297516640401834e-06,1.4848669707134832e-06,1.357090241072001e-06,1.357090241072001e-06,1.484867e-06,1.484867e-06,0.9312919752201501
S00009,37193,3,2.0546021461486816,6.578082e-05,0.0023028995,-0.0026702578,0.0001573625995661132,6.323555377700056e-05,6.347630308785786e-05,6.399830454029143e-05,6.295697676250711e-05,6.295697676250711e-05,6.3998305e-05,6.429696e-05,0.42669008948007553
S00009,54047,3,1.5208284854888916,0.0,0.009105199,-0.0029333318,0.0005451346126695474,0.0003604717882505308,0.00036162894684821367,0.0003646757686510682,0.0003559122560545802,0.0003559122560545802,0.00036467577,0.00036467577,0.20391068816585536
S00009,51700,3,1.5487176179885864,0.0,0.00032749178,0.0016628577,8.21001206835111e-05,1.2372587434583693e-06,1.1165254818479298e-06,1.1861162647619494e-06,1.0850022817976424e-06,1.0850022817976424e-06,1.1861163e-06,1.1861163e-06,0.970307231833643
S00009,54089,3,1.402903437614441,0.0,0.0008987172,-0.0021555042,8.113470539683476e-05,1.6350556961697293e-06,1.7090591200030758e-06,1.9724220692296512e-06,1.32344655412453e-06,1.32344655412453e-06,1.972422e-06,1.972422e-06,0.9604914723788439
S00009,51175,3,1.6317110061645508,0.0,0.003566246,0.0037586852,0.00016888099101682505,0.00015569809571995089,0.0001563716602201263,0.00015729054575785995,0.00015536540013272315,0.00015536540013272315,0.00015729055,0.00015729055,0.040615356427954656
S00009,37171,3,1.978272557258606,7.826523e-05,0.0009350882,-0.0023110667,5.491356326577564e-05,8.44336591399042e-06,8.417305252805818e-06,8.894590791896917e-06,8.266513759735972e-06,8.266513759735972e-06,8.894591e-06,9.034837e-06,0.7334666934366847
S00009,45053,3,1.9590321779251099,0.0,1.2830671e-05,-6.480972e-06,1.7548421359000106e-05,1.5605736791712843e-07,6.960324720287996e-08,1.8573567128754576e-09,2.291669431997434e-07,2.291669431997434e-07,1.8573567e-09,1.8573567e-09,0.9823708599022614
S00009,51117,3,1.6192359924316406,0.0,0.00043341646,-0.000121571065,1.8249173990625422e-05,2.3153720576374326e-06,2.3434170846788525e-06,2.4076753106783144e-06,2.1832677248312393e-06,2.1832677248312393e-06,2.4076753e-06,2.4076753e-06,0.7748190451465844
S00009,37151,3,1.6514912843704224,0.0,0.00026765687,-0.0029714273,5.270810773557363e-05,5.750565037487831e-07,5.516944649267922e-07,5.810363745695213e-07,5.344315354705031e-07,5.344315354705031e-07,5.810364e-07,5.810364e-07,0.9784150768086556
S00009,45071,3,2.4824090003967285,0.0,0.0013701556,-0.0019463333,7.006678667191106e-05,1.7732711057760753e-05,1.8006770915235393e-05,1.8538004951551557e-05,1.7312489944742993e-05,1.7312489944742993e-05,1.8538005e-05,1.8538005e-05,0.5960634965735575
S00009,51590,3,1.6309735774993896,0.0,0.00078009424,-0.00044714758,5.8660081776906736e-05,1.010170884304292e-05,1.0286497551229937e-05,1.0812532309500966e-05,1.0226610356767196e-05,1.0226610356767196e-05,1.0812532e-05,1.0812532e-05,0.7061824960645472
S00009,45015,3,1.768210530281067,2.7817264e-06,0.00010879158,0.0012827297,3.195336497204456e-05,2.1522181251990938e-07,1.988531342552354e-07,1.6124681678775232e-07,2.902587254993705e-07,2.902587254993705e-07,1.6124682e-07,1.6184433e-07,0.9866191316416065
S00009,45017,3,2.0926594734191895,0.0,0.00021265783,-0.0009775073,2.511076975982481e-05,7.864968930941055e-07,7.515532161050942e-07,7.640900889782642e-07,7.791705911586178e-07,7.791705911586178e-07,7.640901e-07,7.640901e-07,0.9392602390333376
S00009,45013,3,1.755219578742981,3.677924e-05,1.8480081e-05,9.6989796e-05,2.6950343756955892e-05,1.6964300482887515e-07,7.089251393329239e-08,1.8579616734015758e-09,2.2895321194482676e-07,2.2895321194482676e-07,1.8579617e-09,1.8646158e-09,0.9874894478143389
S00009,37077,3,1.5343797206878662,0.0,0.0002461775,-0.0012665773,2.820489165363445e-05,1.4854553379943052e-06,1.4523978582777393e-06,1.4270342489908217e-06,1.3976455193187576e-06,1.3976455193187576e-06,1.4270342e-06,1.4270342e-06,0.8999368152609916
S00009,51141,3,1.954114556312561,0.0,0.0004212638,-0.000987296,6.640275629858176e-05,9.473253233712361e-07,1.0683800155675272e-06,1.1168446008014143e-06,9.254242172573868e-07,9.254242172573868e-07,1.1168446e-06,1.1168446e-06,0.9718686213718724
S00009,12095,3,2.0787723064422607,2.9254637e-05,0.00029156444,-0.0012155046,6.994617433520034e-05,5.229144903751148e-07,5.14496700058468e-07,5.720114018004097e-07,5.51232403722679e-07,5.51232403722679e-07,5.720114e-07,5.882148e-07,0.9851590392584917
S00009,45045,3,2.3762145042419434,4.6365447e-05,0.00030887875,0.00017374255,3.7531067694847785e-05,7.438723438705589e-07,7.967018215519298e-07,7.377800557151204e-07,7.037523914732446e-07,7.037523914732446e-07,7.3778006e-07,7.6427295e-07,0.9611300583035236
S00009,37195,3,1.7015719413757324,0.0,0.0013313881,0.004021473,0.00013989381356320033,2.4059558806281228e-05,2.461912905952583e-05,2.5012857804540545e-05,2.3785638404660858e-05,2.3785638404660858e-05,2.5012858e-05,2.5012858e-05,0.7065073019411744
S00009,51199,3,1.5754791498184204,0.0010163835,0.00015190971,0.0036214974,0.00010689202887685194,5.753288263576906e-07,5.712349491204805e-07,8.842077932058601e-07,3.1542094802716747e-07,3.1542094802716747e-07,8.842078e-07,1.5996949e-07,0.9892929566958077
S00009,13103,3,2.033707618713379,3.1278345e-05,0.0004579345,0.00048831856,2.549480571663783e-05,4.322043272016647e-06,4.363446350907907e-06,4.385559805086814e-06,4.363646894489648e-06,4.363646894489648e-06,4.38556e-06,4.413229e-06,0.7100938953233311
S00009,51650,3,1.4447187185287476,0.0,3.829927e-05,0.0019342989,7.412642541263874e-05,6.798533907688883e-07,2.558550728319157e-07,2.0028238623126526e-08,2.22573987684882e-07,2.22573987684882e-07,2.0028239e-08,2.0028239e-08,0.9818236275980108
S00009,13235,3,3.389894723892212,0.0,0.0026681777,-0.00095495326,0.00014995038509368896,9.614966499308746e-05,9.704333691236873e-05,9.805140871321782e-05,9.541731560602784e-05,9.541731560602784e-05,9.805141e-05,9.805141e-05,0.21861320256388017
S00009,12019,3,4.016045570373535,0.0,0.0011563937,-0.00016154099,0.00021154694453192255,0.0001551815124306207,0.0001552627703252559,0.0001554077462060377,0.00015516347775701433,0.00015516347775701433,0.00015540775,0.00015540775,0.15369800469849787
S00009,51093,3,2.8037285804748535,5.461198e-05,0.00027078443,0.0006029453,2.925701846834272e-05,2.0629614330876698e-06,2.041298406159816e-06,1.9986734969279496e-06,2.0058205336681567e-06,2.0058205336681567e-06,1.9986735e-06,2.025267e-06,0.8682654689064182
S00009,13263,3,4.3940348625183105,0.0,0.0002270628,0.0016253504,9.02109071224307e-05,1.2955669793276077e-06,1.34406108524369e-06,1.1763322618207894e-06,1.173152782030229e-06,1.173152782030229e-06,1.1763323e-06,1.1763323e-06,0.9716835996131402
S00009,13287,3,3.4504997730255127,0.000376506,0.00034565348,0.00022181419,3.0841315189415276e-05,2.2532782016545147e-06,2.2080832877691137e-06,2.187957306887256e-06,2.2606845959671773e-06,2.2606845959671773e-06,2.1879573e-06,2.3064813e-06,0.863828017161103
S00009,12047,3,3.4164605140686035,2.5504998e-05,0.00020581119,0.00405656,9.116442500574824e-05,1.4330057259333746e-06,1.4555827950365103e-06,1.4110536312728073e-06,1.4447813327933545e-06,1.4447813327933545e-06,1.4110536e-06,1.4209016e-06,0.9690486935844738
S00009,13251,3,4.271524906158447,0.0,0.0,-0.00065052416,2.1391483945384e-05,1.8961266038767613e-07,1.2351412844354334e-07,0.0,2.412281219221768e-07,2.412281219221768e-07,0.0,0.0,0.982427893832145
S00009,51131,3,2.2549710273742676,0.00020309724,2.6709404e-05,0.0013981065,4.7775763960089535e-05,7.378628582207133e-07,1.2567788691223805e-07,3.476648302580543e-08,2.3730464704385668e-07,2.3730464704385668e-07,3.4766483e-08,4.3672106e-09,0.9695812122649949
S00009,13319,3,4.0781941413879395,0.0,6.514488e-05,-0.0007502734,2.41458313515371e-05,1.5388762382902618e-07,1.426097486027326e-07,5.6528158154378616e-08,2.26588483087653e-07,2.26588483087653e-07,5.6528158e-08,5.6528158e-08,0.987334205470851
S00009,13205,3,3.302037477493286,2.5293404e-05,0.0005172852,-0.0025848094,5.526402249718861e-05,4.1914116385063e-06,4.262765742168995e-06,4.324134351918474e-06,4.0788258957036305e-06,4.0788258957036305e-06,4.3241344e-06,4.349663e-06,0.8590066089185302
S00009,13249,3,3.758727788925171,0.0,0.00047094715,-0.0026134297,7.18843827295738e-05,7.989024500905847e-06,8.038259693421423e-06,8.130058631650172e-06,7.856036972953007e-06,7.856036972953007e-06,8.130059e-06,8.130059e-06,0.7999578388373237
S00009,12129,3,3.8172316551208496,0.0,0.0006240951,0.0010974291,2.8973887310712598e-05,1.0120755784252347e-05,1.0279568717426931e-05,1.0446991836943198e-05,1.0043781003332697e-05,1.0043781003332697e-05,1.0446992e-05,1.0446992e-05,0.48224334675889075
S00009,45041,3,3.539041042327881,0.0,0.00024005328,-0.002403936,6.77892397410081e-05,6.839787829449051e-07,6.884723120492708e-07,7.103437837940874e-07,7.035833391455526e-07,7.035833391455526e-07,7.103438e-07,7.103438e-07,0.9800220057508867
S00009,13201,3,3.7129878997802734,0.0,7.106248e-06,-0.0003783816,2.2347197652076527e-05,2.7040425402506213e-07,7.475187905707041e-08,1.9362837999636895e-09,2.353206411953579e-07,2.353206411953579e-07,1.9362838e-09,1.9362838e-09,0.9760890429367655
S00009,13017,3,3.2574851512908936,0.0,6.0051338e-05,-0.0014083511,2.2323476514429785e-05,1.9749625105684268e-07,1.3800632103766475e-07,8.314820831856196e-08,2.896675823649275e-07,2.896675823649275e-07,8.314821e-08,8.314821e-08,0.9824611260700509
S00009,13225,3,3.8967299461364746,0.0,0.0012184591,-0.0034312499,0.00013506904118306315,4.972876073831382e-05,4.985166863965181e-05,5.019333184463903e-05,4.9107598897535354e-05,4.9107598897535354e-05,5.0193332e-05,5.0193332e-05,0.4618035472145807
S00009,37073,3,2.7272067070007324,0.0,1.3773006e-05,0.0024818655,4.0429140426567756e-05,4.811226101963939e-07,2.7239589976228257e-07,5.343057107864979e-09,2.3138454707805067e-07,2.3138454707805067e-07,5.343057e-09,5.343057e-09,0.9764791240885432
S00009,13179,3,3.6414105892181396,1.5063417e-05,0.0003204114,0.0013913534,2.5134389640394755e-05,3.7712800349254394e-06,3.7812314985785633e-06,3.7909060210949974e-06,3.83702763429028e-06,3.83702763429028e-06,3.790906e-06,3.800331e-06,0.7390629535806689
S00009,51181,3,2.913417339324951,0.0,1.5280295e-05,-0.00035873608,1.26318950606219e-05,7.243897398960067e-07,3.6173650800700824e-07,5.002608993720514e-09,2.3121326364616834e-07,2.3121326364616834e-07,5.002609e-09,5.002609e-09,0.8915282579377287
S00009,51710,3,2.569705009460449,0.0,3.2920456e-05,0.0018155357,0.00010689532791730016,6.902388065554987e-07,2.110688252325114e-07,7.647942723565393e-09,2.185242351515626e-07,2.185242351515626e-07,7.647943e-09,7.647943e-09,0.9871685612192356
S00009,13305,3,3.5301318168640137,8.680556e-05,0.00050847564,-0.0015964328,3.38410354743246e-05,5.218619359463143e-06,5.3208526272404315e-06,5.306800176185789e-06,5.154399786988506e-06,5.154399786988506e-06,5.3068e-06,5.3875424e-06,0.732787226017733
S00009,13193,3,3.8592679500579834,0.00030741905,0.00045353794,-0.001773882,4.204496569097197e-05,1.0279217879845721e-06,1.0739750753903838e-06,9.785439942788798e-07,9.441898782824865e-07,9.441898782824865e-07,9.78544e-07,1.1628898e-06,0.9522705883840841
S00009,12117,3,3.920806646347046,8.033419e-05,0.0002390779,-0.0022764334,6.70662278328867e-05,6.812073062671212e-07,6.509053302276394e-07,6.919494808244053e-07,7.280637532858236e-07,7.280637532858236e-07,6.919495e-07,7.239081e-07,0.9798897978980925
S00009,13307,3,3.4700820446014404,0.0,0.0005989798,-0.0011357784,8.441824320470914e-05,3.9821755005201943e-05,3.992517546672995e-05,4.0122675272868946e-05,3.9705875678919256e-05,3.9705875678919256e-05,4.0122675e-05,4.0122675e-05,0.3589543532040197
S00009,51750,3,3.1166255474090576,0.0,0.0,-0.0029449433,6.312349736011431e-05,4.411444069300311e-08,1.101556706591585e-07,0.0,2.412281219221768e-07,2.412281219221768e-07,0.0,0.0,0.998603257605112
S00011,45015,1,1.129549264907837,0.0,0.00016948569,-0.0038061119,0.00012121878353354987,3.6360149617091036e-07,4.0396527841342805e-07,3.38198418603497e-07,4.0074584717331163e-07,4.0074584717331163e-07,3.3819842e-07,3.3819842e-07,0.9940188458043157
S00011,45019,1,1.129549264907837,5.477811e-06,0.00036098497,-0.0017097055,4.984852967027109e-05,3.0301093071708845e-07,3.449192339151826e-07,3.970027933064557e-07,3.162978146065143e-07,3.162978146065143e-07,3.970028e-07,4.0092755e-07,0.9879161865384005
S00011,45075,1,1.129549264907837,0.0,0.0002694103,-0.00086546066,2.7092365295781445e-05,2.1185256571243372e-07,2.280278531922401e-07,2.482642571521865e-07,2.394422722318268e-07,2.394422722318268e-07,2.4826426e-07,2.4826426e-07,0.9844820630433658
S00011,13185,1,1.129549264907837,0.0,0.00031606268,-0.0038139543,8.443739958844769e-05,1.1047629489742878e-06,1.1058347126891022e-06,1.1691703321048408e-06,1.0717898248913116e-06,1.0717898248913116e-06,1.1691703e-06,1.1691703e-06,0.9741703291989845
S00011,45079,1,1.129549264907837,4.237279e-06,0.000116425865,-0.0030628035,6.47787013197861e-05,1.2172389910839834e-07,1.380853452322602e-07,4.8446331391005515e-08,1.803904154940028e-07,1.803904154940028e-07,4.844633e-08,4.9415036e-08,0.9962489028785911
S00011,45007,1,1.129549264907837,0.0,5.3585838e-05,-0.0012231356,1.8423402252665255e-05,8.508405121195513e-08,9.466947699839541e-08,1.913514857676546e-08,2.0214581297750556e-07,2.0214581297750556e-07,1.9135149e-08,1.9135149e-08,0.9908059416837205
S00011,13051,1,1.129549264907837,0.0,0.00026373813,-0.0008055638,4.3992267516538654e-05,4.850119618519481e-07,5.422418970132034e-07,5.506433353730245e-07,5.764512707173708e-07,5.764512707173708e-07,5.5064334e-07,5.5064334e-07,0.9781905742644358
S00011,13173,1,1.129549264907837,0.0,0.0,-0.00049955363,1.9112567921789985e-05,7.493140448862808e-08,1.251967833108362e-07,0.0,2.412281219221768e-07,2.412281219221768e-07,0.0,0.0,0.992189560169938
S00011,45053,1,1.129549264907837,0.0,5.9521077e-05,-0.0027486812,7.822255823460485e-05,7.112644340168117e-08,1.3427197398385715e-07,1.2078948508076337e-08,1.9529848316324205e-07,1.9529848316324205e-07,1.20789485e-08,1.20789485e-08,0.9981830860638582
S00011,13179,1,1.129549264907837,0.0,0.0006793705,-0.0020080754,9.957901299155007e-05,8.696294874728968e-06,8.650241094680192e-06,8.878206244844478e-06,8.394188625970855e-06,8.394188625970855e-06,8.878206e-06,8.878206e-06,0.8393669794877154
S00011,45071,1,1.129549264907837,0.0,2.6719943e-05,-0.00087120885,2.1027298013602074e-05,2.451708726406802e-07,3.435844225426384e-07,1.345177746969739e-08,2.2753491180083074e-07,2.2753491180083074e-07,1.34517775e-08,1.34517775e-08,0.9769494670363121
S00011,37019,1,1.129549264907837,0.0,1.8332757e-05,-0.0022515873,7.24000965419691e-05,2.556836780816714e-07,2.524161146766346e-07,4.7146118120622305e-09,2.2634256424680643e-07,2.2634256424680643e-07,4.714612e-09,4.714612e-09,0.99296178012796
S00011,45089,1,1.129549264907837,0.0,0.0005781761,-0.0022732555,7.180979931339e-05,1.9263172968445968e-05,1.9282449405485142e-05,1.9628194422693923e-05,1.926350887515582e-05,1.926350887515582e-05,1.9628194e-05,1.9628194e-05,0.5769727837841104
S00011,45059,1,1.129549264907837,0.0,0.00018996082,-0.0016808624,3.0768300045262244e-05,9.474388017830885e-07,9.711033612802566e-07,7.86820294251811e-07,8.271255182989989e-07,8.271255182989989e-07,7.868203e-07,7.868203e-07,0.9402543446109027
S00011,13029,1,1.129549264907837,0.0,0.0013777249,-0.0016495471,9.814066409793061e-05,1.980072071698184e-05,1.9773428599971037e-05,2.0419975044205785e-05,1.9513561710482463e-05,1.9513561710482463e-05,2.0419975e-05,2.0419975e-05,0.6642277730068123
S00011,45017,1,1.129549264907837,0.0,3.3202065e-05,-0.0011688583,2.1952850753829505e-05,1.1229357236667663e-07,1.907873610207389e-07,1.582977482428305e-08,2.2587134651530505e-07,2.2587134651530505e-07,1.5829775e-08,1.5829775e-08,0.9898216326431765
S00011,45013,1,1.129549264907837,0.0,4.5465007e-05,-0.0007356307,2.9123108106432483e-05,9.753984523778551e-08,1.300510863444515e-07,1.595769738571562e-08,2.0909429565563187e-07,2.0909429565563187e-07,1.5957697e-08,1.5957697e-08,0.9933239094903635
S00011,45035,1,1.129549264907837,0.0,4.2155258e-05,-0.0029774506,9.416352258995175e-05,5.925443484026497e-08,1.0090330822739209e-07,6.614157221918049e-09,2.0797126865090831e-07,2.0797126865090831e-07,6.614157e-09,6.614157e-09,0.998742248175838
S00011,13031,1,1.129549264907837,0.00019973212,0.0006832884,-0.0008199022,7.832235375341649e-05,1.056780668780751e-05,1.0526797571704568e-05,1.0603951523080468e-05,1.0358915460528806e-05,1.0358915460528806e-05,1.06039515e-05,1.0837007e-05,0.7622277508477407
S00011,45033,1,1.129549264907837,0.0,3.0377228e-06,-0.0005062381,1.8999705995762877e-05,2.35420706928835e-07,2.828442452103748e-07,2.3542312543867183e-10,2.3812415861357294e-07,2.3812415861357294e-07,2.3542313e-10,2.3542313e-10,0.9755217929605953
S00011,45043,1,1.129549264907837,0.0,2.4834942e-05,-0.001959166,5.189303252943015e-05,2.574960286475895e-07,2.8455113939192717e-07,2.4514321239621495e-08,2.3890143552307563e-07,2.3890143552307563e-07,2.4514321e-08,2.4514321e-08,0.99012489285278
S00011,45029,1,1.129549264907837,0.0,4.6144924e-05,0.000566064,6.20230233228843e-05,2.303433520959667e-07,2.15747689935597e-07,3.5135212073100774e-08,2.3123158143789624e-07,2.3123158143789624e-07,3.5135212e-08,3.5135212e-08,0.9925998105998484
S00011,37129,1,1.129549264907837,0.00023307504,3.4322427e-05,-0.0006987877,2.3193203257202793e-05,2.1051835119578755e-07,2.922806761063157e-07,4.925610497252819e-08,2.404568135716545e-07,2.404568135716545e-07,4.9256105e-08,1.0931531e-08,0.982009839741023
S00011,45063,1,1.129549264907837,0.0,5.21118e-05,-0.002307239,4.6843030759191606e-05,1.1819860882648452e-07,1.3241811913644597e-07,3.4634744849881827e-08,2.2090118534379144e-07,2.2090118534379144e-07,3.4634745e-08,3.4634745e-08,0.994966119481234
S00011,13103,1,1.129549264907837,0.00012511338,0.00077473634,0.0013855674,8.717883611097932e-05,6.4277222312133136e-06,6.435448388704875e-06,6.485260655608727e-06,6.250172646105057e-06,6.250172646105057e-06,6.4852607e-06,6.6634675e-06,0.8626651306265141
S00011,37155,1,1.129549264907837,0.0,0.00019142343,0.0011308106,4.65652447019238e-05,5.214215737699609e-07,4.841806552728182e-07,3.859687467411277e-07,4.581690689064999e-07,4.581690689064999e-07,3.8596875e-07,3.8596875e-07,0.9778526867577745
S00011,13167,1,1.129549264907837,0.0,0.00037360284,-0.0003903298,1.8954829708187997e-05,1.5397601297687895e-06,1.5267441616136541e-06,1.642892243580718e-06,1.491771968176181e-06,1.491771968176181e-06,1.6428922e-06,1.6428922e-06,0.849739844325443
S00011,45003,1,1.129549264907837,0.0,0.000111425994,-0.0030003197,6.276599530489572e-05,1.1016647979052625e-07,1.1762235037811782e-07,3.8751903019829115e-08,1.8064568507725198e-07,1.8064568507725198e-07,3.8751903e-08,3.8751903e-08,0.9964957632061646
S00011,13235,1,1.129549264907837,0.0,0.00035802322,-0.0013349095,4.6187352381821256e-05,3.6358148160312944e-06,3.6381687399019333e-06,3.729811851371778e-06,3.6311676012701355e-06,3.6311676012701355e-06,3.7298119e-06,3.7298119e-06,0.8540512367833573
S00011,45081,1,1.129549264907837,0.0,0.001036656,0.00010491359,6.896249154427399e-05,6.19380710607705e-05,6.183877242923093e-05,6.249480793485418e-05,6.160333578009158e-05,6.160333578009158e-05,6.249481e-05,6.249481e-05,0.053662263505296744
S00011,13141,1,1.129549264907837,0.0,0.00030005036,-0.0021358463,5.700388768066963e-05,2.028049493674189e-06,2.075156468587617e-06,1.998116658796789e-06,1.9220717604184756e-06,1.9220717604184756e-06,1.9981167e-06,1.9981167e-06,0.9312897529456102
S00011,45091,1,1.129549264907837,0.0,2.6769969e-05,-0.0038016334,8.029394606031322e-05,3.523213744453339e-07,3.4486234786375764e-07,8.093596193248231e-08,2.9313852678569674e-07,2.9313852678569674e-07,8.093596e-08,8.093596e-08,0.991262549758292
S00011,13023,1,1.129549264907837,0.0,6.353563e-06,-0.0011709075,3.638794078142382e-05,1.1468423840218141e-07,1.8272280044584477e-07,2.9064790574295785e-09,2.3711830010597623e-07,2.3711830010597623e-07,2.906479e-09,2.906479e-09,0.993716384049646
S00011,12019,1,1.129549264907837,0.0,0.00018481539,-0.0037868978,0.00010190805308714819,9.872727559923078e-07,1.0037159654530114e-06,9.987838893721346e-07,1.102212422665616e-06,1.102212422665616e-06,9.987839e-07,9.987839e-07,0.9808101534661086
S00011,45001,1,1.129549264907837,0.0,1.5792242e-05,-0.00302242,6.622135576132375e-05,3.2816173363888385e-07,3.8991879591776524e-07,4.672350506496059e-09,2.2887810757765692e-07,2.2887810757765692e-07,4.6723505e-09,4.6723505e-09,0.9901378177936837
S00011,45057,1,1.129549264907837,0.0,0.00076750544,-0.0033627462,8.172062371158972e-05,8.74386023497209e-06,8.68059335819756e-06,9.207549737766385e-06,8.619734217063524e-06,8.619734217063524e-06,9.20755e-06,9.20755e-06,0.8066896564592759
S00011,37007,1,1.129549264907837,0.0,6.0120714e-05,-0.0012467188,2.6174615110600524e-05,6.346688697552357e-07,6.008830079432906e-07,4.556117616516531e-08,2.249863229053517e-07,2.249863229053517e-07,4.5561176e-08,4.5561176e-08,0.952653053306438
S00011,12003,1,1.129549264907837,0.0,0.00035055247,-0.0022757107,0.00016110897558974102,1.0454937182657886e-06,1.0395057188361534e-06,1.1185418316017604e-06,9.8507962320582e-07,9.8507962320582e-07,1.1185418e-06,1.1185418e-06,0.9871049657437452
S00011,13021,1,1.129549264907837,3.7287926e-05,8.19126e-05,-0.0027312792,5.066665956595292e-05,5.5236020794306263e-08,7.332309219047299e-08,2.9059378903184552e-08,1.9415915630816016e-07,1.9415915630816016e-07,2.9059379e-08,3.3777685e-08,0.9978220048696785
S00011,45047,1,1.129549264907837,0.0,0.00018501158,-0.0017777594,3.3195968474804736e-05,5.739528792976974e-07,6.57796514739554e-07,4.7099189259824925e-07,5.101156261844153e-07,5.101156261844153e-07,4.709919e-07,4.709919e-07,0.9660080416960772
S00011,13309,1,1.129549264907837,0.0,3.5675737e-05,-0.0029024691,8.926960981625598e-05,1.9719441013421601e-07,2.5952253679406567e-07,4.5834443795911284e-08,2.478165015418199e-07,2.478165015418199e-07,4.5834444e-08,4.5834444e-08,0.9955917859849955
S00011,13245,1,1.129549264907837,0.0,6.534849e-05,-0.0018018399,2.9265938186047908e-05,1.131789441425705e-07,1.332975661701615e-07,4.9334172302906154e-08,2.321539227523317e-07,2.321539227523317e-07,4.9334172e-08,4.9334172e-08,0.9922952794230656
S00011,45061,1,1.129549264907837,0.0,0.00013979,-6.0091697e-05,1.2556835827126633e-05,5.973155339233926e-07,6.29339865554357e-07,5.272233352116018e-07,6.206756779647549e-07,6.206756779647549e-07,5.2722334e-07,5.2722334e-07,0.9091822014923642
S00011,45027,1,1.129549264907837,0.0,5.639829e-05,-0.00014942285,2.100293446953098e-05,1.9130147184872234e-07,2.3689662972022538e-07,6.271653774092556e-08,2.5090852773246297e-07,2.5090852773246297e-07,6.271654e-08,6.271654e-08,0.9819477831257674
S00011,13153,1,1.129549264907837,0.0,0.00014823624,-0.00095340854,2.191254316130653e-05,4.247701686684498e-07,4.4259570586291375e-07,4.127489603433787e-07,4.991136961507436e-07,4.991136961507436e-07,4.1274896e-07,4.1274896e-07,0.9619676581159436
S00011,13209,1,1.129549264907837,0.0,1.5454994e-05,-0.004584878,0.00011921089511209478,1.6069295583065468e-07,2.742641077209858e-07,7.52642836943096e-09,2.3216060185404785e-07,2.3216060185404785e-07,7.526428e-09,7.526428e-09,0.9973076850458048
S00011,13165,1,1.129549264907837,0.0,1.1492668e-05,-0.0008869906,2.053830818719386e-05,7.264791671938535e-08,1.2708655816595638e-07,7.726762341064841e-09,2.383788597626335e-07,2.383788597626335e-07,7.726762e-09,7.726762e-09,0.992950553448067
S00011,13127,1,1.129549264907837,0.0,0.00028937476,-0.0019385059,7.57163149197974e-05,6.773428632792881e-07,6.88261669286779e-07,7.205885594885331e-07,6.813601771682443e-07,6.813601771682443e-07,7.2058856e-07,7.2058856e-07,0.9822670393607114
S00011,45051,1,1.129549264907837,0.0,1.4720206e-05,-0.001425181,5.145867786874684e-05,2.4077345036251546e-07,2.2659990269365457e-07,2.671734389281255e-09,2.2817003753061726e-07,2.2817003753061726e-07,2.6717344e-09,2.6717344e-09,0.9906856477498622
S00011,13009,1,1.129549264907837,0.0,0.0005777237,-0.0024994365,6.020473786823762e-05,1.1975049649966726e-05,1.1980280153996622e-05,1.2088369658158626e-05,1.1864915904880036e-05,1.1864915904880036e-05,1.208837e-05,1.208837e-05,0.6681882820187987
S00011,13159,1,1.129549264907837,0.0,3.55261e-05,-0.003039939,8.829947122042843e-05,2.5269909068962687e-07,3.038350856835829e-07,2.1564360963566287e-08,2.3219475053792848e-07,2.3219475053792848e-07,2.1564361e-08,2.1564361e-08,0.9942926505403131
S00011,37179,1,1.129549264907837,0.0,5.077168e-05,-0.0003120083,1.3910357362571327e-05,2.4607627816900884e-07,3.1715617391607037e-07,7.820921155143878e-08,2.6449950496498786e-07,2.6449950496498786e-07,7.820921e-08,7.820921e-08,0.9652347074957024
S00011,13237,1,1.129549264907837,0.0,3.6517995e-05,-0.00093165494,2.6346827629216325e-05,2.149977553026853e-07,2.8460680005319244e-07,9.102588016673963e-09,2.2013533396147977e-07,2.2013533396147977e-07,9.102588e-09,9.102588e-09,0.9838115225749513
S00011,13161,1,1.129549264907837,0.0,0.00010318549,-0.0023288494,4.741399000825671e-05,1.3113135821640753e-07,2.4923982522295773e-07,5.662793967076141e-08,2.0443849280127324e-07,2.0443849280127324e-07,5.662794e-08,5.662794e-08,0.9944839195085586
S00011,13001,1,1.129549264907837,0.0,0.0004775197,-0.002682615,9.886278833922309e-05,3.18015402929935e-06,3.207395063024402e-06,3.4116503684344934e-06,3.1517147363047116e-06,3.1517147363047116e-06,3.4116504e-06,3.4116504e-06,0.9376702796786397
S00011,13251,1,1.129549264907837,0.0,6.917466e-06,-0.0013616802,2.4840088372002356e-05,1.1783478962949327e-07,1.7298226850925857e-07,2.3428015083482023e-09,2.3881779043222195e-07,2.3881779043222195e-07,2.3428015e-09,2.3428015e-09,0.9905573241117559
S00011,13125,1,1.129549264907837,0.0,0.0,-0.0023848552,5.296721792547032e-05,1.407115271708411e-07,2.1887819556809518e-07,0.0,2.412281219221768e-07,2.412281219221768e-07,0.0,0.0,0.9947009221176163
S00011,45049,1,1.129549264907837,4.405092e-05,1.4734625e-05,-0.0012168725,5.3195355576463044e-05,4.730592687944105e-08,9.82741653980194e-08,2.3950972316555408e-09,2.3560681938761263e-07,2.3560681938761263e-07,2.3950972e-09,1.7527613e-09,0.9982230066813444
S00011,45065,1,1.129549264907837,0.0,0.0004912029,-0.0006236147,4.782900335461212e-05,1.2525265447038691e-05,1.2432215044100303e-05,1.241890095116105e-05,1.212774895975599e-05,1.212774895975599e-05,1.2418901e-05,1.2418901e-05,0.5849418542969375
S00011,13101,1,1.129549264907837,0.0,0.0002519197,-0.00027968985,9.070648411579896e-05,2.4281425794470124e-06,2.4454902813886292e-06,2.4792502699710894e-06,2.4478249542880803e-06,2.4478249542880803e-06,2.4792503e-06,2.4792503e-06,0.9478573616364545
S00011,13005,1,1.129549264907837,3.4979712e-05,0.00017441274,-0.00047222181,3.11836956825573e-05,4.761273354840038e-07,5.118041409938693e-07,4.818867296307872e-07,5.654411552313832e-07,5.654411552313832e-07,4.8188673e-07,4.9286496e-07,0.9699222996153402
S00011,13319,1,1.129549264907837,0.0,0.00083792605,-0.002560725,8.628983293116714e-05,3.6281728777491175e-05,3.615137150821587e-05,3.6690544220618904e-05,3.60086232831236e-05,3.60086232831236e-05,3.6690544e-05,3.6690544e-05,0.40799108256889777
S00011,45069,1,1.129549264907837,0.0,9.797365e-05,-0.0027859379,6.872230278531788e-05,3.446796720633453e-07,3.292135536033432e-07,1.2553988426589058e-07,2.5922244617504475e-07,2.5922244617504475e-07,1.2553988e-07,1.2553988e-07,0.9900189740509935
S00011,45085,1,1.129549264907837,0.0,0.00017921109,-0.0029459808,6.919133253783609e-05,5.663443308397594e-07,5.819656128854452e-07,4.633364767414605e-07,5.109102971800894e-07,5.109102971800894e-07,4.6333648e-07,4.6333648e-07,0.9837625231727272
S00011,45055,1,1.129549264907837,0.0,6.022035e-05,-0.0021075325,3.8810081605333835e-05,2.3708007290679234e-07,2.3311591945684995e-07,6.350625625373141e-08,2.503110181351076e-07,2.503110181351076e-07,6.3506256e-08,6.3506256e-08,0.9878567320789973
S00011,13169,1,1.129549264907837,0.0,0.00025344384,-0.0027581898,5.98274212582813e-05,1.8725030107210234e-06,1.9145758566689133e-06,1.797279196580348e-06,1.7657164335105335e-06,1.7657164335105335e-06,1.7972792e-06,1.7972792e-06,0.9393029073242555
S00011,13039,1,1.129549264907837,0.0023465832,0.00038722905,-0.0018483874,6.420392613411725e-05,3.0309450570105887e-06,3.2107763369519184e-06,6.470474090747302e-06,3.074082542298129e-06,3.074082542298129e-06,6.470474e-06,2.781352e-06,0.9098400873441239
S00011,13181,1,1.129549264907837,0.0,1.5800782e-05,-0.0035022805,0.00011675934668649764,2.9606096537312016e-07,5.256604704110638e-07,1.048592057628639e-08,2.343236786828129e-07,2.343236786828129e-07,1.0485921e-08,1.0485921e-08,0.9949415243377117
S00011,13265,1,1.129549264907837,0.0,1.9742558e-05,-0.002078254,8.799642637313809e-05,5.306218919069275e-07,6.998380162788939e-07,5.612667308696473e-08,2.75914317171555e-07,2.75914317171555e-07,5.6126673e-08,5.6126673e-08,0.9880122086456948
S00011,13229,1,1.129549264907837,0.0,0.00015252376,-0.0019699782,4.116309173696209e-05,7.653965402217485e-07,7.924228574059574e-07,7.721897077317408e-07,8.513652574038133e-07,8.513652574038133e-07,7.721897e-07,7.721897e-07,0.9634903822354952
S00011,45041,1,1.129549264907837,2.0907866e-05,0.00017037652,-0.00020388173,2.677001187597246e-05,1.3327284401990862e-06,1.4337825480955264e-06,1.3345276101972559e-06,1.4098513929639012e-06,1.4098513929639012e-06,1.3345276e-06,1.341215e-06,0.905153132740427
S00011,45031,1,1.129549264907837,0.0,0.00023102111,-0.00028410868,1.3931487349812718e-05,2.5264883637040234e-06,2.537273303460097e-06,2.5258168534492142e-06,2.5253527837776346e-06,2.5253527837776346e-06,2.5258169e-06,2.5258169e-06,0.6929770212713282
S00011,13317,1,1.129549264907837,0.0,0.00017329707,-0.0024376102,6.474760448327288e-05,2.2951615695395353e-06,2.4315740271655764e-06,2.1347179881558986e-06,2.2266488031164045e-06,2.2266488031164045e-06,2.134718e-06,2.134718e-06,0.9315314177899063
S00011,12109,1,1.129549264907837,0.0,0.000101187106,-0.0021552856,8.258623711299151e-05,2.143054729231153e-07,2.3777482264601227e-07,1.7320425627076474e-07,3.0841459874864086e-07,3.0841459874864086e-07,1.7320426e-07,1.7320426e-07,0.9948235732223433
S00011,45067,1,1.129549264907837,0.0,4.2037616e-05,-0.0012090349,3.306094034390602e-05,3.7342360315051337e-07,4.2390299389201874e-07,1.4712856000187458e-07,3.690846597237396e-07,3.690846597237396e-07,1.4712856e-07,1.4712856e-07,0.9776622875947734
S00011,13019,1,1.129549264907837,0.0,1.0844838e-05,-0.0006292589,2.3693210854010733e-05,5.9206058130219695e-08,1.1392576245346693e-07,2.811035848537813e-09,2.3413434746544226e-07,2.3413434746544226e-07,2.8110358e-09,2.8110358e-09,0.9950147340079775
S00011,13075,1,1.129549264907837,0.0,2.2392544e-05,0.00137434,2.856219240735906e-05,7.137321518987012e-08,1.5606583906683605e-07,8.288661312860768e-09,2.254270725643437e-07,2.254270725643437e-07,8.288661e-09,8.288661e-09,0.9950147169143572
S00011,13301,1,1.129549264907837,0.0,1.7121412e-05,-0.0022230458,5.12756729828349e-05,2.473572375076098e-07,4.1872207508693765e-07,1.8091093068051123e-08,2.406191015325021e-07,2.406191015325021e-07,1.8091093e-08,1.8091093e-08,0.9903981875114968
S00011,13093,1,1.129549264907837,0.0,0.0038636583,0.0011721062,0.0003050270218712588,0.0003184297917565952,0.00031811752705834806,0.0003214850148651749,0.00031749752815812826,0.00031749752815812826,0.00032148501,0.00032148501,-0.02149751128285304
S00011,45087,1,1.129549264907837,0.0,0.0,-0.0017654058,3.922119261308884e-05,7.300487159985399e-07,7.271770480580623e-07,0.0,2.412281219221768e-07,2.412281219221768e-07,0.0,0.0,0.9634530146392716
S00011,13107,1,1.129549264907837,0.0,0.0001299327,-0.0022171787,6.794418186473195e-05,3.557517989823585e-07,3.9089489215863676e-07,3.266146393343661e-07,4.3716215714084683e-07,4.3716215714084683e-07,3.2661464e-07,3.2661464e-07,0.9895826604829822
S00011,13175,1,1.129549264907837,0.0,7.137676e-05,-0.0004766407,1.3129124151115926e-05,1.2426756749543225e-07,1.356598247070906e-07,6.269153374205416e-08,2.3283503480797663e-07,2.3283503480797663e-07,6.2691534e-08,6.2691534e-08,0.9812474315807136
S00011,13225,1,1.129549264907837,0.0,0.00012321095,-0.00174141,8.521016601055938e-05,2.460326603189363e-07,2.61180332472577e-07,2.2948380262732826e-07,3.441876117449283e-07,3.441876117449283e-07,2.294838e-07,2.294838e-07,0.9942419001981005
S00011,45039,1,1.129549264907837,0.0,0.00054874376,-0.004009614,0.00012445067113731056,1.152122998367607e-05,1.1454625564510934e-05,1.1547122994670644e-05,1.1199827895325143e-05,1.1199827895325143e-05,1.1547123e-05,1.1547123e-05,0.8305351342638861
S00011,45009,1,1.129549264907837,0.0,3.5981575e-06,-0.003280699,8.114474015504432e-05,1.1409367672854387e-07,1.8029512579194792e-07,4.121818997226967e-10,2.3778837032750744e-07,2.3778837032750744e-07,4.121819e-10,4.121819e-10,0.9971918455791589
S00011,12031,1,1.129549264907837,0.0,4.6103287e-05,-0.00289664,8.046568230687019e-05,1.0808844190061488e-07,1.2955597602134125e-07,4.3125456983261756e-08,2.3605485921507352e-07,2.3605485921507352e-07,4.3125457e-08,4.3125457e-08,0.9973170315626002
S00011,13033,1,1.129549264907837,0.0,0.00015814499,-5.4848584e-05,1.568909101479221e-05,6.329841539809422e-07,6.573679153613435e-07,6.192756245582132e-07,6.940903745089599e-07,6.940903745089599e-07,6.192756e-07,6.192756e-07,0.9224382748595661
S00011,13303,1,1.129549264907837,0.0,0.00020346032,-0.0013804908,2.6890093067777343e-05,5.083450484259325e-07,5.289603374573441e-07,4.7218443910423957e-07,5.174706529942341e-07,5.174706529942341e-07,4.7218444e-07,4.7218444e-07,0.9628924067664061
S00011,13073,1,1.129549264907837,0.00035742368,7.9402664e-05,-0.0028923275,5.638234445844622e-05,2.4475114912547724e-07,3.357999034392378e-07,1.8813113911164692e-07,3.162564325975836e-07,3.162564325975836e-07,1.8813114e-07,1.17140225e-07,0.9913556877145311
S00011,45005,1,1.129549264907837,0.0,0.00014393411,-0.0019394812,4.176648083860831e-05,7.11463314928551e-07,7.434499783206169e-07,6.671259598078905e-07,7.55234452753939e-07,7.55234452753939e-07,6.6712596e-07,6.6712596e-07,0.966501989250847
S00011,13271,1,1.129549264907837,0.0,1.2682088e-05,-0.0037455966,9.383872838952811e-05,1.943576203681611e-07,2.6964271645132004e-07,3.6568879036025237e-09,2.3171394047949434e-07,2.3171394047949434e-07,3.656888e-09,3.656888e-09,0.9958661864963634
S00011,13267,1,1.129549264907837,0.0,0.0001080611,-0.0023205443,4.921951282691831e-05,1.8908361691198175e-07,2.25562430955506e-07,1.6972997229913744e-07,3.166482542837912e-07,3.166482542837912e-07,1.6972997e-07,1.6972997e-07,0.9923461247426067
S00011,45037,1,1.129549264907837,0.0,1.3724199e-06,-0.0042130267,0.00012573078553638575,4.010512431780929e-07,4.448990296168631e-07,8.549144725478186e-11,2.3981885988177964e-07,2.3981885988177964e-07,8.549145e-11,8.549145e-11,0.9936407610732094
S00011,13305,1,1.129549264907837,0.0,0.00012508439,-0.0015971024,0.00010421976063904974,2.7376563593861647e-07,3.5685586870689196e-07,2.7370495558898256e-07,3.969441593199008e-07,3.969441593199008e-07,2.7370496e-07,2.7370496e-07,0.9947601416911098
S00011,45023,1,1.129549264907837,0.0,0.00013590248,-0.0025465903,6.814081734773936e-05,6.035952253569121e-07,6.89872194925556e-07,3.1998172289604554e-07,4.163929077094508e-07,4.163929077094508e-07,3.1998172e-07,3.1998172e-07,0.9824394389954207
S00011,13025,1,1.129549264907837,0.0,0.00010844178,0.0029515293,0.00018503765143880932,4.2398457367198716e-07,5.02152715853299e-07,4.1068204836847144e-07,5.341688620319474e-07,5.341688620319474e-07,4.1068205e-07,4.1068205e-07,0.9954277921538075
S00011,45025,1,1.129549264907837,0.0,7.3547744e-05,-0.00048315316,3.034426057032154e-05,3.513475187825558e-07,3.4526505506467703e-07,1.2832821028041508e-07,2.8964959142285807e-07,2.8964959142285807e-07,1.2832821e-07,1.2832821e-07,0.9771076358700792
S00011,13133,1,1.129549264907837,0.0,4.6575013e-05,-0.002245475,4.715006313441942e-05,2.1751762583714177e-07,3.275511642660452e-07,3.913322643711581e-08,2.304325619206793e-07,2.304325619206793e-07,3.9133226e-08,3.9133226e-08,0.9908157595407682
S00011,45011,1,1.129549264907837,0.0,4.8226884e-06,-0.0020428826,4.0878478102968074e-05,1.1085923645737239e-07,1.7281118639781803e-07,5.252099866126514e-10,2.3731146825411997e-07,2.3731146825411997e-07,5.2521e-10,5.2521e-10,0.9945908256315847
S00011,13105,1,1.129549264907837,0.0,1.5619742e-05,-0.0034090085,0.00010226611508793819,1.9917049343121107e-07,2.410652323684796e-07,4.19827772546455e-09,2.3527225323505263e-07,2.3527225323505263e-07,4.1982777e-09,4.1982777e-09,0.996112429838044
S00011,13189,1,1.129549264907837,0.0,6.3502375e-05,-0.0035024001,9.372753932742246e-05,2.6879944906947156e-07,3.8207842578685813e-07,1.4436095341352484e-07,3.2296421181854384e-07,3.2296421181854384e-07,1.4436095e-07,1.4436095e-07,0.9942806400213388
S00011,13211,1,1.129549264907837,0.0,0.00014884806,-0.0009030164,3.4239218318058796e-05,8.926662644626049e-07,9.281864284578963e-07,9.051620963873575e-07,9.89673935691826e-07,9.89673935691826e-07,9.051621e-07,9.051621e-07,0.9491819880959805
S00011,13069,1,1.129549264907837,0.0,0.0007089439,-0.0017234278,5.5136833907454275e-05,1.988314943446312e-05,1.9871865030533325e-05,2.0234745534253307e-05,1.9834520571748726e-05,1.9834520571748726e-05,2.0234746e-05,2.0234746e-05,0.4699239176355984
S00011,13191,1,1.129549264907837,0.0,8.3904895e-05,-0.001674605,7.97753558193411e-05,1.3276708917449773e-07,1.7663627716046904e-07,1.0204716716089024e-07,2.5322430019514286e-07,2.5322430019514286e-07,1.0204717e-07,1.0204717e-07,0.9966770064333386
S00011,13183,1,1.129549264907837,0.0,0.00010070721,-0.0014428941,6.150062714975017e-05,2.8914986197984643e-07,3.288771495135734e-07,2.8121067430220137e-07,4.189303410839784e-07,4.189303410839784e-07,2.8121067e-07,2.8121067e-07,0.9906408510933787
S00011,13049,1,1.129549264907837,0.0,0.00022522383,0.0021409756,0.00011337808367291775,5.250289518698992e-07,5.334421189218119e-07,5.475005764310481e-07,5.71729060538928e-07,5.71729060538928e-07,5.475006e-07,5.475006e-07,0.9907811307387285
S00011,13289,1,1.129549264907837,0.0,0.00012128448,-0.0029619962,6.758536922764809e-05,3.008247233537986e-07,3.3417729146852554e-07,2.3928726022859337e-07,3.5170421597285895e-07,3.5170421597285895e-07,2.3928726e-07,2.3928726e-07,0.9911373813776945
S00011,13163,1,1.129549264907837,0.0,0.00017757498,-0.0006804809,1.9648238170096494e-05,1.6132847235894587e-07,1.8900012340357838e-07,1.5747416171052464e-07,2.3899343659650185e-07,2.3899343659650185e-07,1.5747416e-07,1.5747416e-07,0.983712064451406
S00011,13279,1,1.129549264907837,0.0,0.0002231421,-0.0032489975,7.052699099100816e-05,1.1575530531141946e-06,1.1599936442507897e-06,1.1947942084589158e-06,1.2048465123370988e-06,1.2048465123370988e-06,1.1947942e-06,1.1947942e-06,0.9677042500988298
S00011,13043,1,1.129549264907837,0.0,1.02920785e-05,-0.0037413838,9.344677588766596e-05,7.541114399600701e-08,1.4886086378377664e-07,3.866184261624994e-09,2.3572189888909634e-07,2.3572189888909634e-07,3.8661843e-09,3.8661843e-09,0.9983873100835318
S00011,37047,1,1.129549264907837,0.0,3.2582928e-05,-0.00026951428,5.7913109534032024e-05,1.765550881790053e-07,2.2342472642359704e-07,1.127385296229022e-08,2.1985543696700915e-07,2.1985543696700915e-07,1.1273853e-08,1.1273853e-08,0.9939212908414176
S00011,13003,1,1.129549264907837,0.0,0.0006415758,-0.00030529973,8.19957834513237e-05,9.344136136254141e-06,9.325918351047827e-06,9.709732694318518e-06,9.298610166297294e-06,9.298610166297294e-06,9.709733e-06,9.709733e-06,0.7953986344974858
S00011,13221,1,1.129549264907837,0.0,0.00018962995,-0.0023202451,5.590406484164608e-05,2.779891929094447e-06,2.8420393694735444e-06,2.735750740612275e-06,2.7846206194226397e-06,2.7846206194226397e-06,2.7357507e-06,2.7357507e-06,0.9052588788464079
S00011,13091,1,1.129549264907837,0.0,1.3175844e-05,-0.0022904524,4.0662934528275706e-05,1.5684164367257836e-07,2.033234428229965e-07,6.833584809129434e-09,2.3472063048757263e-07,2.3472063048757263e-07,6.833585e-09,6.833585e-09,0.9923154089325771
S00011,13283,1,1.129549264907837,0.0,0.00022634937,-0.0033216486,7.882510665998173e-05,1.820704293701662e-06,1.8858476096283994e-06,1.8010554185821093e-06,1.8002925799009972e-06,1.8002925799009972e-06,1.8010554e-06,1.8010554e-06,0.954846897261723
S00011,13109,1,1.129549264907837,0.0,8.17313e-05,-0.001000833,3.312330166712248e-05,9.251013821653942e-08,2.0740434199713795e-07,3.928948544285049e-08,1.9267002926426358e-07,1.9267002926426358e-07,3.9289485e-08,3.9289485e-08,0.9944297529888058
S00011,12089,1,1.129549264907837,0.0,0.00011362477,-0.0014321046,8.386314584640786e-05,4.6391709436951106e-07,5.505628450919176e-07,4.137769735734764e-07,5.349013463273877e-07,5.349013463273877e-07,4.1377697e-07,4.1377697e-07,0.9889971954864523
S00023,42101,3,2.997774124145508,8.5909756e-05,0.0020181227,0.031428147,0.004783535376191139,0.0008082890684211937,0.0005593400613482421,1.567973777127918e-05,1.4074795217311475e-05,1.4074795217311475e-05,1.5679738e-05,1.6019108e-05,0.7109032744402511
S00023,37131,3,3.7926025390625,0.00029721466,0.01390024,0.003814425,0.0019854047956566014,0.0020307810433829823,0.002061628270894289,0.002089441753923893,0.002082669408991933,0.002082669408991933,0.0020894418,0.0020976157,-0.0112983436387077
S00023,51153,3,2.1888091564178467,8.3872914e-07,7.5829266e-05,0.0013308292,4.85350756207481e-05,1.0459063256954929e-05,3.3207265156913004e-06,1.1742724836949492e-07,2.826120635290863e-07,2.826120635290863e-07,1.1742725e-07,1.17553746e-07,0.6454202584891716
S00023,51177,3,2.3594131469726562,0.0,0.00039448118,0.0011562161,4.083575125453839e-05,1.5321081870448932e-05,6.556449003862023e-06,3.6503067804005696e-06,3.470225465207477e-06,3.470225465207477e-06,3.6503068e-06,3.6503068e-06,0.4543466567514925
S00023,51081,3,3.506524085998535,0.0,0.0010218534,0.00037373859,4.887652600397511e-05,1.6579706122380838e-05,1.553346040357913e-05,1.8658998669707216e-05,1.7799067791202106e-05,1.7799067791202106e-05,1.8658999e-05,1.8658999e-05,0.4934109225726417
S00023,11001,3,2.2601253986358643,0.0,0.00017394051,0.015507014,0.0008508518997890254,0.00018995744215999366,6.717534840087562e-06,1.33722139139536e-07,1.9174436260982475e-07,1.9174436260982475e-07,1.3372214e-07,1.3372214e-07,0.634981289072061
S00023,37053,3,2.7277021408081055,0.00083333335,0.033454556,0.006592046,0.00416007839764158,0.003705410442004601,0.003913951649640997,0.005035277456045151,0.005053287371993065,0.005053287371993065,0.0050352775,0.00509034,0.05780542886860561
S00023,37141,3,2.5065672397613525,0.0,0.012332148,0.045146752,0.0021028054179623723,0.006966671401945253,0.0032569468651975817,0.0008983254083432257,0.000885237823240459,0.000885237823240459,0.0008983254,0.0008983254,-0.5362895876536813
S00023,25003,3,2.6038978099823,0.0,0.009587536,0.0104673775,0.0005725539037181685,0.00018273367944251126,0.00013046844348233813,0.0003521008766256273,0.00034183336538262665,0.00034183336538262665,0.00035210088,0.00035210088,0.5161215846345072
S00023,37181,3,2.1690151691436768,2.1155067e-05,0.0006172432,0.0028661925,3.0249178962549195e-05,8.723555447431863e-05,1.4712876084862122e-05,7.371962055913173e-06,6.975964424782433e-06,6.975964424782433e-06,7.371962e-06,7.397631e-06,-0.4850534520078042
S00023,09011,3,2.60975980758667,0.0,0.15248823,0.0071423976,0.052270290752251945,0.05673980712890625,0.057164290299018226,0.05816981568932533,0.05800241231918335,0.05800241231918335,0.058169816,0.058169816,-0.04100093902793235
S00023,37183,3,2.3063411712646484,0.0,0.0009955559,0.0010369641,0.00010148134363892798,5.420840019117653e-05,2.755817376964842e-05,9.881924597721081e-06,9.068856343219522e-06,9.068856343219522e-06,9.881925e-06,9.881925e-06,0.30363556573988437
S00023,33007,3,2.6354029178619385,0.0,0.006212488,0.010131492,0.0004391781888746967,0.00018057030683849007,0.0001953763421624899,0.00024548929650336504,0.00023905464331619442,0.00023905464331619442,0.0002454893,0.0002454893,0.41727875714907375
S00023,13029,3,5.061283111572266,0.0,0.00039528104,0.00013230603,1.4453695560708487e-05,2.0252090659293267e-06,2.0952688828401733e-06,2.1908344933763146e-06,2.003376721404493e-06,2.003376721404493e-06,2.1908345e-06,2.1908345e-06,0.7542058635795953
S00023,51570,3,3.3916280269622803,0.00022326413,0.0013752449,0.0015160439,8.23484636687984e-05,2.6220221722420927e-05,2.587459554585318e-05,3.544783248798922e-05,3.477746940916404e-05,3.477746940916404e-05,3.5447832e-05,3.601207e-05,0.5169837116855882
S00023,37177,3,2.873523473739624,0.0,0.023463696,0.005971036,0.005870102749516566,0.005380812256286542,0.005386405934890111,0.005947716999799013,0.005922546610236168,0.005922546610236168,0.005947717,0.005947717,0.04348895116331901
S00023,12009,3,4.332168102264404,1.7896946e-05,0.0001455285,-0.00019073521,7.722457788380173e-05,6.54255221850993e-07,8.00824257870166e-07,9.94241702301224e-08,2.0048207716172328e-07,2.0048207716172328e-07,9.942417e-08,1.0431289e-07,0.9831981246826489
S00023,36079,3,2.620929002761841,0.0,0.2876097,0.018156206,0.16365771989027658,0.1864472577969233,0.1844669977823893,0.20081810653209686,0.2005024552345276,0.2005024552345276,0.2008181,0.2008181,-0.06509344156485534
S00023,12111,3,4.192612171173096,1.8600671e-05,0.00075336755,-0.0025362044,0.00010238518492163469,3.483683182518386e-06,3.5178979184517325e-06,3.4304991913813865e-06,2.9792931854899507e-06,2.9792931854899507e-06,3.4304992e-06,3.4581794e-06,0.9341887139269088
S00023,37129,3,2.329873561859131,0.0,0.07788785,0.07847943,0.011034618131816387,0.0132438400760293,0.013392260608573755,0.03493598476052284,0.03485218808054924,0.03485218808054924,0.034935985,0.034935985,-0.09099514991026053
S00023,13127,3,4.728575706481934,0.0,0.00027583554,-8.524874e-05,2.1557213888930466e-05,1.751116921392774e-06,1.7715980220600613e-06,1.8241140651298338e-06,1.8206992535851896e-06,1.8206992535851896e-06,1.8241141e-06,1.8241141e-06,0.8497432582673654
S00023,45051,3,2.232773542404175,0.0,0.0004939278,0.025906205,0.0020844677540784082,0.0034750966976086297,0.0025570199334955155,4.954876658302965e-06,4.674844603869133e-06,4.674844603869133e-06,4.9548767e-06,4.9548767e-06,-0.25013271374311313
S00023,24047,3,2.4409923553466797,0.0,0.009919483,0.0080548115,0.0006845110328868032,0.001026252886125197,0.001101613122348984,0.0012777232332155108,0.001267220708541572,0.001267220708541572,0.0012777232,0.0012777232,-0.19975979703602614
S00023,51035,3,5.802630424499512,0.0006934994,0.0013531053,-0.0017887404,6.091088895724776e-05,9.319361803742746e-06,9.160846275335643e-06,8.743786565901246e-06,8.934842298913281e-06,8.934842298913281e-06,8.743787e-06,1.01396e-05,0.734605481177658
S00023,23029,3,4.458155632019043,0.0,0.002856178,0.011508402,0.0007363302283920348,0.00016285145344833532,0.00016356810616950193,0.00016504304949194193,0.0001621326809981838,0.0001621326809981838,0.00016504305,0.00016504305,0.6377785341110942
S00023,34033,3,3.147707462310791,0.0,0.028687652,0.01853661,0.0005882488330826163,0.0013915909997497995,0.001809223593833546,0.0037116718012839556,0.0036805691197514534,0.0036805691197514534,0.0037116718,0.0037116718,-0.4057611900442971
S00023,37031,3,2.460437774658203,0.0,0.007195442,0.010562184,0.00019356007154177254,0.00041020408692323446,0.00038039420905988663,0.0005839084624312818,0.0005764028755947948,0.0005764028755947948,0.00058390846,0.00058390846,-0.3588222526031548
S00023,34005,3,2.7432587146759033,0.0,0.09346965,0.017795678,0.01491705079873403,0.017951369285583496,0.01992322566608588,0.025771884247660637,0.02566973865032196,0.02566973865032196,0.025771884,0.025771884,-0.09231713842848283
S00023,42095,3,2.682487964630127,2.6115456e-05,0.004759315,0.019507876,0.0003540462930686772,0.002800264467320327,0.00017159348014198864,0.0001242780708707869,0.00011959382391069084,0.00011959382391069084,0.00012427807,0.00012452599,-0.7755159082518461
S00023,36077,3,3.7417776584625244,0.0,0.00020387273,0.0013880586,3.864598390161215e-05,8.85709027897974e-07,8.894377098537613e-07,8.318189657074981e-07,8.55322582538065e-07,8.55322582538065e-07,8.3181897e-07,8.3181897e-07,0.955189926751819
S00023,34017,3,2.5384087562561035,0.0,0.016654061,0.030827494,0.0021712892533590398,0.001849332038545981,0.0005667822551913559,0.0009151478880085051,0.0008971422212198377,0.0008971422212198377,0.0009151479,0.0009151479,0.08007648356767054
S00023,34009,3,2.3563966751098633,0.0,0.086765446,0.020214284,0.01343746700634559,0.013853992335498333,0.016156502378483612,0.022699860855937004,0.022605136036872864,0.022605136036872864,0.02269986,0.02269986,-0.015262112734078523
S00023,51131,3,2.3771424293518066,0.0,0.018746385,0.016101103,0.0012592282922317584,0.0017310297892739375,0.0017005519863838952,0.0020913854241371155,0.0020716069266200066,0.0020716069266200066,0.0020913854,0.0020913854,-0.157779524102017
S00023,36039,3,2.63079571723938,0.0,0.001938436,0.0012971077,0.0001962945534614846,5.38210770173464e-05,5.730431560853807e-05,5.548053013626486e-05,5.380555012379773e-05,5.380555012379773e-05,5.548053e-05,5.548053e-05,0.5696304392147804
S00023,36083,3,2.919064521789551,1.2573713e-05,0.0018494272,-0.0012871735,0.0002497195528121665,1.8879705445821553e-05,7.176150271940666e-05,3.1341889553004876e-05,2.963344923045952e-05,2.963344923045952e-05,3.134189e-05,3.1388237e-05,0.8594210157670078
S00023,42011,3,2.541910409927368,0.0,0.022092544,0.006279829,0.0011560428926410775,0.0010280640174945195,0.0012676542003949483,0.0016567573184147477,0.0016329495701938868,0.0016329495701938868,0.0016567573,0.0016567573,0.058595517716031886
S00023,51053,3,3.239361047744751,0.0,0.0077059693,0.0017466106,0.0006765382907663783,0.0008077461388893425,0.0008613351189220945,0.0009336675284430385,0.0009256868506781757,0.0009256868506781757,0.0009336675,0.0009336675,-0.08839804925623175
S00023,51087,3,3.028881311416626,3.174301e-06,0.00351696,0.005158367,9.194620482351941e-05,5.31161300993214e-05,5.1433265374119706e-05,6.713208858855069e-05,6.370514165610075e-05,6.370514165610075e-05,6.713209e-05,6.7154404e-05,0.26767854484661274
S00023,42103,3,2.966762065887451,0.0,0.022229368,0.0011657333,0.004233959596604109,0.004130534982929627,0.004434664112826188,0.004845765884965658,0.0048217796720564365,0.0048217796720564365,0.004845766,0.004845766,0.012364717639669584
S00023,42017,3,2.9799089431762695,0.00019956894,0.060166888,0.021385293,0.009456249264379343,0.008280006858209768,0.007975750137120485,0.014263095334172249,0.014221291057765484,0.014221291057765484,0.014263095,0.014287069,0.06631852844476563
S00023,37041,3,2.887620210647583,0.0,0.042615496,0.004360417,0.010308618657290936,0.009273183221618334,0.009651266659299532,0.010305977426469326,0.010259890928864479,0.010259890928864479,0.010305977,0.010305977,0.05287743396014161
S00023,36001,3,2.4986467361450195,0.0,0.0016307884,0.002526556,0.00012425822933437303,7.0908575556435e-06,7.577489319980184e-05,1.7466674762545153e-05,1.594919740455225e-05,1.594919740455225e-05,1.7466675e-05,1.7466675e-05,0.8920303486908753
S00023,37127,3,3.418788433074951,0.0,0.002335065,0.0017198643,5.291452786574761e-05,5.160941266998028e-05,4.5593772180533655e-05,6.26078835921362e-05,6.0354774177540094e-05,6.0354774177540094e-05,6.260788e-05,6.260788e-05,0.012486280072087602
S00023,37045,3,5.551737308502197,0.0,0.0011264444,-0.0005749242,5.5595738861787446e-05,3.4199894192473344e-05,3.4321668257083125e-05,3.487493086140603e-05,3.393051520106383e-05,3.393051520106383e-05,3.487493e-05,3.487493e-05,0.2382726636203482
S00023,23027,3,3.342299222946167,0.0,0.0012608242,0.0013168823,0.00010772865425678901,1.2020935779825473e-05,1.2932271602039691e-05,1.4214459952199832e-05,1.3119761206326075e-05,1.3119761206326075e-05,1.421446e-05,1.421446e-05,0.7992321180197782
S00023,42091,3,3.0170812606811523,0.0003515638,0.021569796,0.010414209,0.00173043265628318,0.001472355759081741,0.0017017375212162733,0.002446806523948908,0.0024383903946727514,0.0024383903946727514,0.0024468065,0.0024618492,0.08057881562308386
S00023,33005,3,2.7194085121154785,0.0,0.027857738,0.009583589,0.001284506715213259,0.002737625657270352,0.0025897726882249117,0.0036366756539791822,0.0036063827574253082,0.0036063827574253082,0.0036366757,0.0036366757,-0.36128073556162255
S00023,24017,3,2.5087335109710693,0.0,0.0017008781,0.0038222973,7.885411347767028e-05,1.6607989588616572e-05,1.3373383202027375e-05,1.7743346688803285e-05,1.6150708688655868e-05,1.6150708688655868e-05,1.7743347e-05,1.7743347e-05,0.6520506241710526
S00023,37013,3,2.7648203372955322,0.0,0.02870013,0.009725088,0.0037560597993433475,0.003874644171446562,0.003604418598115444,0.005240576807409525,0.005210186820477247,0.005210186820477247,0.005240577,0.005240577,-0.015540423604054285
S00023,25021,3,2.8642852306365967,0.0,0.0036392468,0.010051127,0.0011254956480115652,6.93548330067036e-05,2.7387864671860978e-05,7.435983570758253e-05,7.061746146064252e-05,7.061746146064252e-05,7.4359836e-05,7.4359836e-05,0.8839104404969593
S00023,44009,3,2.8065109252929688,0.0,0.039073493,0.006361142,0.003166268036390344,0.006014092980573575,0.0060768638116617995,0.0065312194637954235,0.006488655228167772,0.006488655228167772,0.0065312195,0.0065312195,-0.3102083827554146
S00023,34003,3,2.562579393386841,1.1733206e-05,0.09604835,0.018064465,0.013930520974099636,0.017463950129846733,0.0170149855936567,0.023305688053369522,0.023202724754810333,0.023202724754810333,0.023305688,0.023307942,-0.11254940859006651
S00023,37101,3,2.394195079803467,0.0,0.003983067,0.007298029,0.00018933519216564795,0.0002535263799169722,0.00013669924373971298,0.0001776824938133359,0.00017395796021446586,0.00017395796021446586,0.0001776825,0.0001776825,-0.1449463936314365
S00023,37191,3,2.9260921478271484,0.0,0.00033768953,0.006539126,0.0002760238227589677,0.0001232772289464871,0.0001341642055194825,1.2754575209328323e-06,1.1758091886804323e-06,1.1758091886804323e-06,1.2754575e-06,1.2754575e-06,0.38253491484704233
S00023,37135,3,3.8986244201660156,0.0,0.0001345259,-0.0013423136,0.00011600427145215993,1.2173312597951735e-06,1.3028438274886867e-06,2.724563898937049e-07,3.713797696036636e-07,3.713797696036636e-07,2.724564e-07,2.724564e-07,0.979230257364993
S00023,37069,3,2.3923544883728027,5.162423e-05,0.0019711985,0.0029184674,0.00010215245129074901,0.00014569804867884764,7.441164780175313e-05,5.1617054850794375e-05,4.994682967662811e-05,4.994682967662811e-05,5.1617055e-05,5.1817915e-05,-0.17569299797030988
S00023,37157,3,5.302253723144531,2.3106784e-05,0.0002975266,-0.0017795856,3.631025356298778e-05,6.352413871960986e-07,4.997449328432898e-07,5.030352667745319e-07,4.5104474111212767e-07,4.5104474111212767e-07,5.0303527e-07,5.162512e-07,0.9656119703875866
S00023,42077,3,2.58121395111084,0.0,0.005893714,0.0074898256,0.00016960689390543848,0.000317187938586964,8.578737470088527e-05,0.0002070093178190291,0.00020086433505639434,0.00020086433505639434,0.00020700932,0.00020700932,-0.3031688810785165
S00023,51037,3,3.321981191635132,0.0,0.00085752516,0.0018011472,3.2573558807295434e-05,5.494372999237385e-06,5.0006901801680215e-06,5.186279850022402e-06,4.61785020888783e-06,4.61785020888783e-06,5.18628e-06,5.18628e-06,0.7113385078464127
S00023,25009,3,2.896639823913574,2.2520594e-06,0.0010768363,0.006874023,0.0006186253255388389,6.240297003993571e-05,1.2844931764751285e-05,9.940979907696601e-06,9.014522220240906e-06,9.014522220240906e-06,9.94098e-06,9.945825e-06,0.8167389800246045
S00023,42029,3,2.8197691440582275,1.7905344e-05,0.09056081,0.009946457,0.022494230419397354,0.021714719633261364,0.024028803532322247,0.027384478598833084,0.02728879824280739,0.02728879824280739,0.027384479,0.027387721,0.017632420249915223
S00023,10005,3,2.6907827854156494,0.0,0.0069315615,0.010321315,0.00024479938050111133,0.0005991628471141061,0.0004901423138411095,0.0005013591726310551,0.0004940748913213611,0.0004940748913213611,0.0005013592,0.0005013592,-0.41988071861263143
S00023,51101,3,3.6029632091522217,0.0,0.0057993764,0.0046200803,0.00014006023411639035,0.00032646402056949836,0.00033559494962294895,0.00037477476871572435,0.0003687248390633613,0.0003687248390633613,0.00037477477,0.00037477477,-0.3995586179728509
S00023,24015,3,3.003654956817627,0.0,0.016232885,0.008037479,0.0009508594715346893,0.0016389513621106744,0.0015853943768888712,0.0019829997327178717,0.0019655574578791857,0.0019655574578791857,0.0019829997,0.0019829997,-0.2656919500207053
S00023,25007,3,3.20516300201416,0.0,0.0007826864,0.00061056204,0.0002955320669570938,9.389665441024893e-05,0.00013391716493060812,2.8004715204588138e-05,2.807805867632851e-05,2.807805867632851e-05,2.8004715e-05,2.8004715e-05,0.5177723200252736
S00023,51685,3,2.223940134048462,0.0,0.0,-0.00046934956,8.440477055652688e-05,9.956179980008528e-06,2.0802456219826126e-06,0.0,2.412281219221768e-07,2.412281219221768e-07,0.0,0.0,0.7889766916632825
S00023,45019,3,2.942082405090332,1.825937e-06,0.00015770053,0.0016048506,8.905035307786117e-05,6.932732382362398e-05,3.293323334219167e-05,1.6094891464035754e-07,2.6039208478323417e-07,2.6039208478323417e-07,1.6094891e-07,1.6152148e-07,0.12453162364861181
S00023,37163,3,2.5299689769744873,0.0,0.0076307217,0.012068914,0.0007564407618095478,0.000808567264660572,0.0005863441620022058,0.0007591281901113689,0.0007511743460781872,0.0007511743460781872,0.0007591282,0.0007591282,-0.03330749872803895
S00023,51019,3,6.099594593048096,0.0,0.00031169542,9.1128386e-05,3.1182822264478695e-05,4.1449198799152026e-07,4.037948334219739e-07,4.2964953195223643e-07,3.8721668715879787e-07,3.8721668715879787e-07,4.2964953e-07,4.2964953e-07,0.9737641000320707
S00023,51137,3,2.8667192459106445,0.0,0.00027142806,-5.064864e-05,2.623258175541802e-05,3.8290267336075585e-06,2.77997560260701e-06,2.7119692731503164e-06,2.661611915755202e-06,2.661611915755202e-06,2.7119693e-06,2.7119693e-06,0.7452547001930785
S00023,24013,3,1.7269291877746582,0.000107618056,0.00068719743,0.0022891317,0.0001102752879281373,7.792598228206771e-05,9.199010302533376e-06,1.7706047401588876e-06,1.442946654606203e-06,1.442946654606203e-06,1.7706047e-06,1.9069325e-06,0.1718867551209306
S00023,51700,3,3.218324899673462,4.7333357e-05,0.06520063,0.0061736535,0.011893301270902157,0.011980851491292318,0.012393792780737082,0.014645763672888279,0.01458097342401743,0.01458097342401743,0.014645764,0.014651935,-0.003667155071940403
S00023,51600,3,2.067657232284546,0.0008853623,0.003996171,0.00083367777,0.0001607461211582025,9.331620579663043e-05,7.024353302161519e-05,7.286880281753838e-05,7.491054566344246e-05,7.491054566344246e-05,7.28688e-05,7.916105e-05,0.2654069817031933
S00023,51830,3,3.533734083175659,0.0,0.007482038,0.014709532,0.0006876381521578878,0.00033952310332097113,0.0004870406652723129,0.0005392466555349529,0.0005313677247613668,0.0005313677247613668,0.00053924666,0.00053924666,0.33890983229758476
S00023,42089,3,2.7526848316192627,0.0,0.009504548,0.004784258,0.00027656363575564075,0.00042090074081594747,0.0003810980318424602,0.0006014516693539917,0.0005913347122259438,0.0005913347122259438,0.00060145167,0.00060145167,-0.20694548697927925
S00023,12089,3,4.604171276092529,0.0017713621,0.0008415944,0.0060351044,0.00037810529465787113,1.0649375629630716e-05,1.0633722013153601e-05,1.094974868465215e-05,1.0420391845400445e-05,1.0420391845400445e-05,1.0949749e-05,1.0793562e-05,0.9452128736009525
S00023,54023,3,5.37561559677124,0.0,0.00014622354,-0.0001975774,2.648148559577142e-05,5.078906042399467e-07,4.3707479827996093e-07,4.1237842651753454e-07,5.263183879833377e-07,5.263183879833377e-07,4.1237843e-07,4.1237843e-07,0.9623636648378904
S00023,45015,3,2.533418893814087,0.0,0.00012679392,0.0036736792,0.0002441334945615381,0.00017088080191266877,6.036698694818673e-05,2.0483712148688937e-07,3.253502427469357e-07,3.253502427469357e-07,2.0483712e-07,2.0483712e-07,0.1765064318776353
S00023,34001,3,2.4322710037231445,0.0,0.071927406,0.021989595,0.006573183306803306,0.011049052389959494,0.012886281125247478,0.017131000757217407,0.017052549868822098,0.017052549868822098,0.017131,0.017131,-0.2539898546458781
S00023,42127,3,3.2903311252593994,0.0,0.007690514,0.0015718848,0.00029038705785448354,0.0003847448097076267,0.00039149120372409624,0.00040486149373464286,0.00039671704871580005,0.00039671704871580005,0.0004048615,0.0004048615,-0.1397619581991699
S00023,37077,3,2.3117098808288574,0.0,0.0006078486,-0.00074334256,4.183800895892394e-05,2.65552413717766e-05,8.248878809051044e-06,3.2597592962702038e-06,2.899019136748393e-06,2.899019136748393e-06,3.2597593e-06,3.2597593e-06,0.22345432499919038
S00023,37093,3,1.9847497940063477,0.0,0.0005803931,0.022251215,0.0015046641929075122,0.002781631793671598,0.0025210800037408867,6.499469236587174e-06,6.125360414444003e-06,6.125360414444003e-06,6.4994692e-06,6.4994692e-06,-0.29791867028371805
S00023,37047,3,2.444326400756836,0.0,0.01066367,0.02267549,0.0003448362792065988,0.0016554084577364847,0.001388612911493207,0.0008496909285895526,0.0008385353139601648,0.0008385353139601648,0.0008496909,0.0008496909,-0.6552059127188584
S00023,10003,3,3.0873215198516846,1.5466529e-05,0.014887407,0.013700427,0.0003001040216380109,0.0004129564331378788,0.00033638541935943067,0.0009421590366400778,0.0009266035631299019,0.0009266035631299019,0.00094215904,0.0009426194,-0.15826485783079453
S00023,25005,3,2.7336604595184326,1.719859e-06,0.0037300522,0.006627661,0.0006619767324688534,6.706980154073487e-05,6.250224396353588e-05,9.846628381637856e-05,9.464887261856347e-05,9.464887261856347e-05,9.8466284e-05,9.847911e-05,0.816006802276759
S00023,51085,3,3.072004795074463,0.0,0.0033055458,0.0030405778,0.00011449372201847534,7.40641310888653e-05,7.374383373341213e-05,7.959074719110504e-05,7.64375290600583e-05,7.64375290600583e-05,7.959075e-05,7.959075e-05,0.21441478179428902
S00023,24029,3,3.050388813018799,0.0,0.0045334944,0.0038539537,0.00019201992836315185,0.00020475631269315878,0.00014383745534966388,0.00018434543744660914,0.0001796593569451943,0.0001796593569451943,0.00018434544,0.00018434544,-0.03209966477856565
S00023,34015,3,2.9517273902893066,0.0,0.01347254,0.017027354,0.0012406888999976218,0.000305850146105513,0.00038876271961877745,0.0008409295696765184,0.0008264624048024416,0.0008264624048024416,0.00084092957,0.00084092957,0.6044714850540972
S00023,34023,3,2.6541333198547363,3.459679e-05,0.058691993,0.019257365,0.005016633619864781,0.0051563983627905445,0.005010357281814019,0.01061105728149414,0.01055103912949562,0.01055103912949562,0.010611057,0.010615117,-0.013738749977790031
S00023,51620,3,3.7583727836608887,0.003343575,0.002154058,0.005094433,0.00014836336292016009,1.3145776999105388e-05,2.2253350228614483e-05,1.1659328265523072e-05,1.2298200999794062e-05,1.2298200999794062e-05,1.1659328e-05,1.4884343e-05,0.8372132127546882
S00023,51157,3,7.882265567779541,0.0,0.00026699665,0.0030865239,0.00015221332311436223,3.4179454360128148e-06,3.576250567978908e-06,3.1674389902036637e-06,3.1149952519626822e-06,3.1149952519626822e-06,3.167439e-06,3.167439e-06,0.9560763660432866
S00023,51043,3,8.58059024810791,0.0,1.9923493e-05,-0.0004579791,5.619371586362831e-05,7.011973478891301e-07,4.099920255148012e-08,4.583398549584672e-09,2.270624293032597e-07,2.270624293032597e-07,4.5833985e-09,4.5833985e-09,0.9753511409611507
S00023,12083,3,12.450006484985352,0.0,0.00028092632,-0.00040892346,2.7052292352891527e-05,2.376935754000442e-06,2.359906526786896e-06,2.416254346826463e-06,2.4062558168225223e-06,2.4062558168225223e-06,2.4162543e-06,2.4162543e-06,0.8384642814709916
S00023,37159,3,12.450006484985352,0.00012166661,0.00021954143,-0.003971905,9.603008038538974e-05,7.717886395160652e-07,6.184514139325378e-07,5.719494993172702e-07,6.556099378940416e-07,6.556099378940416e-07,5.719495e-07,6.1056846e-07,0.9840542616110545
S00023,39013,3,11.99269962310791,0.0,0.0007921539,-0.00086975336,4.569705439886699e-05,2.1713212845497765e-05,2.1502973443906132e-05,2.2133574020699598e-05,2.154473986593075e-05,2.154473986593075e-05,2.2133574e-05,2.2133574e-05,0.35578914805999656
S00023,51147,3,7.212776184082031,0.0,0.0003275933,0.0013134535,3.929440693658156e-05,4.802129372668181e-06,3.3194593621980553e-06,2.8505248792498605e-06,2.752635737124365e-06,2.752635737124365e-06,2.8505249e-06,2.8505249e-06,0.7821992485309608
S00023,25025,3,6.950660228729248,0.0,0.00011453673,0.0010782932,0.0005026398721383885,2.0023239661289455e-05,9.748810346839795e-06,7.843524940653879e-08,1.9761529301831615e-07,1.9761529301831615e-07,7.843525e-08,7.843525e-08,0.9233799393557974
S00023,37103,3,5.993295669555664,6.939625e-05,0.061753266,0.01766344,0.016207803040742874,0.02093268868823846,0.02181994915008545,0.02478250488638878,0.02472432516515255,0.02472432516515255,0.024782505,0.024791071,-0.12721656142771748
S00023,37107,3,6.786947727203369,0.0,0.012132679,0.009258059,0.0010766972942898672,0.0008735299731294314,0.0007330310181714594,0.0015532257966697216,0.0015403883298859,0.0015403883298859,0.0015532258,0.0015532258,0.10417622835787929
S00023,42133,3,4.740713119506836,0.00011796813,0.0005475704,0.0018596643,0.00010119953852457304,5.399294317006328e-05,6.251998797779379e-06,8.552789267923799e-07,6.701020538457669e-07,6.701020538457669e-07,8.552789e-07,9.705542e-07,0.3041809425239786
S00023,51173,3,12.450006484985352,0.0012539368,0.0009929026,-0.0008707427,2.5961550515300285e-05,6.496303437112753e-06,6.740716647376151e-06,6.3675292949483264e-06,6.21587059868034e-06,6.21587059868034e-06,6.3675293e-06,7.285246e-06,0.5997083820367739
S00023,42129,3,10.76922607421875,0.00060309615,0.00021707283,0.0008857847,4.885284761257935e-05,3.2003327040304913e-07,3.114419466025235e-07,3.914119020009821e-07,3.595137627598888e-07,3.595137627598888e-07,3.914119e-07,2.8951848e-07,0.9869833426613893
S00023,45067,3,3.7004427909851074,0.0,0.0016390425,0.04727619,0.005314431230848034,0.009429905175541839,0.007394661292588959,1.865602462203242e-05,1.71234569279477e-05,1.71234569279477e-05,1.8656025e-05,1.8656025e-05,-0.27912235798623314
S00023,54091,3,11.28956127166748,0.0020950558,0.000591105,-0.00074862083,2.095421617317091e-05,2.4247491789234723e-06,2.3174935298205432e-06,4.639724465960171e-06,2.400299763394287e-06,2.400299763394287e-06,4.6397245e-06,2.727262e-06,0.7925700181846367
S00023,12021,3,12.450006484985352,0.0,0.00010673346,0.0007906064,7.361932148342021e-05,2.4907111632425466e-07,2.016913995817049e-07,9.53950305415674e-08,2.2818140621438943e-07,2.2818140621438943e-07,9.539503e-08,9.539503e-08,0.9932563547802143
S00023,51680,3,12.450006484985352,0.0,0.0002494549,-0.00065272953,3.133112234839549e-05,3.82215669484746e-07,4.479272860180572e-06,3.010494253885554e-07,2.743512084180111e-07,2.743512084180111e-07,3.0104943e-07,3.0104943e-07,0.9758955888358868
S00023,23015,3,7.5963897705078125,0.0,0.005597761,-0.0013913763,0.0006307868849641333,0.00029103092189567786,0.00029889085756925243,0.00032309055677615106,0.00031719059916213155,0.00031719059916213155,0.00032309056,0.00032309056,0.368571707489401
S00023,54055,3,12.450006484985352,0.00014026694,0.00083391165,-0.0026489578,6.515476585870299e-05,5.682699944979201e-06,5.562355454458157e-06,5.869400865776697e-06,5.467254595714621e-06,5.467254595714621e-06,5.869401e-06,6.083667e-06,0.8395566560574557
S00023,09015,3,6.2642130851745605,0.0,0.18734439,0.01240314,0.0750081737836202,0.08487093696991603,0.08600917458534241,0.08833285421133041,0.08812703937292099,0.08812703937292099,0.088332854,0.088332854,-0.0616888794277816
S00023,23003,3,9.59405517578125,0.0,0.00091064506,0.011926374,0.0007643302766761432,2.210618731623981e-05,2.2418836427580875e-05,2.2642976546194404e-05,2.188763210142497e-05,2.188763210142497e-05,2.2642977e-05,2.2642977e-05,0.9437813775724063
S00023,45023,3,12.450006484985352,0.0,0.00013447492,-0.0026421228,4.818112696132933e-05,3.8089662742398406e-07,3.13490948163538e-07,1.5254292407007597e-07,2.468385389420291e-07,2.468385389420291e-07,1.5254292e-07,1.5254292e-07,0.9843129837154397
S00023,37189,3,12.450006484985352,0.0,7.39684e-05,-0.0012253808,0.00011822708135393138,9.042650361834603e-08,6.122890710003048e-07,7.086058673166917e-08,2.4611912863292673e-07,2.4611912863292673e-07,7.086059e-08,7.086059e-08,0.9984714603061583
S00023,51165,3,12.426164627075195,0.0,0.00020724931,0.00032756614,4.379069772160923e-05,2.6039774544036237e-07,1.9350974866938486e-07,2.1441171327296615e-07,2.502819711480697e-07,2.502819711480697e-07,2.1441171e-07,2.1441171e-07,0.9881774678845323
S00023,51135,3,5.654407501220703,0.0,0.00045897192,0.0056428504,0.0001234174718168409,2.6975119302126888e-05,2.159774582347988e-05,1.712547032184375e-06,1.466391040594317e-06,1.466391040594317e-06,1.712547e-06,1.712547e-06,0.641270635721832
S00023,51109,3,6.423964977264404,0.0,0.0012092241,-0.0015685549,6.996121131426965e-05,1.3658206019802796e-05,1.175672271832203e-05,1.2591771337611135e-05,1.1516095582919661e-05,1.1516095582919661e-05,1.2591771e-05,1.2591771e-05,0.6733245350123367
S00023,13235,3,9.534899711608887,0.0,0.00014063242,-0.0004716453,1.0677553442898594e-05,5.378085271937986e-07,4.041214557067481e-07,3.805693609137961e-07,4.6824919763821526e-07,4.6824919763821526e-07,3.8056936e-07,3.8056936e-07,0.9040943076776384
S00023,12063,3,11.527865409851074,0.0,5.5199824e-05,-0.0011002742,1.9452347866414737e-05,3.15182958843252e-07,1.5939845117903437e-07,6.164629695604162e-08,2.46812646764738e-07,2.46812646764738e-07,6.16463e-08,6.16463e-08,0.9681110441532206
S00023,45091,3,7.939054489135742,0.0046166987,0.00014197285,0.00017925995,3.752848472989475e-05,1.4335944721703224e-06,8.691205361325652e-07,2.059853432001546e-05,1.56402234097186e-06,1.56402234097186e-06,2.0598534e-05,5.95521e-07,0.9264107818920333
S00023,13261,3,10.439709663391113,0.0,5.404711e-05,-0.0018536985,2.7552324354473967e-05,2.049379202636222e-07,7.574655895107678e-08,1.3967678569315467e-08,1.986466173775625e-07,1.986466173775625e-07,1.3967679e-08,1.3967679e-08,0.9852335638698677
S00023,42021,3,5.320027828216553,0.0,0.00015706889,-0.00032033504,2.3086401597538497e-05,3.2836852407551004e-07,3.445129029463108e-07,2.4219110628109775e-07,3.190522193108336e-07,3.190522193108336e-07,2.421911e-07,2.421911e-07,0.9719520181176242
S00023,13009,3,9.02963638305664,0.0,0.00062991,-0.0017106135,4.169580885597194e-05,7.462338089680998e-06,7.550377631559968e-06,7.888278560130857e-06,7.465696853614645e-06,7.465696853614645e-06,7.888279e-06,7.888279e-06,0.6963946546670676
S00023,51191,3,7.153349876403809,0.00013477089,0.00036014948,-0.001122511,3.7750063105098285e-05,9.672614282862924e-07,9.334926289739087e-07,9.642382110541803e-07,9.438681445317343e-07,9.438681445317343e-07,9.642382e-07,1.0431504e-06,0.9500346968731139
S00023,12103,3,8.54916000366211,0.0,0.00017160094,0.004157326,0.00020793534349650145,6.542826819592543e-07,3.917729050802639e-07,2.7200911745239864e-07,3.570487194792804e-07,3.570487194792804e-07,2.7200912e-07,2.7200912e-07,0.9937266038206573
S00023,13125,3,8.708507537841797,0.0,0.00020051897,0.0006882267,1.8965615709021222e-05,3.7204756608844036e-06,3.637812142187613e-06,3.6036819892615313e-06,3.6330816328700166e-06,3.6330816328700166e-06,3.603682e-06,3.603682e-06,0.67200381941335
S00023,42119,3,4.140637397766113,0.0,1.51820095e-05,0.00325831,0.00010718911289586686,2.9554687467718094e-07,2.7200169228080995e-07,1.402717320075908e-08,2.3963303874552366e-07,2.3963303874552366e-07,1.4027173e-08,1.4027173e-08,0.9945006687408582
S00023,45041,3,1.8280651569366455,0.0,0.00012452764,0.005845197,0.0005193070246605203,0.0004457681206986308,0.0002005447858361246,2.326243873085332e-07,3.4364182965873624e-07,3.4364182965873624e-07,2.3262439e-07,2.3262439e-07,0.07620018432297525
S00023,45031,3,2.864469051361084,0.0,0.00022294972,0.0008132124,3.771520399216873e-05,4.722051206348017e-06,3.3090822360766956e-06,8.087615697149886e-07,8.112547220662236e-07,8.112547220662236e-07,8.0876157e-07,8.0876157e-07,0.777457275016549
S00023,13201,3,11.04067611694336,0.0,8.527497e-05,0.0011808984,3.702375276285844e-05,4.246088849413354e-07,1.5330669593064764e-07,9.707236614531212e-08,2.469911635216704e-07,2.469911635216704e-07,9.7072366e-08,9.7072366e-08,0.977322966011984
S00023,42057,3,4.981975555419922,0.0,0.0013866188,-0.00031944967,0.00010909533496790876,2.9672065769166995e-05,3.0473111110040918e-05,3.1230549211613834e-05,3.0005359803908505e-05,3.0005359803908505e-05,3.123055e-05,3.123055e-05,0.572348179593174
S00023,36099,3,5.417503833770752,0.0,7.7421166e-05,0.007834022,0.00028465355474812287,5.192014024639017e-07,2.09045438737121e-07,1.5315895041112526e-07,3.1351916618405085e-07,3.1351916618405085e-07,1.5315895e-07,1.5315895e-07,0.9963586886105645
S00023,51105,3,6.289309978485107,0.0015149815,0.0030954252,0.009316962,0.000499030943804731,0.0002506806728585313,0.0002473151641121755,0.0002456097863614559,0.00024972311803139746,0.00024972311803139746,0.0002456098,0.0002526936,0.33126106815782186
S00023,42063,3,5.03729248046875,0.0,0.00083057483,-0.0009246946,4.184043427812867e-05,6.774642921906586e-06,6.7247633523948025e-06,7.172935511334799e-06,6.6838128987001255e-06,6.6838128987001255e-06,7.1729355e-06,7.1729355e-06,0.7212945731205516
S00023,12007,3,6.615502834320068,0.0,8.031248e-05,0.0006911616,2.9508143901087653e-05,1.8943294814259085e-07,1.699489426224924e-07,1.4128997349871497e-07,2.9567962656074087e-07,2.9567962656074087e-07,1.4128997e-07,1.4128997e-07,0.987242531664835
S00023,42013,3,5.615190505981445,0.0,8.18595e-05,3.1023374e-05,3.032238055311609e-05,2.234754106211767e-07,1.6659848256495025e-07,1.289894271394587e-07,2.933243195002433e-07,2.933243195002433e-07,1.2898943e-07,1.2898943e-07,0.9853678737379973
S00023,50005,3,3.4887263774871826,0.0,0.0010876029,0.006642,0.0002818234303655724,1.0249736684878977e-05,9.596622476237826e-06,1.3703586773772258e-05,1.2754158888128586e-05,1.2754158888128586e-05,1.3703587e-05,1.3703587e-05,0.9298139107512844
S00023,36023,3,5.841057777404785,0.0,0.00033178867,0.002331472,6.68299471726641e-05,7.772275504673113e-07,7.783070827827032e-07,8.502166792823118e-07,7.373815265054873e-07,7.373815265054873e-07,8.502167e-07,8.502167e-07,0.9770075423606959
S00023,13193,3,9.924494743347168,0.0,5.953872e-05,-0.00062287506,1.7833215376109972e-05,2.324302717700751e-07,1.261764346338623e-07,4.141139697821927e-08,2.2072065064548951e-07,2.2072065064548951e-07,4.1411397e-08,4.1411397e-08,0.9742682574096266
S00023,42005,3,5.201924800872803,0.0,0.0014931704,-0.00075142074,7.579448477675517e-05,4.0670928380374484e-05,4.0486955792099856e-05,4.188736784271896e-05,4.049180279253051e-05,4.049180279253051e-05,4.1887368e-05,4.1887368e-05,0.3015792881702453
S00023,12017,3,7.523714542388916,1.8145856e-05,0.00038627675,-0.0012263692,3.6491665620512016e-05,2.5035772068804363e-06,2.474549395022526e-06,2.535064368203166e-06,2.455236426612828e-06,2.455236426612828e-06,2.5350644e-06,2.5487534e-06,0.871595762695352
S00023,42115,3,4.686729431152344,0.0,0.0010303577,0.005290326,0.00017290104491015276,2.921467482034738e-05,2.9372817759091657e-05,2.976531868625898e-05,2.888822928071022e-05,2.888822928071022e-05,2.9765319e-05,2.9765319e-05,0.7109114040283255
S00034,37083,1,4.461912155151367,0.0,0.016600575,0.0032795328,0.0010926409934957821,0.0015686357316250603,0.0015838639034579198,0.0019145291298627853,0.0018974686972796917,0.0018974686972796917,0.0019145291,0.0019145291,-0.17885954272856175
S00034,10001,1,3.848722219467163,0.0,5.9319493e-05,0.005202655,0.00029551092302426696,4.056627858517459e-06,3.0694394960543527e-06,5.584063700325714e-08,2.364482156735903e-07,2.364482156735903e-07,5.5840637e-08,5.5840637e-08,0.9729167738858021
S00034,13273,1,2.5744707584381104,0.0,0.42002857,0.13625883,0.13234770546356836,0.10996052622795105,0.08246288448572159,0.2902566194534302,0.2898339629173279,0.2898339629173279,0.29025662,0.29025662,0.09239132768761336
S00034,13297,1,3.136200428009033,9.832455e-06,0.0011208544,0.009624921,0.0016290116667126615,3.435280935567183e-05,2.9872899782882694e-05,1.957737549673766e-05,1.8763290427159518e-05,1.8763290427159518e-05,1.9577375e-05,1.9599322e-05,0.958694790167852
S00034,13255,1,3.718639850616455,0.0,0.00047977388,0.009317493,0.001529144976908962,3.191432127399215e-05,3.049720180570148e-05,4.624616849469021e-06,4.424005965120159e-06,4.424005965120159e-06,4.624617e-06,4.624617e-06,0.9591119679936057
S00034,13159,1,3.698871612548828,3.73413e-05,0.013748599,0.012974144,0.001527412988555928,0.0017639351620649297,0.0017821828369051218,0.0019017362501472235,0.001890531275421381,0.001890531275421381,0.0019017363,0.001902762,-0.0718617911825541
S00034,13269,1,3.004054307937622,0.0,0.029215587,0.039796524,0.002819310058839619,0.0014283621373275917,0.0016328629959995549,0.0029365085065364838,0.002908639144152403,0.002908639144152403,0.0029365085,0.0029365085,0.32746122046967685
S00034,13045,1,3.1269590854644775,8.597269e-05,0.0006496312,0.006102593,0.0004218803078401834,2.9807329156028572e-06,2.8339678692645975e-06,3.287520939920796e-06,3.039635430468479e-06,3.039635430468479e-06,3.287521e-06,3.3918307e-06,0.9859684337716613
S00034,37127,1,4.24516487121582,4.4954327e-06,0.018802553,0.008441441,0.001110782924418648,0.0008306682575494051,0.0008151382013844947,0.0017121076816692948,0.0016928126569837332,0.0016928126569837332,0.0017121077,0.0017122768,0.14428107668681636
S00034,51083,1,2.481752395629883,0.0,0.09985757,0.0736055,0.007328369654715061,0.003543877430881063,0.002349544665776193,0.016504142433404922,0.01639721542596817,0.01639721542596817,0.016504142,0.016504142,0.34808740033583363
S00034,24017,1,4.76232385635376,0.0,0.0005973655,0.0022990962,0.00022345627803588286,5.315542087676779e-06,3.176138534399797e-06,1.7595763210920268e-06,1.3984905535835424e-06,1.3984905535835424e-06,1.7595763e-06,1.7595763e-06,0.9535297478089227
S00034,13093,1,3.5774881839752197,3.0936764e-05,0.11003455,0.12673527,0.006887015110502641,0.011574016573528448,0.013553876895457506,0.028458327054977417,0.02835482358932495,0.02835482358932495,0.028458327,0.028465135,-0.2538862152043265
S00034,13247,1,3.5360701084136963,0.0,0.00027058768,0.016764052,0.0031141413298125067,0.0001446563461892462,0.0002194849936737834,1.0243393262499012e-06,1.019472279040201e-06,1.019472279040201e-06,1.0243393e-06,1.0243393e-06,0.9112210326805399
S00034,37105,1,4.294734954833984,0.0,0.009587813,0.05852548,0.012893574001888434,0.005830805903921525,0.007079575792886317,0.0005154015379957855,0.0005059358663856983,0.0005059358663856983,0.00051540154,0.00051540154,0.37719636823729547
S00034,25019,1,2.606745958328247,0.0,1.0764912e-05,0.021371536,0.0007611334876855835,0.005994399485643953,0.005524442414753139,1.6687199178022638e-08,2.475588587458333e-07,2.475588587458333e-07,1.66872e-08,1.66872e-08,-0.7746636747417278
S00034,13259,1,2.6158015727996826,0.0,0.32043445,0.22064999,0.02778409793972969,0.05413112665216128,0.09281304354468982,0.22542652487754822,0.2251196652650833,0.2251196652650833,0.22542652,0.22542652,-0.32163775224562785
S00034,12091,1,4.419559001922607,0.000611138,0.0028168897,0.033659246,0.005583545348296563,0.003966983795786898,0.006144690589280799,8.071775664575398e-05,8.088822505669668e-05,8.088822505669668e-05,8.071776e-05,8.378728e-05,0.16926408245255428
S00034,34021,1,7.055685043334961,0.0,0.00032521173,0.006362479,0.0001976454586838372,2.1892824785633516e-06,1.6630200055563666e-06,1.3878766367270146e-06,1.303692329202022e-06,1.303692329202022e-06,1.3878766e-06,1.3878766e-06,0.9780890703405354
S00034,51143,1,2.750614643096924,0.0,0.019500822,0.030206854,0.0013076076672102015,0.0010764972345593076,0.0002845752217884486,0.001006962382234633,0.0009866394102573395,0.0009866394102573395,0.0010069624,0.0010069624,0.0969380300671171
S00034,45023,1,4.681884288787842,9.250503e-05,0.00088881445,0.018980067,0.003490458087374767,0.00030080518748339574,0.00016644644832316166,1.0131695489690173e-05,9.667449376138393e-06,9.667449376138393e-06,1.01316955e-05,1.0287578e-05,0.8413166453101838
S00034,51145,1,1.9557169675827026,0.0,0.13861659,0.07447857,0.012871471544106802,0.013835479350139698,0.012100632612903913,0.047443460673093796,0.04729633033275604,0.04729633033275604,0.04744346,0.04744346,-0.03609576435176556
S00034,45011,1,3.515684127807617,0.0,0.0063596508,0.086120345,0.010097301875551542,0.02904844656586647,0.04150671263535818,0.00034613171010278165,0.0003402636502869427,0.0003402636502869427,0.0003461317,0.0003461317,-0.48411757201872113
S00034,37149,1,4.905799388885498,0.0,0.014107646,0.018009584,0.0014066518051549792,0.0012762823219721515,0.0013917406322434545,0.0017448986181989312,0.0017310301773250103,0.0017310301773250103,0.0017448986,0.0017448986,0.04859212973761177
S00034,45079,1,3.9601917266845703,0.00025529607,0.0017941052,0.048391737,0.008391249304016432,0.008501028331617514,0.007240312950064738,4.129686931264587e-05,4.0576527680968866e-05,4.0576527680968866e-05,4.129687e-05,4.2147745e-05,-0.00649877002787979
S00034,51071,1,5.483852863311768,0.0,0.010176339,0.006021345,0.00041469403853019077,0.0003866282446930806,0.00039458008056196075,0.00040630530565977097,0.000396591960452497,0.000396591960452497,0.0004063053,0.0004063053,0.03502435215481239
S00034,51117,1,2.646047592163086,5.6341203e-05,0.057156436,0.048471645,0.0027483515441417694,0.004244810726959258,0.001488178939325735,0.007510751485824585,0.007456374820321798,0.007456374820321798,0.0075107515,0.007517189,-0.2139889115688833
S00034,45045,1,5.576911926269531,3.3118176e-06,0.0014994541,0.006858183,0.00040880401502363384,1.5450853121971402e-05,1.7063777098276962e-05,2.2683800125378184e-05,2.147971281374339e-05,2.147971281374339e-05,2.26838e-05,2.2693719e-05,0.9271624003302249
S00034,51085,1,2.2919042110443115,5.3022268e-05,0.05491717,0.026932336,0.0029112393967807293,0.0032850096079831323,0.004028128149608771,0.008784853853285313,0.00873237382620573,0.00873237382620573,0.008784854,0.008790674,-0.06032201270721001
S00034,13077,1,3.4386861324310303,7.3629026e-06,0.0003677361,0.0053639617,0.0007896167420161267,1.6092662463051965e-05,9.543023300769468e-06,1.5502478163398337e-06,1.4878911542837159e-06,1.4878911542837159e-06,1.5502478e-06,1.5556088e-06,0.9600534327299941
S00034,51061,1,6.006879806518555,0.0,0.0010245428,0.0026544302,7.565033835514139e-05,9.44992946945907e-06,9.654297476420956e-06,1.1005991837009788e-05,1.0179819582845084e-05,1.0179819582845084e-05,1.1005992e-05,1.1005992e-05,0.7779106996716804
S00034,51119,1,3.007864475250244,0.0,0.17131513,0.020524256,0.04771760106086731,0.04206683486700058,0.03830252215266228,0.06076149269938469,0.06057724729180336,0.06057724729180336,0.060761493,0.060761493,0.06293703508263404
S00034,51740,1,4.5106520652771,0.0,0.046070375,0.0070134616,0.006332011893391609,0.007767329613367717,0.007797228172421455,0.008202286437153816,0.00815344974398613,0.00815344974398613,0.008202286,0.008202286,-0.10180033722057202
S00034,13013,1,2.806607961654663,0.0,0.0004740229,0.010434999,0.0011075748091874023,7.894967469231536e-05,8.864466872182675e-05,9.544994099996984e-06,9.352391316497233e-06,9.352391316497233e-06,9.544994e-06,9.544994e-06,0.8669228056143193
S00034,13021,1,4.0385332107543945,0.00014293705,0.016100183,0.0050094435,0.0003799409217511614,0.0008881393393191198,0.000929803141237547,0.0015193537110462785,0.0015084599144756794,0.0015084599144756794,0.0015193537,0.0015239359,-0.4007620283743162
S00034,34029,1,3.981910467147827,0.000102192884,0.00019175693,-0.0014676404,0.00011116872944209415,4.619983087650326e-06,1.9351123228261713e-06,3.373473873580224e-07,4.167014822087367e-07,4.167014822087367e-07,3.373474e-07,3.6609637e-07,0.9201997675470566
S00034,45075,1,3.6656265258789062,0.0,0.0022906607,0.038502406,0.0024941650917753577,0.008038410761704048,0.008936301649858555,6.956028664717451e-05,6.761417898815125e-05,6.761417898815125e-05,6.956029e-05,6.956029e-05,-0.5263902911363477
S00034,13205,1,3.3561556339263916,0.0,0.15125948,0.20871314,0.04223648086190224,0.04455310230453809,0.07092653587460518,0.03008226864039898,0.029927823692560196,0.029927823692560196,0.030082269,0.030082269,-0.02669239047033059
S00034,13249,1,2.755986452102661,0.00466805,0.13834848,0.1396968,0.008708089822903275,0.024579595153530438,0.04162203458448251,0.05755658820271492,0.05849990248680115,0.05849990248680115,0.05755659,0.05882643,-0.476798111429603
S00034,45069,1,4.164089202880859,1.2943308e-05,0.0014333815,0.039270733,0.005353616705785195,0.005328230404605468,0.004489044658839703,5.6769666116451845e-05,5.564592720475048e-05,5.564592720475048e-05,5.6769666e-05,5.6806603e-05,0.0023765834613971603
S00034,37019,1,4.3478569984436035,1.3245946e-06,0.00061846606,0.005997196,0.00027069054582777124,0.0006259195118521651,0.0003351614868734032,5.866288120159879e-06,5.52892061023158e-06,5.52892061023158e-06,5.866288e-06,5.8679243e-06,-0.3961911457290392
S00034,12131,1,3.842656373977661,6.760137e-06,0.037829373,0.114848584,0.01039660070091486,0.03288512056072553,0.042308339616283774,0.007012221496552229,0.0069801583886146545,0.0069801583886146545,0.0070122215,0.007012734,-0.5195846931286843
S00034,51193,1,3.643216609954834,0.0,0.020698173,0.008222653,0.000498989422339946,0.0005226403494210293,0.0005404830056553086,0.0011870741145685315,0.0011652343673631549,0.0011652343673631549,0.0011870741,0.0011870741,-0.023150193675656468
S00034,12075,1,5.837136268615723,0.0,0.00016208774,-0.0021333587,0.00012663892872903185,1.9852817179829194e-06,1.7154482444918055e-06,7.4266608862672e-07,8.208220947381051e-07,8.208220947381051e-07,7.426661e-07,7.426661e-07,0.9691305126603558
S00034,37191,1,4.441608428955078,0.0,0.00048234055,0.006318885,0.00012171326670795679,6.280362140387297e-05,4.057030128024053e-05,2.4542139271943597e-06,2.1838629891135497e-06,2.1838629891135497e-06,2.454214e-06,2.454214e-06,0.3192642467955593
S00034,51003,1,4.862616539001465,2.6033531e-05,0.0014218206,0.0019392928,6.011825219805663e-05,5.168062519563439e-06,5.832372911148316e-06,8.22349829832092e-06,7.0486294134752825e-06,7.0486294134752825e-06,8.223498e-06,8.296851e-06,0.8416800659704372
S00034,37051,1,4.224109649658203,8.3350005e-06,0.0014495607,0.021003112,0.0027234116957212486,0.0010869171237573028,0.0010817529109772295,1.1797491424658801e-05,1.059708847606089e-05,1.059708847606089e-05,1.1797491e-05,1.1821587e-05,0.4294890676096302
S00034,13025,1,4.929197311401367,0.00032532532,0.0008565933,0.0006375281,0.00026343707092261565,2.7318363208905794e-05,2.9682623789994977e-05,2.6918307412415743e-05,2.6794103177962825e-05,2.6794103177962825e-05,2.6918307e-05,2.7369817e-05,0.8120869981982968
S00034,37145,1,2.876413583755493,0.0,0.08133139,0.08580636,0.005206862076496084,0.009233080937216679,0.004976240956845383,0.022385351359844208,0.02230004407465458,0.02230004407465458,0.022385351,0.022385351,-0.27882512118622155
S00034,45019,1,4.1225905418396,1.8715855e-05,0.0011008688,0.0027119266,0.00021362194820540026,0.00016868680055874088,8.790166005686235e-05,8.895241990103386e-06,8.188716492441017e-06,8.188716492441017e-06,8.895242e-06,8.936098e-06,0.11753627870645814
S00034,51019,1,3.6059744358062744,8.19521e-05,0.015785703,0.004243796,0.0006016463739797473,0.0010696702326337497,0.0011172556163122256,0.0012194181326776743,0.0012057522544637322,0.0012057522544637322,0.0012194181,0.0012219986,-0.28003303312011907
S00034,37125,1,4.38922119140625,0.00038345985,0.016524626,0.03881029,0.003103584283962846,0.0014780038424457114,0.0015518555010203272,0.0011981579009443521,0.0011930791661143303,0.0011930791661143303,0.0011981579,0.001210684,0.35480719712607695
S00034,51700,1,4.234067916870117,4.1416686e-05,0.0656709,0.00792723,0.010832927810649077,0.01206712486843268,0.012299396408100923,0.0148850716650486,0.014820577576756477,0.014820577576756477,0.014885072,0.014890509,-0.05389494404573974
S00034,51103,1,2.4359915256500244,0.0,0.12683101,0.038552906,0.02623479689160983,0.022835714432100456,0.018295956154664356,0.048778679221868515,0.04864349588751793,0.04864349588751793,0.04877868,0.04877868,0.06926935073258503
S00034,51033,1,2.921175956726074,0.0,0.0028627166,0.011984274,0.0007381477432015041,0.0003289722153567709,0.00010716299584601074,5.814153701066971e-05,5.541039354284294e-05,5.541039354284294e-05,5.8141537e-05,5.8141537e-05,0.38343911062964936
S00034,54025,1,6.4452900886535645,0.0001379025,0.00080307457,0.005246882,0.0001457832865222978,2.3563265282670423e-06,2.157531829046396e-06,2.20099195757939e-06,1.8552034362073755e-06,1.8552034362073755e-06,2.200992e-06,2.4034666e-06,0.9681877591044774
S00034,25023,1,5.684737205505371,0.0,0.00022715799,-0.0024013063,0.00016117089156371853,4.403680122777587e-06,3.43110377798439e-06,2.751610281848116e-06,2.754637534962967e-06,2.754637534962967e-06,2.7516103e-06,2.7516103e-06,0.9468072895744445
S00034,51760,1,2.016070604324341,0.0,0.0072633293,0.037241533,0.002720524168883761,0.006363063779038687,0.007421401174118121,0.00011192564852535725,0.00010436002048663795,0.00010436002048663795,0.00011192565,0.00011192565,-0.4010022945820687
S00034,45087,1,5.136929988861084,0.0,0.00039624263,0.013588462,0.0022921382527177534,0.00016314915410475805,8.721303796240439e-05,5.660992428602185e-06,5.530744601855986e-06,5.530744601855986e-06,5.6609924e-06,5.6609924e-06,0.8671038236489829
S00034,37001,1,3.7662851810455322,8.33176e-06,0.093402185,0.03305353,0.009998054864505926,0.006659490987658501,0.007488478285570939,0.019247151911258698,0.019149478524923325,0.019149478524923325,0.019247152,0.01924871,0.2004235141525139
S00034,37035,1,4.730112552642822,1.6997166e-05,0.0022103202,0.009339422,0.0012167127958188455,2.2513579248576814e-05,2.6298586817574687e-05,1.807328953873366e-05,1.6103418602142483e-05,1.6103418602142483e-05,1.807329e-05,1.8148137e-05,0.9636651063896989
S00034,34011,1,3.94693922996521,0.0,0.00052196183,-0.0014734677,0.00016713430280409133,7.519177718980548e-06,5.620621929362339e-06,4.107979748368962e-06,3.798645366259734e-06,3.798645366259734e-06,4.1079797e-06,4.1079797e-06,0.9138960449404011
S00034,51135,1,1.837255597114563,0.0,0.30384243,0.08153616,0.11524440099795659,0.06720114250977834,0.06417471418778102,0.16412131488323212,0.1637948900461197,0.1637948900461197,0.16412131,0.16412131,0.26332930673169014
S00034,37095,1,3.9311487674713135,0.0,0.022387477,0.018543694,0.005114124311755101,0.005844383190075557,0.005829738763471444,0.006753260735422373,0.006730557419359684,0.006730557419359684,0.0067532607,0.0067532607,-0.0666385343258161
S00034,37197,1,3.399998188018799,0.0,0.0115807615,0.014034605,0.0005135947867529467,0.0004894795905177792,0.0005565481454444429,0.0009743263944983482,0.0009627664112485945,0.0009627664112485945,0.0009743264,0.0009743264,0.024041284257287777
S00034,51570,1,2.159886598587036,0.0,0.030312173,0.024684468,0.0012965182928989332,0.0019210111737872164,0.001747136275904874,0.0037524502258747816,0.00372061925008893,0.00372061925008893,0.0037524502,0.0037524502,-0.19409080393954284
S00034,24047,1,4.00051212310791,0.0,0.0011206984,0.010284755,0.0009132512883904079,0.0003157865915757914,0.0002824657373518373,2.8125554308644496e-05,2.7219341063755564e-05,2.7219341063755564e-05,2.8125554e-05,2.8125554e-05,0.4861239076138546
S00034,51191,1,6.128035068511963,0.0,0.0021613063,0.0023856845,7.624240242876112e-05,5.086766274568314e-05,5.095480567736862e-05,5.236843571765348e-05,5.0608454330358654e-05,5.0608454330358654e-05,5.2368436e-05,5.2368436e-05,0.19962809119996916
S00034,37059,1,3.0924274921417236,2.4492196e-05,0.035972517,0.028041076,0.0020915823600565395,0.0014541935136852164,0.0015968091320246458,0.004627814516425133,0.004592346027493477,0.004592346027493477,0.0046278145,0.004629575,0.17976004944122562
S00034,51089,1,3.0531890392303467,0.0,0.052584875,0.050677173,0.0038647952023893595,0.0012902266268307965,0.0028480018954724073,0.007471758406609297,0.007416735868901014,0.007416735868901014,0.0074717584,0.0074717584,0.4994292285951463
S00034,13089,1,3.891108989715576,4.148907e-05,0.00062800717,0.012199688,0.0013356265844777226,3.574821069681396e-05,4.9984701642339736e-05,3.181189867973444e-06,2.874703795896494e-06,2.874703795896494e-06,3.1811899e-06,3.2315795e-06,0.9478651484297345
S00034,45077,1,5.390801906585693,4.3362124e-06,0.0009841045,0.0031898392,0.0002691348927328363,1.1681755798538992e-05,1.1769147022278048e-05,1.10980290628504e-05,1.0426526387163904e-05,1.0426526387163904e-05,1.1098029e-05,1.1106542e-05,0.9168015439281636
S00034,34009,1,2.7840750217437744,0.0,0.0002128746,0.010802408,0.0004572740144794807,0.00035894055811998743,0.00025993473779332515,8.353890166290512e-07,8.559501338822884e-07,8.559501338822884e-07,8.35389e-07,8.35389e-07,0.12047500701478818
S00034,12059,1,4.446120738983154,0.0,0.27826574,0.06695874,0.0930563931663831,0.07605886459350586,0.08167937646309535,0.10456977784633636,0.10427787899971008,0.10427787899971008,0.10456978,0.10456978,0.10050854546199761
S00034,13319,1,4.548471927642822,0.00035178236,0.027753348,0.016097518,0.000526028093493854,0.0022823313095917306,0.002224560438965758,0.0036803504917770624,0.0036708361003547907,0.0036708361003547907,0.0036803505,0.0036997525,-0.6253840637947554
S00034,51087,1,2.146347761154175,0.00025394408,0.074207395,0.046671532,0.005128621589392424,0.0042994637818386154,0.0053920194040983915,0.017033543437719345,0.016991237178444862,0.016991237178444862,0.017033543,0.017071169,0.08794551331534495
S00034,13099,1,3.2111892700195312,0.0,0.061721247,0.14502919,0.021138076670467854,0.06008126959204674,0.075387142598629,0.004551953636109829,0.004488179460167885,0.004488179460167885,0.0045519536,0.0045519536,-0.4794817332770438
S00034,51125,1,4.405941009521484,0.0,0.006688118,0.0043603643,0.00010126819688593969,0.00020705264857194075,0.0002143284558163335,0.0002299986663274467,0.00022332875232677907,0.00022332875232677907,0.00022999867,0.00022999867,-0.34309860408206566
S00034,51031,1,3.255819082260132,0.0,0.020319449,0.011748933,0.0005989903196071585,0.0007461418669360379,0.000998396329426517,0.001636209082789719,0.001615204382687807,0.001615204382687807,0.0016362091,0.0016362091,-0.10939560349606865
S00034,51075,1,2.3508191108703613,0.0,0.055094182,0.03387527,0.003518959584956368,0.005636676059414943,0.006254378706216812,0.013479797169566154,0.01342223584651947,0.01342223584651947,0.013479797,0.013479797,-0.23130196053187216
S00034,13175,1,4.072823524475098,0.0043908698,0.08171822,0.08905324,0.003531570934380094,0.002839322512348493,0.003270113995919625,0.017370468005537987,0.017921051010489464,0.017921051010489464,0.017370468,0.018068815,0.10865798146209243
S00034,37097,1,3.447244644165039,7.994499e-06,0.009397354,0.028441262,0.004329287136594455,0.0004122397125077744,0.0009323733878166726,0.0004346603527665138,0.00042552369995974004,0.00042552369995974004,0.00043466035,0.00043481062,0.8261152048160063
S00034,13097,1,3.488248109817505,1.3013378e-05,0.0004480955,0.011992925,0.0007357174181379378,9.650964299604918e-05,6.103570012783166e-05,1.6214071365538985e-06,1.4921711226634216e-06,1.4921711226634216e-06,1.6214071e-06,1.6329001e-06,0.7680689621783129
S00034,37009,1,5.215599536895752,0.0,3.480951e-05,0.0024941154,0.00014787230854077885,6.632024422970062e-07,4.803064257430378e-07,3.100866052818674e-08,2.4047378133218444e-07,2.4047378133218444e-07,3.100866e-08,3.100866e-08,0.9910701159889964
S00034,51175,1,4.606565475463867,0.0,0.012633011,0.0010680069,0.001003866452568521,0.0012464236933737993,0.0012663355640446146,0.0013584904372692108,0.0013455108273774385,0.0013455108273774385,0.0013584904,0.0013584904,-0.10778931829864377
S00034,13053,1,3.3158249855041504,0.0006786563,0.12740746,0.08108026,0.017890044177571934,0.018136740972598393,0.031046631435553234,0.04278874024748802,0.04281456768512726,0.04281456768512726,0.04278874,0.04296121,-0.006847593922081961
S00034,51099,1,3.821458578109741,0.0,0.0053192866,0.0025250176,0.0002859193433929856,6.0511830573280655e-05,6.816337918280624e-05,0.000117813418910373,0.00011238419392611831,0.00011238419392611831,0.00011781342,0.00011781342,0.650655973707649
S00034,51095,1,4.2069478034973145,0.0,0.10210766,0.021306349,0.022093732530872028,0.02018013720711072,0.01852514191220204,0.03380674123764038,0.03369806706905365,0.03369806706905365,0.03380674,0.03380674,0.045266622990086845
S00034,37071,1,4.323818683624268,3.7398277e-06,0.0079335375,0.017597595,0.0034432129080717764,0.00014628758071921766,0.0003183080577097523,0.00023486923601012677,0.00022696673113387078,0.00022696673113387078,0.00023486924,0.00023492858,0.9184913994713009
S00034,12077,1,3.7353389263153076,0.0,0.42873955,0.19711259,0.15043912331263223,0.11002270877361298,0.1071156586209933,0.21498146653175354,0.21453434228897095,0.21453434228897095,0.21498147,0.21498147,0.15517211952051543
S00034,13283,1,3.7906415462493896,0.0,0.01253309,0.14581211,0.03222118938962618,0.05477979655067126,0.08059648176034291,0.00057022157125175,0.0005580918514169753,0.0005580918514169753,0.0005702216,0.0005702216,-0.25929139672653173
S00034,12003,1,10.11058521270752,0.0,0.00020092847,-0.004161164,0.00025730445243728656,2.5668540880966853e-06,3.0181881053673956e-06,2.206459839726449e-06,2.303187784491456e-06,2.303187784491456e-06,2.2064598e-06,2.2064598e-06,0.9802451904181582
S00034,54067,1,10.733938217163086,0.0,0.0025318488,0.0008535852,0.00012459133237522715,7.869236287660897e-05,7.809200421130906e-05,8.090784103842452e-05,7.868969260016456e-05,7.868969260016456e-05,8.090784e-05,8.090784e-05,0.22578775657219666
S00034,51163,1,9.314906120300293,0.0,4.51842e-05,0.0025267152,7.874901105727379e-05,1.3012970043746463e-06,5.042169893461809e-07,4.9569603532972906e-08,2.475361497999984e-07,2.475361497999984e-07,4.9569604e-08,4.9569604e-08,0.967488020074264
S00034,37177,1,7.149317741394043,0.0,0.00073061645,0.008062266,0.0002336734178243205,0.00011475196515675634,8.024228615492272e-05,9.760125976754352e-06,9.254637916455977e-06,9.254637916455977e-06,9.760126e-06,9.760126e-06,0.34131110555175265
S00034,12057,1,12.136584281921387,2.0395648e-05,9.0485235e-05,0.0065239207,0.00025132097653113306,5.033032266510418e-07,6.620133300809054e-07,2.8788235795218498e-08,1.9625504421583173e-07,1.9625504421583173e-07,2.8788236e-08,3.2063262e-08,0.9960027426494765
S00034,45027,1,6.651532173156738,0.004589261,0.002650264,0.039399866,0.003024212045905491,0.004031802682826917,0.0034310856523613134,0.00013005775690544397,0.00012953674013260752,0.00012953674013260752,0.00013005776,0.00013332196,-0.1427988284687774
S00034,12047,1,7.718501091003418,0.0,0.009462532,0.0040296707,0.00044895047903992236,0.0005201416400571665,0.0005364197810801367,0.0006977664306759834,0.0006898296414874494,0.0006898296414874494,0.00069776643,0.00069776643,-0.07346170669881569
S00034,13161,1,6.281848907470703,0.0,0.03399303,0.09400383,0.013880602704981962,0.01864195056259632,0.030969160919388134,0.005392299499362707,0.0053602238185703754,0.0053602238185703754,0.0053922995,0.0053922995,-0.14640141622462785
S00034,13275,1,5.888094425201416,0.0,0.11688295,0.10673792,0.004941914541025956,0.0033555858535692096,0.0101390415802598,0.022841669619083405,0.022725442424416542,0.022725442424416542,0.02284167,0.02284167,0.19118151395208743
S00034,25011,1,11.867104530334473,0.0,5.6871772e-06,-0.0005919415,0.00013508981525471123,2.3925441989073684e-06,1.7925464514216098e-06,3.3843525759635895e-09,2.390710847066657e-07,2.390710847066657e-07,3.3843526e-09,3.3843526e-09,0.9651948917895242
S00034,12041,1,9.648463249206543,0.0,8.6024065e-06,-0.0022520572,0.00010788211754212777,4.435153802736143e-07,6.790037663980305e-07,1.9469079681755375e-09,2.3802080306722928e-07,2.3802080306722928e-07,1.946908e-09,1.946908e-09,0.9918114417002055
S00034,36027,1,11.414689064025879,0.00024931083,0.00029111,-0.0010317285,7.069239654811099e-05,2.815130301314639e-06,1.9466866660877713e-06,6.857329140075308e-07,7.193028750407393e-07,7.193028750407393e-07,6.857329e-07,7.687309e-07,0.9234056586591136
S00034,51091,1,10.295907974243164,0.0,0.0,0.004434991,0.0001403863158581468,8.516332800449314e-07,5.826848206898679e-07,0.0,2.412281219221768e-07,2.412281219221768e-07,0.0,0.0,0.98794044680992
S00034,13019,1,6.567324638366699,0.0,0.04464471,0.017177954,0.0037971281756957373,0.003297341250193616,0.002948800257096688,0.007949705235660076,0.007907782681286335,0.007907782681286335,0.007949705,0.007949705,0.07044740000968695
S00034,36111,1,11.714119911193848,0.0048194183,0.00061022886,0.00053566595,3.6286709170478083e-05,8.77617382381383e-06,6.95619276787814e-06,2.3276998035726137e-05,5.311217137204949e-06,5.311217137204949e-06,2.3276998e-05,5.932101e-06,0.6104921283032202
S00034,37147,1,8.08293342590332,0.0,0.00035714183,-0.0014741169,0.0001582358672749251,2.6406391574103813e-06,1.9884685874179317e-06,1.0807813168867142e-06,9.509080314273888e-07,9.509080314273888e-07,1.0807813e-06,1.0807813e-06,0.9671718485691876
S00034,45035,1,7.564241886138916,9.759417e-06,0.00084113,0.00011151307,0.0004144306537151958,5.73408045359732e-05,5.1559434117128454e-05,1.1839159924420528e-05,1.130721557274228e-05,1.130721557274228e-05,1.183916e-05,1.1855485e-05,0.7569127867610627
S00034,13059,1,5.390244483947754,0.0,0.0002744637,0.0064569507,0.0014648294697205226,3.19899111976459e-05,5.844842447307504e-05,1.2849154700234067e-06,1.2620905636140378e-06,1.2620905636140378e-06,1.2849155e-06,1.2849155e-06,0.9572561504675029
S00034,13305,1,7.854578495025635,0.0,0.0013605608,-0.0005380686,0.0001958563492128936,1.8860894973234583e-05,2.1110938178026117e-05,2.3677781427977607e-05,2.268207390443422e-05,2.268207390443422e-05,2.3677781e-05,2.3677781e-05,0.8243187682039643
S00034,24031,1,10.481417655944824,1.7688819e-05,0.00026824404,-0.0017002369,9.451394726056606e-05,1.2625494036910823e-06,8.900960134875883e-07,4.53867755823012e-07,4.61941652929454e-07,4.61941652929454e-07,4.5386776e-07,4.6304467e-07,0.9736355066709753
S00034,13173,1,6.931536674499512,0.0,0.004763974,0.009339144,0.0005586632517709708,0.00015037507788899043,0.00012989133150161555,0.00018419102707412094,0.00018022398580797017,0.00018022398580797017,0.00018419103,0.00018419103,0.5758337127948868
S00034,42107,1,10.988958358764648,2.6776272e-05,0.00033291368,0.004646188,0.0001208709888184482,6.233930056017319e-06,3.912073376947471e-06,3.213496938769822e-06,3.1409219900524477e-06,3.1409219900524477e-06,3.213497e-06,3.2306086e-06,0.901908909407759
S00034,13043,1,5.997435569763184,0.0017940718,0.06030129,0.08570948,0.0032585048271963992,0.011537397280335426,0.021159646411736805,0.02154139056801796,0.02166745252907276,0.02166745252907276,0.02154139,0.021754542,-0.5595395531121197
S00034,13003,1,7.3631486892700195,0.0,0.016918669,0.016535483,0.0018405362109964092,0.0016056082677096128,0.0015582363509262602,0.0020494861528277397,0.002033788478001952,0.002033788478001952,0.0020494862,0.0020494862,0.06817124027690459
S00034,34031,1,11.162171363830566,2.0206822e-05,0.00018412311,-0.0036349897,0.00014548086134406427,2.2559916412016414e-06,1.1792525166735384e-06,3.8502042798427283e-07,4.4273434696151526e-07,4.4273434696151526e-07,3.8502043e-07,3.9205318e-07,0.9694593245271492
S00034,42067,1,4.516208171844482,0.0,9.1085814e-05,0.0073288647,0.00017576753452885896,7.502427877170703e-06,1.8405158925816067e-06,5.501867121893156e-07,6.997584591772466e-07,6.997584591772466e-07,5.501867e-07,5.501867e-07,0.9181270320714174
S00034,42051,1,3.8587257862091064,7.117843e-05,0.00014522376,0.0015148605,8.732576558638054e-05,7.150949367466334e-07,4.2144378653574677e-07,8.624613201391185e-08,2.1621625023726665e-07,2.1621625023726665e-07,8.624613e-08,1.0185337e-07,0.9837553851132841
S00034,13187,1,1.982735514640808,0.0,0.0010535374,0.0054794224,0.0008303767196290816,5.569589787531489e-05,2.7219212825002614e-05,1.2134249118389562e-05,1.142739893111866e-05,1.142739893111866e-05,1.2134249e-05,1.2134249e-05,0.874285929222864
S00034,51043,1,4.140212535858154,0.0,0.0007466883,0.002836506,0.00010398394382112504,6.304726260471701e-06,6.4165636407172615e-06,6.897232651681406e-06,6.3499974203296006e-06,6.3499974203296006e-06,6.8972327e-06,6.8972327e-06,0.8856686501739995
S00034,54039,1,4.606341361999512,3.979268e-05,0.001453279,-0.001585925,0.0001475393922495035,1.014707868307596e-05,1.0136091987078544e-05,1.1897140211658552e-05,1.0801323696796317e-05,1.0801323696796317e-05,1.189714e-05,1.2011215e-05,0.8713005799030856
S00034,54005,1,5.0600786209106445,0.0,0.0012125294,-0.0020744654,0.0003667645663275228,7.877501351079749e-06,7.824004872721465e-06,9.213495104631875e-06,8.193866051442456e-06,8.193866051442456e-06,9.213495e-06,9.213495e-06,0.9579465199949854
S00034,12069,1,4.190218925476074,7.9217105e-05,0.00019408298,7.756913e-05,6.792774608281131e-05,9.138472402507128e-07,8.255236328598888e-07,5.488872147907387e-07,6.530526661663316e-07,6.530526661663316e-07,5.488872e-07,5.733612e-07,0.9734507237227301
S00034,42075,1,4.43438720703125,1.569908e-05,9.435801e-05,0.0016785713,3.412734137479371e-05,1.0687669297719065e-06,4.879414348124556e-07,6.90052672780439e-08,2.159166996307249e-07,2.159166996307249e-07,6.900527e-08,7.172147e-08,0.9392678917496532
S00034,54035,1,4.340025901794434,0.0,0.0042382535,-0.004714433,0.0005525829328689724,0.000248001393629238,0.0002483069062388192,0.0002545827883295715,0.0002508091274648905,0.0002508091274648905,0.0002545828,0.0002545828,0.38044904097983895
S00034,51069,1,4.2739057540893555,3.2744658e-05,8.2771214e-05,0.0005375063,0.00011253499421097028,9.299228670064016e-07,7.732201368071401e-07,1.8954041536289878e-07,3.688664946821518e-07,3.688664946821518e-07,1.8954042e-07,1.9388887e-07,0.9836086273897803
S00034,13115,1,3.1252455711364746,3.761823e-05,0.0005685652,0.0017313203,4.539873346705766e-05,3.850849301064348e-06,3.848874712275574e-06,3.9395372368744574e-06,3.66389099326625e-06,3.66389099326625e-06,3.9395372e-06,3.980899e-06,0.8436190081367794
S00034,54027,1,4.686119556427002,0.0,0.0014998862,0.0021723513,0.00013828016381012276,0.00010305191244697198,0.00010194779315497726,0.00010318811109755188,0.00010188650048803538,0.00010188650048803538,0.00010318811,0.00010318811,0.14597417761251755
S00034,13047,1,5.271569728851318,1.6367148e-05,0.000107636726,0.0019500988,5.7899367675418034e-05,3.9341111346402613e-07,6.672093775250687e-07,2.1755678858426108e-07,3.61476139687511e-07,3.61476139687511e-07,2.1755679e-07,2.208123e-07,0.9865022350405069
S00034,54091,1,3.7576210498809814,0.0,0.00035000732,-0.0011839252,0.0001297502252176249,3.81525880281212e-06,3.7962245945285153e-06,3.7394665923784487e-06,3.605415713536786e-06,3.605415713536786e-06,3.7394666e-06,3.7394666e-06,0.9428705877002125
S00034,37043,1,2.139497995376587,0.0,0.0,-0.00050300424,0.00018692358814102286,2.3603337524491508e-06,5.909084184925936e-07,0.0,2.412281219221768e-07,2.412281219221768e-07,0.0,0.0,0.9750603883432051
S00034,24001,1,3.956165313720703,0.00010728175,0.00047592307,6.327272e-05,5.377257790920945e-05,6.618310332366188e-06,5.277515356283402e-06,3.0711480576428585e-06,2.923949978139717e-06,2.923949978139717e-06,3.071148e-06,3.1617542e-06,0.7808175860606117
S00034,12027,1,5.423333644866943,0.0,0.00019502215,-0.00026278698,2.9045129546526976e-05,6.830590943233498e-07,6.628454608896087e-07,3.790471225784131e-07,4.3528174842322187e-07,4.3528174842322187e-07,3.7904712e-07,3.7904712e-07,0.9540463697552873
S00034,54007,1,4.084494113922119,0.0,0.0023181662,-0.0006205962,0.00021268026102916338,3.4686137951212004e-05,3.484767997482171e-05,3.849355925922282e-05,3.648572601377964e-05,3.648572601377964e-05,3.849356e-05,3.849356e-05,0.7195565922115089
S00034,13311,1,1.8887192010879517,0.0,0.0021615303,0.0071569174,0.0002734300651354715,6.187863740099904e-05,5.242976597704304e-05,4.6980901970528066e-05,4.520596485235728e-05,4.520596485235728e-05,4.6980902e-05,4.6980902e-05,0.6309154105878378
S00034,13085,1,2.102003335952759,0.0,0.00026024462,0.005440438,0.0005764397938037291,2.244505776616279e-05,1.3364487434349334e-05,7.399191304102715e-07,7.418759651045548e-07,7.418759651045548e-07,7.3991913e-07,7.3991913e-07,0.9250438286848424
S00034,54079,1,4.47030782699585,0.00014025737,0.000746213,-0.00459362,0.00020108683747821487,2.1525985024103043e-06,2.048335621414784e-06,2.2045978766982444e-06,1.9198162135580787e-06,1.9198162135580787e-06,2.2045979e-06,2.3942493e-06,0.9788171179276888
S00034,51195,1,4.8432698249816895,0.0,0.00088079955,0.0015732005,4.438935260016782e-05,1.8582004486233927e-05,1.8466550197141867e-05,1.882891774585005e-05,1.834327485994436e-05,1.834327485994436e-05,1.8828918e-05,1.8828918e-05,0.40982677375880816
S00034,13195,1,2.602991819381714,0.0,0.0003222639,0.0051187226,0.0008367696427740157,1.0437395758344792e-05,9.523211398724621e-06,2.867990815502708e-06,2.8107256184739526e-06,2.8107256184739526e-06,2.8679908e-06,2.8679908e-06,0.9753604602331308
S00034,54003,1,4.560087203979492,0.0,8.367565e-05,0.0021157367,7.471409844583832e-05,1.483133606446548e-06,1.2854234607099595e-06,6.273202757256513e-08,2.1545025674640783e-07,2.1545025674640783e-07,6.273203e-08,6.273203e-08,0.9610711946746608
S00034,54087,1,4.230075359344482,0.0,0.00089687575,-0.0033310223,0.00020876116711103046,6.693411554200186e-06,6.42328783821237e-06,5.949570550001226e-06,5.679666173818987e-06,5.679666173818987e-06,5.9495706e-06,5.9495706e-06,0.937867075318921
S00037,12071,4,1.0,5.9829545e-06,0.12034959,0.08195165,0.017693476130565006,0.003076756741696348,0.01042695219318072,0.030549969524145126,0.030438771471381187,0.030438771471381187,0.03054997,0.030551413,0.7037340158274916
S00037,12015,4,1.0,9.0835765e-06,0.18889356,0.13464957,0.035820690294106804,0.006249935055772464,0.02180891390889883,0.06868112087249756,0.06850733608007431,0.06850733608007431,0.06868112,0.06868455,0.7028836627078852
S00037,12097,4,1.0,2.5075728e-06,0.035131913,0.030627953,0.0019541334089202187,0.0015870004620713492,0.002226215942452351,0.004316268023103476,0.004284804221242666,0.004284804221242666,0.004316268,0.004316444,0.10367666409235951
S00037,12053,4,1.0,0.0,0.17139395,0.19590229,0.07801034549872081,0.006569022312760353,0.011834466209014257,0.05576396733522415,0.05560358241200447,0.05560358241200447,0.055763967,0.055763967,0.8446660815105159
S00037,12103,4,1.0,0.001435476,0.46430206,0.2524136,0.13446874854465327,0.10586462169885635,0.09270428369442622,0.29326146841049194,0.294001042842865,0.294001042842865,0.29326147,0.29459238,0.11901854002552685
S00037,12115,4,1.0,3.308448e-05,0.27353823,0.122409485,0.057618446027239166,0.03224849064523975,0.032427764808138214,0.11769894510507584,0.11745354533195496,0.11745354533195496,0.117698945,0.11771704,0.2823057769784733
S00037,12011,4,1.0,1.8227982e-05,0.0005765754,0.0021131702,6.402740867391306e-05,9.498565911295978e-06,1.6326728503675742e-05,9.471741577726789e-07,6.988913128225249e-07,6.988913128225249e-07,9.4717416e-07,9.678615e-07,0.7416269293979063
S00037,12093,4,1.0,0.0,0.03478456,0.10228856,0.002831918808321158,0.034419599920511246,0.039405593260501824,0.0024336010683327913,0.0024019174743443727,0.0024019174743443727,0.002433601,0.002433601,-0.8479568669972496
S00037,12029,4,1.0,0.0,0.0014490773,0.0053007556,0.00026991332439744536,1.033334501698846e-05,1.0248881456694411e-05,1.09741413325537e-05,9.990992111852393e-06,9.990992111852393e-06,1.0974141e-05,1.0974141e-05,0.9262553589765784
S00037,12105,4,1.0,0.0,0.18585822,0.057102337,0.04114741956194242,0.024818025218943756,0.015539094184835752,0.06417239457368851,0.06399265676736832,0.06399265676736832,0.064172395,0.064172395,0.24754467126294874
S00037,12019,4,1.0,0.0,0.0029533608,0.003077157,0.00027457292890176177,7.866578622876356e-05,7.22906236963657e-05,9.655949543230236e-05,9.44226048886776e-05,9.44226048886776e-05,9.6559495e-05,9.6559495e-05,0.55460269297098
S00037,12061,4,1.0,5.221605e-06,0.16010731,0.05252651,0.02348357066512108,0.013754545400540033,0.017334929667413235,0.03557787463068962,0.03542247787117958,0.03542247787117958,0.035577875,0.035579547,0.26126523821522224
S00037,12051,4,1.0,0.0,0.024237325,0.023127241,0.0014571309632932146,0.0014125622692517936,0.0034689580012733736,0.0028279952239245176,0.0028074246365576982,0.0028074246365576982,0.0028279952,0.0028279952,0.015530821739400654
S00037,12117,4,1.0,0.0,0.090294346,0.059725616,0.0074978047438586755,0.005471389119823773,0.0028300792716133096,0.018721474334597588,0.01863391138613224,0.01863391138613224,0.018721474,0.018721474,0.1562483871653319
S00037,12123,4,1.0,0.0,0.0032074733,-0.0035472205,0.00020560507982736453,2.995798665021236e-05,3.1146787781229555e-05,3.469049261184409e-05,3.158658364554867e-05,3.158658364554867e-05,3.4690493e-05,3.4690493e-05,0.7456478462589208
S00037,12049,4,1.0,0.0,0.16305947,0.077942185,0.03259595421453317,0.027282259116570156,0.03389288671314716,0.0623137503862381,0.06216244027018547,0.06216244027018547,0.06231375,0.06231375,0.08874171092214025
S00037,13051,4,1.0,3.071725e-05,0.000230806,0.0014393886,4.9582564505120295e-05,5.518408935737776e-07,5.964555687872538e-07,5.067291795057827e-07,5.580299671237299e-07,5.580299671237299e-07,5.067292e-07,5.199651e-07,0.9779855414984876
S00037,13191,4,1.0,0.0,0.0016668068,0.0011695819,7.610749404799814e-05,5.286901675087089e-05,5.188263579232929e-05,5.364311800803989e-05,5.242336919764057e-05,5.242336919764057e-05,5.3643118e-05,5.3643118e-05,0.18017604254596586
S00037,12086,4,1.0,2.8324683e-05,0.00054121536,0.002535626,7.471717162843561e-05,5.473927217281016e-06,6.393038271805078e-06,6.26231667411048e-07,4.4233891571821005e-07,4.4233891571821005e-07,6.2623167e-07,6.560888e-07,0.8634779346816893
S00037,45053,4,1.0,0.0,0.00021830521,0.0017111095,6.086419224023606e-05,1.2219549413809243e-06,1.06037756116469e-06,9.901316389004933e-07,1.0285912139806896e-06,1.0285912139806896e-06,9.901316e-07,9.901316e-07,0.9606367926872187
S00037,12099,4,1.0,1.1991377e-05,0.0073361,0.013671046,0.00043123392000173527,0.00018016857211478055,0.0015750502207083628,0.00021009804913774133,0.00020413586753420532,0.00020413586753420532,0.00021009805,0.00021027382,0.41063841106998444
S00037,12075,4,1.0,0.0,0.02673823,0.0029840204,0.002157583638715247,0.003015249657134215,0.002850698928038279,0.0031311004422605038,0.003108656732365489,0.003108656732365489,0.0031311004,0.0031311004,-0.16580198304614516
S00037,12087,4,1.0,0.0,7.0037306e-05,0.008879811,0.0005454424093140157,0.0003805914955184638,0.0008097622532356278,7.501327559111814e-08,2.7342355224391213e-07,2.7342355224391213e-07,7.5013276e-08,7.5013276e-08,0.17801822690862878
S00037,13179,4,1.0,0.0006326635,0.0008380595,0.001827822,2.425934830322755e-05,1.7000070708187802e-06,1.6263256081098614e-06,1.4312541907202103e-06,1.4652864592790138e-06,1.4652864592790138e-06,1.4312542e-06,2.0914106e-06,0.8690254787668251
S00037,12055,4,1.0,0.0,0.25510556,0.030566188,0.1188855841755867,0.0979887197415034,0.0869558850924174,0.1385609656572342,0.1383153200149536,0.1383153200149536,0.13856097,0.13856097,0.09635472740040267
S00037,12017,4,1.0,0.0,0.0967647,0.105479166,0.019841313051680725,0.004878948365027706,0.008663736594220003,0.022943897172808647,0.022855738177895546,0.022855738177895546,0.022943897,0.022943897,0.6052672516051935
S00037,12031,4,1.0,0.0,0.0009992336,-0.0014637568,0.00012552768536503814,1.3238842257123906e-05,1.7757372006599326e-05,1.3847523405274842e-05,1.3281081010063644e-05,1.3281081010063644e-05,1.3847523e-05,1.3847523e-05,0.8091925699377439
S00037,12119,4,1.0,0.0,0.161324,0.15994999,0.03606721510489782,0.011362504990150532,0.008736161049455404,0.05123910680413246,0.051086317747831345,0.051086317747831345,0.051239107,0.051239107,0.5208698272989903
S00037,12107,4,1.0,0.0,0.060994737,0.07385744,0.013133703420559565,0.004086707020178437,0.0049339608910183115,0.011743148788809776,0.011687152087688446,0.011687152087688446,0.011743149,0.011743149,0.5253647368926131
S00037,12129,4,1.0,0.0,0.0005080865,0.0026793827,4.9622902073072815e-05,9.127172499271788e-07,7.993574702898817e-07,9.632362889533397e-07,6.748971941306081e-07,6.748971941306081e-07,9.632363e-07,9.632363e-07,0.9638782600409618
S00037,13029,4,1.0,0.0001651664,0.00033807498,0.0009822566,1.873608569743131e-05,1.0845071756193647e-06,9.403079275216442e-07,9.075213256437564e-07,9.148855610874307e-07,9.148855610874307e-07,9.075213e-07,9.919187e-07,0.8905676351292268
S00037,12027,4,1.0,0.0,0.077370554,0.08526897,0.006770393733556072,0.006472869931409757,0.015472850141425928,0.012487122789025307,0.012414549477398396,0.012414549477398396,0.012487123,0.012487123,0.022466048375476732
S00037,12043,4,1.0,0.0,0.029374622,0.123877436,0.004567110212519765,0.055099694368739925,0.03966984424429635,0.002220839960500598,0.0021905002649873495,0.0021905002649873495,0.00222084,0.00222084,-0.8469128606912456
S00037,12023,4,1.0,0.0012357935,0.002246136,0.00090191036,5.186756607145071e-05,5.780333716150684e-05,5.68478220278242e-05,5.549492561840452e-05,5.649045851896517e-05,5.649045851896517e-05,5.5494926e-05,5.951926e-05,-0.05412348138911243
S00037,12037,4,1.0,0.0,0.0008388341,0.011991592,0.001968739399823486,2.0043896711285925e-06,1.930484586409875e-06,2.7572991712077055e-06,2.082276751025347e-06,2.082276751025347e-06,2.7572992e-06,2.7572992e-06,0.9979658546363933
S00037,12057,4,1.0,1.4956809e-05,0.32361698,0.18422058,0.0820641436924537,0.06082592035333315,0.0528687077263991,0.1717020720243454,0.1713898777961731,0.1713898777961731,0.17170207,0.17171176,0.1486333110769346
S00037,12009,4,1.0,2.5218424e-05,0.04013445,0.029938193,0.002246187417767942,0.002619770976404349,0.001732838301298519,0.00374789210036397,0.0037115816958248615,0.0037115816958248615,0.003747892,0.0037499154,-0.07677491839712991
S00037,12035,4,1.0,0.0,0.0906844,0.14013362,0.05681101605296135,0.011339549130449692,0.01916945508370797,0.020450077950954437,0.020365068688988686,0.020365068688988686,0.020450078,0.020450078,0.6672206870205113
S00037,12083,4,1.0,0.00026499043,0.07361101,0.07610859,0.014609375813355049,0.0019170970966418583,0.006258972532426317,0.013971826992928982,0.013936960138380527,0.013936960138380527,0.013971827,0.01401077,0.7679968245998574
S00037,13039,4,1.0,0.0,0.00015079712,0.0036449616,0.00013644480785994043,1.9800654248077385e-06,1.624842639103008e-06,1.257815142707841e-06,1.379110130983463e-06,1.379110130983463e-06,1.2578151e-06,1.2578151e-06,0.9713914793227278
S00037,12081,4,1.0,4.650568e-05,0.37475094,0.17341553,0.09060177331169446,0.05683650045345227,0.054852633426586785,0.19954368472099304,0.19921129941940308,0.19921129941940308,0.19954368,0.19957854,0.22901294213486675
S00037,12095,4,1.0,5.1758205e-05,0.05916814,0.024168123,0.0037681232982625565,0.003751829188937942,0.0015614454556877415,0.007863347418606281,0.007811630144715309,0.007811630144715309,0.007863347,0.00786947,0.0021667835471498318
S00037,12111,4,1.0,1.3950504e-05,0.066604346,0.07950453,0.004159944985682766,0.010059374539802471,0.020961522435148556,0.009252246469259262,0.00919315591454506,0.00919315591454506,0.0092522465,0.009254103,-0.41488831751380073
S00037,13127,4,1.0,0.00018308856,0.0005418088,0.00035769795,1.874855445294088e-05,2.062238309008535e-06,1.9012286808598826e-06,1.8547169702287647e-06,1.772197265381692e-06,1.772197265381692e-06,1.854717e-06,2.0195937e-06,0.8018106919233615
S00037,12069,4,1.0,4.592296e-06,0.14385849,0.1282303,0.024747879710048437,0.009251328029980263,0.011202464656283459,0.04122934117913246,0.041091885417699814,0.041091885417699814,0.04122934,0.041230664,0.45579155251383785
S00037,12101,4,1.0,0.00013543232,0.20702358,0.18272576,0.04984196648001671,0.01821291074156761,0.015043765616913637,0.07301037013530731,0.07286037504673004,0.07286037504673004,0.07301037,0.073066436,0.4647581044847967
S00037,12109,4,1.0,0.00013356286,0.022485051,0.037442457,0.003418911558886369,0.002905963638719792,0.008391346491407603,0.0021737089846283197,0.0021584536880254745,0.0021584536880254745,0.002173709,0.0021796974,0.0811000856365858
S00037,12085,4,1.0,6.951541e-06,0.043137543,0.08051811,0.0037904263784488044,0.009874974571478864,0.016258214716799557,0.0033941774163395166,0.0033543601166456938,0.0033543601166456938,0.0033941774,0.0033947767,-0.4452520797102748
S00037,12127,4,1.0,5.3131434e-06,0.16584198,0.14598021,0.05830921791493893,0.015015313712259134,0.006871306609051923,0.048668283969163895,0.04850605130195618,0.04850605130195618,0.048668284,0.048670046,0.5904422877570882
S00037,12001,4,1.0,0.0,0.0046154223,0.0023421226,7.845156142138876e-05,9.798138004650052e-05,8.50797732709907e-05,0.00013286243483889848,0.0001292536617256701,0.0001292536617256701,0.00013286243,0.00013286243,-0.11069258644461344
S00037,12021,4,1.0,1.475338e-05,0.08737598,0.01570307,0.012715527787804604,0.008838186816622814,0.007035115248678873,0.014424226246774197,0.01434329617768526,0.01434329617768526,0.014424226,0.014426804,0.17989200666066776
S00037,12089,4,1.0,0.00043623097,0.0008305784,0.0019565586,6.733390212806019e-05,5.403351224231301e-06,5.272142364750228e-06,5.114067789691035e-06,5.048547791375313e-06,5.048547791375313e-06,5.114068e-06,5.648418e-06,0.8514282303715535
S00037,13001,4,1.0,0.32325274,0.16821668,0.0765003,0.035536833107471466,0.02279908147950967,0.01910890405997634,0.03465333208441734,0.019485557451844215,0.019485557451844215,0.034653332,0.038914006,0.21835179439878857
S00037,45003,4,1.0,0.010327413,0.0017999978,0.012860433,0.0011557749021449126,2.8782858407794265e-06,1.9283057781649404e-06,8.189838263206184e-05,1.2472288517528796e-06,1.2472288517528796e-06,8.189838e-05,1.2421577e-05,0.9950316697513545
S00037,45075,4,1.0,0.0,4.2678806e-05,0.0008083442,4.729568018291275e-05,2.799262013297721e-07,2.902481313071803e-07,2.447897173851743e-08,2.2351304096446256e-07,2.2351304096446256e-07,2.4478972e-08,2.4478972e-08,0.9882323643310414
S00037,13027,4,1.0,0.00048579063,0.00012418866,0.0027016595,4.1113579882789963e-05,8.67782318891841e-07,6.637035312451189e-07,1.74849830614221e-07,2.2487364503831486e-07,2.2487364503831486e-07,1.7484983e-07,5.9516676e-08,0.9586586869324084
S00037,45019,4,1.0,0.0,2.470721e-05,0.0003397008,2.0830725694735246e-05,2.740959586707466e-07,3.41547658007831e-07,7.032530557893324e-09,2.2791040521497052e-07,2.2791040521497052e-07,7.0325306e-09,7.0325306e-09,0.9740252760082897
S00037,13185,4,1.0,0.04579012,0.015454839,0.018408988,0.0008090505143627524,0.00024988553680789966,0.0002374383572411413,0.0012736411299556494,0.00021632171410601586,0.00021632171410601586,0.0012736411,0.000592264,0.528044141038259
S00037,45011,4,1.0,2.4510606e-05,8.851052e-06,0.0003884607,4.2951330296470136e-05,3.0783939782471254e-07,5.53432954575328e-07,8.742683799134454e-10,2.3704427576376474e-07,2.3704427576376474e-07,8.742684e-10,7.073879e-10,0.9857676696062285
S00037,13017,4,1.0,0.0,0.00019837855,0.0017671363,3.444241468741893e-05,1.1263059226015078e-06,1.07548186178974e-06,9.52374023199809e-07,9.838151981966803e-07,9.838151981966803e-07,9.52374e-07,9.52374e-07,0.9366687413387477
S00037,13275,4,1.0,0.00015359213,0.00013519308,0.0024340437,4.432374413454454e-05,8.428238894945631e-07,8.00893928953883e-07,3.880997496708005e-07,5.502639055521286e-07,5.502639055521286e-07,3.8809975e-07,4.0603845e-07,0.9626793034597633
S00037,13321,4,1.0,0.0,0.000503079,0.0016232678,3.1098690063420996e-05,4.7641102961885435e-06,4.734512761691197e-06,5.062265699962154e-06,4.774377885041758e-06,4.774377885041758e-06,5.0622657e-06,5.0622657e-06,0.7343146520396037
S00037,13103,4,1.0,0.00012511338,0.0012171947,0.0026193971,9.648655880785857e-05,4.1117886818634965e-05,4.091355367563665e-05,4.141383396927267e-05,4.0692175389267504e-05,4.0692175389267504e-05,4.1413834e-05,4.170275e-05,0.4023756044881972
S00037,12005,4,1.0,0.0,4.9459464e-05,0.0018252593,3.6262531381225926e-05,4.524821382763851e-07,3.261616896566011e-07,2.043518065875105e-08,2.1362276925174228e-07,2.1362276925174228e-07,2.043518e-08,2.043518e-08,0.9753516561808679
S00037,13071,4,1.0,0.0005330749,0.0027686912,0.0021034167,0.00019177472859155387,0.00018135936988983303,0.00018075114348903298,0.00018143103807233274,0.000181372684892267,0.000181372684892267,0.00018143104,0.00018409871,0.027913178517080462
S00037,12125,4,1.0,0.0,0.0015015885,0.0017373748,0.0001274930855288403,2.1652661719902728e-05,2.0282306043858018e-05,2.1140678654774092e-05,2.0300263713579625e-05,2.0300263713579625e-05,2.1140679e-05,2.1140679e-05,0.7096442624838541
S00037,12065,4,1.0,0.0,0.0018911543,-0.0013382977,6.017885486168476e-05,1.4818508437504837e-05,1.488311651579958e-05,1.694607999525033e-05,1.5499615983571857e-05,1.5499615983571857e-05,1.694608e-05,1.694608e-05,0.6048258822543175
S00037,45049,4,1.0,4.405092e-05,8.221309e-05,0.0033779698,0.00011640938775769882,4.6267839100740577e-07,4.0196177053530846e-07,1.6491163989940105e-07,3.4184233754785964e-07,3.4184233754785964e-07,1.6491164e-07,1.7021426e-07,0.992082310063404
S00037,12079,4,1.0,0.0,0.002062794,0.0054283785,0.00021774618714213526,1.010188346602566e-05,1.1315625063919773e-05,1.4758801626157947e-05,1.2787772902811412e-05,1.2787772902811412e-05,1.4758802e-05,1.4758802e-05,0.9113278998671157
S00037,13069,4,1.0,0.3561758,0.2339591,0.08806099,0.04364063528676828,0.03957292685906092,0.03706355455021063,0.02189311571419239,0.03740932047367096,0.03740932047367096,0.021893116,0.061693046,0.04888275808429911
S00037,13101,4,1.0,0.0024594197,0.0032365276,0.0007778176,7.081602476925279e-05,4.3179786492449544e-05,4.262446964276023e-05,3.91876747016795e-05,4.315002297516912e-05,4.315002297516912e-05,3.9187675e-05,4.9058883e-05,0.24243205053699926
S00037,13299,4,1.0,0.09005019,0.03442074,0.025087854,0.0026695169120406113,0.0009795090251524623,0.0008615006712110093,0.004158861469477415,0.0007720441208221018,0.0007720441208221018,0.0041588615,0.002249013,0.46313945583739735
S00037,13183,4,1.0,0.043296557,0.028398855,0.015225185,0.0010385831895594795,0.0010314434960794945,0.0009409110837926468,0.000982625992037356,0.0011023756815120578,0.0011023756815120578,0.000982626,0.0015671795,0.0034490828207758705
S00037,12003,4,1.0,5.8363486e-05,0.0005109845,0.0007269741,1.9052060603523085e-05,1.7529420877811692e-06,1.5408055181372522e-06,1.6369635886803735e-06,1.5003890894149663e-06,1.5003890894149663e-06,1.6369636e-06,1.6932031e-06,0.8314884055733542
S00037,13005,4,1.0,0.07842451,0.050074432,0.016527124,0.00329911468240122,0.0023397854917372265,0.0020123975118622184,0.0016822463367134333,0.002209855243563652,0.002209855243563652,0.0016822463,0.0033859676,0.17012700367772815
S00037,12133,4,1.0,0.0,1.0294777e-05,0.0033685074,7.777677082051089e-05,8.313314007561227e-07,5.778098568498535e-07,1.1201919392078707e-09,2.3271566362836893e-07,2.3271566362836893e-07,1.1201919e-09,1.1201919e-09,0.978848709553728
S00037,13049,4,1.0,0.0,6.697242e-05,0.001504435,5.2610405510004434e-05,5.3065591032464e-07,8.653062811466347e-07,3.551922489464232e-08,2.2169830060647655e-07,2.2169830060647655e-07,3.5519225e-08,3.5519225e-08,0.9800284037939205
S00037,12041,4,1.0,0.0,0.0027303556,0.00089678634,6.635296206998949e-05,6.708894215989858e-05,6.638967655211066e-05,6.945140921743587e-05,6.776822556275874e-05,6.776822556275874e-05,6.945141e-05,6.945141e-05,-0.005515359617779254
S00037,13245,4,1.0,0.027879857,0.0066880123,0.015053171,0.0006237457710085437,1.8786209238896845e-05,1.5400550485840842e-05,0.0004894175799563527,9.472174497204833e-06,9.472174497204833e-06,0.0004894176,8.5052816e-05,0.941524438264809
S00037,45089,4,1.0,0.0,0.00017374464,0.0017225597,5.130315724954926e-05,9.141489272224135e-07,7.663626320209005e-07,3.9044408595145796e-07,4.7168254013740807e-07,4.7168254013740807e-07,3.904441e-07,3.904441e-07,0.9649867450408974
S00037,12067,4,1.0,0.0,0.004483057,-0.0021575282,0.00038480940080868703,0.0002538698317948729,0.0002531797702734669,0.00025684345746412873,0.0002537539985496551,0.0002537539985496551,0.00025684346,0.00025684346,0.2050161682571739
S00037,12131,4,1.0,0.0,5.344733e-05,0.0008230759,1.857507671646867e-05,5.520458425204803e-07,6.032624734568041e-07,2.1786499715403806e-08,2.2116637410363182e-07,2.2116637410363182e-07,2.17865e-08,2.17865e-08,0.9422761222114889
S00037,45015,4,1.0,0.0,1.0402498e-05,-0.0003661784,2.990836866863707e-05,2.6764140266995656e-07,2.530728346883393e-07,2.1803834293621094e-09,2.3349782907189365e-07,2.3349782907189365e-07,2.1803834e-09,2.1803834e-09,0.982261312742307
S00037,13033,4,1.0,0.05533597,0.023907552,0.022051891,0.0007201264864609888,0.00034687735508972156,0.00028920068143634126,0.0012624332448467612,0.00033034509397111833,0.00033034509397111833,0.0012624332,0.0008462591,0.3498104850576849
S00037,45017,4,1.0,0.0,2.6067735e-05,0.001223982,3.0990485232695875e-05,2.588596714758751e-07,4.245975352053695e-07,6.5270717719556615e-09,2.2255204612520174e-07,2.2255204612520174e-07,6.5270718e-09,6.5270718e-09,0.9834326337227429
S00037,12121,4,1.0,0.000118795884,0.001376176,-0.0009750206,5.6132805184461176e-05,1.2414005141181406e-05,1.2133682806355258e-05,1.3016717275604606e-05,1.2425607565091923e-05,1.2425607565091923e-05,1.3016717e-05,1.3329573e-05,0.6377948125607394
S00037,45013,4,1.0,3.064937e-06,0.00025961507,-3.0289288e-05,2.8308311698310717e-05,1.3243611268383877e-06,1.299599413565981e-06,1.1139960633954615e-06,1.133496084548824e-06,1.133496084548824e-06,1.1139961e-06,1.1155781e-06,0.9106148044995518
S00037,45035,4,1.0,0.0,7.178206e-05,-0.00070561905,4.7811496562151966e-05,2.8831893909379386e-07,3.3439968187091534e-07,2.0733135386308277e-07,3.7783041761940694e-07,3.7783041761940694e-07,2.0733135e-07,2.0733135e-07,0.9880116405400214
S00037,13277,4,1.0,0.03504417,0.012980272,0.013796812,0.0005460934480652213,0.00021421680382142463,0.00020271084213163704,0.0007860174519009888,0.00018941851158160716,0.00018941851158160716,0.00078601745,0.0004676893,0.43650160368122454
S00037,12007,4,1.0,0.0,0.0024846026,-0.00018068828,0.00010826977813849226,6.839361109693225e-05,6.346792967330354e-05,7.067103433655575e-05,6.87871579430066e-05,6.87871579430066e-05,7.0671034e-05,7.0671034e-05,0.22571834047868503
S00037,13287,4,1.0,0.0,0.0001249791,0.00221045,4.544575558895758e-05,5.332447017281083e-07,3.608435577007185e-07,6.001037888836436e-08,1.8791497780057398e-07,1.8791497780057398e-07,6.001038e-08,6.001038e-08,0.9768048588113329
S00037,45027,4,1.0,0.0,0.00019861758,0.0019997163,4.836980023507446e-05,1.375423266836151e-06,1.3594210865145822e-06,1.1392561418688274e-06,1.1801037089753663e-06,1.1801037089753663e-06,1.1392561e-06,1.1392561e-06,0.9447012931087414
S00037,45043,4,1.0,0.0,4.4556244e-05,-0.00050581095,5.224097819933604e-05,6.798687313865533e-07,5.471221484754096e-07,4.9080817632329854e-08,2.4553480670874706e-07,2.4553480670874706e-07,4.9080818e-08,4.9080818e-08,0.9743062036676565
S00037,45005,4,1.0,0.0,5.7381912e-05,0.0013661615,3.910457725453398e-05,6.285316563510909e-07,6.277211923588766e-07,9.502052478183032e-08,2.7696938786903047e-07,2.7696938786903047e-07,9.5020525e-08,9.5020525e-08,0.9683623218228008
S00037,45029,4,1.0,0.0,0.00012668675,0.004394548,0.0001913321544388206,1.1481014515387262e-06,6.540939712825397e-07,3.4778506119437225e-07,4.661478101297689e-07,4.661478101297689e-07,3.4778506e-07,3.4778506e-07,0.9880704496549223
S00037,13229,4,1.0,0.09254476,0.028854672,0.022175798,0.0030712890826786556,0.0006002120984097322,0.00048560761206317693,0.004959021229296923,0.0004931745934300125,0.0004931745934300125,0.004959021,0.001735186,0.6730426772016975
S00037,13003,4,1.0,0.674273,0.39778292,0.1692362,0.14997252573569617,0.10563760250806808,0.09743377069632213,0.10513598471879959,0.10224248468875885,0.10224248468875885,0.105135985,0.1869205,0.17344744330845838
S00037,13155,4,1.0,0.0007122507,0.00027884118,0.0006972435,2.5513082780056113e-05,3.859370849568222e-07,3.2904361546570726e-07,4.2148488432758313e-07,3.1018714707897743e-07,3.1018714707897743e-07,4.2148488e-07,3.1139345e-07,0.9701967806528319
S00037,45063,4,1.0,2.1769418e-05,7.776615e-05,-0.00058465026,3.628147502846938e-05,1.763782672507356e-07,2.64596418257194e-07,7.235121302073821e-08,2.4995031822072633e-07,2.4995031822072633e-07,7.235121e-08,7.526316e-08,0.9903242647985838
S00037,12077,4,1.0,8.574859e-05,6.550239e-06,0.083162785,0.0652063326439231,1.7396392877344624e-06,1.1095168019892299e-06,7.123043932466544e-09,2.4405858312093187e-07,2.4405858312093187e-07,7.123044e-09,8.935718e-10,0.9999466434376352
S00037,13019,4,1.0,0.0004241536,0.00054987345,0.0008788607,2.0303456513678004e-05,8.390556634670551e-07,7.976213396432286e-07,7.517442668358854e-07,7.401499146908463e-07,7.401499146908463e-07,7.5174427e-07,1.0382995e-06,0.9206285746521581
S00037,12045,4,1.0,0.0,0.00046233818,0.0032151593,0.00012829879976076578,6.028612157630657e-06,5.674687145074131e-06,5.690073976438725e-06,5.525520464289002e-06,5.525520464289002e-06,5.690074e-06,5.690074e-06,0.9102400311070831
S00037,13075,4,1.0,0.0,8.819217e-05,0.004837408,0.0001711352954269311,6.595806780751445e-07,3.7706534309715306e-07,3.349644828176679e-08,1.8385797773134982e-07,1.8385797773134982e-07,3.349645e-08,3.349645e-08,0.9923212997613271
S00037,13305,4,1.0,0.080324076,0.02043226,0.019085946,0.0019746003090403974,0.0002949130587997691,0.0002539482441837511,0.004055268131196499,0.000167848018463701,0.000167848018463701,0.004055268,0.000885716,0.7401089916642088
S00037,13065,4,1.0,0.0021656454,0.000495927,-0.0010258723,9.960526919409556e-05,4.290986604852757e-06,2.408636419204413e-06,4.8367282943218015e-06,2.1296689283190062e-06,2.1296689283190062e-06,4.8367283e-06,2.2947122e-06,0.9173986286251483
S00037,12047,4,1.0,0.002729035,0.0040722983,-0.0018580998,0.00017222548922291026,4.474087472772226e-05,4.4385590930081285e-05,3.886671765940264e-05,4.655370503314771e-05,4.655370503314771e-05,3.8866718e-05,5.364597e-05,0.5875777801401292
S00037,13025,4,1.0,0.0003003003,0.00076882436,0.0036194264,7.649706784225903e-05,4.046407108641385e-06,3.767082034755731e-06,3.7464476463355822e-06,3.636724613897968e-06,3.636724613897968e-06,3.7464476e-06,4.1180233e-06,0.8995224104470761
S00037,13167,4,1.5204259157180786,0.08418223,0.03876013,0.024940956,0.0022568086084599295,0.001228050678037107,0.0010714148520492017,0.003036410780623555,0.0011223959736526012,0.0011223959736526012,0.0030364108,0.0024755911,0.29520788239829476
S00037,13251,4,1.400322675704956,0.0,5.5339733e-06,0.0027773054,7.612304090024817e-05,1.006922332180693e-06,6.984307674429147e-07,1.7915540162505295e-09,2.3691164585670776e-07,2.3691164585670776e-07,1.791554e-09,1.791554e-09,0.9738902421320658
S00037,13235,4,1.7282103300094604,0.0,0.0,0.00048641925,2.7535332871290546e-05,9.548208481646725e-07,7.891209084694614e-07,0.0,2.412281219221768e-07,2.412281219221768e-07,0.0,0.0,0.932971871084525
S00037,13273,4,1.8775572776794434,0.0,2.3283972e-06,0.003376746,8.71750460567089e-05,6.508968700321324e-07,6.446526678397883e-07,7.806864044113127e-10,2.394386342530197e-07,2.394386342530197e-07,7.806864e-10,7.806864e-10,0.9851775717210332
S00037,01061,4,1.7138899564743042,0.0,0.0004403397,0.0023882003,4.4635437916440424e-05,5.8398069692581584e-06,5.785187264943185e-06,5.940911250945646e-06,5.723624326492427e-06,5.723624326492427e-06,5.9409113e-06,5.9409113e-06,0.7686070871975985
S00037,13189,4,1.6172935962677002,0.16322862,0.062482316,0.045671158,0.007141134391228358,0.0024820459948386997,0.0020807742063576975,0.01247029472142458,0.002069113776087761,0.002069113776087761,0.012470295,0.0062245177,0.48415266153956016
S00037,45079,4,1.5265402793884277,1.9597415e-05,6.113158e-05,-5.5784913e-05,2.4599782146121168e-05,2.3347324666171213e-07,2.80285831877336e-07,7.774863775011909e-08,2.5986187779381e-07,2.5986187779381e-07,7.774864e-08,7.976062e-08,0.9811967264888223
S00037,13243,4,1.9895459413528442,0.0,0.0011677911,0.0008194562,3.6788156648981385e-05,2.7440872145234607e-05,2.728217502105205e-05,2.8640617529163137e-05,2.7687747206073254e-05,2.7687747206073254e-05,2.8640618e-05,2.8640618e-05,0.14553052847326453
S00037,13023,4,1.7073403596878052,0.0,4.765172e-05,0.0021779584,3.169802430669222e-05,4.940501649267995e-07,4.326313529645631e-07,2.631978368583532e-08,2.2160313051244884e-07,2.2160313051244884e-07,2.6319784e-08,2.6319784e-08,0.969306099526928
S00037,13173,4,1.6889171600341797,0.00095219957,0.0007306809,0.0009059432,2.624645704448388e-05,2.431970074212586e-07,9.183366245224533e-08,9.523330390948104e-08,6.115568851328135e-08,6.115568851328135e-08,9.5233304e-08,5.800573e-07,0.9816383402407048
S00037,12059,4,1.636483073234558,0.0,5.020228e-05,0.039223794,0.013208260418844967,2.0464393249615873e-06,1.3217492475329589e-06,1.2517160996594612e-07,3.38033004254612e-07,3.38033004254612e-07,1.2517161e-07,1.2517161e-07,0.9996901753536941
S00037,13319,4,1.7390409708023071,0.0,0.0012039589,0.00045192093,0.0001250608426441128,8.955300775899862e-05,8.936015850243469e-05,9.072446846403182e-05,8.973795047495514e-05,8.973795047495514e-05,9.072447e-05,9.072447e-05,0.16544987575787604
S00037,45009,4,1.3374472856521606,0.0,9.526551e-05,4.947184e-05,7.681863543969787e-05,1.1588258909493259e-06,1.1015065600380087e-06,8.566027531742293e-07,9.98715904643177e-07,9.98715904643177e-07,8.5660275e-07,8.5660275e-07,0.9702779272067971
S00037,13205,4,1.873242735862732,0.0,0.00015176044,0.0025510346,5.377085877948199e-05,3.3683205439653346e-07,2.957770182850557e-07,1.4394517222626746e-07,2.3314932207085803e-07,2.3314932207085803e-07,1.4394517e-07,1.4394517e-07,0.9875495683070019
S00037,13279,4,1.4241557121276855,0.01407084,0.0021396875,0.009457764,0.000517462922289269,8.438409167865757e-06,9.214334871406512e-06,0.00016026254161261022,6.332736120384652e-06,6.332736120384652e-06,0.00016026254,2.2488412e-05,0.9679087742771628
S00037,45085,4,1.3667206764221191,0.0,1.7533464e-05,0.00036460796,4.816295543497162e-05,3.9307793286980086e-07,3.209367397024228e-07,3.976844187292272e-09,2.2999847715254873e-07,2.2999847715254873e-07,3.976844e-09,3.976844e-09,0.9838093062548171
S00037,13303,4,1.5843360424041748,0.015613697,0.0054207947,0.00848775,0.00024501894707403454,2.1688799582382973e-05,1.5811907057165325e-05,0.0001306015910813585,1.711872755549848e-05,1.711872755549848e-05,0.00013060159,5.609136e-05,0.8373590579629975
S00037,13253,4,1.8245997428894043,0.0,1.4129083e-06,0.001796751,2.595474024173298e-05,6.72693801107016e-07,6.766161201691526e-07,2.8746860447625977e-10,2.399870595581888e-07,2.399870595581888e-07,2.874686e-10,2.874686e-10,0.9494736293384679
S00037,13073,4,1.575884222984314,0.040460363,0.015138756,0.015765432,0.0004368095590810602,0.00012422079453244805,0.00010980959026104149,0.0007573944749310613,0.00010180993558606133,0.00010180993558606133,0.0007573945,0.0003453925,0.5571690774577117
S00037,13099,4,1.8973017930984497,0.0,1.999623e-05,0.006216262,0.0003084456380104683,6.25979978963187e-07,4.1345596457631473e-07,1.0383326198848408e-08,2.2984414727034164e-07,2.2984414727034164e-07,1.0383326e-08,1.0383326e-08,0.9959492884980167
S00037,13177,4,1.832079529762268,0.0,1.771363e-05,0.0032702573,8.42512768413813e-05,1.4481228068537652e-07,2.7858435203143017e-07,2.859111392083946e-09,2.26402164571482e-07,2.26402164571482e-07,2.8591114e-09,2.8591114e-09,0.9965682703501599
S00037,13043,4,1.4004710912704468,0.0,0.00032745057,0.0011785801,4.671583557562068e-05,8.717335617802746e-07,7.719718648028598e-07,7.839164481993066e-07,7.338981049542781e-07,7.338981049542781e-07,7.8391645e-07,7.8391645e-07,0.9633629715666588
S00037,13271,4,1.571284294128418,0.0003844675,0.00047290837,-0.0015429298,7.508607905037934e-05,4.958855849205672e-06,4.521642798257138e-06,4.326748239691369e-06,4.33599279858754e-06,4.33599279858754e-06,4.3267482e-06,4.5425686e-06,0.8760981977079131
S00037,01069,4,1.7632578611373901,0.0,8.551331e-05,0.0028127437,5.251090672686587e-05,5.939761156999642e-07,5.941589146611174e-07,1.250933507890295e-07,2.7737499408431177e-07,2.7737499408431177e-07,1.2509335e-07,1.2509335e-07,0.9776300752809921
S00037,13209,4,1.4458311796188354,0.0,0.0002369766,8.738086e-05,7.022765151039796e-05,5.256467403569332e-07,3.082122788100605e-07,1.9186543909199827e-07,2.0455478022540774e-07,2.0455478022540774e-07,1.9186544e-07,1.9186544e-07,0.9851414208707556
S00037,13165,4,1.4134316444396973,0.0037236244,0.0047331834,0.00037562818,9.669644471917611e-05,2.4062615921138786e-05,2.3012536379004207e-05,8.012411853997037e-06,2.2561713194590993e-05,2.2561713194590993e-05,8.012412e-06,2.9396228e-05,0.601477259038804
S00037,13131,4,1.8764288425445557,0.0,1.2659407e-05,0.0019309437,3.3268148184125344e-05,6.326310900324946e-07,4.754939008459284e-07,7.237112242819421e-09,2.398315359641856e-07,2.398315359641856e-07,7.2371122e-09,7.2371122e-09,0.9626774898053896
S00037,45037,4,1.5750654935836792,0.06694071,0.016961407,0.020782884,0.0018508262000977993,0.00040028175862971693,0.0002833713903479899,0.003186437301337719,0.00024678680347278714,0.00024678680347278714,0.0031864373,0.0009761962,0.6443691142596429
S00037,13091,4,1.6567670106887817,0.0,0.000696382,0.0012620564,4.3130699850735255e-05,2.2617630747845396e-05,2.245213606026179e-05,2.2636975700152107e-05,2.228145422122907e-05,2.228145422122907e-05,2.2636976e-05,2.2636976e-05,0.3119937634330245
S00037,13283,4,1.461029052734375,0.00088241784,0.00069398474,0.00031331347,0.00013027990992971658,3.441565543956434e-06,3.090876361966366e-06,3.067161287617637e-06,3.0277358291641576e-06,3.0277358291641576e-06,3.0671613e-06,3.513269e-06,0.9485263600066391
S00037,13201,4,1.915934443473816,0.0,0.0,0.0014953796,2.480172436965707e-05,6.436585332873316e-07,6.074909795946345e-07,0.0,2.412281219221768e-07,2.412281219221768e-07,0.0,0.0,0.9494086187861727
S00037,13109,4,1.398274540901184,0.010667046,0.0018627822,0.009224619,0.0004174684703078431,4.156462030853921e-06,4.8640710398710025e-06,7.857124001020566e-05,3.9957994886208326e-06,3.9957994886208326e-06,7.857124e-05,4.5261495e-06,0.9802836041607
S00037,13161,4,1.520821213722229,0.5029776,0.4360801,0.12324564,0.1322663752362132,0.1418955847620964,0.13446801404158273,0.012745329178869724,0.14121638238430023,0.14121638238430023,0.012745329,0.19843595,-0.03512233982403164
S00040,51145,1,1.0,0.0,0.0034084357,0.009062286,0.0006747906154487282,0.00015650823964582136,0.0001633828457367296,0.0001792427501641214,0.00017646253400016576,0.00017646253400016576,0.00017924275,0.00017924275,0.6234609522515929
S00040,37133,1,1.0,0.0,0.00044682156,0.012819837,0.0028420837091592452,0.00016641137335682288,0.00011507587623782456,1.9891451756848255e-06,1.9020857280338532e-06,1.9020857280338532e-06,1.9891452e-06,1.9891452e-06,0.8893723481059178
S00040,51036,1,1.0,0.0,0.008795325,0.0010477154,0.0024698087169478336,0.0022458048382153115,0.0022472875813643136,0.002256062813103199,0.0022498571779578924,0.0022498571779578924,0.0022560628,0.0022560628,0.047502594543028076
S00040,37183,1,1.0,0.0,0.000415937,0.010021295,0.0011360525192382436,6.389757133244227e-05,2.6858991380625714e-05,9.692535059002694e-07,8.661257311359805e-07,8.661257311359805e-07,9.692535e-07,9.692535e-07,0.8934996183015359
S00040,51075,1,1.0,0.0,0.0025785288,0.0068640728,0.0006121592693186054,1.579547339739899e-05,2.2086976969148964e-05,4.0359773265663534e-05,3.805770757026039e-05,3.805770757026039e-05,4.0359773e-05,4.0359773e-05,0.9496923191340796
S00040,37065,1,1.0,0.0,0.000757561,0.0055818986,0.0003239661649179955,2.2277274789909523e-05,1.525100712266673e-05,6.831728114775615e-06,6.535985903610708e-06,6.535985903610708e-06,6.831728e-06,6.831728e-06,0.871320162434252
S00040,37143,1,1.0,0.0,0.00045482503,0.008090455,0.000390326080378145,1.2339890721098831e-05,1.491597322456073e-05,4.40105031884741e-06,4.209713551972527e-06,4.209713551972527e-06,4.4010503e-06,4.4010503e-06,0.9387090461733731
S00040,37083,1,1.0,5.733123e-05,0.00056898256,0.0036210816,0.00027306459135919187,7.918469615712334e-06,5.518852200718054e-06,2.6338773295719875e-06,2.44708098762203e-06,2.44708098762203e-06,2.6338773e-06,2.6958317e-06,0.9436373880458254
S00040,37031,1,1.0,0.0,0.0070044827,0.027683716,0.0029288409277796745,0.001094592308315138,0.000996906387930115,0.00058534718118608,0.0005798356723971665,0.0005798356723971665,0.0005853472,0.0005853472,0.4558914021510837
S00040,37131,1,1.0,0.0,0.00067551463,0.004521919,0.0003746359337431689,5.60867541328965e-06,6.049803081017065e-06,6.448781732615316e-06,6.0926199694222305e-06,6.0926199694222305e-06,6.4487817e-06,6.4487817e-06,0.9704996453428648
S00040,51007,1,1.0,0.0,0.0016596997,0.0047312602,0.0003896605339832604,4.07694812262586e-05,3.232600041277086e-05,2.605327608762309e-05,2.4897481125663035e-05,2.4897481125663035e-05,2.6053276e-05,2.6053276e-05,0.81056394867624
S00040,51183,1,1.0,0.0,0.0006298711,-0.00091733114,0.00024756572383921593,6.106406848023956e-06,6.296102734874391e-06,6.3090110415942036e-06,5.964497177046724e-06,5.964497177046724e-06,6.309011e-06,6.309011e-06,0.9518559107657536
S00040,51670,1,1.0,0.0,0.00043201895,0.0015547331,0.0001535692911905547,3.0841308671369916e-06,4.27829922955425e-06,2.8609899800358107e-06,2.672769369382877e-06,2.672769369382877e-06,2.86099e-06,2.86099e-06,0.9606247878070461
S00040,51740,1,1.0,0.0,0.0023288631,0.008431769,0.0004939317877870053,2.900295961201967e-05,2.9509271068188053e-05,3.731678589247167e-05,3.5593053326010704e-05,3.5593053326010704e-05,3.7316786e-05,3.7316786e-05,0.8890761810865515
S00040,51735,1,1.0,0.0,0.009291879,0.009981638,0.004520744861414035,0.004640544454256694,0.004669734121610721,0.004735870286822319,0.004729691427201033,0.004729691427201033,0.0047358703,0.0047358703,-0.013076717557400709
S00040,37049,1,1.0,0.0,0.0059808623,0.013458004,0.0015130329799527924,0.0006738528803301355,0.0006433011343081793,0.0006898553692735732,0.0006850832724012434,0.0006850832724012434,0.00068985537,0.00068985537,0.3837329212573025
S00040,34009,1,1.0,0.00012427874,0.001413794,0.0063674967,0.000465476371270294,1.1666298936082361e-05,9.858955309027806e-06,1.3091638720652554e-05,1.234549199580215e-05,1.234549199580215e-05,1.3091639e-05,1.34276015e-05,0.9510993266184458
S00040,51700,1,1.0,0.0,0.0014781195,0.0042718984,0.0002362937205665124,1.1556603567441925e-05,1.3812702491122764e-05,1.602306292625144e-05,1.507844717707485e-05,1.507844717707485e-05,1.6023063e-05,1.6023063e-05,0.9067453019654232
S00040,51081,1,1.0,0.0,0.003501337,0.0021458517,0.0001885823003249243,0.0002194645203417167,0.00022386174532584846,0.0002362250816076994,0.00023344771761912853,0.00023344771761912853,0.00023622508,0.00023622508,-0.0756830306050149
S00040,37091,1,1.0,0.0,0.00081981625,0.0070521543,0.0003213594851937766,1.185428906561962e-05,1.1801683285739273e-05,1.2461338883440476e-05,1.1960361916862894e-05,1.1960361916862894e-05,1.2461339e-05,1.2461339e-05,0.9288487452719079
S00040,24045,1,1.0,0.0,6.190812e-05,0.0061751944,0.00030344593202850473,1.0766181427849611e-05,9.649731813018056e-06,4.472309100833627e-08,2.3071055466061807e-07,2.3071055466061807e-07,4.472309e-08,4.472309e-08,0.9314718881495629
S00040,51175,1,1.0,0.0,0.002706905,0.0009911419,0.00014388401662775627,0.00010474984931837146,0.00010520197974983603,0.00010851615661522374,0.00010649653268046677,0.00010649653268046677,0.00010851616,0.00010851616,0.1573967695851382
S00040,51101,1,1.0,0.0,0.00043665178,0.0015424174,0.0001154352454856659,2.7317732171165212e-06,2.0965747277538562e-06,1.4820191154285567e-06,1.3472812270265422e-06,1.3472812270265422e-06,1.4820191e-06,1.4820191e-06,0.9537642017695721
S00040,51103,1,1.0,0.0,0.0014224974,-0.0011508054,0.00023738005196112985,1.948864398097309e-05,2.1093742664864596e-05,2.2831653041066602e-05,2.184116056014318e-05,2.184116056014318e-05,2.2831653e-05,2.2831653e-05,0.848259875268213
S00040,37073,1,1.0,0.0,0.00021015707,0.00395118,0.0002543802693253383,6.354461296117127e-06,5.247444050837657e-06,1.616908207324741e-06,1.6800429420982255e-06,1.6800429420982255e-06,1.6169082e-06,1.6169082e-06,0.9512572699389039
S00040,37053,1,1.0,0.0,0.00029704033,0.011772368,0.0007426451969270905,1.4625802881103786e-05,1.659372143573516e-05,5.740377559959597e-07,5.711680728381907e-07,5.711680728381907e-07,5.7403776e-07,5.7403776e-07,0.9613723412495438
S00040,51830,1,1.0,0.0,0.0018412152,0.0020487462,0.00024003056266034642,9.8799236487442e-05,9.819420665735379e-05,9.97543684206903e-05,9.809860057430342e-05,9.809860057430342e-05,9.975437e-05,9.975437e-05,0.41682085379775907
S00040,37141,1,1.0,0.0,0.00011210501,0.031121278,0.009606872995694479,0.0006368915104152014,0.00034392894788955647,8.478965440872344e-08,2.3385564418276772e-07,2.3385564418276772e-07,8.4789654e-08,8.4789654e-08,0.8756528403136676
S00040,51053,1,1.0,0.0,0.0014994629,0.002371676,0.00020210599420048916,3.006910204324716e-05,2.916575673831782e-05,2.9112494303262793e-05,2.8097179892938584e-05,2.8097179892938584e-05,2.9112494e-05,2.9112494e-05,0.7409790926785639
S00040,51135,1,1.0,0.0,0.0004026379,0.0069008153,0.00042611636066188413,2.7421416840904083e-05,1.8062206436297856e-05,8.123890438582748e-06,7.987287972355261e-06,7.987287972355261e-06,8.12389e-06,8.12389e-06,0.8790776945114103
S00040,37101,1,1.0,0.0,0.0013894892,0.018515792,0.00258166486552606,0.0001660731140873395,0.0001079305632932422,2.767849036899861e-05,2.6708192308433354e-05,2.6708192308433354e-05,2.767849e-05,2.767849e-05,0.8791201233017818
S00040,37103,1,1.0,0.0,0.0004896291,0.023917235,0.00593465279477338,0.0002990152715938166,0.00023783130260805288,3.346139237692114e-06,3.22676191899518e-06,3.22676191899518e-06,3.3461392e-06,3.3461392e-06,0.9040644229335508
S00040,37191,1,1.0,0.0,0.00057664444,0.034487568,0.004242181312292814,0.0013958446894927572,0.0007428046665154397,2.7963219508819748e-06,2.6097723093698733e-06,2.6097723093698733e-06,2.796322e-06,2.796322e-06,0.5048463100203188
S00040,51127,1,1.0,0.0,0.0013944805,0.0032304367,0.00027888696058653295,7.965943950694054e-05,7.626526348758489e-05,7.340851152548566e-05,7.254777301568538e-05,7.254777301568538e-05,7.340851e-05,7.340851e-05,0.5556533855245891
S00040,37147,1,1.0,0.0,0.00036012486,-4.526577e-06,0.00022017264078992108,9.411657780826014e-06,7.559465302620083e-06,1.2235993835929548e-06,1.1328824029988027e-06,1.1328824029988027e-06,1.2235994e-06,1.2235994e-06,0.9180113114057251
S00040,37069,1,1.0,0.0,0.00047602286,0.008521159,0.0008498149400111288,4.5152613286821484e-05,1.8158421577633515e-05,1.8143192619390902e-06,1.6689473341102712e-06,1.6689473341102712e-06,1.8143193e-06,1.8143193e-06,0.8990966474249611
S00040,51087,1,1.0,0.0,0.0015899831,0.002704828,0.00014856966784767187,4.833609636989422e-06,5.896119546378031e-06,8.102399078779854e-06,6.930792551429477e-06,6.930792551429477e-06,8.102399e-06,8.102399e-06,0.9369816640655186
S00040,24037,1,1.0,0.000196787,0.0012129918,0.0020861812,9.823332463080685e-05,1.6846122889546677e-05,1.5336888282035943e-05,1.3659329852089286e-05,1.327344580204226e-05,1.327344580204226e-05,1.365933e-05,1.40980055e-05,0.7072262119338523
S00040,34001,1,1.0,0.0,0.0003513748,0.0016054489,9.858494013315067e-05,1.1075709001791742e-05,6.738517489187264e-06,1.072884970199084e-06,9.977825357054826e-07,9.977825357054826e-07,1.072885e-06,1.072885e-06,0.7980003020379247
S00040,51810,1,1.0,0.0,0.0022656526,0.0100253625,0.00045601029705721885,5.6131089271123834e-05,5.446946064087873e-05,4.5580745791085064e-05,4.4220789277460426e-05,4.4220789277460426e-05,4.5580746e-05,4.5580746e-05,0.7807984639806586
S00040,51025,1,1.0,0.0,0.005035061,0.0051344223,0.00020530706873008361,0.00015366375737357885,0.00015715793415438384,0.00017224601469933987,0.00016816111747175455,0.00016816111747175455,0.00017224601,0.00017224601,0.14386492606391185
S00040,51570,1,1.0,0.0,0.00050408853,0.0015563073,0.00023765616060700268,9.355659434125604e-06,1.0371643838880118e-05,1.043090560415294e-05,1.0192069566983264e-05,1.0192069566983264e-05,1.0430906e-05,1.0430906e-05,0.9242492976039134
S00040,51181,1,1.0,0.0,0.018701283,0.0026590435,0.002567571975911657,0.0031309110733369985,0.0031518333901961646,0.003191957250237465,0.0031771818175911903,0.0031771818175911903,0.0031919573,0.0031919573,-0.09885772977768492
S00040,24039,1,1.0,0.0,0.00066785933,0.0060139494,0.00023206239469194165,1.3874002130857358e-05,1.3893338291381951e-05,1.4069407370698173e-05,1.3679145013156813e-05,1.3679145013156813e-05,1.4069407e-05,1.4069407e-05,0.8871740636189462
S00040,37195,1,1.0,0.0,0.0005313363,0.016614549,0.0015772584010846913,0.00020166557321014503,0.000169998677544451,2.0414788650668925e-06,1.8151656604459276e-06,1.8151656604459276e-06,2.0414789e-06,2.0414789e-06,0.773272409474289
S00040,51001,1,1.0,0.0,0.00049660174,0.0025424974,0.00012800420760565126,4.111857985359772e-06,5.145417389940121e-06,2.520182988519082e-06,2.313973936907132e-06,2.313973936907132e-06,2.520183e-06,2.520183e-06,0.9377538535231777
S00040,51199,1,1.0,0.0,0.0036903424,0.010210074,0.0004837226976330082,0.00015152742950400958,0.00015539988817181438,0.00015687182894907892,0.0001544866245239973,0.0001544866245239973,0.00015687183,0.00015687183,0.522936169452111
S00040,51133,1,1.0,0.0,0.0017676356,-0.0004593032,0.0001114698303960419,3.585999608427907e-05,3.761586170488348e-05,3.8740894524380565e-05,3.759542960324325e-05,3.759542960324325e-05,3.8740895e-05,3.8740895e-05,0.5132011359686365
S00040,10005,1,1.0,1.3665169e-05,0.0004461405,0.004413641,0.00025890249041064334,1.3963035295698015e-05,1.2511816142553775e-05,2.6240525130560854e-06,2.5008430384332314e-06,2.5008430384332314e-06,2.6240525e-06,2.6360588e-06,0.8976562886824693
S00040,37127,1,1.0,0.0,0.0014182153,0.0079468,0.0004733773336435358,4.973134673491586e-05,2.6015328937016118e-05,1.796083051885944e-05,1.703819361864589e-05,1.703819361864589e-05,1.796083e-05,1.796083e-05,0.8098622768066593
S00040,37129,1,1.0,0.0,0.0019094513,0.020408291,0.0029640001012012362,0.0003978348516587478,0.00017838460917118937,3.078843292314559e-05,2.9569404432550073e-05,2.9569404432550073e-05,3.0788433e-05,3.0788433e-05,0.7633227941066522
S00040,24009,1,1.0,0.0,0.00083157443,0.0076010143,0.0003668417145187656,4.3994451819647416e-05,3.310514148324728e-05,4.068947873747675e-06,3.544048240655684e-06,3.544048240655684e-06,4.068948e-06,4.068948e-06,0.7858297033012016
S00040,37055,1,1.0,0.0,0.0007302693,0.02147093,0.0023086671329413853,0.0001756398778525181,0.00026649702340364456,6.433459930121899e-06,6.031099019310204e-06,6.031099019310204e-06,6.43346e-06,6.43346e-06,0.8586005054211159
S00040,24019,1,1.0,0.0,0.00034323856,0.0038622268,0.00016085505679560205,1.4195967196428683e-05,1.2772835664994394e-05,6.393908734025899e-06,6.360500265145674e-06,6.360500265145674e-06,6.3939087e-06,6.3939087e-06,0.8378076646146901
S00040,37015,1,1.0,0.0,0.0026740064,0.0074068704,0.0003852457496880864,3.356996179112078e-05,3.500052298477385e-05,4.113961767870933e-05,3.924847624148242e-05,3.924847624148242e-05,4.1139618e-05,4.1139618e-05,0.8396910102892002
S00040,51095,1,1.0,0.0,0.0003865433,-0.0018738877,0.00019342583982506767,7.166653479847203e-06,5.623300921797636e-06,2.640084858285263e-06,2.4941589344962267e-06,2.4941589344962267e-06,2.6400849e-06,2.6400849e-06,0.9285451478091616
S00040,51193,1,1.0,0.0,0.0010120224,0.0013067933,7.415429596827987e-05,6.5236640693910886e-06,6.718938493577298e-06,7.509785064030439e-06,6.921039584995015e-06,6.921039584995015e-06,7.509785e-06,7.509785e-06,0.8382789037713647
S00040,51595,1,1.0,0.0,0.0134312855,0.00024023865,0.003544559624666969,0.0039007056038826704,0.003919881380473574,0.0039847902953624725,0.003973264712840319,0.003973264712840319,0.0039847903,0.0039847903,-0.04783523061744302
S00040,51730,1,1.0,0.0,3.8210852e-05,0.007864229,0.0003162711412490656,2.3201155575710192e-05,2.1438180236070064e-05,2.0106998732671855e-08,2.270600987230864e-07,2.270600987230864e-07,2.0106999e-08,2.0106999e-08,0.8633104627816753
S00040,51085,1,1.0,0.0,0.001148417,0.004752318,0.00021830296221499643,1.8498403126917157e-05,1.749767883059879e-05,1.8018909031525254e-05,1.7271406250074506e-05,1.7271406250074506e-05,1.8018909e-05,1.8018909e-05,0.8437643879273447
S00040,51149,1,1.0,0.0,0.0007505406,0.003508089,8.167858565381418e-05,1.537700124269274e-05,1.5535685027619667e-05,1.264523234567605e-05,1.2268468708498403e-05,1.2268468708498403e-05,1.2645232e-05,1.2645232e-05,0.6831300137499623
S00040,51760,1,1.0,0.0,4.2431093e-05,0.0027868815,0.00016095123767930394,3.7109897448317497e-06,5.4163150480235345e-06,5.3736513905278116e-08,2.6267792918588384e-07,2.6267792918588384e-07,5.3736514e-08,5.3736514e-08,0.954926034915427
S00040,51710,1,1.0,0.0,0.0008452171,0.008628909,0.0006038602247523764,6.832540748291649e-06,1.0263531294185668e-05,5.736203092965297e-06,5.374281499825884e-06,5.374281499825884e-06,5.736203e-06,5.736203e-06,0.9776236394656155
S00040,24047,1,1.0,0.0,0.0008908196,0.0040718205,0.00022479498875327408,1.9500230640308775e-05,2.1013413364319906e-05,1.2660991160373669e-05,1.2029089702991769e-05,1.2029089702991769e-05,1.2660991e-05,1.2660991e-05,0.8403552006566937
S00040,37095,1,1.0,0.0,0.025009,0.021340664,0.00467320221165816,0.004942140852411588,0.004879102266083161,0.005808266345411539,0.005785957910120487,0.005785957910120487,0.0058082663,0.0058082663,-0.02796973950501957
S00040,51041,1,1.0,0.0,0.0003823263,0.0063872878,0.0004346532223280519,1.1800114104213813e-05,9.212671708761869e-06,8.194926408577885e-07,7.209559953480493e-07,7.209559953480493e-07,8.1949264e-07,8.1949264e-07,0.9471384212356352
S00040,51097,1,1.0,0.0,0.0016427448,-0.0010906823,0.00014792415701473752,3.6517199381099395e-05,3.745062955810378e-05,3.977949745603837e-05,3.8570720789721236e-05,3.8570720789721236e-05,3.9779497e-05,3.9779497e-05,0.6040237385510396
S00040,37137,1,1.0,0.0,0.0060676755,0.016592432,0.0022099979299431047,0.0009970006649382412,0.0009631893093076845,0.0008614573162049055,0.0008565931348130107,0.0008565931348130107,0.0008614573,0.0008614573,0.3782344235949821
S00040,37013,1,1.0,0.0,0.0083405115,0.020570599,0.0017255765851587057,0.0010016082669608295,0.000947269843891263,0.0010829359525814652,0.0010758965509012341,0.0010758965509012341,0.001082936,0.001082936,0.2654636034793229
S00040,51620,1,1.0,0.00072293513,0.0018973909,0.0024370458,0.0002473467805733283,5.497532765730284e-05,5.476661923845919e-05,5.42244415555615e-05,5.46542250958737e-05,5.46542250958737e-05,5.422444e-05,5.6445184e-05,0.6363128850943044
S00040,51650,1,1.0,0.0,0.0020373901,0.009573555,0.0004641449195332825,2.5308036735320154e-05,2.8063842061480198e-05,3.160738924634643e-05,3.0167700970196165e-05,3.0167700970196165e-05,3.160739e-05,3.160739e-05,0.8965864383443153
S00040,37061,1,1.0,0.0,0.003722729,0.05067999,0.0039878839161247015,0.008087954086173946,0.002760084554514227,0.00013622490223497152,0.00013388304796535522,0.00013388304796535522,0.0001362249,0.0001362249,-0.33952676156046413
S00040,37085,1,1.6127647161483765,0.0,0.000783979,0.007124484,0.000665651670715306,2.254311615009404e-05,1.7678036783763673e-05,1.0543843927734997e-05,1.0154642950510606e-05,1.0154642950510606e-05,1.0543844e-05,1.0543844e-05,0.934486233896732
S00040,24011,1,1.7705492973327637,0.0,0.00069705315,0.004906053,0.00022378497427174202,2.3695949494140223e-05,2.353837832439846e-05,2.205482633144129e-05,2.1562223992077634e-05,2.1562223992077634e-05,2.2054826e-05,2.2054826e-05,0.808502820067403
S00040,51153,1,2.066581964492798,0.0,0.00019627427,0.00086840976,5.52455500534658e-05,1.7401068627502052e-06,1.0934851957244973e-06,6.993839747337915e-07,7.647718689440808e-07,7.647718689440808e-07,6.99384e-07,6.99384e-07,0.9389282511805165
S00040,37117,1,1.3839991092681885,0.0,0.003956222,-0.0005305716,0.00035118398955091834,0.00012862194125773385,0.00013157723878975958,0.0001442276407033205,0.00014098777319304645,0.00014098777319304645,0.00014422764,0.00014422764,0.4638584769431347
S00040,51177,1,1.5541874170303345,0.0,0.00080636505,0.0056799883,0.0003053966793231666,1.2402302369688792e-05,8.682575753482524e-06,9.087059879675508e-06,8.552324288757518e-06,8.552324288757518e-06,9.08706e-06,9.08706e-06,0.9219487595358293
S00040,11001,1,2.018826484680176,0.0,0.00029174655,0.001722841,5.3874425551233195e-05,1.0784117421280826e-06,1.2758087848396826e-06,4.50717692501712e-07,4.490285050451348e-07,4.490285050451348e-07,4.507177e-07,4.507177e-07,0.9607513717127627
S00040,51187,1,1.9056881666183472,0.0,0.00013662911,0.005174027,0.000130647496310606,2.8251248049097435e-06,9.414255070320602e-07,1.6355031107195828e-07,2.608222189337539e-07,2.608222189337539e-07,1.6355031e-07,1.6355031e-07,0.9576673510822165
S00040,34029,1,1.918419599533081,6.1154795e-05,0.0007860492,-0.005546839,0.00023588254164981967,2.280268290633103e-06,1.9357091408285973e-06,2.8454544462874765e-06,2.426102128083585e-06,2.426102128083585e-06,2.8454544e-06,2.937856e-06,0.9808511808270718
S00040,51147,1,1.8303531408309937,0.0,0.00058869005,0.00992428,0.0005668759016164889,7.542979680389787e-05,3.6383889285692326e-05,5.5742716540407855e-06,5.296107701724395e-06,5.296107701724395e-06,5.5742717e-06,5.5742717e-06,0.7651280473164064
S00040,51800,1,1.9804871082305908,0.0,0.0011764301,0.0025128014,0.00015113575257904208,1.4354256563819945e-05,1.4139005846421545e-05,1.584938399901148e-05,1.517108285042923e-05,1.517108285042923e-05,1.5849384e-05,1.5849384e-05,0.8265241915428454
S00040,24003,1,1.8611892461776733,1.5212249e-05,0.0014114776,0.01340372,0.0006688077895281216,4.0802514376991894e-05,2.5474319803227747e-05,8.529108527000062e-06,7.440889021381736e-06,7.440889021381736e-06,8.5291085e-06,8.571821e-06,0.885000220113918
S00040,34005,1,2.1728622913360596,1.9031579e-05,0.00057157513,0.0048479973,0.00010615569408400916,3.584734182974595e-06,2.5033655219885986e-06,1.9286389942863025e-06,1.633023771319131e-06,1.633023771319131e-06,1.928639e-06,1.9500326e-06,0.9346688501296273
S00040,51131,1,1.499145746231079,0.0,0.00050818385,0.004950566,0.0007425830020414045,1.853286630648654e-05,3.378793159451258e-05,1.1030117093469016e-05,1.091424473997904e-05,1.091424473997904e-05,1.1030117e-05,1.1030117e-05,0.951300801685518
S00040,51179,1,1.713957667350769,0.0,0.00019274092,0.000630321,0.00012920833736037216,1.7026791852003953e-06,7.83614429640996e-07,2.306131676732548e-07,2.8911074423376704e-07,2.8911074423376704e-07,2.3061317e-07,2.3061317e-07,0.9739872284223282
S00040,37019,1,1.5308856964111328,0.0,0.0003926503,0.012387535,0.0016407484557324399,0.0005235615826677531,0.00027425316511653364,1.3544503190132673e-06,1.235689069289947e-06,1.235689069289947e-06,1.3544503e-06,1.3544503e-06,0.5161861532049655
S00040,51115,1,1.7582833766937256,0.0,0.0027699235,0.0069939354,0.0005712321144528687,4.866256616272343e-05,5.762881846749224e-05,6.915929407114163e-05,6.721427052980289e-05,6.721427052980289e-05,6.9159294e-05,6.9159294e-05,0.8429973100772581
S00040,34007,1,2.096832752227783,0.0,0.00037801213,0.0028397527,5.777497547872675e-05,2.459125274375159e-06,2.3537528856347003e-06,1.404094518875354e-06,1.29690829453466e-06,1.29690829453466e-06,1.4040945e-06,1.4040945e-06,0.918347738452839
S00040,51047,1,1.7042912244796753,0.0,0.0005276594,0.0015663576,8.319241896970198e-05,7.819426324810289e-06,7.458383606717689e-06,8.398370482609607e-06,8.140126737998798e-06,8.140126737998798e-06,8.3983705e-06,8.3983705e-06,0.8281668435683991
S00040,37041,1,1.5556637048721313,0.0,2.2726446e-05,0.0050217663,0.00022621195239480585,4.447802060288571e-06,4.985936736071987e-06,3.915004320731441e-09,2.2398434396109224e-07,2.2398434396109224e-07,3.9150043e-09,3.9150043e-09,0.9614340865766031
S00040,37079,1,1.2450006008148193,0.0,0.0040460625,0.017845433,0.00131554389372468,0.000576174808278059,0.00043414137326180935,0.0004345614288467914,0.00043127790559083223,0.00043127790559083223,0.00043456143,0.00043456143,0.3908451529626789
S00040,51083,1,2.0495219230651855,0.0,0.0018101434,0.0016253081,0.00021319082588888705,3.258683985526053e-05,3.105222276644781e-05,3.2210242352448404e-05,3.084147101617418e-05,3.084147101617418e-05,3.2210242e-05,3.2210242e-05,0.7348266795797211
S00040,51079,1,2.0359678268432617,0.0,0.00029923284,0.004806735,0.00017099968681577593,1.983599076993414e-06,1.946671015199778e-06,2.129983840859495e-06,2.074720441669342e-06,2.074720441669342e-06,2.1299838e-06,2.1299838e-06,0.9770660030331135
S00040,24041,1,1.6084569692611694,0.0,3.6171867e-05,0.0031175602,0.00012632204501035935,1.3653562897767793e-05,1.2175484698673245e-05,9.651317078862576e-09,2.2147872869027196e-07,2.2147872869027196e-07,9.651317e-09,9.651317e-09,0.80491511197109
S00040,24033,1,2.0062875747680664,3.071279e-05,0.00020441746,0.0024600178,7.328813323207821e-05,5.347906456639369e-06,2.550580272024187e-06,1.6257659751772735e-07,2.166752892662771e-07,2.166752892662771e-07,1.625766e-07,1.7418976e-07,0.8639833216980619
S00040,51059,1,2.1070711612701416,0.0,0.0004419644,0.0022744962,6.534328713314608e-05,9.367730247807534e-07,6.441944625142545e-07,6.96193922067323e-07,5.117266823617683e-07,5.117266823617683e-07,6.961939e-07,6.961939e-07,0.9717328854998417
S00040,24015,1,2.1481752395629883,0.0,0.00068860344,0.0011572868,4.721285707394903e-05,7.717808027033849e-06,7.583561000501504e-06,7.690528946113773e-06,7.3550963861634955e-06,7.3550963861634955e-06,7.690529e-06,7.690529e-06,0.7189981948026422
S00040,37063,1,1.5624769926071167,5.737037e-06,0.0021484308,0.0049102763,0.00031420084997080266,4.431223230009588e-05,3.353066373771677e-05,3.9500577258877456e-05,3.787794048548676e-05,3.787794048548676e-05,3.9500577e-05,3.95252e-05,0.7527999144722266
S00040,24031,1,2.1252691745758057,0.0009113017,0.0003746499,-0.001263449,7.735331503984828e-05,2.3721246786105135e-06,1.7268719147978118e-06,9.333664934274566e-07,7.089463451848133e-07,7.089463451848133e-07,9.333665e-07,7.8573396e-07,0.9404926536125131
S00040,51510,1,2.003297805786133,0.0,9.127309e-05,0.010803005,0.0008565668128236817,4.4666037031978095e-07,6.36182609999499e-07,5.302516470351293e-08,2.0176247517156298e-07,2.0176247517156298e-07,5.3025165e-08,5.3025165e-08,0.998957635126423
S00040,37163,1,1.1430834531784058,0.0,0.00041842792,0.01643315,0.0030142647059013448,0.0002865798026808382,0.00017669446848837347,2.7877983939106343e-06,2.7486012186273e-06,2.7486012186273e-06,2.7877984e-06,2.7877984e-06,0.8263597076834538
S00040,51137,1,1.6684335470199585,0.0,0.00029242696,0.005018348,0.00013108307393849827,1.0211820002344515e-05,3.5783017059050812e-06,2.110871264449088e-06,2.073691803161637e-06,2.073691803161637e-06,2.1108713e-06,2.1108713e-06,0.8554537999565647
S00040,51107,1,1.8002701997756958,1.3095998e-06,0.00027425206,0.004958617,0.0001376245830518504,1.8264003074364155e-06,1.6872883937442869e-06,1.596905690348649e-06,1.5813097888894845e-06,1.5813097888894845e-06,1.5969057e-06,1.5976224e-06,0.9738058454169404
S00040,51165,1,2.2540414333343506,0.0,0.00066098466,0.0032505987,0.0001338331312581431,5.130962563271169e-06,5.09221202567763e-06,5.3622384257323574e-06,4.932755018671742e-06,4.932755018671742e-06,5.3622384e-06,5.3622384e-06,0.9261541248221274
S00040,51600,1,2.0827648639678955,0.0,1.0470455e-06,0.0024881626,0.00013622179661372988,5.333694351368953e-07,7.802924102406905e-07,3.7225732912871123e-11,2.4022176603466505e-07,2.4022176603466505e-07,3.7225733e-11,3.7225733e-11,0.9921996448025032
S00040,24510,1,1.9492483139038086,1.391958e-05,0.0005366832,0.011485102,0.000578153490399321,3.956173107629486e-06,3.936771008739015e-06,3.2246659884549445e-06,2.9278658075782005e-06,2.9278658075782005e-06,3.224666e-06,3.2394132e-06,0.9864074645873585
S00040,51117,1,1.9248536825180054,0.0,0.0013554657,0.0057537523,0.00026896855464049924,2.6781164706335403e-05,2.2664399390729766e-05,2.061677150777541e-05,1.9708040781551972e-05,1.9708040781551972e-05,2.0616772e-05,2.0616772e-05,0.8188930507492498
S00040,51099,1,1.971030354499817,0.0,0.00026522952,0.00027611735,0.0001010769095349436,3.298781545405897e-06,2.085448424319717e-06,5.230865554040065e-07,5.205458819546038e-07,5.205458819546038e-07,5.2308656e-07,5.2308656e-07,0.9367902332188351
S00040,37077,1,1.7113265991210938,0.0,0.0005267133,0.0043851235,0.0003652875602710992,2.461384406160505e-05,8.729410031567872e-06,2.4076559839159017e-06,2.207251327490667e-06,2.207251327490667e-06,2.407656e-06,2.407656e-06,0.8737432397622145
S00040,51111,1,1.892971158027649,0.0,0.0008354495,0.004553911,0.00023487392657746872,1.1021483715012437e-05,8.583579832096197e-06,6.197898983373307e-06,5.7538181863492355e-06,5.7538181863492355e-06,6.197899e-06,6.197899e-06,0.9103563283112693
S00040,42079,1,2.2702908515930176,0.0,0.00025741794,0.0014543433,5.588038948189933e-05,1.77989879072508e-06,1.1361861993464117e-06,9.57287284109043e-07,9.38362063607201e-07,9.38362063607201e-07,9.572873e-07,9.572873e-07,0.9382625774498555
S00040,37029,1,1.7853935956954956,0.0,0.00012838507,0.012996484,0.0008408508923215171,8.852174535907883e-06,9.31675291819071e-06,2.774327185761649e-07,4.2712943582046137e-07,4.2712943582046137e-07,2.7743272e-07,2.7743272e-07,0.9791640753548245
S00040,51049,1,1.633109450340271,0.0,0.004203665,0.0070924307,0.00046265393029898405,0.00035345354505504173,0.00035967865066292387,0.00038010746357031167,0.00037649591104127467,0.00037649591104127467,0.00038010746,0.00038010746,0.1338063778873872
S00040,51057,1,1.857496738433838,0.0,0.0006283227,0.002673538,9.04200035923471e-05,1.0344246523648811e-05,1.0097591863692893e-05,9.76174578681821e-06,9.455435247218702e-06,9.455435247218702e-06,9.761746e-06,9.761746e-06,0.7946841957987896
S00040,42087,1,8.158981323242188,0.0,0.00032479258,0.0018716862,0.0001096411748828056,3.0124604109005304e-06,2.2116245569729167e-06,2.1806106360600097e-06,2.0644658889068523e-06,2.0644658889068523e-06,2.1806106e-06,2.1806106e-06,0.9465181855330889
S00040,42043,1,6.978222370147705,0.0,0.0001353853,0.00074305496,5.339148522883382e-05,9.068853567365901e-07,3.4486798009917646e-07,1.3446060620481148e-07,2.3242887436936144e-07,2.3242887436936144e-07,1.344606e-07,1.344606e-07,0.9665962220613085
S00040,51091,1,7.0695953369140625,0.0,0.0033668156,0.006033331,0.00047573108167853206,0.00022789985329533616,0.00022816046354516098,0.00023152914945967495,0.00022832753893453628,0.00022832753893453628,0.00023152915,0.00023152915,0.35221764147194584
S00040,36081,1,6.348237991333008,2.7632768e-07,2.7692256e-05,0.00021075446,6.926660231935482e-05,1.7184106866352522e-06,2.2257905101241704e-06,3.4667273496324924e-09,2.1765082180991158e-07,2.1765082180991158e-07,3.4667273e-09,3.4819554e-09,0.9515838452691346
S00040,51171,1,6.629723072052002,0.0,0.00025201682,0.0016154038,0.00018749481023405679,2.7876549211214297e-06,2.288028933132106e-06,2.185945959354285e-06,2.1948681023786776e-06,2.1948681023786776e-06,2.185946e-06,2.185946e-06,0.9706998233510581
S00040,45067,1,4.735362529754639,0.0,3.22713e-06,0.004394966,0.00041604281674760085,1.9297393919259775e-05,1.2311749742366374e-05,4.133436926068157e-10,2.3808090077181987e-07,2.3808090077181987e-07,4.133437e-10,4.133437e-10,0.9113456857582729
S00040,24017,1,5.610865116119385,0.0,0.00014070736,0.0021246297,8.73298025301968e-05,3.40057700517112e-06,2.0119924878751285e-06,8.832049758211724e-08,1.8713234339884366e-07,1.8713234339884366e-07,8.83205e-08,8.83205e-08,0.9250399475327771
S00040,51031,1,6.177752494812012,0.000100075056,0.00044955593,0.0017955408,0.00011530196691940849,1.9031734836971737e-06,1.1618928018227355e-06,1.0484524182174937e-06,9.606868616174324e-07,9.606868616174324e-07,1.0484524e-06,1.1284161e-06,0.9675240611947299
S00040,54071,1,7.351809978485107,0.0,0.009898732,0.0034959256,0.0010562225167329113,0.0013035984011366963,0.0013031087970981996,0.0013136934721842408,0.0013044713996350765,0.0013044713996350765,0.0013136935,0.0013136935,-0.10482824460557383
S00040,51121,1,7.586308479309082,6.8172136e-05,0.0004485336,0.00031705317,3.82560853419515e-05,3.888420602985813e-06,3.7667366541427327e-06,3.7564750527963042e-06,3.7613701806549216e-06,3.7613701806549216e-06,3.756475e-06,3.8129829e-06,0.8154720044379633
S00040,51660,1,6.434073448181152,0.0,0.0,0.0019296001,0.00013073290513906008,4.5218220634524187e-07,4.0787959676436003e-07,0.0,2.412281219221768e-07,2.412281219221768e-07,0.0,0.0,0.993106194987626
S00040,34011,1,5.804031848907471,0.0,0.0011995601,-0.0014715213,7.988413320466255e-05,1.0779563429726599e-05,1.0726349501055665e-05,1.2510966371337418e-05,1.1635976989055052e-05,1.1635976989055052e-05,1.2510966e-05,1.2510966e-05,0.7622077230493631
S00040,42077,1,6.754301071166992,9.422051e-06,0.00019926166,0.00375049,7.017539852919678e-05,1.7320856310713377e-06,9.31670873190645e-07,2.8660838324867655e-07,3.324824149331107e-07,3.324824149331107e-07,2.8660838e-07,2.9027456e-07,0.9518246076524982
S00040,42035,1,9.19585132598877,0.0,4.4988585e-05,0.00028481983,4.829693443753058e-05,4.544067238043681e-07,3.1374227186612796e-07,1.526977477794844e-08,2.1469365663051576e-07,2.1469365663051576e-07,1.5269775e-08,1.5269775e-08,0.9813581857245494
S00040,51840,1,5.234439373016357,0.0,0.00043599994,0.0022242423,5.49536598555278e-05,1.2147634758245355e-05,1.213388441101415e-05,1.2379856343613937e-05,1.218342822539853e-05,1.218342822539853e-05,1.2379856e-05,1.2379856e-05,0.6379314340158218
S00040,34019,1,6.544582843780518,0.0,0.0015226863,0.009911078,0.0003016634630815436,7.881976065012472e-06,6.077642107508534e-06,8.768014595261775e-06,7.463886504410766e-06,7.463886504410766e-06,8.768015e-06,8.768015e-06,0.949073867237432
S00040,54101,1,8.841002464294434,0.0,0.0007568139,0.00040441885,0.00011839857324957848,9.922090005905678e-06,9.748579032020643e-06,1.0432862836751156e-05,9.865248102869373e-06,9.865248102869373e-06,1.0432863e-05,1.0432863e-05,0.8453547580852044
S00040,24013,1,5.995384216308594,9.1312286e-05,0.00039747567,0.0030228696,6.600602258307238e-05,1.6630713920070168e-06,1.256144325149459e-06,7.539529747191409e-07,6.73143233598239e-07,6.73143233598239e-07,7.53953e-07,8.182039e-07,0.9508469437282706
S00040,42109,1,7.167490005493164,0.0,0.00090697926,0.0037215934,0.00017089710308937356,1.2361817728863874e-05,1.2120429346396122e-05,1.3143670003046282e-05,1.2398149010550696e-05,1.2398149010550696e-05,1.314367e-05,1.314367e-05,0.8650890480674088
S00040,54037,1,4.830754280090332,0.0,0.00078101427,0.0014373892,5.0979563335810475e-05,6.9212389159171534e-06,7.023621189243083e-06,7.799154445820022e-06,7.265550721058389e-06,7.265550721058389e-06,7.799154e-06,7.799154e-06,0.7609277023200266
S00040,37017,1,4.3224005699157715,0.0,0.00017384291,0.0046057138,0.0003874628455378115,1.3523580681370126e-05,1.2819531624093846e-05,1.0909067214015522e-06,1.2059826985932887e-06,1.2059826985932887e-06,1.0909067e-06,1.0909067e-06,0.9325484365698801
S00040,42061,1,8.649169921875,0.0,0.00017908077,0.0022452192,8.090683392462476e-05,1.8082883836238277e-06,1.012345175392208e-06,4.2713429593277397e-07,4.946448939335824e-07,4.946448939335824e-07,4.271343e-07,4.271343e-07,0.9562767161998501
S00040,37033,1,6.265885353088379,0.0,0.0001964719,-0.00010813278,8.159912492070968e-05,2.093468026487244e-06,1.8042164147876367e-06,3.767652856367931e-07,4.575041430143756e-07,4.575041430143756e-07,3.7676529e-07,3.7676529e-07,0.9499724419386062
S00040,54041,1,7.810218334197998,0.0,0.00045417255,-0.0017745558,0.0001334022126684431,3.2264467032897906e-06,3.124814384136698e-06,3.274916252848925e-06,3.018444658664521e-06,3.018444658664521e-06,3.2749163e-06,3.2749163e-06,0.9527705721753236
S00040,34031,1,6.844222545623779,0.0,0.0003305813,-0.0027275728,0.00011270744895834166,2.0035493169719607e-06,1.3580079591217025e-06,7.125545380404219e-07,6.644452241744148e-07,6.644452241744148e-07,7.1255454e-07,7.1255454e-07,0.9650678775863617
S00042,37121,5,1.0,0.0,0.00046530686,0.0037620114,0.0028721342872207365,2.312176926958879e-06,2.328438085896778e-06,2.380838623139425e-06,2.1363630366977304e-06,2.1363630366977304e-06,2.3808386e-06,2.3808386e-06,0.9983912193489787
S00042,37111,5,1.0,2.1514013e-05,0.00057724287,-0.00033935907,0.0017354411732715864,7.458556410711026e-06,7.3482616850621225e-06,7.737300620647147e-06,7.373050266323844e-06,7.373050266323844e-06,7.737301e-06,7.761676e-06,0.9914412099747464
S00042,13243,5,1.0,0.00083455036,0.00063207047,0.0039513055,0.00010354395635658875,1.8372203764253452e-05,1.7251257607616328e-05,1.2262568816368002e-05,1.224075549544068e-05,1.224075549544068e-05,1.2262569e-05,1.2621085e-05,0.6986092123301276
S00042,12019,5,1.0,7.140069e-06,0.0031963543,0.025016911,0.0025044516272222004,0.0013529951126353505,0.0013715106955108543,0.00016000393952708691,0.0001576262293383479,0.0001576262293383479,0.00016000394,0.00016004953,0.29850224571846484
S00042,12065,5,1.0,0.0,0.0049744146,0.029482942,0.0016050776078676183,0.001657173930046459,0.001445412344764918,0.0003620003117248416,0.0003577152674552053,0.0003577152674552053,0.0003620003,0.0003620003,-0.015969437541334303
S00042,13051,5,1.0,5.3755182e-05,0.00094926957,0.002638713,9.955879553065945e-05,5.598734939364173e-06,5.63612517604876e-06,7.035810540401144e-06,6.491283329523867e-06,6.491283329523867e-06,7.0358105e-06,7.1349764e-06,0.8935171848494452
S00042,13309,5,1.0,0.0,1.2972995e-05,0.011086268,0.0004162570063878472,0.0005482060854167988,0.0005776982434326783,7.270499757794369e-09,2.355169641532484e-07,2.355169641532484e-07,7.2704998e-09,7.2704998e-09,-0.13681091599063305
S00042,12055,5,1.0,0.0,0.0019189189,0.010319301,0.0004099391323203842,7.728393635867785e-05,8.222893908775102e-05,6.843011942692101e-05,6.776573718525469e-05,6.776573718525469e-05,6.843012e-05,6.843012e-05,0.682757482858081
S00042,13029,5,1.0,0.0,0.00021312486,-0.00079974276,0.00013255580173184475,3.1538667902471693e-06,3.351274510047612e-06,5.485092628987331e-07,6.195775767992018e-07,6.195775767992018e-07,5.4850926e-07,5.4850926e-07,0.9535203817886598
S00042,13253,5,1.0,0.0,0.0,0.006301507,0.00019951232631380358,9.375704782617808e-06,8.430522901411072e-06,0.0,2.412281219221768e-07,2.412281219221768e-07,0.0,0.0,0.9102322451563531
S00042,12057,5,1.0,0.0007152074,0.0012835024,0.009008687,0.00034255709518523264,2.2115869190505084e-05,2.3292562521722477e-05,1.6576041161897592e-05,1.6705049347365275e-05,1.6705049347365275e-05,1.6576041e-05,1.7900462e-05,0.8787084793721195
S00042,12009,5,1.0,0.0024571694,0.019843629,0.019021366,0.0010521626099944115,0.0011586230636263888,0.0012657262074450653,0.0017933800118044019,0.0018455454846844077,0.0018455454846844077,0.00179338,0.0018848609,-0.0481550314452769
S00042,13287,5,1.0,0.0,0.001007415,0.016279958,0.000518899381859228,0.0009050700949349751,0.0003245302359573543,2.5923329303623177e-05,2.5231607651221566e-05,2.5231607651221566e-05,2.592333e-05,2.592333e-05,-0.2711931114879914
S00042,12083,5,1.0,6.516158e-05,0.008235549,0.008092917,0.00032366391193742555,0.00013870424057434624,0.00019577731533596912,0.0004057002952322364,0.0003994186408817768,0.0003994186408817768,0.0004057003,0.00040676937,0.4000268408589631
S00042,13177,5,1.0,0.0,0.00011391093,0.009304561,0.0005914991391667476,0.00014374246772301072,0.00010542464709336248,2.522031365970179e-07,3.8989972495073744e-07,3.8989972495073744e-07,2.5220314e-07,2.5220314e-07,0.6089925641420797
S00042,12111,5,1.0,0.0017473006,0.0030973265,0.0040932395,0.0001951641170307994,5.122490256326273e-05,5.500279318463678e-05,5.0852642743848264e-05,5.323908044374548e-05,5.323908044374548e-05,5.0852643e-05,5.8623504e-05,0.5841949235590267
S00042,13153,5,1.0,1.8891213e-05,0.00019413781,0.0055971704,0.000154769232419009,7.265624299179763e-05,1.8238897003660288e-05,9.733818160384544e-07,1.0234247156404308e-06,1.0234247156404308e-06,9.733818e-07,9.803599e-07,0.3610544917137704
S00042,13209,5,1.0,0.0,0.00037423163,0.00073869736,0.0003026227289713764,0.00011488252312119585,7.764012237506297e-05,5.796149707748555e-06,5.674800831911853e-06,5.674800831911853e-06,5.7961497e-06,5.7961497e-06,0.4496714829555089
S00042,37027,5,1.0,0.0,5.5297794e-05,-0.0034295327,0.0013020913077828784,1.9294035287960773e-07,2.586063772014313e-07,8.159239683891428e-08,2.6798460339705343e-07,2.6798460339705343e-07,8.15924e-08,8.15924e-08,0.999703689339473
S00042,13127,5,1.0,7.917343e-05,0.00084197364,-0.00481359,0.0002447698498144746,9.267441176537735e-06,9.009075256471988e-06,8.982695362647064e-06,8.616240847914014e-06,8.616240847914014e-06,8.982695e-06,9.10975e-06,0.9270387340347949
S00042,12069,5,1.0,1.148074e-06,0.0031406123,0.0036186357,0.00010884243480783577,4.659727892430965e-05,5.3294050303520635e-05,7.62695271987468e-05,7.384331547655165e-05,7.384331547655165e-05,7.626953e-05,7.6276745e-05,0.40044564152239315
S00042,13095,5,1.0,4.950691e-06,3.7508362e-05,0.0020290061,0.00011276150326011702,9.515588438565221e-05,2.9025785200550065e-05,1.7181896794227214e-08,2.2881987149503402e-07,2.2881987149503402e-07,1.7181897e-08,1.7528775e-08,0.08467602961835816
S00042,12085,5,1.0,0.0002711101,0.0025692338,0.0017700198,0.00015094517827189216,4.361063474789262e-05,4.269134175653259e-05,4.8450936446897686e-05,4.771057137986645e-05,4.771057137986645e-05,4.8450936e-05,4.9770526e-05,0.5516902417769675
S00042,12127,5,1.0,0.0007969715,0.008979688,0.022426592,0.0021770742799465856,0.00031855146517045796,0.0002909038497212653,0.0005162219749763608,0.0005192697863094509,0.0005192697863094509,0.000516222,0.0005298999,0.7447121502142398
S00042,13239,5,1.0,0.0,5.0714054e-05,-0.0008982733,4.675144433955817e-05,2.2054132765939962e-06,1.058927660816759e-06,8.065526913014764e-08,2.9426234959828435e-07,2.9426234959828435e-07,8.065527e-08,8.065527e-08,0.9099038057595278
S00042,12015,5,1.0,2.3617298e-05,0.0004691793,0.0035481225,9.83119492351155e-05,3.0861941316591888e-06,3.1315140252748583e-06,3.081979684793623e-06,3.0113135380815947e-06,3.0113135380815947e-06,3.0819797e-06,3.1035834e-06,0.9391272062941847
S00042,13125,5,1.0,0.0,0.00063767994,0.0037558505,9.276670607505366e-05,1.158292252512183e-05,1.2319328864881149e-05,1.2725658052659128e-05,1.2334626262600068e-05,1.2334626262600068e-05,1.2725658e-05,1.2725658e-05,0.7779978198196988
S00042,12011,5,1.0,6.236829e-05,0.00014312714,0.0025284868,8.310008828023759e-05,6.364979772873388e-07,7.391882472044623e-07,1.771192614796746e-07,3.450450378750247e-07,3.450450378750247e-07,1.7711926e-07,1.9108263e-07,0.9847976134271861
S00042,12029,5,1.0,0.0,0.0029169633,0.042881142,0.001288532163016498,0.010864805973445376,0.005171241898400088,0.00010177517833653837,9.94729925878346e-05,9.94729925878346e-05,0.00010177518,0.00010177518,-0.7879541985011173
S00042,12061,5,1.0,0.002036426,0.0138948,0.021543536,0.0009744989996155103,0.0013476878327007096,0.0013679557014256716,0.0015889530768617988,0.0016136791091412306,0.0016136791091412306,0.0015889531,0.0016413976,-0.16070577435536026
S00042,13101,5,1.0,0.0,0.00040563341,0.023048524,0.0029296380428907773,0.0009710511561327925,0.0003943516082169178,9.575603144185152e-06,9.446527656109538e-06,9.446527656109538e-06,9.575603e-06,9.575603e-06,0.5021130335757751
S00042,13005,5,1.0,0.0,0.00049943256,0.004406064,0.00023907586970987418,1.4570093602136088e-05,7.575178187835263e-06,7.129071491362993e-06,6.870070592412958e-06,6.870070592412958e-06,7.1290715e-06,7.1290715e-06,0.8851147212288697
S00042,13319,5,1.0,0.0,0.00043362062,0.0037744949,0.00010878312362668414,1.7481203182493726e-05,1.013543411924426e-05,4.462406195671065e-06,4.274938874004874e-06,4.274938874004874e-06,4.462406e-06,4.462406e-06,0.723101470949702
S00042,13249,5,1.0,0.0,0.0007482927,0.0042785006,0.0001558584141700218,8.825883439082342e-05,3.3568402917201943e-05,2.450413376209326e-05,2.4002070858841762e-05,2.4002070858841762e-05,2.4504134e-05,2.4504134e-05,0.27691439329961753
S00042,12119,5,1.0,0.0,0.0024432908,0.002376071,0.0001255524330190383,7.319421638385393e-05,8.064010762609541e-05,7.412381819449365e-05,7.232101779663935e-05,7.232101779663935e-05,7.412382e-05,7.412382e-05,0.26344200917342575
S00042,45085,5,1.0,0.0,0.00024580644,-0.000656149,6.154877943724084e-05,9.190742957798648e-07,1.3180356859265885e-06,9.666014193498995e-07,9.526313533569919e-07,9.526313533569919e-07,9.666014e-07,9.666014e-07,0.97057448780911
S00042,12129,5,1.0,0.0,0.00033686406,-0.00037730602,0.00012756882885393375,1.4176149913206851e-05,7.190440555859823e-06,2.8428894438548014e-06,2.788145593513036e-06,2.788145593513036e-06,2.8428894e-06,2.8428894e-06,0.799976690017422
S00042,12037,5,1.0,0.0,0.00070232665,-0.0038656287,0.0002519132394809276,9.510957170277834e-06,8.36305268118546e-06,8.743256330490112e-06,8.25945426186081e-06,8.25945426186081e-06,8.743256e-06,8.743256e-06,0.9272373614063931
S00042,13277,5,1.0,0.0,0.00014817216,0.012400599,0.0008970776301187774,0.0005037453568850955,0.000198942085262388,2.8673673568846425e-07,4.4253465603105724e-07,4.4253465603105724e-07,2.8673674e-07,2.8673674e-07,0.28078656395763046
S00042,13099,5,1.0,0.0,0.00037253252,0.0017379888,0.00024297250881015012,4.0597446968604345e-06,6.054285374072303e-06,2.325886498510954e-06,2.2190733943716623e-06,2.2190733943716623e-06,2.3258865e-06,2.3258865e-06,0.967131865258678
S00042,13039,5,1.0,0.0,0.00077682425,-0.0033541853,0.0008292244068191698,3.562938491086243e-05,5.194889490667265e-05,1.199548933072947e-05,1.1629283108050004e-05,1.1629283108050004e-05,1.1995489e-05,1.1995489e-05,0.917605992477433
S00042,13229,5,1.0,0.0,0.0019646648,0.00018444606,0.0002113559991509343,0.00011567250718750681,0.00011522621207404882,0.00011784051457652822,0.00011606715997913852,0.00011606715997913852,0.000117840515,0.000117840515,0.2925845610058374
S00042,45063,5,1.0,0.0,5.6162076e-05,0.0002669905,6.370215851347893e-05,1.2756072820252484e-07,1.2332002323015937e-07,4.116278873311785e-08,2.2486418060907454e-07,2.2486418060907454e-07,4.116279e-08,4.116279e-08,0.9960030929254275
S00042,37011,5,1.0,0.0,0.0,-0.00016337073,0.0026283275025586286,2.7194880930503373e-08,2.963824089855886e-08,0.0,2.412281219221768e-07,2.412281219221768e-07,0.0,0.0,0.9999793065365515
S00042,12101,5,1.0,0.0,0.001220576,0.002098588,8.08361704306056e-05,3.433858061422749e-05,3.313020109393013e-05,2.1712252419092692e-05,2.097246760968119e-05,2.097246760968119e-05,2.1712252e-05,2.1712252e-05,0.40371339546701857
S00042,12109,5,1.0,3.1029755e-05,0.0061118873,0.03883267,0.0077582177085181074,0.0006823761602087567,0.0005393769703611421,0.0002706720260903239,0.00026593072107061744,0.00026593072107061744,0.00027067203,0.00027105035,0.838310865130706
S00042,13075,5,1.0,0.0,0.00016553256,0.009949045,0.001065754797309637,0.0004986458079656586,0.00026939249073620886,1.441205768060172e-06,1.5349976365541806e-06,1.5349976365541806e-06,1.4412058e-06,1.4412058e-06,0.36250880204957564
S00042,13065,5,1.0,0.0,1.6139635e-05,0.0055997637,0.0008555703097954392,0.00018288004260587817,5.6697340009274434e-05,1.0850069287471342e-08,2.3428194140251435e-07,2.3428194140251435e-07,1.0850069e-08,1.0850069e-08,0.6477827906110571
S00042,13201,5,1.0,0.0,5.247691e-05,0.0052984785,0.00019281625282019377,4.754461656375497e-06,5.492892493445349e-06,6.196108159883806e-08,2.457690015944536e-07,2.457690015944536e-07,6.196108e-08,6.196108e-08,0.9518707854150181
S00042,12071,5,1.0,3.8141334e-05,0.00031287165,0.0036205947,0.00011510755575727671,1.2242366362139971e-06,1.296580762755184e-06,1.1514667903611553e-06,1.2032955964969005e-06,1.2032955964969005e-06,1.1514668e-06,1.1738786e-06,0.9789526730221256
S00042,12115,5,1.0,8.918425e-05,0.0014544834,0.004136025,0.00013104074848039696,1.8325668861507438e-05,1.8293965088863235e-05,2.0767765818163753e-05,2.000142922042869e-05,2.000142922042869e-05,2.0767766e-05,2.101924e-05,0.7546212972416764
S00042,37089,5,1.0,0.0,0.00029005532,-0.0055649155,0.0019239195389673114,3.7886550785515283e-07,4.0582638879034977e-07,4.2698351876424567e-07,3.710777605192561e-07,3.710777605192561e-07,4.2698352e-07,4.2698352e-07,0.9996062299828612
S00042,13175,5,1.0,6.578082e-05,0.000594654,0.0048661986,0.00014011303574079648,8.206497295759618e-05,8.191570911246042e-05,5.8626665122574195e-06,5.6246626627398655e-06,5.6246626627398655e-06,5.8626665e-06,5.936573e-06,0.2612682646823103
S00042,12123,5,1.0,0.0,0.004179826,0.028698808,0.0021215343149378896,0.002276750048622489,0.0009234791505150497,0.00024310882145073265,0.00023962756677065045,0.00023962756677065045,0.00024310882,0.00024310882,-0.03529006331890588
S00042,12075,5,1.0,0.0,0.005089093,0.007623162,0.00025403765903320163,0.00020830458379350603,0.0002490758852218278,0.00016219257668126374,0.0001581881078891456,0.0001581881078891456,0.00016219258,0.00016219258,0.09891606477506536
S00042,13179,5,1.0,0.0,0.0004163884,-3.2274984e-06,0.0001042821750161238,3.4360815940696434e-06,3.5707029534629933e-06,2.8580534490174614e-06,2.71450790023664e-06,2.71450790023664e-06,2.8580534e-06,2.8580534e-06,0.9362024284053537
S00042,12031,5,1.0,0.0,0.0018949838,0.005508608,0.0006535859623303016,0.0001112173952909264,7.353693460269521e-05,4.153417103225365e-05,4.023871952085756e-05,4.023871952085756e-05,4.153417e-05,4.153417e-05,0.7091608079837763
S00042,12107,5,1.0,3.2755204e-05,0.011042995,0.035230625,0.002709571194524566,0.0012724478607803273,0.0013439048974153895,0.0006651505245827138,0.0006561966729350388,0.0006561966729350388,0.0006651505,0.00066587294,0.3609031784591
S00042,12027,5,1.0,0.0,0.0007086226,-0.0011701483,5.681941426397922e-05,6.098928982585979e-06,6.024108946197278e-06,6.391447641362902e-06,6.090042461437406e-06,6.090042461437406e-06,6.3914476e-06,6.3914476e-06,0.806131926942659
S00042,12023,5,1.0,0.0,0.0061214617,0.017523814,0.0008898819990766545,0.0005210002442860665,0.0005246818460970341,0.00018287368584424257,0.00017740287876222283,0.00017740287876222283,0.00018287369,0.00018287369,0.2614546724405496
S00042,13061,5,1.0,0.0,2.9048657e-05,0.0016950334,5.217305867214842e-05,4.064403848739555e-06,3.862025465650731e-06,2.5631166522543936e-08,2.4282826416310854e-07,2.4282826416310854e-07,2.5631167e-08,2.5631167e-08,0.8554556458791173
S00042,37199,5,1.0,0.00037941066,0.001454188,7.002671e-05,0.003691811657821139,5.2102449747811384e-05,5.263917410047725e-05,5.204197077546269e-05,5.17039152327925e-05,5.17039152327925e-05,5.204197e-05,5.3001495e-05,0.9721668562628198
S00042,12081,5,1.0,0.000360419,0.0009674555,0.0076450338,0.0003943965518071006,8.810945776834464e-06,9.369495273858774e-06,8.98110829439247e-06,8.853930012264755e-06,8.853930012264755e-06,8.981108e-06,9.548585e-06,0.9562957245109249
S00042,37023,5,1.0,0.0,0.00025731509,-0.002232934,0.00120825043025737,6.743864939077563e-07,6.223170127365544e-07,6.035897968104109e-07,5.752133347414201e-07,5.752133347414201e-07,6.035898e-07,6.035898e-07,0.9988843202082325
S00042,12097,5,1.0,0.00023445806,0.0016520115,0.0007920123,9.862493485949624e-05,1.7019070583046414e-05,1.9992367015220225e-05,2.0141231289017014e-05,1.957648782990873e-05,1.957648782990873e-05,2.0141231e-05,2.0860913e-05,0.7056644567451914
S00042,12053,5,1.0,0.0,0.0006301166,0.0036501503,0.0001273944872082211,0.00014190051782255372,0.0001588190183004675,5.6477651924069505e-06,5.375771706894739e-06,5.375771706894739e-06,5.647765e-06,5.647765e-06,-0.053866690222029466
S00042,13027,5,1.0,0.0,0.00036581885,0.032737035,0.001866110716946423,0.004039638636944194,0.0021788711504389844,5.25747191204573e-06,5.233733190834755e-06,5.233733190834755e-06,5.257472e-06,5.257472e-06,-0.36803592393671164
S00042,45019,5,1.0,1.825937e-06,8.1561695e-05,-0.0005668867,4.948855348629877e-05,1.922747436822192e-07,1.2961729467519945e-07,6.069290492405344e-08,2.259580469399225e-07,2.259580469399225e-07,6.0692905e-08,6.0987425e-08,0.9922595999087557
S00042,37189,5,1.0,0.0,0.00020588368,0.00015218297,0.002991395420394838,2.0125728497077944e-06,1.998951650724242e-06,2.022169610427227e-06,2.0506618056970183e-06,2.0506618056970183e-06,2.0221696e-06,2.0221696e-06,0.9986553300757867
S00042,13185,5,1.0,0.0,0.00010187219,0.0045704846,0.0005164263614763817,0.00027293659271284315,0.0003477717740073179,2.0434745806596766e-07,3.5699397926691745e-07,3.5699397926691745e-07,2.0434746e-07,2.0434746e-07,0.30846363826844797
S00042,37149,5,1.0,0.0,0.00032385462,0.0069360305,0.0007835361175239086,2.034489019327642e-06,2.064133317010904e-06,2.044555003521964e-06,1.953581886482425e-06,1.953581886482425e-06,2.044555e-06,2.044555e-06,0.994820353505129
S00042,45079,5,1.0,1.0063538e-05,0.00017611925,0.0006329664,6.059283987269737e-05,4.4480557903625595e-07,4.4945597702887124e-07,4.647521336664795e-07,5.276490355754504e-07,5.276490355754504e-07,4.6475213e-07,4.6819565e-07,0.9854252051911802
S00042,37009,5,1.0,4.561489e-05,6.433952e-05,-0.00047500042,0.004673634151307245,4.750027334428827e-08,6.640165987429707e-08,3.6022253624423684e-08,2.2011448663761257e-07,2.2011448663761257e-07,3.6022254e-08,3.9811212e-08,0.9999796732953226
S00042,12079,5,1.0,0.0,0.003270622,0.031062558,0.0026639356122662625,0.0035138261349250874,0.0025658231849471727,0.000280539330560714,0.0002779432979878038,0.0002779432979878038,0.00028053933,0.00028053933,-0.13757256388937597
S00042,13299,5,1.0,0.00024603878,0.00016069406,0.0063329623,0.0004508632215826462,6.237147469316066e-06,3.52659759528251e-06,6.755599315511063e-07,7.982456509125768e-07,7.982456509125768e-07,6.7555993e-07,6.940988e-07,0.9727099434102314
S00042,13191,5,1.0,0.00019623234,0.0018542787,-0.0019407403,0.00028600351167066645,8.458684897050261e-05,8.300100065146883e-05,8.291332778753713e-05,8.212628017645329e-05,8.212628017645329e-05,8.291333e-05,8.360258e-05,0.5435021632826258
S00042,12099,5,1.0,0.0024882108,0.0008457746,0.004761882,0.0001682420309710627,9.973070821918858e-06,1.3202623904362554e-05,6.255819243961014e-06,2.8571851089509437e-06,2.8571851089509437e-06,6.2558192e-06,4.2735574e-06,0.8880782748310095
S00042,45053,5,1.0,0.0,0.0003225682,-0.0015827533,8.611219770197447e-05,4.234831521898741e-06,4.0391009861195926e-06,3.95536426367471e-06,3.846016170427902e-06,3.846016170427902e-06,3.9553643e-06,3.9553643e-06,0.9062541057901274
S00042,13049,5,1.0,0.0,0.00013316909,0.006039436,0.0010108637895124655,0.00012497996431193314,3.317172644301536e-05,1.1252728171484705e-07,2.3218811406877649e-07,2.3218811406877649e-07,1.1252728e-07,1.1252728e-07,0.7799345836236292
S00042,12017,5,1.0,2.268232e-06,0.00062744966,0.0044873287,0.00035360588420492906,0.00020623373469182601,0.00014255164084412778,5.581009190791519e-06,5.29460703546647e-06,5.29460703546647e-06,5.581009e-06,5.5838505e-06,0.2632399432600379
S00042,45015,5,1.0,0.0,3.1246127e-05,-0.0020685275,5.66942878018987e-05,1.7649550206518447e-07,7.787380103726112e-08,1.7356228454445954e-08,2.2650058895123948e-07,2.2650058895123948e-07,1.7356228e-08,1.7356228e-08,0.9937931045851136
S00042,45017,5,1.0,0.0,0.007728398,-0.00059272663,0.000250008199751998,0.0001381965703330934,0.00013849109624667713,0.0001455960446037352,0.00013746687909588218,0.00013746687909588218,0.00014559604,0.00014559604,0.2880222965688865
S00042,12035,5,1.0,0.00024668415,0.0035748503,0.057095416,0.011699517567952475,0.0029917780969602368,0.0028978055149006345,0.00012571836123242974,0.00012424080341588706,0.00012424080341588706,0.00012571836,0.00012742123,0.5927141941461957
S00042,12095,5,1.0,3.6005706e-05,0.006731617,0.003985568,0.0002879820337208609,0.00031348280026577413,0.00033849016957295436,0.00039528441266156733,0.000390339526347816,0.000390339526347816,0.0003952844,0.0003957679,-0.04239776808876557
S00042,13003,5,1.0,0.0010601777,0.0022581364,0.0034857453,0.0007424887735396624,0.0001510877482360229,0.00013806317535151416,9.645107638789341e-05,9.760480315890163e-05,9.760480315890163e-05,9.645108e-05,0.00010011516,0.6618359042473801
S00042,13283,5,1.0,0.00022060446,0.00046840144,-0.0021005087,0.0003192991328736146,0.00013142452614071468,5.8692655632815636e-05,9.300443707616068e-06,9.289577974413987e-06,9.289577974413987e-06,9.300444e-06,9.45844e-06,0.4168288106813738
S00042,12001,5,1.0,0.0,0.00598904,0.03489935,0.0026727768514926233,0.0029633211088366807,0.0022866455644058683,0.00020889569714199752,0.00020358426263555884,0.00020358426263555884,0.0002088957,0.0002088957,-0.051550604583012166
S00042,12089,5,1.0,0.0,0.0015643314,0.003166797,0.000777622238577654,0.000134417668353611,0.0005561672684658939,2.7359188607078977e-05,2.63755937339738e-05,2.63755937339738e-05,2.7359189e-05,2.7359189e-05,0.7052373096131609
S00042,45081,5,8.779370307922363,0.0,0.00010089426,0.00019269336,7.527258882570702e-05,6.221018793439725e-07,4.5321146065665136e-07,3.913838781954837e-07,5.279634933685884e-07,5.279634933685884e-07,3.9138388e-07,3.9138388e-07,0.9836061818405284
S00042,01109,5,11.474686622619629,0.0,4.399948e-06,0.0011791955,3.2711202341791555e-05,4.469051759770082e-07,5.225611137878635e-07,4.378621354383938e-10,2.386482549354696e-07,2.386482549354696e-07,4.3786214e-10,4.3786214e-10,0.9730439877645295
S00042,45047,5,8.990433692932129,9.885591e-06,1.7803215e-05,0.0015636411,4.58152001859465e-05,3.544668250773005e-07,1.9437197333142345e-07,5.389045654169422e-09,2.2960431067531317e-07,2.2960431067531317e-07,5.3890457e-09,5.643311e-09,0.9846450343688783
S00042,45083,5,9.657837867736816,6.8297745e-06,0.00022429846,0.00028604895,8.803971225764447e-05,7.262471702536762e-07,7.214409265543509e-07,6.311535685199487e-07,6.505763963104982e-07,6.505763963104982e-07,6.3115357e-07,6.3417076e-07,0.9836368090891063
S00042,13009,5,7.675085067749023,0.0,0.0003089523,0.0010841574,6.13748597970698e-05,4.256408449994827e-06,3.464603651082143e-06,1.7727838894643355e-06,1.8451422647558502e-06,1.8451422647558502e-06,1.7727839e-06,1.7727839e-06,0.8702932744199958
S00042,54063,5,9.480798721313477,0.0,0.00035420785,-0.009330961,0.005343325494322926,1.365236319846493e-06,1.4673584776877153e-06,1.3934975413576467e-06,1.282414814340882e-06,1.282414814340882e-06,1.3934975e-06,1.3934975e-06,0.9994891242959976
S00042,13001,5,7.464263916015625,0.0,0.0008221197,0.0022347136,0.00017544492826952288,3.7369538404163904e-05,2.318711328067972e-05,2.4852297428878956e-05,2.4340271920664236e-05,2.4340271920664236e-05,2.4852297e-05,2.4852297e-05,0.6488064088099474
S00042,51197,5,8.171823501586914,0.0,0.00036357564,-0.0018628985,0.008094942662864923,9.954719454678222e-07,1.1173325068133029e-06,1.0943781489913817e-06,9.539302254779614e-07,9.539302254779614e-07,1.0943781e-06,1.0943781e-06,0.9997540811382472
S00042,12041,5,5.638489246368408,0.0,0.0060925633,0.016159246,0.0007627224743676683,0.00107889311038889,0.0007614648202434182,0.00036743542295880616,0.0003624187083914876,0.0003624187083914876,0.00036743542,0.00036743542,-0.1716811253326877
S00042,37067,5,9.189050674438477,5.219185e-06,0.00017026141,-0.000630153,0.00020600195299872817,5.11114914540182e-07,4.778980364032274e-07,3.4818947369785747e-07,4.207224435504031e-07,4.207224435504031e-07,3.4818947e-07,3.4993946e-07,0.9950500477310731
S00042,51063,5,8.318159103393555,0.0,0.0038694697,-0.0042114574,0.001506028192428251,0.00021421399045114717,0.0002142377149236078,0.0002164786128560081,0.0002126727777067572,0.0002126727777067572,0.00021647861,0.00021647861,0.7509490319641056
S00042,45067,5,8.048641204833984,0.0,8.866116e-05,-0.0005208366,4.062629280573068e-05,4.059660814922002e-07,2.892882709678209e-07,1.2621107714494428e-07,2.7920739853470877e-07,2.7920739853470877e-07,1.2621108e-07,1.2621108e-07,0.9802123454812468
S00042,12021,5,10.84505558013916,7.37669e-06,0.00012236557,0.0011318561,7.899775543288949e-05,3.015117423880535e-07,3.2725315198452637e-07,1.5358304494839103e-07,3.17115308234861e-07,3.17115308234861e-07,1.5358304e-07,1.5533394e-07,0.9923955982664602
S00042,13233,5,12.146933555603027,0.0,0.00011933475,0.0008090308,0.00013102970842737705,1.511553004244585e-07,2.0555935265065273e-07,7.116445743804434e-08,2.1200700928147853e-07,2.1200700928147853e-07,7.116446e-08,7.116446e-08,0.9976954672178696
S00042,13071,5,6.946819305419922,0.0,0.00012249952,0.033146646,0.0015864317926267784,0.0035297483166990182,0.0014640072477050126,8.604754384577973e-07,9.961162277249969e-07,9.961162277249969e-07,8.6047544e-07,8.6047544e-07,-0.3798373948035867
S00042,13033,5,8.58366584777832,0.0,0.00022961642,0.0033263678,9.988627425627783e-05,1.0382423776415331e-05,9.078098325214038e-06,2.19332514461712e-06,2.2079980226408225e-06,2.2079980226408225e-06,2.1933251e-06,2.1933251e-06,0.8116886485167878
S00042,51005,5,9.837831497192383,0.0,0.005411592,-0.008398166,0.0037413705334377787,0.00010091155369688447,9.938837805142005e-05,0.00010721528815338388,0.0001017243557726033,0.0001017243557726033,0.00010721529,0.00010721529,0.9474731155035324
S00042,37021,5,10.054286003112793,0.0,0.00029199582,-0.004804989,0.002438173280097544,6.52982028744494e-07,5.283239374875848e-07,5.273292345009395e-07,5.320380296325311e-07,5.320380296325311e-07,5.2732923e-07,5.2732923e-07,0.9994645112373234
S00042,37005,5,8.45700740814209,0.0,1.6287437e-05,5.790618e-06,0.002104897634126246,1.0328871387817648e-08,2.1451792342475073e-08,9.019421653988502e-09,2.3447283581390366e-07,2.3447283581390366e-07,9.019422e-09,9.019422e-09,0.999990185916373
S00042,13305,5,7.863553047180176,0.0,0.0007013768,-0.007752537,0.0005231892670659969,7.917942942488784e-06,7.926026531398142e-06,9.202060937241185e-06,8.81318555912003e-06,8.81318555912003e-06,9.202061e-06,9.202061e-06,0.9701832594501502
S00042,13105,5,8.896111488342285,0.0,2.6754607e-05,0.0043050116,0.00013903076857483634,3.545235704412638e-06,2.820013908907034e-06,4.382532736713074e-08,2.555932212544576e-07,2.555932212544576e-07,4.3825327e-08,4.3825327e-08,0.9502688306866988
S00042,13211,5,9.063480377197266,0.0,0.00054380955,0.00041471774,0.0001130555877656055,6.811399695531388e-06,6.581460032369553e-06,6.050357114872895e-06,5.773104476247681e-06,5.773104476247681e-06,6.050357e-06,6.050357e-06,0.8863506985567686
S00042,13111,5,10.347705841064453,0.0,3.68933e-06,0.0043953964,0.0007346373264833043,6.331532187431321e-09,2.4577311038183797e-08,5.861438001630859e-10,2.3795713843810518e-07,2.3795713843810518e-07,5.861438e-10,5.861438e-10,0.9999827629841533
S00042,12117,5,7.232428073883057,0.00024501927,0.010955003,0.0064239204,0.0002645983622642234,0.0005409701746733239,0.0006443556242932876,0.0008297361200675368,0.000824754883069545,0.000824754883069545,0.0008297361,0.00083504454,-0.3430767212678846
S00042,45059,5,9.305020332336426,0.0,0.0005352128,-0.00020566874,4.9259599715393655e-05,5.355046141630737e-06,5.434191280073719e-06,5.7148945415974595e-06,5.431833415059373e-06,5.431833415059373e-06,5.7148945e-06,5.7148945e-06,0.8038970661587844
S00042,51141,5,8.723747253417969,0.0,0.0013333368,0.0026252575,0.0006468602223321795,5.78490789848729e-06,6.145438571062793e-06,8.077699021669105e-06,6.8930189627280924e-06,6.8930189627280924e-06,8.077699e-06,8.077699e-06,0.9822724245366155
S00042,13035,5,8.532572746276855,0.0,0.00011781457,0.00039243835,0.0001134699305112008,3.14728752452235e-06,1.8738672054041672e-06,4.173092804649059e-07,5.498208679455274e-07,5.498208679455274e-07,4.1730928e-07,4.1730928e-07,0.9460236219396307
S00042,13167,5,3.7391583919525146,0.0,2.947557e-05,0.006394947,0.00023124401923269033,6.609391190674312e-05,7.475767779396847e-05,2.6012148879317465e-08,2.4630733719277487e-07,2.4630733719277487e-07,2.6012149e-08,2.6012149e-08,0.5554289918311895
S00042,01103,5,7.256727695465088,7.4711825e-05,7.387181e-06,0.0028953294,0.00024601137556601316,2.939168979310125e-07,4.6553296802661254e-07,5.309989337121124e-09,2.424028195946448e-07,2.424028195946448e-07,5.3099893e-09,8.31952e-10,0.9976133935654343
S00042,12063,5,4.994351387023926,0.0,3.748988e-05,0.0028697236,7.125820411602035e-05,1.9782934804387273e-06,2.13544827450581e-06,1.1845291858492146e-08,2.1747730727383896e-07,2.1747730727383896e-07,1.1845292e-08,1.1845292e-08,0.9459752023823058
S00042,13013,5,4.764553070068359,0.0,2.1806694e-05,-0.00014184052,9.448795511464898e-05,4.340996066313589e-07,3.625012290342511e-07,1.498058743720776e-08,2.343368663559886e-07,2.343368663559886e-07,1.4980587e-08,1.4980587e-08,0.9908535564699688
S00042,54045,5,6.603233814239502,0.0,0.0017401675,-0.0062232995,0.005115122155984864,2.127209033157366e-05,1.956511126384915e-05,2.197457433794625e-05,2.041356492554769e-05,2.041356492554769e-05,2.1974574e-05,2.1974574e-05,0.9917171115333177
S00042,13007,5,4.090266227722168,0.00425599,0.0013584577,0.003172873,0.0002770310772272448,6.612175396488358e-05,4.2480038246139884e-05,2.777357804006897e-05,2.000536915147677e-05,2.000536915147677e-05,2.7773578e-05,2.1223292e-05,0.6146221277838587
S00042,01013,5,6.407240867614746,0.0005149331,8.5822176e-05,7.0063805e-05,3.70074685633881e-05,9.004930869120168e-07,7.393720409254456e-07,2.3330949261435308e-07,2.6297425392840523e-07,2.6297425392840523e-07,2.3330949e-07,5.6538745e-08,0.9524905561940239
S00042,13263,5,4.654336452484131,0.0009852217,0.0024044712,-0.00041753007,0.0003175888753806551,8.987390416829537e-05,8.851179154589772e-05,8.970514318207279e-05,9.088560909731314e-05,9.088560909731314e-05,8.970514e-05,9.347236e-05,0.5588607908296155
S00042,21203,5,6.683526992797852,0.0,0.00035739157,-0.00041009558,0.003069416464616855,1.101670477510197e-06,1.2715795871069229e-06,1.1514941888890462e-06,1.0329279120924184e-06,1.0329279120924184e-06,1.1514942e-06,1.1514942e-06,0.9992824204716991
S00042,21125,5,7.397559642791748,0.0,8.68661e-05,-0.002063142,0.0022007865190971643,1.7111341321651707e-07,2.770678406704974e-07,1.2025176943097904e-07,2.74740216354985e-07,2.74740216354985e-07,1.2025177e-07,1.2025177e-07,0.9998445100344605
S00042,21051,5,6.940254211425781,0.0,0.00048569057,-8.61068e-05,0.0022526196553371847,6.787778753884292e-06,6.181098190912356e-06,5.9284502640366554e-06,5.908505045226775e-06,5.908505045226775e-06,5.9284503e-06,5.9284503e-06,0.9939915407451824
S00042,54043,5,7.13444709777832,0.0,0.0025551817,-0.0043420014,0.0026474194795203707,3.296158683951944e-05,2.9113932517551195e-05,3.4229993616463616e-05,3.191743235220201e-05,3.191743235220201e-05,3.4229994e-05,3.4229994e-05,0.9754052979606492
S00042,13161,5,3.9041452407836914,0.0,0.001590354,0.0023259846,0.0002741489976566906,0.0002558354656988134,0.00010387766572724406,8.623191388323903e-05,8.505889854859561e-05,8.505889854859561e-05,8.6231914e-05,8.6231914e-05,0.03455484683820407
S00042,51191,5,6.107934951782227,6.7385445e-05,0.0005306604,-0.0022566011,0.0056256588237981004,1.425700702384347e-06,1.487765833492934e-06,1.5810146578587592e-06,1.3481065934684011e-06,1.3481065934684011e-06,1.5810147e-06,1.6479914e-06,0.9994932719790589
S00042,12073,5,4.006143569946289,1.6883222e-06,0.001005478,0.002302935,0.00020214573305565864,4.293193584696079e-05,4.419223478180356e-05,1.456159407098312e-05,1.393678758176975e-05,1.393678758176975e-05,1.4561594e-05,1.4564985e-05,0.6496462852842001
S00042,21237,5,5.871540069580078,0.0,0.00017110711,0.00064159033,0.003629922983236611,7.741772189244026e-07,8.45748502342758e-07,8.026665341276384e-07,9.045909905580629e-07,9.045909905580629e-07,8.0266653e-07,8.0266653e-07,0.9995735379819852
S00042,12121,5,3.0198426246643066,0.0,0.0040492895,0.027997892,0.0017704027704894543,0.00211413562647067,0.0013145539172304173,0.00013318391575012356,0.0001297924609389156,0.0001297924609389156,0.00013318392,0.00013318392,-0.08848743939568383
S00042,01057,5,7.569974422454834,0.0,0.00031757943,0.0011057564,0.0001383054695907049,1.9680701749772802e-06,2.0124406698111366e-06,8.117985998978838e-07,7.263624297593196e-07,7.263624297593196e-07,8.117986e-07,8.117986e-07,0.9719395378734321
S00042,37039,5,5.364435195922852,0.0,0.0003359659,-0.0009196325,0.0012252476493207116,1.7114134228298401e-06,1.7562490863080409e-06,1.754830464051338e-06,1.6581295767537085e-06,1.6581295767537085e-06,1.7548305e-06,1.7548305e-06,0.9972103169945981
S00042,13073,5,4.5226664543151855,0.0,2.5565721e-05,0.00055914465,9.243657526288492e-05,2.713833403333865e-06,1.8223842843667626e-06,3.930670899876532e-09,2.2250362974318705e-07,2.2250362974318705e-07,3.930671e-09,3.930671e-09,0.9429569785064442
S00042,21207,5,7.710563659667969,0.0,9.8421006e-05,0.0035309964,0.001012710827732614,4.6254957434636407e-07,5.582604671872105e-07,3.632831635513867e-07,5.22531763635925e-07,5.22531763635925e-07,3.6328316e-07,3.6328316e-07,0.9990869290790567
S00042,51185,5,5.632922649383545,0.0,0.00047409887,-0.0077679735,0.0034455932521571717,1.2643630119176427e-05,1.240007986780256e-05,1.2612045793503057e-05,1.2432192306732759e-05,1.2432192306732759e-05,1.2612046e-05,1.2612046e-05,0.9926878172030518
S00042,13085,5,4.915812969207764,2.4777008e-05,0.00025215765,-0.0016328109,0.00022216878520945707,1.926115373862558e-06,2.2522336469895285e-06,1.9350011370988796e-06,1.9575065834942507e-06,1.9575065834942507e-06,1.9350011e-06,1.9468828e-06,0.9828098241517422
S00042,21231,5,7.972929000854492,0.0,4.0162963e-06,-0.0015390101,0.004473552883913119,1.9890139431784823e-07,3.9585854949564236e-07,1.006551730853289e-09,2.3804217619272094e-07,2.3804217619272094e-07,1.0065517e-09,1.0065517e-09,0.9999110807197794
S00042,13307,5,4.4036641120910645,0.0,0.0010347967,0.0037428872,0.0001523839212798824,9.366508796423052e-05,7.229587451244394e-05,7.087818812578917e-05,7.007260137470439e-05,7.007260137470439e-05,7.087819e-05,7.087819e-05,0.23864690004662883
S00046,22005,4,1.0,0.00027102497,0.026303282,0.006930127,0.001797664522503813,0.0018292746196190517,0.0017611456375258665,0.002772180363535881,0.002760409377515316,0.002760409377515316,0.0027721804,0.0027863644,-0.00871536463022567
S00046,13215,4,1.0,0.0,0.00014380607,0.0011728585,1.79235447035353e-05,9.83769155027403e-07,1.210205653023877e-06,7.778848498674051e-07,9.257473720936105e-07,9.257473720936105e-07,7.7788485e-07,7.7788485e-07,0.8959377135867583
S00046,22097,4,1.0,2.1177468e-05,0.2770685,0.07014706,0.08573772882421811,0.05596946676572164,0.041999482860167824,0.12114319205284119,0.12087243050336838,0.12087243050336838,0.12114319,0.121154934,0.21006881079375347
S00046,13013,4,1.0,0.0,0.00014694409,-0.00078671036,1.8755933429777844e-05,9.797944737025925e-07,1.0051084018414258e-06,9.330166790277872e-07,1.0271178325638175e-06,1.0271178325638175e-06,9.330167e-07,9.330167e-07,0.900708554709066
S00046,13187,4,1.0,0.0,0.008714143,-0.001037256,0.0005564706322426597,0.0005104733281768858,0.0004983101486383626,0.0005142726004123688,0.0005054573994129896,0.0005054573994129896,0.0005142726,0.0005142726,0.04311126523241831
S00046,22105,4,1.0,0.0,0.021425828,0.00041785752,0.002387185658638676,0.0025390124258895717,0.0024379265184203782,0.0026433179154992104,0.002624484244734049,0.002624484244734049,0.002643318,0.002643318,-0.030820272479042028
S00046,22001,4,1.0,0.0,0.5137603,0.11351355,0.284095232685407,0.23121759295463562,0.22787735859553018,0.3767889738082886,0.3762569725513458,0.3762569725513458,0.37678897,0.37678897,0.10261269873323038
S00046,13297,4,1.0,0.0,4.1207546e-05,5.482341e-05,6.664601913305053e-06,1.8996005242873556e-07,2.7455024091220065e-07,2.180322056233308e-08,2.2205909999684081e-07,2.2205909999684081e-07,2.180322e-08,2.180322e-08,0.9445741235170525
S00046,22057,4,1.0,0.0,0.0016036634,0.0049193287,0.00020908859247962633,1.654692187003093e-05,6.306263124618756e-05,1.369279925711453e-05,1.2534176676126663e-05,1.2534176676126663e-05,1.3692799e-05,1.3692799e-05,0.8533305191984192
S00046,13263,4,1.0,0.0,0.00010904146,-0.0028494177,0.00010926827427700421,1.69507781796104e-06,2.9600619579165746e-06,3.622866131536284e-07,4.920677838526899e-07,4.920677838526899e-07,3.622866e-07,3.622866e-07,0.9694479702359686
S00046,13255,4,1.0,0.0,2.1992306e-05,-0.00032037293,1.6457750764272323e-05,1.1128778965030506e-07,1.8969344258342366e-07,2.594785719622905e-09,2.2090979712174885e-07,2.2090979712174885e-07,2.5947857e-09,2.5947857e-09,0.9865667776330983
S00046,22091,4,1.0,8.601904e-05,0.11210193,0.015811581,0.037948938086628914,0.03765969847639402,0.037285459538300834,0.04585971310734749,0.04577173665165901,0.04577173665165901,0.045859713,0.04587899,0.0038254837460770874
S00046,22053,4,1.0,4.3135056e-05,0.22929284,0.04903906,0.052840077628691993,0.0510514664153258,0.04470209777355194,0.07766681164503098,0.0774545818567276,0.0774545818567276,0.07766681,0.077686585,0.01721613852045917
S00046,13231,4,1.0,0.0,0.0010826978,-0.0006691657,2.7133403818879742e-05,1.3543163428645736e-05,1.3307329936651513e-05,1.4135809578874614e-05,1.3295861208462156e-05,1.3295861208462156e-05,1.413581e-05,1.413581e-05,0.33410489895901324
S00046,22033,4,1.0,0.00012923797,0.06470083,0.013385689,0.00864229816943407,0.00647331727668643,0.006001466109106938,0.012802171520888805,0.012755915522575378,0.012755915522575378,0.0128021715,0.012818879,0.143492727800529
S00046,22059,4,1.0,0.0,0.045595113,0.088232376,0.03980689433713754,0.014093028691907724,0.01296614327778419,0.01681228168308735,0.01677037961781025,0.01677037961781025,0.016812282,0.016812282,0.4770668342396942
S00046,22029,4,1.0,0.0,0.015140061,0.010421861,0.0007957878600185116,0.0009394315808701018,0.0010506139369681478,0.001384492265060544,0.0013712072977796197,0.0013712072977796197,0.0013844923,0.0013844923,-0.08278129985567104
S00046,13089,4,1.0,1.1063752e-05,0.0012791215,0.0005164023,2.9652673826300695e-05,8.844005302914107e-06,8.845409259568745e-06,1.0025559276982676e-05,8.986240572994575e-06,8.986240572994575e-06,1.0025559e-05,1.005374e-05,0.5405315210057967
S00046,22037,4,1.0,0.012416077,0.24527305,0.019805305,0.11273077130317688,0.12142513444026311,0.11353790511687596,0.1367800533771515,0.14171677827835083,0.14171677827835083,0.13678005,0.14271653,-0.03713065920537777
S00046,13063,4,1.0,4.4411427e-05,0.0005397643,0.00030729838,1.8693378630511386e-05,3.820203043384633e-06,3.822448358429635e-06,4.058981630805647e-06,3.798521220232942e-06,3.798521220232942e-06,4.0589816e-06,4.104952e-06,0.6606312492859302
S00046,13115,4,1.0,0.0,0.00089205214,-0.00033614715,6.0534839576575905e-05,4.321442247601226e-05,4.357464422355406e-05,4.3304382415954024e-05,4.309562064008787e-05,4.309562064008787e-05,4.3304382e-05,4.3304382e-05,0.1669449667197085
S00046,13137,4,1.0,0.0,0.003690925,-0.00032748998,0.00011038749895912285,0.00010559636575635523,0.00010381357909257834,0.00010857979214051738,0.00010502336226636544,0.00010502336226636544,0.00010857979,0.00010857979,0.022182829301064345
S00046,22011,4,1.0,0.0034002874,0.39643437,0.028308103,0.17619700729846954,0.17759563525517783,0.17185519635677338,0.20511513948440552,0.20716339349746704,0.20716339349746704,0.20511514,0.20779952,-0.003953242064654299
S00046,22125,4,1.0,0.0007394147,0.113887414,0.20239703,0.05051124095916748,0.019051580379406612,0.03104579559294507,0.023384395986795425,0.023422295227646828,0.023422295227646828,0.023384396,0.023552269,0.45224819773541586
S00046,13151,4,1.0,2.20053e-06,0.00030002085,-0.0012625918,2.7620737057532097e-05,6.645215838337511e-07,6.842409447926912e-07,7.296100079656753e-07,6.737986382177041e-07,6.737986382177041e-07,7.2961e-07,7.3092554e-07,0.9530128684867729
S00046,22045,4,1.0,0.0,0.16793664,0.10715188,0.0364424092695117,0.007852719941486916,0.02521840676975747,0.06459205597639084,0.06443136185407639,0.06443136185407639,0.064592056,0.064592056,0.6454364133771592
S00046,22069,4,1.0,0.0023056257,0.05654672,0.02218517,0.005809842608869076,0.004885832934329907,0.00317101141748329,0.009337041527032852,0.00950249470770359,0.00950249470770359,0.0093370415,0.009592477,0.08639095967404459
S00046,13139,4,1.0,7.646393e-05,0.0011886719,-0.0013291591,6.626521129267833e-05,1.2646685415044582e-05,1.2344295403939517e-05,1.3404777746472973e-05,1.2594277905009221e-05,1.2594277905009221e-05,1.3404778e-05,1.3580714e-05,0.6794732874844996
S00046,22101,4,1.0,0.00038993265,0.041657254,0.077620134,0.005428354721516371,0.010854652461906275,0.017989254323765635,0.006550760939717293,0.0065397173166275024,0.0065397173166275024,0.006550761,0.0065830965,-0.33324911542840147
S00046,22039,4,1.0,0.0003277614,0.12824158,0.042405684,0.022396517917513847,0.03329831672211488,0.02163553548355897,0.049391910433769226,0.04934319853782654,0.04934319853782654,0.04939191,0.04947587,-0.19574164956482415
S00046,13199,4,1.0,0.0,0.0003213189,-0.0011041395,2.7860007473160902e-05,2.8004652297871266e-06,2.9706210777173205e-06,2.896346359193558e-06,2.7952019081567414e-06,2.7952019081567414e-06,2.8963464e-06,2.8963464e-06,0.8173240669236089
S00046,13157,4,1.0,0.0,0.0001361102,-0.001572388,2.5910822860926903e-05,3.5875380414533237e-07,3.3013925341644307e-07,1.873750647973793e-07,2.885849994527234e-07,2.885849994527234e-07,1.8737506e-07,1.8737506e-07,0.9726867464429049
S00046,13293,4,1.0,0.0,0.00034216407,-0.0037070913,0.00012310195900984885,4.270629536525424e-06,4.462977509926229e-06,4.2208503145957366e-06,4.1129951569018885e-06,4.1129951569018885e-06,4.2208503e-06,4.2208503e-06,0.932942722052468
S00046,22073,4,1.0,8.495527e-06,0.06908757,0.0077805044,0.010136367753148079,0.010351583982507387,0.00823597920437654,0.012227782979607582,0.012160789221525192,0.012160789221525192,0.012227783,0.0122289555,-0.010504526374140394
S00046,13145,4,1.0,0.00022946305,4.202839e-05,-0.00064450025,3.01041666546098e-05,7.836953272999381e-07,1.5064155694706944e-06,4.8799705609781086e-08,2.340077287499298e-07,2.340077287499298e-07,4.8799706e-08,1.5434342e-08,0.9492554500690964
S00046,22049,4,1.0,0.0,0.0481724,0.052107044,0.004424332602260013,0.005568196841826041,0.00648488321652015,0.008660747669637203,0.008614612743258476,0.008614612743258476,0.008660748,0.008660748,-0.11447194086008013
S00046,13135,4,1.0,8.696358e-06,0.0010235684,-0.00017567816,4.494205980639284e-05,7.100663575935566e-06,7.077652753650909e-06,7.926137186586857e-06,7.131900929380208e-06,7.131900929380208e-06,7.926137e-06,7.943865e-06,0.7271217524966551
S00046,13129,4,1.0,0.00032231494,0.00016420403,-0.00031751298,3.185582931071925e-05,4.6666451680721366e-07,7.266453299810868e-07,4.068008081503649e-07,5.059770273874165e-07,5.059770273874165e-07,4.068008e-07,4.0876478e-07,0.9711244732973052
S00046,13233,4,1.0,0.0,0.0009302527,0.0006063779,1.6167775053569738e-05,8.296674726201067e-06,8.097438694676384e-06,8.983484804048203e-06,8.28176962386351e-06,8.28176962386351e-06,8.983485e-06,8.983485e-06,0.3217362498737714
S00046,22121,4,1.0,0.00026829113,0.09594609,0.04555531,0.015864664688706398,0.012162605921427408,0.01387578078235189,0.03279753774404526,0.03275149315595627,0.03275149315595627,0.032797538,0.032848947,0.13208773764579268
S00046,22043,4,1.0,0.0002862459,0.18206915,0.075937666,0.03471437282860279,0.029995546986659367,0.015449413719276587,0.06859305500984192,0.06850677728652954,0.06850677728652954,0.068593055,0.06869721,0.07292275829447815
S00046,13057,4,1.0,3.0117988e-05,9.674619e-05,-0.003986922,0.00012555110991741003,1.8778848224580239e-07,5.164618196810503e-07,1.0113190285210294e-07,2.4967044964796514e-07,2.4967044964796514e-07,1.011319e-07,1.0605241e-07,0.9970130407592896
S00046,22051,4,1.0,0.00020988287,0.0031737457,0.010531418,0.00017975080603112778,0.00025394641609940055,0.0002388503028972385,7.749845099169761e-05,7.624207501066849e-05,7.624207501066849e-05,7.749845e-05,7.878662e-05,-0.17107697785978068
S00046,13247,4,1.0,0.0,3.9948223e-05,-0.0012341479,3.6569222080136875e-05,3.285884986325982e-07,3.657662830391928e-07,1.711185859676334e-08,2.2226956275517296e-07,2.2226956275517296e-07,1.7111859e-08,1.7111859e-08,0.9821892684970494
S00046,22019,4,1.0,0.0006906491,0.19275475,0.03713626,0.0454887542873621,0.04664836140970389,0.04333282634615898,0.06996070593595505,0.0700073167681694,0.0700073167681694,0.069960706,0.07022648,-0.012585667714565934
S00046,13067,4,1.0,0.0,8.440486e-05,-0.0004376585,8.461499798784189e-05,2.4213323968069744e-07,3.672289447346581e-07,8.66371152596912e-08,2.45287765210378e-07,2.45287765210378e-07,8.6637115e-08,8.6637115e-08,0.9942931551850019
S00046,22075,4,1.0,0.00015725743,0.0004230389,0.014171301,0.0010435652813119607,1.894232506553332e-05,1.3543917248171056e-05,7.239318051688315e-07,6.668771561635367e-07,6.668771561635367e-07,7.239318e-07,8.3225393e-07,0.9643441139586469
S00046,22115,4,1.0,0.00014938488,0.38585308,0.04406751,0.1788743113478025,0.19784557819366455,0.1490685592095057,0.23984535038471222,0.23956388235092163,0.23956388235092163,0.23984535,0.23996061,-0.05035907944481869
S00046,13113,4,1.0,1.8329454e-05,0.000119746066,0.00015911218,3.394749787351733e-05,2.2556006721667168e-07,2.716321461093685e-07,1.556199435981398e-07,2.814632011904905e-07,2.814632011904905e-07,1.5561994e-07,1.5967372e-07,0.9867989532802212
S00046,22003,4,1.0,0.000150932,0.44880444,0.03125871,0.23139860729376474,0.2678280174732208,0.2379841854174932,0.29422229528427124,0.2938980460166931,0.2938980460166931,0.2942223,0.29435772,-0.0729716893534265
S00046,13121,4,1.0,2.8632567e-05,0.0011666015,0.00061030744,4.808580312480141e-05,9.173244810275113e-06,9.036887301287303e-06,9.959584531316068e-06,9.064403457159642e-06,9.064403457159642e-06,9.9595845e-06,1.002557e-05,0.6795879379386033
S00046,22021,4,1.0,0.001424317,0.06060653,0.032273144,0.005373743983606498,0.007651965444286664,0.006409190207098921,0.01183557789772749,0.011925206519663334,0.011925206519663334,0.011835578,0.012006195,-0.17490191020241855
S00046,22109,4,1.0,0.0,0.0022780958,0.021294111,0.0010448927393251022,0.0013393414750074346,0.0036018033351865597,1.2734655683743767e-05,1.082950439013075e-05,1.082950439013075e-05,1.2734656e-05,1.2734656e-05,-0.12349824271134494
S00046,22079,4,1.0,0.0025662845,0.06548877,0.03784765,0.004081311053596437,0.0029654920023555555,0.001149375859919625,0.008956297300755978,0.009182206355035305,0.009182206355035305,0.008956297,0.009285836,0.15834400967094137
S00046,22099,4,1.0,0.0,0.18983781,0.043700848,0.06725375230113666,0.04155799436072508,0.038786317532261215,0.07414770126342773,0.07395646721124649,0.07395646721124649,0.0741477,0.0741477,0.236148749824433
S00046,13311,4,1.0,0.0,0.0023830663,5.9181606e-05,4.416105063379897e-05,4.26168626290746e-05,4.027272734674625e-05,4.3764124711742625e-05,4.153149347985163e-05,4.153149347985163e-05,4.3764125e-05,4.3764125e-05,0.01779471234859738
S00046,22111,4,1.0,7.199424e-05,0.04103297,0.009334946,0.006161093556632598,0.006042489005873601,0.004641909152269363,0.007396354340016842,0.007362503092736006,0.007362503092736006,0.0073963543,0.007402258,0.009718830527962578
S00046,22113,4,1.0,8.389262e-06,0.28475067,0.1535213,0.08320940658450127,0.038170104225476585,0.05854052801926931,0.11524556577205658,0.11495712399482727,0.11495712399482727,0.115245566,0.11525035,0.3710618213772063
S00046,22007,4,1.0,0.0,0.018998502,0.012404486,0.001685777601475517,0.0013946675850699346,0.0019434459585075576,0.0024934245739132166,0.002477172762155533,0.002477172762155533,0.0024934246,0.0024934246,0.09450257958722069
S00046,13011,4,1.0,0.0,0.0014371218,-0.0016243511,8.177054890741904e-05,3.2179800958450265e-05,3.164453664794564e-05,3.34735814249143e-05,3.2240761356661096e-05,3.2240761356661096e-05,3.347358e-05,3.347358e-05,0.43519610082234883
S00046,13117,4,1.0,8.872721e-06,0.000117655974,-0.001932871,9.402889957854654e-05,1.1119222402082111e-07,1.9516724118299558e-07,4.164876443724097e-08,1.6278944769965165e-07,1.6278944769965165e-07,4.1648764e-08,4.365789e-08,0.9976377285831839
S00046,13257,4,1.0,0.0,0.0002671959,-0.0015959505,3.130229786544684e-05,3.0582479363753617e-07,3.443845884021357e-07,2.856044716281758e-07,2.4359189865208464e-07,2.4359189865208464e-07,2.8560447e-07,2.8560447e-07,0.9806489745097444
S00046,22077,4,1.0,0.00047300247,0.17202964,0.16019252,0.03106109704822302,0.03140717061857382,0.03829245020945867,0.07621978968381882,0.07619582116603851,0.07619582116603851,0.07621979,0.07638231,-0.005539989874487087
S00046,22063,4,1.0,3.8498692e-05,0.02629203,0.0053275004,0.0017083353595808148,0.0022789662471041083,0.0022670232380429902,0.002885819412767887,0.002863948931917548,0.002863948931917548,0.0028858194,0.0028878425,-0.14311204514015205
S00046,13149,4,1.0,0.0,0.00029167486,-0.0017707092,5.81325063346109e-05,9.775601029105019e-06,1.0759390230911473e-05,9.561470506014302e-06,9.4832385002519e-06,9.4832385002519e-06,9.5614705e-06,9.5614705e-06,0.7120932563545945
S00046,22127,4,1.0,0.0,0.13542128,0.07693654,0.028032903249065082,0.02960379235446453,0.01886515226215124,0.04733150079846382,0.04719908535480499,0.04719908535480499,0.0473315,0.0473315,-0.027255016772738942
S00046,13085,4,1.0,0.0,0.0024630753,-0.0006761477,0.00010342422441074935,8.079833060037345e-05,7.832526413646217e-05,8.243837510235608e-05,8.017013897188008e-05,8.017013897188008e-05,8.2438375e-05,8.2438375e-05,0.12281826082050495
S00046,13097,4,1.0,0.0,0.0001451579,-0.00285003,8.605975760171229e-05,6.546357553816051e-07,9.822001535061038e-07,3.1201534511637874e-07,4.046214030495321e-07,4.046214030495321e-07,3.1201535e-07,3.1201535e-07,0.9849013357520525
S00046,22055,4,1.0,0.0,0.12758595,0.09025836,0.024188962454597156,0.02220424823462963,0.024470545661946137,0.027131550014019012,0.02700057625770569,0.02700057625770569,0.02713155,0.02713155,0.04278027302879484
S00046,22087,4,1.0,0.0,0.00058495835,0.008855227,0.0003371766307888417,2.4845362531777937e-05,1.7035871678672265e-05,6.042143013473833e-06,5.793835953227244e-06,5.793835953227244e-06,6.042143e-06,6.042143e-06,0.8627411428577269
S00046,13241,4,1.0,0.0,0.0064841444,-0.00044467425,0.00024854645986730856,0.00024701192160137,0.00023929079179652035,0.00024847013992257416,0.0002419312222627923,0.0002419312222627923,0.00024847014,0.00024847014,0.003096584223620013
S00046,22061,4,1.0,0.0,0.00866752,0.0045330515,0.0004764308638793106,0.00045312185344907147,0.0005565235527077069,0.000645362539216876,0.000637694145552814,0.000637694145552814,0.00064536254,0.00064536254,0.025075512120744835
S00046,45073,4,1.0,0.0,0.00015007472,0.000779793,2.7753847244108936e-05,5.999712016091507e-07,6.510309352355156e-07,4.563928825973562e-07,5.406684522313299e-07,5.406684522313299e-07,4.5639288e-07,4.5639288e-07,0.9576796894035444
S00046,22065,4,1.0,0.0,0.0068842564,0.007129141,0.000552254505843545,0.0003167958251045396,0.00033426777614901465,0.00035556816146709025,0.00034869901719503105,0.00034869901719503105,0.00035556816,0.00035556816,0.27093791044545523
S00046,22023,4,1.0,0.01097115,0.100562535,0.1420401,0.017801152852674324,0.026869164624561865,0.01520483948600789,0.01597876287996769,0.017719395458698273,0.017719395458698273,0.015978763,0.018064968,-0.20299859692084263
S00046,13035,4,1.0,0.0,0.00029838012,-0.0013916795,2.7382768242508366e-05,1.5429490455668808e-06,1.756818051035225e-06,1.5301923212973634e-06,1.4932854810467688e-06,1.4932854810467688e-06,1.5301923e-06,1.5301923e-06,0.8933164539914127
S00046,22009,4,1.0,0.0,0.089229554,0.06632663,0.01295587420463562,0.009000277612358332,0.009865257268150648,0.026112640276551247,0.026028893887996674,0.026028893887996674,0.02611264,0.02611264,0.1801589197072174
S00046,22085,4,1.0,0.0001937609,0.029336192,0.037554383,0.0013020978076383471,0.0022142513189464808,0.0024752986694996557,0.0028056586161255836,0.002788037760183215,0.002788037760183215,0.0028056586,0.002816989,-0.25940356843748374
S00046,22025,4,1.0,0.0,0.0023463776,0.046662703,0.00588192139093735,0.0029668802938734493,0.004494523241495092,1.2503013749665115e-05,1.04436585388612e-05,1.04436585388612e-05,1.2503014e-05,1.2503014e-05,0.32942778026855835
S00046,13077,4,1.0,0.0,0.0022302181,-0.0003496604,6.499091129323158e-05,4.316588213744884e-05,4.2244185654756926e-05,4.4889708078699186e-05,4.287004048819654e-05,4.287004048819654e-05,4.4889708e-05,4.4889708e-05,0.20179064544633327
S00046,37111,4,2.4887382984161377,0.0,0.0006722132,0.0026332145,6.624022807955043e-05,1.1756532330764458e-05,1.137375056714518e-05,1.1986771824012976e-05,1.1538207218109164e-05,1.1538207218109164e-05,1.1986772e-05,1.1986772e-05,0.6985379323726455
S00046,13197,4,3.618673801422119,0.0,0.00031701493,2.5746645e-05,3.4695096625606915e-05,1.495673245699436e-06,1.7169696396498086e-06,1.4160491446091328e-06,1.3562271306000184e-06,1.3562271306000184e-06,1.4160491e-06,1.4160491e-06,0.9173450439977917
S00046,22035,4,1.189947485923767,0.0,0.0082606925,0.010380101,0.0008454378112219274,0.00028511599521152675,0.0003098424300939466,0.00040999072371050715,0.000402328121708706,0.000402328121708706,0.00040999072,0.00040999072,0.4956171151004673
S00046,01023,4,2.64298939704895,0.0,0.00027312455,0.0029495284,0.00015554700712527847,1.480078056677788e-05,3.494253663423782e-05,2.2958383851801045e-06,2.2868671294418164e-06,2.2868671294418164e-06,2.2958384e-06,2.2958384e-06,0.8262286729131607
S00046,01041,4,3.662372350692749,0.0,4.3231863e-05,0.0002818326,4.582494537193801e-05,8.7527854475411e-07,1.101113923596131e-06,1.685551609398317e-08,2.2610619510032848e-07,2.2610619510032848e-07,1.6855516e-08,1.6855516e-08,0.9625150172163839
S00046,01011,4,3.4737439155578613,0.0,0.00036819765,0.0004973167,5.291787177460113e-05,8.53394491665919e-06,8.84893658318712e-06,8.692089977557771e-06,8.529941624146886e-06,8.529941624146886e-06,8.69209e-06,8.69209e-06,0.7222557321768199
S00046,01013,4,3.56834077835083,0.0,0.00054860633,-0.0003853984,6.0676911592357406e-05,5.429633044210884e-06,5.74836227921575e-06,5.488887381943641e-06,5.186195267015137e-06,5.186195267015137e-06,5.4888874e-06,5.4888874e-06,0.8357308471026222
S00046,01069,4,3.4045047760009766,0.0,0.00034193927,0.000981317,3.4796289810401504e-05,3.5673782197894375e-06,3.7231191072351066e-06,3.1382912766275695e-06,3.3014550808729837e-06,3.3014550808729837e-06,3.1382913e-06,3.1382913e-06,0.8140230899202845
S00046,37027,4,2.935809850692749,0.0,2.0682228e-05,0.0010054455,2.1271307391934613e-05,6.023218605359186e-08,1.530827399657634e-07,6.149499576224571e-09,2.2569753355128341e-07,2.2569753355128341e-07,6.1494996e-09,6.1494996e-09,0.9943527577244592
S00046,01029,4,3.794006109237671,0.0,0.0018891285,0.004124563,0.00024147103734624883,0.0001510743701752896,0.00015052251304344585,0.000152665248606354,0.00015105976490303874,0.00015105976490303874,0.00015266525,0.00015266525,0.2302833390453034
S00046,37099,4,3.217561960220337,0.0,0.0009326803,0.0028875798,7.078097132762196e-05,4.350916242401581e-06,3.878584720951039e-06,4.430558874446433e-06,3.6856529277429217e-06,3.6856529277429217e-06,4.430559e-06,4.430559e-06,0.8841792377877771
S00046,05085,4,2.0967512130737305,0.0,0.00017328729,-0.00034482253,0.00056751518868244,3.0598828478408297e-07,8.588781857573243e-07,2.5157959271382424e-07,3.1480911388825916e-07,3.1480911388825916e-07,2.515796e-07,2.515796e-07,0.9989222371507226
S00046,01093,4,3.129047155380249,0.0,0.0005941424,0.00027642486,5.771366735037494e-05,1.3082814803055953e-05,1.2420437087712344e-05,1.0065509741252754e-05,9.754596248967573e-06,9.754596248967573e-06,1.006551e-05,1.006551e-05,0.6304105965405813
S00046,01015,4,3.8454220294952393,0.0,0.0004832025,-0.00087610213,3.0759404163897365e-05,8.582344056170162e-07,9.194329967006828e-07,1.045250996867253e-06,7.990918220457388e-07,7.990918220457388e-07,1.045251e-06,1.045251e-06,0.9457116695334405
S00046,13045,4,4.294013977050781,4.298635e-06,5.570314e-05,-0.00028638885,3.631922692430104e-05,2.5599504738238466e-07,5.610511000971504e-07,3.154213601419542e-08,2.1575149844466068e-07,2.1575149844466068e-07,3.1542136e-08,3.200255e-08,0.9860017228286091
S00046,37011,4,3.300529718399048,0.0,6.4415464e-05,0.0031268643,7.45376460239792e-05,2.919857327772964e-07,3.681256165085263e-07,2.915271863912494e-07,4.721885886738164e-07,4.721885886738164e-07,2.915272e-07,2.915272e-07,0.9921959863780586
S00046,22095,4,2.6796398162841797,0.00032470777,0.025505777,0.0074140094,0.003248748602345586,0.003306192966798941,0.003411300557975968,0.003939710557460785,0.003930671606212854,0.003930671606212854,0.0039397106,0.003956169,-0.00876352044444727
S00046,05025,4,1.6577599048614502,0.0,0.00016525135,0.010001868,0.0009040222059676731,1.5801270668210538e-05,2.2726508935496288e-05,1.812420009628113e-07,2.5242539436476363e-07,2.5242539436476363e-07,1.81242e-07,1.81242e-07,0.9656428193679045
S00046,05041,4,1.561445951461792,0.0,0.0035268855,0.0070147514,0.0005158689891686663,0.0001269886658216516,0.00012336854706518352,0.00013913617294747382,0.00013615036732517183,0.00013615036732517183,0.00013913617,0.00013913617,0.6049244655146429
S00046,13123,4,3.7450902462005615,0.0,0.0016267245,0.0015451064,9.886117913993075e-05,3.9833738507392504e-05,3.852826315172327e-05,4.051081486977637e-05,3.9050293707987294e-05,3.9050293707987294e-05,4.0510815e-05,4.0510815e-05,0.42559195126842814
S00046,22083,4,1.1632875204086304,0.0,0.01974724,0.003292739,0.0018719111491615574,0.0020361918723210692,0.0017781487743680675,0.002187996171414852,0.0021694516763091087,0.0021694516763091087,0.0021879962,0.0021879962,-0.04203592440027035
S00046,37035,4,3.3385157585144043,1.13314445e-05,1.9427222e-05,-0.00025223132,1.5675561288119866e-05,1.5602173893588164e-07,2.259100995161134e-07,3.0065390177469453e-09,2.2524963583236968e-07,2.2524963583236968e-07,3.006539e-09,3.3184144e-09,0.9802898119955227
S00046,22067,4,1.106623649597168,0.0,0.15066689,0.09129307,0.025556528319915135,0.03064273235698541,0.04857803943256537,0.04756702482700348,0.047415610402822495,0.047415610402822495,0.047567025,0.047567025,-0.09050304178042053
S00046,37023,4,2.7172632217407227,0.0,0.00015424694,0.002709842,6.232771305766012e-05,2.565804635423774e-07,3.288655439822226e-07,2.3758886413816072e-07,3.189892936461547e-07,3.189892936461547e-07,2.3758886e-07,2.3758886e-07,0.9918004838240939
S00046,05117,4,1.9153093099594116,0.0,6.907498e-05,-0.002053157,8.871169039773956e-05,8.960038636966298e-07,1.5612726732191125e-06,7.660613476900835e-08,2.438318347230961e-07,2.438318347230961e-07,7.6606135e-08,7.6606135e-08,0.9800016310857752
S00046,22107,4,1.6167088747024536,0.0,0.03997061,0.009476427,0.007845794005940357,0.00799077128370603,0.006618114343533914,0.010056220926344395,0.010019299574196339,0.010019299574196339,0.010056221,0.010056221,-0.009154590980687943
S00046,37149,4,2.339939594268799,0.0,0.00027678956,0.008077944,0.00041758818417747534,2.080496377251014e-06,1.934400112683458e-06,1.1569721891646623e-06,1.1052427453250857e-06,1.1052427453250857e-06,1.1569722e-06,1.1569722e-06,0.9900850529303213
S00046,37161,4,2.550219774246216,0.0,0.0007237233,0.0010557474,2.0725743070215685e-05,6.013292932038894e-06,5.688928467861842e-06,6.394755928340601e-06,5.890382908546599e-06,5.890382908546599e-06,6.394756e-06,6.394756e-06,0.5502236556671777
S00046,01045,4,3.5113842487335205,0.0,0.00076874543,0.0007708091,3.8074700569268316e-05,1.7905901889510762e-05,1.7763906119701762e-05,1.857344432210084e-05,1.8013122826232575e-05,1.8013122826232575e-05,1.8573444e-05,1.8573444e-05,0.3602819154118377
S00046,13193,4,4.043218612670898,0.0,0.0015278442,0.00019851832,9.193007523814838e-05,7.35810463083908e-05,7.349212925570707e-05,7.398319576168433e-05,7.320966687984765e-05,7.320966687984765e-05,7.3983196e-05,7.3983196e-05,0.11086281549121225
S00046,22071,4,2.7570295333862305,0.00019087133,0.0010524607,0.002585257,4.441251621756237e-05,2.3762321385826606e-05,2.247453479261215e-05,9.394780136062764e-06,8.985442036646418e-06,8.985442036646418e-06,9.39478e-06,9.760118e-06,0.30290053570599546
S00046,05123,4,3.107853412628174,0.0,0.00048934977,0.00048187486,4.2358758037153166e-05,2.9572802304755896e-06,3.13536240052296e-06,3.194350028934423e-06,2.9251370960992062e-06,2.9251370960992062e-06,3.19435e-06,3.19435e-06,0.8694819607570106
S00046,45045,4,2.8318357467651367,3.229022e-05,0.00065660226,0.0006559087,3.4615271867248033e-05,2.7530772210108503e-06,2.629098920200098e-06,3.026945478268317e-06,2.627867388582672e-06,2.627867388582672e-06,3.0269455e-06,3.0683066e-06,0.8526519213086744
S00046,05093,4,3.5906271934509277,8.678672e-05,5.5597746e-05,-0.0020405953,7.127320697541961e-05,3.7418391703643766e-07,4.2654205382556637e-07,2.6141110609501084e-08,2.208052336527544e-07,2.208052336527544e-07,2.614111e-08,2.8259466e-08,0.989554848756514
S00046,13143,4,3.9981255531311035,0.0,0.0002999603,-0.003213753,0.00013465641457817887,1.263456435178038e-06,2.2417422845440646e-06,1.1450326837803004e-06,1.0784867754409788e-06,1.0784867754409788e-06,1.1450327e-06,1.1450327e-06,0.9814088046764866
S00046,21141,4,9.908708572387695,0.0,1.6762451e-05,-0.0006596729,1.5662475597662724e-05,3.639277584473651e-07,3.9357869259977935e-07,4.960036825707448e-09,2.2831279977708618e-07,2.2831279977708618e-07,4.960037e-09,4.960037e-09,0.9545839761597394
S00046,22015,4,4.932188987731934,5.3077852e-05,0.0003465265,-0.00048820683,6.595167144496372e-05,1.463172490427193e-06,1.4707017802114326e-06,1.2192330132165807e-06,1.21265998132003e-06,1.21265998132003e-06,1.219233e-06,1.2532017e-06,0.9565919787093337
S00046,21235,4,6.550712585449219,0.0,0.0029830695,0.001477774,5.9774818510049954e-05,4.483002339839004e-05,4.4272632900780685e-05,4.673596049542539e-05,4.424563667271286e-05,4.424563667271286e-05,4.673596e-05,4.673596e-05,0.14286905690982266
S00046,13227,4,9.35052490234375,0.0,0.00079113344,0.0013570117,0.0002092913018714171,2.1316178996736806e-05,2.114872161958677e-05,2.1807489247294143e-05,2.1246258256724104e-05,2.1246258256724104e-05,2.180749e-05,2.180749e-05,0.8151302037861992
S00046,13047,4,7.451353073120117,0.0,0.00016759276,0.0020015845,3.1338134078851e-05,4.0081073393594124e-07,9.860083404570712e-07,3.03631566112017e-07,3.808590349763108e-07,3.808590349763108e-07,3.0363157e-07,3.0363157e-07,0.9747432854935705
S00046,21121,4,7.084174156188965,0.0,0.00056863157,0.00065624824,5.219730095025928e-05,2.3376007447950542e-05,2.3281356334337033e-05,2.366621447436046e-05,2.3303426132770255e-05,2.3303426132770255e-05,2.3666214e-05,2.3666214e-05,0.3813686884057527
S00046,37199,4,9.143927574157715,0.0,0.000171575,0.0047813244,0.00016051099844105465,1.5247947734072417e-07,2.4413931498656893e-07,1.6672812819251703e-07,2.5021657279467036e-07,2.5021657279467036e-07,1.6672813e-07,1.6672813e-07,0.9981018775478248
S00046,21085,4,10.170755386352539,0.0,6.444741e-05,-0.0023403396,9.689375087873486e-05,4.1214507480920776e-07,4.526851569153223e-07,7.912353794381488e-08,2.6460418212082004e-07,2.6460418212082004e-07,7.912354e-08,7.912354e-08,0.9915288776539097
S00046,01083,4,9.578598022460938,0.0,9.938221e-07,-0.00047249143,2.392290046784873e-05,7.223082150176197e-07,5.593560672423337e-07,9.249886967488408e-11,2.407323052011634e-07,2.407323052011634e-07,9.249887e-11,9.249887e-11,0.9413834774692107
S00046,05103,4,5.6133646965026855,0.0,9.473914e-05,0.002303407,6.300339186301092e-05,1.1756486249699567e-06,2.149211553614805e-06,1.4660675162758707e-07,2.913243406510446e-07,2.913243406510446e-07,1.4660675e-07,1.4660675e-07,0.9633634714376846
S00046,21009,4,10.633257865905762,0.0,0.00015831769,-0.0007752482,1.4919336384385437e-05,1.47528654300307e-06,1.5307161144543595e-06,1.4391985132533591e-06,1.5059857787491637e-06,1.5059857787491637e-06,1.4391985e-06,1.4391985e-06,0.8200279994804286
S00046,29207,4,11.547367095947266,0.0,1.0196674e-06,-0.00063295243,2.169896933884354e-05,4.833031728897671e-07,6.297481339364216e-07,3.392091468823466e-11,2.4022867251005664e-07,2.4022867251005664e-07,3.3920915e-11,3.3920915e-11,0.9564243769312524
S00046,05003,4,2.975931406021118,0.0001170686,0.023132022,0.06327243,0.022564451365421217,0.0030939094722270966,0.007842624327167869,0.0032466119155287743,0.0032294862903654575,0.0032294862903654575,0.003246612,0.003252014,0.7588381041327139
S00046,05043,4,3.484328508377075,0.0,0.007183618,0.010327826,0.0004832720636234929,0.00021314438102611652,0.00018985714026105902,0.0002648985537234694,0.00025814020773395896,0.00025814020773395896,0.00026489855,0.00026489855,0.38788240092935594
S00046,01009,4,8.744270324707031,0.0,0.0008926976,0.00075450126,9.613356208622766e-05,7.987540811882354e-06,8.384475828885721e-06,8.283281204057857e-06,7.686924618610647e-06,7.686924618610647e-06,8.283281e-06,8.283281e-06,0.8465721051821985
S00046,13169,4,11.017553329467773,0.0,0.00016944336,-0.000298511,1.3849370134266792e-05,2.129448830601177e-06,2.4581504476373084e-06,1.7515085346531123e-06,1.8568799760032562e-06,1.8568799760032562e-06,1.7515085e-06,1.7515085e-06,0.7334660546210434
S00046,13265,4,10.81978702545166,0.0,3.9485116e-05,5.1736628e-05,3.677990962103195e-05,1.4148499379492325e-06,1.8452513851722567e-06,9.120584820720978e-08,2.8894999104522867e-07,2.8894999104522867e-07,9.120585e-08,9.120585e-08,0.9259139235703583
S00046,22119,4,4.05914306640625,3.891656e-05,0.00075238687,0.0009416464,6.795611625420861e-05,9.915188153778823e-06,1.0418980309623294e-05,9.149622201221064e-06,8.88043905433733e-06,8.88043905433733e-06,9.149622e-06,9.2066675e-06,0.7453442386984903
S00046,21207,4,8.322747230529785,0.0,3.800039e-07,8.091968e-05,9.85063425160311e-06,2.8021721713381947e-07,3.8839382199284955e-07,1.1552236597878185e-11,2.4098429207697336e-07,2.4098429207697336e-07,1.1552237e-11,1.1552237e-11,0.944680421384412
S00046,21099,4,10.406417846679688,0.0,0.000149017,0.00034778277,1.3172059804370898e-05,7.414354475561898e-07,7.506506941960348e-07,4.805035587196471e-07,5.681397396983812e-07,5.681397396983812e-07,4.8050356e-07,4.8050356e-07,0.893422115129051
S00046,13221,4,12.450006484985352,0.0,0.0038288468,-0.00064548466,0.0001660711714066565,0.0001331461341275523,0.0001314769081848984,0.00013694570225197822,0.00013317338016349822,0.00013317338016349822,0.0001369457,0.0001369457,0.11003720931288169
S00046,45003,4,12.132233619689941,0.00064716337,1.881893e-05,-0.0008790856,2.2471630359177652e-05,1.8871111725123532e-07,2.6774255938259256e-07,3.95972733713279e-07,3.0100403591859504e-07,3.0100403591859504e-07,3.9597273e-07,1.5101028e-09,0.983344371271057
S00046,13125,4,11.27476692199707,0.0,0.00017914012,0.000646866,1.969006220292613e-05,7.136306692245853e-07,9.013353311123259e-07,2.733595749759843e-07,3.444567653332342e-07,3.444567653332342e-07,2.7335957e-07,2.7335957e-07,0.9300488716727716
S00046,13099,4,7.7461323738098145,0.0,2.848778e-05,0.0021056847,8.720846977953538e-05,4.3564177095352835e-07,4.4276722140542307e-07,1.6941784863888643e-08,2.3166171558841597e-07,2.3166171558841597e-07,1.6941785e-08,1.6941785e-08,0.9900588467782558
S00046,01089,4,8.126629829406738,0.0,0.00042384662,-0.00077488774,4.6442440937729167e-05,6.299695693693745e-06,6.299535319461332e-06,6.537072749779327e-06,6.325690719677368e-06,6.325690719677368e-06,6.5370727e-06,6.5370727e-06,0.7611133679426826
S00047,37111,5,1.843078374862671,0.0,0.010911788,0.009342532,0.0006433556651851783,0.0004951603380807986,0.0011161566653754562,0.00032545599970035255,0.0003147227980662137,0.0003147227980662137,0.000325456,0.000325456,0.13016534390317103
S00047,01103,5,1.9043103456497192,0.0,6.9424673e-06,0.003359668,7.840924020759606e-05,5.091786784798084e-07,9.67208838649943e-07,7.387803702130213e-10,2.378299370775494e-07,2.378299370775494e-07,7.3878037e-10,7.3878037e-10,0.987096075018562
S00047,13147,5,1.4589996337890625,0.0,0.0033033327,0.06667592,0.004855379074191053,0.018677296893050272,0.009739324605713287,0.0001934933679876849,0.0001908960402943194,0.0001908960402943194,0.00019349337,0.00019349337,-0.587350025050276
S00047,01023,5,1.861868143081665,0.0,0.017553141,0.060119394,0.0015943705026681225,0.007368890956665079,0.014857836339312295,0.002139753894880414,0.0021251803264021873,0.0021251803264021873,0.002139754,0.002139754,-0.6442432233173455
S00047,01041,5,1.4652684926986694,0.000115821174,0.018717654,0.088071935,0.0019523240625858307,0.028533180865148704,0.018288178369402885,0.001469078124500811,0.0014560908311977983,0.0014560908311977983,0.0014690781,0.0014734005,-0.87191787918791
S00047,11001,5,2.359633684158325,0.0,9.855487e-05,7.975637e-05,7.686411602965866e-05,2.6456746482494964e-07,1.7920767566200388e-07,4.0176246329792775e-08,1.7810488373015687e-07,1.7810488373015687e-07,4.0176246e-08,4.0176246e-08,0.9931395830231208
S00047,22105,5,1.97169828414917,0.0,0.004592321,0.014755542,0.0003464936768674913,0.0003166176805583139,0.0015561470257428784,0.00017973719513975084,0.00017656532872933894,0.00017656532872933894,0.0001797372,0.0001797372,0.04505426724276874
S00047,51610,5,2.278557300567627,0.0,0.0024748424,-0.0017078097,0.0006857888850693902,0.00044209291809238493,0.0004416008887346834,0.00044407122186385095,0.0004419985634740442,0.0004419985634740442,0.00044407122,0.00044407122,0.2160651641810833
S00047,01011,5,1.4125044345855713,0.0,0.007146681,0.037953824,0.002738382900133729,0.00804943940602243,0.0045015263215949135,0.00043986464152112603,0.0004342312167864293,0.0004342312167864293,0.00043986464,0.00043986464,-0.492319613278938
S00047,37087,5,1.5249172449111938,1.8738101e-05,0.0028288115,0.006567469,0.0012446820619516075,5.852116252450893e-05,0.00033694687833000597,5.502134808921255e-05,5.275265721138567e-05,5.275265721138567e-05,5.5021348e-05,5.5127006e-05,0.910188738908263
S00047,13297,5,1.447582721710205,0.0,0.00783394,0.09074934,0.008630770879487196,0.033584309120972954,0.0212194516013066,0.0004169444437138736,0.0004099978250451386,0.0004099978250451386,0.00041694444,0.00041694444,-0.5911048431322116
S00047,13083,5,1.2015841007232666,0.0,0.00686721,0.0066489466,0.00040345892193727195,0.0003301479446236044,0.0002966653070567797,0.00036875944351777434,0.0003627980186138302,0.0003627980186138302,0.00036875944,0.00036875944,0.09993223980760549
S00047,12113,5,1.5459150075912476,0.0,0.005248275,0.07021387,0.008049717483421167,0.013772089034318924,0.011493364969889322,0.00019503170915413648,0.00019111593428533524,0.00019111593428533524,0.00019503171,0.00019503171,-0.26223179763993143
S00047,13255,5,1.4860832691192627,0.0,0.0009679283,0.038304076,0.006531946671505769,0.00703647065286835,0.0037749125622212887,9.271976523450576e-06,8.689871719980147e-06,8.689871719980147e-06,9.2719765e-06,9.2719765e-06,-0.03718370162865357
S00047,37159,5,1.550062656402588,0.0,0.0074934033,0.03563314,0.001156086043920368,0.003632367355749011,0.0038135414166996875,0.0002985605096910149,0.00029172992799431086,0.00029172992799431086,0.0002985605,0.0002985605,-0.5171359320317536
S00047,37027,5,1.7498245239257812,0.0,0.0027335775,0.01072749,0.0005955625674687326,0.0010960748862392695,0.0005714419762625766,1.6531919754925184e-05,1.4064696188142989e-05,1.4064696188142989e-05,1.653192e-05,1.653192e-05,-0.29587446037768544
S00047,22091,5,2.6186976432800293,0.0,0.00081990217,0.008637359,0.00015581263627003258,0.0006715896961395629,0.0014223205095428664,1.1703629752446432e-05,1.1216449820494745e-05,1.1216449820494745e-05,1.170363e-05,1.170363e-05,-0.6233691152011415
S00047,51011,5,1.8277238607406616,0.0,0.0008422465,0.016749062,0.0018630909034982324,0.0008663696547349294,0.00047759861627127975,5.766045887867222e-06,5.157932264410192e-06,5.157932264410192e-06,5.766046e-06,5.766046e-06,0.3651715155790717
S00047,01029,5,1.340242862701416,0.00041330853,0.3026145,0.10664323,0.10211716343959172,0.07989776444931825,0.08800924569368362,0.16423040628433228,0.16415280103683472,0.16415280103683472,0.1642304,0.16448039,0.12207459711125862
S00047,24003,5,2.3024027347564697,1.1409186e-05,0.00047760564,0.000105749525,0.00020570553897414356,3.177800105428711e-06,2.540568705929521e-06,1.8927336213891977e-06,1.6287208381982055e-06,1.6287208381982055e-06,1.8927336e-06,1.9035019e-06,0.9695734459298533
S00047,51089,5,1.4936223030090332,0.0,0.006826153,0.095838904,0.013532910806437334,0.028731282179554302,0.011779978095243374,0.0006142480997368693,0.0006081628380343318,0.0006081628380343318,0.0006142481,0.0006142481,-0.35960396494863706
S00047,51029,5,2.116889238357544,0.0,0.0013528811,0.010800446,0.0008270898057768742,0.00015202095043302202,4.9872102257116545e-05,1.525478273833869e-05,1.4143970474833623e-05,1.4143970474833623e-05,1.5254783e-05,1.5254783e-05,0.6894713913235111
S00047,13089,5,1.364380121231079,8.297814e-06,0.06215403,0.086154655,0.0013587664191921551,0.005785210193910946,0.0013816741023523111,0.01257900521159172,0.01252132561057806,0.01252132561057806,0.012579005,0.012580037,-0.6196050203467973
S00047,45077,5,1.3739140033721924,0.0,0.06608222,0.09768471,0.0032412006209294,0.013755734932298461,0.005544002090270321,0.009685730561614037,0.009619714692234993,0.009619714692234993,0.009685731,0.009685731,-0.618613530565059
S00047,37123,5,1.766615867614746,0.0,0.0009520171,0.005377975,0.00022775057974892357,5.3456033735225596e-05,2.719044702341004e-05,1.5419116607517935e-05,1.4792762158322148e-05,1.4792762158322148e-05,1.5419117e-05,1.5419117e-05,0.6198095551672453
S00047,13137,5,1.394150972366333,0.0,0.10297055,0.094299495,0.007135223286847274,0.01151778269559145,0.004203866779183348,0.027335915714502335,0.027235932648181915,0.027235932648181915,0.027335916,0.027335916,-0.23495191139005858
S00047,01129,5,1.4440038204193115,0.0,0.04288319,0.14038317,0.019708703582485516,0.03975113729635874,0.04139531155427297,0.0022365639451891184,0.0021917829290032387,0.0021917829290032387,0.002236564,0.002236564,-0.337075132015772
S00047,51013,5,2.3453612327575684,0.0,0.00073105656,0.0030699552,0.00043253524442358565,5.546462716665701e-06,3.975100753450533e-06,4.2345168367319275e-06,3.715053480846109e-06,3.715053480846109e-06,4.234517e-06,4.234517e-06,0.9746784098661759
S00047,13151,5,1.4276998043060303,0.0022511422,0.007035522,0.06531259,0.006401419639587402,0.01528618624433875,0.007712452361981074,0.00051143579185009,0.0005254874122329056,0.0005254874122329056,0.0005114358,0.000538044,-0.40967023526263563
S00047,22045,5,3.054711103439331,0.0,0.000119496086,0.0026235736,9.412882718606852e-05,1.0063658730056584e-06,1.2990759330477886e-06,3.933936909561453e-07,5.435853722701722e-07,5.435853722701722e-07,3.933937e-07,3.933937e-07,0.9788434575965855
S00047,37169,5,1.4083656072616577,0.0,0.12026278,0.03141708,0.019297739801307518,0.021738866964975994,0.028976972525318462,0.03829685598611832,0.03817642480134964,0.03817642480134964,0.038296856,0.038296856,-0.05948657445220725
S00047,37067,5,1.4269206523895264,0.0,0.048637968,0.039169356,0.0009652753554595014,0.000569308593791599,0.0008590020249054456,0.006180626340210438,0.006132281851023436,0.006132281851023436,0.0061806263,0.0061806263,0.2580287392300304
S00047,01117,5,1.6450986862182617,0.0055247284,0.13170308,0.110520005,0.010624223699172338,0.02831171949704488,0.030787263065576553,0.034020427614450455,0.035177186131477356,0.035177186131477356,0.034020428,0.035445154,-0.45427166638128225
S00047,13199,5,1.496353268623352,0.0,0.009245804,0.08642709,0.0067819322769840555,0.038855888259907566,0.019452752855916817,0.0013434659922495484,0.001336140325292945,0.001336140325292945,0.001343466,0.001343466,-0.7027933324948399
S00047,01055,5,1.6039332151412964,0.0,0.023731004,0.032041892,0.0012517871800810099,0.008151318257053694,0.004772655471848945,0.002307560294866562,0.002285110065713525,0.002285110065713525,0.0023075603,0.0023075603,-0.7337502618789199
S00047,51047,5,2.0821149349212646,0.0,3.8424347e-05,0.00044386165,5.57973750498301e-05,4.766095074160148e-07,4.821966683721257e-07,1.5232707539780677e-08,2.140993444754713e-07,2.140993444754713e-07,1.5232708e-08,1.5232708e-08,0.9830611067914989
S00047,37045,5,1.4572575092315674,0.0,0.011163677,0.06953648,0.0011007842840626836,0.019684658308203023,0.006536624239136775,0.0003916917776223272,0.0003810410271398723,0.0003810410271398723,0.00039169178,0.00039169178,-0.8940812273612796
S00047,37011,5,1.776855230331421,0.0,0.00026695937,-0.0016005886,0.0010300347348675132,1.0006223760683497e-06,6.913477547717169e-05,8.788083505351096e-07,8.588524451624835e-07,8.588524451624835e-07,8.7880835e-07,8.7880835e-07,0.9980589950305032
S00047,51083,5,1.4803155660629272,0.0,0.007717235,0.06516666,0.0024031179879481592,0.015463020962973436,0.007176829424376289,0.0003919911105185747,0.00038490272709168494,0.00038490272709168494,0.0003919911,0.0003919911,-0.7309863094035549
S00047,13129,5,1.621044635772705,2.6859578e-05,0.034519777,0.07746051,0.0009643753486064573,0.01953544345451519,0.0104393723498409,0.0047462983056902885,0.004715930204838514,0.004715930204838514,0.0047462983,0.0047481526,-0.9059137685197877
S00047,13233,5,1.4444421529769897,0.00015073862,0.09044829,0.058779314,0.007133140849570434,0.003973269059012334,0.0021953291337316236,0.024746691808104515,0.024684546515345573,0.024684546515345573,0.024746692,0.024773937,0.28450883918089737
S00047,37025,5,1.7087877988815308,0.0,0.0009022693,0.027336719,0.0011845616002877553,0.002692855390099188,0.003168429907721778,7.875059054640587e-06,7.275425559782889e-06,7.275425559782889e-06,7.875059e-06,7.875059e-06,-0.38899447584586816
S00047,24017,5,2.435842990875244,1.0204914e-05,0.00065211457,-0.00068726763,4.611061497901877e-05,6.003135240462143e-06,5.6208112558427574e-06,4.484727924136678e-06,4.0381319195148535e-06,4.0381319195148535e-06,4.484728e-06,4.4979333e-06,0.7696141530717135
S00047,51031,5,1.7044165134429932,0.0,0.0010843925,0.029652469,0.004746971186250448,0.002002070192247629,0.0011009839363396168,7.512824140576413e-06,6.6656730268732645e-06,6.6656730268732645e-06,7.512824e-06,7.512824e-06,0.40670975921822927
S00047,01039,5,1.6098597049713135,0.0,0.0042273095,0.079210825,0.0024756193161010742,0.030191995669156313,0.013587118747333685,0.00020154281810391694,0.00019844573398586363,0.00019844573398586363,0.00020154282,0.00020154282,-0.8484358703738673
S00047,13057,5,1.409760594367981,0.0,0.037154946,0.033224285,0.0012104262326223154,0.002282910553428034,0.0017551884132747848,0.003946446813642979,0.003911138512194157,0.003911138512194157,0.003946447,0.003946447,-0.30700856702061496
S00047,37089,5,1.3738871812820435,0.0,0.03547023,0.064310476,0.002543098642490804,0.01308285677805543,0.0035147756279911846,0.003531079739332199,0.003496675519272685,0.003496675519272685,0.0035310797,0.0035310797,-0.674503276881625
S00047,22051,5,1.6193664073944092,0.0,0.41908288,0.21401775,0.0856997420390447,0.035864293575286865,0.027336991392076015,0.24587365984916687,0.24546882510185242,0.24546882510185242,0.24587366,0.24587366,0.4099522380275649
S00047,01027,5,1.3225382566452026,0.0,0.2457365,0.06275986,0.052063919603824615,0.0709019514421622,0.07503625253836314,0.0897018238902092,0.089448481798172,0.089448481798172,0.089701824,0.089701824,-0.1531972382100439
S00047,13067,5,1.3580878973007202,0.0,0.025970105,0.11457981,0.012951175992687544,0.02703727347155412,0.01494223422681292,0.002676582895219326,0.002652802737429738,0.002652802737429738,0.002676583,0.002676583,-0.3522541550770204
S00047,51640,5,1.8537825345993042,0.0,0.00076602533,-0.0063429796,0.0015539915766566992,2.682740402330334e-05,1.9439765310380608e-05,2.007339571719058e-05,1.9603245164034888e-05,1.9603245164034888e-05,2.0073396e-05,2.0073396e-05,0.9660588538584431
S00047,01115,5,1.7906326055526733,9.72687e-05,0.07130777,0.060492314,0.0046061750035732985,0.015777911990880966,0.013946178990105787,0.010645205155014992,0.010586806572973728,0.010586806572973728,0.010645205,0.010659068,-0.5480616811705656
S00047,37135,5,1.889110803604126,0.0,0.0054443814,0.021266058,0.0012133283889852464,0.0006221813334074492,0.0001897597273152011,0.00026804322260431945,0.0002631926035974175,0.0002631926035974175,0.00026804322,0.00026804322,0.3220615224021816
S00047,12091,5,1.71906578540802,4.244014e-06,0.0012022103,0.03460975,0.0010491154195430379,0.008000967092812061,0.003985585644841194,1.2818409231840633e-05,1.2113941920688376e-05,1.2113941920688376e-05,1.2818409e-05,1.28285965e-05,-0.7681534023340022
S00047,37157,5,1.4206665754318237,0.0,0.045421395,0.061488442,0.0010306825279258192,0.0033043654596743486,0.0011236619902774692,0.005710181314498186,0.005665035918354988,0.005665035918354988,0.0057101813,0.0057101813,-0.5244885265981135
S00047,51003,5,1.9419056177139282,0.0,0.0013671486,0.00042342808,0.00034107355410621193,1.3561970869583698e-05,1.3336458929794995e-05,1.4891269529471174e-05,1.3656012015417218e-05,1.3656012015417218e-05,1.48912695e-05,1.48912695e-05,0.9235160049433325
S00047,24033,5,2.3075292110443115,0.0,0.0004794979,0.000346485,8.631755796765599e-05,1.0328041071261396e-06,9.740685982251307e-07,1.2029989875372848e-06,9.393415894010104e-07,9.393415894010104e-07,1.202999e-06,1.202999e-06,0.9763526084473024
S00047,13121,5,1.3625625371932983,5.7265133e-06,0.05933965,0.091237426,0.0017786119521285098,0.011625477636698633,0.002964561494688193,0.010195682756602764,0.010139991529285908,0.010139991529285908,0.010195683,0.010196362,-0.734616522764656
S00047,01081,5,1.552962303161621,0.0,0.0036590584,0.055114564,0.004864056594669819,0.0183426346629858,0.010457572837670645,9.374231740366668e-05,9.063426841748878e-05,9.063426841748878e-05,9.374232e-05,9.374232e-05,-0.580805678787559
S00047,01131,5,1.2664498090744019,0.0,0.546414,0.16428244,0.16553600629170737,0.21733392278353372,0.24406456450621286,0.3812824785709381,0.38072216510772705,0.38072216510772705,0.38128248,0.38128248,-0.13528854725398687
S00047,37063,5,1.9084153175354004,0.0,0.0023771385,0.01349988,0.0006629982963204384,0.00011615283923068394,8.206368996373688e-05,9.768064046511427e-05,9.575863077770919e-05,9.575863077770919e-05,9.768064e-05,9.768064e-05,0.701847731638035
S00047,13011,5,1.4156721830368042,0.0,0.03527738,0.11614682,0.003945819994745155,0.042491716565564275,0.012219969183206558,0.004722596146166325,0.004690089263021946,0.004690089263021946,0.004722596,0.004722596,-0.8300590303871681
S00047,22007,5,2.5310659408569336,0.0,0.0024138158,0.0007419931,0.00010931116412393749,0.0001141784183952647,0.00011344301068068792,0.00012303980474825948,0.0001217305616592057,0.0001217305616592057,0.0001230398,0.0001230398,-0.021778439140039192
S00047,51685,5,2.409064531326294,0.0,3.9834288e-07,-0.0013170639,9.240925040406485e-05,7.174386686218762e-07,3.7850184660589054e-07,2.2849496600363395e-11,2.4081134597508935e-07,2.4081134597508935e-07,2.2849497e-11,2.2849497e-11,0.9845922006727436
S00047,37023,5,1.6929960250854492,0.0,0.03975128,0.052660797,0.0014066329846779506,0.01230192642348508,0.004008742359777291,0.003853699890896678,0.00381434615701437,0.00381434615701437,0.0038537,0.0038537,-0.7947803350014527
S00047,01053,5,1.3740068674087524,0.0,0.036415767,0.07588819,0.004038611737390359,0.004672197392210364,0.0019251883107547958,0.0055252001620829105,0.005493410862982273,0.005493410862982273,0.0055252,0.0055252,-0.0727355685784665
S00047,13149,5,1.3123255968093872,0.0,0.10818303,0.17818752,0.005229881188521783,0.04401728666077057,0.021970295036832493,0.037131909281015396,0.03702978789806366,0.03702978789806366,0.03713191,0.03713191,-0.7876068242329622
S00047,51019,5,2.2619569301605225,0.0,0.004554768,0.004923462,0.0007662896532565355,9.362756100017577e-05,9.145368676399812e-05,9.796498488867655e-05,9.325813152827322e-05,9.325813152827322e-05,9.7964985e-05,9.7964985e-05,0.7822405239762414
S00047,37149,5,1.3221204280853271,0.0,0.17350943,0.02925005,0.03439552212754885,0.060120467096567154,0.0626576580107212,0.06388603150844574,0.06371250748634338,0.06371250748634338,0.06388603,0.06388603,-0.2721755882808294
S00047,01021,5,1.3197637796401978,0.00015007691,0.43597242,0.09589113,0.17070929209391275,0.14588279277086258,0.14280290404955545,0.2511708438396454,0.2508448362350464,0.2508448362350464,0.25117084,0.25130165,0.07841794065588915
S00047,37125,5,1.9229872226715088,0.0,0.0010060604,0.0032024775,0.00011304860284629588,1.399400662194239e-05,1.1339853396445202e-05,2.194818625866901e-05,2.1284782633301802e-05,2.1284782633301802e-05,2.1948186e-05,2.1948186e-05,0.7796958566812027
S00047,37193,5,1.6873093843460083,0.0,0.015102891,0.020058526,0.0005787739064544439,0.0017224640760105103,0.0007144318660721183,0.0006382953724823892,0.0006234959582798183,0.0006234959582798183,0.0006382954,0.0006382954,-0.49698908946870896
S00047,13285,5,1.3841137886047363,0.0,0.0028389336,0.08269924,0.011646012775599957,0.030451127017537754,0.01524380873888731,8.087321475613862e-05,7.869631372159347e-05,7.869631372159347e-05,8.0873215e-05,8.0873215e-05,-0.4467076465133917
S00047,01077,5,3.204460859298706,0.0,0.00020364317,0.0021555843,9.773253623279743e-05,2.8276556728693927e-06,1.9933741365700066e-06,9.882343192657572e-07,1.0575159876680118e-06,1.0575159876680118e-06,9.882343e-07,9.882343e-07,0.9437619276716983
S00047,37009,5,1.720988392829895,0.0,0.00037368308,-0.0033323693,0.0012541869461225967,2.1037473061369383e-06,1.7488129401499464e-05,1.4032698345545214e-06,1.2606136579051963e-06,1.2606136579051963e-06,1.4032698e-06,1.4032698e-06,0.996650859045377
S00047,13223,5,1.3445171117782593,7.100168e-05,0.05400938,0.06528555,0.0015577226877212524,0.009613451858361563,0.0063675578373173876,0.009267350658774376,0.009222554974257946,0.009222554974257946,0.009267351,0.009275015,-0.7211174740318654
S00047,13055,5,1.5280537605285645,0.0,0.0299097,0.07703298,0.0011681806645356119,0.03185722109628841,0.01587747425461809,0.0041845571249723434,0.004157499875873327,0.004157499875873327,0.004184557,0.004184557,-0.9292556273503778
S00047,37151,5,1.5151264667510986,0.0,0.006058599,0.036116082,0.0014964894702037175,0.0031521804242705307,0.002188108046539128,0.0002950463676825166,0.0002896563382819295,0.0002896563382819295,0.00029504637,0.00029504637,-0.3561644495417688
S00047,22087,5,1.46573007106781,0.0,0.60009027,0.31093606,0.17691235740979513,0.06390379245082538,0.05974665780862173,0.45128774642944336,0.45069217681884766,0.45069217681884766,0.45128775,0.45128775,0.46927319876335877
S00047,13015,5,1.4379494190216064,3.6969945e-05,0.047316488,0.08691825,0.001227076048962772,0.016014685311044257,0.010472312724838654,0.008223342709243298,0.008182330057024956,0.008182330057024956,0.008223343,0.00822684,-0.8576623323636732
S00047,51590,5,1.4374219179153442,0.0,0.04711219,0.071078,0.0034023678939168653,0.0046364472558101015,0.0015602679535125692,0.010822465643286705,0.010777936317026615,0.010777936317026615,0.010822466,0.010822466,-0.15351508137802508
S00047,45073,5,1.4000002145767212,0.0002583345,0.06237324,0.14773035,0.0025371541657174626,0.05645916021118561,0.022596922392646473,0.011032415553927422,0.011000034399330616,0.011000034399330616,0.011032416,0.011064576,-0.9139894011172077
S00047,37033,5,1.538378357887268,0.0,0.0073370477,0.05796829,0.002317377831786871,0.01241973244274656,0.005376187541211645,0.00020907568978145719,0.00020214630058035254,0.00020214630058035254,0.00020907569,0.00020907569,-0.685504445767576
S00047,01095,5,1.2601617574691772,0.0,0.0,0.005079051,0.00018088218348566443,8.526126116237265e-08,1.836042571312646e-07,0.0,2.412281219221768e-07,2.412281219221768e-07,0.0,0.0,0.9990577171349062
S00047,45021,5,1.502020239830017,0.0,0.0042874548,0.04272785,0.0013606239032621186,0.00681646354496479,0.0026682994794100523,0.00011339574120938778,0.00010962508531520143,0.00010962508531520143,0.00011339574,0.00011339574,-0.6672106267966716
S00047,45045,5,1.3773748874664307,6.623635e-05,0.04978075,0.07881107,0.0014236967156951625,0.0116860968604063,0.002214479298951725,0.0066189151257276535,0.006575990002602339,0.006575990002602339,0.006618915,0.0066255056,-0.7828040987173901
S00047,51113,5,2.026543378829956,0.0,0.0,0.004824427,0.0005289993763047581,3.574586457943951e-07,6.585907404617805e-07,0.0,2.412281219221768e-07,2.412281219221768e-07,0.0,0.0,0.9986494605445955
S00047,37175,5,1.3438814878463745,0.0,0.03192673,0.028062234,0.0032123103737831116,0.002134640254856398,0.002761277098519107,0.003612545318901539,0.0035820777993649244,0.0035820777993649244,0.0036125453,0.0036125453,0.20154854491351804
S00047,13143,5,1.3846142292022705,0.0,0.17915426,0.13780679,0.02426375386615594,0.007167206611484289,0.009233451603601376,0.07128837704658508,0.07111349701881409,0.07111349701881409,0.07128838,0.07128838,0.5439397013283772
S00047,37071,5,1.5818769931793213,0.0,0.0056215976,0.042074606,0.0020823291270062327,0.00534295958156387,0.0056672423767546816,0.0001641571579966694,0.00015908567002043128,0.00015908567002043128,0.00016415716,0.00016415716,-0.4391250741259785
S00047,12045,5,12.450006484985352,0.0,0.001977693,-0.0013432208,0.0002513988777839889,0.0001613480126252398,0.00016150956798810512,0.00016214599600061774,0.000160804353072308,0.000160804353072308,0.000162146,0.000162146,0.2181745453477937
S00047,13293,5,11.486634254455566,0.0,0.004213181,0.08441241,0.0027441400258491435,0.03247257291028897,0.010899385903030634,0.00024720659712329507,0.00024403391580563039,0.00024403391580563039,0.0002472066,0.0002472066,-0.8441569472525525
S00047,51105,5,12.450006484985352,0.0,0.0019652287,0.0012213166,0.00011265999152480315,2.10278249141993e-05,2.0781221489111584e-05,2.1445359379868023e-05,1.9884751964127645e-05,1.9884751964127645e-05,2.144536e-05,2.144536e-05,0.6854189787175761
S00047,45039,5,12.450006484985352,0.0,0.00019607336,0.0016238224,9.996323933592066e-05,1.9767724097619066e-05,8.772590263106395e-06,1.5804210988790146e-06,1.6266417333099525e-06,1.6266417333099525e-06,1.5804211e-06,1.5804211e-06,0.6697976274350831
S00047,13259,5,12.450006484985352,0.0,0.0019708665,0.01288793,0.0004513505846261978,0.0008607954562952121,0.0006438668060582131,0.0001093551836675033,0.00010803045006468892,0.00010803045006468892,0.000109355184,0.000109355184,-0.3120421499587771
S00047,24039,5,12.450006484985352,0.0,0.00016769562,0.018276384,0.0010622451857974131,0.002799722560060521,0.0014374306192621589,9.586069609213155e-07,1.0214122312390828e-06,1.0214122312390828e-06,9.58607e-07,9.58607e-07,-0.44989432553562875
S00047,54031,5,12.450006484985352,0.0,0.0011338252,-0.004955759,0.002189831885819634,1.0645965630828869e-05,9.997431031176044e-06,1.1482209629321005e-05,1.0510997526580468e-05,1.0510997526580468e-05,1.148221e-05,1.148221e-05,0.9903239511146986
S00047,13119,5,10.500299453735352,0.0,0.013076391,0.06938924,0.002670365540931622,0.01579489461922397,0.003316985908895731,0.002578282030299306,0.002567264484241605,0.002567264484241605,0.002578282,0.002578282,-0.7107687064497746
S00047,51119,5,12.450006484985352,0.0,0.00025260833,0.044819653,0.0054860215944548445,0.0025405484096457562,0.0044967326684854925,1.324906861555064e-06,1.331380531155446e-06,1.331380531155446e-06,1.3249069e-06,1.3249069e-06,0.36696536419719883
S00047,34013,5,12.450006484985352,0.0,0.00047719313,0.005618779,0.0011113853543065488,1.286595950962995e-06,1.3105504876875784e-06,1.6075430266937474e-06,1.3379510619415669e-06,1.3379510619415669e-06,1.607543e-06,1.607543e-06,0.9976873759589875
S00047,13303,5,12.450006484985352,0.0,0.0007470678,0.0042255935,9.949667340454955e-05,1.392514786857646e-05,1.7500424291938543e-05,8.79874551173998e-06,8.396742487093434e-06,8.396742487093434e-06,8.7987455e-06,8.7987455e-06,0.7544538129917006
S00047,51107,5,12.450006484985352,0.0,0.00042463775,0.0031886688,0.00030507444898830727,1.6483348114585776e-06,1.4512945654132636e-06,1.699314680081443e-06,1.4738769777977723e-06,1.4738769777977723e-06,1.6993147e-06,1.6993147e-06,0.9892519571514149
S00047,42071,5,12.450006484985352,0.0,0.0003854381,-0.00047218322,0.00010325602731124188,1.10943479588362e-06,8.487987012510226e-07,6.848289899608062e-07,5.221882020123303e-07,5.221882020123303e-07,6.84829e-07,6.84829e-07,0.9787394263679906
S00047,45047,5,12.307714462280273,1.3180787e-05,0.0005397716,0.011970416,0.0008931013192826261,0.0003088977367345554,0.00013267595447056615,2.638194928294979e-06,2.4030214262893423e-06,2.4030214262893423e-06,2.638195e-06,2.6522505e-06,0.48602665669624284
S00047,51678,5,12.450006484985352,0.0,0.0,0.0027134,0.0006572375423274934,8.270076386149756e-08,3.511537303528082e-08,0.0,2.412281219221768e-07,2.412281219221768e-07,0.0,0.0,0.9997483699468235
S00047,09015,5,12.450006484985352,0.0,0.0018135081,-0.00383948,0.0054054828360676765,1.2690366323416432e-05,1.2312843258162806e-05,1.5719138900749385e-05,1.401007830281742e-05,1.401007830281742e-05,1.5719139e-05,1.5719139e-05,0.9953156291431157
S00047,37093,5,12.450006484985352,0.0,0.00049343234,0.0011361601,7.272608248361696e-05,3.045090913171104e-05,2.831291021720972e-05,7.978797839314211e-06,7.770043339405674e-06,7.770043339405674e-06,7.978798e-06,7.978798e-06,0.4097345027224607
S00047,34041,5,12.450006484985352,0.0,0.0010374346,-0.007364999,0.0014505381307875116,7.80377013143152e-06,7.3975623611962265e-06,8.516311027051415e-06,7.616692528245039e-06,7.616692528245039e-06,8.516311e-06,8.516311e-06,0.9892977495517147
S00047,51191,5,12.450006484985352,0.00026954178,0.0024225614,-0.0006185323,0.0007131379873802265,2.116919070734487e-05,2.201154105326471e-05,2.202093310188502e-05,2.0949093595845625e-05,2.0949093595845625e-05,2.2020933e-05,2.3254244e-05,0.9423424110806654
S00047,13319,5,12.450006484985352,0.0,0.0005207519,0.004142437,0.00010057641217523876,7.508315623757274e-06,9.15478585739038e-06,2.23914048547158e-06,1.9932613213313743e-06,1.9932613213313743e-06,2.2391405e-06,2.2391405e-06,0.8610661140263887
S00047,01099,5,9.102898597717285,0.0,0.16957599,0.08445514,0.00911112098644177,0.031777274484435715,0.03764619678258896,0.049777910113334656,0.04960823804140091,0.04960823804140091,0.04977791,0.04977791,-0.5543419651704792
S00047,42103,5,12.450006484985352,0.0,0.002281587,-0.010974726,0.003943833600108822,3.5066216999742515e-05,3.3845236127187185e-05,3.6435296351555735e-05,3.417276093387045e-05,3.417276093387045e-05,3.6435296e-05,3.6435296e-05,0.9823739130857411
S00047,37075,5,11.15541934967041,0.0,0.053439498,0.030240685,0.01531252358108759,0.034933594365914665,0.0270053173104922,0.03768489509820938,0.037638042122125626,0.037638042122125626,0.037684895,0.037684895,-0.39049923827991356
S00047,01087,5,10.119800567626953,0.0,0.0046326066,0.091263264,0.010857096873223782,0.0378701047350963,0.02870841696858406,0.00017281320469919592,0.0001691018114797771,0.0001691018114797771,0.0001728132,0.0001728132,-0.554372239124442
S00047,13211,5,11.918681144714355,0.0,0.0059888163,0.038357582,0.002319193483951191,0.005733570006365578,0.0033182639939089618,0.000414247449953109,0.0004092376329936087,0.0004092376329936087,0.00041424745,0.00041424745,-0.42400059638161264
S00047,13245,5,8.243922233581543,6.66805e-05,6.726361e-05,0.0037402126,0.00011089694089605473,1.3434000531257577e-06,2.0052948078349195e-06,2.196511417196234e-08,2.083533132690718e-07,2.083533132690718e-07,2.1965114e-08,2.6489168e-08,0.9760620817477021
S00047,45027,5,9.369070053100586,0.0,0.00018234119,0.0021566134,4.7134941269177943e-05,8.661317565383797e-07,7.859590975082634e-07,7.945537845444051e-07,8.425640771747567e-07,8.425640771747567e-07,7.945538e-07,7.945538e-07,0.9639119835477696
S00047,13139,5,5.565343379974365,0.0,0.056024406,0.07469065,0.0027242500024537244,0.0075120752056439715,0.0014833178914462526,0.011223350651562214,0.011170881800353527,0.011170881800353527,0.011223351,0.011223351,-0.46772890718660637
S00047,37043,5,6.1699299812316895,0.0,0.013386479,0.00943014,0.0013572406023740768,0.0011236440623179078,0.001035257688878725,0.0012021162547171116,0.0011903524864464998,0.0011903524864464998,0.0012021163,0.0012021163,0.0941585650396091
S00047,25001,5,8.781105995178223,0.0,6.4343614e-05,0.006258979,0.001647293761683007,6.328878313865971e-06,5.327930125531566e-06,1.2913294256122754e-07,3.0121813665573427e-07,3.0121813665573427e-07,1.2913294e-07,1.2913294e-07,0.9923454382387049
S00047,01065,5,7.966497898101807,0.0,0.008696678,0.04603019,0.001718759226302306,0.006082229316234589,0.014687377649048964,0.0005991277866996825,0.0005919610266573727,0.0005919610266573727,0.0005991278,0.0005991278,-0.5593483526016402
S00047,21079,5,10.96864128112793,0.0,2.5819618e-05,0.003451299,0.0001341426711102637,3.483871040543818e-07,4.573077821608725e-07,1.70663074783306e-08,2.3418894556925807e-07,2.3418894556925807e-07,1.7066307e-08,1.7066307e-08,0.9948191781865645
S00047,01111,5,5.190866947174072,0.00023693875,0.19569544,0.13218398,0.031109319378932316,0.03177651638785998,0.021433569490909576,0.06466838717460632,0.0645546168088913,0.0645546168088913,0.06466839,0.06476107,-0.010609654794156115
S00047,37131,5,7.272461891174316,0.0,0.0011607,0.0077934666,0.00035357360805695254,0.00015892344526946545,7.308330289864291e-05,7.180480315582827e-05,7.097503839759156e-05,7.097503839759156e-05,7.18048e-05,7.18048e-05,0.379807379426065
S00047,42067,5,9.057768821716309,0.0,0.00042293567,-0.0023686932,0.0005413385903617988,3.7940005010265545e-06,3.8101499436985855e-06,3.859126991301309e-06,3.682047690745094e-06,3.682047690745094e-06,3.859127e-06,3.859127e-06,0.9860804488133008
S00047,54085,5,9.768543243408203,0.0,0.0027559889,0.0040483484,0.0007903198905599614,0.00016568111702023694,0.00016372841006765762,0.00016521972429472953,0.0001636392407817766,0.0001636392407817766,0.00016521972,0.00016521972,0.653387149790555
S00047,45051,5,10.048253059387207,4.7101753e-06,2.993378e-05,0.0005625365,3.715014797004793e-05,1.334223735938167e-07,7.377444077860673e-08,2.994094927544211e-08,2.450384499752545e-07,2.450384499752545e-07,2.994095e-08,3.0200752e-08,0.9928428327885948
S00047,22029,5,12.450006484985352,0.0,5.5036988e-05,0.0014367488,6.501831254960659e-05,3.395827690155784e-07,3.7704854705111757e-07,4.65504470525957e-08,2.361461781674734e-07,2.361461781674734e-07,4.6550447e-08,4.6550447e-08,0.9896085157773181
S00047,45075,5,9.28565788269043,4.6541067e-05,0.0002038434,-0.0013214655,6.523575757455546e-05,5.183655389373598e-07,5.303896746985023e-07,4.1378328319297e-07,4.6543038934032666e-07,4.6543038934032666e-07,4.1378328e-07,4.3059137e-07,0.9842332156709732
S00047,37115,5,7.5113606452941895,0.0,0.0012397089,0.009648905,0.0018103737384080887,1.5293117788435968e-05,0.0003699266394505685,6.722026228089817e-06,5.797721769340569e-06,5.797721769340569e-06,6.7220262e-06,6.7220262e-06,0.9832465405870416
S00047,21043,5,10.365870475769043,0.0,0.00073815207,0.001468052,0.00013931368448538706,4.346352852735436e-06,4.501413362352953e-06,5.1049082685494795e-06,4.580438144330401e-06,4.580438144330401e-06,5.1049083e-06,5.1049083e-06,0.9394911356941147
S00047,37191,5,8.479635238647461,0.0,9.658237e-05,0.0037509694,0.00010931350698228925,3.135519970480042e-06,5.236971825676544e-06,1.7687166575797164e-07,3.254192222357233e-07,3.254192222357233e-07,1.7687167e-07,1.7687167e-07,0.9442321546846817
S00047,42133,5,9.564375877380371,0.0,0.0003161976,-0.00030650443,7.908699020238903e-05,1.0802364348213207e-06,1.0665173325226836e-06,1.0269648100802442e-06,9.242239684681408e-07,9.242239684681408e-07,1.0269648e-06,1.0269648e-06,0.9730504227192533
S00047,37101,5,7.6871867179870605,6.5164127e-06,0.0005926315,0.002408546,8.547171213043232e-05,9.41780964088442e-06,2.2974302585983725e-05,1.7487400327809155e-06,1.406418164151546e-06,1.406418164151546e-06,1.74874e-06,1.7564212e-06,0.8014994813951895
S00047,13195,5,5.753030300140381,0.0,0.0031497704,0.08956261,0.00712002906948328,0.03921352047473192,0.018221501571436722,0.00016982039960566908,0.00016736403631512076,0.00016736403631512076,0.0001698204,0.0001698204,-0.6926620498743022
S00047,22035,5,11.458985328674316,0.0,0.00014708354,-0.0009794079,7.509364453047358e-05,2.0522114709820016e-06,2.447785959702742e-06,1.5471155165869277e-06,1.626822836442443e-06,1.626822836442443e-06,1.5471155e-06,1.5471155e-06,0.9467965856534594
S00047,21011,5,10.50178337097168,9.092011e-05,0.0010302174,0.0029621928,0.00011489012589057286,2.3472096169522654e-05,2.3434149625245482e-05,2.4448245312669314e-05,2.3760083422530442e-05,2.3760083422530442e-05,2.4448245e-05,2.4627316e-05,0.6607152469793682
S00047,54043,5,9.442102432250977,0.0,0.0048847888,0.003279138,0.00035702160676009953,0.00022653448104392737,0.00023032261621362218,0.00024088738427963108,0.00023625449102837592,0.00023625449102837592,0.00024088738,0.00024088738,0.22360682793526623
S00047,21053,5,11.972153663635254,0.0,3.2864657e-05,0.006291894,0.00022486779926111922,1.3628617760256626e-07,1.7172096041425297e-07,9.498219810666342e-08,3.057668891415233e-07,3.057668891415233e-07,9.49822e-08,9.49822e-08,0.9987885893063957
S00047,42057,5,8.913369178771973,0.0,0.0011863348,-0.004815667,0.0027038515739453337,1.1312788349944944e-05,1.138887425137606e-05,1.1836603334813844e-05,1.0906974239333067e-05,1.0906974239333067e-05,1.1836603e-05,1.1836603e-05,0.9916669587248252
S00052,48261,2,1.0047926902770996,0.0,0.0009552348,0.00053805026,0.00010923881200142205,3.515235584927723e-05,3.5136027387731396e-05,3.5960965760750696e-05,3.52148235833738e-05,3.52148235833738e-05,3.5960966e-05,3.5960966e-05,0.5130954839893694
S00052,48061,2,1.0047926902770996,2.4860488e-05,0.0010435921,0.0002852697,0.00011829095213518788,5.543104180105729e-06,6.112324172136141e-06,6.19510501564946e-06,5.4589077080891e-06,5.4589077080891e-06,6.195105e-06,6.2463755e-06,0.9104752869276536
S00052,48007,2,1.0047926902770996,0.0,0.0019514627,0.0043155155,0.0002717762642229597,0.0001323972683167085,0.00013389355929878852,0.00013321862206794322,0.00013168311852496117,0.00013168311852496117,0.00013321862,0.00013321862,0.34484938939580767
S00052,48489,2,1.0047926902770996,0.0003605336,0.0019255583,0.00022774981,0.00024415723358591396,0.00011421680149699871,0.00011446077648239832,0.00011447885481175035,0.00011410965089453384,0.00011410965089453384,0.000114478855,0.00011573732,0.3625832771586047
S00052,48273,2,1.0047926902770996,0.0,0.0012642855,0.00017946184,9.99404316341194e-05,4.2369590422216184e-05,4.195894750106769e-05,4.446268212632276e-05,4.3392832594690844e-05,4.3392832594690844e-05,4.4462682e-05,4.4462682e-05,0.4045452342710827
S00052,48355,2,1.0047926902770996,0.0027687089,0.0005447556,0.0012999189,9.57037470167658e-05,2.777596099197884e-06,1.998272940303044e-06,5.917197086091619e-06,1.298398046856164e-06,1.298398046856164e-06,5.917197e-06,1.2679882e-06,0.9435914253133773
S00052,48409,2,1.0047926902770996,0.00017523994,0.0016129658,-0.0004876635,0.00012157677216843392,2.1896331721412327e-05,2.1634148045753438e-05,2.4183043933589943e-05,2.3286102077690884e-05,2.3286102077690884e-05,2.4183044e-05,2.4717649e-05,0.6947674354599092
S00052,48321,2,1.0047926902770996,0.0008673087,0.0003574757,0.0024837637,0.00012010187492705882,5.329097348294454e-06,5.655643993425959e-06,3.704222763190046e-06,3.513665433274582e-06,3.513665433274582e-06,3.7042228e-06,3.5720816e-06,0.9150274090741206
S00052,48039,2,1.0047926902770996,5.565992e-05,0.00032890082,0.0029969234,0.00010255347297061235,1.2407866355109338e-06,1.2805918837936285e-06,4.556233363928186e-07,4.086338378783694e-07,4.086338378783694e-07,4.5562334e-07,4.891386e-07,0.9760914208508361
S00052,48057,2,1.0047926902770996,0.00032859607,0.00031775696,0.0026484923,0.00014932586054783314,4.5413276742086355e-06,5.379031790653244e-06,1.4590384580515092e-06,1.5021091712696943e-06,1.5021091712696943e-06,1.4590385e-06,1.5598904e-06,0.9409708109092736
S00052,48391,2,1.0047926902770996,0.0,0.00041360297,0.00043742248,5.73851806014621e-05,1.48209778672026e-06,1.3280811117510893e-06,8.56319047670695e-07,6.857195558040985e-07,6.857195558040985e-07,8.5631905e-07,8.5631905e-07,0.9496461250697877
S00052,48427,2,1.0047926902770996,0.0,0.0008726024,-0.006950194,0.0003655598557088524,1.568140548139733e-05,1.504089141235454e-05,1.543031248729676e-05,1.4812465451541357e-05,1.4812465451541357e-05,1.5430312e-05,1.5430312e-05,0.9177350036434178
S00052,48481,2,1.0047926902770996,4.1172596e-05,0.00016819291,0.0029831058,0.00014775533418287523,1.3614829678469202e-06,1.1754005602900481e-06,2.626554476137244e-07,3.5645908269543725e-07,3.5645908269543725e-07,2.6265545e-07,2.7481013e-07,0.9817393773034899
S00052,48163,2,1.0047926902770996,0.0,0.00018421371,0.00029301894,5.7054832723224536e-05,1.095604962605042e-06,6.664486136287451e-07,1.8214004171568376e-07,2.599008723791485e-07,2.599008723791485e-07,1.8214004e-07,1.8214004e-07,0.9623182556759319
S00052,48215,2,1.0047926902770996,6.8548194e-05,0.0005576904,-0.0015699175,9.241344620628904e-05,1.9466545685039214e-06,1.9066360816092736e-06,1.5504231214436004e-06,1.3080045846436406e-06,1.3080045846436406e-06,1.5504231e-06,1.6221816e-06,0.9587398794083539
S00052,48239,2,1.0047926902770996,0.0,0.00013406263,0.0019246952,0.00010988579742843285,9.883944850723008e-07,8.662836232057695e-07,1.3332935111520783e-07,2.3324469111685175e-07,2.3324469111685175e-07,1.3332935e-07,1.3332935e-07,0.982170882727274
S00052,48249,2,1.0047926902770996,0.0001278282,0.0007344573,0.0008037108,6.498260275596597e-05,5.547908282702944e-06,5.369972617093784e-06,5.3497337830776814e-06,5.013778718421236e-06,5.013778718421236e-06,5.349734e-06,5.521162e-06,0.8426806157788574
S00052,48479,2,1.0047926902770996,0.00018646054,0.00051979575,0.00025340728,7.529266683074336e-05,3.0973716699615275e-06,1.6160288017393516e-06,1.172148131445283e-06,1.0486468227099977e-06,1.0486468227099977e-06,1.1721481e-06,1.3312234e-06,0.9209753757185951
S00052,48255,2,1.0047926902770996,0.0,0.00032433786,-0.00088743615,6.103386476752348e-05,2.5822057523328112e-06,1.9508824304163377e-06,1.4922620721335988e-06,1.3954991118225735e-06,1.3954991118225735e-06,1.4922621e-06,1.4922621e-06,0.9188190741354628
S00052,48473,2,1.0047926902770996,0.00015287402,0.0010609174,-0.0010852831,9.851838209821533e-05,1.7188287529279478e-05,1.724473319579071e-05,1.8031487343250774e-05,1.746069210639689e-05,1.746069210639689e-05,1.8031487e-05,1.8332494e-05,0.7028989325400977
S00052,48131,2,1.0047926902770996,0.0,0.0008196926,-0.00030279713,9.68807047077765e-05,6.298490310048995e-06,5.968171990389237e-06,6.39776681055082e-06,5.840771791554289e-06,5.840771791554289e-06,6.397767e-06,6.397767e-06,0.8779116214473112
S00052,48167,2,1.0047926902770996,0.0018819107,0.0007419505,0.0013195808,7.541208227242653e-05,4.572607546530587e-06,4.826594552772197e-06,3.605287474783836e-06,2.3783775304764276e-06,2.3783775304764276e-06,3.6052875e-06,2.8562688e-06,0.8856629298211809
S00052,48283,2,1.0047926902770996,0.001447178,0.0010995162,0.008253217,0.00035746457797358744,1.688277855767713e-05,1.3194949133321643e-05,1.2680065992753953e-05,1.2848545338783879e-05,1.2848545338783879e-05,1.2680066e-05,1.3768133e-05,0.9098015345206953
S00052,48201,2,1.0047926902770996,0.0013543456,0.0007601271,0.008599236,0.0002831019689134943,1.0360368207784632e-06,6.934621031480978e-07,7.85439567607682e-07,4.548434446860483e-07,4.548434446860483e-07,7.8543957e-07,1.0101371e-06,0.9927075097321028
S00052,48123,2,1.0047926902770996,0.0,0.00015611606,-0.0017172024,0.00010434148134663701,1.3655299350527155e-06,7.88166876949011e-07,2.0806004386031418e-07,2.9047390626146807e-07,2.9047390626146807e-07,2.0806004e-07,2.0806004e-07,0.9741638720365703
S00052,48157,2,1.0047926902770996,0.008112297,0.0006941986,0.004053482,0.00020433739337022416,1.56695405166829e-05,1.3892473968250366e-05,5.970694837742485e-05,7.5171597018197645e-06,7.5171597018197645e-06,5.970695e-05,5.160674e-06,0.8575541212283999
S00052,48177,2,1.0047926902770996,0.0,0.00094280083,0.0012015349,0.00013114687074751905,3.3390217140549794e-05,3.305024802102707e-05,3.4242802939843386e-05,3.347868914715946e-05,3.347868914715946e-05,3.4242803e-05,3.4242803e-05,0.5941314196193327
S00052,48175,2,1.0047926902770996,0.0,0.00010767099,0.0010225449,5.023166765264856e-05,8.982129884316237e-07,6.135920595321901e-07,7.512645794349737e-08,2.0410297452144732e-07,2.0410297452144732e-07,7.512646e-08,7.512646e-08,0.9648654376982857
S00052,48247,2,1.0047926902770996,0.0,0.005144823,-0.0022599252,0.001357218677488466,0.0012395917826021712,0.0012395633772636454,0.001258155913092196,0.0012530407402664423,0.0012530407402664423,0.0012581559,0.0012581559,0.04529668094535837
S00052,48149,2,1.0047926902770996,0.0,1.8820525e-05,0.002635688,5.240755793541515e-05,1.4172516955568426e-06,7.3494752920548e-07,1.9859434985392e-08,2.4198163828259567e-07,2.4198163828259567e-07,1.9859435e-08,1.9859435e-08,0.947338348049026
S00052,48013,2,1.0047926902770996,0.0,6.5612156e-05,-0.00013969716,0.0001772449553148666,2.374165527877873e-06,1.3177595216499565e-06,5.523654422745494e-08,2.3608627941484883e-07,2.3608627941484883e-07,5.5236544e-08,5.5236544e-08,0.973564445514056
S00052,48287,2,1.0047926902770996,0.0,0.0029194732,0.0003971854,0.00017437563898662725,0.0001258055999642238,0.0001264856691705063,0.00013118967763148248,0.000128302737721242,0.000128302737721242,0.00013118968,0.00013118968,0.16180238042909761
S00052,48029,2,1.0047926902770996,0.0002047303,0.0001016186,-0.006044427,0.000251986604174211,4.3427473409944167e-07,4.4656603866618144e-07,7.908973742587477e-08,2.3913207769510336e-07,2.3913207769510336e-07,7.908974e-08,7.878406e-08,0.9965591219238469
S00052,48291,2,1.0047926902770996,0.004338267,0.0012628428,0.0005107734,3.0132690881146118e-05,1.3453935328774e-05,1.3392755742340038e-05,2.2989253920968622e-05,1.3505540664482396e-05,1.3505540664482396e-05,2.2989254e-05,1.5125793e-05,0.3826576407186135
S00052,48187,2,1.0047926902770996,6.050888e-05,5.06473e-05,-2.3357046e-05,0.00010880075327198331,8.868530111764509e-07,6.139312915820483e-07,5.709042127932662e-08,2.5317856966466934e-07,2.5317856966466934e-07,5.709042e-08,5.9558324e-08,0.9838294764335173
S00052,48245,2,1.0047926902770996,0.00068842276,0.00043234217,-0.0025742687,9.741449503053445e-05,3.331467193371888e-06,3.446631959983885e-06,2.1824876057507936e-06,2.1366940927691758e-06,2.1366940927691758e-06,2.1824876e-06,2.3038301e-06,0.9338640056666935
S00052,48477,2,1.0047926902770996,0.0,0.0010265724,-0.0001635578,4.8432242086467646e-05,1.9099660372982424e-05,1.9041746175692726e-05,1.99732203327585e-05,1.921940565807745e-05,1.921940565807745e-05,1.997322e-05,1.997322e-05,0.4343514790079866
S00052,48469,2,1.0047926902770996,0.0,0.00010299345,0.0016485155,0.00010147281015330616,7.984072662263012e-07,5.288150362048327e-07,4.5556149075309804e-08,1.8733334172793548e-07,1.8733334172793548e-07,4.555615e-08,4.555615e-08,0.9843864718466954
S00052,48025,2,1.0047926902770996,7.261637e-05,0.0011721996,-0.0011671025,0.00014243250673947236,5.105861904060779e-05,5.0493602126759164e-05,5.2089180826442316e-05,5.132364094606601e-05,5.132364094606601e-05,5.208918e-05,5.225415e-05,0.47223813149301275
S00052,48047,2,1.0047926902770996,0.0,0.0007528563,-0.0014260833,7.220640084900272e-05,4.6584461112312665e-06,4.612512839230476e-06,4.955523763783276e-06,4.4398893805919215e-06,4.4398893805919215e-06,4.9555238e-06,4.9555238e-06,0.8787886453832058
S00052,48339,2,1.0047926902770996,0.0003836806,0.0005861688,-0.0016128946,3.453498720773496e-05,1.2934452797708218e-06,1.275732794662569e-06,1.3053538623353234e-06,1.2663892903219676e-06,1.2663892903219676e-06,1.3053539e-06,1.6079462e-06,0.9277978303839066
S00052,48071,2,1.0047926902770996,0.00010949704,0.0013889269,0.00063898764,9.170949003115918e-05,3.7619975046254694e-05,3.7445148336701095e-05,3.8534883060492575e-05,3.7744503060821444e-05,3.7744503060821444e-05,3.8534883e-05,3.8827056e-05,0.41823040830276104
S00052,48493,2,1.0047926902770996,0.0,0.00025249404,0.0006178089,0.00043452575482660905,2.5823658612959357e-06,1.8755902146949666e-06,8.859443596520578e-07,8.530704462827998e-07,8.530704462827998e-07,8.8594436e-07,8.8594436e-07,0.9881843153257738
S00052,48361,2,1.0047926902770996,0.004026375,0.0016482015,0.0041054734,8.301438720081933e-05,2.4184373614843935e-05,2.4071650235176396e-05,2.8889697205158882e-05,2.481839692336507e-05,2.481839692336507e-05,2.8889697e-05,2.5950558e-05,0.548793783979819
S00052,48297,2,1.0047926902770996,0.0,0.0022987735,-0.0014735139,0.00011138912183620657,5.48732738631467e-05,5.4759975076497845e-05,5.968552068225108e-05,5.755818710895255e-05,5.755818710895255e-05,5.968552e-05,5.968552e-05,0.33991960560495943
S00052,48505,2,1.0047926902770996,0.0,0.0006417625,0.0002492119,9.973345004254952e-05,2.4576756307700027e-05,2.282351609513474e-05,2.1939837097306736e-05,2.1659145204466768e-05,2.1659145204466768e-05,2.1939837e-05,2.1939837e-05,0.6045898880023749
S00052,48021,2,1.0047926902770996,0.0,5.96802e-05,-0.0018174074,0.00011226988135604188,7.799382425825266e-07,5.353264403614352e-07,3.45483925912049e-08,2.1444105868795305e-07,2.1444105868795305e-07,3.4548393e-08,3.4548393e-08,0.9862018666575206
S00052,48373,2,1.0047926902770996,0.0018299143,0.0020181895,0.00284839,4.17499589578559e-05,1.3263553076588626e-06,1.4614700679279242e-06,1.2221754559504916e-06,2.87308330371161e-06,2.87308330371161e-06,1.2221755e-06,5.259817e-06,0.9384183475176894
S00052,48091,2,1.0047926902770996,0.0007333463,2.5281532e-05,-0.006834546,0.0003445000805489447,7.743375173655901e-07,1.025978103067852e-06,5.049488436270622e-07,3.112600666099752e-07,3.112600666099752e-07,5.0494884e-07,4.2322097e-09,0.9955146545654773
S00052,48089,2,1.0047926902770996,0.0,0.00021202028,0.00084751274,6.195931928232312e-05,1.587062323930392e-06,1.0727104609031812e-06,5.630514579024748e-07,5.99895940922579e-07,5.99895940922579e-07,5.6305146e-07,5.6305146e-07,0.950050269305209
S00052,48285,2,1.0047926902770996,0.0024112232,0.0005172561,0.0033132767,6.584540763772868e-05,5.862044266298956e-06,4.986850247708692e-06,7.888137588452082e-06,4.45612477051327e-06,4.45612477051327e-06,7.888138e-06,4.5685792e-06,0.8365011136040744
S00052,48407,2,1.0047926902770996,6.592827e-05,0.0012269984,0.0012095299,3.905720829303997e-05,1.9555320250219665e-05,1.9572202897203777e-05,2.0687621145043522e-05,1.9917993995477445e-05,1.9917993995477445e-05,2.0687621e-05,2.0845064e-05,0.33272558832582555
S00052,48055,2,1.0047926902770996,4.6182977e-05,0.00014520377,0.0016958535,0.00014971444276549542,5.89901783124939e-07,3.4497212671643257e-07,1.1987657444478828e-07,2.2505817298679176e-07,2.2505817298679176e-07,1.1987657e-07,1.311556e-07,0.9921505691016921
S00052,48185,2,1.0047926902770996,0.00010171905,0.000883596,0.00044913843,4.2143171716209814e-05,1.0559513005622042e-05,1.0480374839971773e-05,1.1153180821565911e-05,1.0649243449734058e-05,1.0649243449734058e-05,1.1153181e-05,1.13225915e-05,0.5992798825579445
S00052,48051,2,1.0047926902770996,0.0,0.00021642006,-0.0010312372,9.052813038579188e-05,1.2386827089964452e-06,9.204369841124086e-07,5.209025175645365e-07,6.31657428584731e-07,6.31657428584731e-07,5.209025e-07,5.209025e-07,0.9730036890849204
S00052,48471,2,1.0047926902770996,0.00015176182,0.00039751251,0.00245436,0.0001147894945461303,5.779997385009968e-06,5.609491381619591e-06,5.443862846732372e-06,5.395860625867499e-06,5.395860625867499e-06,5.443863e-06,5.541486e-06,0.9041217261110955
S00052,48015,2,1.0047926902770996,0.0,0.0009709671,0.000104038365,6.330946295444544e-05,2.479962616538008e-05,2.4536901037208736e-05,2.5488796381978318e-05,2.4803310225252062e-05,2.4803310225252062e-05,2.5488796e-05,2.5488796e-05,0.4370699683059171
S00052,48041,2,1.0047926902770996,1.7047973e-05,0.00012743064,-0.001030723,4.7466560014678784e-05,8.368497598591299e-07,6.498696241881893e-07,3.123828946627327e-07,4.2851104353758274e-07,4.2851104353758274e-07,3.123829e-07,3.164371e-07,0.9653502821533624
S00052,48199,2,1.0047926902770996,2.9506358e-05,6.982147e-05,-0.0018971947,0.00013640718437576046,5.927803575408083e-07,7.68486681105666e-07,3.074810805969719e-08,2.0807542000511603e-07,2.0807542000511603e-07,3.0748108e-08,3.3997836e-08,0.9913462699250356
S00053,48489,4,0.9960727691650391,0.0,8.6169195e-05,-0.0010239517,2.2668161276347593e-05,2.8568818777330307e-07,6.799631175150959e-07,8.257548955725724e-08,2.382136585765693e-07,2.382136585765693e-07,8.257549e-08,8.257549e-08,0.975107601169916
S00053,48061,4,0.9960727691650391,0.00011406577,0.0001551648,4.52073e-05,6.289043000151651e-06,1.5284644187355903e-07,3.864778979808155e-07,8.078106361608661e-08,1.9361482372914907e-07,1.9361482372914907e-07,8.0781064e-08,1.0316805e-07,0.9525460834902167
S00053,48215,4,0.9960727691650391,1.9585199e-05,6.7052104e-05,-0.0012412465,2.334517027631951e-05,2.4924742566175456e-07,4.3903028767999785e-07,1.2733393006669758e-08,1.9899206904483435e-07,1.9899206904483435e-07,1.2733393e-08,1.4976273e-08,0.9788723393126313
S00053,48007,4,0.9960727691650391,0.0001856924,0.0007131104,-0.0003558701,2.142926011098704e-05,1.1940628003988726e-05,1.1948931993780812e-05,1.2096747013856657e-05,1.1891490430571139e-05,1.1891490430571139e-05,1.2096747e-05,1.2327104e-05,0.28434713578617
S00053,48479,4,0.9960727691650391,0.00022762716,0.0001557201,0.00082280603,2.41764220234586e-05,2.301105605321633e-07,2.0891979583363232e-07,6.389327467104522e-08,2.0089429142444715e-07,2.0089429142444715e-07,6.3893275e-08,8.2971404e-08,0.9811435270667572
S00053,48047,4,0.9960727691650391,0.0007637961,0.00017371058,-0.00041602008,1.4225492056615016e-05,2.762903458612224e-07,5.827568922237939e-07,4.5127470116312907e-07,2.515506878353335e-07,2.515506878353335e-07,4.512747e-07,1.3324916e-07,0.9618956707260972
S00053,48261,4,0.9960727691650391,0.0,0.00045208633,-0.0010196136,6.764807767467573e-05,2.908091361556823e-05,2.93979762015321e-05,2.9431015718728304e-05,2.9173699658713304e-05,2.9173699658713304e-05,2.9431016e-05,2.9431016e-05,0.3987135970784941
S00053,48427,4,0.9960727691650391,0.00014859393,4.9144346e-05,0.0020199209,2.941580026198191e-05,2.9082677599490125e-07,5.056255266329875e-07,2.987625080663747e-08,2.2726028703345946e-07,2.2726028703345946e-07,2.987625e-08,2.24012e-08,0.980420074239791
S00053,48249,4,0.9960727691650391,7.9892625e-06,0.0001126264,0.00012436038,1.545034580393197e-05,3.2280812926425523e-07,3.547465515415145e-07,1.75678536606938e-07,3.338335545777227e-07,3.338335545777227e-07,1.7567854e-07,1.7741434e-07,0.9590686643100753
S00053,48409,4,0.9960727691650391,0.00044483985,0.0012767148,-0.0012315306,7.787733435786019e-05,3.904829039432419e-05,3.854226694481137e-05,3.8516445783898234e-05,3.8365487853297964e-05,3.8365487853297964e-05,3.8516446e-05,3.9454433e-05,0.33208327127463655
S00053,48273,4,0.9960727691650391,0.0,0.0027658585,-0.00042673264,0.00039594603003934026,0.0003732673649210483,0.0003728314865535746,0.00037546257954090834,0.0003732337208930403,0.0003732337208930403,0.00037546258,0.00037546258,0.02948293057150914
S00053,48355,4,0.9960727691650391,0.000301168,0.00026223887,-0.001447906,2.768869745750635e-05,2.3212473839369827e-07,2.753447840101823e-07,2.0450028159757494e-07,2.6743691705632955e-07,2.6743691705632955e-07,2.0450028e-07,2.7175403e-07,0.9833726430572104
S00053,48247,4,0.9960727691650391,0.0,0.00037845658,0.005925179,0.00020535759671247433,9.067800306183926e-07,7.900885066192131e-07,7.544406912529666e-07,6.196580102368898e-07,6.196580102368898e-07,7.544407e-07,7.544407e-07,0.9912075943996107
S00053,48131,4,0.9960727691650391,0.00063431653,0.0005862289,0.0002626139,2.2729564686111797e-05,7.411536292541617e-06,7.4063376208262826e-06,7.377659130725078e-06,7.383834145002766e-06,7.383834145002766e-06,7.377659e-06,7.719011e-06,0.5082106458028439
S00053,48505,4,0.9960727691650391,0.0,0.0023453063,0.0030974355,0.00041547791139843565,0.00036240382663284737,0.0003623682908558597,0.000365624378900975,0.00036330631701275706,0.00036330631701275706,0.00036562438,0.00036562438,0.06822898928044235
S00054,45015,3,1.0,1.3908632e-06,3.029474e-05,0.0021464843,4.828647676428469e-05,2.6188501678348075e-07,1.3715358241720801e-07,8.652182970081412e-09,2.182612774959125e-07,2.182612774959125e-07,8.652183e-09,8.734521e-09,0.9892113757426269
S00054,37133,3,1.0,0.0,2.3497143e-05,0.0016736533,0.00011113138316432014,1.4829830157954878e-06,3.065741237170035e-07,3.591513975109706e-09,2.2238469910007552e-07,2.2238469910007552e-07,3.591514e-09,3.591514e-09,0.9736626317565275
S00054,45019,3,1.0,7.303748e-06,3.1976087e-05,0.00094072777,3.90094604275267e-05,3.9186508201301723e-07,1.441695611781313e-07,4.756076421585931e-09,2.1664280325239815e-07,2.1664280325239815e-07,4.7560764e-09,5.169822e-09,0.9801090406505161
S00054,45051,3,1.0,7.8502916e-07,0.0003402938,0.0012509357,0.00012824606286206594,6.757198699839743e-06,1.6860346931935055e-06,1.1328061191306915e-06,1.1125671335321385e-06,1.1125671335321385e-06,1.1328061e-06,1.13334e-06,0.8998957710848899
S00054,37031,3,1.0,0.0,0.00010881075,0.0033422476,9.848634363152087e-05,7.789905017337636e-07,3.6319007297909894e-07,1.1946515598992846e-07,2.6032159894384677e-07,2.6032159894384677e-07,1.1946516e-07,1.1946516e-07,0.9843048833001854
S00054,37141,3,1.0,3.5506698e-06,1.3247203e-05,0.0019648597,0.00028607898275367916,1.4239488507428177e-05,1.6785419039896017e-06,1.6116658008158424e-09,2.297303467457823e-07,2.297303467457823e-07,1.6116658e-09,1.6931314e-09,0.9051707445923439
S00054,45043,3,1.0,0.0,8.355502e-05,0.0018742948,9.093975677387789e-05,3.339803904841195e-06,8.017141013283435e-07,5.2301864172932255e-08,2.283455273754953e-07,2.283455273754953e-07,5.2301864e-08,5.2301864e-08,0.9291510507516598
S00054,37019,3,1.0,3.973784e-06,0.0005807979,0.0034491685,0.00029335339301421,1.1774604293653587e-05,4.539534832777766e-06,5.2236619012546726e-06,4.972835085936822e-06,4.972835085936822e-06,5.223662e-06,5.228262e-06,0.9228218688711584
S00054,37129,3,1.0,5.4046384e-05,0.0009195158,0.0013852549,0.0003110378286995304,1.6273094540035043e-05,9.084594997451253e-06,1.1346743121976033e-05,1.0905998351518065e-05,1.0905998351518065e-05,1.1346743e-05,1.1443215e-05,0.9005649162027847
S00054,37061,3,1.0,7.747613e-06,0.0010245142,0.011812445,0.0008603426394984126,5.878775300516281e-05,1.5199352371079536e-05,1.010866526485188e-05,9.33101910050027e-06,9.33101910050027e-06,1.0108665e-05,1.01244805e-05,0.8720796233382433
S00054,37183,3,1.0,4.3884208e-07,0.00041615026,0.0013444221,0.00010055088326528978,1.831690534951728e-06,6.746249406811937e-06,1.5197094853647286e-06,1.3833946468366776e-06,1.3833946468366776e-06,1.5197095e-06,1.5200744e-06,0.9642187050596024
S00054,37185,3,1.0,0.0,0.00019349623,-7.569115e-05,5.040694304625504e-05,1.238554792356202e-06,8.927237331590732e-07,7.612532044731779e-07,7.975727953635214e-07,7.975727953635214e-07,7.612532e-07,7.612532e-07,0.9520362918670431
S00054,37065,3,1.0,0.0,9.373519e-05,0.004029788,9.660771320341155e-05,2.4629541902262037e-07,8.28776016703614e-08,5.10274418275003e-08,1.9727593780771713e-07,1.9727593780771713e-07,5.1027442e-08,5.1027442e-08,0.9949140893076971
S00054,37083,3,1.0,0.00011466246,6.20093e-05,0.0021408303,4.669858268850172e-05,4.668711071076359e-07,2.1961445166122454e-07,1.0623124069297774e-07,3.070763625601103e-07,3.070763625601103e-07,1.0623124e-07,1.0730404e-07,0.9802028362058886
S00054,37085,3,1.0,0.0,0.0002887621,0.015103918,0.0011607697233557701,0.0005373738094931468,0.0003821138258596572,6.679156854261237e-07,6.41545966573176e-07,6.41545966573176e-07,6.679157e-07,6.679157e-07,0.367104371216945
S00054,37163,3,1.0,0.0,0.00021475056,0.0069248304,0.00031712057534605265,0.00020498615413089283,1.4877064937005949e-05,5.811477876704885e-07,6.292112857408938e-07,6.292112857408938e-07,5.811478e-07,5.811478e-07,0.21477298583662732
S00054,37125,3,1.0,0.000407179,0.0005424936,0.007157965,0.0003140067807786788,0.0002796714967795803,6.100283250513409e-05,2.3601360226166435e-06,2.3477391550841276e-06,2.3477391550841276e-06,2.360136e-06,2.6361254e-06,0.05783483293395228
S00054,37105,3,1.0,0.0,0.00032535414,0.026626159,0.0024129366890216866,0.002339149340211103,0.001139753304111461,1.1371872687959694e-06,1.0824272749232478e-06,1.0824272749232478e-06,1.1371873e-06,1.1371873e-06,0.015527359638835517
S00054,45057,3,1.0,0.0,7.435886e-05,-0.0021065103,3.974876623639526e-05,6.859326309912225e-07,3.3087648650583407e-07,8.902032533342208e-08,2.6138854991586413e-07,2.6138854991586413e-07,8.9020325e-08,8.9020325e-08,0.966072079169385
S00054,37117,3,1.0,0.0,6.683184e-05,0.0034536303,0.00013334940255541974,2.6785684544468796e-07,1.5341396183051378e-07,1.093993020617745e-07,2.8298913434809947e-07,2.8298913434809947e-07,1.093993e-07,1.093993e-07,0.9959906849362761
S00054,45039,3,1.0,0.0,0.0007948358,-0.003959616,0.00015246360756767294,3.8439274552123e-05,3.887778439093381e-05,3.8909827708266675e-05,3.847035259241238e-05,3.847035259241238e-05,3.8909828e-05,3.8909828e-05,0.597289740989856
S00054,37049,3,1.0,4.2998425e-05,0.00025450683,0.00525572,0.0001324374316027388,3.688873069525774e-06,3.6499570038965126e-06,3.6253429698263062e-06,3.6406318031367846e-06,3.6406318031367846e-06,3.625343e-06,3.6453812e-06,0.9458022007075406
S00054,37139,3,1.0,0.0,2.4598143e-05,0.0032817665,5.564524629638375e-05,5.643142320839919e-07,2.96829602082956e-07,9.83280568078726e-09,2.2585631143101637e-07,2.2585631143101637e-07,9.832806e-09,9.832806e-09,0.9799210587388175
S00054,37123,3,1.0,0.0020127473,0.00097097724,0.008970605,0.0003081848844885826,0.00021805624419357628,0.00011126337146076064,3.75346680812072e-05,3.662292147055268e-05,3.662292147055268e-05,3.7534668e-05,3.739218e-05,0.17126871196995053
S00054,37091,3,1.0,0.0,1.9517038e-05,0.0037326845,8.287664119658682e-05,1.1235896314095346e-06,2.543172386756017e-07,1.418951178777661e-08,2.4386559971389943e-07,2.4386559971389943e-07,1.4189512e-08,1.4189512e-08,0.9732479394322081
S00054,37181,3,1.0,0.0,0.00015550443,3.975953e-05,2.932027988814904e-05,8.780328357715916e-07,5.547441996138028e-07,4.994860773877008e-07,5.996172376399045e-07,5.996172376399045e-07,4.994861e-07,4.994861e-07,0.9418488811743388
S00054,37007,3,1.0,0.0,0.00077928853,-0.0012437392,0.00012109042290830985,1.591687305335654e-05,1.4372043551702518e-05,1.3151736311556306e-05,1.2596068700077012e-05,1.2596068700077012e-05,1.3151736e-05,1.3151736e-05,0.7676492636157134
S00054,37153,3,1.0,0.0,5.611793e-05,0.001693194,7.221524720080197e-05,1.4114880968918442e-05,4.9516041353096325e-06,4.052969160284192e-08,2.2453741621575318e-07,2.2453741621575318e-07,4.052969e-08,4.052969e-08,0.6730022005488202
S00054,37073,3,1.0,0.0,0.00022962925,0.0017031803,3.494024592024895e-05,1.8405173326148845e-06,1.6921925407586969e-06,1.5651992271159543e-06,1.5580349099764135e-06,1.5580349099764135e-06,1.5651992e-06,1.5651992e-06,0.899919568282935
S00054,37053,3,1.0,0.0,0.00023007605,0.0031620339,5.520831048973681e-05,1.9298995539429598e-06,1.6302571263319503e-06,1.5957369896568707e-06,1.6006330270101898e-06,1.6006330270101898e-06,1.595737e-06,1.595737e-06,0.932448021999022
S00054,37167,3,1.0,2.8651324e-05,0.00014063025,0.0070598256,0.0002842622003906096,4.520511962861443e-05,4.5647779188584536e-05,2.5520091639918974e-07,3.6189607044434524e-07,3.6189607044434524e-07,2.5520092e-07,2.6243848e-07,0.7255866249437014
S00054,37101,3,1.0,0.0,0.0003916032,0.0041117915,0.00018665124904752398,5.832440820086049e-06,2.366105093187798e-06,2.216213260908262e-06,2.1060493509139633e-06,2.1060493509139633e-06,2.2162133e-06,2.2162133e-06,0.9393980775815594
S00054,37103,3,1.0,0.0,0.0012987701,0.006952498,0.00023730560496915132,4.5647798591138176e-05,4.57061372192887e-05,4.6213051973609254e-05,4.537991844699718e-05,4.537991844699718e-05,4.6213052e-05,4.6213052e-05,0.6773475913929984
S00054,37191,3,1.0,0.0,0.00037309004,0.0044545825,0.00012030858730819698,1.148747060142341e-05,1.3165453310648445e-05,2.4537664558010874e-06,2.3451930246665142e-06,2.3451930246665142e-06,2.4537665e-06,2.4537665e-06,0.8256780850106914
S00054,45089,3,1.0,0.0,0.00013907485,0.0010881206,0.00015716921795198383,1.4835362094345328e-06,7.92127096360673e-07,2.399962397703348e-07,3.581916701023147e-07,3.581916701023147e-07,2.3999624e-07,2.3999624e-07,0.981298323911539
S00054,37147,3,1.0,0.0,0.0001802062,0.0030127976,6.103408304625191e-05,2.2650641919123395e-06,2.186951860494446e-06,2.2196948066266486e-06,2.35395282288664e-06,2.35395282288664e-06,2.2196948e-06,2.2196948e-06,0.9284330266444193
S00054,37017,3,1.0,0.0,0.00015076919,0.0035358886,0.00027309284390260774,6.590222128011192e-06,3.2878331997684046e-07,1.8916311717021017e-07,3.0336553891174844e-07,3.0336553891174844e-07,1.8916312e-07,1.8916312e-07,0.9528736421439994
S00054,37069,3,1.0,0.0,0.0008567515,-0.0033396953,0.00010564271966965559,7.721557570524359e-06,7.643400598074853e-06,8.61693661136087e-06,8.010497367649805e-06,8.010497367649805e-06,8.616937e-06,8.616937e-06,0.8637744136247607
S00054,45035,3,1.0,0.0,2.8939381e-05,0.004211852,9.810930108263467e-05,1.2317115209251975e-07,7.246233095041059e-08,1.1470973504401627e-08,2.2510984365453623e-07,2.2510984365453623e-07,1.14709735e-08,1.14709735e-08,0.9974922518126551
S00054,45033,3,1.0,0.0,0.0007819518,0.0037992802,0.0001793449991964735,2.910643524955958e-05,2.263162241433747e-05,2.3884878828539513e-05,2.345382199564483e-05,2.345382199564483e-05,2.3884879e-05,2.3884879e-05,0.7207365319705192
S00054,37195,3,1.0,0.0,5.224005e-06,0.003997628,9.328270850043434e-05,4.0820087606382077e-07,1.4295326167257372e-07,2.142094057688837e-09,2.389880648934195e-07,2.389880648934195e-07,2.142094e-09,2.142094e-09,0.9912862223500584
S00054,45029,3,1.0,0.0,2.3326627e-05,0.0023734942,5.180082735023461e-05,6.314338770370872e-07,4.265390967835477e-07,1.2315124919837217e-08,2.2854935366467544e-07,2.2854935366467544e-07,1.2315125e-08,1.2315125e-08,0.9759142992403059
S00054,37041,3,1.0,0.0,9.999637e-05,0.005512137,0.00013973986157604182,5.660219197049324e-07,3.1143434379525087e-07,2.2345481909269438e-07,3.548082929683005e-07,3.548082929683005e-07,2.2345482e-07,2.2345482e-07,0.991931601076129
S00054,37047,3,1.0,0.0,0.00012228823,0.002086257,0.00030578898440580815,9.56864481812166e-06,9.189880429971709e-07,1.876465205441491e-07,3.2063451271824306e-07,3.2063451271824306e-07,1.8764652e-07,1.8764652e-07,0.939315596444143
S00054,37051,3,1.0,0.0,0.00017957296,0.012098797,0.0012436331647525851,0.0002526597296916104,6.785566438338719e-05,5.169392807147233e-07,6.086065695853904e-07,6.086065695853904e-07,5.169393e-07,5.169393e-07,0.6622857321186946
S00054,45041,3,1.0,0.0,0.00019151025,-0.0025750638,0.00010978490172419697,7.188571942151611e-07,3.591773823548768e-07,3.983034844168287e-07,4.7442483719351003e-07,4.7442483719351003e-07,3.9830348e-07,3.9830348e-07,0.9869894526439429
S00054,37127,3,1.0,0.0,7.473657e-05,0.0013233522,2.9476420119560014e-05,3.749703078407644e-07,1.709045444423888e-07,1.0832653174475126e-07,2.745159122241603e-07,2.745159122241603e-07,1.0832653e-07,1.0832653e-07,0.9748775315004036
S00054,37079,3,1.0,0.0,6.1822914e-07,0.0029909997,0.0001023325554948921,2.077409024381129e-07,7.538162671849591e-08,2.861968127765291e-11,2.405932946203393e-07,2.405932946203393e-07,2.8619681e-11,2.8619681e-11,0.9959481119182035
S00054,37055,3,1.0,2.5183208e-05,7.074032e-05,0.0053672916,0.00018581291442387737,4.867326524049531e-07,2.596670777658498e-07,7.367110299583146e-08,2.4786908170426614e-07,2.4786908170426614e-07,7.36711e-08,7.659984e-08,0.9947747335001053
S00054,37037,3,1.0,0.0,0.0020823986,0.029169932,0.00254870120746394,0.0010507141511576872,0.0026709376058230796,4.642558633349836e-05,4.4689539208775386e-05,4.4689539208775386e-05,4.6425586e-05,4.6425586e-05,0.4161751026366397
S00054,37029,3,1.0,0.0,0.0012004355,0.0028654272,8.458326192339882e-05,5.2173299385079495e-05,5.265066405020965e-05,5.3269694035407156e-05,5.220767707214691e-05,5.220767707214691e-05,5.3269694e-05,5.3269694e-05,0.23699018334639896
S00054,37063,3,1.0,0.00038151297,0.00031025815,-0.00033936865,5.786592434257424e-05,2.199122093315964e-06,4.994850579957226e-06,7.370686603280774e-07,7.738119620626094e-07,7.738119620626094e-07,7.3706866e-07,8.282516e-07,0.9267753136372524
S00054,37179,3,1.0,0.0,0.0007878587,-0.0016450266,5.4113865189719945e-05,5.492229926555107e-06,5.544713985727867e-06,6.372474672389217e-06,5.856845291418722e-06,5.856845291418722e-06,6.3724747e-06,6.3724747e-06,0.8157158285292375
S00054,45067,3,1.0,0.0,0.0002986794,0.0005894089,0.00010780627538527672,1.1910062388172568e-05,4.359225537579429e-06,1.7564998415764421e-06,1.7432757886126637e-06,1.7432757886126637e-06,1.7564998e-06,1.7564998e-06,0.8010286213280076
S00054,37095,3,1.0,0.0,7.3945466e-06,0.0047381683,0.00017107285869618258,1.1714376887406175e-06,4.6309404703552087e-07,1.4735510589503065e-09,2.362891962093272e-07,2.362891962093272e-07,1.4735511e-09,1.4735511e-09,0.9863979508950155
S00054,45023,3,1.0,0.0,0.0015590953,-0.0028971466,0.0001682812871877104,9.971597561767946e-05,0.00010063810380718981,0.00010148705769097432,0.00010030498378910124,0.00010030498378910124,0.00010148706,0.00010148706,0.2558433278470484
S00054,37137,3,1.0,0.0,0.00061521627,0.0072798645,0.0002703038335312158,8.312556625848325e-06,8.40542603934106e-06,8.54240897751879e-06,8.1481302913744e-06,8.1481302913744e-06,8.542409e-06,8.542409e-06,0.9403297370900375
S00054,37155,3,1.0,1.852236e-06,0.00031912484,0.004059245,0.00015639252766656378,3.200246017816729e-05,2.5717007474668208e-06,1.2276497045604629e-06,1.1767353953473503e-06,1.1767353953473503e-06,1.2276497e-06,1.2288286e-06,0.6602620850556526
S00054,37013,3,1.0,0.0,0.0006234967,0.0067603774,0.00026412346051074564,2.622222442975423e-05,2.623833764422064e-05,2.6474583137314767e-05,2.605751433293335e-05,2.605751433293335e-05,2.6474583e-05,2.6474583e-05,0.8193723840936165
S00054,45025,3,1.0,0.0,0.0005206522,0.0012446563,3.938245360283569e-05,3.0588281939950925e-06,2.550495158478346e-06,2.634593101902283e-06,2.3154675545811187e-06,2.3154675545811187e-06,2.634593e-06,2.634593e-06,0.8558559937639064
S00054,13251,3,1.0,0.0,8.30096e-06,0.00068377843,1.740369771141559e-05,3.760123936658033e-07,2.0471290470188327e-07,2.8940487784012703e-09,2.372956089402578e-07,2.372956089402578e-07,2.8940488e-09,2.8940488e-09,0.9577032030957198
S00054,45003,3,1.0,0.0,0.000104814586,-0.0018473295,3.618388897545325e-05,7.359367752239147e-07,6.701960728605627e-07,5.74805426367675e-07,7.0540824026466e-07,7.0540824026466e-07,5.748054e-07,5.748054e-07,0.9601332476380707
S00054,45075,3,1.0,2.7924641e-05,9.39063e-05,0.0014813463,2.9275985677183296e-05,6.492436834075003e-07,4.650561796400628e-07,3.6644780720962444e-07,5.265507070362219e-07,5.265507070362219e-07,3.664478e-07,3.7091263e-07,0.9566089418674595
S00054,37187,3,1.0,0.0,2.628878e-05,0.0028793728,6.527335062855855e-05,5.328027998056465e-07,2.497742066509545e-07,1.8642584365125003e-08,2.4514255869689805e-07,2.4514255869689805e-07,1.8642584e-08,1.8642584e-08,0.9838069003566466
S00054,37143,3,1.0,0.0141373705,0.0022115703,0.009040568,0.00019443956261966377,1.537438583909534e-05,1.0263725319722047e-05,0.00016919305198825896,8.820187758828979e-06,8.820187758828979e-06,0.00016919305,3.18594e-05,0.8534474380561279
S00054,45011,3,1.0,0.0,9.078002e-07,-0.00058340584,4.397840287613993e-05,4.1967645895285566e-07,1.6240908344104335e-07,2.0396505664987963e-11,2.4032289047681843e-07,2.4032289047681843e-07,2.0396506e-11,2.0396506e-11,0.9810948371984579
S00054,45081,3,1.0,0.0,2.4929726e-05,-0.0032617338,6.592599189995478e-05,8.789938936715203e-07,1.9991244215589177e-07,9.158926950192381e-09,2.2470459271062282e-07,2.2470459271062282e-07,9.158927e-09,9.158927e-09,0.973684781660252
S00054,37131,3,1.0,0.0,0.0009000474,0.0030888263,9.083560871658847e-05,2.5854532699061867e-05,2.5872863867941003e-05,2.6137377062696032e-05,2.572387529653497e-05,2.572387529653497e-05,2.6137377e-05,2.6137377e-05,0.5568686028587795
S00054,45079,3,1.0,3.1779593e-06,2.4956544e-05,-2.698676e-05,2.3255286578205414e-05,1.9373391912935745e-07,1.0145676017832746e-07,5.2088702240382645e-09,2.2974523972152383e-07,2.2974523972152383e-07,5.2088702e-09,5.3573928e-09,0.9834761610489122
S00054,45049,3,1.0,0.0,4.665115e-06,0.0030865578,6.544398881184559e-05,2.3719752682375508e-07,1.0057812165527776e-07,4.674342024557632e-10,2.377103811568304e-07,2.377103811568304e-07,4.674342e-10,4.674342e-10,0.9927773068652961
S00054,13051,3,1.0,0.00017201659,0.00034385186,0.0012402772,7.805653876857832e-05,5.51049026853434e-07,4.687712570709361e-07,4.913064231004682e-07,5.148330046722549e-07,5.148330046722549e-07,4.913064e-07,5.800132e-07,0.9859797497338938
S00054,13191,3,1.0,0.0,1.732607e-05,0.0020432551,4.387595375495342e-05,3.0054138614824904e-07,1.702763151219718e-07,1.3310501145724629e-08,2.3590422415509238e-07,2.3590422415509238e-07,1.3310501e-08,1.3310501e-08,0.9863936065915458
S00054,45009,3,1.0,0.0,1.0623132e-05,0.0011660105,3.389419422698362e-05,1.9381474218131226e-07,1.1085179218994767e-07,2.418133915327303e-09,2.335866895464278e-07,2.335866895464278e-07,2.418134e-09,2.418134e-09,0.9886285677549176
S00054,45053,3,1.0,0.0002594075,3.227888e-05,0.00090465,3.2781233736992967e-05,3.219056523562358e-07,1.3437173803273103e-07,7.45613064623285e-08,2.617203733734641e-07,2.617203733734641e-07,7.456131e-08,2.4015817e-08,0.980551352029179
S00054,13179,3,1.0,0.0,3.948917e-05,0.0026506684,3.849603914810965e-05,1.211145311449021e-07,6.408195633393159e-08,7.080192876429692e-09,2.1320900600585446e-07,2.1320900600585446e-07,7.080193e-09,7.080193e-09,0.9937274231989828
S00054,45069,3,1.0,0.0,1.7707165e-05,0.0025487905,0.00012453171802917495,5.167263155877085e-06,1.2854971878084598e-06,3.237734746974752e-09,2.2621293283009436e-07,2.2621293283009436e-07,3.2377347e-09,3.2377347e-09,0.9203191403870083
S00054,45085,3,1.0,0.0,0.00015772165,0.002329851,5.27567790413741e-05,8.162175220149948e-07,5.720678946848542e-07,4.786538738699164e-07,5.574576675826393e-07,5.574576675826393e-07,4.786539e-07,4.786539e-07,0.9695287710460914
S00054,13245,3,1.0,0.00023214691,0.00012492303,-0.00027625397,1.397967904874046e-05,2.3185999964425719e-07,1.935991302085919e-07,1.2280686689791764e-07,2.741333275935176e-07,2.741333275935176e-07,1.2280687e-07,1.269157e-07,0.9673701773108648
S00054,45071,3,1.0,0.0,0.00014001055,-0.0006306906,1.638719527363719e-05,4.794641720688256e-07,3.399540228580615e-07,2.0954058754796279e-07,3.2079117318062345e-07,3.2079117318062345e-07,2.0954059e-07,2.0954059e-07,0.9431465165212795
S00054,13029,3,1.0,0.0,0.000542239,0.0021353373,2.5861209602832485e-05,3.438583538202996e-06,3.5284188015793916e-06,3.681652287923498e-06,3.3350620469718706e-06,3.3350620469718706e-06,3.6816523e-06,3.6816523e-06,0.7652827430111016
S00054,13033,3,1.0,0.0,0.00011074372,-0.0005319496,2.2872536040570896e-05,5.336474373507372e-07,2.8551665801993903e-07,1.7105897143210314e-07,3.000183426138392e-07,3.000183426138392e-07,1.7105897e-07,1.7105897e-07,0.9544011574672897
S00054,45017,3,1.0,0.0,0.00033915497,-0.00039683533,3.2673905176731445e-05,3.521563940012129e-06,3.484426012316059e-06,3.5614821172202937e-06,3.4599038372107316e-06,3.4599038372107316e-06,3.5614821e-06,3.5614821e-06,0.805414101491333
S00054,45055,3,1.0,0.00012637254,2.852158e-05,0.00020751843,1.7571229060801368e-05,3.7927540308402286e-07,1.9118253691274845e-07,1.5127978869600156e-08,2.349957952674231e-07,2.349957952674231e-07,1.5127979e-08,6.3666494e-09,0.9577420897727875
S00054,45013,3,1.0,6.896108e-06,0.0001037662,0.0016629513,4.340662720399754e-05,4.315703752884777e-07,2.643848517891456e-07,1.9623880120889226e-07,3.2839074037838145e-07,3.2839074037838145e-07,1.962388e-07,1.9762243e-07,0.9803107609746984
S00054,13031,3,1.0,0.0,5.4298092e-05,0.00019107148,2.8110811399528757e-05,1.2163794653001028e-07,3.394511531122172e-08,1.016470996262342e-08,2.0017581903175596e-07,2.0017581903175596e-07,1.016471e-08,1.016471e-08,0.9913831106157999
S00054,37177,3,1.0,0.0,0.00021172088,0.0033332135,0.0001278611040712955,4.364082997199148e-06,3.837267210352972e-06,3.5158736864104867e-06,3.524787643982563e-06,3.524787643982563e-06,3.5158737e-06,3.5158737e-06,0.9339901406993134
S00054,45061,3,1.0,0.0,0.00028376796,0.0024882583,5.371870247472543e-05,2.153340725878176e-06,1.981568630071706e-06,2.005777105296147e-06,1.9858255200233543e-06,1.9858255200233543e-06,2.005777e-06,2.005777e-06,0.9229188480490397
S00054,45027,3,1.0,2.4585328e-05,5.1333256e-05,0.0045592114,0.00014623169893942153,7.172013181862743e-07,2.775337897276131e-07,3.5776590578961986e-08,2.353837516011481e-07,2.353837516011481e-07,3.577659e-08,3.7696243e-08,0.9902387657623977
S00054,45005,3,1.0,0.0,5.7518864e-06,0.0021049518,4.609177146145763e-05,4.350194455771117e-07,1.7722873139428921e-07,2.2146156020141916e-09,2.385087043421663e-07,2.385087043421663e-07,2.2146156e-09,2.2146156e-09,0.9813002600395835
S00054,13165,3,1.0,0.0,3.5914588e-06,0.0021925748,4.058761987835169e-05,2.4627189598724897e-07,7.710242303874774e-08,1.8573950155698071e-09,2.3944767235661857e-07,2.3944767235661857e-07,1.857395e-09,1.857395e-09,0.9879378680166845
S00054,45063,3,1.0,6.802943e-07,5.308185e-05,-0.0015602664,3.502045698648241e-05,2.1899446641289919e-07,1.4001754540989472e-07,4.799781194719799e-08,2.449352791700221e-07,2.449352791700221e-07,4.7997812e-08,4.8069573e-08,0.9875710626934343
S00054,45031,3,1.0,0.0,0.00031267668,0.0008606973,2.883557499444578e-05,3.574708822876952e-06,2.8583510811586166e-06,2.662305405465304e-06,2.6388138394395355e-06,2.6388138394395355e-06,2.6623054e-06,2.6623054e-06,0.779408977531611
S00054,37015,3,1.0,0.0,0.00037460538,0.005743674,0.00015557383449049667,7.0763556626237305e-06,6.960063880493787e-06,6.94378832122311e-06,7.06317632648279e-06,7.06317632648279e-06,6.9437883e-06,6.9437883e-06,0.9129868135295508
S00054,45037,3,1.0,0.0,2.0586296e-05,-0.003111031,7.179913882282563e-05,6.716920582701865e-07,4.1870257054081134e-07,6.259969875799243e-09,2.2882734640461422e-07,2.2882734640461422e-07,6.25997e-09,6.25997e-09,0.9814631059116118
S00054,13103,3,1.0,6.255669e-05,6.212227e-05,0.0018233838,3.584333292868299e-05,1.1400772711075054e-07,2.268661096020234e-08,5.0199111534254826e-09,1.9509906223902362e-07,1.9509906223902362e-07,5.019911e-09,8.8788985e-09,0.9936587230851076
S00054,13109,3,1.0,0.0,0.0003237152,0.00018117731,2.754256941746765e-05,2.3546815555164358e-06,2.4025095323546943e-06,2.447335873512202e-06,2.3639179289602907e-06,2.3639179289602907e-06,2.4473359e-06,2.4473359e-06,0.8424817346822833
