variant,model,seed,event,lead_h,mse
raw,NET,8201,2024-01-09,1,0.0002594754729845761
raw,NET,8201,2024-01-09,2,0.00034109230781540726
raw,NET,8201,2024-01-09,3,0.0004327970305360934
raw,NET,8201,2024-01-09,4,0.0006210609458549126
raw,NET,8201,2024-01-09,5,0.0006608301462011517
raw,NET,8201,2024-01-09,6,0.0006989839955225982
raw,NET,8201,2024-01-09,7,0.0006588515346461373
raw,NET,8201,2024-01-09,8,0.0007377012091195699
raw,NET,8201,2024-01-09,9,0.0007868161270772588
raw,NET,8201,2024-01-09,10,0.0009946140691439501
raw,NET,8201,2024-01-09,11,0.0010994570828840855
raw,NET,8201,2024-01-09,12,0.0011945014235487368
raw,NET,8201,2024-01-09,13,0.0012526356316088136
raw,NET,8201,2024-01-09,14,0.0014067562135570886
raw,NET,8201,2024-01-09,15,0.0014505615794742602
raw,NET,8201,2024-01-09,16,0.0016947471575191795
raw,NET,8201,2024-01-09,17,0.001806351896527103
raw,NET,8201,2024-01-09,18,0.001853703661460947
raw,NET,8201,2024-01-09,19,0.001782467008418237
raw,NET,8201,2024-01-09,20,0.00180048643449762
raw,NET,8201,2024-01-09,21,0.0017654292763886587
raw,NET,8201,2024-01-09,22,0.0019164347478246421
raw,NET,8201,2024-01-09,23,0.0018731176233872933
raw,NET,8201,2024-01-09,24,0.001911225468623243
raw,NET,8201,2024-01-12,1,0.0002796027288173006
raw,NET,8201,2024-01-12,2,0.00023468366304271333
raw,NET,8201,2024-01-12,3,0.0003838856377106305
raw,NET,8201,2024-01-12,4,0.00041462187730868447
raw,NET,8201,2024-01-12,5,0.00046250078304670747
raw,NET,8201,2024-01-12,6,0.00043695905481831336
raw,NET,8201,2024-01-12,7,0.00045335163209876965
raw,NET,8201,2024-01-12,8,0.0004929692398004861
raw,NET,8201,2024-01-12,9,0.0005161722238202904
raw,NET,8201,2024-01-12,10,0.0005588325189558523
raw,NET,8201,2024-01-12,11,0.0005411695595037369
raw,NET,8201,2024-01-12,12,0.0005150093986029361
raw,NET,8201,2024-01-12,13,0.0005086683939704831
raw,NET,8201,2024-01-12,14,0.0005553523229491803
raw,NET,8201,2024-01-12,15,0.0005671375461196956
raw,NET,8201,2024-01-12,16,0.0006086198863344413
raw,NET,8201,2024-01-12,17,0.0005963747880422635
raw,NET,8201,2024-01-12,18,0.0006055987286437027
raw,NET,8201,2024-01-12,19,0.0006070433477563257
raw,NET,8201,2024-01-12,20,0.000653739409658212
raw,NET,8201,2024-01-12,21,0.0006528190474626217
raw,NET,8201,2024-01-12,22,0.0007276793950182678
raw,NET,8201,2024-01-12,23,0.000716120120168999
raw,NET,8201,2024-01-12,24,0.0007306867705846567
raw,NET,8201,2024-05-08,1,0.0002706871307971235
raw,NET,8201,2024-05-08,2,0.00026013729863365336
raw,NET,8201,2024-05-08,3,0.0003300833476599868
raw,NET,8201,2024-05-08,4,0.00032094646987131017
raw,NET,8201,2024-05-08,5,0.0003074734995374479
raw,NET,8201,2024-05-08,6,0.00034264691534108266
raw,NET,8201,2024-05-08,7,0.0004082920178148219
raw,NET,8201,2024-05-08,8,0.00036045122212798687
raw,NET,8201,2024-05-08,9,0.0003892305862602271
raw,NET,8201,2024-05-08,10,0.0003980976677275777
raw,NET,8201,2024-05-08,11,0.00041186519689617154
raw,NET,8201,2024-05-08,12,0.0004763250574095954
raw,NET,8201,2024-05-08,13,0.0005432795038293165
raw,NET,8201,2024-05-08,14,0.0005117334883296152
raw,NET,8201,2024-05-08,15,0.000549761306286524
raw,NET,8201,2024-05-08,16,0.0005443084588641025
raw,NET,8201,2024-05-08,17,0.0005531231691781311
raw,NET,8201,2024-05-08,18,0.0006120565361291435
raw,NET,8201,2024-05-08,19,0.0006974669268441629
raw,NET,8201,2024-05-08,20,0.0006896272508374019
raw,NET,8201,2024-05-08,21,0.0007348659946248911
raw,NET,8201,2024-05-08,22,0.0007158678188255028
raw,NET,8201,2024-05-08,23,0.0007131368399331613
raw,NET,8201,2024-05-08,24,0.0007677487293612765
raw,NET,8201,2024-05-26,1,0.0005169922462405326
raw,NET,8201,2024-05-26,2,0.0010425150652023677
raw,NET,8201,2024-05-26,3,0.0015051148915554158
raw,NET,8201,2024-05-26,4,0.0019876431832507955
raw,NET,8201,2024-05-26,5,0.002387068363313776
raw,NET,8201,2024-05-26,6,0.002524332646710614
raw,NET,8201,2024-05-26,7,0.0025806439314624875
raw,NET,8201,2024-05-26,8,0.002808554676735586
raw,NET,8201,2024-05-26,9,0.002925503524607198
raw,NET,8201,2024-05-26,10,0.003231551307684624
raw,NET,8201,2024-05-26,11,0.0034792083192807612
raw,NET,8201,2024-05-26,12,0.003483163766851964
raw,NET,8201,2024-05-26,13,0.0035059683978092148
raw,NET,8201,2024-05-26,14,0.0036181039052920597
raw,NET,8201,2024-05-26,15,0.0036751289455699094
raw,NET,8201,2024-05-26,16,0.003994222598098926
raw,NET,8201,2024-05-26,17,0.004261199609726055
raw,NET,8201,2024-05-26,18,0.004335523025080745
raw,NET,8201,2024-05-26,19,0.004329685320500977
raw,NET,8201,2024-05-26,20,0.004375453257491147
raw,NET,8201,2024-05-26,21,0.004520688027588825
raw,NET,8201,2024-05-26,22,0.004834286663366857
raw,NET,8201,2024-05-26,23,0.005078194255305463
raw,NET,8201,2024-05-26,24,0.00513985504033709
raw,NET,8201,2024-06-26,1,0.0001801098313904888
raw,NET,8201,2024-06-26,2,0.00015855912362204648
raw,NET,8201,2024-06-26,3,0.00022545914549029598
raw,NET,8201,2024-06-26,4,0.00022531538726448783
raw,NET,8201,2024-06-26,5,0.0002993493088441815
raw,NET,8201,2024-06-26,6,0.00039321516007050767
raw,NET,8201,2024-06-26,7,0.0003145878755068106
raw,NET,8201,2024-06-26,8,0.0003341802871571306
raw,NET,8201,2024-06-26,9,0.0003641663844799838
raw,NET,8201,2024-06-26,10,0.0003510690481685433
raw,NET,8201,2024-06-26,11,0.00035478665043185833
raw,NET,8201,2024-06-26,12,0.00044973882461029615
raw,NET,8201,2024-06-26,13,0.0003516898655140302
raw,NET,8201,2024-06-26,14,0.00036540792662818965
raw,NET,8201,2024-06-26,15,0.0003834212656569783
raw,NET,8201,2024-06-26,16,0.0003594218129453887
raw,NET,8201,2024-06-26,17,0.00036370457808410024
raw,NET,8201,2024-06-26,18,0.00045637670658520813
raw,NET,8201,2024-06-26,19,0.0003553141409395449
raw,NET,8201,2024-06-26,20,0.0003662636248907162
raw,NET,8201,2024-06-26,21,0.0003836541228149386
raw,NET,8201,2024-06-26,22,0.00036566680804983484
raw,NET,8201,2024-06-26,23,0.00036602621282556694
raw,NET,8201,2024-06-26,24,0.0004684383397169292
raw,NET,8201,2024-09-27,1,0.0009295567201360252
raw,NET,8201,2024-09-27,2,0.002055671480484514
raw,NET,8201,2024-09-27,3,0.0034138669838309566
raw,NET,8201,2024-09-27,4,0.00452553921293753
raw,NET,8201,2024-09-27,5,0.005767239089979031
raw,NET,8201,2024-09-27,6,0.006497497336076024
raw,NET,8201,2024-09-27,7,0.007024903243252993
raw,NET,8201,2024-09-27,8,0.007541726157628586
raw,NET,8201,2024-09-27,9,0.008248434704813096
raw,NET,8201,2024-09-27,10,0.008813244545293218
raw,NET,8201,2024-09-27,11,0.009316946945312411
raw,NET,8201,2024-09-27,12,0.0097631093490784
raw,NET,8201,2024-09-27,13,0.009903594620204513
raw,NET,8201,2024-09-27,14,0.009948386804797234
raw,NET,8201,2024-09-27,15,0.010382625418213562
raw,NET,8201,2024-09-27,16,0.010708805750118122
raw,NET,8201,2024-09-27,17,0.011336441789340198
raw,NET,8201,2024-09-27,18,0.011685051229805158
raw,NET,8201,2024-09-27,19,0.011868564987559865
raw,NET,8201,2024-09-27,20,0.01203561326042182
raw,NET,8201,2024-09-27,21,0.012893761553580864
raw,NET,8201,2024-09-27,22,0.013393407117271851
raw,NET,8201,2024-09-27,23,0.014276440121928472
raw,NET,8201,2024-09-27,24,0.014703256241645086
raw,NET,8202,2024-01-09,1,0.0002769822009677812
raw,NET,8202,2024-01-09,2,0.00031259963997729506
raw,NET,8202,2024-01-09,3,0.00038064048601255113
raw,NET,8202,2024-01-09,4,0.0005611948950113503
raw,NET,8202,2024-01-09,5,0.0005836784585907691
raw,NET,8202,2024-01-09,6,0.0006307509481275857
raw,NET,8202,2024-01-09,7,0.0005793371626137277
raw,NET,8202,2024-01-09,8,0.0006329831802825813
raw,NET,8202,2024-01-09,9,0.0006478531780280441
raw,NET,8202,2024-01-09,10,0.0008573411816056425
raw,NET,8202,2024-01-09,11,0.0009561642807395821
raw,NET,8202,2024-01-09,12,0.0010633144797503131
raw,NET,8202,2024-01-09,13,0.0011252985069212665
raw,NET,8202,2024-01-09,14,0.0013003565709694491
raw,NET,8202,2024-01-09,15,0.001414789151935007
raw,NET,8202,2024-01-09,16,0.0017476745593682605
raw,NET,8202,2024-01-09,17,0.001962194089120335
raw,NET,8202,2024-01-09,18,0.002161613024033836
raw,NET,8202,2024-01-09,19,0.002177656991355039
raw,NET,8202,2024-01-09,20,0.002313197421372613
raw,NET,8202,2024-01-09,21,0.002416594868358388
raw,NET,8202,2024-01-09,22,0.0027127557798031637
raw,NET,8202,2024-01-09,23,0.002821999258588061
raw,NET,8202,2024-01-09,24,0.003013200470016659
raw,NET,8202,2024-01-12,1,0.00025641439867785706
raw,NET,8202,2024-01-12,2,0.00024769014273013
raw,NET,8202,2024-01-12,3,0.0003657921408753649
raw,NET,8202,2024-01-12,4,0.00042719596807274166
raw,NET,8202,2024-01-12,5,0.0004599391276228376
raw,NET,8202,2024-01-12,6,0.0004450244680378557
raw,NET,8202,2024-01-12,7,0.0004494304774993453
raw,NET,8202,2024-01-12,8,0.0004936509287099124
raw,NET,8202,2024-01-12,9,0.0005115553366879376
raw,NET,8202,2024-01-12,10,0.0005603634648183046
raw,NET,8202,2024-01-12,11,0.0005184036024019709
raw,NET,8202,2024-01-12,12,0.0005014635429073475
raw,NET,8202,2024-01-12,13,0.0004900798990717411
raw,NET,8202,2024-01-12,14,0.0005394499842291135
raw,NET,8202,2024-01-12,15,0.0005527950499849791
raw,NET,8202,2024-01-12,16,0.0005970028658651586
raw,NET,8202,2024-01-12,17,0.0005448126308300633
raw,NET,8202,2024-01-12,18,0.0005331064129535307
raw,NET,8202,2024-01-12,19,0.0005441729705590598
raw,NET,8202,2024-01-12,20,0.0005888953216887656
raw,NET,8202,2024-01-12,21,0.0006182470782734322
raw,NET,8202,2024-01-12,22,0.0006920562672651315
raw,NET,8202,2024-01-12,23,0.000716345852838718
raw,NET,8202,2024-01-12,24,0.0007406787466332867
raw,NET,8202,2024-05-08,1,0.00022013595336498772
raw,NET,8202,2024-05-08,2,0.00016850556726479829
raw,NET,8202,2024-05-08,3,0.00020545845437531726
raw,NET,8202,2024-05-08,4,0.00020264972665508198
raw,NET,8202,2024-05-08,5,0.00019139380344903638
raw,NET,8202,2024-05-08,6,0.00023913210858255945
raw,NET,8202,2024-05-08,7,0.00031512454159139365
raw,NET,8202,2024-05-08,8,0.00025795355746394144
raw,NET,8202,2024-05-08,9,0.00028758731074590157
raw,NET,8202,2024-05-08,10,0.0002901932480112108
raw,NET,8202,2024-05-08,11,0.0002711427368715938
raw,NET,8202,2024-05-08,12,0.0003119470898735783
raw,NET,8202,2024-05-08,13,0.0003880153432356896
raw,NET,8202,2024-05-08,14,0.0003493488049434931
raw,NET,8202,2024-05-08,15,0.00038218770215236943
raw,NET,8202,2024-05-08,16,0.00036617006345458666
raw,NET,8202,2024-05-08,17,0.00033700707757604835
raw,NET,8202,2024-05-08,18,0.0003774823015886462
raw,NET,8202,2024-05-08,19,0.000434276788755495
raw,NET,8202,2024-05-08,20,0.0003818471992748102
raw,NET,8202,2024-05-08,21,0.0003996275613238321
raw,NET,8202,2024-05-08,22,0.00036294953837755987
raw,NET,8202,2024-05-08,23,0.0003307551427426506
raw,NET,8202,2024-05-08,24,0.0003600666754955373
raw,NET,8202,2024-05-26,1,0.000506032007416799
raw,NET,8202,2024-05-26,2,0.0010402708795687473
raw,NET,8202,2024-05-26,3,0.0015434360615250496
raw,NET,8202,2024-05-26,4,0.002004135650203595
raw,NET,8202,2024-05-26,5,0.002412039008559505
raw,NET,8202,2024-05-26,6,0.0025159366534533534
raw,NET,8202,2024-05-26,7,0.0025778608427835126
raw,NET,8202,2024-05-26,8,0.002875035703108785
raw,NET,8202,2024-05-26,9,0.0030960179205112236
raw,NET,8202,2024-05-26,10,0.003415042024961794
raw,NET,8202,2024-05-26,11,0.0036739333005907917
raw,NET,8202,2024-05-26,12,0.003627324619529502
raw,NET,8202,2024-05-26,13,0.003586400507076213
raw,NET,8202,2024-05-26,14,0.0037409644577387634
raw,NET,8202,2024-05-26,15,0.0038916124365279106
raw,NET,8202,2024-05-26,16,0.004232532543027519
raw,NET,8202,2024-05-26,17,0.0045067521477786
raw,NET,8202,2024-05-26,18,0.004528826555561041
raw,NET,8202,2024-05-26,19,0.004507110241982808
raw,NET,8202,2024-05-26,20,0.004547928982171794
raw,NET,8202,2024-05-26,21,0.004675735448007177
raw,NET,8202,2024-05-26,22,0.004994050105140866
raw,NET,8202,2024-05-26,23,0.005219625671876044
raw,NET,8202,2024-05-26,24,0.005252232440205317
raw,NET,8202,2024-06-26,1,0.00019085288013313313
raw,NET,8202,2024-06-26,2,0.00015277713358209622
raw,NET,8202,2024-06-26,3,0.00024119563349166254
raw,NET,8202,2024-06-26,4,0.00022779694288314266
raw,NET,8202,2024-06-26,5,0.0002988102834759798
raw,NET,8202,2024-06-26,6,0.000408541560037648
raw,NET,8202,2024-06-26,7,0.000330537962145237
raw,NET,8202,2024-06-26,8,0.0003420337659599601
raw,NET,8202,2024-06-26,9,0.00036185041068743245
raw,NET,8202,2024-06-26,10,0.00034305035561046937
raw,NET,8202,2024-06-26,11,0.0003534650513817101
raw,NET,8202,2024-06-26,12,0.0004523588806639172
raw,NET,8202,2024-06-26,13,0.0003559123321667032
raw,NET,8202,2024-06-26,14,0.00036857528009280035
raw,NET,8202,2024-06-26,15,0.0003861306744375354
raw,NET,8202,2024-06-26,16,0.0003718013765400859
raw,NET,8202,2024-06-26,17,0.00038458164207952556
raw,NET,8202,2024-06-26,18,0.00048490580767912545
raw,NET,8202,2024-06-26,19,0.0003812409555999959
raw,NET,8202,2024-06-26,20,0.00039309539521437283
raw,NET,8202,2024-06-26,21,0.00042078140705980053
raw,NET,8202,2024-06-26,22,0.00040460914074754144
raw,NET,8202,2024-06-26,23,0.000419111945677608
raw,NET,8202,2024-06-26,24,0.0005268211906315077
raw,NET,8202,2024-09-27,1,0.0007666165884760003
raw,NET,8202,2024-09-27,2,0.001591685089409376
raw,NET,8202,2024-09-27,3,0.0025973165894314742
raw,NET,8202,2024-09-27,4,0.003444425232058654
raw,NET,8202,2024-09-27,5,0.004610667169147696
raw,NET,8202,2024-09-27,6,0.005199683770204767
raw,NET,8202,2024-09-27,7,0.0057497887500906324
raw,NET,8202,2024-09-27,8,0.006346548061511969
raw,NET,8202,2024-09-27,9,0.007129515644595385
raw,NET,8202,2024-09-27,10,0.007660018394630781
raw,NET,8202,2024-09-27,11,0.008308692970979992
raw,NET,8202,2024-09-27,12,0.008693333657508769
raw,NET,8202,2024-09-27,13,0.00902979839899427
raw,NET,8202,2024-09-27,14,0.009243420641162193
raw,NET,8202,2024-09-27,15,0.009856500848944233
raw,NET,8202,2024-09-27,16,0.010255202126785472
raw,NET,8202,2024-09-27,17,0.010977022972322737
raw,NET,8202,2024-09-27,18,0.011347414612714535
raw,NET,8202,2024-09-27,19,0.011628837750388716
raw,NET,8202,2024-09-27,20,0.011993805411414031
raw,NET,8202,2024-09-27,21,0.013021648912221854
raw,NET,8202,2024-09-27,22,0.013560162719007993
raw,NET,8202,2024-09-27,23,0.014783788206998449
raw,NET,8202,2024-09-27,24,0.01519369336343421
raw,NET,8203,2024-01-09,1,0.0002699930423977747
raw,NET,8203,2024-01-09,2,0.0003181564588689793
raw,NET,8203,2024-01-09,3,0.00040569447827648396
raw,NET,8203,2024-01-09,4,0.0005949418557836624
raw,NET,8203,2024-01-09,5,0.0006418687029283487
raw,NET,8203,2024-01-09,6,0.0006805822302027467
raw,NET,8203,2024-01-09,7,0.0006291714907835361
raw,NET,8203,2024-01-09,8,0.0006625885003886786
raw,NET,8203,2024-01-09,9,0.000665929080125945
raw,NET,8203,2024-01-09,10,0.00082079391174897
raw,NET,8203,2024-01-09,11,0.0008578999612927558
raw,NET,8203,2024-01-09,12,0.0009025326140215482
raw,NET,8203,2024-01-09,13,0.000828312509218258
raw,NET,8203,2024-01-09,14,0.0008885551650083257
raw,NET,8203,2024-01-09,15,0.0008816685034747307
raw,NET,8203,2024-01-09,16,0.0010877528447484006
raw,NET,8203,2024-01-09,17,0.0011600730259632166
raw,NET,8203,2024-01-09,18,0.0012600060872968023
raw,NET,8203,2024-01-09,19,0.0011627275281865534
raw,NET,8203,2024-01-09,20,0.0012349602667498388
raw,NET,8203,2024-01-09,21,0.0012681960785812325
raw,NET,8203,2024-01-09,22,0.0016100066548733814
raw,NET,8203,2024-01-09,23,0.0018290635304251159
raw,NET,8203,2024-01-09,24,0.0020489325996356877
raw,NET,8203,2024-01-12,1,0.0002705737223445576
raw,NET,8203,2024-01-12,2,0.00023445737018158093
raw,NET,8203,2024-01-12,3,0.000395271098035788
raw,NET,8203,2024-01-12,4,0.0003946012883184602
raw,NET,8203,2024-01-12,5,0.00047644239667993883
raw,NET,8203,2024-01-12,6,0.00041441799008593857
raw,NET,8203,2024-01-12,7,0.0004770752436155026
raw,NET,8203,2024-01-12,8,0.00047355015475684405
raw,NET,8203,2024-01-12,9,0.0005435253564781812
raw,NET,8203,2024-01-12,10,0.0005489892703373643
raw,NET,8203,2024-01-12,11,0.0005721746955961058
raw,NET,8203,2024-01-12,12,0.0005290296509359332
raw,NET,8203,2024-01-12,13,0.000570374265053371
raw,NET,8203,2024-01-12,14,0.0005752128438394733
raw,NET,8203,2024-01-12,15,0.0006295978787456543
raw,NET,8203,2024-01-12,16,0.0006338756697240268
raw,NET,8203,2024-01-12,17,0.0006347035210705336
raw,NET,8203,2024-01-12,18,0.0006008324834703324
raw,NET,8203,2024-01-12,19,0.0006159386884251357
raw,NET,8203,2024-01-12,20,0.000627516491789507
raw,NET,8203,2024-01-12,21,0.0006901221957031307
raw,NET,8203,2024-01-12,22,0.000772086599731998
raw,NET,8203,2024-01-12,23,0.0008544864578272107
raw,NET,8203,2024-01-12,24,0.0008769259671279577
raw,NET,8203,2024-05-08,1,0.00029980152211400924
raw,NET,8203,2024-05-08,2,0.0003105623865266705
raw,NET,8203,2024-05-08,3,0.0004337918967445061
raw,NET,8203,2024-05-08,4,0.0005028566224764707
raw,NET,8203,2024-05-08,5,0.000561155586904527
raw,NET,8203,2024-05-08,6,0.000653159865971052
raw,NET,8203,2024-05-08,7,0.0007461053823176779
raw,NET,8203,2024-05-08,8,0.0006962322088647773
raw,NET,8203,2024-05-08,9,0.0006775556890433724
raw,NET,8203,2024-05-08,10,0.000576317716269524
raw,NET,8203,2024-05-08,11,0.00048051690713579113
raw,NET,8203,2024-05-08,12,0.0004652283249163515
raw,NET,8203,2024-05-08,13,0.00048652565721525425
raw,NET,8203,2024-05-08,14,0.00043623787260546826
raw,NET,8203,2024-05-08,15,0.00046945441378336023
raw,NET,8203,2024-05-08,16,0.0004639441887417703
raw,NET,8203,2024-05-08,17,0.0004615544423601018
raw,NET,8203,2024-05-08,18,0.0005123515291035538
raw,NET,8203,2024-05-08,19,0.0005680518902794777
raw,NET,8203,2024-05-08,20,0.0005321340351569863
raw,NET,8203,2024-05-08,21,0.0005641541855895207
raw,NET,8203,2024-05-08,22,0.0005451731540136777
raw,NET,8203,2024-05-08,23,0.0005612386681881095
raw,NET,8203,2024-05-08,24,0.0006108870753854954
raw,NET,8203,2024-05-26,1,0.0005299730856673092
raw,NET,8203,2024-05-26,2,0.0010723386712791479
raw,NET,8203,2024-05-26,3,0.001557972580942078
raw,NET,8203,2024-05-26,4,0.0020385593328301472
raw,NET,8203,2024-05-26,5,0.0024489867227602243
raw,NET,8203,2024-05-26,6,0.0026148352280540603
raw,NET,8203,2024-05-26,7,0.0026915759318801476
raw,NET,8203,2024-05-26,8,0.002965588279744079
raw,NET,8203,2024-05-26,9,0.003162142770957107
raw,NET,8203,2024-05-26,10,0.0034548871274998993
raw,NET,8203,2024-05-26,11,0.0036692566522653672
raw,NET,8203,2024-05-26,12,0.0036380550962038043
raw,NET,8203,2024-05-26,13,0.003624676843177558
raw,NET,8203,2024-05-26,14,0.003811779955863056
raw,NET,8203,2024-05-26,15,0.003979622770425587
raw,NET,8203,2024-05-26,16,0.004328703626640386
raw,NET,8203,2024-05-26,17,0.004620904454548809
raw,NET,8203,2024-05-26,18,0.004685963684489126
raw,NET,8203,2024-05-26,19,0.004666955929265613
raw,NET,8203,2024-05-26,20,0.004720889020219559
raw,NET,8203,2024-05-26,21,0.004886382340390851
raw,NET,8203,2024-05-26,22,0.005245674468938291
raw,NET,8203,2024-05-26,23,0.00553317474483899
raw,NET,8203,2024-05-26,24,0.0055833563010104946
raw,NET,8203,2024-06-26,1,0.00016122335193824642
raw,NET,8203,2024-06-26,2,0.0001627097154440709
raw,NET,8203,2024-06-26,3,0.0002070647637450587
raw,NET,8203,2024-06-26,4,0.00021109038427696755
raw,NET,8203,2024-06-26,5,0.0002922534331190186
raw,NET,8203,2024-06-26,6,0.0003775616098531494
raw,NET,8203,2024-06-26,7,0.0003011264542222563
raw,NET,8203,2024-06-26,8,0.00031541507919263014
raw,NET,8203,2024-06-26,9,0.00034089487420789055
raw,NET,8203,2024-06-26,10,0.0003184458284408545
raw,NET,8203,2024-06-26,11,0.00033147767807156537
raw,NET,8203,2024-06-26,12,0.00041619799139544375
raw,NET,8203,2024-06-26,13,0.00032637787095595366
raw,NET,8203,2024-06-26,14,0.000336113826875488
raw,NET,8203,2024-06-26,15,0.0003560518404447382
raw,NET,8203,2024-06-26,16,0.00033226073441995716
raw,NET,8203,2024-06-26,17,0.0003437625266902836
raw,NET,8203,2024-06-26,18,0.00043990596582488956
raw,NET,8203,2024-06-26,19,0.00034730458403259826
raw,NET,8203,2024-06-26,20,0.00036231709137611747
raw,NET,8203,2024-06-26,21,0.0003778329372542679
raw,NET,8203,2024-06-26,22,0.00039295841183242954
raw,NET,8203,2024-06-26,23,0.00045307366146589136
raw,NET,8203,2024-06-26,24,0.0005938077083062293
raw,NET,8203,2024-09-27,1,0.000761588223647212
raw,NET,8203,2024-09-27,2,0.0017626229744317197
raw,NET,8203,2024-09-27,3,0.0029327340418460507
raw,NET,8203,2024-09-27,4,0.003956108853844646
raw,NET,8203,2024-09-27,5,0.005230646818904504
raw,NET,8203,2024-09-27,6,0.00579993115749336
raw,NET,8203,2024-09-27,7,0.006377636982828785
raw,NET,8203,2024-09-27,8,0.007097284771347551
raw,NET,8203,2024-09-27,9,0.007963474114313146
raw,NET,8203,2024-09-27,10,0.008612664698021695
raw,NET,8203,2024-09-27,11,0.009444285755762998
raw,NET,8203,2024-09-27,12,0.009926893128668946
raw,NET,8203,2024-09-27,13,0.010256892419073887
raw,NET,8203,2024-09-27,14,0.010599505683626812
raw,NET,8203,2024-09-27,15,0.011345605375888291
raw,NET,8203,2024-09-27,16,0.011792229856715544
raw,NET,8203,2024-09-27,17,0.012783919062142574
raw,NET,8203,2024-09-27,18,0.013141746217642625
raw,NET,8203,2024-09-27,19,0.013443136195311676
raw,NET,8203,2024-09-27,20,0.01367401445737407
raw,NET,8203,2024-09-27,21,0.014548254030012983
raw,NET,8203,2024-09-27,22,0.014988373468658327
raw,NET,8203,2024-09-27,23,0.016006572186030653
raw,NET,8203,2024-09-27,24,0.01637476304935467
raw,NET,8204,2024-01-09,1,0.0003032550336709251
raw,NET,8204,2024-01-09,2,0.0004034511847788895
raw,NET,8204,2024-01-09,3,0.0005259565536618951
raw,NET,8204,2024-01-09,4,0.0006931016579257362
raw,NET,8204,2024-01-09,5,0.0007074802263254006
raw,NET,8204,2024-01-09,6,0.0007134073834209614
raw,NET,8204,2024-01-09,7,0.0006455310068629823
raw,NET,8204,2024-01-09,8,0.000690050443770115
raw,NET,8204,2024-01-09,9,0.0006807676782226499
raw,NET,8204,2024-01-09,10,0.000878879987762999
raw,NET,8204,2024-01-09,11,0.0009416871641311386
raw,NET,8204,2024-01-09,12,0.0010194450287266726
raw,NET,8204,2024-01-09,13,0.0009892524099707055
raw,NET,8204,2024-01-09,14,0.0011085126073855603
raw,NET,8204,2024-01-09,15,0.001145578649968695
raw,NET,8204,2024-01-09,16,0.0014178384996440302
raw,NET,8204,2024-01-09,17,0.0015436111206515878
raw,NET,8204,2024-01-09,18,0.001691018271782196
raw,NET,8204,2024-01-09,19,0.0016532257634546195
raw,NET,8204,2024-01-09,20,0.00176808414108646
raw,NET,8204,2024-01-09,21,0.001861313364691556
raw,NET,8204,2024-01-09,22,0.0021016645854523277
raw,NET,8204,2024-01-09,23,0.0021366452428245994
raw,NET,8204,2024-01-09,24,0.002282458355194695
raw,NET,8204,2024-01-12,1,0.00023698950668847747
raw,NET,8204,2024-01-12,2,0.000229186825427244
raw,NET,8204,2024-01-12,3,0.00035967569784759666
raw,NET,8204,2024-01-12,4,0.0004079919154206808
raw,NET,8204,2024-01-12,5,0.0004669852174362524
raw,NET,8204,2024-01-12,6,0.00044478350864907357
raw,NET,8204,2024-01-12,7,0.00046445407833831955
raw,NET,8204,2024-01-12,8,0.000497687001198825
raw,NET,8204,2024-01-12,9,0.0005272390360319939
raw,NET,8204,2024-01-12,10,0.0005826468978203624
raw,NET,8204,2024-01-12,11,0.0005767757515696297
raw,NET,8204,2024-01-12,12,0.0005670809024319734
raw,NET,8204,2024-01-12,13,0.0005598809220264516
raw,NET,8204,2024-01-12,14,0.0005985022686588479
raw,NET,8204,2024-01-12,15,0.0006122502164207845
raw,NET,8204,2024-01-12,16,0.0006406313441265344
raw,NET,8204,2024-01-12,17,0.0006047988769354815
raw,NET,8204,2024-01-12,18,0.0006169404995994888
raw,NET,8204,2024-01-12,19,0.0006271921827791731
raw,NET,8204,2024-01-12,20,0.0006703491038787712
raw,NET,8204,2024-01-12,21,0.0007183932385947682
raw,NET,8204,2024-01-12,22,0.0008008360044535946
raw,NET,8204,2024-01-12,23,0.0008359915643689118
raw,NET,8204,2024-01-12,24,0.0008490270099143113
raw,NET,8204,2024-05-08,1,0.0002388388574092703
raw,NET,8204,2024-05-08,2,0.00020240202237344136
raw,NET,8204,2024-05-08,3,0.0002784874889815811
raw,NET,8204,2024-05-08,4,0.0002794947359361738
raw,NET,8204,2024-05-08,5,0.0002756306459950605
raw,NET,8204,2024-05-08,6,0.00031152378405394386
raw,NET,8204,2024-05-08,7,0.0003635514428614442
raw,NET,8204,2024-05-08,8,0.00029674767629338467
raw,NET,8204,2024-05-08,9,0.0003329189313003039
raw,NET,8204,2024-05-08,10,0.0003098745903482406
raw,NET,8204,2024-05-08,11,0.00029862298519248723
raw,NET,8204,2024-05-08,12,0.00032446783653224977
raw,NET,8204,2024-05-08,13,0.00039191049472273113
raw,NET,8204,2024-05-08,14,0.00032458243688504725
raw,NET,8204,2024-05-08,15,0.0003500018456324217
raw,NET,8204,2024-05-08,16,0.0003393755133702599
raw,NET,8204,2024-05-08,17,0.0003527982025840104
raw,NET,8204,2024-05-08,18,0.00041274133634994876
raw,NET,8204,2024-05-08,19,0.0004873643432483168
raw,NET,8204,2024-05-08,20,0.0004394840048002221
raw,NET,8204,2024-05-08,21,0.00045693821255402266
raw,NET,8204,2024-05-08,22,0.0004450566049875283
raw,NET,8204,2024-05-08,23,0.0004247617484037392
raw,NET,8204,2024-05-08,24,0.0004887483291580233
raw,NET,8204,2024-05-26,1,0.000551620032840392
raw,NET,8204,2024-05-26,2,0.001085811780224886
raw,NET,8204,2024-05-26,3,0.0015805070943853837
raw,NET,8204,2024-05-26,4,0.0020495514740581735
raw,NET,8204,2024-05-26,5,0.0024524941892794094
raw,NET,8204,2024-05-26,6,0.002587379326989104
raw,NET,8204,2024-05-26,7,0.0026468136341937175
raw,NET,8204,2024-05-26,8,0.0028503228720814793
raw,NET,8204,2024-05-26,9,0.0030163285373177393
raw,NET,8204,2024-05-26,10,0.0033402579673930347
raw,NET,8204,2024-05-26,11,0.003604234077586435
raw,NET,8204,2024-05-26,12,0.003599776036307035
raw,NET,8204,2024-05-26,13,0.003603112021657896
raw,NET,8204,2024-05-26,14,0.0037272946317284264
raw,NET,8204,2024-05-26,15,0.0038786864947183905
raw,NET,8204,2024-05-26,16,0.00418801589878019
raw,NET,8204,2024-05-26,17,0.0044429018606446215
raw,NET,8204,2024-05-26,18,0.004511052576127747
raw,NET,8204,2024-05-26,19,0.00448967860279363
raw,NET,8204,2024-05-26,20,0.0045266965224911165
raw,NET,8204,2024-05-26,21,0.004685676705520814
raw,NET,8204,2024-05-26,22,0.004981666576814298
raw,NET,8204,2024-05-26,23,0.005238095336785277
raw,NET,8204,2024-05-26,24,0.005292881515594262
raw,NET,8204,2024-06-26,1,0.00022711366056090194
raw,NET,8204,2024-06-26,2,0.00016362729012376966
raw,NET,8204,2024-06-26,3,0.00023892793905723708
raw,NET,8204,2024-06-26,4,0.00021054608244462514
raw,NET,8204,2024-06-26,5,0.00030977030254459784
raw,NET,8204,2024-06-26,6,0.0003816202691085063
raw,NET,8204,2024-06-26,7,0.0003107795028339741
raw,NET,8204,2024-06-26,8,0.00031866195814112084
raw,NET,8204,2024-06-26,9,0.00035766609587909847
raw,NET,8204,2024-06-26,10,0.00033988776674454945
raw,NET,8204,2024-06-26,11,0.0003802784791825132
raw,NET,8204,2024-06-26,12,0.00048345601794680404
raw,NET,8204,2024-06-26,13,0.00039619457236934256
raw,NET,8204,2024-06-26,14,0.00041273172237098904
raw,NET,8204,2024-06-26,15,0.00044320864523225034
raw,NET,8204,2024-06-26,16,0.0004332054266358973
raw,NET,8204,2024-06-26,17,0.00048154623859480083
raw,NET,8204,2024-06-26,18,0.0006223783645904591
raw,NET,8204,2024-06-26,19,0.0005523026436459609
raw,NET,8204,2024-06-26,20,0.0005810926119019649
raw,NET,8204,2024-06-26,21,0.000602391638332934
raw,NET,8204,2024-06-26,22,0.0005965073144675602
raw,NET,8204,2024-06-26,23,0.0006424120429841272
raw,NET,8204,2024-06-26,24,0.000736487593768202
raw,NET,8204,2024-09-27,1,0.0008025924589694084
raw,NET,8204,2024-09-27,2,0.0018158428940293855
raw,NET,8204,2024-09-27,3,0.002932872793926106
raw,NET,8204,2024-09-27,4,0.003962221880634435
raw,NET,8204,2024-09-27,5,0.005240532614863212
raw,NET,8204,2024-09-27,6,0.005779659837353997
raw,NET,8204,2024-09-27,7,0.006323586299345711
raw,NET,8204,2024-09-27,8,0.006797058243779966
raw,NET,8204,2024-09-27,9,0.007317952267099527
raw,NET,8204,2024-09-27,10,0.007762526673248656
raw,NET,8204,2024-09-27,11,0.00837622510474059
raw,NET,8204,2024-09-27,12,0.00851823662420607
raw,NET,8204,2024-09-27,13,0.008727322991806357
raw,NET,8204,2024-09-27,14,0.00883342034517214
raw,NET,8204,2024-09-27,15,0.009371930907021217
raw,NET,8204,2024-09-27,16,0.009770810219065219
raw,NET,8204,2024-09-27,17,0.010782368374046902
raw,NET,8204,2024-09-27,18,0.011059333817533273
raw,NET,8204,2024-09-27,19,0.011316474507578205
raw,NET,8204,2024-09-27,20,0.011590075235005623
raw,NET,8204,2024-09-27,21,0.012442416176068385
raw,NET,8204,2024-09-27,22,0.01284268033413291
raw,NET,8204,2024-09-27,23,0.013970848129888537
raw,NET,8204,2024-09-27,24,0.014416505596447204
raw,NET,8205,2024-01-09,1,0.0003068534574849499
raw,NET,8205,2024-01-09,2,0.00032830937974827443
raw,NET,8205,2024-01-09,3,0.00042629260564884243
raw,NET,8205,2024-01-09,4,0.0005615446489887345
raw,NET,8205,2024-01-09,5,0.0006099913101011764
raw,NET,8205,2024-01-09,6,0.0006089305985851367
raw,NET,8205,2024-01-09,7,0.0005621788490975089
raw,NET,8205,2024-01-09,8,0.0005733368958237054
raw,NET,8205,2024-01-09,9,0.0005610012464110756
raw,NET,8205,2024-01-09,10,0.0006929537262640014
raw,NET,8205,2024-01-09,11,0.0007160415435754771
raw,NET,8205,2024-01-09,12,0.0007457995122478999
raw,NET,8205,2024-01-09,13,0.0006940178437372862
raw,NET,8205,2024-01-09,14,0.0007828160689997353
raw,NET,8205,2024-01-09,15,0.0007460124852496882
raw,NET,8205,2024-01-09,16,0.0009124459598093218
raw,NET,8205,2024-01-09,17,0.0009433854586218966
raw,NET,8205,2024-01-09,18,0.0009844780553011545
raw,NET,8205,2024-01-09,19,0.0009153282948020809
raw,NET,8205,2024-01-09,20,0.0009184665768084562
raw,NET,8205,2024-01-09,21,0.0008655493693477956
raw,NET,8205,2024-01-09,22,0.001052762264668646
raw,NET,8205,2024-01-09,23,0.0010003110685247603
raw,NET,8205,2024-01-09,24,0.001030515943146512
raw,NET,8205,2024-01-12,1,0.0003010685517249548
raw,NET,8205,2024-01-12,2,0.00022620242345165512
raw,NET,8205,2024-01-12,3,0.0004218879448849396
raw,NET,8205,2024-01-12,4,0.0004059420406219515
raw,NET,8205,2024-01-12,5,0.0004897151528955679
raw,NET,8205,2024-01-12,6,0.00041850840774447376
raw,NET,8205,2024-01-12,7,0.00046335920038057584
raw,NET,8205,2024-01-12,8,0.00046225936469002245
raw,NET,8205,2024-01-12,9,0.0005146585609085653
raw,NET,8205,2024-01-12,10,0.0005348997794858616
raw,NET,8205,2024-01-12,11,0.0005362690402930726
raw,NET,8205,2024-01-12,12,0.0005004187604434175
raw,NET,8205,2024-01-12,13,0.0005138540784335642
raw,NET,8205,2024-01-12,14,0.0005456145923829193
raw,NET,8205,2024-01-12,15,0.0005708457534084673
raw,NET,8205,2024-01-12,16,0.0005965628983307343
raw,NET,8205,2024-01-12,17,0.0005739020601959707
raw,NET,8205,2024-01-12,18,0.000569374418333253
raw,NET,8205,2024-01-12,19,0.0005852551704537765
raw,NET,8205,2024-01-12,20,0.0006172730142126712
raw,NET,8205,2024-01-12,21,0.0006311650869973876
raw,NET,8205,2024-01-12,22,0.0006751365079127971
raw,NET,8205,2024-01-12,23,0.0006548398404989457
raw,NET,8205,2024-01-12,24,0.0006416861064692276
raw,NET,8205,2024-05-08,1,0.0002685207693027714
raw,NET,8205,2024-05-08,2,0.00018690844315346678
raw,NET,8205,2024-05-08,3,0.00023960942936549436
raw,NET,8205,2024-05-08,4,0.00022530515134927247
raw,NET,8205,2024-05-08,5,0.00021114519026857912
raw,NET,8205,2024-05-08,6,0.00023876401922859003
raw,NET,8205,2024-05-08,7,0.00029436388118039933
raw,NET,8205,2024-05-08,8,0.0002391859860401764
raw,NET,8205,2024-05-08,9,0.0002493160150261423
raw,NET,8205,2024-05-08,10,0.0002421642050496953
raw,NET,8205,2024-05-08,11,0.0002098113527972959
raw,NET,8205,2024-05-08,12,0.0002272327675560282
raw,NET,8205,2024-05-08,13,0.00028573874194844654
raw,NET,8205,2024-05-08,14,0.00023748653799699976
raw,NET,8205,2024-05-08,15,0.0002522114045778943
raw,NET,8205,2024-05-08,16,0.00023598659338081845
raw,NET,8205,2024-05-08,17,0.00021401716170683813
raw,NET,8205,2024-05-08,18,0.0002538891313888228
raw,NET,8205,2024-05-08,19,0.0003224997624774523
raw,NET,8205,2024-05-08,20,0.00027295614890146633
raw,NET,8205,2024-05-08,21,0.00029223853540855023
raw,NET,8205,2024-05-08,22,0.0002798170920228462
raw,NET,8205,2024-05-08,23,0.000265657555704995
raw,NET,8205,2024-05-08,24,0.0003006632714573669
raw,NET,8205,2024-05-26,1,0.000566603962756927
raw,NET,8205,2024-05-26,2,0.001071947125757096
raw,NET,8205,2024-05-26,3,0.0015592596479585606
raw,NET,8205,2024-05-26,4,0.0020244153761891557
raw,NET,8205,2024-05-26,5,0.002386341183839062
raw,NET,8205,2024-05-26,6,0.002506436644892025
raw,NET,8205,2024-05-26,7,0.0025271857120127447
raw,NET,8205,2024-05-26,8,0.002768442089560881
raw,NET,8205,2024-05-26,9,0.00292873185530723
raw,NET,8205,2024-05-26,10,0.003230831378020129
raw,NET,8205,2024-05-26,11,0.0034676615487734008
raw,NET,8205,2024-05-26,12,0.0034702651481121334
raw,NET,8205,2024-05-26,13,0.0034162707867892114
raw,NET,8205,2024-05-26,14,0.0035665598566319385
raw,NET,8205,2024-05-26,15,0.0037132386037538774
raw,NET,8205,2024-05-26,16,0.004027037138294696
raw,NET,8205,2024-05-26,17,0.004253614174668992
raw,NET,8205,2024-05-26,18,0.004251176247948861
raw,NET,8205,2024-05-26,19,0.0041521676836043875
raw,NET,8205,2024-05-26,20,0.00415613312726612
raw,NET,8205,2024-05-26,21,0.004267330921707036
raw,NET,8205,2024-05-26,22,0.004555845586141904
raw,NET,8205,2024-05-26,23,0.004766153984714439
raw,NET,8205,2024-05-26,24,0.004757677564125806
raw,NET,8205,2024-06-26,1,0.00021932780353245486
raw,NET,8205,2024-06-26,2,0.00015861345832404782
raw,NET,8205,2024-06-26,3,0.00017878211221803168
raw,NET,8205,2024-06-26,4,0.00019134873434978263
raw,NET,8205,2024-06-26,5,0.00030392535406226397
raw,NET,8205,2024-06-26,6,0.0003683100117182361
raw,NET,8205,2024-06-26,7,0.0002860400761775723
raw,NET,8205,2024-06-26,8,0.0003078441450896528
raw,NET,8205,2024-06-26,9,0.00032752952394275584
raw,NET,8205,2024-06-26,10,0.00032538249865977784
raw,NET,8205,2024-06-26,11,0.00033874335650916986
raw,NET,8205,2024-06-26,12,0.00041453506529334246
raw,NET,8205,2024-06-26,13,0.0003206891442904747
raw,NET,8205,2024-06-26,14,0.000336530694959058
raw,NET,8205,2024-06-26,15,0.0003528680126650472
raw,NET,8205,2024-06-26,16,0.0003395126909614566
raw,NET,8205,2024-06-26,17,0.0003463144906357905
raw,NET,8205,2024-06-26,18,0.0004338018731567305
raw,NET,8205,2024-06-26,19,0.00034195171198403115
raw,NET,8205,2024-06-26,20,0.0003608304237406222
raw,NET,8205,2024-06-26,21,0.0003794442881484839
raw,NET,8205,2024-06-26,22,0.0003690451550899521
raw,NET,8205,2024-06-26,23,0.00037599480505784514
raw,NET,8205,2024-06-26,24,0.0004786925685972464
raw,NET,8205,2024-09-27,1,0.0008746714186353483
raw,NET,8205,2024-09-27,2,0.001956035033143745
raw,NET,8205,2024-09-27,3,0.0033842395266706635
raw,NET,8205,2024-09-27,4,0.0044753352567165165
raw,NET,8205,2024-09-27,5,0.005937838877476974
raw,NET,8205,2024-09-27,6,0.006626102772518892
raw,NET,8205,2024-09-27,7,0.007308292144389472
raw,NET,8205,2024-09-27,8,0.008080672745646757
raw,NET,8205,2024-09-27,9,0.008974117313606684
raw,NET,8205,2024-09-27,10,0.00945404091639969
raw,NET,8205,2024-09-27,11,0.009942547982261709
raw,NET,8205,2024-09-27,12,0.010266362794893177
raw,NET,8205,2024-09-27,13,0.01051497095868039
raw,NET,8205,2024-09-27,14,0.010823448054846559
raw,NET,8205,2024-09-27,15,0.011655180830050628
raw,NET,8205,2024-09-27,16,0.012017165055765167
raw,NET,8205,2024-09-27,17,0.012859027155715361
raw,NET,8205,2024-09-27,18,0.013080351378964019
raw,NET,8205,2024-09-27,19,0.013170831689674022
raw,NET,8205,2024-09-27,20,0.013450039917656935
raw,NET,8205,2024-09-27,21,0.014476692065225845
raw,NET,8205,2024-09-27,22,0.014872063805831039
raw,NET,8205,2024-09-27,23,0.015788088152061203
raw,NET,8205,2024-09-27,24,0.016294163463233893
raw,ASYM,8201,2024-01-09,1,0.00011632174703166064
raw,ASYM,8201,2024-01-09,2,0.0002072567783886271
raw,ASYM,8201,2024-01-09,3,0.00025659661691859997
raw,ASYM,8201,2024-01-09,4,0.00045145342388859153
raw,ASYM,8201,2024-01-09,5,0.00046205370083120874
raw,ASYM,8201,2024-01-09,6,0.0005328073535388889
raw,ASYM,8201,2024-01-09,7,0.00047676223196498394
raw,ASYM,8201,2024-01-09,8,0.0005410303093996875
raw,ASYM,8201,2024-01-09,9,0.0005355426458022454
raw,ASYM,8201,2024-01-09,10,0.000720978155802348
raw,ASYM,8201,2024-01-09,11,0.0007381442006021327
raw,ASYM,8201,2024-01-09,12,0.0007737345594113492
raw,ASYM,8201,2024-01-09,13,0.0007142078865114929
raw,ASYM,8201,2024-01-09,14,0.000811248197823518
raw,ASYM,8201,2024-01-09,15,0.0007939065388466289
raw,ASYM,8201,2024-01-09,16,0.0009975912399233264
raw,ASYM,8201,2024-01-09,17,0.0010041821960367467
raw,ASYM,8201,2024-01-09,18,0.0010401895327728143
raw,ASYM,8201,2024-01-09,19,0.000961438156302458
raw,ASYM,8201,2024-01-09,20,0.0009965287660302158
raw,ASYM,8201,2024-01-09,21,0.0009555550789686744
raw,ASYM,8201,2024-01-09,22,0.001148196558023377
raw,ASYM,8201,2024-01-09,23,0.001075777528445737
raw,ASYM,8201,2024-01-09,24,0.0011073212451525344
raw,ASYM,8201,2024-01-12,1,5.023101557098674e-05
raw,ASYM,8201,2024-01-12,2,0.00011183145405918013
raw,ASYM,8201,2024-01-12,3,0.00016758164602601343
raw,ASYM,8201,2024-01-12,4,0.00023857826702422666
raw,ASYM,8201,2024-01-12,5,0.0002643744452161589
raw,ASYM,8201,2024-01-12,6,0.00027085338582138855
raw,ASYM,8201,2024-01-12,7,0.0002718176204077228
raw,ASYM,8201,2024-01-12,8,0.0003293575708871323
raw,ASYM,8201,2024-01-12,9,0.00035819139439998197
raw,ASYM,8201,2024-01-12,10,0.0004177371164910512
raw,ASYM,8201,2024-01-12,11,0.00041458537784012765
raw,ASYM,8201,2024-01-12,12,0.00041336657128276244
raw,ASYM,8201,2024-01-12,13,0.00039729644875326057
raw,ASYM,8201,2024-01-12,14,0.0004574588666353716
raw,ASYM,8201,2024-01-12,15,0.00047309467630387837
raw,ASYM,8201,2024-01-12,16,0.0005380588725101146
raw,ASYM,8201,2024-01-12,17,0.0004983130072317734
raw,ASYM,8201,2024-01-12,18,0.0004944891268346837
raw,ASYM,8201,2024-01-12,19,0.000498606646207878
raw,ASYM,8201,2024-01-12,20,0.0005349319597871706
raw,ASYM,8201,2024-01-12,21,0.0005410729182467888
raw,ASYM,8201,2024-01-12,22,0.0006066628263259886
raw,ASYM,8201,2024-01-12,23,0.0005840661502964802
raw,ASYM,8201,2024-01-12,24,0.000574755194892049
raw,ASYM,8201,2024-05-08,1,0.00010978253115216826
raw,ASYM,8201,2024-05-08,2,0.0001298401632868132
raw,ASYM,8201,2024-05-08,3,0.00015688330595948935
raw,ASYM,8201,2024-05-08,4,0.00016805569996610953
raw,ASYM,8201,2024-05-08,5,0.00014937503832694506
raw,ASYM,8201,2024-05-08,6,0.00018931206378756596
raw,ASYM,8201,2024-05-08,7,0.00024867583000985215
raw,ASYM,8201,2024-05-08,8,0.00020360703296519017
raw,ASYM,8201,2024-05-08,9,0.00021920711006925454
raw,ASYM,8201,2024-05-08,10,0.00021798683491875366
raw,ASYM,8201,2024-05-08,11,0.00019597350211760387
raw,ASYM,8201,2024-05-08,12,0.00023139547506183738
raw,ASYM,8201,2024-05-08,13,0.0002962051800710574
raw,ASYM,8201,2024-05-08,14,0.0002496303854568562
raw,ASYM,8201,2024-05-08,15,0.0002726166673362411
raw,ASYM,8201,2024-05-08,16,0.00026227196532597493
raw,ASYM,8201,2024-05-08,17,0.0002468343683484252
raw,ASYM,8201,2024-05-08,18,0.0002875687494094036
raw,ASYM,8201,2024-05-08,19,0.0003529904161616937
raw,ASYM,8201,2024-05-08,20,0.00030894771624594543
raw,ASYM,8201,2024-05-08,21,0.000324796066530768
raw,ASYM,8201,2024-05-08,22,0.000309675094024568
raw,ASYM,8201,2024-05-08,23,0.0002840998401135979
raw,ASYM,8201,2024-05-08,24,0.00031316582547425326
raw,ASYM,8201,2024-05-26,1,0.0003150757945176461
raw,ASYM,8201,2024-05-26,2,0.0007690400791135252
raw,ASYM,8201,2024-05-26,3,0.0011548878890913405
raw,ASYM,8201,2024-05-26,4,0.0015707562729692472
raw,ASYM,8201,2024-05-26,5,0.0018950003691267999
raw,ASYM,8201,2024-05-26,6,0.0019723919118807996
raw,ASYM,8201,2024-05-26,7,0.00204197438163466
raw,ASYM,8201,2024-05-26,8,0.0023919540237418865
raw,ASYM,8201,2024-05-26,9,0.0026156337848422875
raw,ASYM,8201,2024-05-26,10,0.0029446596962903015
raw,ASYM,8201,2024-05-26,11,0.003209844462723312
raw,ASYM,8201,2024-05-26,12,0.00320615067201159
raw,ASYM,8201,2024-05-26,13,0.0032215220948072806
raw,ASYM,8201,2024-05-26,14,0.0034739250428155416
raw,ASYM,8201,2024-05-26,15,0.0036498334752521648
raw,ASYM,8201,2024-05-26,16,0.003981148757657355
raw,ASYM,8201,2024-05-26,17,0.004234106763037563
raw,ASYM,8201,2024-05-26,18,0.0042693571104902815
raw,ASYM,8201,2024-05-26,19,0.004258582823387489
raw,ASYM,8201,2024-05-26,20,0.004341547902052854
raw,ASYM,8201,2024-05-26,21,0.004529130711118562
raw,ASYM,8201,2024-05-26,22,0.0048611683588911615
raw,ASYM,8201,2024-05-26,23,0.005082830741373208
raw,ASYM,8201,2024-05-26,24,0.005095966891493427
raw,ASYM,8201,2024-06-26,1,8.59463840534597e-05
raw,ASYM,8201,2024-06-26,2,0.00010930340853809195
raw,ASYM,8201,2024-06-26,3,7.851879113306261e-05
raw,ASYM,8201,2024-06-26,4,0.00010915236000623129
raw,ASYM,8201,2024-06-26,5,0.00022863956437854253
raw,ASYM,8201,2024-06-26,6,0.0002869276289682436
raw,ASYM,8201,2024-06-26,7,0.0002057297270016361
raw,ASYM,8201,2024-06-26,8,0.00023987331000726035
raw,ASYM,8201,2024-06-26,9,0.0002657546503703231
raw,ASYM,8201,2024-06-26,10,0.00027405614239815637
raw,ASYM,8201,2024-06-26,11,0.00028600795686769387
raw,ASYM,8201,2024-06-26,12,0.00037846636809611396
raw,ASYM,8201,2024-06-26,13,0.00027915371544070936
raw,ASYM,8201,2024-06-26,14,0.00029901705571402297
raw,ASYM,8201,2024-06-26,15,0.0003232335533087542
raw,ASYM,8201,2024-06-26,16,0.0003041974745919096
raw,ASYM,8201,2024-06-26,17,0.0003076860170707655
raw,ASYM,8201,2024-06-26,18,0.00041119540919087145
raw,ASYM,8201,2024-06-26,19,0.00031315895978588
raw,ASYM,8201,2024-06-26,20,0.00032955049046544377
raw,ASYM,8201,2024-06-26,21,0.0003468920402321704
raw,ASYM,8201,2024-06-26,22,0.0003295976263567192
raw,ASYM,8201,2024-06-26,23,0.00032683076794459844
raw,ASYM,8201,2024-06-26,24,0.0004276219656615455
raw,ASYM,8201,2024-09-27,1,0.0004122540634396752
raw,ASYM,8201,2024-09-27,2,0.001109202874463309
raw,ASYM,8201,2024-09-27,3,0.0016964708549820524
raw,ASYM,8201,2024-09-27,4,0.0022966100734677338
raw,ASYM,8201,2024-09-27,5,0.0033238106009904666
raw,ASYM,8201,2024-09-27,6,0.0037089483117079864
raw,ASYM,8201,2024-09-27,7,0.004136268605101683
raw,ASYM,8201,2024-09-27,8,0.004575636732278058
raw,ASYM,8201,2024-09-27,9,0.00514025000363642
raw,ASYM,8201,2024-09-27,10,0.0053091604702425865
raw,ASYM,8201,2024-09-27,11,0.005802183765795693
raw,ASYM,8201,2024-09-27,12,0.00612467560769975
raw,ASYM,8201,2024-09-27,13,0.0065197951119262505
raw,ASYM,8201,2024-09-27,14,0.006893758093352761
raw,ASYM,8201,2024-09-27,15,0.007480497916267267
raw,ASYM,8201,2024-09-27,16,0.007807673544720132
raw,ASYM,8201,2024-09-27,17,0.00854884190555175
raw,ASYM,8201,2024-09-27,18,0.009015629358994205
raw,ASYM,8201,2024-09-27,19,0.009272545050188229
raw,ASYM,8201,2024-09-27,20,0.009680349625804302
raw,ASYM,8201,2024-09-27,21,0.010348476939440352
raw,ASYM,8201,2024-09-27,22,0.010737012586933894
raw,ASYM,8201,2024-09-27,23,0.011592052406561384
raw,ASYM,8201,2024-09-27,24,0.012058288099191657
raw,ASYM,8202,2024-01-09,1,0.0001234359045327181
raw,ASYM,8202,2024-01-09,2,0.0002223497132310368
raw,ASYM,8202,2024-01-09,3,0.000274791920469234
raw,ASYM,8202,2024-01-09,4,0.0004545205958224365
raw,ASYM,8202,2024-01-09,5,0.00047811250518772595
raw,ASYM,8202,2024-01-09,6,0.0005318868237425793
raw,ASYM,8202,2024-01-09,7,0.0005022060334018044
raw,ASYM,8202,2024-01-09,8,0.0005732275373949369
raw,ASYM,8202,2024-01-09,9,0.0005674514346832855
raw,ASYM,8202,2024-01-09,10,0.0007572473282536893
raw,ASYM,8202,2024-01-09,11,0.0007872412465597629
raw,ASYM,8202,2024-01-09,12,0.0008238218629327795
raw,ASYM,8202,2024-01-09,13,0.0007662170955586217
raw,ASYM,8202,2024-01-09,14,0.0008879752577153963
raw,ASYM,8202,2024-01-09,15,0.0008708832315152642
raw,ASYM,8202,2024-01-09,16,0.001080112079338332
raw,ASYM,8202,2024-01-09,17,0.0010925767368164295
raw,ASYM,8202,2024-01-09,18,0.0011329227802114761
raw,ASYM,8202,2024-01-09,19,0.0010528143939260363
raw,ASYM,8202,2024-01-09,20,0.0011002466952787426
raw,ASYM,8202,2024-01-09,21,0.0010649413448049895
raw,ASYM,8202,2024-01-09,22,0.0012581544031493837
raw,ASYM,8202,2024-01-09,23,0.0011726773139370775
raw,ASYM,8202,2024-01-09,24,0.0012011362337949263
raw,ASYM,8202,2024-01-12,1,5.294269760978989e-05
raw,ASYM,8202,2024-01-12,2,0.00012678397186207811
raw,ASYM,8202,2024-01-12,3,0.0001941722959267129
raw,ASYM,8202,2024-01-12,4,0.0002882865334990762
raw,ASYM,8202,2024-01-12,5,0.00030116487355051744
raw,ASYM,8202,2024-01-12,6,0.0003242232741079307
raw,ASYM,8202,2024-01-12,7,0.0003337789385077743
raw,ASYM,8202,2024-01-12,8,0.0004128417722535295
raw,ASYM,8202,2024-01-12,9,0.000448224484400954
raw,ASYM,8202,2024-01-12,10,0.0005211108266132386
raw,ASYM,8202,2024-01-12,11,0.00047563638651955994
raw,ASYM,8202,2024-01-12,12,0.00048274093742373624
raw,ASYM,8202,2024-01-12,13,0.000462136073541901
raw,ASYM,8202,2024-01-12,14,0.0005328344888236412
raw,ASYM,8202,2024-01-12,15,0.000547971706426778
raw,ASYM,8202,2024-01-12,16,0.0006120915434075434
raw,ASYM,8202,2024-01-12,17,0.000544870595557539
raw,ASYM,8202,2024-01-12,18,0.0005391813321676536
raw,ASYM,8202,2024-01-12,19,0.0005334515466604149
raw,ASYM,8202,2024-01-12,20,0.0005679428937448254
raw,ASYM,8202,2024-01-12,21,0.0005699000849874725
raw,ASYM,8202,2024-01-12,22,0.0006347355313367505
raw,ASYM,8202,2024-01-12,23,0.0006132304187764287
raw,ASYM,8202,2024-01-12,24,0.0005956450394792121
raw,ASYM,8202,2024-05-08,1,0.0001118269637276135
raw,ASYM,8202,2024-05-08,2,0.0001304255580209214
raw,ASYM,8202,2024-05-08,3,0.00016142937231931648
raw,ASYM,8202,2024-05-08,4,0.00017211650658020022
raw,ASYM,8202,2024-05-08,5,0.00015763960521541132
raw,ASYM,8202,2024-05-08,6,0.00020017956753221375
raw,ASYM,8202,2024-05-08,7,0.0002625755937477909
raw,ASYM,8202,2024-05-08,8,0.00021981395892323874
raw,ASYM,8202,2024-05-08,9,0.00023979717426897318
raw,ASYM,8202,2024-05-08,10,0.00023785585644379314
raw,ASYM,8202,2024-05-08,11,0.00021871664863648395
raw,ASYM,8202,2024-05-08,12,0.000257409305212368
raw,ASYM,8202,2024-05-08,13,0.0003222931034620842
raw,ASYM,8202,2024-05-08,14,0.00027682314977953414
raw,ASYM,8202,2024-05-08,15,0.00030020139272522316
raw,ASYM,8202,2024-05-08,16,0.0002883724151361801
raw,ASYM,8202,2024-05-08,17,0.0002733006567414777
raw,ASYM,8202,2024-05-08,18,0.00031291891080305724
raw,ASYM,8202,2024-05-08,19,0.0003734436355871478
raw,ASYM,8202,2024-05-08,20,0.0003266286196488324
raw,ASYM,8202,2024-05-08,21,0.0003441184042751467
raw,ASYM,8202,2024-05-08,22,0.00032910611598833213
raw,ASYM,8202,2024-05-08,23,0.00030587503177159875
raw,ASYM,8202,2024-05-08,24,0.00033681165582749595
raw,ASYM,8202,2024-05-26,1,0.00035590474758034364
raw,ASYM,8202,2024-05-26,2,0.000891855009218538
raw,ASYM,8202,2024-05-26,3,0.001346835913445069
raw,ASYM,8202,2024-05-26,4,0.0018423931271189077
raw,ASYM,8202,2024-05-26,5,0.002235945017481483
raw,ASYM,8202,2024-05-26,6,0.0023703842891118917
raw,ASYM,8202,2024-05-26,7,0.0024543738623085645
raw,ASYM,8202,2024-05-26,8,0.0028042691511662057
raw,ASYM,8202,2024-05-26,9,0.003051458618931313
raw,ASYM,8202,2024-05-26,10,0.0034277365988702006
raw,ASYM,8202,2024-05-26,11,0.0037419176809588917
raw,ASYM,8202,2024-05-26,12,0.003817678830299555
raw,ASYM,8202,2024-05-26,13,0.0037950211068327896
raw,ASYM,8202,2024-05-26,14,0.003938410853095609
raw,ASYM,8202,2024-05-26,15,0.004091439596702588
raw,ASYM,8202,2024-05-26,16,0.004438023918072667
raw,ASYM,8202,2024-05-26,17,0.00468391888128429
raw,ASYM,8202,2024-05-26,18,0.004742322791208381
raw,ASYM,8202,2024-05-26,19,0.004699165983813793
raw,ASYM,8202,2024-05-26,20,0.004668517518546331
raw,ASYM,8202,2024-05-26,21,0.004809754444888464
raw,ASYM,8202,2024-05-26,22,0.005121244229267063
raw,ASYM,8202,2024-05-26,23,0.005323181535788577
raw,ASYM,8202,2024-05-26,24,0.005353669179728694
raw,ASYM,8202,2024-06-26,1,8.03723239209367e-05
raw,ASYM,8202,2024-06-26,2,0.00010019263829012952
raw,ASYM,8202,2024-06-26,3,8.117132568946876e-05
raw,ASYM,8202,2024-06-26,4,0.00010902131008575068
raw,ASYM,8202,2024-06-26,5,0.00021622930188909978
raw,ASYM,8202,2024-06-26,6,0.0002761249997704072
raw,ASYM,8202,2024-06-26,7,0.00019191998844282152
raw,ASYM,8202,2024-06-26,8,0.00022456969892126996
raw,ASYM,8202,2024-06-26,9,0.00025209615509892957
raw,ASYM,8202,2024-06-26,10,0.00025098236890556155
raw,ASYM,8202,2024-06-26,11,0.00026450062264126687
raw,ASYM,8202,2024-06-26,12,0.00035918717933166667
raw,ASYM,8202,2024-06-26,13,0.0002609977944403599
raw,ASYM,8202,2024-06-26,14,0.000283280919583582
raw,ASYM,8202,2024-06-26,15,0.0003076587046395394
raw,ASYM,8202,2024-06-26,16,0.0002937269991984326
raw,ASYM,8202,2024-06-26,17,0.00030032695680937783
raw,ASYM,8202,2024-06-26,18,0.00040367481888849404
raw,ASYM,8202,2024-06-26,19,0.0003039993932257229
raw,ASYM,8202,2024-06-26,20,0.00032389301269979023
raw,ASYM,8202,2024-06-26,21,0.0003430714548566144
raw,ASYM,8202,2024-06-26,22,0.00033054971799401913
raw,ASYM,8202,2024-06-26,23,0.00033764665064746
raw,ASYM,8202,2024-06-26,24,0.00044341066214867973
raw,ASYM,8202,2024-09-27,1,0.00044342101317502427
raw,ASYM,8202,2024-09-27,2,0.0012675106634114895
raw,ASYM,8202,2024-09-27,3,0.002164005230084449
raw,ASYM,8202,2024-09-27,4,0.0030721018973318658
raw,ASYM,8202,2024-09-27,5,0.004365503123033852
raw,ASYM,8202,2024-09-27,6,0.005105922135065849
raw,ASYM,8202,2024-09-27,7,0.005676763866077916
raw,ASYM,8202,2024-09-27,8,0.006433777541700281
raw,ASYM,8202,2024-09-27,9,0.007468771501513274
raw,ASYM,8202,2024-09-27,10,0.0080443461299156
raw,ASYM,8202,2024-09-27,11,0.008760439821107162
raw,ASYM,8202,2024-09-27,12,0.009351222466973595
raw,ASYM,8202,2024-09-27,13,0.00969812488582755
raw,ASYM,8202,2024-09-27,14,0.010134158964916415
raw,ASYM,8202,2024-09-27,15,0.0110186278658072
raw,ASYM,8202,2024-09-27,16,0.011366552647264602
raw,ASYM,8202,2024-09-27,17,0.01193409613253746
raw,ASYM,8202,2024-09-27,18,0.012507003802258183
raw,ASYM,8202,2024-09-27,19,0.012763021449207997
raw,ASYM,8202,2024-09-27,20,0.013178437283036458
raw,ASYM,8202,2024-09-27,21,0.014093509725620033
raw,ASYM,8202,2024-09-27,22,0.014581495840729642
raw,ASYM,8202,2024-09-27,23,0.01545362659046478
raw,ASYM,8202,2024-09-27,24,0.016029476668902237
raw,ASYM,8203,2024-01-09,1,0.00011535768452696746
raw,ASYM,8203,2024-01-09,2,0.00020793841382485734
raw,ASYM,8203,2024-01-09,3,0.0002637160553633077
raw,ASYM,8203,2024-01-09,4,0.00045905423242861425
raw,ASYM,8203,2024-01-09,5,0.00048279475198166236
raw,ASYM,8203,2024-01-09,6,0.0005583137174107606
raw,ASYM,8203,2024-01-09,7,0.000540340155941991
raw,ASYM,8203,2024-01-09,8,0.0006302066368291898
raw,ASYM,8203,2024-01-09,9,0.0006428953168115118
raw,ASYM,8203,2024-01-09,10,0.0008459885413332994
raw,ASYM,8203,2024-01-09,11,0.0008745377449447603
raw,ASYM,8203,2024-01-09,12,0.0009250295440646019
raw,ASYM,8203,2024-01-09,13,0.0008824275409995556
raw,ASYM,8203,2024-01-09,14,0.0010108505557036595
raw,ASYM,8203,2024-01-09,15,0.000999400009349422
raw,ASYM,8203,2024-01-09,16,0.0012115015672233395
raw,ASYM,8203,2024-01-09,17,0.0012309440558352903
raw,ASYM,8203,2024-01-09,18,0.0012749251030968764
raw,ASYM,8203,2024-01-09,19,0.0012030441364224986
raw,ASYM,8203,2024-01-09,20,0.001255313338400732
raw,ASYM,8203,2024-01-09,21,0.0012215625826170926
raw,ASYM,8203,2024-01-09,22,0.0014261715473384202
raw,ASYM,8203,2024-01-09,23,0.001368903807099584
raw,ASYM,8203,2024-01-09,24,0.0014052305521210064
raw,ASYM,8203,2024-01-12,1,4.975446428965554e-05
raw,ASYM,8203,2024-01-12,2,0.00011169088748758784
raw,ASYM,8203,2024-01-12,3,0.00017171287751020016
raw,ASYM,8203,2024-01-12,4,0.0002454356094557222
raw,ASYM,8203,2024-01-12,5,0.0002734825409499812
raw,ASYM,8203,2024-01-12,6,0.00028237576092698816
raw,ASYM,8203,2024-01-12,7,0.00028843618866805377
raw,ASYM,8203,2024-01-12,8,0.00034087041111333755
raw,ASYM,8203,2024-01-12,9,0.0003710002925329246
raw,ASYM,8203,2024-01-12,10,0.0004272304218970634
raw,ASYM,8203,2024-01-12,11,0.0004295141923888019
raw,ASYM,8203,2024-01-12,12,0.00043236420782275984
raw,ASYM,8203,2024-01-12,13,0.0004215812411681172
raw,ASYM,8203,2024-01-12,14,0.00047468841455046873
raw,ASYM,8203,2024-01-12,15,0.0004970533403401577
raw,ASYM,8203,2024-01-12,16,0.0005632158130113357
raw,ASYM,8203,2024-01-12,17,0.0005503807080480148
raw,ASYM,8203,2024-01-12,18,0.0005563844765418923
raw,ASYM,8203,2024-01-12,19,0.0005705363364369054
raw,ASYM,8203,2024-01-12,20,0.0005906150179990021
raw,ASYM,8203,2024-01-12,21,0.000604607222462745
raw,ASYM,8203,2024-01-12,22,0.00068113748588042
raw,ASYM,8203,2024-01-12,23,0.0006726694186607786
raw,ASYM,8203,2024-01-12,24,0.0006770949169334512
raw,ASYM,8203,2024-05-08,1,0.00011016679848024948
raw,ASYM,8203,2024-05-08,2,0.00012876293210663288
raw,ASYM,8203,2024-05-08,3,0.0001571580123241326
raw,ASYM,8203,2024-05-08,4,0.00016992889874386532
raw,ASYM,8203,2024-05-08,5,0.00015759432779420342
raw,ASYM,8203,2024-05-08,6,0.00019955655457352866
raw,ASYM,8203,2024-05-08,7,0.00027022782503870847
raw,ASYM,8203,2024-05-08,8,0.00022137943129789647
raw,ASYM,8203,2024-05-08,9,0.0002472323101193444
raw,ASYM,8203,2024-05-08,10,0.0002522106753384108
raw,ASYM,8203,2024-05-08,11,0.00024143279068440744
raw,ASYM,8203,2024-05-08,12,0.00028253453424545346
raw,ASYM,8203,2024-05-08,13,0.00035258551904664083
raw,ASYM,8203,2024-05-08,14,0.00031041957662858135
raw,ASYM,8203,2024-05-08,15,0.0003391540844169423
raw,ASYM,8203,2024-05-08,16,0.0003374277657621918
raw,ASYM,8203,2024-05-08,17,0.00032687526412964943
raw,ASYM,8203,2024-05-08,18,0.00037310400425288876
raw,ASYM,8203,2024-05-08,19,0.0004326561617877006
raw,ASYM,8203,2024-05-08,20,0.00038406905328123154
raw,ASYM,8203,2024-05-08,21,0.00039335166937068866
raw,ASYM,8203,2024-05-08,22,0.0003695222975271394
raw,ASYM,8203,2024-05-08,23,0.00033840876576227423
raw,ASYM,8203,2024-05-08,24,0.00036436370655996975
raw,ASYM,8203,2024-05-26,1,0.0003515760454751747
raw,ASYM,8203,2024-05-26,2,0.0008498592758915688
raw,ASYM,8203,2024-05-26,3,0.001258654744218133
raw,ASYM,8203,2024-05-26,4,0.0017011953828211031
raw,ASYM,8203,2024-05-26,5,0.002059888249055099
raw,ASYM,8203,2024-05-26,6,0.0021824404249188405
raw,ASYM,8203,2024-05-26,7,0.002267659458076343
raw,ASYM,8203,2024-05-26,8,0.0026227111632550508
raw,ASYM,8203,2024-05-26,9,0.0028359148312796095
raw,ASYM,8203,2024-05-26,10,0.0031731765779164003
raw,ASYM,8203,2024-05-26,11,0.003470770217927348
raw,ASYM,8203,2024-05-26,12,0.0035349152417109946
raw,ASYM,8203,2024-05-26,13,0.003525748198890753
raw,ASYM,8203,2024-05-26,14,0.003738303982246426
raw,ASYM,8203,2024-05-26,15,0.003905456161270931
raw,ASYM,8203,2024-05-26,16,0.004244756328482587
raw,ASYM,8203,2024-05-26,17,0.004493326997852319
raw,ASYM,8203,2024-05-26,18,0.004541468821207208
raw,ASYM,8203,2024-05-26,19,0.004513140627572644
raw,ASYM,8203,2024-05-26,20,0.004512346760865791
raw,ASYM,8203,2024-05-26,21,0.004656635762234121
raw,ASYM,8203,2024-05-26,22,0.004964842901539085
raw,ASYM,8203,2024-05-26,23,0.005178398112944442
raw,ASYM,8203,2024-05-26,24,0.005186241718143226
raw,ASYM,8203,2024-06-26,1,8.202692696941814e-05
raw,ASYM,8203,2024-06-26,2,0.00010366373401846657
raw,ASYM,8203,2024-06-26,3,7.257214629797692e-05
raw,ASYM,8203,2024-06-26,4,9.783616996275469e-05
raw,ASYM,8203,2024-06-26,5,0.0002081492341878778
raw,ASYM,8203,2024-06-26,6,0.0002598976168299991
raw,ASYM,8203,2024-06-26,7,0.00017600330688649575
raw,ASYM,8203,2024-06-26,8,0.00020727475649528156
raw,ASYM,8203,2024-06-26,9,0.00023115123260321465
raw,ASYM,8203,2024-06-26,10,0.00023221153907856514
raw,ASYM,8203,2024-06-26,11,0.00024673643172518317
raw,ASYM,8203,2024-06-26,12,0.00033656143578926186
raw,ASYM,8203,2024-06-26,13,0.00023905409283521488
raw,ASYM,8203,2024-06-26,14,0.0002610519637335701
raw,ASYM,8203,2024-06-26,15,0.0002853662102658853
raw,ASYM,8203,2024-06-26,16,0.0002699454208530866
raw,ASYM,8203,2024-06-26,17,0.0002778141343462346
raw,ASYM,8203,2024-06-26,18,0.0003774111141665502
raw,ASYM,8203,2024-06-26,19,0.0002785960026121714
raw,ASYM,8203,2024-06-26,20,0.000295122768210064
raw,ASYM,8203,2024-06-26,21,0.00031435820061030407
raw,ASYM,8203,2024-06-26,22,0.00029767525694487506
raw,ASYM,8203,2024-06-26,23,0.0003005978247347352
raw,ASYM,8203,2024-06-26,24,0.00040130984238095365
raw,ASYM,8203,2024-09-27,1,0.0004164811055711657
raw,ASYM,8203,2024-09-27,2,0.0011796518314998866
raw,ASYM,8203,2024-09-27,3,0.001956455510932112
raw,ASYM,8203,2024-09-27,4,0.002674029497490813
raw,ASYM,8203,2024-09-27,5,0.003761553456785207
raw,ASYM,8203,2024-09-27,6,0.004278422293379198
raw,ASYM,8203,2024-09-27,7,0.00470996590012523
raw,ASYM,8203,2024-09-27,8,0.005329789495530215
raw,ASYM,8203,2024-09-27,9,0.006187602551752916
raw,ASYM,8203,2024-09-27,10,0.0065907067743551625
raw,ASYM,8203,2024-09-27,11,0.007134012334204248
raw,ASYM,8203,2024-09-27,12,0.007638758348583673
raw,ASYM,8203,2024-09-27,13,0.007986485174568384
raw,ASYM,8203,2024-09-27,14,0.008437355777656034
raw,ASYM,8203,2024-09-27,15,0.009206011221900288
raw,ASYM,8203,2024-09-27,16,0.009700310197797558
raw,ASYM,8203,2024-09-27,17,0.010346193207871985
raw,ASYM,8203,2024-09-27,18,0.011054154592314042
raw,ASYM,8203,2024-09-27,19,0.011312670521999645
raw,ASYM,8203,2024-09-27,20,0.011759044133115463
raw,ASYM,8203,2024-09-27,21,0.012556557037410139
raw,ASYM,8203,2024-09-27,22,0.01307458564311951
raw,ASYM,8203,2024-09-27,23,0.013862056705414592
raw,ASYM,8203,2024-09-27,24,0.01448600796610978
raw,ASYM,8204,2024-01-09,1,0.00011737719899825769
raw,ASYM,8204,2024-01-09,2,0.00021253226424565759
raw,ASYM,8204,2024-01-09,3,0.00026939539724586974
raw,ASYM,8204,2024-01-09,4,0.00047340919102307897
raw,ASYM,8204,2024-01-09,5,0.0004935964230479079
raw,ASYM,8204,2024-01-09,6,0.0005601584323904773
raw,ASYM,8204,2024-01-09,7,0.0004998052084979711
raw,ASYM,8204,2024-01-09,8,0.0005655818550968808
raw,ASYM,8204,2024-01-09,9,0.0005647875401902996
raw,ASYM,8204,2024-01-09,10,0.0007524686482335783
raw,ASYM,8204,2024-01-09,11,0.0007679223469064293
raw,ASYM,8204,2024-01-09,12,0.0008045517289277139
raw,ASYM,8204,2024-01-09,13,0.0007475664090603152
raw,ASYM,8204,2024-01-09,14,0.0008718424826592579
raw,ASYM,8204,2024-01-09,15,0.0008539786938083373
raw,ASYM,8204,2024-01-09,16,0.0010547804876156956
raw,ASYM,8204,2024-01-09,17,0.0010722195995852292
raw,ASYM,8204,2024-01-09,18,0.001103482394310668
raw,ASYM,8204,2024-01-09,19,0.0010348333615024302
raw,ASYM,8204,2024-01-09,20,0.0010698763479661953
raw,ASYM,8204,2024-01-09,21,0.001034016680021002
raw,ASYM,8204,2024-01-09,22,0.0012276035025237625
raw,ASYM,8204,2024-01-09,23,0.0011684229913422046
raw,ASYM,8204,2024-01-09,24,0.001203198378188133
raw,ASYM,8204,2024-01-12,1,5.180301017450018e-05
raw,ASYM,8204,2024-01-12,2,0.00011549138180559476
raw,ASYM,8204,2024-01-12,3,0.00017948089475640052
raw,ASYM,8204,2024-01-12,4,0.0002592252865756281
raw,ASYM,8204,2024-01-12,5,0.00030143543073967387
raw,ASYM,8204,2024-01-12,6,0.00031600685716634053
raw,ASYM,8204,2024-01-12,7,0.0003342265160874052
raw,ASYM,8204,2024-01-12,8,0.00039622133274012206
raw,ASYM,8204,2024-01-12,9,0.0004346454220614053
raw,ASYM,8204,2024-01-12,10,0.0005066192883027865
raw,ASYM,8204,2024-01-12,11,0.0005328626353868446
raw,ASYM,8204,2024-01-12,12,0.0005428172037445704
raw,ASYM,8204,2024-01-12,13,0.0005408161767574957
raw,ASYM,8204,2024-01-12,14,0.0006146611682905483
raw,ASYM,8204,2024-01-12,15,0.0006510850805561763
raw,ASYM,8204,2024-01-12,16,0.0007338720799810445
raw,ASYM,8204,2024-01-12,17,0.0007383596669762929
raw,ASYM,8204,2024-01-12,18,0.0007462939908961371
raw,ASYM,8204,2024-01-12,19,0.0007744344718635123
raw,ASYM,8204,2024-01-12,20,0.0008293309923717653
raw,ASYM,8204,2024-01-12,21,0.0008565475010937954
raw,ASYM,8204,2024-01-12,22,0.0009511430512858199
raw,ASYM,8204,2024-01-12,23,0.0009526077080080083
raw,ASYM,8204,2024-01-12,24,0.000969079895267946
raw,ASYM,8204,2024-05-08,1,0.00011032468492080556
raw,ASYM,8204,2024-05-08,2,0.00013104461341870933
raw,ASYM,8204,2024-05-08,3,0.0001617640210268315
raw,ASYM,8204,2024-05-08,4,0.0001763325670680455
raw,ASYM,8204,2024-05-08,5,0.00016523829036952858
raw,ASYM,8204,2024-05-08,6,0.00021480369450640622
raw,ASYM,8204,2024-05-08,7,0.0002778997176105417
raw,ASYM,8204,2024-05-08,8,0.00022865155700014993
raw,ASYM,8204,2024-05-08,9,0.0002550259334172204
raw,ASYM,8204,2024-05-08,10,0.0002596070809200393
raw,ASYM,8204,2024-05-08,11,0.00024003727381581314
raw,ASYM,8204,2024-05-08,12,0.000283810211126486
raw,ASYM,8204,2024-05-08,13,0.00034436727879986746
raw,ASYM,8204,2024-05-08,14,0.00030168536589549863
raw,ASYM,8204,2024-05-08,15,0.00032732940782745134
raw,ASYM,8204,2024-05-08,16,0.00032262633071428415
raw,ASYM,8204,2024-05-08,17,0.0003046475597034484
raw,ASYM,8204,2024-05-08,18,0.00035215899316241167
raw,ASYM,8204,2024-05-08,19,0.0004094909396146962
raw,ASYM,8204,2024-05-08,20,0.0003640840935194514
raw,ASYM,8204,2024-05-08,21,0.00038009565920094914
raw,ASYM,8204,2024-05-08,22,0.00036487066209657423
raw,ASYM,8204,2024-05-08,23,0.00034027154266794477
raw,ASYM,8204,2024-05-08,24,0.0003674097056462293
raw,ASYM,8204,2024-05-26,1,0.00031557164408463107
raw,ASYM,8204,2024-05-26,2,0.0007716088557638754
raw,ASYM,8204,2024-05-26,3,0.0011611796164233434
raw,ASYM,8204,2024-05-26,4,0.0015743472792185298
raw,ASYM,8204,2024-05-26,5,0.0019092924355910185
raw,ASYM,8204,2024-05-26,6,0.0019884316272404425
raw,ASYM,8204,2024-05-26,7,0.002061499083199658
raw,ASYM,8204,2024-05-26,8,0.0024072742665165806
raw,ASYM,8204,2024-05-26,9,0.0026240662483858978
raw,ASYM,8204,2024-05-26,10,0.0029376165738217714
raw,ASYM,8204,2024-05-26,11,0.003190912306454536
raw,ASYM,8204,2024-05-26,12,0.0031582138242206128
raw,ASYM,8204,2024-05-26,13,0.0031724674102015815
raw,ASYM,8204,2024-05-26,14,0.0034184160298921015
raw,ASYM,8204,2024-05-26,15,0.0035897011181574147
raw,ASYM,8204,2024-05-26,16,0.003902316519439164
raw,ASYM,8204,2024-05-26,17,0.004156458881329246
raw,ASYM,8204,2024-05-26,18,0.004178454527366791
raw,ASYM,8204,2024-05-26,19,0.004143260963082392
raw,ASYM,8204,2024-05-26,20,0.0042427974504600325
raw,ASYM,8204,2024-05-26,21,0.004414115891481084
raw,ASYM,8204,2024-05-26,22,0.004730738889123067
raw,ASYM,8204,2024-05-26,23,0.004952102538895191
raw,ASYM,8204,2024-05-26,24,0.004943781409424419
raw,ASYM,8204,2024-06-26,1,9.130980184207001e-05
raw,ASYM,8204,2024-06-26,2,0.00011806904298748241
raw,ASYM,8204,2024-06-26,3,8.024084327556635e-05
raw,ASYM,8204,2024-06-26,4,0.00011242406880090248
raw,ASYM,8204,2024-06-26,5,0.0002454574961297604
raw,ASYM,8204,2024-06-26,6,0.0002794499167296652
raw,ASYM,8204,2024-06-26,7,0.0001977904975974835
raw,ASYM,8204,2024-06-26,8,0.00023152286387935028
raw,ASYM,8204,2024-06-26,9,0.0002554366255056164
raw,ASYM,8204,2024-06-26,10,0.00026310044837271916
raw,ASYM,8204,2024-06-26,11,0.0002774837911865222
raw,ASYM,8204,2024-06-26,12,0.00036475179316403935
raw,ASYM,8204,2024-06-26,13,0.00026534193905826533
raw,ASYM,8204,2024-06-26,14,0.00028653060907999907
raw,ASYM,8204,2024-06-26,15,0.0003106933613406563
raw,ASYM,8204,2024-06-26,16,0.0002942693903615844
raw,ASYM,8204,2024-06-26,17,0.0003004068844395549
raw,ASYM,8204,2024-06-26,18,0.0004014716501706247
raw,ASYM,8204,2024-06-26,19,0.00030207536214510737
raw,ASYM,8204,2024-06-26,20,0.00031912343483533526
raw,ASYM,8204,2024-06-26,21,0.00033624337582117904
raw,ASYM,8204,2024-06-26,22,0.000320746609779294
raw,ASYM,8204,2024-06-26,23,0.000323271465210703
raw,ASYM,8204,2024-06-26,24,0.0004243075219148182
raw,ASYM,8204,2024-09-27,1,0.00043196929147947737
raw,ASYM,8204,2024-09-27,2,0.0012136402533559102
raw,ASYM,8204,2024-09-27,3,0.0019719773596867133
raw,ASYM,8204,2024-09-27,4,0.0027412884584422483
raw,ASYM,8204,2024-09-27,5,0.0038242933220678788
raw,ASYM,8204,2024-09-27,6,0.00441005889873386
raw,ASYM,8204,2024-09-27,7,0.004950080308341451
raw,ASYM,8204,2024-09-27,8,0.005675380433856334
raw,ASYM,8204,2024-09-27,9,0.006601681408595191
raw,ASYM,8204,2024-09-27,10,0.007116752825669707
raw,ASYM,8204,2024-09-27,11,0.007753017352823643
raw,ASYM,8204,2024-09-27,12,0.008307393954823846
raw,ASYM,8204,2024-09-27,13,0.008706681030349687
raw,ASYM,8204,2024-09-27,14,0.009257765698234853
raw,ASYM,8204,2024-09-27,15,0.010148933879102276
raw,ASYM,8204,2024-09-27,16,0.010559594533345486
raw,ASYM,8204,2024-09-27,17,0.01120694806448151
raw,ASYM,8204,2024-09-27,18,0.011860487637836889
raw,ASYM,8204,2024-09-27,19,0.012203347383649924
raw,ASYM,8204,2024-09-27,20,0.012714779928522836
raw,ASYM,8204,2024-09-27,21,0.013517464036270918
raw,ASYM,8204,2024-09-27,22,0.014022961766851775
raw,ASYM,8204,2024-09-27,23,0.014720992638527955
raw,ASYM,8204,2024-09-27,24,0.01532607309824204
raw,ASYM,8205,2024-01-09,1,0.00011534110138185386
raw,ASYM,8205,2024-01-09,2,0.0002090891637301478
raw,ASYM,8205,2024-01-09,3,0.00026434121895684806
raw,ASYM,8205,2024-01-09,4,0.0004638610251510277
raw,ASYM,8205,2024-01-09,5,0.00048101136262751227
raw,ASYM,8205,2024-01-09,6,0.000545675409147084
raw,ASYM,8205,2024-01-09,7,0.0004966788293135412
raw,ASYM,8205,2024-01-09,8,0.0005708515211409707
raw,ASYM,8205,2024-01-09,9,0.0005752992116295735
raw,ASYM,8205,2024-01-09,10,0.0007674505457459621
raw,ASYM,8205,2024-01-09,11,0.0007853773344271878
raw,ASYM,8205,2024-01-09,12,0.0008209224149459937
raw,ASYM,8205,2024-01-09,13,0.0007620300284552019
raw,ASYM,8205,2024-01-09,14,0.0008843238085429116
raw,ASYM,8205,2024-01-09,15,0.0008672107215338525
raw,ASYM,8205,2024-01-09,16,0.0010690791509130992
raw,ASYM,8205,2024-01-09,17,0.0010876767496931685
raw,ASYM,8205,2024-01-09,18,0.00112206005634572
raw,ASYM,8205,2024-01-09,19,0.0010446255929724118
raw,ASYM,8205,2024-01-09,20,0.0010782313112491116
raw,ASYM,8205,2024-01-09,21,0.0010423497055350643
raw,ASYM,8205,2024-01-09,22,0.001236457021580444
raw,ASYM,8205,2024-01-09,23,0.0011827265508693638
raw,ASYM,8205,2024-01-09,24,0.0012075907082776708
raw,ASYM,8205,2024-01-12,1,4.974707149609837e-05
raw,ASYM,8205,2024-01-12,2,0.0001142823688854394
raw,ASYM,8205,2024-01-12,3,0.0001753543305605745
raw,ASYM,8205,2024-01-12,4,0.0002469073705079468
raw,ASYM,8205,2024-01-12,5,0.00027175478250407
raw,ASYM,8205,2024-01-12,6,0.0002798597048351344
raw,ASYM,8205,2024-01-12,7,0.0002859374964612251
raw,ASYM,8205,2024-01-12,8,0.0003474507252887728
raw,ASYM,8205,2024-01-12,9,0.0003773838333810547
raw,ASYM,8205,2024-01-12,10,0.00043005714102105027
raw,ASYM,8205,2024-01-12,11,0.0004153778049068441
raw,ASYM,8205,2024-01-12,12,0.0004105990319020943
raw,ASYM,8205,2024-01-12,13,0.00038704845963257947
raw,ASYM,8205,2024-01-12,14,0.0004531517080096992
raw,ASYM,8205,2024-01-12,15,0.00046566130695979973
raw,ASYM,8205,2024-01-12,16,0.0005161817781858489
raw,ASYM,8205,2024-01-12,17,0.0004834055761420132
raw,ASYM,8205,2024-01-12,18,0.00047599093383601386
raw,ASYM,8205,2024-01-12,19,0.00048544524072834257
raw,ASYM,8205,2024-01-12,20,0.0005277273991305101
raw,ASYM,8205,2024-01-12,21,0.0005339722155615115
raw,ASYM,8205,2024-01-12,22,0.0006040754451943271
raw,ASYM,8205,2024-01-12,23,0.0005808388192351906
raw,ASYM,8205,2024-01-12,24,0.000578156390341451
raw,ASYM,8205,2024-05-08,1,0.000110502295785349
raw,ASYM,8205,2024-05-08,2,0.00012917150887309725
raw,ASYM,8205,2024-05-08,3,0.00015863006838775088
raw,ASYM,8205,2024-05-08,4,0.00017262261499659994
raw,ASYM,8205,2024-05-08,5,0.00016100313145695134
raw,ASYM,8205,2024-05-08,6,0.00020729065141952675
raw,ASYM,8205,2024-05-08,7,0.0002726701534774531
raw,ASYM,8205,2024-05-08,8,0.00022682168547410422
raw,ASYM,8205,2024-05-08,9,0.000253222531460034
raw,ASYM,8205,2024-05-08,10,0.0002597939592850845
raw,ASYM,8205,2024-05-08,11,0.0002461149880528072
raw,ASYM,8205,2024-05-08,12,0.0002925415624911923
raw,ASYM,8205,2024-05-08,13,0.0003618985920759879
raw,ASYM,8205,2024-05-08,14,0.0003230377487713814
raw,ASYM,8205,2024-05-08,15,0.0003505601134179452
raw,ASYM,8205,2024-05-08,16,0.00034341916806153493
raw,ASYM,8205,2024-05-08,17,0.00032349477352859693
raw,ASYM,8205,2024-05-08,18,0.00036737185021576386
raw,ASYM,8205,2024-05-08,19,0.00042929849724773425
raw,ASYM,8205,2024-05-08,20,0.0003829356201427514
raw,ASYM,8205,2024-05-08,21,0.0004017519746620895
raw,ASYM,8205,2024-05-08,22,0.00038872450604819105
raw,ASYM,8205,2024-05-08,23,0.00036108309319224325
raw,ASYM,8205,2024-05-08,24,0.0003950257839660013
raw,ASYM,8205,2024-05-26,1,0.00032171474956963473
raw,ASYM,8205,2024-05-26,2,0.000790541795743468
raw,ASYM,8205,2024-05-26,3,0.0011937861933054928
raw,ASYM,8205,2024-05-26,4,0.001633775832437831
raw,ASYM,8205,2024-05-26,5,0.001984961835977418
raw,ASYM,8205,2024-05-26,6,0.002087936124525568
raw,ASYM,8205,2024-05-26,7,0.002172595448247868
raw,ASYM,8205,2024-05-26,8,0.0025246259437623434
raw,ASYM,8205,2024-05-26,9,0.002762649252567518
raw,ASYM,8205,2024-05-26,10,0.0031103134524260354
raw,ASYM,8205,2024-05-26,11,0.003396279074368582
raw,ASYM,8205,2024-05-26,12,0.00341463638498877
raw,ASYM,8205,2024-05-26,13,0.0034144965529761028
raw,ASYM,8205,2024-05-26,14,0.0036384401016000974
raw,ASYM,8205,2024-05-26,15,0.003801235265739607
raw,ASYM,8205,2024-05-26,16,0.004140069580974733
raw,ASYM,8205,2024-05-26,17,0.004378555726336635
raw,ASYM,8205,2024-05-26,18,0.004430318948533324
raw,ASYM,8205,2024-05-26,19,0.004386585258228601
raw,ASYM,8205,2024-05-26,20,0.004387367404164678
raw,ASYM,8205,2024-05-26,21,0.004527389252532584
raw,ASYM,8205,2024-05-26,22,0.004841772300977401
raw,ASYM,8205,2024-05-26,23,0.005043348198924983
raw,ASYM,8205,2024-05-26,24,0.005064015412719091
raw,ASYM,8205,2024-06-26,1,8.104714545070405e-05
raw,ASYM,8205,2024-06-26,2,0.00010414744536903473
raw,ASYM,8205,2024-06-26,3,8.096309320844775e-05
raw,ASYM,8205,2024-06-26,4,0.0001082477931765416
raw,ASYM,8205,2024-06-26,5,0.00021713963356199655
raw,ASYM,8205,2024-06-26,6,0.00026531518367789507
raw,ASYM,8205,2024-06-26,7,0.00018132789777218123
raw,ASYM,8205,2024-06-26,8,0.00021105220414803296
raw,ASYM,8205,2024-06-26,9,0.0002354889860173255
raw,ASYM,8205,2024-06-26,10,0.00023371474761819046
raw,ASYM,8205,2024-06-26,11,0.0002494783518258979
raw,ASYM,8205,2024-06-26,12,0.0003402886164693258
raw,ASYM,8205,2024-06-26,13,0.00024263620406869224
raw,ASYM,8205,2024-06-26,14,0.0002624639219695367
raw,ASYM,8205,2024-06-26,15,0.0002867312554104057
raw,ASYM,8205,2024-06-26,16,0.00027320329460445267
raw,ASYM,8205,2024-06-26,17,0.0002792795021481832
raw,ASYM,8205,2024-06-26,18,0.0003846781121373243
raw,ASYM,8205,2024-06-26,19,0.00028438495892053254
raw,ASYM,8205,2024-06-26,20,0.00030148049975652465
raw,ASYM,8205,2024-06-26,21,0.00032036826311067536
raw,ASYM,8205,2024-06-26,22,0.0003043294436699019
raw,ASYM,8205,2024-06-26,23,0.00030692357514907194
raw,ASYM,8205,2024-06-26,24,0.00040898427934895395
raw,ASYM,8205,2024-09-27,1,0.0004303395542827813
raw,ASYM,8205,2024-09-27,2,0.0012040096607712513
raw,ASYM,8205,2024-09-27,3,0.0019470311346357115
raw,ASYM,8205,2024-09-27,4,0.002659517374525781
raw,ASYM,8205,2024-09-27,5,0.0038149799206625788
raw,ASYM,8205,2024-09-27,6,0.004413211210542972
raw,ASYM,8205,2024-09-27,7,0.004972941869339077
raw,ASYM,8205,2024-09-27,8,0.005676054265247638
raw,ASYM,8205,2024-09-27,9,0.006573472618033018
raw,ASYM,8205,2024-09-27,10,0.007044587664797452
raw,ASYM,8205,2024-09-27,11,0.007728005749517618
raw,ASYM,8205,2024-09-27,12,0.00819634634181579
raw,ASYM,8205,2024-09-27,13,0.008549757215507396
raw,ASYM,8205,2024-09-27,14,0.008983514830847604
raw,ASYM,8205,2024-09-27,15,0.009712976122999569
raw,ASYM,8205,2024-09-27,16,0.010124238027037501
raw,ASYM,8205,2024-09-27,17,0.010769073350234819
raw,ASYM,8205,2024-09-27,18,0.011357990170135049
raw,ASYM,8205,2024-09-27,19,0.011629453758174178
raw,ASYM,8205,2024-09-27,20,0.012022778913474733
raw,ASYM,8205,2024-09-27,21,0.012830353359803346
raw,ASYM,8205,2024-09-27,22,0.013293572802570658
raw,ASYM,8205,2024-09-27,23,0.014097671486589457
raw,ASYM,8205,2024-09-27,24,0.014655061733360683
output_clip_01,NET,8201,2024-01-09,1,0.00022608532550778905
output_clip_01,NET,8201,2024-01-09,2,0.0003357655336250345
output_clip_01,NET,8201,2024-01-09,3,0.0004054254805820094
output_clip_01,NET,8201,2024-01-09,4,0.0006117455751092973
output_clip_01,NET,8201,2024-01-09,5,0.0006381648073789319
output_clip_01,NET,8201,2024-01-09,6,0.0006855840808826458
output_clip_01,NET,8201,2024-01-09,7,0.0006333933305347224
output_clip_01,NET,8201,2024-01-09,8,0.0007206124282249628
output_clip_01,NET,8201,2024-01-09,9,0.0007572677263262361
output_clip_01,NET,8201,2024-01-09,10,0.0009760960978063226
output_clip_01,NET,8201,2024-01-09,11,0.0010735245550206466
output_clip_01,NET,8201,2024-01-09,12,0.0011760026088324345
output_clip_01,NET,8201,2024-01-09,13,0.0012281008299548156
output_clip_01,NET,8201,2024-01-09,14,0.0013878486680215896
output_clip_01,NET,8201,2024-01-09,15,0.0014273433161054278
output_clip_01,NET,8201,2024-01-09,16,0.0016761135902254997
output_clip_01,NET,8201,2024-01-09,17,0.0017870015272775654
output_clip_01,NET,8201,2024-01-09,18,0.0018340801216617567
output_clip_01,NET,8201,2024-01-09,19,0.0017614412257165553
output_clip_01,NET,8201,2024-01-09,20,0.0017788870786080455
output_clip_01,NET,8201,2024-01-09,21,0.0017454161016009836
output_clip_01,NET,8201,2024-01-09,22,0.0018975150272527396
output_clip_01,NET,8201,2024-01-09,23,0.0018558027330822233
output_clip_01,NET,8201,2024-01-09,24,0.0018936305004169664
output_clip_01,NET,8201,2024-01-12,1,0.000268139635693199
output_clip_01,NET,8201,2024-01-12,2,0.00023361534970909974
output_clip_01,NET,8201,2024-01-12,3,0.00037467425784680556
output_clip_01,NET,8201,2024-01-12,4,0.0004123223246342279
output_clip_01,NET,8201,2024-01-12,5,0.000454535983890278
output_clip_01,NET,8201,2024-01-12,6,0.00043381930473337005
output_clip_01,NET,8201,2024-01-12,7,0.00044686423711632933
output_clip_01,NET,8201,2024-01-12,8,0.0004891942282504963
output_clip_01,NET,8201,2024-01-12,9,0.0005096869465156455
output_clip_01,NET,8201,2024-01-12,10,0.0005541084154247883
output_clip_01,NET,8201,2024-01-12,11,0.0005340669739522621
output_clip_01,NET,8201,2024-01-12,12,0.0005098933592898492
output_clip_01,NET,8201,2024-01-12,13,0.0005019413407253707
output_clip_01,NET,8201,2024-01-12,14,0.0005499483705595702
output_clip_01,NET,8201,2024-01-12,15,0.0005611523341636244
output_clip_01,NET,8201,2024-01-12,16,0.0006030824769709451
output_clip_01,NET,8201,2024-01-12,17,0.0005901552434742747
output_clip_01,NET,8201,2024-01-12,18,0.0006000703717554029
output_clip_01,NET,8201,2024-01-12,19,0.0006008700935821148
output_clip_01,NET,8201,2024-01-12,20,0.0006469124056910194
output_clip_01,NET,8201,2024-01-12,21,0.0006467287654912082
output_clip_01,NET,8201,2024-01-12,22,0.0007219167746143033
output_clip_01,NET,8201,2024-01-12,23,0.000710412641986993
output_clip_01,NET,8201,2024-01-12,24,0.000725047510755129
output_clip_01,NET,8201,2024-05-08,1,0.00025456795602127834
output_clip_01,NET,8201,2024-05-08,2,0.0002578448980240472
output_clip_01,NET,8201,2024-05-08,3,0.0003196600581962453
output_clip_01,NET,8201,2024-05-08,4,0.00031637312201734203
output_clip_01,NET,8201,2024-05-08,5,0.0002994458070219401
output_clip_01,NET,8201,2024-05-08,6,0.00033761173678522856
output_clip_01,NET,8201,2024-05-08,7,0.0004009643529240387
output_clip_01,NET,8201,2024-05-08,8,0.0003546380890220557
output_clip_01,NET,8201,2024-05-08,9,0.0003810922336487829
output_clip_01,NET,8201,2024-05-08,10,0.0003901549117493784
output_clip_01,NET,8201,2024-05-08,11,0.0004028514837629645
output_clip_01,NET,8201,2024-05-08,12,0.0004677472290334601
output_clip_01,NET,8201,2024-05-08,13,0.0005340869778777638
output_clip_01,NET,8201,2024-05-08,14,0.0005033339829593795
output_clip_01,NET,8201,2024-05-08,15,0.0005399502394432449
output_clip_01,NET,8201,2024-05-08,16,0.0005357714327517589
output_clip_01,NET,8201,2024-05-08,17,0.0005445976241817866
output_clip_01,NET,8201,2024-05-08,18,0.0006042312645894065
output_clip_01,NET,8201,2024-05-08,19,0.0006893087098639988
output_clip_01,NET,8201,2024-05-08,20,0.0006821267120377246
output_clip_01,NET,8201,2024-05-08,21,0.0007269912201872921
output_clip_01,NET,8201,2024-05-08,22,0.0007094403481565446
output_clip_01,NET,8201,2024-05-08,23,0.000706573160679617
output_clip_01,NET,8201,2024-05-08,24,0.0007611386503330024
output_clip_01,NET,8201,2024-05-26,1,0.0004956835890274781
output_clip_01,NET,8201,2024-05-26,2,0.0010383101885818042
output_clip_01,NET,8201,2024-05-26,3,0.0014922749982757147
output_clip_01,NET,8201,2024-05-26,4,0.001981310920778036
output_clip_01,NET,8201,2024-05-26,5,0.0023744090615572242
output_clip_01,NET,8201,2024-05-26,6,0.0025141960251243247
output_clip_01,NET,8201,2024-05-26,7,0.0025690481297006287
output_clip_01,NET,8201,2024-05-26,8,0.002797898958552822
output_clip_01,NET,8201,2024-05-26,9,0.0029129861852779907
output_clip_01,NET,8201,2024-05-26,10,0.0032170371804804802
output_clip_01,NET,8201,2024-05-26,11,0.003464798122377668
output_clip_01,NET,8201,2024-05-26,12,0.00346944073534428
output_clip_01,NET,8201,2024-05-26,13,0.003491514660162858
output_clip_01,NET,8201,2024-05-26,14,0.0036044734485718697
output_clip_01,NET,8201,2024-05-26,15,0.003661884018937079
output_clip_01,NET,8201,2024-05-26,16,0.003983066319093166
output_clip_01,NET,8201,2024-05-26,17,0.004247794661664807
output_clip_01,NET,8201,2024-05-26,18,0.004321925778801685
output_clip_01,NET,8201,2024-05-26,19,0.004317035834901128
output_clip_01,NET,8201,2024-05-26,20,0.004365010564513894
output_clip_01,NET,8201,2024-05-26,21,0.004509859651021635
output_clip_01,NET,8201,2024-05-26,22,0.00482447164475489
output_clip_01,NET,8201,2024-05-26,23,0.005067595517873657
output_clip_01,NET,8201,2024-05-26,24,0.005124969617711502
output_clip_01,NET,8201,2024-06-26,1,0.00011118187859320217
output_clip_01,NET,8201,2024-06-26,2,0.0001447713485749491
output_clip_01,NET,8201,2024-06-26,3,0.00017355085924142063
output_clip_01,NET,8201,2024-06-26,4,0.00019735420710993246
output_clip_01,NET,8201,2024-06-26,5,0.000253431294624606
output_clip_01,NET,8201,2024-06-26,6,0.00035883556881284714
output_clip_01,NET,8201,2024-06-26,7,0.00027270160712710405
output_clip_01,NET,8201,2024-06-26,8,0.00029930453940200084
output_clip_01,NET,8201,2024-06-26,9,0.0003190054602193073
output_clip_01,NET,8201,2024-06-26,10,0.00031054635889669197
output_clip_01,NET,8201,2024-06-26,11,0.0003150657244343703
output_clip_01,NET,8201,2024-06-26,12,0.0004102277206516229
output_clip_01,NET,8201,2024-06-26,13,0.00030926584556685013
output_clip_01,NET,8201,2024-06-26,14,0.0003262228674856675
output_clip_01,NET,8201,2024-06-26,15,0.0003416850891852612
output_clip_01,NET,8201,2024-06-26,16,0.0003209160273527215
output_clip_01,NET,8201,2024-06-26,17,0.0003241075354396942
output_clip_01,NET,8201,2024-06-26,18,0.0004173267286060775
output_clip_01,NET,8201,2024-06-26,19,0.0003158474731543968
output_clip_01,NET,8201,2024-06-26,20,0.0003293956274152825
output_clip_01,NET,8201,2024-06-26,21,0.0003454837358169939
output_clip_01,NET,8201,2024-06-26,22,0.0003296216887059951
output_clip_01,NET,8201,2024-06-26,23,0.0003314125423152705
output_clip_01,NET,8201,2024-06-26,24,0.00043092521007021337
output_clip_01,NET,8201,2024-09-27,1,0.0009162516690472868
output_clip_01,NET,8201,2024-09-27,2,0.002054717486165733
output_clip_01,NET,8201,2024-09-27,3,0.003404126761656532
output_clip_01,NET,8201,2024-09-27,4,0.004524148067649574
output_clip_01,NET,8201,2024-09-27,5,0.00575877255388891
output_clip_01,NET,8201,2024-09-27,6,0.0064960030157535514
output_clip_01,NET,8201,2024-09-27,7,0.007016857287356714
output_clip_01,NET,8201,2024-09-27,8,0.007539808507768752
output_clip_01,NET,8201,2024-09-27,9,0.008241472578349394
output_clip_01,NET,8201,2024-09-27,10,0.008811297407278634
output_clip_01,NET,8201,2024-09-27,11,0.009308561925762251
output_clip_01,NET,8201,2024-09-27,12,0.009759976798407607
output_clip_01,NET,8201,2024-09-27,13,0.009897269783175122
output_clip_01,NET,8201,2024-09-27,14,0.009946197274238422
output_clip_01,NET,8201,2024-09-27,15,0.010376686321721515
output_clip_01,NET,8201,2024-09-27,16,0.010706610589983916
output_clip_01,NET,8201,2024-09-27,17,0.011323137744185967
output_clip_01,NET,8201,2024-09-27,18,0.011679042718455442
output_clip_01,NET,8201,2024-09-27,19,0.011849012116644716
output_clip_01,NET,8201,2024-09-27,20,0.01203301602006287
output_clip_01,NET,8201,2024-09-27,21,0.012880184141752005
output_clip_01,NET,8201,2024-09-27,22,0.013390942354867432
output_clip_01,NET,8201,2024-09-27,23,0.014266367156809021
output_clip_01,NET,8201,2024-09-27,24,0.014701009021978751
output_clip_01,NET,8202,2024-01-09,1,0.00025615102790258734
output_clip_01,NET,8202,2024-01-09,2,0.00030906409965167597
output_clip_01,NET,8202,2024-01-09,3,0.00036543075316064917
output_clip_01,NET,8202,2024-01-09,4,0.0005559023653064734
output_clip_01,NET,8202,2024-01-09,5,0.0005736782584446465
output_clip_01,NET,8202,2024-01-09,6,0.0006239431026145635
output_clip_01,NET,8202,2024-01-09,7,0.0005694568164386026
output_clip_01,NET,8202,2024-01-09,8,0.0006267092653972926
output_clip_01,NET,8202,2024-01-09,9,0.0006390953656702258
output_clip_01,NET,8202,2024-01-09,10,0.0008520298333658668
output_clip_01,NET,8202,2024-01-09,11,0.0009490088797993642
output_clip_01,NET,8202,2024-01-09,12,0.0010581720870119471
output_clip_01,NET,8202,2024-01-09,13,0.0011191809190916335
output_clip_01,NET,8202,2024-01-09,14,0.0012944300125351893
output_clip_01,NET,8202,2024-01-09,15,0.0014079806917122412
output_clip_01,NET,8202,2024-01-09,16,0.001741088000788488
output_clip_01,NET,8202,2024-01-09,17,0.001955409960380008
output_clip_01,NET,8202,2024-01-09,18,0.0021550141911499112
output_clip_01,NET,8202,2024-01-09,19,0.002171138495226602
output_clip_01,NET,8202,2024-01-09,20,0.002306672641247966
output_clip_01,NET,8202,2024-01-09,21,0.002409634409461306
output_clip_01,NET,8202,2024-01-09,22,0.0027061348022693796
output_clip_01,NET,8202,2024-01-09,23,0.0028151224897736355
output_clip_01,NET,8202,2024-01-09,24,0.0030061555278590854
output_clip_01,NET,8202,2024-01-12,1,0.00023881861736830133
output_clip_01,NET,8202,2024-01-12,2,0.00024427959418643337
output_clip_01,NET,8202,2024-01-12,3,0.00035421521017874155
output_clip_01,NET,8202,2024-01-12,4,0.00042215006770831876
output_clip_01,NET,8202,2024-01-12,5,0.00045036827480887903
output_clip_01,NET,8202,2024-01-12,6,0.0004403084577246233
output_clip_01,NET,8202,2024-01-12,7,0.0004395663047610024
output_clip_01,NET,8202,2024-01-12,8,0.0004880117233207641
output_clip_01,NET,8202,2024-01-12,9,0.0005007082865136805
output_clip_01,NET,8202,2024-01-12,10,0.0005548298430903789
output_clip_01,NET,8202,2024-01-12,11,0.0005084576103541064
output_clip_01,NET,8202,2024-01-12,12,0.0004969206308744541
output_clip_01,NET,8202,2024-01-12,13,0.0004813179937768097
output_clip_01,NET,8202,2024-01-12,14,0.0005346355921578479
output_clip_01,NET,8202,2024-01-12,15,0.0005442196921752172
output_clip_01,NET,8202,2024-01-12,16,0.0005922337005653704
output_clip_01,NET,8202,2024-01-12,17,0.0005360157379493561
output_clip_01,NET,8202,2024-01-12,18,0.0005277280981524327
output_clip_01,NET,8202,2024-01-12,19,0.0005352674278904626
output_clip_01,NET,8202,2024-01-12,20,0.0005834487233191994
output_clip_01,NET,8202,2024-01-12,21,0.0006102382241443962
output_clip_01,NET,8202,2024-01-12,22,0.0006868281347429694
output_clip_01,NET,8202,2024-01-12,23,0.0007083113653102392
output_clip_01,NET,8202,2024-01-12,24,0.000734483687700068
output_clip_01,NET,8202,2024-05-08,1,0.0002046517116882143
output_clip_01,NET,8202,2024-05-08,2,0.00016658785391128673
output_clip_01,NET,8202,2024-05-08,3,0.00019498099593266789
output_clip_01,NET,8202,2024-05-08,4,0.00019894683785216628
output_clip_01,NET,8202,2024-05-08,5,0.0001839030063826802
output_clip_01,NET,8202,2024-05-08,6,0.00023493602706942595
output_clip_01,NET,8202,2024-05-08,7,0.00030788127893062304
output_clip_01,NET,8202,2024-05-08,8,0.0002532752249837649
output_clip_01,NET,8202,2024-05-08,9,0.0002806879180448441
output_clip_01,NET,8202,2024-05-08,10,0.0002848004647853509
output_clip_01,NET,8202,2024-05-08,11,0.00026504262390271633
output_clip_01,NET,8202,2024-05-08,12,0.00030611732415321654
output_clip_01,NET,8202,2024-05-08,13,0.00038048629319456116
output_clip_01,NET,8202,2024-05-08,14,0.0003424707350054822
output_clip_01,NET,8202,2024-05-08,15,0.0003745901023474053
output_clip_01,NET,8202,2024-05-08,16,0.000358482211340231
output_clip_01,NET,8202,2024-05-08,17,0.00032865950692274307
output_clip_01,NET,8202,2024-05-08,18,0.00036862270809166216
output_clip_01,NET,8202,2024-05-08,19,0.00042216121839854377
output_clip_01,NET,8202,2024-05-08,20,0.00037337494271818535
output_clip_01,NET,8202,2024-05-08,21,0.0003889270829281421
output_clip_01,NET,8202,2024-05-08,22,0.00035511626292322697
output_clip_01,NET,8202,2024-05-08,23,0.00032211248535315957
output_clip_01,NET,8202,2024-05-08,24,0.00035140808023487007
output_clip_01,NET,8202,2024-05-26,1,0.0004743358870019539
output_clip_01,NET,8202,2024-05-26,2,0.001035266358012795
output_clip_01,NET,8202,2024-05-26,3,0.001522320063799715
output_clip_01,NET,8202,2024-05-26,4,0.001995807989838366
output_clip_01,NET,8202,2024-05-26,5,0.0023954478181158452
output_clip_01,NET,8202,2024-05-26,6,0.0025030888974876962
output_clip_01,NET,8202,2024-05-26,7,0.0025579170813050268
output_clip_01,NET,8202,2024-05-26,8,0.0028569500075746926
output_clip_01,NET,8202,2024-05-26,9,0.003071045245289309
output_clip_01,NET,8202,2024-05-26,10,0.0033925884886154035
output_clip_01,NET,8202,2024-05-26,11,0.0036491151192041826
output_clip_01,NET,8202,2024-05-26,12,0.0036024371362320157
output_clip_01,NET,8202,2024-05-26,13,0.0035606200904744595
output_clip_01,NET,8202,2024-05-26,14,0.0037131757665221452
output_clip_01,NET,8202,2024-05-26,15,0.00386708064432482
output_clip_01,NET,8202,2024-05-26,16,0.004210394663527788
output_clip_01,NET,8202,2024-05-26,17,0.004474012672100578
output_clip_01,NET,8202,2024-05-26,18,0.004495639861999677
output_clip_01,NET,8202,2024-05-26,19,0.004470573500233053
output_clip_01,NET,8202,2024-05-26,20,0.004510348325087353
output_clip_01,NET,8202,2024-05-26,21,0.004640154355225431
output_clip_01,NET,8202,2024-05-26,22,0.004960215918142769
output_clip_01,NET,8202,2024-05-26,23,0.0051875431108402
output_clip_01,NET,8202,2024-05-26,24,0.005219293363977432
output_clip_01,NET,8202,2024-06-26,1,9.934348208457628e-05
output_clip_01,NET,8202,2024-06-26,2,0.00013545875454305356
output_clip_01,NET,8202,2024-06-26,3,0.00017161915183200853
output_clip_01,NET,8202,2024-06-26,4,0.00019634347277603845
output_clip_01,NET,8202,2024-06-26,5,0.00024377152204857784
output_clip_01,NET,8202,2024-06-26,6,0.0003676889267765749
output_clip_01,NET,8202,2024-06-26,7,0.0002770914045097278
output_clip_01,NET,8202,2024-06-26,8,0.00029848913767806484
output_clip_01,NET,8202,2024-06-26,9,0.00031069968157927067
output_clip_01,NET,8202,2024-06-26,10,0.0002970702932232344
output_clip_01,NET,8202,2024-06-26,11,0.00030255156609917624
output_clip_01,NET,8202,2024-06-26,12,0.0004026385804200564
output_clip_01,NET,8202,2024-06-26,13,0.00030275665528540076
output_clip_01,NET,8202,2024-06-26,14,0.00031703847645773883
output_clip_01,NET,8202,2024-06-26,15,0.00032936489046400897
output_clip_01,NET,8202,2024-06-26,16,0.00031638305862192437
output_clip_01,NET,8202,2024-06-26,17,0.00032162419841276057
output_clip_01,NET,8202,2024-06-26,18,0.00041517486182963644
output_clip_01,NET,8202,2024-06-26,19,0.00031793089214972623
output_clip_01,NET,8202,2024-06-26,20,0.0003343486144810249
output_clip_01,NET,8202,2024-06-26,21,0.0003584308331166817
output_clip_01,NET,8202,2024-06-26,22,0.00035025325535164653
output_clip_01,NET,8202,2024-06-26,23,0.0003608353406586921
output_clip_01,NET,8202,2024-06-26,24,0.0004695629697389764
output_clip_01,NET,8202,2024-09-27,1,0.0007613086745661559
output_clip_01,NET,8202,2024-09-27,2,0.0015906492269920243
output_clip_01,NET,8202,2024-09-27,3,0.0025933605841822853
output_clip_01,NET,8202,2024-09-27,4,0.003442378403433039
output_clip_01,NET,8202,2024-09-27,5,0.004606029910941046
output_clip_01,NET,8202,2024-09-27,6,0.0051964088937116746
output_clip_01,NET,8202,2024-09-27,7,0.005745202752024331
output_clip_01,NET,8202,2024-09-27,8,0.006343132356846725
output_clip_01,NET,8202,2024-09-27,9,0.007120734545000237
output_clip_01,NET,8202,2024-09-27,10,0.007651995203593079
output_clip_01,NET,8202,2024-09-27,11,0.008301460548169269
output_clip_01,NET,8202,2024-09-27,12,0.008687570097643031
output_clip_01,NET,8202,2024-09-27,13,0.009022669395430666
output_clip_01,NET,8202,2024-09-27,14,0.009238071209204076
output_clip_01,NET,8202,2024-09-27,15,0.00985018721365562
output_clip_01,NET,8202,2024-09-27,16,0.010251556183900747
output_clip_01,NET,8202,2024-09-27,17,0.010970615202563738
output_clip_01,NET,8202,2024-09-27,18,0.011341395515492673
output_clip_01,NET,8202,2024-09-27,19,0.011625322565975054
output_clip_01,NET,8202,2024-09-27,20,0.011991042424127282
output_clip_01,NET,8202,2024-09-27,21,0.013016207081249346
output_clip_01,NET,8202,2024-09-27,22,0.013557164472148688
output_clip_01,NET,8202,2024-09-27,23,0.014772422983801586
output_clip_01,NET,8202,2024-09-27,24,0.01518835682714465
output_clip_01,NET,8203,2024-01-09,1,0.00023769927076313944
output_clip_01,NET,8203,2024-01-09,2,0.0003137878522539894
output_clip_01,NET,8203,2024-01-09,3,0.00037602878475463897
output_clip_01,NET,8203,2024-01-09,4,0.0005884254533125388
output_clip_01,NET,8203,2024-01-09,5,0.0006107838776023618
output_clip_01,NET,8203,2024-01-09,6,0.0006719552267587936
output_clip_01,NET,8203,2024-01-09,7,0.0005972328664413266
output_clip_01,NET,8203,2024-01-09,8,0.000652026009304038
output_clip_01,NET,8203,2024-01-09,9,0.0006387530817941153
output_clip_01,NET,8203,2024-01-09,10,0.0008055684612122169
output_clip_01,NET,8203,2024-01-09,11,0.000832452753730276
output_clip_01,NET,8203,2024-01-09,12,0.00087916280932724
output_clip_01,NET,8203,2024-01-09,13,0.0008024313857818257
output_clip_01,NET,8203,2024-01-09,14,0.0008757609779757145
output_clip_01,NET,8203,2024-01-09,15,0.0008608426375770096
output_clip_01,NET,8203,2024-01-09,16,0.0010743186071205785
output_clip_01,NET,8203,2024-01-09,17,0.0011423640847632451
output_clip_01,NET,8203,2024-01-09,18,0.001246875151634335
output_clip_01,NET,8203,2024-01-09,19,0.0011476132790958255
output_clip_01,NET,8203,2024-01-09,20,0.0012195762772417673
output_clip_01,NET,8203,2024-01-09,21,0.0012530558982702508
output_clip_01,NET,8203,2024-01-09,22,0.0015984071916652872
output_clip_01,NET,8203,2024-01-09,23,0.0018162253591366556
output_clip_01,NET,8203,2024-01-09,24,0.0020385005305592644
output_clip_01,NET,8203,2024-01-12,1,0.00020658910204637073
output_clip_01,NET,8203,2024-01-12,2,0.0002302855527561419
output_clip_01,NET,8203,2024-01-12,3,0.00033931202866428425
output_clip_01,NET,8203,2024-01-12,4,0.0003881628251382304
output_clip_01,NET,8203,2024-01-12,5,0.00041901487687966046
output_clip_01,NET,8203,2024-01-12,6,0.0004063702470784389
output_clip_01,NET,8203,2024-01-12,7,0.00041712431076089754
output_clip_01,NET,8203,2024-01-12,8,0.0004643017240485179
output_clip_01,NET,8203,2024-01-12,9,0.0004811994424186046
output_clip_01,NET,8203,2024-01-12,10,0.0005394097144952272
output_clip_01,NET,8203,2024-01-12,11,0.0005084905174379278
output_clip_01,NET,8203,2024-01-12,12,0.0005183052345426727
output_clip_01,NET,8203,2024-01-12,13,0.0005038226140896191
output_clip_01,NET,8203,2024-01-12,14,0.0005635898858476747
output_clip_01,NET,8203,2024-01-12,15,0.0005678991660857703
output_clip_01,NET,8203,2024-01-12,16,0.000623130252183272
output_clip_01,NET,8203,2024-01-12,17,0.0005713086432464298
output_clip_01,NET,8203,2024-01-12,18,0.0005890152005748423
output_clip_01,NET,8203,2024-01-12,19,0.0005556015488756993
output_clip_01,NET,8203,2024-01-12,20,0.0006157406930487436
output_clip_01,NET,8203,2024-01-12,21,0.0006325977968115631
output_clip_01,NET,8203,2024-01-12,22,0.0007603411133268825
output_clip_01,NET,8203,2024-01-12,23,0.0007948381856716834
output_clip_01,NET,8203,2024-01-12,24,0.0008647845375062793
output_clip_01,NET,8203,2024-05-08,1,0.00027838086865129564
output_clip_01,NET,8203,2024-05-08,2,0.0003054829583356607
output_clip_01,NET,8203,2024-05-08,3,0.0004199309884839876
output_clip_01,NET,8203,2024-05-08,4,0.0004956060410481037
output_clip_01,NET,8203,2024-05-08,5,0.0005489634005637779
output_clip_01,NET,8203,2024-05-08,6,0.0006438073923625744
output_clip_01,NET,8203,2024-05-08,7,0.0007340567597953372
output_clip_01,NET,8203,2024-05-08,8,0.0006860123831365765
output_clip_01,NET,8203,2024-05-08,9,0.000665421443813376
output_clip_01,NET,8203,2024-05-08,10,0.0005659211060959839
output_clip_01,NET,8203,2024-05-08,11,0.0004688915712888513
output_clip_01,NET,8203,2024-05-08,12,0.00045410796876565313
output_clip_01,NET,8203,2024-05-08,13,0.0004750306863087773
output_clip_01,NET,8203,2024-05-08,14,0.00042548569758548983
output_clip_01,NET,8203,2024-05-08,15,0.0004576348305906191
output_clip_01,NET,8203,2024-05-08,16,0.000452576762886237
output_clip_01,NET,8203,2024-05-08,17,0.00044945099279879706
output_clip_01,NET,8203,2024-05-08,18,0.0005007355009479797
output_clip_01,NET,8203,2024-05-08,19,0.0005563183940751054
output_clip_01,NET,8203,2024-05-08,20,0.0005209057293814403
output_clip_01,NET,8203,2024-05-08,21,0.0005513135423628653
output_clip_01,NET,8203,2024-05-08,22,0.0005338961379946657
output_clip_01,NET,8203,2024-05-08,23,0.0005498384501947983
output_clip_01,NET,8203,2024-05-08,24,0.0005999762976564422
output_clip_01,NET,8203,2024-05-26,1,0.0005105010451351378
output_clip_01,NET,8203,2024-05-26,2,0.0010674703586198682
output_clip_01,NET,8203,2024-05-26,3,0.0015464216312276828
output_clip_01,NET,8203,2024-05-26,4,0.0020308389471865823
output_clip_01,NET,8203,2024-05-26,5,0.002437517275135156
output_clip_01,NET,8203,2024-05-26,6,0.0026047092301341294
output_clip_01,NET,8203,2024-05-26,7,0.002680655437921976
output_clip_01,NET,8203,2024-05-26,8,0.002956425265062882
output_clip_01,NET,8203,2024-05-26,9,0.0031512703314657497
output_clip_01,NET,8203,2024-05-26,10,0.0034449852181576107
output_clip_01,NET,8203,2024-05-26,11,0.003657407434285053
output_clip_01,NET,8203,2024-05-26,12,0.003625216760187008
output_clip_01,NET,8203,2024-05-26,13,0.003611165933707339
output_clip_01,NET,8203,2024-05-26,14,0.00379891218705544
output_clip_01,NET,8203,2024-05-26,15,0.003965793496551882
output_clip_01,NET,8203,2024-05-26,16,0.004315949825630759
output_clip_01,NET,8203,2024-05-26,17,0.004606996655093592
output_clip_01,NET,8203,2024-05-26,18,0.004671029651383871
output_clip_01,NET,8203,2024-05-26,19,0.00465209468883146
output_clip_01,NET,8203,2024-05-26,20,0.004700160929528751
output_clip_01,NET,8203,2024-05-26,21,0.004867114432886734
output_clip_01,NET,8203,2024-05-26,22,0.0052302570787380286
output_clip_01,NET,8203,2024-05-26,23,0.0055164970809752824
output_clip_01,NET,8203,2024-05-26,24,0.005567093096658882
output_clip_01,NET,8203,2024-06-26,1,0.0001235369456405642
output_clip_01,NET,8203,2024-06-26,2,0.0001519626270290055
output_clip_01,NET,8203,2024-06-26,3,0.00017688285847752846
output_clip_01,NET,8203,2024-06-26,4,0.00019498110607377584
output_clip_01,NET,8203,2024-06-26,5,0.0002624762632849724
output_clip_01,NET,8203,2024-06-26,6,0.00035421499173713284
output_clip_01,NET,8203,2024-06-26,7,0.00026878322597315157
output_clip_01,NET,8203,2024-06-26,8,0.0002915867513158841
output_clip_01,NET,8203,2024-06-26,9,0.00030811735899603023
output_clip_01,NET,8203,2024-06-26,10,0.00029580376446730557
output_clip_01,NET,8203,2024-06-26,11,0.0003001719848245088
output_clip_01,NET,8203,2024-06-26,12,0.0003912236399512816
output_clip_01,NET,8203,2024-06-26,13,0.00029792745064370174
output_clip_01,NET,8203,2024-06-26,14,0.00031233705528356846
output_clip_01,NET,8203,2024-06-26,15,0.00032853827285737034
output_clip_01,NET,8203,2024-06-26,16,0.0003103874445952309
output_clip_01,NET,8203,2024-06-26,17,0.000318853776050041
output_clip_01,NET,8203,2024-06-26,18,0.0004140839239327
output_clip_01,NET,8203,2024-06-26,19,0.00032070992626965746
output_clip_01,NET,8203,2024-06-26,20,0.00033703054942634767
output_clip_01,NET,8203,2024-06-26,21,0.0003550234059580772
output_clip_01,NET,8203,2024-06-26,22,0.0003741723331140542
output_clip_01,NET,8203,2024-06-26,23,0.00043226533355718267
output_clip_01,NET,8203,2024-06-26,24,0.0005740249595118252
output_clip_01,NET,8203,2024-09-27,1,0.0007463877364214265
output_clip_01,NET,8203,2024-09-27,2,0.0017608059831080213
output_clip_01,NET,8203,2024-09-27,3,0.002922244201366819
output_clip_01,NET,8203,2024-09-27,4,0.003952800626955865
output_clip_01,NET,8203,2024-09-27,5,0.0052220415359858765
output_clip_01,NET,8203,2024-09-27,6,0.005795920608924799
output_clip_01,NET,8203,2024-09-27,7,0.006368651488406679
output_clip_01,NET,8203,2024-09-27,8,0.007091836826656372
output_clip_01,NET,8203,2024-09-27,9,0.007954882311885299
output_clip_01,NET,8203,2024-09-27,10,0.008605857431393062
output_clip_01,NET,8203,2024-09-27,11,0.009427532286567744
output_clip_01,NET,8203,2024-09-27,12,0.009913544138889039
output_clip_01,NET,8203,2024-09-27,13,0.01024024114752022
output_clip_01,NET,8203,2024-09-27,14,0.010587402583082894
output_clip_01,NET,8203,2024-09-27,15,0.011328877909772708
output_clip_01,NET,8203,2024-09-27,16,0.011776008394401068
output_clip_01,NET,8203,2024-09-27,17,0.01276236156565067
output_clip_01,NET,8203,2024-09-27,18,0.013126308742053111
output_clip_01,NET,8203,2024-09-27,19,0.013422947847941201
output_clip_01,NET,8203,2024-09-27,20,0.013655388573328896
output_clip_01,NET,8203,2024-09-27,21,0.014526348955242133
output_clip_01,NET,8203,2024-09-27,22,0.014963374257342019
output_clip_01,NET,8203,2024-09-27,23,0.015973648209969372
output_clip_01,NET,8203,2024-09-27,24,0.016333742616610858
output_clip_01,NET,8204,2024-01-09,1,0.0002539853539327454
output_clip_01,NET,8204,2024-01-09,2,0.00039287472976500036
output_clip_01,NET,8204,2024-01-09,3,0.0004821955871253105
output_clip_01,NET,8204,2024-01-09,4,0.0006687341682659754
output_clip_01,NET,8204,2024-01-09,5,0.0006727762398503641
output_clip_01,NET,8204,2024-01-09,6,0.000693069008756097
output_clip_01,NET,8204,2024-01-09,7,0.0006138387683555188
output_clip_01,NET,8204,2024-01-09,8,0.000665975207232397
output_clip_01,NET,8204,2024-01-09,9,0.0006464161553508471
output_clip_01,NET,8204,2024-01-09,10,0.0008563393340347874
output_clip_01,NET,8204,2024-01-09,11,0.0009124002854211011
output_clip_01,NET,8204,2024-01-09,12,0.0009964772455009145
output_clip_01,NET,8204,2024-01-09,13,0.0009592500909648785
output_clip_01,NET,8204,2024-01-09,14,0.0010839585414975019
output_clip_01,NET,8204,2024-01-09,15,0.0011166537230489063
output_clip_01,NET,8204,2024-01-09,16,0.0013984120274924013
output_clip_01,NET,8204,2024-01-09,17,0.001517869002265986
output_clip_01,NET,8204,2024-01-09,18,0.0016728752294740237
output_clip_01,NET,8204,2024-01-09,19,0.001626722174485017
output_clip_01,NET,8204,2024-01-09,20,0.0017490468849556647
output_clip_01,NET,8204,2024-01-09,21,0.0018352313363537496
output_clip_01,NET,8204,2024-01-09,22,0.0020861699666264426
output_clip_01,NET,8204,2024-01-09,23,0.0021125887237092946
output_clip_01,NET,8204,2024-01-09,24,0.0022684667170149277
output_clip_01,NET,8204,2024-01-12,1,0.000166922792964025
output_clip_01,NET,8204,2024-01-12,2,0.00021996479743071696
output_clip_01,NET,8204,2024-01-12,3,0.00030673879394445535
output_clip_01,NET,8204,2024-01-12,4,0.000389634407520322
output_clip_01,NET,8204,2024-01-12,5,0.0004225194411133788
output_clip_01,NET,8204,2024-01-12,6,0.00042316303326769654
output_clip_01,NET,8204,2024-01-12,7,0.0004245496423748442
output_clip_01,NET,8204,2024-01-12,8,0.00047561201476819186
output_clip_01,NET,8204,2024-01-12,9,0.0004896138557286452
output_clip_01,NET,8204,2024-01-12,10,0.0005588354955888876
output_clip_01,NET,8204,2024-01-12,11,0.0005394081053837155
output_clip_01,NET,8204,2024-01-12,12,0.0005383568627831279
output_clip_01,NET,8204,2024-01-12,13,0.0005179032187671846
output_clip_01,NET,8204,2024-01-12,14,0.000569335970270321
output_clip_01,NET,8204,2024-01-12,15,0.0005731944549969003
output_clip_01,NET,8204,2024-01-12,16,0.0006135122477381672
output_clip_01,NET,8204,2024-01-12,17,0.0005668189599903027
output_clip_01,NET,8204,2024-01-12,18,0.0005898520846006042
output_clip_01,NET,8204,2024-01-12,19,0.0005883952438734078
output_clip_01,NET,8204,2024-01-12,20,0.0006451972316721712
output_clip_01,NET,8204,2024-01-12,21,0.0006848673312261609
output_clip_01,NET,8204,2024-01-12,22,0.0007784936161274684
output_clip_01,NET,8204,2024-01-12,23,0.0008059184312640259
output_clip_01,NET,8204,2024-01-12,24,0.0008285406608523511
output_clip_01,NET,8204,2024-05-08,1,0.00020907326319111053
output_clip_01,NET,8204,2024-05-08,2,0.00019635788094730044
output_clip_01,NET,8204,2024-05-08,3,0.00025721347054457076
output_clip_01,NET,8204,2024-05-08,4,0.0002687716003290995
output_clip_01,NET,8204,2024-05-08,5,0.00025471855665543303
output_clip_01,NET,8204,2024-05-08,6,0.00029372781996997416
output_clip_01,NET,8204,2024-05-08,7,0.00033791493737185535
output_clip_01,NET,8204,2024-05-08,8,0.0002792589789200622
output_clip_01,NET,8204,2024-05-08,9,0.0003065657333302128
output_clip_01,NET,8204,2024-05-08,10,0.00029352475825182464
output_clip_01,NET,8204,2024-05-08,11,0.00027465793889551346
output_clip_01,NET,8204,2024-05-08,12,0.00030495215212189114
output_clip_01,NET,8204,2024-05-08,13,0.000367126931626681
output_clip_01,NET,8204,2024-05-08,14,0.00030617961908271994
output_clip_01,NET,8204,2024-05-08,15,0.00032744115966135926
output_clip_01,NET,8204,2024-05-08,16,0.0003227976748018629
output_clip_01,NET,8204,2024-05-08,17,0.00033410999908205246
output_clip_01,NET,8204,2024-05-08,18,0.00039495494365491667
output_clip_01,NET,8204,2024-05-08,19,0.000462992017713916
output_clip_01,NET,8204,2024-05-08,20,0.0004200810470552744
output_clip_01,NET,8204,2024-05-08,21,0.0004348705308700888
output_clip_01,NET,8204,2024-05-08,22,0.00042841996685876447
output_clip_01,NET,8204,2024-05-08,23,0.00040551325802668116
output_clip_01,NET,8204,2024-05-08,24,0.00047034590958594204
output_clip_01,NET,8204,2024-05-26,1,0.000504833765824883
output_clip_01,NET,8204,2024-05-26,2,0.0010722230828011715
output_clip_01,NET,8204,2024-05-26,3,0.0015446698846517443
output_clip_01,NET,8204,2024-05-26,4,0.0020248128509175838
output_clip_01,NET,8204,2024-05-26,5,0.0024165422104196737
output_clip_01,NET,8204,2024-05-26,6,0.0025542474744089027
output_clip_01,NET,8204,2024-05-26,7,0.0026091557456802074
output_clip_01,NET,8204,2024-05-26,8,0.0028184324397991845
output_clip_01,NET,8204,2024-05-26,9,0.0029807651024966403
output_clip_01,NET,8204,2024-05-26,10,0.0032983256647140997
output_clip_01,NET,8204,2024-05-26,11,0.003559793518416246
output_clip_01,NET,8204,2024-05-26,12,0.0035561453436987137
output_clip_01,NET,8204,2024-05-26,13,0.003554521941907696
output_clip_01,NET,8204,2024-05-26,14,0.0036854379817281395
output_clip_01,NET,8204,2024-05-26,15,0.0038367279482002235
output_clip_01,NET,8204,2024-05-26,16,0.004148244233195674
output_clip_01,NET,8204,2024-05-26,17,0.004396765166607414
output_clip_01,NET,8204,2024-05-26,18,0.004456480672310881
output_clip_01,NET,8204,2024-05-26,19,0.004433089577619608
output_clip_01,NET,8204,2024-05-26,20,0.004465981468636802
output_clip_01,NET,8204,2024-05-26,21,0.004612733371338324
output_clip_01,NET,8204,2024-05-26,22,0.004910308186112088
output_clip_01,NET,8204,2024-05-26,23,0.005155280922675312
output_clip_01,NET,8204,2024-05-26,24,0.005201430687246704
output_clip_01,NET,8204,2024-06-26,1,0.00011106119280844289
output_clip_01,NET,8204,2024-06-26,2,0.00013723374129682886
output_clip_01,NET,8204,2024-06-26,3,0.0001537269322190158
output_clip_01,NET,8204,2024-06-26,4,0.00016942829144727455
output_clip_01,NET,8204,2024-06-26,5,0.00023383539798635963
output_clip_01,NET,8204,2024-06-26,6,0.000327426458217475
output_clip_01,NET,8204,2024-06-26,7,0.00023712858406763
output_clip_01,NET,8204,2024-06-26,8,0.00026197830518881265
output_clip_01,NET,8204,2024-06-26,9,0.00028471926335143816
output_clip_01,NET,8204,2024-06-26,10,0.00028309740134148885
output_clip_01,NET,8204,2024-06-26,11,0.00030621604112279034
output_clip_01,NET,8204,2024-06-26,12,0.00041625059549245554
output_clip_01,NET,8204,2024-06-26,13,0.0003236620042987533
output_clip_01,NET,8204,2024-06-26,14,0.0003466963097460959
output_clip_01,NET,8204,2024-06-26,15,0.00036374655234706015
output_clip_01,NET,8204,2024-06-26,16,0.00037070935530793037
output_clip_01,NET,8204,2024-06-26,17,0.00041434375670467376
output_clip_01,NET,8204,2024-06-26,18,0.0005621756471501289
output_clip_01,NET,8204,2024-06-26,19,0.00048640165857926395
output_clip_01,NET,8204,2024-06-26,20,0.0005209024533902933
output_clip_01,NET,8204,2024-06-26,21,0.0005367574121876808
output_clip_01,NET,8204,2024-06-26,22,0.0005437372551685653
output_clip_01,NET,8204,2024-06-26,23,0.0005782692101481719
output_clip_01,NET,8204,2024-06-26,24,0.0006815622013430921
output_clip_01,NET,8204,2024-09-27,1,0.0007827171308434638
output_clip_01,NET,8204,2024-09-27,2,0.001813234128610416
output_clip_01,NET,8204,2024-09-27,3,0.0029210921218471115
output_clip_01,NET,8204,2024-09-27,4,0.003958002488014477
output_clip_01,NET,8204,2024-09-27,5,0.00522816677388234
output_clip_01,NET,8204,2024-09-27,6,0.005769307312126732
output_clip_01,NET,8204,2024-09-27,7,0.006303202688020925
output_clip_01,NET,8204,2024-09-27,8,0.006780678609838948
output_clip_01,NET,8204,2024-09-27,9,0.007301951776042452
output_clip_01,NET,8204,2024-09-27,10,0.007752787437308365
output_clip_01,NET,8204,2024-09-27,11,0.008360676843208228
output_clip_01,NET,8204,2024-09-27,12,0.008506669382043745
output_clip_01,NET,8204,2024-09-27,13,0.008713657910101204
output_clip_01,NET,8204,2024-09-27,14,0.008824241624921503
output_clip_01,NET,8204,2024-09-27,15,0.00936090047936713
output_clip_01,NET,8204,2024-09-27,16,0.009764470503757276
output_clip_01,NET,8204,2024-09-27,17,0.010772154265124956
output_clip_01,NET,8204,2024-09-27,18,0.011046057597819403
output_clip_01,NET,8204,2024-09-27,19,0.01130144088257532
output_clip_01,NET,8204,2024-09-27,20,0.011577637533759406
output_clip_01,NET,8204,2024-09-27,21,0.012428009965322605
output_clip_01,NET,8204,2024-09-27,22,0.012830955380751677
output_clip_01,NET,8204,2024-09-27,23,0.01395670491315988
output_clip_01,NET,8204,2024-09-27,24,0.014401624180548757
output_clip_01,NET,8205,2024-01-09,1,0.00020401644277613008
output_clip_01,NET,8205,2024-01-09,2,0.00030503736360622073
output_clip_01,NET,8205,2024-01-09,3,0.00032819260727602124
output_clip_01,NET,8205,2024-01-09,4,0.000519501550423599
output_clip_01,NET,8205,2024-01-09,5,0.0005301696621238946
output_clip_01,NET,8205,2024-01-09,6,0.0005570233404443159
output_clip_01,NET,8205,2024-01-09,7,0.00047814590655740984
output_clip_01,NET,8205,2024-01-09,8,0.0005225868094976628
output_clip_01,NET,8205,2024-01-09,9,0.00048699275837576995
output_clip_01,NET,8205,2024-01-09,10,0.0006510826244157402
output_clip_01,NET,8205,2024-01-09,11,0.0006589339671104433
output_clip_01,NET,8205,2024-01-09,12,0.0006989086588962757
output_clip_01,NET,8205,2024-01-09,13,0.0006361443274810057
output_clip_01,NET,8205,2024-01-09,14,0.0007404824429976683
output_clip_01,NET,8205,2024-01-09,15,0.0007020911525630632
output_clip_01,NET,8205,2024-01-09,16,0.0008830888117307336
output_clip_01,NET,8205,2024-01-09,17,0.0009076182784706815
output_clip_01,NET,8205,2024-01-09,18,0.0009534871178261447
output_clip_01,NET,8205,2024-01-09,19,0.0008740514073729531
output_clip_01,NET,8205,2024-01-09,20,0.0008844095848498965
output_clip_01,NET,8205,2024-01-09,21,0.0008261931306676552
output_clip_01,NET,8205,2024-01-09,22,0.001026043776020574
output_clip_01,NET,8205,2024-01-09,23,0.0009708846269210061
output_clip_01,NET,8205,2024-01-09,24,0.0010070689533155021
output_clip_01,NET,8205,2024-01-12,1,0.00011420600761650874
output_clip_01,NET,8205,2024-01-12,2,0.00019572383086562155
output_clip_01,NET,8205,2024-01-12,3,0.00028064041770399354
output_clip_01,NET,8205,2024-01-12,4,0.0003583140199632857
output_clip_01,NET,8205,2024-01-12,5,0.00037103298351224016
output_clip_01,NET,8205,2024-01-12,6,0.00036324999443281924
output_clip_01,NET,8205,2024-01-12,7,0.0003548229957609711
output_clip_01,NET,8205,2024-01-12,8,0.00040205603745011324
output_clip_01,NET,8205,2024-01-12,9,0.0004149539010505662
output_clip_01,NET,8205,2024-01-12,10,0.0004703378276064068
output_clip_01,NET,8205,2024-01-12,11,0.0004430641291543567
output_clip_01,NET,8205,2024-01-12,12,0.000434127882708425
output_clip_01,NET,8205,2024-01-12,13,0.00042641541283065023
output_clip_01,NET,8205,2024-01-12,14,0.0004752825962793684
output_clip_01,NET,8205,2024-01-12,15,0.00048354210303318366
output_clip_01,NET,8205,2024-01-12,16,0.0005236346667042749
output_clip_01,NET,8205,2024-01-12,17,0.0004924616707797922
output_clip_01,NET,8205,2024-01-12,18,0.0005007793691143103
output_clip_01,NET,8205,2024-01-12,19,0.000509093569738376
output_clip_01,NET,8205,2024-01-12,20,0.0005499844565380324
output_clip_01,NET,8205,2024-01-12,21,0.0005546423649802244
output_clip_01,NET,8205,2024-01-12,22,0.0006066930638247508
output_clip_01,NET,8205,2024-01-12,23,0.0005820709469872427
output_clip_01,NET,8205,2024-01-12,24,0.0005792830168829858
output_clip_01,NET,8205,2024-05-08,1,0.0002579837452767287
output_clip_01,NET,8205,2024-05-08,2,0.00018463299576503307
output_clip_01,NET,8205,2024-05-08,3,0.00023198862363179324
output_clip_01,NET,8205,2024-05-08,4,0.00022228578579181559
output_clip_01,NET,8205,2024-05-08,5,0.00020557436905884843
output_clip_01,NET,8205,2024-05-08,6,0.0002359975708943493
output_clip_01,NET,8205,2024-05-08,7,0.000289369870976069
output_clip_01,NET,8205,2024-05-08,8,0.0002362310073550587
output_clip_01,NET,8205,2024-05-08,9,0.0002442359035972089
output_clip_01,NET,8205,2024-05-08,10,0.00023906419214199555
output_clip_01,NET,8205,2024-05-08,11,0.00020495756664147405
output_clip_01,NET,8205,2024-05-08,12,0.00022435573782074138
output_clip_01,NET,8205,2024-05-08,13,0.0002810940262444835
output_clip_01,NET,8205,2024-05-08,14,0.00023410039856590912
output_clip_01,NET,8205,2024-05-08,15,0.0002469965536338971
output_clip_01,NET,8205,2024-05-08,16,0.00023239619707627268
output_clip_01,NET,8205,2024-05-08,17,0.00020898430378890061
output_clip_01,NET,8205,2024-05-08,18,0.0002497765549305826
output_clip_01,NET,8205,2024-05-08,19,0.00031672688777548694
output_clip_01,NET,8205,2024-05-08,20,0.0002683676142671153
output_clip_01,NET,8205,2024-05-08,21,0.00028584918013817724
output_clip_01,NET,8205,2024-05-08,22,0.000275052665748684
output_clip_01,NET,8205,2024-05-08,23,0.0002584514104408143
output_clip_01,NET,8205,2024-05-08,24,0.00029465320129550996
output_clip_01,NET,8205,2024-05-26,1,0.000560350330247897
output_clip_01,NET,8205,2024-05-26,2,0.0010700276225768812
output_clip_01,NET,8205,2024-05-26,3,0.0015549927066800045
output_clip_01,NET,8205,2024-05-26,4,0.002017443579172732
output_clip_01,NET,8205,2024-05-26,5,0.00237618830834001
output_clip_01,NET,8205,2024-05-26,6,0.0024915537968608083
output_clip_01,NET,8205,2024-05-26,7,0.0025122382295155563
output_clip_01,NET,8205,2024-05-26,8,0.0027516943514657123
output_clip_01,NET,8205,2024-05-26,9,0.0029148945605031395
output_clip_01,NET,8205,2024-05-26,10,0.0032158531640042775
output_clip_01,NET,8205,2024-05-26,11,0.0034550619723448073
output_clip_01,NET,8205,2024-05-26,12,0.0034602374877757995
output_clip_01,NET,8205,2024-05-26,13,0.0034074317530223136
output_clip_01,NET,8205,2024-05-26,14,0.0035578670926781756
output_clip_01,NET,8205,2024-05-26,15,0.0037038232806874583
output_clip_01,NET,8205,2024-05-26,16,0.004017598774130358
output_clip_01,NET,8205,2024-05-26,17,0.004244496360581002
output_clip_01,NET,8205,2024-05-26,18,0.004242901042281614
output_clip_01,NET,8205,2024-05-26,19,0.0041446689086825405
output_clip_01,NET,8205,2024-05-26,20,0.00415020900610908
output_clip_01,NET,8205,2024-05-26,21,0.004263366219974535
output_clip_01,NET,8205,2024-05-26,22,0.004551212676146398
output_clip_01,NET,8205,2024-05-26,23,0.0047604764947188
output_clip_01,NET,8205,2024-05-26,24,0.00475047638730192
output_clip_01,NET,8205,2024-06-26,1,0.00020196273072673523
output_clip_01,NET,8205,2024-06-26,2,0.0001554143591521055
output_clip_01,NET,8205,2024-06-26,3,0.0001677194130394046
output_clip_01,NET,8205,2024-06-26,4,0.00018632333701588488
output_clip_01,NET,8205,2024-06-26,5,0.000294903438449322
output_clip_01,NET,8205,2024-06-26,6,0.000362460130616302
output_clip_01,NET,8205,2024-06-26,7,0.0002778266109513711
output_clip_01,NET,8205,2024-06-26,8,0.0003011404426379886
output_clip_01,NET,8205,2024-06-26,9,0.00031933257082501207
output_clip_01,NET,8205,2024-06-26,10,0.00031927443083882277
output_clip_01,NET,8205,2024-06-26,11,0.0003313213240082024
output_clip_01,NET,8205,2024-06-26,12,0.00040819455798270503
output_clip_01,NET,8205,2024-06-26,13,0.0003137890990566838
output_clip_01,NET,8205,2024-06-26,14,0.0003300516679749044
output_clip_01,NET,8205,2024-06-26,15,0.00034570980443688536
output_clip_01,NET,8205,2024-06-26,16,0.0003335746760622567
output_clip_01,NET,8205,2024-06-26,17,0.00033948666264631684
output_clip_01,NET,8205,2024-06-26,18,0.00042624620013879207
output_clip_01,NET,8205,2024-06-26,19,0.00033451065102423186
output_clip_01,NET,8205,2024-06-26,20,0.0003537426894509057
output_clip_01,NET,8205,2024-06-26,21,0.0003717443563637383
output_clip_01,NET,8205,2024-06-26,22,0.0003623695304091183
output_clip_01,NET,8205,2024-06-26,23,0.00036876555009296604
output_clip_01,NET,8205,2024-06-26,24,0.00047054368303289877
output_clip_01,NET,8205,2024-09-27,1,0.0008562129124337487
output_clip_01,NET,8205,2024-09-27,2,0.001952607478079233
output_clip_01,NET,8205,2024-09-27,3,0.0033658457019824046
output_clip_01,NET,8205,2024-09-27,4,0.004469520448440745
output_clip_01,NET,8205,2024-09-27,5,0.00591334524189657
output_clip_01,NET,8205,2024-09-27,6,0.006608651205346528
output_clip_01,NET,8205,2024-09-27,7,0.007280946201578888
output_clip_01,NET,8205,2024-09-27,8,0.008061161665541548
output_clip_01,NET,8205,2024-09-27,9,0.008942530541242034
output_clip_01,NET,8205,2024-09-27,10,0.009446577115089014
output_clip_01,NET,8205,2024-09-27,11,0.009926982933776085
output_clip_01,NET,8205,2024-09-27,12,0.01025870154685824
output_clip_01,NET,8205,2024-09-27,13,0.010497892532237856
output_clip_01,NET,8205,2024-09-27,14,0.010814359174169015
output_clip_01,NET,8205,2024-09-27,15,0.011634727336560657
output_clip_01,NET,8205,2024-09-27,16,0.012008494661306091
output_clip_01,NET,8205,2024-09-27,17,0.012833181969137297
output_clip_01,NET,8205,2024-09-27,18,0.013066826156563006
output_clip_01,NET,8205,2024-09-27,19,0.01314506963638194
output_clip_01,NET,8205,2024-09-27,20,0.013429977659647721
output_clip_01,NET,8205,2024-09-27,21,0.01444154527991558
output_clip_01,NET,8205,2024-09-27,22,0.01485556279870455
output_clip_01,NET,8205,2024-09-27,23,0.01575505992123045
output_clip_01,NET,8205,2024-09-27,24,0.016269060277545204
output_clip_01,ASYM,8201,2024-01-09,1,0.00011632174703166064
output_clip_01,ASYM,8201,2024-01-09,2,0.0002072567783886271
output_clip_01,ASYM,8201,2024-01-09,3,0.00025659661691859997
output_clip_01,ASYM,8201,2024-01-09,4,0.00045145342388859153
output_clip_01,ASYM,8201,2024-01-09,5,0.00046205370083120874
output_clip_01,ASYM,8201,2024-01-09,6,0.0005328073535388889
output_clip_01,ASYM,8201,2024-01-09,7,0.00047676223196498394
output_clip_01,ASYM,8201,2024-01-09,8,0.0005410303093996875
output_clip_01,ASYM,8201,2024-01-09,9,0.0005355426458022454
output_clip_01,ASYM,8201,2024-01-09,10,0.000720978155802348
output_clip_01,ASYM,8201,2024-01-09,11,0.0007381442006021327
output_clip_01,ASYM,8201,2024-01-09,12,0.0007737345594113492
output_clip_01,ASYM,8201,2024-01-09,13,0.0007142078865114929
output_clip_01,ASYM,8201,2024-01-09,14,0.000811248197823518
output_clip_01,ASYM,8201,2024-01-09,15,0.0007939065388466289
output_clip_01,ASYM,8201,2024-01-09,16,0.0009975912399233264
output_clip_01,ASYM,8201,2024-01-09,17,0.0010041821960367467
output_clip_01,ASYM,8201,2024-01-09,18,0.0010401895327728143
output_clip_01,ASYM,8201,2024-01-09,19,0.000961438156302458
output_clip_01,ASYM,8201,2024-01-09,20,0.0009965287660302158
output_clip_01,ASYM,8201,2024-01-09,21,0.0009555550789686744
output_clip_01,ASYM,8201,2024-01-09,22,0.001148196558023377
output_clip_01,ASYM,8201,2024-01-09,23,0.001075777528445737
output_clip_01,ASYM,8201,2024-01-09,24,0.0011073212451525344
output_clip_01,ASYM,8201,2024-01-12,1,5.023101557098674e-05
output_clip_01,ASYM,8201,2024-01-12,2,0.00011183145405918013
output_clip_01,ASYM,8201,2024-01-12,3,0.00016758164602601343
output_clip_01,ASYM,8201,2024-01-12,4,0.00023857826702422666
output_clip_01,ASYM,8201,2024-01-12,5,0.0002643744452161589
output_clip_01,ASYM,8201,2024-01-12,6,0.00027085338582138855
output_clip_01,ASYM,8201,2024-01-12,7,0.0002718176204077228
output_clip_01,ASYM,8201,2024-01-12,8,0.0003293575708871323
output_clip_01,ASYM,8201,2024-01-12,9,0.00035819139439998197
output_clip_01,ASYM,8201,2024-01-12,10,0.0004177371164910512
output_clip_01,ASYM,8201,2024-01-12,11,0.00041458537784012765
output_clip_01,ASYM,8201,2024-01-12,12,0.00041336657128276244
output_clip_01,ASYM,8201,2024-01-12,13,0.00039729644875326057
output_clip_01,ASYM,8201,2024-01-12,14,0.0004574588666353716
output_clip_01,ASYM,8201,2024-01-12,15,0.00047309467630387837
output_clip_01,ASYM,8201,2024-01-12,16,0.0005380588725101146
output_clip_01,ASYM,8201,2024-01-12,17,0.0004983130072317734
output_clip_01,ASYM,8201,2024-01-12,18,0.0004944891268346837
output_clip_01,ASYM,8201,2024-01-12,19,0.000498606646207878
output_clip_01,ASYM,8201,2024-01-12,20,0.0005349319597871706
output_clip_01,ASYM,8201,2024-01-12,21,0.0005410729182467888
output_clip_01,ASYM,8201,2024-01-12,22,0.0006066628263259886
output_clip_01,ASYM,8201,2024-01-12,23,0.0005840661502964802
output_clip_01,ASYM,8201,2024-01-12,24,0.000574755194892049
output_clip_01,ASYM,8201,2024-05-08,1,0.00010978253115216826
output_clip_01,ASYM,8201,2024-05-08,2,0.0001298401632868132
output_clip_01,ASYM,8201,2024-05-08,3,0.00015688330595948935
output_clip_01,ASYM,8201,2024-05-08,4,0.00016805569996610953
output_clip_01,ASYM,8201,2024-05-08,5,0.00014937503832694506
output_clip_01,ASYM,8201,2024-05-08,6,0.00018931206378756596
output_clip_01,ASYM,8201,2024-05-08,7,0.00024867583000985215
output_clip_01,ASYM,8201,2024-05-08,8,0.00020360703296519017
output_clip_01,ASYM,8201,2024-05-08,9,0.00021920711006925454
output_clip_01,ASYM,8201,2024-05-08,10,0.00021798683491875366
output_clip_01,ASYM,8201,2024-05-08,11,0.00019597350211760387
output_clip_01,ASYM,8201,2024-05-08,12,0.00023139547506183738
output_clip_01,ASYM,8201,2024-05-08,13,0.0002962051800710574
output_clip_01,ASYM,8201,2024-05-08,14,0.0002496303854568562
output_clip_01,ASYM,8201,2024-05-08,15,0.0002726166673362411
output_clip_01,ASYM,8201,2024-05-08,16,0.00026227196532597493
output_clip_01,ASYM,8201,2024-05-08,17,0.0002468343683484252
output_clip_01,ASYM,8201,2024-05-08,18,0.0002875687494094036
output_clip_01,ASYM,8201,2024-05-08,19,0.0003529904161616937
output_clip_01,ASYM,8201,2024-05-08,20,0.00030894771624594543
output_clip_01,ASYM,8201,2024-05-08,21,0.000324796066530768
output_clip_01,ASYM,8201,2024-05-08,22,0.000309675094024568
output_clip_01,ASYM,8201,2024-05-08,23,0.0002840998401135979
output_clip_01,ASYM,8201,2024-05-08,24,0.00031316582547425326
output_clip_01,ASYM,8201,2024-05-26,1,0.0003150757945176461
output_clip_01,ASYM,8201,2024-05-26,2,0.0007690400791135252
output_clip_01,ASYM,8201,2024-05-26,3,0.0011548878890913405
output_clip_01,ASYM,8201,2024-05-26,4,0.0015707562729692472
output_clip_01,ASYM,8201,2024-05-26,5,0.0018950003691267999
output_clip_01,ASYM,8201,2024-05-26,6,0.0019723919118807996
output_clip_01,ASYM,8201,2024-05-26,7,0.00204197438163466
output_clip_01,ASYM,8201,2024-05-26,8,0.0023919540237418865
output_clip_01,ASYM,8201,2024-05-26,9,0.0026156337848422875
output_clip_01,ASYM,8201,2024-05-26,10,0.0029446596962903015
output_clip_01,ASYM,8201,2024-05-26,11,0.003209844462723312
output_clip_01,ASYM,8201,2024-05-26,12,0.00320615067201159
output_clip_01,ASYM,8201,2024-05-26,13,0.0032215220948072806
output_clip_01,ASYM,8201,2024-05-26,14,0.0034739250428155416
output_clip_01,ASYM,8201,2024-05-26,15,0.0036498334752521648
output_clip_01,ASYM,8201,2024-05-26,16,0.003981148757657355
output_clip_01,ASYM,8201,2024-05-26,17,0.004234106763037563
output_clip_01,ASYM,8201,2024-05-26,18,0.0042693571104902815
output_clip_01,ASYM,8201,2024-05-26,19,0.004258582823387489
output_clip_01,ASYM,8201,2024-05-26,20,0.004341547902052854
output_clip_01,ASYM,8201,2024-05-26,21,0.004529130711118562
output_clip_01,ASYM,8201,2024-05-26,22,0.0048611683588911615
output_clip_01,ASYM,8201,2024-05-26,23,0.005082830741373208
output_clip_01,ASYM,8201,2024-05-26,24,0.005095966891493427
output_clip_01,ASYM,8201,2024-06-26,1,8.59463840534597e-05
output_clip_01,ASYM,8201,2024-06-26,2,0.00010930340853809195
output_clip_01,ASYM,8201,2024-06-26,3,7.851879113306261e-05
output_clip_01,ASYM,8201,2024-06-26,4,0.00010915236000623129
output_clip_01,ASYM,8201,2024-06-26,5,0.00022863956437854253
output_clip_01,ASYM,8201,2024-06-26,6,0.0002869276289682436
output_clip_01,ASYM,8201,2024-06-26,7,0.0002057297270016361
output_clip_01,ASYM,8201,2024-06-26,8,0.00023987331000726035
output_clip_01,ASYM,8201,2024-06-26,9,0.0002657546503703231
output_clip_01,ASYM,8201,2024-06-26,10,0.00027405614239815637
output_clip_01,ASYM,8201,2024-06-26,11,0.00028600795686769387
output_clip_01,ASYM,8201,2024-06-26,12,0.00037846636809611396
output_clip_01,ASYM,8201,2024-06-26,13,0.00027915371544070936
output_clip_01,ASYM,8201,2024-06-26,14,0.00029901705571402297
output_clip_01,ASYM,8201,2024-06-26,15,0.0003232335533087542
output_clip_01,ASYM,8201,2024-06-26,16,0.0003041974745919096
output_clip_01,ASYM,8201,2024-06-26,17,0.0003076860170707655
output_clip_01,ASYM,8201,2024-06-26,18,0.00041119540919087145
output_clip_01,ASYM,8201,2024-06-26,19,0.00031315895978588
output_clip_01,ASYM,8201,2024-06-26,20,0.00032955049046544377
output_clip_01,ASYM,8201,2024-06-26,21,0.0003468920402321704
output_clip_01,ASYM,8201,2024-06-26,22,0.0003295976263567192
output_clip_01,ASYM,8201,2024-06-26,23,0.00032683076794459844
output_clip_01,ASYM,8201,2024-06-26,24,0.0004276219656615455
output_clip_01,ASYM,8201,2024-09-27,1,0.0004122540634396752
output_clip_01,ASYM,8201,2024-09-27,2,0.001109202874463309
output_clip_01,ASYM,8201,2024-09-27,3,0.0016964708549820524
output_clip_01,ASYM,8201,2024-09-27,4,0.0022966100734677338
output_clip_01,ASYM,8201,2024-09-27,5,0.0033238106009904666
output_clip_01,ASYM,8201,2024-09-27,6,0.0037089483117079864
output_clip_01,ASYM,8201,2024-09-27,7,0.004136268605101683
output_clip_01,ASYM,8201,2024-09-27,8,0.004575636732278058
output_clip_01,ASYM,8201,2024-09-27,9,0.00514025000363642
output_clip_01,ASYM,8201,2024-09-27,10,0.0053091604702425865
output_clip_01,ASYM,8201,2024-09-27,11,0.005802183765795693
output_clip_01,ASYM,8201,2024-09-27,12,0.00612467560769975
output_clip_01,ASYM,8201,2024-09-27,13,0.0065197951119262505
output_clip_01,ASYM,8201,2024-09-27,14,0.006893758093352761
output_clip_01,ASYM,8201,2024-09-27,15,0.007480497916267267
output_clip_01,ASYM,8201,2024-09-27,16,0.007807673544720132
output_clip_01,ASYM,8201,2024-09-27,17,0.00854884190555175
output_clip_01,ASYM,8201,2024-09-27,18,0.009015629358994205
output_clip_01,ASYM,8201,2024-09-27,19,0.009272545050188229
output_clip_01,ASYM,8201,2024-09-27,20,0.009680349625804302
output_clip_01,ASYM,8201,2024-09-27,21,0.010348476939440352
output_clip_01,ASYM,8201,2024-09-27,22,0.010737012586933894
output_clip_01,ASYM,8201,2024-09-27,23,0.011592052406561384
output_clip_01,ASYM,8201,2024-09-27,24,0.012058288099191657
output_clip_01,ASYM,8202,2024-01-09,1,0.0001234359045327181
output_clip_01,ASYM,8202,2024-01-09,2,0.0002223497132310368
output_clip_01,ASYM,8202,2024-01-09,3,0.000274791920469234
output_clip_01,ASYM,8202,2024-01-09,4,0.0004545205958224365
output_clip_01,ASYM,8202,2024-01-09,5,0.00047811250518772595
output_clip_01,ASYM,8202,2024-01-09,6,0.0005318868237425793
output_clip_01,ASYM,8202,2024-01-09,7,0.0005022060334018044
output_clip_01,ASYM,8202,2024-01-09,8,0.0005732275373949369
output_clip_01,ASYM,8202,2024-01-09,9,0.0005674514346832855
output_clip_01,ASYM,8202,2024-01-09,10,0.0007572473282536893
output_clip_01,ASYM,8202,2024-01-09,11,0.0007872412465597629
output_clip_01,ASYM,8202,2024-01-09,12,0.0008238218629327795
output_clip_01,ASYM,8202,2024-01-09,13,0.0007662170955586217
output_clip_01,ASYM,8202,2024-01-09,14,0.0008879752577153963
output_clip_01,ASYM,8202,2024-01-09,15,0.0008708832315152642
output_clip_01,ASYM,8202,2024-01-09,16,0.001080112079338332
output_clip_01,ASYM,8202,2024-01-09,17,0.0010925767368164295
output_clip_01,ASYM,8202,2024-01-09,18,0.0011329227802114761
output_clip_01,ASYM,8202,2024-01-09,19,0.0010528143939260363
output_clip_01,ASYM,8202,2024-01-09,20,0.0011002466952787426
output_clip_01,ASYM,8202,2024-01-09,21,0.0010649413448049895
output_clip_01,ASYM,8202,2024-01-09,22,0.0012581544031493837
output_clip_01,ASYM,8202,2024-01-09,23,0.0011726773139370775
output_clip_01,ASYM,8202,2024-01-09,24,0.0012011362337949263
output_clip_01,ASYM,8202,2024-01-12,1,5.294269760978989e-05
output_clip_01,ASYM,8202,2024-01-12,2,0.00012678397186207811
output_clip_01,ASYM,8202,2024-01-12,3,0.0001941722959267129
output_clip_01,ASYM,8202,2024-01-12,4,0.0002882865334990762
output_clip_01,ASYM,8202,2024-01-12,5,0.00030116487355051744
output_clip_01,ASYM,8202,2024-01-12,6,0.0003242232741079307
output_clip_01,ASYM,8202,2024-01-12,7,0.0003337789385077743
output_clip_01,ASYM,8202,2024-01-12,8,0.0004128417722535295
output_clip_01,ASYM,8202,2024-01-12,9,0.000448224484400954
output_clip_01,ASYM,8202,2024-01-12,10,0.0005211108266132386
output_clip_01,ASYM,8202,2024-01-12,11,0.00047563638651955994
output_clip_01,ASYM,8202,2024-01-12,12,0.00048274093742373624
output_clip_01,ASYM,8202,2024-01-12,13,0.000462136073541901
output_clip_01,ASYM,8202,2024-01-12,14,0.0005328344888236412
output_clip_01,ASYM,8202,2024-01-12,15,0.000547971706426778
output_clip_01,ASYM,8202,2024-01-12,16,0.0006120915434075434
output_clip_01,ASYM,8202,2024-01-12,17,0.000544870595557539
output_clip_01,ASYM,8202,2024-01-12,18,0.0005391813321676536
output_clip_01,ASYM,8202,2024-01-12,19,0.0005334515466604149
output_clip_01,ASYM,8202,2024-01-12,20,0.0005679428937448254
output_clip_01,ASYM,8202,2024-01-12,21,0.0005699000849874725
output_clip_01,ASYM,8202,2024-01-12,22,0.0006347355313367505
output_clip_01,ASYM,8202,2024-01-12,23,0.0006132304187764287
output_clip_01,ASYM,8202,2024-01-12,24,0.0005956450394792121
output_clip_01,ASYM,8202,2024-05-08,1,0.0001118269637276135
output_clip_01,ASYM,8202,2024-05-08,2,0.0001304255580209214
output_clip_01,ASYM,8202,2024-05-08,3,0.00016142937231931648
output_clip_01,ASYM,8202,2024-05-08,4,0.00017211650658020022
output_clip_01,ASYM,8202,2024-05-08,5,0.00015763960521541132
output_clip_01,ASYM,8202,2024-05-08,6,0.00020017956753221375
output_clip_01,ASYM,8202,2024-05-08,7,0.0002625755937477909
output_clip_01,ASYM,8202,2024-05-08,8,0.00021981395892323874
output_clip_01,ASYM,8202,2024-05-08,9,0.00023979717426897318
output_clip_01,ASYM,8202,2024-05-08,10,0.00023785585644379314
output_clip_01,ASYM,8202,2024-05-08,11,0.00021871664863648395
output_clip_01,ASYM,8202,2024-05-08,12,0.000257409305212368
output_clip_01,ASYM,8202,2024-05-08,13,0.0003222931034620842
output_clip_01,ASYM,8202,2024-05-08,14,0.00027682314977953414
output_clip_01,ASYM,8202,2024-05-08,15,0.00030020139272522316
output_clip_01,ASYM,8202,2024-05-08,16,0.0002883724151361801
output_clip_01,ASYM,8202,2024-05-08,17,0.0002733006567414777
output_clip_01,ASYM,8202,2024-05-08,18,0.00031291891080305724
output_clip_01,ASYM,8202,2024-05-08,19,0.0003734436355871478
output_clip_01,ASYM,8202,2024-05-08,20,0.0003266286196488324
output_clip_01,ASYM,8202,2024-05-08,21,0.0003441184042751467
output_clip_01,ASYM,8202,2024-05-08,22,0.00032910611598833213
output_clip_01,ASYM,8202,2024-05-08,23,0.00030587503177159875
output_clip_01,ASYM,8202,2024-05-08,24,0.00033681165582749595
output_clip_01,ASYM,8202,2024-05-26,1,0.00035590474758034364
output_clip_01,ASYM,8202,2024-05-26,2,0.000891855009218538
output_clip_01,ASYM,8202,2024-05-26,3,0.001346835913445069
output_clip_01,ASYM,8202,2024-05-26,4,0.0018423931271189077
output_clip_01,ASYM,8202,2024-05-26,5,0.002235945017481483
output_clip_01,ASYM,8202,2024-05-26,6,0.0023703842891118917
output_clip_01,ASYM,8202,2024-05-26,7,0.0024543738623085645
output_clip_01,ASYM,8202,2024-05-26,8,0.0028042691511662057
output_clip_01,ASYM,8202,2024-05-26,9,0.003051458618931313
output_clip_01,ASYM,8202,2024-05-26,10,0.0034277365988702006
output_clip_01,ASYM,8202,2024-05-26,11,0.0037419176809588917
output_clip_01,ASYM,8202,2024-05-26,12,0.003817678830299555
output_clip_01,ASYM,8202,2024-05-26,13,0.0037950211068327896
output_clip_01,ASYM,8202,2024-05-26,14,0.003938410853095609
output_clip_01,ASYM,8202,2024-05-26,15,0.004091439596702588
output_clip_01,ASYM,8202,2024-05-26,16,0.004438023918072667
output_clip_01,ASYM,8202,2024-05-26,17,0.00468391888128429
output_clip_01,ASYM,8202,2024-05-26,18,0.004742322791208381
output_clip_01,ASYM,8202,2024-05-26,19,0.004699165983813793
output_clip_01,ASYM,8202,2024-05-26,20,0.004668517518546331
output_clip_01,ASYM,8202,2024-05-26,21,0.004809754444888464
output_clip_01,ASYM,8202,2024-05-26,22,0.005121244229267063
output_clip_01,ASYM,8202,2024-05-26,23,0.005323181535788577
output_clip_01,ASYM,8202,2024-05-26,24,0.005353669179728694
output_clip_01,ASYM,8202,2024-06-26,1,8.03723239209367e-05
output_clip_01,ASYM,8202,2024-06-26,2,0.00010019263829012952
output_clip_01,ASYM,8202,2024-06-26,3,8.117132568946876e-05
output_clip_01,ASYM,8202,2024-06-26,4,0.00010902131008575068
output_clip_01,ASYM,8202,2024-06-26,5,0.00021622930188909978
output_clip_01,ASYM,8202,2024-06-26,6,0.0002761249997704072
output_clip_01,ASYM,8202,2024-06-26,7,0.00019191998844282152
output_clip_01,ASYM,8202,2024-06-26,8,0.00022456969892126996
output_clip_01,ASYM,8202,2024-06-26,9,0.00025209615509892957
output_clip_01,ASYM,8202,2024-06-26,10,0.00025098236890556155
output_clip_01,ASYM,8202,2024-06-26,11,0.00026450062264126687
output_clip_01,ASYM,8202,2024-06-26,12,0.00035918717933166667
output_clip_01,ASYM,8202,2024-06-26,13,0.0002609977944403599
output_clip_01,ASYM,8202,2024-06-26,14,0.000283280919583582
output_clip_01,ASYM,8202,2024-06-26,15,0.0003076587046395394
output_clip_01,ASYM,8202,2024-06-26,16,0.0002937269991984326
output_clip_01,ASYM,8202,2024-06-26,17,0.00030032695680937783
output_clip_01,ASYM,8202,2024-06-26,18,0.00040367481888849404
output_clip_01,ASYM,8202,2024-06-26,19,0.0003039993932257229
output_clip_01,ASYM,8202,2024-06-26,20,0.00032389301269979023
output_clip_01,ASYM,8202,2024-06-26,21,0.0003430714548566144
output_clip_01,ASYM,8202,2024-06-26,22,0.00033054971799401913
output_clip_01,ASYM,8202,2024-06-26,23,0.00033764665064746
output_clip_01,ASYM,8202,2024-06-26,24,0.00044341066214867973
output_clip_01,ASYM,8202,2024-09-27,1,0.00044342101317502427
output_clip_01,ASYM,8202,2024-09-27,2,0.0012675106634114895
output_clip_01,ASYM,8202,2024-09-27,3,0.002164005230084449
output_clip_01,ASYM,8202,2024-09-27,4,0.0030721018973318658
output_clip_01,ASYM,8202,2024-09-27,5,0.004365503123033852
output_clip_01,ASYM,8202,2024-09-27,6,0.005105922135065849
output_clip_01,ASYM,8202,2024-09-27,7,0.005676763866077916
output_clip_01,ASYM,8202,2024-09-27,8,0.006433777541700281
output_clip_01,ASYM,8202,2024-09-27,9,0.007468771501513274
output_clip_01,ASYM,8202,2024-09-27,10,0.0080443461299156
output_clip_01,ASYM,8202,2024-09-27,11,0.008760439821107162
output_clip_01,ASYM,8202,2024-09-27,12,0.009351222466973595
output_clip_01,ASYM,8202,2024-09-27,13,0.00969812488582755
output_clip_01,ASYM,8202,2024-09-27,14,0.010134158964916415
output_clip_01,ASYM,8202,2024-09-27,15,0.0110186278658072
output_clip_01,ASYM,8202,2024-09-27,16,0.011366552647264602
output_clip_01,ASYM,8202,2024-09-27,17,0.01193409613253746
output_clip_01,ASYM,8202,2024-09-27,18,0.012507003802258183
output_clip_01,ASYM,8202,2024-09-27,19,0.012763021449207997
output_clip_01,ASYM,8202,2024-09-27,20,0.013178437283036458
output_clip_01,ASYM,8202,2024-09-27,21,0.014093509725620033
output_clip_01,ASYM,8202,2024-09-27,22,0.014581495840729642
output_clip_01,ASYM,8202,2024-09-27,23,0.01545362659046478
output_clip_01,ASYM,8202,2024-09-27,24,0.016029476668902237
output_clip_01,ASYM,8203,2024-01-09,1,0.00011535768452696746
output_clip_01,ASYM,8203,2024-01-09,2,0.00020793841382485734
output_clip_01,ASYM,8203,2024-01-09,3,0.0002637160553633077
output_clip_01,ASYM,8203,2024-01-09,4,0.00045905423242861425
output_clip_01,ASYM,8203,2024-01-09,5,0.00048279475198166236
output_clip_01,ASYM,8203,2024-01-09,6,0.0005583137174107606
output_clip_01,ASYM,8203,2024-01-09,7,0.000540340155941991
output_clip_01,ASYM,8203,2024-01-09,8,0.0006302066368291898
output_clip_01,ASYM,8203,2024-01-09,9,0.0006428953168115118
output_clip_01,ASYM,8203,2024-01-09,10,0.0008459885413332994
output_clip_01,ASYM,8203,2024-01-09,11,0.0008745377449447603
output_clip_01,ASYM,8203,2024-01-09,12,0.0009250295440646019
output_clip_01,ASYM,8203,2024-01-09,13,0.0008824275409995556
output_clip_01,ASYM,8203,2024-01-09,14,0.0010108505557036595
output_clip_01,ASYM,8203,2024-01-09,15,0.000999400009349422
output_clip_01,ASYM,8203,2024-01-09,16,0.0012115015672233395
output_clip_01,ASYM,8203,2024-01-09,17,0.0012309440558352903
output_clip_01,ASYM,8203,2024-01-09,18,0.0012749251030968764
output_clip_01,ASYM,8203,2024-01-09,19,0.0012030441364224986
output_clip_01,ASYM,8203,2024-01-09,20,0.001255313338400732
output_clip_01,ASYM,8203,2024-01-09,21,0.0012215625826170926
output_clip_01,ASYM,8203,2024-01-09,22,0.0014261715473384202
output_clip_01,ASYM,8203,2024-01-09,23,0.001368903807099584
output_clip_01,ASYM,8203,2024-01-09,24,0.0014052305521210064
output_clip_01,ASYM,8203,2024-01-12,1,4.975446428965554e-05
output_clip_01,ASYM,8203,2024-01-12,2,0.00011169088748758784
output_clip_01,ASYM,8203,2024-01-12,3,0.00017171287751020016
output_clip_01,ASYM,8203,2024-01-12,4,0.0002454356094557222
output_clip_01,ASYM,8203,2024-01-12,5,0.0002734825409499812
output_clip_01,ASYM,8203,2024-01-12,6,0.00028237576092698816
output_clip_01,ASYM,8203,2024-01-12,7,0.00028843618866805377
output_clip_01,ASYM,8203,2024-01-12,8,0.00034087041111333755
output_clip_01,ASYM,8203,2024-01-12,9,0.0003710002925329246
output_clip_01,ASYM,8203,2024-01-12,10,0.0004272304218970634
output_clip_01,ASYM,8203,2024-01-12,11,0.0004295141923888019
output_clip_01,ASYM,8203,2024-01-12,12,0.00043236420782275984
output_clip_01,ASYM,8203,2024-01-12,13,0.0004215812411681172
output_clip_01,ASYM,8203,2024-01-12,14,0.00047468841455046873
output_clip_01,ASYM,8203,2024-01-12,15,0.0004970533403401577
output_clip_01,ASYM,8203,2024-01-12,16,0.0005632158130113357
output_clip_01,ASYM,8203,2024-01-12,17,0.0005503807080480148
output_clip_01,ASYM,8203,2024-01-12,18,0.0005563844765418923
output_clip_01,ASYM,8203,2024-01-12,19,0.0005705363364369054
output_clip_01,ASYM,8203,2024-01-12,20,0.0005906150179990021
output_clip_01,ASYM,8203,2024-01-12,21,0.000604607222462745
output_clip_01,ASYM,8203,2024-01-12,22,0.00068113748588042
output_clip_01,ASYM,8203,2024-01-12,23,0.0006726694186607786
output_clip_01,ASYM,8203,2024-01-12,24,0.0006770949169334512
output_clip_01,ASYM,8203,2024-05-08,1,0.00011016679848024948
output_clip_01,ASYM,8203,2024-05-08,2,0.00012876293210663288
output_clip_01,ASYM,8203,2024-05-08,3,0.0001571580123241326
output_clip_01,ASYM,8203,2024-05-08,4,0.00016992889874386532
output_clip_01,ASYM,8203,2024-05-08,5,0.00015759432779420342
output_clip_01,ASYM,8203,2024-05-08,6,0.00019955655457352866
output_clip_01,ASYM,8203,2024-05-08,7,0.00027022782503870847
output_clip_01,ASYM,8203,2024-05-08,8,0.00022137943129789647
output_clip_01,ASYM,8203,2024-05-08,9,0.0002472323101193444
output_clip_01,ASYM,8203,2024-05-08,10,0.0002522106753384108
output_clip_01,ASYM,8203,2024-05-08,11,0.00024143279068440744
output_clip_01,ASYM,8203,2024-05-08,12,0.00028253453424545346
output_clip_01,ASYM,8203,2024-05-08,13,0.00035258551904664083
output_clip_01,ASYM,8203,2024-05-08,14,0.00031041957662858135
output_clip_01,ASYM,8203,2024-05-08,15,0.0003391540844169423
output_clip_01,ASYM,8203,2024-05-08,16,0.0003374277657621918
output_clip_01,ASYM,8203,2024-05-08,17,0.00032687526412964943
output_clip_01,ASYM,8203,2024-05-08,18,0.00037310400425288876
output_clip_01,ASYM,8203,2024-05-08,19,0.0004326561617877006
output_clip_01,ASYM,8203,2024-05-08,20,0.00038406905328123154
output_clip_01,ASYM,8203,2024-05-08,21,0.00039335166937068866
output_clip_01,ASYM,8203,2024-05-08,22,0.0003695222975271394
output_clip_01,ASYM,8203,2024-05-08,23,0.00033840876576227423
output_clip_01,ASYM,8203,2024-05-08,24,0.00036436370655996975
output_clip_01,ASYM,8203,2024-05-26,1,0.0003515760454751747
output_clip_01,ASYM,8203,2024-05-26,2,0.0008498592758915688
output_clip_01,ASYM,8203,2024-05-26,3,0.001258654744218133
output_clip_01,ASYM,8203,2024-05-26,4,0.0017011953828211031
output_clip_01,ASYM,8203,2024-05-26,5,0.002059888249055099
output_clip_01,ASYM,8203,2024-05-26,6,0.0021824404249188405
output_clip_01,ASYM,8203,2024-05-26,7,0.002267659458076343
output_clip_01,ASYM,8203,2024-05-26,8,0.0026227111632550508
output_clip_01,ASYM,8203,2024-05-26,9,0.0028359148312796095
output_clip_01,ASYM,8203,2024-05-26,10,0.0031731765779164003
output_clip_01,ASYM,8203,2024-05-26,11,0.003470770217927348
output_clip_01,ASYM,8203,2024-05-26,12,0.0035349152417109946
output_clip_01,ASYM,8203,2024-05-26,13,0.003525748198890753
output_clip_01,ASYM,8203,2024-05-26,14,0.003738303982246426
output_clip_01,ASYM,8203,2024-05-26,15,0.003905456161270931
output_clip_01,ASYM,8203,2024-05-26,16,0.004244756328482587
output_clip_01,ASYM,8203,2024-05-26,17,0.004493326997852319
output_clip_01,ASYM,8203,2024-05-26,18,0.004541468821207208
output_clip_01,ASYM,8203,2024-05-26,19,0.004513140627572644
output_clip_01,ASYM,8203,2024-05-26,20,0.004512346760865791
output_clip_01,ASYM,8203,2024-05-26,21,0.004656635762234121
output_clip_01,ASYM,8203,2024-05-26,22,0.004964842901539085
output_clip_01,ASYM,8203,2024-05-26,23,0.005178398112944442
output_clip_01,ASYM,8203,2024-05-26,24,0.005186241718143226
output_clip_01,ASYM,8203,2024-06-26,1,8.202692696941814e-05
output_clip_01,ASYM,8203,2024-06-26,2,0.00010366373401846657
output_clip_01,ASYM,8203,2024-06-26,3,7.257214629797692e-05
output_clip_01,ASYM,8203,2024-06-26,4,9.783616996275469e-05
output_clip_01,ASYM,8203,2024-06-26,5,0.0002081492341878778
output_clip_01,ASYM,8203,2024-06-26,6,0.0002598976168299991
output_clip_01,ASYM,8203,2024-06-26,7,0.00017600330688649575
output_clip_01,ASYM,8203,2024-06-26,8,0.00020727475649528156
output_clip_01,ASYM,8203,2024-06-26,9,0.00023115123260321465
output_clip_01,ASYM,8203,2024-06-26,10,0.00023221153907856514
output_clip_01,ASYM,8203,2024-06-26,11,0.00024673643172518317
output_clip_01,ASYM,8203,2024-06-26,12,0.00033656143578926186
output_clip_01,ASYM,8203,2024-06-26,13,0.00023905409283521488
output_clip_01,ASYM,8203,2024-06-26,14,0.0002610519637335701
output_clip_01,ASYM,8203,2024-06-26,15,0.0002853662102658853
output_clip_01,ASYM,8203,2024-06-26,16,0.0002699454208530866
output_clip_01,ASYM,8203,2024-06-26,17,0.0002778141343462346
output_clip_01,ASYM,8203,2024-06-26,18,0.0003774111141665502
output_clip_01,ASYM,8203,2024-06-26,19,0.0002785960026121714
output_clip_01,ASYM,8203,2024-06-26,20,0.000295122768210064
output_clip_01,ASYM,8203,2024-06-26,21,0.00031435820061030407
output_clip_01,ASYM,8203,2024-06-26,22,0.00029767525694487506
output_clip_01,ASYM,8203,2024-06-26,23,0.0003005978247347352
output_clip_01,ASYM,8203,2024-06-26,24,0.00040130984238095365
output_clip_01,ASYM,8203,2024-09-27,1,0.0004164811055711657
output_clip_01,ASYM,8203,2024-09-27,2,0.0011796518314998866
output_clip_01,ASYM,8203,2024-09-27,3,0.001956455510932112
output_clip_01,ASYM,8203,2024-09-27,4,0.002674029497490813
output_clip_01,ASYM,8203,2024-09-27,5,0.003761553456785207
output_clip_01,ASYM,8203,2024-09-27,6,0.004278422293379198
output_clip_01,ASYM,8203,2024-09-27,7,0.00470996590012523
output_clip_01,ASYM,8203,2024-09-27,8,0.005329789495530215
output_clip_01,ASYM,8203,2024-09-27,9,0.006187602551752916
output_clip_01,ASYM,8203,2024-09-27,10,0.0065907067743551625
output_clip_01,ASYM,8203,2024-09-27,11,0.007134012334204248
output_clip_01,ASYM,8203,2024-09-27,12,0.007638758348583673
output_clip_01,ASYM,8203,2024-09-27,13,0.007986485174568384
output_clip_01,ASYM,8203,2024-09-27,14,0.008437355777656034
output_clip_01,ASYM,8203,2024-09-27,15,0.009206011221900288
output_clip_01,ASYM,8203,2024-09-27,16,0.009700310197797558
output_clip_01,ASYM,8203,2024-09-27,17,0.010346193207871985
output_clip_01,ASYM,8203,2024-09-27,18,0.011054154592314042
output_clip_01,ASYM,8203,2024-09-27,19,0.011312670521999645
output_clip_01,ASYM,8203,2024-09-27,20,0.011759044133115463
output_clip_01,ASYM,8203,2024-09-27,21,0.012556557037410139
output_clip_01,ASYM,8203,2024-09-27,22,0.01307458564311951
output_clip_01,ASYM,8203,2024-09-27,23,0.013862056705414592
output_clip_01,ASYM,8203,2024-09-27,24,0.01448600796610978
output_clip_01,ASYM,8204,2024-01-09,1,0.00011737719899825769
output_clip_01,ASYM,8204,2024-01-09,2,0.00021253226424565759
output_clip_01,ASYM,8204,2024-01-09,3,0.00026939539724586974
output_clip_01,ASYM,8204,2024-01-09,4,0.00047340919102307897
output_clip_01,ASYM,8204,2024-01-09,5,0.0004935964230479079
output_clip_01,ASYM,8204,2024-01-09,6,0.0005601584323904773
output_clip_01,ASYM,8204,2024-01-09,7,0.0004998052084979711
output_clip_01,ASYM,8204,2024-01-09,8,0.0005655818550968808
output_clip_01,ASYM,8204,2024-01-09,9,0.0005647875401902996
output_clip_01,ASYM,8204,2024-01-09,10,0.0007524686482335783
output_clip_01,ASYM,8204,2024-01-09,11,0.0007679223469064293
output_clip_01,ASYM,8204,2024-01-09,12,0.0008045517289277139
output_clip_01,ASYM,8204,2024-01-09,13,0.0007475664090603152
output_clip_01,ASYM,8204,2024-01-09,14,0.0008718424826592579
output_clip_01,ASYM,8204,2024-01-09,15,0.0008539786938083373
output_clip_01,ASYM,8204,2024-01-09,16,0.0010547804876156956
output_clip_01,ASYM,8204,2024-01-09,17,0.0010722195995852292
output_clip_01,ASYM,8204,2024-01-09,18,0.001103482394310668
output_clip_01,ASYM,8204,2024-01-09,19,0.0010348333615024302
output_clip_01,ASYM,8204,2024-01-09,20,0.0010698763479661953
output_clip_01,ASYM,8204,2024-01-09,21,0.001034016680021002
output_clip_01,ASYM,8204,2024-01-09,22,0.0012276035025237625
output_clip_01,ASYM,8204,2024-01-09,23,0.0011684229913422046
output_clip_01,ASYM,8204,2024-01-09,24,0.001203198378188133
output_clip_01,ASYM,8204,2024-01-12,1,5.180301017450018e-05
output_clip_01,ASYM,8204,2024-01-12,2,0.00011549138180559476
output_clip_01,ASYM,8204,2024-01-12,3,0.00017948089475640052
output_clip_01,ASYM,8204,2024-01-12,4,0.0002592252865756281
output_clip_01,ASYM,8204,2024-01-12,5,0.00030143543073967387
output_clip_01,ASYM,8204,2024-01-12,6,0.00031600685716634053
output_clip_01,ASYM,8204,2024-01-12,7,0.0003342265160874052
output_clip_01,ASYM,8204,2024-01-12,8,0.00039622133274012206
output_clip_01,ASYM,8204,2024-01-12,9,0.0004346454220614053
output_clip_01,ASYM,8204,2024-01-12,10,0.0005066192883027865
output_clip_01,ASYM,8204,2024-01-12,11,0.0005328626353868446
output_clip_01,ASYM,8204,2024-01-12,12,0.0005428172037445704
output_clip_01,ASYM,8204,2024-01-12,13,0.0005408161767574957
output_clip_01,ASYM,8204,2024-01-12,14,0.0006146611682905483
output_clip_01,ASYM,8204,2024-01-12,15,0.0006510850805561763
output_clip_01,ASYM,8204,2024-01-12,16,0.0007338720799810445
output_clip_01,ASYM,8204,2024-01-12,17,0.0007383596669762929
output_clip_01,ASYM,8204,2024-01-12,18,0.0007462939908961371
output_clip_01,ASYM,8204,2024-01-12,19,0.0007744344718635123
output_clip_01,ASYM,8204,2024-01-12,20,0.0008293309923717653
output_clip_01,ASYM,8204,2024-01-12,21,0.0008565475010937954
output_clip_01,ASYM,8204,2024-01-12,22,0.0009511430512858199
output_clip_01,ASYM,8204,2024-01-12,23,0.0009526077080080083
output_clip_01,ASYM,8204,2024-01-12,24,0.000969079895267946
output_clip_01,ASYM,8204,2024-05-08,1,0.00011032468492080556
output_clip_01,ASYM,8204,2024-05-08,2,0.00013104461341870933
output_clip_01,ASYM,8204,2024-05-08,3,0.0001617640210268315
output_clip_01,ASYM,8204,2024-05-08,4,0.0001763325670680455
output_clip_01,ASYM,8204,2024-05-08,5,0.00016523829036952858
output_clip_01,ASYM,8204,2024-05-08,6,0.00021480369450640622
output_clip_01,ASYM,8204,2024-05-08,7,0.0002778997176105417
output_clip_01,ASYM,8204,2024-05-08,8,0.00022865155700014993
output_clip_01,ASYM,8204,2024-05-08,9,0.0002550259334172204
output_clip_01,ASYM,8204,2024-05-08,10,0.0002596070809200393
output_clip_01,ASYM,8204,2024-05-08,11,0.00024003727381581314
output_clip_01,ASYM,8204,2024-05-08,12,0.000283810211126486
output_clip_01,ASYM,8204,2024-05-08,13,0.00034436727879986746
output_clip_01,ASYM,8204,2024-05-08,14,0.00030168536589549863
output_clip_01,ASYM,8204,2024-05-08,15,0.00032732940782745134
output_clip_01,ASYM,8204,2024-05-08,16,0.00032262633071428415
output_clip_01,ASYM,8204,2024-05-08,17,0.0003046475597034484
output_clip_01,ASYM,8204,2024-05-08,18,0.00035215899316241167
output_clip_01,ASYM,8204,2024-05-08,19,0.0004094909396146962
output_clip_01,ASYM,8204,2024-05-08,20,0.0003640840935194514
output_clip_01,ASYM,8204,2024-05-08,21,0.00038009565920094914
output_clip_01,ASYM,8204,2024-05-08,22,0.00036487066209657423
output_clip_01,ASYM,8204,2024-05-08,23,0.00034027154266794477
output_clip_01,ASYM,8204,2024-05-08,24,0.0003674097056462293
output_clip_01,ASYM,8204,2024-05-26,1,0.00031557164408463107
output_clip_01,ASYM,8204,2024-05-26,2,0.0007716088557638754
output_clip_01,ASYM,8204,2024-05-26,3,0.0011611796164233434
output_clip_01,ASYM,8204,2024-05-26,4,0.0015743472792185298
output_clip_01,ASYM,8204,2024-05-26,5,0.0019092924355910185
output_clip_01,ASYM,8204,2024-05-26,6,0.0019884316272404425
output_clip_01,ASYM,8204,2024-05-26,7,0.002061499083199658
output_clip_01,ASYM,8204,2024-05-26,8,0.0024072742665165806
output_clip_01,ASYM,8204,2024-05-26,9,0.0026240662483858978
output_clip_01,ASYM,8204,2024-05-26,10,0.0029376165738217714
output_clip_01,ASYM,8204,2024-05-26,11,0.003190912306454536
output_clip_01,ASYM,8204,2024-05-26,12,0.0031582138242206128
output_clip_01,ASYM,8204,2024-05-26,13,0.0031724674102015815
output_clip_01,ASYM,8204,2024-05-26,14,0.0034184160298921015
output_clip_01,ASYM,8204,2024-05-26,15,0.0035897011181574147
output_clip_01,ASYM,8204,2024-05-26,16,0.003902316519439164
output_clip_01,ASYM,8204,2024-05-26,17,0.004156458881329246
output_clip_01,ASYM,8204,2024-05-26,18,0.004178454527366791
output_clip_01,ASYM,8204,2024-05-26,19,0.004143260963082392
output_clip_01,ASYM,8204,2024-05-26,20,0.0042427974504600325
output_clip_01,ASYM,8204,2024-05-26,21,0.004414115891481084
output_clip_01,ASYM,8204,2024-05-26,22,0.004730738889123067
output_clip_01,ASYM,8204,2024-05-26,23,0.004952102538895191
output_clip_01,ASYM,8204,2024-05-26,24,0.004943781409424419
output_clip_01,ASYM,8204,2024-06-26,1,9.130980184207001e-05
output_clip_01,ASYM,8204,2024-06-26,2,0.00011806904298748241
output_clip_01,ASYM,8204,2024-06-26,3,8.024084327556635e-05
output_clip_01,ASYM,8204,2024-06-26,4,0.00011242406880090248
output_clip_01,ASYM,8204,2024-06-26,5,0.0002454574961297604
output_clip_01,ASYM,8204,2024-06-26,6,0.0002794499167296652
output_clip_01,ASYM,8204,2024-06-26,7,0.0001977904975974835
output_clip_01,ASYM,8204,2024-06-26,8,0.00023152286387935028
output_clip_01,ASYM,8204,2024-06-26,9,0.0002554366255056164
output_clip_01,ASYM,8204,2024-06-26,10,0.00026310044837271916
output_clip_01,ASYM,8204,2024-06-26,11,0.0002774837911865222
output_clip_01,ASYM,8204,2024-06-26,12,0.00036475179316403935
output_clip_01,ASYM,8204,2024-06-26,13,0.00026534193905826533
output_clip_01,ASYM,8204,2024-06-26,14,0.00028653060907999907
output_clip_01,ASYM,8204,2024-06-26,15,0.0003106933613406563
output_clip_01,ASYM,8204,2024-06-26,16,0.0002942693903615844
output_clip_01,ASYM,8204,2024-06-26,17,0.0003004068844395549
output_clip_01,ASYM,8204,2024-06-26,18,0.0004014716501706247
output_clip_01,ASYM,8204,2024-06-26,19,0.00030207536214510737
output_clip_01,ASYM,8204,2024-06-26,20,0.00031912343483533526
output_clip_01,ASYM,8204,2024-06-26,21,0.00033624337582117904
output_clip_01,ASYM,8204,2024-06-26,22,0.000320746609779294
output_clip_01,ASYM,8204,2024-06-26,23,0.000323271465210703
output_clip_01,ASYM,8204,2024-06-26,24,0.0004243075219148182
output_clip_01,ASYM,8204,2024-09-27,1,0.00043196929147947737
output_clip_01,ASYM,8204,2024-09-27,2,0.0012136402533559102
output_clip_01,ASYM,8204,2024-09-27,3,0.0019719773596867133
output_clip_01,ASYM,8204,2024-09-27,4,0.0027412884584422483
output_clip_01,ASYM,8204,2024-09-27,5,0.0038242933220678788
output_clip_01,ASYM,8204,2024-09-27,6,0.00441005889873386
output_clip_01,ASYM,8204,2024-09-27,7,0.004950080308341451
output_clip_01,ASYM,8204,2024-09-27,8,0.005675380433856334
output_clip_01,ASYM,8204,2024-09-27,9,0.006601681408595191
output_clip_01,ASYM,8204,2024-09-27,10,0.007116752825669707
output_clip_01,ASYM,8204,2024-09-27,11,0.007753017352823643
output_clip_01,ASYM,8204,2024-09-27,12,0.008307393954823846
output_clip_01,ASYM,8204,2024-09-27,13,0.008706681030349687
output_clip_01,ASYM,8204,2024-09-27,14,0.009257765698234853
output_clip_01,ASYM,8204,2024-09-27,15,0.010148933879102276
output_clip_01,ASYM,8204,2024-09-27,16,0.010559594533345486
output_clip_01,ASYM,8204,2024-09-27,17,0.01120694806448151
output_clip_01,ASYM,8204,2024-09-27,18,0.011860487637836889
output_clip_01,ASYM,8204,2024-09-27,19,0.012203347383649924
output_clip_01,ASYM,8204,2024-09-27,20,0.012714779928522836
output_clip_01,ASYM,8204,2024-09-27,21,0.013517464036270918
output_clip_01,ASYM,8204,2024-09-27,22,0.014022961766851775
output_clip_01,ASYM,8204,2024-09-27,23,0.014720992638527955
output_clip_01,ASYM,8204,2024-09-27,24,0.01532607309824204
output_clip_01,ASYM,8205,2024-01-09,1,0.00011534110138185386
output_clip_01,ASYM,8205,2024-01-09,2,0.0002090891637301478
output_clip_01,ASYM,8205,2024-01-09,3,0.00026434121895684806
output_clip_01,ASYM,8205,2024-01-09,4,0.0004638610251510277
output_clip_01,ASYM,8205,2024-01-09,5,0.00048101136262751227
output_clip_01,ASYM,8205,2024-01-09,6,0.000545675409147084
output_clip_01,ASYM,8205,2024-01-09,7,0.0004966788293135412
output_clip_01,ASYM,8205,2024-01-09,8,0.0005708515211409707
output_clip_01,ASYM,8205,2024-01-09,9,0.0005752992116295735
output_clip_01,ASYM,8205,2024-01-09,10,0.0007674505457459621
output_clip_01,ASYM,8205,2024-01-09,11,0.0007853773344271878
output_clip_01,ASYM,8205,2024-01-09,12,0.0008209224149459937
output_clip_01,ASYM,8205,2024-01-09,13,0.0007620300284552019
output_clip_01,ASYM,8205,2024-01-09,14,0.0008843238085429116
output_clip_01,ASYM,8205,2024-01-09,15,0.0008672107215338525
output_clip_01,ASYM,8205,2024-01-09,16,0.0010690791509130992
output_clip_01,ASYM,8205,2024-01-09,17,0.0010876767496931685
output_clip_01,ASYM,8205,2024-01-09,18,0.00112206005634572
output_clip_01,ASYM,8205,2024-01-09,19,0.0010446255929724118
output_clip_01,ASYM,8205,2024-01-09,20,0.0010782313112491116
output_clip_01,ASYM,8205,2024-01-09,21,0.0010423497055350643
output_clip_01,ASYM,8205,2024-01-09,22,0.001236457021580444
output_clip_01,ASYM,8205,2024-01-09,23,0.0011827265508693638
output_clip_01,ASYM,8205,2024-01-09,24,0.0012075907082776708
output_clip_01,ASYM,8205,2024-01-12,1,4.974707149609837e-05
output_clip_01,ASYM,8205,2024-01-12,2,0.0001142823688854394
output_clip_01,ASYM,8205,2024-01-12,3,0.0001753543305605745
output_clip_01,ASYM,8205,2024-01-12,4,0.0002469073705079468
output_clip_01,ASYM,8205,2024-01-12,5,0.00027175478250407
output_clip_01,ASYM,8205,2024-01-12,6,0.0002798597048351344
output_clip_01,ASYM,8205,2024-01-12,7,0.0002859374964612251
output_clip_01,ASYM,8205,2024-01-12,8,0.0003474507252887728
output_clip_01,ASYM,8205,2024-01-12,9,0.0003773838333810547
output_clip_01,ASYM,8205,2024-01-12,10,0.00043005714102105027
output_clip_01,ASYM,8205,2024-01-12,11,0.0004153778049068441
output_clip_01,ASYM,8205,2024-01-12,12,0.0004105990319020943
output_clip_01,ASYM,8205,2024-01-12,13,0.00038704845963257947
output_clip_01,ASYM,8205,2024-01-12,14,0.0004531517080096992
output_clip_01,ASYM,8205,2024-01-12,15,0.00046566130695979973
output_clip_01,ASYM,8205,2024-01-12,16,0.0005161817781858489
output_clip_01,ASYM,8205,2024-01-12,17,0.0004834055761420132
output_clip_01,ASYM,8205,2024-01-12,18,0.00047599093383601386
output_clip_01,ASYM,8205,2024-01-12,19,0.00048544524072834257
output_clip_01,ASYM,8205,2024-01-12,20,0.0005277273991305101
output_clip_01,ASYM,8205,2024-01-12,21,0.0005339722155615115
output_clip_01,ASYM,8205,2024-01-12,22,0.0006040754451943271
output_clip_01,ASYM,8205,2024-01-12,23,0.0005808388192351906
output_clip_01,ASYM,8205,2024-01-12,24,0.000578156390341451
output_clip_01,ASYM,8205,2024-05-08,1,0.000110502295785349
output_clip_01,ASYM,8205,2024-05-08,2,0.00012917150887309725
output_clip_01,ASYM,8205,2024-05-08,3,0.00015863006838775088
output_clip_01,ASYM,8205,2024-05-08,4,0.00017262261499659994
output_clip_01,ASYM,8205,2024-05-08,5,0.00016100313145695134
output_clip_01,ASYM,8205,2024-05-08,6,0.00020729065141952675
output_clip_01,ASYM,8205,2024-05-08,7,0.0002726701534774531
output_clip_01,ASYM,8205,2024-05-08,8,0.00022682168547410422
output_clip_01,ASYM,8205,2024-05-08,9,0.000253222531460034
output_clip_01,ASYM,8205,2024-05-08,10,0.0002597939592850845
output_clip_01,ASYM,8205,2024-05-08,11,0.0002461149880528072
output_clip_01,ASYM,8205,2024-05-08,12,0.0002925415624911923
output_clip_01,ASYM,8205,2024-05-08,13,0.0003618985920759879
output_clip_01,ASYM,8205,2024-05-08,14,0.0003230377487713814
output_clip_01,ASYM,8205,2024-05-08,15,0.0003505601134179452
output_clip_01,ASYM,8205,2024-05-08,16,0.00034341916806153493
output_clip_01,ASYM,8205,2024-05-08,17,0.00032349477352859693
output_clip_01,ASYM,8205,2024-05-08,18,0.00036737185021576386
output_clip_01,ASYM,8205,2024-05-08,19,0.00042929849724773425
output_clip_01,ASYM,8205,2024-05-08,20,0.0003829356201427514
output_clip_01,ASYM,8205,2024-05-08,21,0.0004017519746620895
output_clip_01,ASYM,8205,2024-05-08,22,0.00038872450604819105
output_clip_01,ASYM,8205,2024-05-08,23,0.00036108309319224325
output_clip_01,ASYM,8205,2024-05-08,24,0.0003950257839660013
output_clip_01,ASYM,8205,2024-05-26,1,0.00032171474956963473
output_clip_01,ASYM,8205,2024-05-26,2,0.000790541795743468
output_clip_01,ASYM,8205,2024-05-26,3,0.0011937861933054928
output_clip_01,ASYM,8205,2024-05-26,4,0.001633775832437831
output_clip_01,ASYM,8205,2024-05-26,5,0.001984961835977418
output_clip_01,ASYM,8205,2024-05-26,6,0.002087936124525568
output_clip_01,ASYM,8205,2024-05-26,7,0.002172595448247868
output_clip_01,ASYM,8205,2024-05-26,8,0.0025246259437623434
output_clip_01,ASYM,8205,2024-05-26,9,0.002762649252567518
output_clip_01,ASYM,8205,2024-05-26,10,0.0031103134524260354
output_clip_01,ASYM,8205,2024-05-26,11,0.003396279074368582
output_clip_01,ASYM,8205,2024-05-26,12,0.00341463638498877
output_clip_01,ASYM,8205,2024-05-26,13,0.0034144965529761028
output_clip_01,ASYM,8205,2024-05-26,14,0.0036384401016000974
output_clip_01,ASYM,8205,2024-05-26,15,0.003801235265739607
output_clip_01,ASYM,8205,2024-05-26,16,0.004140069580974733
output_clip_01,ASYM,8205,2024-05-26,17,0.004378555726336635
output_clip_01,ASYM,8205,2024-05-26,18,0.004430318948533324
output_clip_01,ASYM,8205,2024-05-26,19,0.004386585258228601
output_clip_01,ASYM,8205,2024-05-26,20,0.004387367404164678
output_clip_01,ASYM,8205,2024-05-26,21,0.004527389252532584
output_clip_01,ASYM,8205,2024-05-26,22,0.004841772300977401
output_clip_01,ASYM,8205,2024-05-26,23,0.005043348198924983
output_clip_01,ASYM,8205,2024-05-26,24,0.005064015412719091
output_clip_01,ASYM,8205,2024-06-26,1,8.104714545070405e-05
output_clip_01,ASYM,8205,2024-06-26,2,0.00010414744536903473
output_clip_01,ASYM,8205,2024-06-26,3,8.096309320844775e-05
output_clip_01,ASYM,8205,2024-06-26,4,0.0001082477931765416
output_clip_01,ASYM,8205,2024-06-26,5,0.00021713963356199655
output_clip_01,ASYM,8205,2024-06-26,6,0.00026531518367789507
output_clip_01,ASYM,8205,2024-06-26,7,0.00018132789777218123
output_clip_01,ASYM,8205,2024-06-26,8,0.00021105220414803296
output_clip_01,ASYM,8205,2024-06-26,9,0.0002354889860173255
output_clip_01,ASYM,8205,2024-06-26,10,0.00023371474761819046
output_clip_01,ASYM,8205,2024-06-26,11,0.0002494783518258979
output_clip_01,ASYM,8205,2024-06-26,12,0.0003402886164693258
output_clip_01,ASYM,8205,2024-06-26,13,0.00024263620406869224
output_clip_01,ASYM,8205,2024-06-26,14,0.0002624639219695367
output_clip_01,ASYM,8205,2024-06-26,15,0.0002867312554104057
output_clip_01,ASYM,8205,2024-06-26,16,0.00027320329460445267
output_clip_01,ASYM,8205,2024-06-26,17,0.0002792795021481832
output_clip_01,ASYM,8205,2024-06-26,18,0.0003846781121373243
output_clip_01,ASYM,8205,2024-06-26,19,0.00028438495892053254
output_clip_01,ASYM,8205,2024-06-26,20,0.00030148049975652465
output_clip_01,ASYM,8205,2024-06-26,21,0.00032036826311067536
output_clip_01,ASYM,8205,2024-06-26,22,0.0003043294436699019
output_clip_01,ASYM,8205,2024-06-26,23,0.00030692357514907194
output_clip_01,ASYM,8205,2024-06-26,24,0.00040898427934895395
output_clip_01,ASYM,8205,2024-09-27,1,0.0004303395542827813
output_clip_01,ASYM,8205,2024-09-27,2,0.0012040096607712513
output_clip_01,ASYM,8205,2024-09-27,3,0.0019470311346357115
output_clip_01,ASYM,8205,2024-09-27,4,0.002659517374525781
output_clip_01,ASYM,8205,2024-09-27,5,0.0038149799206625788
output_clip_01,ASYM,8205,2024-09-27,6,0.004413211210542972
output_clip_01,ASYM,8205,2024-09-27,7,0.004972941869339077
output_clip_01,ASYM,8205,2024-09-27,8,0.005676054265247638
output_clip_01,ASYM,8205,2024-09-27,9,0.006573472618033018
output_clip_01,ASYM,8205,2024-09-27,10,0.007044587664797452
output_clip_01,ASYM,8205,2024-09-27,11,0.007728005749517618
output_clip_01,ASYM,8205,2024-09-27,12,0.00819634634181579
output_clip_01,ASYM,8205,2024-09-27,13,0.008549757215507396
output_clip_01,ASYM,8205,2024-09-27,14,0.008983514830847604
output_clip_01,ASYM,8205,2024-09-27,15,0.009712976122999569
output_clip_01,ASYM,8205,2024-09-27,16,0.010124238027037501
output_clip_01,ASYM,8205,2024-09-27,17,0.010769073350234819
output_clip_01,ASYM,8205,2024-09-27,18,0.011357990170135049
output_clip_01,ASYM,8205,2024-09-27,19,0.011629453758174178
output_clip_01,ASYM,8205,2024-09-27,20,0.012022778913474733
output_clip_01,ASYM,8205,2024-09-27,21,0.012830353359803346
output_clip_01,ASYM,8205,2024-09-27,22,0.013293572802570658
output_clip_01,ASYM,8205,2024-09-27,23,0.014097671486589457
output_clip_01,ASYM,8205,2024-09-27,24,0.014655061733360683
